Area,Year,Item,Import,Export,Production,is_outlier_Import,is_outlier_Export,is_outlier_Production
Afghanistan,2014,"Cloves (whole stems), raw",0.08,0.0,0.0,False,False,False
Afghanistan,2015,"Cloves (whole stems), raw",2.72,0.0,0.0,False,False,False
Afghanistan,2016,"Cloves (whole stems), raw",0.16,0.0,0.0,False,False,False
Afghanistan,2018,"Cloves (whole stems), raw",7.0,0.02,0.0,False,False,False
Afghanistan,2019,"Cloves (whole stems), raw",45.76,0.0,0.0,False,False,False
Afghanistan,2020,"Cloves (whole stems), raw",47.77,2.3,0.0,False,False,False
Afghanistan,2021,"Cloves (whole stems), raw",44.84,1.01,0.0,False,False,False
Afghanistan,2022,"Cloves (whole stems), raw",170.14,8.15,0.0,False,True,False
Afghanistan,2023,"Cloves (whole stems), raw",148.8,3.0,0.0,False,False,False
Albania,1999,"Cloves (whole stems), raw",0.0,0.0,0.0,False,False,False
Albania,2000,"Cloves (whole stems), raw",0.0,0.0,0.0,False,False,False
Albania,2001,"Cloves (whole stems), raw",0.0,0.0,0.0,False,False,False
Albania,2002,"Cloves (whole stems), raw",1.0,0.0,0.0,False,False,False
Albania,2003,"Cloves (whole stems), raw",0.0,0.0,0.0,False,False,False
Albania,2004,"Cloves (whole stems), raw",0.0,0.0,0.0,False,False,False
Albania,2005,"Cloves (whole stems), raw",2.0,0.0,0.0,False,False,False
Albania,2006,"Cloves (whole stems), raw",0.0,0.0,0.0,False,False,False
Albania,2007,"Cloves (whole stems), raw",1.0,0.0,0.0,False,False,False
Albania,2008,"Cloves (whole stems), raw",1.0,0.0,0.0,False,False,False
Albania,2009,"Cloves (whole stems), raw",1.0,0.0,0.0,False,False,False
Albania,2010,"Cloves (whole stems), raw",1.0,0.0,0.0,False,False,False
Albania,2011,"Cloves (whole stems), raw",1.0,0.0,0.0,False,False,False
Albania,2012,"Cloves (whole stems), raw",1.0,0.0,0.0,False,False,False
Albania,2013,"Cloves (whole stems), raw",1.0,0.0,0.0,False,False,False
Albania,2015,"Cloves (whole stems), raw",0.52,0.0,0.0,False,False,False
Albania,2017,"Cloves (whole stems), raw",0.65,0.0,0.0,False,False,False
Albania,2018,"Cloves (whole stems), raw",0.39,0.0,0.0,False,False,False
Albania,2019,"Cloves (whole stems), raw",0.43,0.0,0.0,False,False,False
Albania,2020,"Cloves (whole stems), raw",3.04,0.0,0.0,False,False,False
Albania,2021,"Cloves (whole stems), raw",1.12,0.0,0.0,False,False,False
Albania,2022,"Cloves (whole stems), raw",7.76,0.0,0.0,False,False,False
Albania,2023,"Cloves (whole stems), raw",5.86,0.1,0.0,False,True,False
Algeria,1993,"Cloves (whole stems), raw",110.0,0.0,0.0,False,False,False
Algeria,1994,"Cloves (whole stems), raw",110.0,0.0,0.0,False,False,False
Algeria,1995,"Cloves (whole stems), raw",123.0,0.0,0.0,False,False,False
Algeria,1996,"Cloves (whole stems), raw",76.0,0.0,0.0,False,False,False
Algeria,1997,"Cloves (whole stems), raw",117.0,0.0,0.0,False,False,False
Algeria,1998,"Cloves (whole stems), raw",130.0,0.0,0.0,False,False,False
Algeria,1999,"Cloves (whole stems), raw",23.0,0.0,0.0,False,False,False
Algeria,2000,"Cloves (whole stems), raw",68.0,0.0,0.0,False,False,False
Algeria,2001,"Cloves (whole stems), raw",44.0,0.0,0.0,False,False,False
Algeria,2002,"Cloves (whole stems), raw",110.0,0.0,0.0,False,False,False
Algeria,2003,"Cloves (whole stems), raw",77.0,0.0,0.0,False,False,False
Algeria,2004,"Cloves (whole stems), raw",83.0,0.0,0.0,False,False,False
Algeria,2005,"Cloves (whole stems), raw",100.0,0.0,0.0,False,False,False
Algeria,2006,"Cloves (whole stems), raw",72.0,0.0,0.0,False,False,False
Algeria,2007,"Cloves (whole stems), raw",134.0,0.0,0.0,False,False,False
Algeria,2008,"Cloves (whole stems), raw",123.0,0.0,0.0,False,False,False
Algeria,2009,"Cloves (whole stems), raw",101.0,0.0,0.0,False,False,False
Algeria,2010,"Cloves (whole stems), raw",62.0,0.0,0.0,False,False,False
Algeria,2011,"Cloves (whole stems), raw",120.0,0.0,0.0,False,False,False
Algeria,2012,"Cloves (whole stems), raw",92.0,0.0,0.0,False,False,False
Algeria,2013,"Cloves (whole stems), raw",182.0,0.0,0.0,False,False,False
Algeria,2014,"Cloves (whole stems), raw",153.66,0.0,0.0,False,False,False
Algeria,2015,"Cloves (whole stems), raw",126.41,0.0,0.0,False,False,False
Algeria,2016,"Cloves (whole stems), raw",119.93,0.0,0.0,False,False,False
Algeria,2017,"Cloves (whole stems), raw",112.69,0.0,0.0,False,False,False
Algeria,2018,"Cloves (whole stems), raw",83.89,0.0,0.0,False,False,False
Algeria,2019,"Cloves (whole stems), raw",234.08,0.0,0.0,False,False,False
Algeria,2020,"Cloves (whole stems), raw",1539.55,0.0,0.0,True,False,False
Algeria,2021,"Cloves (whole stems), raw",143.48,0.05,0.0,False,True,False
Algeria,2022,"Cloves (whole stems), raw",131.13,0.0,0.0,False,False,False
Algeria,2023,"Cloves (whole stems), raw",156.68,0.0,0.0,False,False,False
Angola,1993,"Cloves (whole stems), raw",0.0,0.0,0.0,False,False,False
Angola,1994,"Cloves (whole stems), raw",0.0,0.0,0.0,False,False,False
Angola,1995,"Cloves (whole stems), raw",0.0,0.0,0.0,False,False,False
Angola,1996,"Cloves (whole stems), raw",0.0,0.0,0.0,False,False,False
Angola,1997,"Cloves (whole stems), raw",0.0,0.0,0.0,False,False,False
Angola,1998,"Cloves (whole stems), raw",0.0,0.0,0.0,False,False,False
Angola,1999,"Cloves (whole stems), raw",0.0,0.0,0.0,False,False,False
Angola,2000,"Cloves (whole stems), raw",0.0,0.0,0.0,False,False,False
Angola,2001,"Cloves (whole stems), raw",0.0,0.0,0.0,False,False,False
Angola,2002,"Cloves (whole stems), raw",0.0,0.0,0.0,False,False,False
Angola,2003,"Cloves (whole stems), raw",12.0,0.0,0.0,False,False,False
Angola,2004,"Cloves (whole stems), raw",6.0,0.0,0.0,False,False,False
Angola,2005,"Cloves (whole stems), raw",2.0,0.0,0.0,False,False,False
Angola,2006,"Cloves (whole stems), raw",5.0,0.0,0.0,False,False,False
Angola,2007,"Cloves (whole stems), raw",2.0,0.0,0.0,False,False,False
Angola,2008,"Cloves (whole stems), raw",2.0,0.0,0.0,False,False,False
Angola,2009,"Cloves (whole stems), raw",1.0,0.0,0.0,False,False,False
Angola,2010,"Cloves (whole stems), raw",0.0,0.0,0.0,False,False,False
Angola,2011,"Cloves (whole stems), raw",0.0,0.0,0.0,False,False,False
Angola,2012,"Cloves (whole stems), raw",1.0,0.0,0.0,False,False,False
Angola,2013,"Cloves (whole stems), raw",1.0,0.0,0.0,False,False,False
Angola,2014,"Cloves (whole stems), raw",1.59,0.0,0.0,False,False,False
Angola,2015,"Cloves (whole stems), raw",20.56,0.0,0.0,True,False,False
Angola,2016,"Cloves (whole stems), raw",1.18,0.0,0.0,False,False,False
Angola,2017,"Cloves (whole stems), raw",2.42,0.0,0.0,False,False,False
Angola,2018,"Cloves (whole stems), raw",3.16,0.0,0.0,False,False,False
Angola,2019,"Cloves (whole stems), raw",16.7,0.0,0.0,False,False,False
Angola,2020,"Cloves (whole stems), raw",20.27,0.0,0.0,False,False,False
Angola,2021,"Cloves (whole stems), raw",20.56,0.0,0.0,False,False,False
Angola,2022,"Cloves (whole stems), raw",25.32,0.01,0.0,False,True,False
Angola,2023,"Cloves (whole stems), raw",3.7,0.0,0.0,True,False,False
Antigua and Barbuda,2005,"Cloves (whole stems), raw",2.0,0.0,0.0,True,False,False
Antigua and Barbuda,2006,"Cloves (whole stems), raw",0.0,0.0,0.0,False,False,False
Antigua and Barbuda,2007,"Cloves (whole stems), raw",0.0,0.0,0.0,False,False,False
Antigua and Barbuda,2008,"Cloves (whole stems), raw",0.0,0.0,0.0,False,False,False
Antigua and Barbuda,2009,"Cloves (whole stems), raw",0.0,0.0,0.0,False,False,False
Antigua and Barbuda,2010,"Cloves (whole stems), raw",0.0,0.0,0.0,False,False,False
Antigua and Barbuda,2011,"Cloves (whole stems), raw",2.0,0.0,0.0,False,False,False
Antigua and Barbuda,2012,"Cloves (whole stems), raw",13.0,0.0,0.0,True,False,False
Antigua and Barbuda,2013,"Cloves (whole stems), raw",4.0,0.0,0.0,False,False,False
Antigua and Barbuda,2014,"Cloves (whole stems), raw",2.89,0.0,0.0,False,False,False
Antigua and Barbuda,2015,"Cloves (whole stems), raw",3.5,0.0,0.0,False,False,False
Antigua and Barbuda,2016,"Cloves (whole stems), raw",2.54,0.0,0.0,False,False,False
Antigua and Barbuda,2017,"Cloves (whole stems), raw",8.65,0.0,0.0,False,False,False
Antigua and Barbuda,2018,"Cloves (whole stems), raw",9.97,0.0,0.0,False,False,False
Antigua and Barbuda,2019,"Cloves (whole stems), raw",6.31,0.0,0.0,False,False,False
Antigua and Barbuda,2020,"Cloves (whole stems), raw",6.6,0.0,0.0,False,False,False
Antigua and Barbuda,2021,"Cloves (whole stems), raw",8.52,0.0,0.0,False,False,False
Antigua and Barbuda,2022,"Cloves (whole stems), raw",8.09,0.0,0.0,False,False,False
Antigua and Barbuda,2023,"Cloves (whole stems), raw",8.18,0.0,0.0,False,False,False
Argentina,1993,"Cloves (whole stems), raw",31.0,0.0,0.0,False,False,False
Argentina,1994,"Cloves (whole stems), raw",22.0,0.0,0.0,False,False,False
Argentina,1995,"Cloves (whole stems), raw",41.0,0.0,0.0,False,False,False
Argentina,1996,"Cloves (whole stems), raw",7.0,0.0,0.0,False,False,False
Argentina,1997,"Cloves (whole stems), raw",63.0,0.0,0.0,False,False,False
Argentina,1998,"Cloves (whole stems), raw",23.0,0.0,0.0,False,False,False
Argentina,1999,"Cloves (whole stems), raw",19.0,1.0,0.0,False,False,False
Argentina,2000,"Cloves (whole stems), raw",39.57,0.34,0.0,False,False,False
Argentina,2001,"Cloves (whole stems), raw",24.0,1.0,0.0,False,False,False
Argentina,2002,"Cloves (whole stems), raw",20.0,0.0,0.0,False,False,False
Argentina,2003,"Cloves (whole stems), raw",36.0,0.0,0.0,False,False,False
Argentina,2004,"Cloves (whole stems), raw",20.0,1.0,0.0,False,False,False
Argentina,2005,"Cloves (whole stems), raw",26.0,1.0,0.0,False,False,False
Argentina,2006,"Cloves (whole stems), raw",47.0,1.0,0.0,False,False,False
Argentina,2007,"Cloves (whole stems), raw",38.0,0.0,0.0,False,False,False
Argentina,2008,"Cloves (whole stems), raw",24.0,0.0,0.0,False,False,False
Argentina,2009,"Cloves (whole stems), raw",30.0,0.0,0.0,False,False,False
Argentina,2010,"Cloves (whole stems), raw",48.0,2.0,0.0,False,True,False
Argentina,2011,"Cloves (whole stems), raw",19.0,0.0,0.0,False,False,False
Argentina,2012,"Cloves (whole stems), raw",37.0,0.0,0.0,False,False,False
Argentina,2013,"Cloves (whole stems), raw",47.0,1.0,0.0,False,False,False
Argentina,2014,"Cloves (whole stems), raw",58.96,0.6,0.0,False,False,False
Argentina,2015,"Cloves (whole stems), raw",36.9,0.55,0.0,False,False,False
Argentina,2016,"Cloves (whole stems), raw",28.17,0.0,0.0,False,False,False
Argentina,2017,"Cloves (whole stems), raw",44.36,0.8,0.0,False,False,False
Argentina,2018,"Cloves (whole stems), raw",36.38,0.0,0.0,False,False,False
Argentina,2019,"Cloves (whole stems), raw",46.84,0.0,0.0,False,False,False
Argentina,2020,"Cloves (whole stems), raw",71.92,0.0,0.0,False,False,False
Argentina,2021,"Cloves (whole stems), raw",42.4,0.0,0.0,False,False,False
Argentina,2022,"Cloves (whole stems), raw",66.95,0.0,0.0,False,False,False
Argentina,2023,"Cloves (whole stems), raw",56.99,0.0,0.0,False,False,False
Armenia,2000,"Cloves (whole stems), raw",0.0,0.0,0.0,False,False,False
Armenia,2001,"Cloves (whole stems), raw",0.0,0.0,0.0,False,False,False
Armenia,2002,"Cloves (whole stems), raw",1.0,0.0,0.0,False,False,False
Armenia,2003,"Cloves (whole stems), raw",2.0,0.0,0.0,False,False,False
Armenia,2004,"Cloves (whole stems), raw",1.0,0.0,0.0,False,False,False
Armenia,2005,"Cloves (whole stems), raw",2.0,0.0,0.0,False,False,False
Armenia,2006,"Cloves (whole stems), raw",2.0,0.0,0.0,False,False,False
Armenia,2007,"Cloves (whole stems), raw",0.0,0.0,0.0,False,False,False
Armenia,2008,"Cloves (whole stems), raw",1.0,0.0,0.0,False,False,False
Armenia,2009,"Cloves (whole stems), raw",1.0,0.0,0.0,False,False,False
Armenia,2010,"Cloves (whole stems), raw",2.0,0.0,0.0,False,False,False
Armenia,2011,"Cloves (whole stems), raw",2.0,0.0,0.0,False,False,False
Armenia,2012,"Cloves (whole stems), raw",2.0,0.0,0.0,False,False,False
Armenia,2013,"Cloves (whole stems), raw",2.0,0.0,0.0,False,False,False
Armenia,2014,"Cloves (whole stems), raw",2.22,0.0,0.0,False,False,False
Armenia,2015,"Cloves (whole stems), raw",0.32,0.0,0.0,False,False,False
Armenia,2017,"Cloves (whole stems), raw",7.38,0.0,0.0,False,False,False
Armenia,2018,"Cloves (whole stems), raw",9.72,0.0,0.0,False,False,False
Armenia,2019,"Cloves (whole stems), raw",6.33,0.0,0.0,False,False,False
Armenia,2020,"Cloves (whole stems), raw",10.23,0.05,0.0,False,False,False
Armenia,2021,"Cloves (whole stems), raw",8.22,0.05,0.0,False,False,False
Armenia,2022,"Cloves (whole stems), raw",7.86,0.05,0.0,False,False,False
Armenia,2023,"Cloves (whole stems), raw",10.53,0.09,0.0,False,True,False
Australia,1993,"Cloves (whole stems), raw",33.0,2.0,0.0,True,False,False
Australia,1994,"Cloves (whole stems), raw",65.0,3.0,0.0,False,False,False
Australia,1995,"Cloves (whole stems), raw",64.0,0.0,0.0,False,False,False
Australia,1996,"Cloves (whole stems), raw",60.0,1.0,0.0,False,False,False
Australia,1997,"Cloves (whole stems), raw",70.0,0.0,0.0,False,False,False
Australia,1998,"Cloves (whole stems), raw",60.0,21.0,0.0,False,True,False
Australia,1999,"Cloves (whole stems), raw",58.0,4.0,0.0,False,False,False
Australia,2000,"Cloves (whole stems), raw",79.0,0.0,0.0,False,False,False
Australia,2001,"Cloves (whole stems), raw",59.0,0.0,0.0,False,False,False
Australia,2002,"Cloves (whole stems), raw",137.0,2.0,0.0,False,False,False
Australia,2003,"Cloves (whole stems), raw",138.0,3.0,0.0,False,False,False
Australia,2004,"Cloves (whole stems), raw",97.0,5.0,0.0,False,False,False
Australia,2005,"Cloves (whole stems), raw",70.0,10.0,0.0,False,True,False
Australia,2006,"Cloves (whole stems), raw",71.0,3.0,0.0,False,False,False
Australia,2007,"Cloves (whole stems), raw",79.0,5.0,0.0,False,False,False
Australia,2008,"Cloves (whole stems), raw",97.0,2.0,0.0,False,False,False
Australia,2009,"Cloves (whole stems), raw",98.0,8.0,0.0,False,True,False
Australia,2010,"Cloves (whole stems), raw",93.0,1.0,0.0,False,False,False
Australia,2011,"Cloves (whole stems), raw",83.0,0.0,0.0,False,False,False
Australia,2012,"Cloves (whole stems), raw",126.0,2.0,0.0,False,False,False
Australia,2013,"Cloves (whole stems), raw",222.0,3.0,0.0,False,False,False
Australia,2014,"Cloves (whole stems), raw",271.39,8.41,0.0,False,False,False
Australia,2015,"Cloves (whole stems), raw",316.95,17.2,0.0,False,False,False
Australia,2016,"Cloves (whole stems), raw",335.7,32.11,0.0,False,True,False
Australia,2017,"Cloves (whole stems), raw",177.86,11.49,0.0,False,False,False
Australia,2018,"Cloves (whole stems), raw",144.94,8.19,0.0,False,False,False
Australia,2019,"Cloves (whole stems), raw",179.15,7.15,0.0,False,False,False
Australia,2020,"Cloves (whole stems), raw",178.21,6.68,0.0,False,False,False
Australia,2021,"Cloves (whole stems), raw",165.94,4.91,0.0,False,False,False
Australia,2022,"Cloves (whole stems), raw",213.59,6.76,0.0,True,False,False
Australia,2023,"Cloves (whole stems), raw",145.15,2.77,0.0,False,False,False
Austria,1993,"Cloves (whole stems), raw",37.0,6.0,0.0,False,False,False
Austria,1994,"Cloves (whole stems), raw",65.0,1.0,0.0,False,False,False
Austria,1995,"Cloves (whole stems), raw",102.0,5.0,0.0,False,False,False
Austria,1996,"Cloves (whole stems), raw",56.0,1.0,0.0,False,False,False
Austria,1997,"Cloves (whole stems), raw",124.0,5.0,0.0,False,False,False
Austria,1998,"Cloves (whole stems), raw",79.0,5.0,0.0,False,False,False
Austria,1999,"Cloves (whole stems), raw",42.0,6.0,0.0,False,False,False
Austria,2000,"Cloves (whole stems), raw",80.0,9.0,0.0,False,False,False
Austria,2001,"Cloves (whole stems), raw",42.0,19.0,0.0,False,False,False
Austria,2002,"Cloves (whole stems), raw",97.0,59.0,0.0,False,False,False
Austria,2003,"Cloves (whole stems), raw",85.0,50.0,0.0,False,False,False
Austria,2004,"Cloves (whole stems), raw",89.0,27.0,0.0,False,False,False
Austria,2005,"Cloves (whole stems), raw",77.0,33.0,0.0,False,False,False
Austria,2006,"Cloves (whole stems), raw",97.0,32.0,0.0,False,False,False
Austria,2007,"Cloves (whole stems), raw",78.0,31.0,0.0,False,False,False
Austria,2008,"Cloves (whole stems), raw",77.0,38.0,0.0,False,False,False
Austria,2009,"Cloves (whole stems), raw",102.0,48.0,0.0,False,False,False
Austria,2010,"Cloves (whole stems), raw",133.0,57.0,0.0,True,False,False
Austria,2011,"Cloves (whole stems), raw",92.0,55.0,0.0,False,False,False
Austria,2012,"Cloves (whole stems), raw",99.0,45.0,0.0,False,False,False
Austria,2013,"Cloves (whole stems), raw",91.0,42.0,0.0,False,False,False
Austria,2014,"Cloves (whole stems), raw",134.75,40.38,0.0,True,False,False
Austria,2015,"Cloves (whole stems), raw",118.52,40.41,0.0,False,False,False
Austria,2016,"Cloves (whole stems), raw",98.12,39.65,0.0,False,False,False
Austria,2017,"Cloves (whole stems), raw",99.63,40.7,0.0,False,False,False
Austria,2018,"Cloves (whole stems), raw",89.74,44.43,0.0,False,False,False
Austria,2019,"Cloves (whole stems), raw",119.53,46.79,0.0,False,False,False
Austria,2020,"Cloves (whole stems), raw",133.4,50.1,0.0,False,False,False
Austria,2021,"Cloves (whole stems), raw",136.28,58.2,0.0,False,False,False
Austria,2022,"Cloves (whole stems), raw",135.73,74.8,0.0,False,False,False
Austria,2023,"Cloves (whole stems), raw",130.45,63.29,0.0,False,False,False
Azerbaijan,2007,"Cloves (whole stems), raw",1.0,0.0,0.0,False,False,False
Azerbaijan,2008,"Cloves (whole stems), raw",1.0,0.0,0.0,False,False,False
Azerbaijan,2009,"Cloves (whole stems), raw",1.0,0.0,0.0,False,False,False
Azerbaijan,2010,"Cloves (whole stems), raw",2.0,0.0,0.0,False,False,False
Azerbaijan,2011,"Cloves (whole stems), raw",3.0,0.0,0.0,False,False,False
Azerbaijan,2012,"Cloves (whole stems), raw",5.0,0.0,0.0,False,False,False
Azerbaijan,2013,"Cloves (whole stems), raw",4.0,0.0,0.0,False,False,False
Azerbaijan,2014,"Cloves (whole stems), raw",7.1,0.0,0.0,False,False,False
Azerbaijan,2015,"Cloves (whole stems), raw",19.02,0.0,0.0,False,False,False
Azerbaijan,2016,"Cloves (whole stems), raw",25.65,0.0,0.0,False,False,False
Azerbaijan,2017,"Cloves (whole stems), raw",47.77,0.0,0.0,False,False,False
Azerbaijan,2018,"Cloves (whole stems), raw",40.19,0.0,0.0,False,False,False
Azerbaijan,2019,"Cloves (whole stems), raw",71.61,0.0,0.0,False,False,False
Azerbaijan,2020,"Cloves (whole stems), raw",79.38,0.01,0.0,False,False,False
Azerbaijan,2021,"Cloves (whole stems), raw",65.33,0.04,0.0,False,True,False
Azerbaijan,2022,"Cloves (whole stems), raw",124.92,0.0,0.0,True,False,False
Azerbaijan,2023,"Cloves (whole stems), raw",40.3,0.0,0.0,False,False,False
Bahamas,1993,"Cloves (whole stems), raw",0.0,0.0,0.0,False,False,False
Bahamas,1994,"Cloves (whole stems), raw",1.0,0.0,0.0,False,False,False
Bahamas,1997,"Cloves (whole stems), raw",1.0,0.0,0.0,False,False,False
Bahamas,1998,"Cloves (whole stems), raw",0.0,0.0,0.0,False,False,False
Bahamas,1999,"Cloves (whole stems), raw",0.0,0.0,0.0,False,False,False
Bahamas,2000,"Cloves (whole stems), raw",2.0,0.0,0.0,False,False,False
Bahamas,2001,"Cloves (whole stems), raw",2.0,0.0,0.0,False,False,False
Bahamas,2002,"Cloves (whole stems), raw",0.0,0.0,0.0,False,False,False
Bahamas,2003,"Cloves (whole stems), raw",0.0,0.0,0.0,False,False,False
Bahamas,2004,"Cloves (whole stems), raw",0.0,0.0,0.0,False,False,False
Bahamas,2005,"Cloves (whole stems), raw",1.0,0.0,0.0,False,False,False
Bahamas,2006,"Cloves (whole stems), raw",2.0,0.0,0.0,False,False,False
Bahamas,2007,"Cloves (whole stems), raw",1.0,0.0,0.0,False,False,False
Bahamas,2008,"Cloves (whole stems), raw",1.0,0.0,0.0,False,False,False
Bahamas,2009,"Cloves (whole stems), raw",2.0,0.0,0.0,False,False,False
Bahamas,2010,"Cloves (whole stems), raw",2.0,0.0,0.0,False,False,False
Bahamas,2011,"Cloves (whole stems), raw",2.0,0.0,0.0,False,False,False
Bahamas,2012,"Cloves (whole stems), raw",5.0,0.0,0.0,False,False,False
Bahamas,2013,"Cloves (whole stems), raw",4.0,0.0,0.0,False,False,False
Bahamas,2014,"Cloves (whole stems), raw",2.96,0.0,0.0,False,False,False
Bahamas,2015,"Cloves (whole stems), raw",3.36,0.0,0.0,False,False,False
Bahamas,2016,"Cloves (whole stems), raw",2.83,0.0,0.0,False,False,False
Bahamas,2017,"Cloves (whole stems), raw",11.62,0.0,0.0,False,False,False
Bahamas,2018,"Cloves (whole stems), raw",20.73,0.0,0.0,True,False,False
Bahamas,2019,"Cloves (whole stems), raw",3.68,0.0,0.0,False,False,False
Bahamas,2020,"Cloves (whole stems), raw",0.88,0.0,0.0,False,False,False
Bahamas,2021,"Cloves (whole stems), raw",1.82,0.0,0.0,False,False,False
Bahamas,2022,"Cloves (whole stems), raw",2.31,0.0,0.0,False,False,False
Bahamas,2023,"Cloves (whole stems), raw",3.17,0.0,0.0,False,False,False
Bahrain,1993,"Cloves (whole stems), raw",33.0,0.0,0.0,False,False,False
Bahrain,1994,"Cloves (whole stems), raw",33.0,0.0,0.0,False,False,False
Bahrain,1995,"Cloves (whole stems), raw",33.0,0.0,0.0,False,False,False
Bahrain,1996,"Cloves (whole stems), raw",33.0,0.0,0.0,False,False,False
Bahrain,1997,"Cloves (whole stems), raw",49.0,0.0,0.0,False,False,False
Bahrain,1998,"Cloves (whole stems), raw",1.0,0.0,0.0,False,False,False
Bahrain,1999,"Cloves (whole stems), raw",0.0,0.0,0.0,False,False,False
Bahrain,2000,"Cloves (whole stems), raw",8.81,0.19,0.0,False,False,False
Bahrain,2001,"Cloves (whole stems), raw",30.0,0.0,0.0,False,False,False
Bahrain,2002,"Cloves (whole stems), raw",39.0,1.0,0.0,False,False,False
Bahrain,2003,"Cloves (whole stems), raw",20.0,0.0,0.0,False,False,False
Bahrain,2004,"Cloves (whole stems), raw",28.0,5.0,0.0,False,True,False
Bahrain,2005,"Cloves (whole stems), raw",35.0,0.0,0.0,False,False,False
Bahrain,2006,"Cloves (whole stems), raw",10.0,2.0,0.0,False,False,False
Bahrain,2007,"Cloves (whole stems), raw",23.0,1.0,0.0,False,False,False
Bahrain,2008,"Cloves (whole stems), raw",80.0,1.0,0.0,False,False,False
Bahrain,2009,"Cloves (whole stems), raw",63.0,1.0,0.0,False,False,False
Bahrain,2010,"Cloves (whole stems), raw",35.0,0.0,0.0,False,True,False
Bahrain,2011,"Cloves (whole stems), raw",40.0,1.0,0.0,False,False,False
Bahrain,2012,"Cloves (whole stems), raw",60.0,1.0,0.0,False,False,False
Bahrain,2013,"Cloves (whole stems), raw",44.0,1.0,0.0,False,False,False
Bahrain,2014,"Cloves (whole stems), raw",73.56,3.52,0.0,False,True,False
Bahrain,2015,"Cloves (whole stems), raw",71.89,0.71,0.0,False,False,False
Bahrain,2016,"Cloves (whole stems), raw",87.43,1.29,0.0,False,False,False
Bahrain,2017,"Cloves (whole stems), raw",85.39,0.2,0.0,False,False,False
Bahrain,2018,"Cloves (whole stems), raw",90.48,0.0,0.0,False,False,False
Bahrain,2019,"Cloves (whole stems), raw",94.63,0.06,0.0,False,False,False
Bahrain,2020,"Cloves (whole stems), raw",65.82,1.83,0.0,False,False,False
Bahrain,2021,"Cloves (whole stems), raw",94.47,1.62,0.0,False,False,False
Bahrain,2022,"Cloves (whole stems), raw",97.38,2.94,0.0,False,True,False
Bahrain,2023,"Cloves (whole stems), raw",66.55,2.11,0.0,False,False,False
Bangladesh,1993,"Cloves (whole stems), raw",432.0,0.0,0.0,False,False,False
Bangladesh,1994,"Cloves (whole stems), raw",104.0,0.0,0.0,False,False,False
Bangladesh,1995,"Cloves (whole stems), raw",224.0,0.0,0.0,False,False,False
Bangladesh,1996,"Cloves (whole stems), raw",186.0,0.0,0.0,False,False,False
Bangladesh,1997,"Cloves (whole stems), raw",360.0,0.0,0.0,False,False,False
Bangladesh,1998,"Cloves (whole stems), raw",0.0,0.0,0.0,False,False,False
Bangladesh,1999,"Cloves (whole stems), raw",0.0,0.0,0.0,False,False,False
Bangladesh,2000,"Cloves (whole stems), raw",120.0,0.0,0.0,False,False,False
Bangladesh,2001,"Cloves (whole stems), raw",440.0,0.0,0.0,False,False,False
Bangladesh,2002,"Cloves (whole stems), raw",776.0,0.0,0.0,False,False,False
Bangladesh,2003,"Cloves (whole stems), raw",1238.0,0.0,0.0,False,False,False
Bangladesh,2004,"Cloves (whole stems), raw",859.0,0.0,0.0,False,False,False
Bangladesh,2005,"Cloves (whole stems), raw",1036.0,549.0,0.0,False,True,False
Bangladesh,2006,"Cloves (whole stems), raw",940.0,163.0,0.0,False,False,False
Bangladesh,2007,"Cloves (whole stems), raw",1252.0,47.0,0.0,False,False,False
Bangladesh,2008,"Cloves (whole stems), raw",365.0,0.0,0.0,False,False,False
Bangladesh,2009,"Cloves (whole stems), raw",791.0,0.0,0.0,False,False,False
Bangladesh,2010,"Cloves (whole stems), raw",563.0,0.0,0.0,False,False,False
Bangladesh,2011,"Cloves (whole stems), raw",486.0,0.0,0.0,False,False,False
Bangladesh,2012,"Cloves (whole stems), raw",322.0,0.0,0.0,False,False,False
Bangladesh,2013,"Cloves (whole stems), raw",363.0,0.0,0.0,False,False,False
Bangladesh,2014,"Cloves (whole stems), raw",564.31,1.83,0.0,False,False,False
Bangladesh,2015,"Cloves (whole stems), raw",423.52,0.0,0.0,False,False,False
Bangladesh,2016,"Cloves (whole stems), raw",841.09,2.11,0.0,False,False,False
Bangladesh,2017,"Cloves (whole stems), raw",867.64,1.32,0.0,False,False,False
Bangladesh,2018,"Cloves (whole stems), raw",1379.56,0.58,0.0,False,False,False
Bangladesh,2019,"Cloves (whole stems), raw",1221.23,0.4,0.0,False,False,False
Bangladesh,2020,"Cloves (whole stems), raw",1802.52,5.79,0.0,False,True,False
Bangladesh,2021,"Cloves (whole stems), raw",2236.07,1.39,0.0,False,False,False
Bangladesh,2022,"Cloves (whole stems), raw",867.43,0.59,0.0,False,False,False
Bangladesh,2023,"Cloves (whole stems), raw",1656.03,0.28,0.0,False,False,False
Barbados,1993,"Cloves (whole stems), raw",7.0,1.0,0.0,False,False,False
Barbados,1994,"Cloves (whole stems), raw",7.0,1.0,0.0,False,False,False
Barbados,1995,"Cloves (whole stems), raw",11.0,1.0,0.0,False,False,False
Barbados,1996,"Cloves (whole stems), raw",10.0,1.0,0.0,False,False,False
Barbados,1997,"Cloves (whole stems), raw",12.0,0.0,0.0,False,False,False
Barbados,1998,"Cloves (whole stems), raw",5.0,0.0,0.0,False,False,False
Barbados,1999,"Cloves (whole stems), raw",7.0,1.0,0.0,False,False,False
Barbados,2000,"Cloves (whole stems), raw",4.0,1.0,0.0,False,False,False
Barbados,2001,"Cloves (whole stems), raw",8.0,1.0,0.0,False,False,False
Barbados,2002,"Cloves (whole stems), raw",17.0,1.0,0.0,False,False,False
Barbados,2003,"Cloves (whole stems), raw",15.0,0.0,0.0,False,False,False
Barbados,2004,"Cloves (whole stems), raw",4.0,0.0,0.0,False,False,False
Barbados,2005,"Cloves (whole stems), raw",13.0,1.0,0.0,False,False,False
Barbados,2006,"Cloves (whole stems), raw",12.0,1.0,0.0,False,False,False
Barbados,2007,"Cloves (whole stems), raw",8.0,0.0,0.0,False,False,False
Barbados,2008,"Cloves (whole stems), raw",16.0,0.0,0.0,False,False,False
Barbados,2009,"Cloves (whole stems), raw",7.0,0.0,0.0,False,False,False
Barbados,2010,"Cloves (whole stems), raw",16.0,0.0,0.0,False,False,False
Barbados,2011,"Cloves (whole stems), raw",15.0,0.0,0.0,False,False,False
Barbados,2012,"Cloves (whole stems), raw",22.0,0.0,0.0,False,False,False
Barbados,2013,"Cloves (whole stems), raw",21.0,0.0,0.0,False,False,False
Barbados,2014,"Cloves (whole stems), raw",17.11,0.0,0.0,False,False,False
Barbados,2015,"Cloves (whole stems), raw",34.42,0.0,0.0,True,False,False
Barbados,2016,"Cloves (whole stems), raw",14.4,0.0,0.0,False,False,False
Barbados,2017,"Cloves (whole stems), raw",12.38,0.09,0.0,False,True,False
Barbados,2018,"Cloves (whole stems), raw",15.06,0.0,0.0,False,False,False
Barbados,2019,"Cloves (whole stems), raw",10.49,0.0,0.0,False,False,False
Barbados,2020,"Cloves (whole stems), raw",8.66,0.0,0.0,False,False,False
Barbados,2021,"Cloves (whole stems), raw",6.5,0.0,0.0,False,False,False
Barbados,2022,"Cloves (whole stems), raw",11.6,0.06,0.0,False,True,False
Barbados,2023,"Cloves (whole stems), raw",10.85,0.0,0.0,False,False,False
Belarus,1998,"Cloves (whole stems), raw",9.0,4.0,0.0,False,False,False
Belarus,1999,"Cloves (whole stems), raw",12.0,8.0,0.0,False,False,False
Belarus,2000,"Cloves (whole stems), raw",10.0,9.0,0.0,False,False,False
Belarus,2001,"Cloves (whole stems), raw",6.0,0.0,0.0,False,False,False
Belarus,2002,"Cloves (whole stems), raw",0.0,0.0,0.0,True,False,False
Belarus,2003,"Cloves (whole stems), raw",6.0,0.0,0.0,False,False,False
Belarus,2004,"Cloves (whole stems), raw",8.0,0.0,0.0,False,False,False
Belarus,2005,"Cloves (whole stems), raw",9.0,0.0,0.0,False,False,False
Belarus,2006,"Cloves (whole stems), raw",11.0,0.0,0.0,False,False,False
Belarus,2007,"Cloves (whole stems), raw",13.0,0.0,0.0,False,False,False
Belarus,2008,"Cloves (whole stems), raw",15.0,1.0,0.0,False,True,False
Belarus,2009,"Cloves (whole stems), raw",11.0,0.0,0.0,False,False,False
Belarus,2010,"Cloves (whole stems), raw",16.0,0.0,0.0,False,False,False
Belarus,2011,"Cloves (whole stems), raw",9.0,0.0,0.0,False,False,False
Belarus,2012,"Cloves (whole stems), raw",13.0,0.0,0.0,False,False,False
Belarus,2013,"Cloves (whole stems), raw",14.0,0.0,0.0,False,False,False
Belarus,2014,"Cloves (whole stems), raw",9.26,0.08,0.0,False,False,False
Belarus,2015,"Cloves (whole stems), raw",11.37,0.0,0.0,False,False,False
Belarus,2016,"Cloves (whole stems), raw",13.31,0.01,0.0,False,False,False
Belarus,2017,"Cloves (whole stems), raw",22.6,6.25,0.0,False,False,False
Belarus,2018,"Cloves (whole stems), raw",12.92,0.42,0.0,False,False,False
Belarus,2019,"Cloves (whole stems), raw",15.34,0.02,0.0,False,False,False
Belarus,2020,"Cloves (whole stems), raw",34.76,10.65,0.0,False,True,False
Belarus,2021,"Cloves (whole stems), raw",18.68,0.29,0.0,False,False,False
Belarus,2022,"Cloves (whole stems), raw",4.45,0.11,0.0,False,False,False
Belarus,2023,"Cloves (whole stems), raw",2.99,0.17,0.0,False,False,False
Belgium,2000,"Cloves (whole stems), raw",57.0,43.0,0.0,False,False,False
Belgium,2001,"Cloves (whole stems), raw",79.0,53.0,0.0,False,False,False
Belgium,2002,"Cloves (whole stems), raw",83.0,58.0,0.0,False,False,False
Belgium,2003,"Cloves (whole stems), raw",68.0,80.0,0.0,False,False,False
Belgium,2004,"Cloves (whole stems), raw",118.0,74.0,0.0,False,False,False
Belgium,2005,"Cloves (whole stems), raw",117.0,80.0,0.0,False,False,False
Belgium,2006,"Cloves (whole stems), raw",170.0,122.0,0.0,False,False,False
Belgium,2007,"Cloves (whole stems), raw",120.0,106.0,0.0,False,False,False
Belgium,2008,"Cloves (whole stems), raw",162.0,146.0,0.0,False,False,False
Belgium,2009,"Cloves (whole stems), raw",113.0,46.0,0.0,False,False,False
Belgium,2010,"Cloves (whole stems), raw",98.0,68.0,0.0,False,False,False
Belgium,2011,"Cloves (whole stems), raw",72.0,53.0,0.0,False,False,False
Belgium,2012,"Cloves (whole stems), raw",59.0,88.0,0.0,False,False,False
Belgium,2013,"Cloves (whole stems), raw",81.0,191.0,0.0,False,True,False
Belgium,2014,"Cloves (whole stems), raw",198.77,41.24,0.0,True,False,False
Belgium,2015,"Cloves (whole stems), raw",41.11,79.09,0.0,False,False,False
Belgium,2016,"Cloves (whole stems), raw",92.38,78.87,0.0,False,False,False
Belgium,2017,"Cloves (whole stems), raw",53.74,61.7,0.0,False,False,False
Belgium,2018,"Cloves (whole stems), raw",35.22,32.38,0.0,False,False,False
Belgium,2019,"Cloves (whole stems), raw",22.66,25.48,0.0,False,False,False
Belgium,2020,"Cloves (whole stems), raw",70.12,52.54,0.0,False,False,False
Belgium,2021,"Cloves (whole stems), raw",57.98,38.71,0.0,False,False,False
Belgium,2022,"Cloves (whole stems), raw",62.49,19.82,0.0,False,False,False
Belgium,2023,"Cloves (whole stems), raw",69.0,24.09,0.0,False,False,False
Belgium-Luxembourg,1993,"Cloves (whole stems), raw",79.0,50.0,0.0,False,False,False
Belgium-Luxembourg,1994,"Cloves (whole stems), raw",46.0,43.0,0.0,True,False,False
Belgium-Luxembourg,1995,"Cloves (whole stems), raw",68.0,53.0,0.0,False,False,False
Belgium-Luxembourg,1996,"Cloves (whole stems), raw",66.0,51.0,0.0,False,False,False
Belgium-Luxembourg,1997,"Cloves (whole stems), raw",72.0,46.0,0.0,False,False,False
Belgium-Luxembourg,1998,"Cloves (whole stems), raw",83.0,49.0,0.0,False,False,False
Belgium-Luxembourg,1999,"Cloves (whole stems), raw",88.0,84.0,0.0,False,True,False
Belize,1995,"Cloves (whole stems), raw",0.0,0.0,0.0,False,False,False
Belize,1996,"Cloves (whole stems), raw",1.0,0.0,0.0,False,False,False
Belize,1997,"Cloves (whole stems), raw",1.0,0.0,0.0,False,False,False
Belize,1998,"Cloves (whole stems), raw",0.0,0.0,0.0,False,False,False
Belize,1999,"Cloves (whole stems), raw",0.0,0.0,0.0,False,False,False
Belize,2000,"Cloves (whole stems), raw",0.0,0.0,0.0,False,False,False
Belize,2001,"Cloves (whole stems), raw",0.0,0.0,0.0,False,False,False
Belize,2002,"Cloves (whole stems), raw",0.0,0.0,0.0,False,False,False
Belize,2003,"Cloves (whole stems), raw",2.0,0.0,0.0,False,False,False
Belize,2004,"Cloves (whole stems), raw",0.0,0.0,0.0,False,False,False
Belize,2005,"Cloves (whole stems), raw",1.0,0.0,0.0,False,False,False
Belize,2006,"Cloves (whole stems), raw",1.0,0.0,0.0,False,False,False
Belize,2007,"Cloves (whole stems), raw",1.0,0.0,0.0,False,False,False
Belize,2008,"Cloves (whole stems), raw",1.0,0.0,0.0,False,False,False
Belize,2009,"Cloves (whole stems), raw",1.0,0.0,0.0,False,False,False
Belize,2010,"Cloves (whole stems), raw",1.0,0.0,0.0,False,False,False
Belize,2011,"Cloves (whole stems), raw",2.0,0.0,0.0,False,False,False
Belize,2012,"Cloves (whole stems), raw",0.0,0.0,0.0,False,False,False
Belize,2013,"Cloves (whole stems), raw",0.0,0.0,0.0,False,False,False
Belize,2014,"Cloves (whole stems), raw",0.3,0.0,0.0,False,False,False
Belize,2015,"Cloves (whole stems), raw",0.45,0.0,0.0,False,False,False
Belize,2016,"Cloves (whole stems), raw",0.35,0.0,0.0,False,False,False
Belize,2017,"Cloves (whole stems), raw",0.35,24.2,0.0,False,True,False
Belize,2018,"Cloves (whole stems), raw",0.51,0.0,0.0,False,False,False
Belize,2020,"Cloves (whole stems), raw",0.0,0.0,0.0,False,False,False
Belize,2021,"Cloves (whole stems), raw",0.16,0.0,0.0,False,False,False
Belize,2022,"Cloves (whole stems), raw",2.09,0.0,0.0,True,False,False
Belize,2023,"Cloves (whole stems), raw",0.01,0.0,0.0,False,False,False
Benin,2007,"Cloves (whole stems), raw",3.0,0.0,0.0,False,False,False
Benin,2017,"Cloves (whole stems), raw",0.3,0.0,0.0,False,False,False
Benin,2018,"Cloves (whole stems), raw",3.12,0.0,0.0,False,False,False
Benin,2019,"Cloves (whole stems), raw",3.41,0.0,0.0,False,False,False
Benin,2020,"Cloves (whole stems), raw",23.24,0.0,0.0,True,False,False
Benin,2021,"Cloves (whole stems), raw",6.34,0.01,0.0,False,True,False
Benin,2022,"Cloves (whole stems), raw",7.22,0.0,0.0,False,False,False
Benin,2023,"Cloves (whole stems), raw",2.01,0.0,0.0,False,False,False
Bhutan,2017,"Cloves (whole stems), raw",0.64,0.0,0.0,False,False,False
Bhutan,2018,"Cloves (whole stems), raw",0.24,0.0,0.0,False,False,False
Bhutan,2019,"Cloves (whole stems), raw",0.05,0.0,0.0,False,False,False
Bhutan,2020,"Cloves (whole stems), raw",2.54,0.0,0.0,False,False,False
Bhutan,2021,"Cloves (whole stems), raw",2.9,0.0,0.0,False,False,False
Bhutan,2022,"Cloves (whole stems), raw",5.31,0.0,0.0,False,False,False
Bhutan,2023,"Cloves (whole stems), raw",4.01,0.0,0.0,False,False,False
Bolivia (Plurinational State of),1993,"Cloves (whole stems), raw",1.0,0.0,0.0,False,False,False
Bolivia (Plurinational State of),1994,"Cloves (whole stems), raw",22.0,0.0,0.0,True,False,False
Bolivia (Plurinational State of),1995,"Cloves (whole stems), raw",0.0,0.0,0.0,False,False,False
Bolivia (Plurinational State of),1996,"Cloves (whole stems), raw",2.0,0.0,0.0,False,False,False
Bolivia (Plurinational State of),1997,"Cloves (whole stems), raw",0.0,0.0,0.0,False,False,False
Bolivia (Plurinational State of),1998,"Cloves (whole stems), raw",0.0,0.0,0.0,False,False,False
Bolivia (Plurinational State of),1999,"Cloves (whole stems), raw",14.21,5.03,0.0,False,True,False
Bolivia (Plurinational State of),2000,"Cloves (whole stems), raw",20.16,1.94,0.0,False,False,False
Bolivia (Plurinational State of),2001,"Cloves (whole stems), raw",20.0,0.0,0.0,False,False,False
Bolivia (Plurinational State of),2002,"Cloves (whole stems), raw",25.0,0.0,0.0,False,False,False
Bolivia (Plurinational State of),2003,"Cloves (whole stems), raw",22.0,0.0,0.0,False,False,False
Bolivia (Plurinational State of),2004,"Cloves (whole stems), raw",2.0,2.0,0.0,False,True,False
Bolivia (Plurinational State of),2005,"Cloves (whole stems), raw",46.0,0.0,0.0,False,False,False
Bolivia (Plurinational State of),2006,"Cloves (whole stems), raw",42.0,0.0,0.0,False,False,False
Bolivia (Plurinational State of),2007,"Cloves (whole stems), raw",40.0,0.0,0.0,False,False,False
Bolivia (Plurinational State of),2008,"Cloves (whole stems), raw",3.0,0.0,0.0,True,False,False
Bolivia (Plurinational State of),2009,"Cloves (whole stems), raw",61.0,0.0,0.0,False,False,False
Bolivia (Plurinational State of),2010,"Cloves (whole stems), raw",57.0,0.0,0.0,False,False,False
Bolivia (Plurinational State of),2011,"Cloves (whole stems), raw",28.0,0.0,0.0,False,False,False
Bolivia (Plurinational State of),2012,"Cloves (whole stems), raw",23.0,0.0,0.0,False,False,False
Bolivia (Plurinational State of),2013,"Cloves (whole stems), raw",36.0,0.0,0.0,False,False,False
Bolivia (Plurinational State of),2014,"Cloves (whole stems), raw",47.37,0.0,0.0,False,False,False
Bolivia (Plurinational State of),2015,"Cloves (whole stems), raw",36.47,0.0,0.0,False,False,False
Bolivia (Plurinational State of),2016,"Cloves (whole stems), raw",54.52,0.0,0.0,False,False,False
Bolivia (Plurinational State of),2017,"Cloves (whole stems), raw",28.39,0.0,0.0,False,False,False
Bolivia (Plurinational State of),2018,"Cloves (whole stems), raw",24.49,0.0,0.0,False,False,False
Bolivia (Plurinational State of),2019,"Cloves (whole stems), raw",67.42,0.0,0.0,False,False,False
Bolivia (Plurinational State of),2020,"Cloves (whole stems), raw",108.66,0.0,0.0,False,False,False
Bolivia (Plurinational State of),2021,"Cloves (whole stems), raw",41.85,0.03,0.0,False,True,False
Bolivia (Plurinational State of),2022,"Cloves (whole stems), raw",24.11,0.0,0.0,False,False,False
Bolivia (Plurinational State of),2023,"Cloves (whole stems), raw",83.74,0.0,0.0,False,False,False
Bosnia and Herzegovina,2003,"Cloves (whole stems), raw",2.0,0.0,0.0,False,False,False
Bosnia and Herzegovina,2004,"Cloves (whole stems), raw",2.0,0.0,0.0,False,False,False
Bosnia and Herzegovina,2005,"Cloves (whole stems), raw",1.0,0.0,0.0,True,False,False
Bosnia and Herzegovina,2006,"Cloves (whole stems), raw",2.0,0.0,0.0,False,False,False
Bosnia and Herzegovina,2007,"Cloves (whole stems), raw",2.0,0.0,0.0,False,False,False
Bosnia and Herzegovina,2008,"Cloves (whole stems), raw",2.0,0.0,0.0,False,False,False
Bosnia and Herzegovina,2009,"Cloves (whole stems), raw",2.0,0.0,0.0,False,False,False
Bosnia and Herzegovina,2010,"Cloves (whole stems), raw",2.0,0.0,0.0,False,False,False
Bosnia and Herzegovina,2011,"Cloves (whole stems), raw",1.0,0.0,0.0,True,False,False
Bosnia and Herzegovina,2012,"Cloves (whole stems), raw",2.0,0.0,0.0,False,False,False
Bosnia and Herzegovina,2013,"Cloves (whole stems), raw",2.0,0.0,0.0,False,False,False
Bosnia and Herzegovina,2014,"Cloves (whole stems), raw",2.36,0.0,0.0,False,False,False
Bosnia and Herzegovina,2015,"Cloves (whole stems), raw",2.17,0.0,0.0,False,False,False
Bosnia and Herzegovina,2016,"Cloves (whole stems), raw",3.46,0.02,0.0,False,False,False
Bosnia and Herzegovina,2017,"Cloves (whole stems), raw",3.07,0.01,0.0,False,False,False
Bosnia and Herzegovina,2018,"Cloves (whole stems), raw",2.7,0.03,0.0,False,False,False
Bosnia and Herzegovina,2019,"Cloves (whole stems), raw",2.6,0.04,0.0,False,False,False
Bosnia and Herzegovina,2020,"Cloves (whole stems), raw",3.09,0.0,0.0,False,False,False
Bosnia and Herzegovina,2021,"Cloves (whole stems), raw",3.48,0.04,0.0,False,False,False
Bosnia and Herzegovina,2022,"Cloves (whole stems), raw",4.27,0.04,0.0,False,False,False
Bosnia and Herzegovina,2023,"Cloves (whole stems), raw",4.43,0.02,0.0,False,False,False
Botswana,1993,"Cloves (whole stems), raw",1.0,0.0,0.0,True,False,False
Botswana,1994,"Cloves (whole stems), raw",0.0,0.0,0.0,False,False,False
Botswana,1995,"Cloves (whole stems), raw",0.0,0.0,0.0,False,False,False
Botswana,1996,"Cloves (whole stems), raw",0.0,0.0,0.0,False,False,False
Botswana,1997,"Cloves (whole stems), raw",1.0,0.0,0.0,False,False,False
Botswana,1998,"Cloves (whole stems), raw",1.0,0.0,0.0,False,False,False
Botswana,1999,"Cloves (whole stems), raw",1.0,0.0,0.0,False,False,False
Botswana,2000,"Cloves (whole stems), raw",3.0,0.0,0.0,False,False,False
Botswana,2001,"Cloves (whole stems), raw",5.0,0.0,0.0,False,False,False
Botswana,2002,"Cloves (whole stems), raw",8.0,0.0,0.0,False,False,False
Botswana,2003,"Cloves (whole stems), raw",1.0,0.0,0.0,False,False,False
Botswana,2004,"Cloves (whole stems), raw",1.0,0.0,0.0,False,False,False
Botswana,2005,"Cloves (whole stems), raw",1.0,0.0,0.0,False,False,False
Botswana,2006,"Cloves (whole stems), raw",1.0,0.0,0.0,False,False,False
Botswana,2007,"Cloves (whole stems), raw",0.0,0.0,0.0,False,False,False
Botswana,2008,"Cloves (whole stems), raw",0.0,0.0,0.0,False,False,False
Botswana,2009,"Cloves (whole stems), raw",0.0,0.0,0.0,False,False,False
Botswana,2010,"Cloves (whole stems), raw",0.0,0.0,0.0,False,False,False
Botswana,2011,"Cloves (whole stems), raw",1.0,0.0,0.0,False,False,False
Botswana,2012,"Cloves (whole stems), raw",0.0,0.0,0.0,False,False,False
Botswana,2013,"Cloves (whole stems), raw",1.0,0.0,0.0,False,False,False
Botswana,2014,"Cloves (whole stems), raw",0.1,0.0,0.0,False,False,False
Botswana,2015,"Cloves (whole stems), raw",0.32,0.0,0.0,False,False,False
Botswana,2016,"Cloves (whole stems), raw",0.08,0.0,0.0,False,False,False
Botswana,2017,"Cloves (whole stems), raw",0.22,0.01,0.0,False,True,False
Botswana,2018,"Cloves (whole stems), raw",0.24,0.0,0.0,False,False,False
Botswana,2019,"Cloves (whole stems), raw",0.73,0.0,0.0,False,False,False
Botswana,2020,"Cloves (whole stems), raw",2.1,0.0,0.0,False,False,False
Botswana,2021,"Cloves (whole stems), raw",3.36,0.0,0.0,False,False,False
Botswana,2022,"Cloves (whole stems), raw",3.34,0.0,0.0,False,False,False
Botswana,2023,"Cloves (whole stems), raw",4.49,0.0,0.0,False,False,False
Brazil,1993,"Cloves (whole stems), raw",0.0,673.0,0.0,False,False,False
Brazil,1994,"Cloves (whole stems), raw",1.0,1313.0,0.0,False,False,False
Brazil,1995,"Cloves (whole stems), raw",2.0,60.0,0.0,False,False,False
Brazil,1996,"Cloves (whole stems), raw",1.0,327.0,0.0,False,False,False
Brazil,1997,"Cloves (whole stems), raw",3.0,138.0,0.0,False,False,False
Brazil,1998,"Cloves (whole stems), raw",4.0,184.0,0.0,False,False,False
Brazil,1999,"Cloves (whole stems), raw",0.0,460.0,0.0,False,False,False
Brazil,2000,"Cloves (whole stems), raw",4.66,64.87,0.0,False,False,False
Brazil,2001,"Cloves (whole stems), raw",0.0,2487.0,0.0,False,False,False
Brazil,2002,"Cloves (whole stems), raw",40.0,4135.0,0.0,False,False,False
Brazil,2003,"Cloves (whole stems), raw",102.0,2598.0,0.0,False,False,False
Brazil,2004,"Cloves (whole stems), raw",368.0,6211.0,0.0,True,True,False
Brazil,2005,"Cloves (whole stems), raw",7.0,2107.0,0.0,False,False,False
Brazil,2006,"Cloves (whole stems), raw",8.0,3533.0,0.0,False,False,False
Brazil,2007,"Cloves (whole stems), raw",48.0,2576.0,0.0,False,False,False
Brazil,2008,"Cloves (whole stems), raw",62.0,5093.0,0.0,False,False,False
Brazil,2009,"Cloves (whole stems), raw",34.0,5620.0,0.0,False,False,False
Brazil,2010,"Cloves (whole stems), raw",49.0,2835.0,0.0,False,False,False
Brazil,2011,"Cloves (whole stems), raw",39.0,4274.0,0.0,False,False,False
Brazil,2012,"Cloves (whole stems), raw",101.0,140.0,0.0,False,False,False
Brazil,2013,"Cloves (whole stems), raw",61.0,4095.0,0.0,False,False,False
Brazil,2014,"Cloves (whole stems), raw",84.8,5619.17,0.0,False,False,False
Brazil,2015,"Cloves (whole stems), raw",83.92,1367.42,0.0,False,False,False
Brazil,2016,"Cloves (whole stems), raw",87.47,3867.51,0.0,False,False,False
Brazil,2017,"Cloves (whole stems), raw",37.86,3535.33,0.0,False,False,False
Brazil,2018,"Cloves (whole stems), raw",78.03,2939.89,0.0,False,False,False
Brazil,2019,"Cloves (whole stems), raw",25.66,2408.95,0.0,False,False,False
Brazil,2020,"Cloves (whole stems), raw",38.01,4139.4,0.0,False,False,False
Brazil,2021,"Cloves (whole stems), raw",58.52,1483.95,0.0,False,False,False
Brazil,2022,"Cloves (whole stems), raw",104.14,979.65,0.0,False,False,False
Brazil,2023,"Cloves (whole stems), raw",133.74,371.49,0.0,False,False,False
Brunei Darussalam,1993,"Cloves (whole stems), raw",6.0,0.0,0.0,False,False,False
Brunei Darussalam,1994,"Cloves (whole stems), raw",5.0,0.0,0.0,False,False,False
Brunei Darussalam,1995,"Cloves (whole stems), raw",2.0,0.0,0.0,False,False,False
Brunei Darussalam,1996,"Cloves (whole stems), raw",4.0,0.0,0.0,False,False,False
Brunei Darussalam,1997,"Cloves (whole stems), raw",5.0,0.0,0.0,False,False,False
Brunei Darussalam,1998,"Cloves (whole stems), raw",21.0,0.0,0.0,True,False,False
Brunei Darussalam,1999,"Cloves (whole stems), raw",10.0,0.0,0.0,False,False,False
Brunei Darussalam,2000,"Cloves (whole stems), raw",5.0,0.0,0.0,False,False,False
Brunei Darussalam,2001,"Cloves (whole stems), raw",3.0,0.0,0.0,False,False,False
Brunei Darussalam,2002,"Cloves (whole stems), raw",2.0,0.0,0.0,False,False,False
Brunei Darussalam,2003,"Cloves (whole stems), raw",3.0,0.0,0.0,False,False,False
Brunei Darussalam,2004,"Cloves (whole stems), raw",5.0,0.0,0.0,True,False,False
Brunei Darussalam,2005,"Cloves (whole stems), raw",3.0,0.0,0.0,False,False,False
Brunei Darussalam,2006,"Cloves (whole stems), raw",2.0,0.0,0.0,True,False,False
Brunei Darussalam,2007,"Cloves (whole stems), raw",3.0,0.0,0.0,False,False,False
Brunei Darussalam,2008,"Cloves (whole stems), raw",3.0,0.0,0.0,False,False,False
Brunei Darussalam,2009,"Cloves (whole stems), raw",3.0,0.0,0.0,False,False,False
Brunei Darussalam,2010,"Cloves (whole stems), raw",4.0,0.0,0.0,False,False,False
Brunei Darussalam,2011,"Cloves (whole stems), raw",5.0,0.0,0.0,False,False,False
Brunei Darussalam,2012,"Cloves (whole stems), raw",6.0,0.0,0.0,False,False,False
Brunei Darussalam,2013,"Cloves (whole stems), raw",37.0,0.0,0.0,False,False,False
Brunei Darussalam,2014,"Cloves (whole stems), raw",49.14,0.0,0.0,False,False,False
Brunei Darussalam,2015,"Cloves (whole stems), raw",62.2,0.0,0.0,False,False,False
Brunei Darussalam,2016,"Cloves (whole stems), raw",6.93,0.0,0.0,False,False,False
Brunei Darussalam,2017,"Cloves (whole stems), raw",3.75,0.0,0.0,False,False,False
Brunei Darussalam,2018,"Cloves (whole stems), raw",2.24,0.0,0.0,False,False,False
Brunei Darussalam,2019,"Cloves (whole stems), raw",5.38,0.0,0.0,False,False,False
Brunei Darussalam,2020,"Cloves (whole stems), raw",10.19,0.0,0.0,False,False,False
Brunei Darussalam,2021,"Cloves (whole stems), raw",12.22,0.0,0.0,False,False,False
Brunei Darussalam,2022,"Cloves (whole stems), raw",10.56,0.0,0.0,False,False,False
Brunei Darussalam,2023,"Cloves (whole stems), raw",7.7,0.0,0.0,False,False,False
Bulgaria,1993,"Cloves (whole stems), raw",8.0,16.0,0.0,False,False,False
Bulgaria,1994,"Cloves (whole stems), raw",11.0,0.0,0.0,False,False,False
Bulgaria,1995,"Cloves (whole stems), raw",15.0,12.0,0.0,False,False,False
Bulgaria,1996,"Cloves (whole stems), raw",18.0,2.0,0.0,False,False,False
Bulgaria,1997,"Cloves (whole stems), raw",15.0,1.0,0.0,False,False,False
Bulgaria,1998,"Cloves (whole stems), raw",2.0,4.0,0.0,False,False,False
Bulgaria,1999,"Cloves (whole stems), raw",0.0,48.0,0.0,False,True,False
Bulgaria,2000,"Cloves (whole stems), raw",10.0,1.0,0.0,False,False,False
Bulgaria,2001,"Cloves (whole stems), raw",10.0,0.0,0.0,False,False,False
Bulgaria,2002,"Cloves (whole stems), raw",4.0,1.0,0.0,False,False,False
Bulgaria,2003,"Cloves (whole stems), raw",8.0,1.0,0.0,False,False,False
Bulgaria,2004,"Cloves (whole stems), raw",1.0,1.0,0.0,False,False,False
Bulgaria,2005,"Cloves (whole stems), raw",1.0,1.0,0.0,False,False,False
Bulgaria,2006,"Cloves (whole stems), raw",5.0,1.0,0.0,False,False,False
Bulgaria,2007,"Cloves (whole stems), raw",9.0,2.0,0.0,False,False,False
Bulgaria,2008,"Cloves (whole stems), raw",9.0,3.0,0.0,False,False,False
Bulgaria,2009,"Cloves (whole stems), raw",6.0,4.0,0.0,False,False,False
Bulgaria,2010,"Cloves (whole stems), raw",4.0,3.0,0.0,False,False,False
Bulgaria,2011,"Cloves (whole stems), raw",7.0,3.0,0.0,False,False,False
Bulgaria,2012,"Cloves (whole stems), raw",6.0,2.0,0.0,False,False,False
Bulgaria,2013,"Cloves (whole stems), raw",7.0,1.0,0.0,False,False,False
Bulgaria,2014,"Cloves (whole stems), raw",13.0,0.94,0.0,True,False,False
Bulgaria,2015,"Cloves (whole stems), raw",6.7,2.67,0.0,False,False,False
Bulgaria,2016,"Cloves (whole stems), raw",10.53,7.83,0.0,False,True,False
Bulgaria,2017,"Cloves (whole stems), raw",5.51,3.29,0.0,False,False,False
Bulgaria,2018,"Cloves (whole stems), raw",4.57,3.43,0.0,False,False,False
Bulgaria,2019,"Cloves (whole stems), raw",2.76,2.5,0.0,False,False,False
Bulgaria,2020,"Cloves (whole stems), raw",7.42,2.96,0.0,False,False,False
Bulgaria,2021,"Cloves (whole stems), raw",12.02,2.89,0.0,False,False,False
Bulgaria,2022,"Cloves (whole stems), raw",5.71,1.93,0.0,False,False,False
Bulgaria,2023,"Cloves (whole stems), raw",20.83,4.05,0.0,False,False,False
Burkina Faso,2010,"Cloves (whole stems), raw",0.0,0.0,0.0,False,False,False
Burkina Faso,2011,"Cloves (whole stems), raw",0.0,0.0,0.0,False,False,False
Burkina Faso,2012,"Cloves (whole stems), raw",0.0,0.0,0.0,False,False,False
Burkina Faso,2013,"Cloves (whole stems), raw",0.0,0.0,0.0,False,False,False
Burkina Faso,2016,"Cloves (whole stems), raw",0.01,0.0,0.0,False,False,False
Burkina Faso,2017,"Cloves (whole stems), raw",0.18,0.0,0.0,False,False,False
Burkina Faso,2018,"Cloves (whole stems), raw",0.36,0.0,0.0,False,False,False
Burkina Faso,2022,"Cloves (whole stems), raw",5.4,0.0,0.0,False,False,False
Burundi,2016,"Cloves (whole stems), raw",0.63,0.0,0.0,False,False,False
Burundi,2017,"Cloves (whole stems), raw",2.96,0.0,0.0,False,False,False
Burundi,2021,"Cloves (whole stems), raw",0.49,0.0,0.0,False,False,False
Burundi,2022,"Cloves (whole stems), raw",0.83,0.0,0.0,False,False,False
Burundi,2023,"Cloves (whole stems), raw",0.01,0.0,0.0,False,False,False
Cabo Verde,1993,"Cloves (whole stems), raw",0.0,0.0,0.0,False,False,False
Cabo Verde,1994,"Cloves (whole stems), raw",1.0,0.0,0.0,False,False,False
Cabo Verde,1995,"Cloves (whole stems), raw",1.0,0.0,0.0,False,False,False
Cabo Verde,1996,"Cloves (whole stems), raw",0.0,0.0,0.0,False,False,False
Cabo Verde,1997,"Cloves (whole stems), raw",1.0,0.0,0.0,False,False,False
Cabo Verde,1998,"Cloves (whole stems), raw",0.0,0.0,0.0,False,False,False
Cabo Verde,1999,"Cloves (whole stems), raw",1.0,0.0,0.0,False,False,False
Cabo Verde,2000,"Cloves (whole stems), raw",2.0,0.0,0.0,False,False,False
Cabo Verde,2001,"Cloves (whole stems), raw",2.0,0.0,0.0,False,False,False
Cabo Verde,2002,"Cloves (whole stems), raw",0.0,0.0,0.0,False,False,False
Cabo Verde,2003,"Cloves (whole stems), raw",3.0,0.0,0.0,False,False,False
Cabo Verde,2004,"Cloves (whole stems), raw",1.0,0.0,0.0,False,False,False
Cabo Verde,2005,"Cloves (whole stems), raw",0.0,0.0,0.0,False,False,False
Cabo Verde,2006,"Cloves (whole stems), raw",2.0,0.0,0.0,False,False,False
Cabo Verde,2007,"Cloves (whole stems), raw",1.0,0.0,0.0,False,False,False
Cabo Verde,2008,"Cloves (whole stems), raw",1.0,0.0,0.0,False,False,False
Cabo Verde,2009,"Cloves (whole stems), raw",1.0,0.0,0.0,False,False,False
Cabo Verde,2010,"Cloves (whole stems), raw",1.0,0.0,0.0,False,False,False
Cabo Verde,2011,"Cloves (whole stems), raw",1.0,0.0,0.0,False,False,False
Cabo Verde,2012,"Cloves (whole stems), raw",0.0,0.0,0.0,False,False,False
Cabo Verde,2013,"Cloves (whole stems), raw",1.0,0.0,0.0,False,False,False
Cabo Verde,2014,"Cloves (whole stems), raw",0.13,0.0,0.0,False,False,False
Cabo Verde,2015,"Cloves (whole stems), raw",0.19,0.0,0.0,False,False,False
Cabo Verde,2016,"Cloves (whole stems), raw",1.15,0.0,0.0,False,False,False
Cabo Verde,2017,"Cloves (whole stems), raw",0.95,0.0,0.0,False,False,False
Cabo Verde,2018,"Cloves (whole stems), raw",1.01,0.0,0.0,False,False,False
Cabo Verde,2019,"Cloves (whole stems), raw",0.88,0.0,0.0,False,False,False
Cabo Verde,2021,"Cloves (whole stems), raw",0.98,0.0,0.0,False,False,False
Cabo Verde,2022,"Cloves (whole stems), raw",1.51,0.0,0.0,False,False,False
Cabo Verde,2023,"Cloves (whole stems), raw",3.55,0.0,0.0,False,False,False
Cambodia,2002,"Cloves (whole stems), raw",0.0,0.0,0.0,False,False,False
Cambodia,2014,"Cloves (whole stems), raw",0.23,0.0,0.0,False,False,False
Cambodia,2015,"Cloves (whole stems), raw",0.04,0.0,0.0,False,False,False
Cambodia,2016,"Cloves (whole stems), raw",0.0,0.0,0.0,False,False,False
Cambodia,2019,"Cloves (whole stems), raw",0.31,0.0,0.0,False,False,False
Cambodia,2020,"Cloves (whole stems), raw",0.08,0.0,0.0,False,False,False
Cambodia,2021,"Cloves (whole stems), raw",0.21,0.0,0.0,False,False,False
Cambodia,2022,"Cloves (whole stems), raw",0.25,0.0,0.0,False,False,False
Cambodia,2023,"Cloves (whole stems), raw",0.16,0.1,0.0,False,True,False
Cameroon,1993,"Cloves (whole stems), raw",0.0,0.0,0.0,False,False,False
Cameroon,1994,"Cloves (whole stems), raw",1.0,0.0,0.0,False,False,False
Cameroon,1995,"Cloves (whole stems), raw",2.0,0.0,0.0,False,False,False
Cameroon,1996,"Cloves (whole stems), raw",1.0,0.0,0.0,False,False,False
Cameroon,1997,"Cloves (whole stems), raw",2.0,0.0,0.0,False,False,False
Cameroon,1998,"Cloves (whole stems), raw",1.0,0.0,0.0,False,False,False
Cameroon,1999,"Cloves (whole stems), raw",0.0,0.0,0.0,False,False,False
Cameroon,2000,"Cloves (whole stems), raw",5.0,0.0,0.0,False,False,False
Cameroon,2001,"Cloves (whole stems), raw",0.0,0.0,0.0,False,False,False
Cameroon,2002,"Cloves (whole stems), raw",4.0,0.0,0.0,False,False,False
Cameroon,2003,"Cloves (whole stems), raw",3.0,0.0,0.0,False,False,False
Cameroon,2004,"Cloves (whole stems), raw",1.0,0.0,0.0,False,False,False
Cameroon,2005,"Cloves (whole stems), raw",1.0,0.0,0.0,False,False,False
Cameroon,2006,"Cloves (whole stems), raw",1.0,0.0,0.0,False,False,False
Cameroon,2007,"Cloves (whole stems), raw",0.0,0.0,0.0,True,False,False
Cameroon,2008,"Cloves (whole stems), raw",3.0,0.0,0.0,False,False,False
Cameroon,2009,"Cloves (whole stems), raw",1.0,0.0,0.0,False,False,False
Cameroon,2010,"Cloves (whole stems), raw",1.0,0.0,0.0,False,False,False
Cameroon,2011,"Cloves (whole stems), raw",10.0,0.0,0.0,False,False,False
Cameroon,2012,"Cloves (whole stems), raw",7.0,0.0,0.0,False,False,False
Cameroon,2013,"Cloves (whole stems), raw",4.0,0.0,0.0,False,False,False
Cameroon,2014,"Cloves (whole stems), raw",6.08,0.0,0.0,False,False,False
Cameroon,2015,"Cloves (whole stems), raw",14.4,0.0,0.0,True,False,False
Cameroon,2016,"Cloves (whole stems), raw",2.86,0.13,0.0,False,True,False
Cameroon,2017,"Cloves (whole stems), raw",1.04,0.0,0.0,False,False,False
Cameroon,2018,"Cloves (whole stems), raw",1.76,0.0,0.0,False,False,False
Cameroon,2019,"Cloves (whole stems), raw",1.59,0.0,0.0,False,False,False
Cameroon,2020,"Cloves (whole stems), raw",1.54,0.34,0.0,False,False,False
Cameroon,2021,"Cloves (whole stems), raw",2.77,0.02,0.0,False,False,False
Cameroon,2022,"Cloves (whole stems), raw",16.79,2.61,0.0,True,True,False
Cameroon,2023,"Cloves (whole stems), raw",7.62,0.63,0.0,False,False,False
Canada,1993,"Cloves (whole stems), raw",124.0,4.0,0.0,True,False,False
Canada,1994,"Cloves (whole stems), raw",100.0,0.0,0.0,False,False,False
Canada,1995,"Cloves (whole stems), raw",100.0,0.0,0.0,False,False,False
Canada,1996,"Cloves (whole stems), raw",101.0,40.0,0.0,False,True,False
Canada,1997,"Cloves (whole stems), raw",134.0,5.0,0.0,False,False,False
Canada,1998,"Cloves (whole stems), raw",126.0,3.0,0.0,False,False,False
Canada,1999,"Cloves (whole stems), raw",180.0,13.0,0.0,False,False,False
Canada,2000,"Cloves (whole stems), raw",169.06,11.31,0.0,False,False,False
Canada,2001,"Cloves (whole stems), raw",322.0,4.0,0.0,False,False,False
Canada,2002,"Cloves (whole stems), raw",409.0,28.0,0.0,False,False,False
Canada,2003,"Cloves (whole stems), raw",351.0,16.0,0.0,False,False,False
Canada,2004,"Cloves (whole stems), raw",154.0,21.0,0.0,False,False,False
Canada,2005,"Cloves (whole stems), raw",208.0,21.0,0.0,False,False,False
Canada,2006,"Cloves (whole stems), raw",145.0,10.0,0.0,False,False,False
Canada,2007,"Cloves (whole stems), raw",207.0,20.0,0.0,False,False,False
Canada,2008,"Cloves (whole stems), raw",213.0,9.0,0.0,False,False,False
Canada,2009,"Cloves (whole stems), raw",216.0,22.0,0.0,False,False,False
Canada,2010,"Cloves (whole stems), raw",195.0,57.0,0.0,False,True,False
Canada,2011,"Cloves (whole stems), raw",156.0,16.0,0.0,False,False,False
Canada,2012,"Cloves (whole stems), raw",327.0,15.0,0.0,True,False,False
Canada,2013,"Cloves (whole stems), raw",255.0,14.0,0.0,False,False,False
Canada,2014,"Cloves (whole stems), raw",220.03,23.07,0.0,False,False,False
Canada,2015,"Cloves (whole stems), raw",226.83,61.05,0.0,False,False,False
Canada,2016,"Cloves (whole stems), raw",266.27,72.07,0.0,False,False,False
Canada,2017,"Cloves (whole stems), raw",192.81,90.91,0.0,False,False,False
Canada,2018,"Cloves (whole stems), raw",222.4,56.84,0.0,False,False,False
Canada,2019,"Cloves (whole stems), raw",272.12,115.44,0.0,False,False,False
Canada,2020,"Cloves (whole stems), raw",292.3,94.39,0.0,False,False,False
Canada,2021,"Cloves (whole stems), raw",334.46,64.09,0.0,False,False,False
Canada,2022,"Cloves (whole stems), raw",407.5,93.73,0.0,False,False,False
Canada,2023,"Cloves (whole stems), raw",366.27,106.89,0.0,False,False,False
Central African Republic,2021,"Cloves (whole stems), raw",12.0,0.0,0.0,False,False,False
Chad,1993,"Cloves (whole stems), raw",0.0,0.0,0.0,False,False,False
Chad,1994,"Cloves (whole stems), raw",1.0,0.0,0.0,True,False,False
Chad,1995,"Cloves (whole stems), raw",0.0,0.0,0.0,False,False,False
Chad,1996,"Cloves (whole stems), raw",0.0,0.0,0.0,False,False,False
Chad,1997,"Cloves (whole stems), raw",0.0,0.0,0.0,False,False,False
Chad,1998,"Cloves (whole stems), raw",0.0,0.0,0.0,False,False,False
Chad,1999,"Cloves (whole stems), raw",0.0,0.0,0.0,False,False,False
Chad,2000,"Cloves (whole stems), raw",0.0,0.0,0.0,False,False,False
Chad,2001,"Cloves (whole stems), raw",0.0,0.0,0.0,False,False,False
Chad,2002,"Cloves (whole stems), raw",0.0,0.0,0.0,False,False,False
Chad,2003,"Cloves (whole stems), raw",0.0,0.0,0.0,False,False,False
Chad,2004,"Cloves (whole stems), raw",0.0,0.0,0.0,False,False,False
Chad,2005,"Cloves (whole stems), raw",0.0,0.0,0.0,False,False,False
Chad,2006,"Cloves (whole stems), raw",0.0,0.0,0.0,False,False,False
Chad,2007,"Cloves (whole stems), raw",0.0,0.0,0.0,False,False,False
Chad,2008,"Cloves (whole stems), raw",0.0,0.0,0.0,False,False,False
Chad,2009,"Cloves (whole stems), raw",0.0,0.0,0.0,False,False,False
Chad,2010,"Cloves (whole stems), raw",0.0,0.0,0.0,False,False,False
Chad,2011,"Cloves (whole stems), raw",0.0,0.0,0.0,False,False,False
Chad,2012,"Cloves (whole stems), raw",0.0,0.0,0.0,False,False,False
Chad,2013,"Cloves (whole stems), raw",0.0,0.0,0.0,False,False,False
Chad,2014,"Cloves (whole stems), raw",0.07,0.0,0.0,False,False,False
Chad,2015,"Cloves (whole stems), raw",0.19,0.0,0.0,False,False,False
Chad,2017,"Cloves (whole stems), raw",30.4,0.0,0.0,False,False,False
Chad,2018,"Cloves (whole stems), raw",88.75,0.0,0.0,True,False,False
Chad,2019,"Cloves (whole stems), raw",5.16,0.0,0.0,False,False,False
Chad,2020,"Cloves (whole stems), raw",10.91,0.0,0.0,False,False,False
Chad,2021,"Cloves (whole stems), raw",10.78,0.0,0.0,False,False,False
Chad,2022,"Cloves (whole stems), raw",14.3,0.0,0.0,False,False,False
Chad,2023,"Cloves (whole stems), raw",19.13,0.0,0.0,False,False,False
Chile,1993,"Cloves (whole stems), raw",16.0,0.0,0.0,False,False,False
Chile,1994,"Cloves (whole stems), raw",22.0,0.0,0.0,False,False,False
Chile,1995,"Cloves (whole stems), raw",21.0,0.0,0.0,False,False,False
Chile,1996,"Cloves (whole stems), raw",25.0,0.0,0.0,False,False,False
Chile,1997,"Cloves (whole stems), raw",24.0,0.0,0.0,False,False,False
Chile,1998,"Cloves (whole stems), raw",34.0,0.0,0.0,False,False,False
Chile,1999,"Cloves (whole stems), raw",11.31,1.79,0.0,False,True,False
Chile,2000,"Cloves (whole stems), raw",19.82,0.42,0.0,False,False,False
Chile,2001,"Cloves (whole stems), raw",52.0,0.0,0.0,False,False,False
Chile,2002,"Cloves (whole stems), raw",18.0,0.0,0.0,False,False,False
Chile,2003,"Cloves (whole stems), raw",35.0,0.0,0.0,False,False,False
Chile,2004,"Cloves (whole stems), raw",12.0,0.0,0.0,False,False,False
Chile,2005,"Cloves (whole stems), raw",33.0,0.0,0.0,False,False,False
Chile,2006,"Cloves (whole stems), raw",7.0,0.0,0.0,False,False,False
Chile,2007,"Cloves (whole stems), raw",25.0,0.0,0.0,False,False,False
Chile,2008,"Cloves (whole stems), raw",34.0,0.0,0.0,False,False,False
Chile,2009,"Cloves (whole stems), raw",21.0,0.0,0.0,False,False,False
Chile,2010,"Cloves (whole stems), raw",22.0,0.0,0.0,False,False,False
Chile,2011,"Cloves (whole stems), raw",24.0,0.0,0.0,False,False,False
Chile,2012,"Cloves (whole stems), raw",20.0,0.0,0.0,False,False,False
Chile,2013,"Cloves (whole stems), raw",16.0,0.0,0.0,False,False,False
Chile,2014,"Cloves (whole stems), raw",42.26,0.0,0.0,False,False,False
Chile,2015,"Cloves (whole stems), raw",21.49,0.0,0.0,False,False,False
Chile,2016,"Cloves (whole stems), raw",32.12,0.0,0.0,False,False,False
Chile,2017,"Cloves (whole stems), raw",51.34,0.0,0.0,False,False,False
Chile,2018,"Cloves (whole stems), raw",68.16,0.0,0.0,False,False,False
Chile,2019,"Cloves (whole stems), raw",40.46,0.0,0.0,False,False,False
Chile,2020,"Cloves (whole stems), raw",110.15,0.02,0.0,False,False,False
Chile,2021,"Cloves (whole stems), raw",64.7,0.0,0.0,False,False,False
Chile,2022,"Cloves (whole stems), raw",70.51,0.0,0.0,False,False,False
Chile,2023,"Cloves (whole stems), raw",205.94,0.46,0.0,False,True,False
China,1993,"Cloves (whole stems), raw",2994.0,1031.0,250.42,False,False,False
China,1994,"Cloves (whole stems), raw",2592.0,996.0,282.17,False,False,False
China,1995,"Cloves (whole stems), raw",2054.0,676.0,300.0,False,False,False
China,1996,"Cloves (whole stems), raw",3988.0,1406.0,346.48,False,False,False
China,1997,"Cloves (whole stems), raw",4231.0,1734.0,360.8,False,False,False
China,1998,"Cloves (whole stems), raw",5647.0,2377.0,350.0,False,False,False
China,1999,"Cloves (whole stems), raw",1031.0,855.0,400.0,False,False,False
China,2000,"Cloves (whole stems), raw",1959.82,635.5,500.0,False,False,False
China,2001,"Cloves (whole stems), raw",2313.0,851.0,526.84,False,False,False
China,2002,"Cloves (whole stems), raw",2172.0,860.0,550.0,False,False,False
China,2003,"Cloves (whole stems), raw",894.0,173.0,600.0,False,False,False
China,2004,"Cloves (whole stems), raw",366.0,154.0,700.0,False,False,False
China,2005,"Cloves (whole stems), raw",513.0,44.0,627.22,False,False,False
China,2006,"Cloves (whole stems), raw",252.0,26.0,696.24,False,False,False
China,2007,"Cloves (whole stems), raw",286.0,67.0,800.0,False,False,False
China,2008,"Cloves (whole stems), raw",201.0,25.0,825.0,False,False,False
China,2009,"Cloves (whole stems), raw",279.0,87.0,900.0,False,False,False
China,2010,"Cloves (whole stems), raw",322.0,34.0,975.88,False,False,False
China,2011,"Cloves (whole stems), raw",503.0,136.0,1050.58,False,False,False
China,2012,"Cloves (whole stems), raw",575.0,91.0,1150.0,False,False,False
China,2013,"Cloves (whole stems), raw",572.0,60.0,1200.0,False,False,False
China,2014,"Cloves (whole stems), raw",352.33,45.28,1263.94,False,False,False
China,2015,"Cloves (whole stems), raw",453.65,106.78,1344.11,False,False,False
China,2016,"Cloves (whole stems), raw",322.93,187.74,1269.35,False,False,False
China,2017,"Cloves (whole stems), raw",296.04,185.89,1348.59,False,False,False
China,2018,"Cloves (whole stems), raw",294.79,363.13,1320.68,False,False,False
China,2019,"Cloves (whole stems), raw",617.71,443.23,1312.87,False,False,False
China,2020,"Cloves (whole stems), raw",3006.75,575.15,1327.38,False,False,False
China,2021,"Cloves (whole stems), raw",2643.18,793.37,1320.31,False,False,False
China,2022,"Cloves (whole stems), raw",3351.58,710.92,1320.19,False,False,False
China,2023,"Cloves (whole stems), raw",2602.53,332.02,1322.63,False,False,False
"China, Hong Kong SAR",1993,"Cloves (whole stems), raw",1263.0,1006.0,0.0,False,False,False
"China, Hong Kong SAR",1994,"Cloves (whole stems), raw",997.0,992.0,0.0,False,False,False
"China, Hong Kong SAR",1995,"Cloves (whole stems), raw",876.0,671.0,0.0,False,False,False
"China, Hong Kong SAR",1996,"Cloves (whole stems), raw",1488.0,1395.0,0.0,False,False,False
"China, Hong Kong SAR",1997,"Cloves (whole stems), raw",1913.0,1730.0,0.0,False,False,False
"China, Hong Kong SAR",1998,"Cloves (whole stems), raw",2993.0,2333.0,0.0,True,False,False
"China, Hong Kong SAR",1999,"Cloves (whole stems), raw",695.0,576.0,0.0,False,False,False
"China, Hong Kong SAR",2000,"Cloves (whole stems), raw",820.99,627.42,0.0,False,False,False
"China, Hong Kong SAR",2001,"Cloves (whole stems), raw",1399.0,824.0,0.0,False,False,False
"China, Hong Kong SAR",2002,"Cloves (whole stems), raw",977.0,843.0,0.0,False,False,False
"China, Hong Kong SAR",2003,"Cloves (whole stems), raw",92.0,143.0,0.0,False,False,False
"China, Hong Kong SAR",2004,"Cloves (whole stems), raw",76.0,129.0,0.0,False,False,False
"China, Hong Kong SAR",2005,"Cloves (whole stems), raw",55.0,25.0,0.0,False,False,False
"China, Hong Kong SAR",2006,"Cloves (whole stems), raw",26.0,3.0,0.0,False,False,False
"China, Hong Kong SAR",2007,"Cloves (whole stems), raw",72.0,47.0,0.0,False,False,False
"China, Hong Kong SAR",2008,"Cloves (whole stems), raw",23.0,5.0,0.0,False,False,False
"China, Hong Kong SAR",2009,"Cloves (whole stems), raw",38.0,37.0,0.0,False,False,False
"China, Hong Kong SAR",2010,"Cloves (whole stems), raw",24.0,9.0,0.0,False,False,False
"China, Hong Kong SAR",2011,"Cloves (whole stems), raw",30.0,30.0,0.0,False,False,False
"China, Hong Kong SAR",2012,"Cloves (whole stems), raw",35.0,16.0,0.0,False,False,False
"China, Hong Kong SAR",2013,"Cloves (whole stems), raw",38.0,15.0,0.0,False,False,False
"China, Hong Kong SAR",2014,"Cloves (whole stems), raw",26.09,4.51,0.0,False,False,False
"China, Hong Kong SAR",2015,"Cloves (whole stems), raw",75.69,64.2,0.0,False,False,False
"China, Hong Kong SAR",2016,"Cloves (whole stems), raw",102.67,73.56,0.0,False,False,False
"China, Hong Kong SAR",2017,"Cloves (whole stems), raw",44.79,51.93,0.0,False,False,False
"China, Hong Kong SAR",2018,"Cloves (whole stems), raw",84.98,51.09,0.0,False,False,False
"China, Hong Kong SAR",2019,"Cloves (whole stems), raw",53.97,49.82,0.0,False,False,False
"China, Hong Kong SAR",2020,"Cloves (whole stems), raw",143.2,187.3,0.0,True,True,False
"China, Hong Kong SAR",2021,"Cloves (whole stems), raw",55.94,33.99,0.0,False,False,False
"China, Hong Kong SAR",2022,"Cloves (whole stems), raw",39.15,1.78,0.0,False,False,False
"China, Hong Kong SAR",2023,"Cloves (whole stems), raw",30.09,19.11,0.0,False,False,False
"China, Macao SAR",2000,"Cloves (whole stems), raw",0.01,0.0,0.0,True,False,False
"China, Macao SAR",2001,"Cloves (whole stems), raw",0.0,0.0,0.0,False,False,False
"China, Macao SAR",2002,"Cloves (whole stems), raw",0.0,0.0,0.0,False,False,False
"China, Macao SAR",2003,"Cloves (whole stems), raw",0.0,0.0,0.0,False,False,False
"China, Macao SAR",2004,"Cloves (whole stems), raw",0.0,0.0,0.0,False,False,False
"China, Macao SAR",2005,"Cloves (whole stems), raw",0.0,0.0,0.0,False,False,False
"China, Macao SAR",2006,"Cloves (whole stems), raw",0.0,0.0,0.0,False,False,False
"China, Macao SAR",2007,"Cloves (whole stems), raw",0.0,0.0,0.0,False,False,False
"China, Macao SAR",2008,"Cloves (whole stems), raw",1.0,0.0,0.0,True,False,False
"China, Macao SAR",2009,"Cloves (whole stems), raw",0.0,0.0,0.0,False,False,False
"China, Macao SAR",2010,"Cloves (whole stems), raw",0.0,0.0,0.0,False,False,False
"China, Macao SAR",2011,"Cloves (whole stems), raw",0.0,0.0,0.0,False,False,False
"China, Macao SAR",2012,"Cloves (whole stems), raw",0.0,0.0,0.0,False,False,False
"China, Macao SAR",2013,"Cloves (whole stems), raw",0.0,0.0,0.0,False,False,False
"China, Macao SAR",2014,"Cloves (whole stems), raw",0.31,0.0,0.0,False,False,False
"China, Macao SAR",2015,"Cloves (whole stems), raw",0.29,0.0,0.0,False,False,False
"China, Macao SAR",2016,"Cloves (whole stems), raw",0.16,0.0,0.0,False,False,False
"China, Macao SAR",2017,"Cloves (whole stems), raw",0.51,0.0,0.0,False,False,False
"China, Macao SAR",2018,"Cloves (whole stems), raw",0.98,0.0,0.0,True,False,False
"China, Macao SAR",2021,"Cloves (whole stems), raw",0.24,0.0,0.0,False,False,False
"China, Macao SAR",2022,"Cloves (whole stems), raw",0.2,0.0,0.0,False,False,False
"China, Macao SAR",2023,"Cloves (whole stems), raw",0.2,0.0,0.0,False,False,False
"China, mainland",1993,"Cloves (whole stems), raw",1456.0,18.0,250.42,False,True,False
"China, mainland",1994,"Cloves (whole stems), raw",1250.0,0.0,282.17,False,False,False
"China, mainland",1995,"Cloves (whole stems), raw",855.0,4.0,300.0,False,False,False
"China, mainland",1996,"Cloves (whole stems), raw",2257.0,2.0,346.48,False,False,False
"China, mainland",1997,"Cloves (whole stems), raw",2103.0,2.0,360.8,False,False,False
"China, mainland",1998,"Cloves (whole stems), raw",2385.0,28.0,350.0,False,False,False
"China, mainland",1999,"Cloves (whole stems), raw",211.0,276.0,400.0,False,True,False
"China, mainland",2000,"Cloves (whole stems), raw",933.7,7.84,500.0,False,False,False
"China, mainland",2001,"Cloves (whole stems), raw",681.0,3.0,526.84,False,False,False
"China, mainland",2002,"Cloves (whole stems), raw",950.0,17.0,550.0,False,False,False
"China, mainland",2003,"Cloves (whole stems), raw",575.0,27.0,600.0,False,False,False
"China, mainland",2004,"Cloves (whole stems), raw",152.0,24.0,700.0,False,False,False
"China, mainland",2005,"Cloves (whole stems), raw",120.0,16.0,627.22,False,False,False
"China, mainland",2006,"Cloves (whole stems), raw",27.0,14.0,696.24,False,False,False
"China, mainland",2007,"Cloves (whole stems), raw",11.0,11.0,800.0,False,False,False
"China, mainland",2008,"Cloves (whole stems), raw",14.0,13.0,825.0,False,False,False
"China, mainland",2009,"Cloves (whole stems), raw",33.0,28.0,900.0,False,False,False
"China, mainland",2010,"Cloves (whole stems), raw",40.0,14.0,975.88,False,False,False
"China, mainland",2011,"Cloves (whole stems), raw",324.0,83.0,1050.58,False,False,False
"China, mainland",2012,"Cloves (whole stems), raw",387.0,59.0,1150.0,False,False,False
"China, mainland",2013,"Cloves (whole stems), raw",344.0,31.0,1200.0,False,False,False
"China, mainland",2014,"Cloves (whole stems), raw",148.82,40.65,1263.94,False,False,False
"China, mainland",2015,"Cloves (whole stems), raw",180.25,42.09,1344.11,False,False,False
"China, mainland",2016,"Cloves (whole stems), raw",0.0,114.16,1269.35,False,False,False
"China, mainland",2017,"Cloves (whole stems), raw",13.36,133.87,1348.59,False,False,False
"China, mainland",2018,"Cloves (whole stems), raw",14.71,312.0,1320.68,False,False,False
"China, mainland",2019,"Cloves (whole stems), raw",356.62,393.42,1312.87,False,False,False
"China, mainland",2020,"Cloves (whole stems), raw",2709.06,387.82,1327.38,False,False,False
"China, mainland",2021,"Cloves (whole stems), raw",2392.59,759.38,1320.31,False,False,False
"China, mainland",2022,"Cloves (whole stems), raw",3192.64,709.1,1320.19,True,False,False
"China, mainland",2023,"Cloves (whole stems), raw",2420.87,312.9,1322.63,False,False,False
"China, Taiwan Province of",1993,"Cloves (whole stems), raw",275.0,7.0,0.0,False,False,False
"China, Taiwan Province of",1994,"Cloves (whole stems), raw",345.0,4.0,0.0,False,False,False
"China, Taiwan Province of",1995,"Cloves (whole stems), raw",323.0,1.0,0.0,False,False,False
"China, Taiwan Province of",1996,"Cloves (whole stems), raw",243.0,9.0,0.0,False,False,False
"China, Taiwan Province of",1997,"Cloves (whole stems), raw",215.0,2.0,0.0,False,False,False
"China, Taiwan Province of",1998,"Cloves (whole stems), raw",269.0,16.0,0.0,False,False,False
"China, Taiwan Province of",1999,"Cloves (whole stems), raw",125.0,3.0,0.0,True,False,False
"China, Taiwan Province of",2000,"Cloves (whole stems), raw",205.12,0.24,0.0,False,False,False
"China, Taiwan Province of",2001,"Cloves (whole stems), raw",233.0,24.0,0.0,False,True,False
"China, Taiwan Province of",2002,"Cloves (whole stems), raw",245.0,0.0,0.0,False,False,False
"China, Taiwan Province of",2003,"Cloves (whole stems), raw",227.0,3.0,0.0,False,False,False
"China, Taiwan Province of",2004,"Cloves (whole stems), raw",138.0,1.0,0.0,True,False,False
"China, Taiwan Province of",2005,"Cloves (whole stems), raw",338.0,3.0,0.0,True,False,False
"China, Taiwan Province of",2006,"Cloves (whole stems), raw",199.0,9.0,0.0,False,False,False
"China, Taiwan Province of",2007,"Cloves (whole stems), raw",203.0,9.0,0.0,False,False,False
"China, Taiwan Province of",2008,"Cloves (whole stems), raw",163.0,7.0,0.0,False,False,False
"China, Taiwan Province of",2009,"Cloves (whole stems), raw",208.0,22.0,0.0,False,False,False
"China, Taiwan Province of",2010,"Cloves (whole stems), raw",258.0,11.0,0.0,False,False,False
"China, Taiwan Province of",2011,"Cloves (whole stems), raw",149.0,23.0,0.0,False,False,False
"China, Taiwan Province of",2012,"Cloves (whole stems), raw",153.0,16.0,0.0,False,False,False
"China, Taiwan Province of",2013,"Cloves (whole stems), raw",190.0,14.0,0.0,False,False,False
"China, Taiwan Province of",2014,"Cloves (whole stems), raw",177.11,0.12,0.0,False,False,False
"China, Taiwan Province of",2015,"Cloves (whole stems), raw",197.42,0.5,0.0,False,False,False
"China, Taiwan Province of",2016,"Cloves (whole stems), raw",220.1,0.03,0.0,False,False,False
"China, Taiwan Province of",2017,"Cloves (whole stems), raw",237.38,0.09,0.0,False,False,False
"China, Taiwan Province of",2018,"Cloves (whole stems), raw",194.11,0.04,0.0,False,False,False
"China, Taiwan Province of",2019,"Cloves (whole stems), raw",207.13,0.0,0.0,False,False,False
"China, Taiwan Province of",2020,"Cloves (whole stems), raw",154.49,0.04,0.0,False,False,False
"China, Taiwan Province of",2021,"Cloves (whole stems), raw",194.41,0.01,0.0,False,False,False
"China, Taiwan Province of",2022,"Cloves (whole stems), raw",119.58,0.03,0.0,False,False,False
"China, Taiwan Province of",2023,"Cloves (whole stems), raw",151.38,0.0,0.0,False,False,False
Colombia,1993,"Cloves (whole stems), raw",81.0,0.0,0.0,False,False,False
Colombia,1994,"Cloves (whole stems), raw",38.0,0.0,0.0,False,False,False
Colombia,1995,"Cloves (whole stems), raw",69.0,1.0,0.0,False,True,False
Colombia,1996,"Cloves (whole stems), raw",168.0,0.0,0.0,False,False,False
Colombia,1997,"Cloves (whole stems), raw",284.0,0.0,0.0,False,False,False
Colombia,1998,"Cloves (whole stems), raw",167.0,0.0,0.0,False,False,False
Colombia,1999,"Cloves (whole stems), raw",0.0,0.0,0.0,False,False,False
Colombia,2000,"Cloves (whole stems), raw",82.83,0.0,0.0,False,False,False
Colombia,2001,"Cloves (whole stems), raw",77.0,0.0,0.0,False,False,False
Colombia,2002,"Cloves (whole stems), raw",106.0,1.0,0.0,False,True,False
Colombia,2003,"Cloves (whole stems), raw",131.0,0.0,0.0,False,False,False
Colombia,2004,"Cloves (whole stems), raw",99.0,0.0,0.0,False,False,False
Colombia,2005,"Cloves (whole stems), raw",73.0,0.0,0.0,False,False,False
Colombia,2006,"Cloves (whole stems), raw",114.0,0.0,0.0,False,False,False
Colombia,2007,"Cloves (whole stems), raw",136.0,0.0,0.0,False,False,False
Colombia,2008,"Cloves (whole stems), raw",68.0,0.0,0.0,False,False,False
Colombia,2009,"Cloves (whole stems), raw",130.0,0.0,0.0,False,False,False
Colombia,2010,"Cloves (whole stems), raw",92.0,0.0,0.0,False,False,False
Colombia,2011,"Cloves (whole stems), raw",82.0,0.0,0.0,False,False,False
Colombia,2012,"Cloves (whole stems), raw",179.0,0.0,0.0,False,False,False
Colombia,2013,"Cloves (whole stems), raw",147.0,0.0,0.0,False,False,False
Colombia,2014,"Cloves (whole stems), raw",81.33,0.0,0.0,False,False,False
Colombia,2015,"Cloves (whole stems), raw",102.17,0.0,0.0,False,False,False
Colombia,2016,"Cloves (whole stems), raw",101.05,0.0,0.0,False,False,False
Colombia,2017,"Cloves (whole stems), raw",92.21,0.0,0.0,False,False,False
Colombia,2018,"Cloves (whole stems), raw",124.41,0.0,0.0,False,False,False
Colombia,2019,"Cloves (whole stems), raw",157.6,0.0,0.0,False,False,False
Colombia,2020,"Cloves (whole stems), raw",216.88,0.0,0.0,False,False,False
Colombia,2021,"Cloves (whole stems), raw",106.67,0.02,0.0,False,False,False
Colombia,2022,"Cloves (whole stems), raw",312.98,0.0,0.0,True,False,False
Colombia,2023,"Cloves (whole stems), raw",163.61,0.07,0.0,False,False,False
Comoros,2019,"Cloves (whole stems), raw",0.22,3553.7,6941.0,False,False,False
Comoros,2022,"Cloves (whole stems), raw",28.8,5291.85,7392.82,False,False,False
Comoros,2023,"Cloves (whole stems), raw",51.51,8991.61,7662.74,False,False,False
Congo,2009,"Cloves (whole stems), raw",0.0,0.0,0.0,False,False,False
Congo,2010,"Cloves (whole stems), raw",0.0,0.0,0.0,False,False,False
Congo,2011,"Cloves (whole stems), raw",0.0,0.0,0.0,False,False,False
Congo,2012,"Cloves (whole stems), raw",0.0,0.0,0.0,False,False,False
Congo,2013,"Cloves (whole stems), raw",1.0,0.0,0.0,False,False,False
Congo,2014,"Cloves (whole stems), raw",0.2,0.0,0.0,False,False,False
Congo,2015,"Cloves (whole stems), raw",0.35,0.0,0.0,False,False,False
Congo,2016,"Cloves (whole stems), raw",0.47,0.0,0.0,False,False,False
Congo,2017,"Cloves (whole stems), raw",0.15,0.0,0.0,False,False,False
Congo,2018,"Cloves (whole stems), raw",0.25,0.0,0.0,False,False,False
Congo,2019,"Cloves (whole stems), raw",0.65,0.0,0.0,False,False,False
Congo,2020,"Cloves (whole stems), raw",0.33,0.0,0.0,False,False,False
Congo,2021,"Cloves (whole stems), raw",3.12,0.0,0.0,False,False,False
Congo,2022,"Cloves (whole stems), raw",4.27,0.0,0.0,False,False,False
Congo,2023,"Cloves (whole stems), raw",31.07,0.0,0.0,True,False,False
Cook Islands,2014,"Cloves (whole stems), raw",0.05,0.0,0.0,False,False,False
Cook Islands,2015,"Cloves (whole stems), raw",0.03,0.0,0.0,False,False,False
Cook Islands,2016,"Cloves (whole stems), raw",0.06,0.0,0.0,False,False,False
Cook Islands,2017,"Cloves (whole stems), raw",0.03,0.0,0.0,False,False,False
Cook Islands,2018,"Cloves (whole stems), raw",0.04,0.0,0.0,False,False,False
Cook Islands,2019,"Cloves (whole stems), raw",0.07,0.0,0.0,False,False,False
Cook Islands,2020,"Cloves (whole stems), raw",0.06,0.0,0.0,False,False,False
Cook Islands,2021,"Cloves (whole stems), raw",0.05,0.0,0.0,False,False,False
Cook Islands,2022,"Cloves (whole stems), raw",0.13,0.0,0.0,False,False,False
Cook Islands,2023,"Cloves (whole stems), raw",0.11,0.0,0.0,False,False,False
Costa Rica,1993,"Cloves (whole stems), raw",4.0,4.0,0.0,False,False,False
Costa Rica,1994,"Cloves (whole stems), raw",13.0,0.0,0.0,False,False,False
Costa Rica,1995,"Cloves (whole stems), raw",8.0,4.0,0.0,False,False,False
Costa Rica,1996,"Cloves (whole stems), raw",2.0,0.0,0.0,False,False,False
Costa Rica,1997,"Cloves (whole stems), raw",19.0,0.0,0.0,False,False,False
Costa Rica,1998,"Cloves (whole stems), raw",13.0,0.0,0.0,False,False,False
Costa Rica,1999,"Cloves (whole stems), raw",8.13,0.11,0.0,False,False,False
Costa Rica,2000,"Cloves (whole stems), raw",21.21,0.09,0.0,False,False,False
Costa Rica,2001,"Cloves (whole stems), raw",9.0,0.0,0.0,False,False,False
Costa Rica,2002,"Cloves (whole stems), raw",28.0,1.0,0.0,False,False,False
Costa Rica,2003,"Cloves (whole stems), raw",32.0,1.0,0.0,False,False,False
Costa Rica,2004,"Cloves (whole stems), raw",17.0,1.0,0.0,False,False,False
Costa Rica,2005,"Cloves (whole stems), raw",22.0,0.0,0.0,False,False,False
Costa Rica,2006,"Cloves (whole stems), raw",53.0,2.0,0.0,True,False,False
Costa Rica,2007,"Cloves (whole stems), raw",21.0,2.0,0.0,False,False,False
Costa Rica,2008,"Cloves (whole stems), raw",13.0,0.0,0.0,False,False,False
Costa Rica,2009,"Cloves (whole stems), raw",15.0,0.0,0.0,False,False,False
Costa Rica,2010,"Cloves (whole stems), raw",23.0,1.0,0.0,False,False,False
Costa Rica,2011,"Cloves (whole stems), raw",13.0,1.0,0.0,False,False,False
Costa Rica,2012,"Cloves (whole stems), raw",12.0,0.0,0.0,False,False,False
Costa Rica,2013,"Cloves (whole stems), raw",9.0,0.0,0.0,False,False,False
Costa Rica,2014,"Cloves (whole stems), raw",18.7,0.35,0.0,False,False,False
Costa Rica,2015,"Cloves (whole stems), raw",17.75,0.16,0.0,False,False,False
Costa Rica,2016,"Cloves (whole stems), raw",28.64,0.52,0.0,False,False,False
Costa Rica,2017,"Cloves (whole stems), raw",46.19,1.42,0.0,False,False,False
Costa Rica,2018,"Cloves (whole stems), raw",29.93,2.79,0.0,False,False,False
Costa Rica,2019,"Cloves (whole stems), raw",24.24,1.38,0.0,False,False,False
Costa Rica,2020,"Cloves (whole stems), raw",56.47,2.18,0.0,False,False,False
Costa Rica,2021,"Cloves (whole stems), raw",20.33,0.26,0.0,False,False,False
Costa Rica,2022,"Cloves (whole stems), raw",26.72,0.13,0.0,False,False,False
Costa Rica,2023,"Cloves (whole stems), raw",25.47,0.61,0.0,False,False,False
Côte d'Ivoire,1997,"Cloves (whole stems), raw",13.78,0.0,0.0,False,False,False
Côte d'Ivoire,1998,"Cloves (whole stems), raw",10.81,0.0,0.0,False,False,False
Côte d'Ivoire,1999,"Cloves (whole stems), raw",3.86,0.53,0.0,False,True,False
Côte d'Ivoire,2000,"Cloves (whole stems), raw",11.06,0.0,0.0,False,False,False
Côte d'Ivoire,2001,"Cloves (whole stems), raw",4.0,0.0,0.0,False,False,False
Côte d'Ivoire,2002,"Cloves (whole stems), raw",16.0,0.0,0.0,False,False,False
Côte d'Ivoire,2003,"Cloves (whole stems), raw",9.0,0.0,0.0,False,False,False
Côte d'Ivoire,2004,"Cloves (whole stems), raw",9.0,0.0,0.0,False,False,False
Côte d'Ivoire,2005,"Cloves (whole stems), raw",13.0,0.0,0.0,False,False,False
Côte d'Ivoire,2006,"Cloves (whole stems), raw",22.0,0.0,0.0,False,False,False
Côte d'Ivoire,2007,"Cloves (whole stems), raw",10.0,0.0,0.0,False,False,False
Côte d'Ivoire,2008,"Cloves (whole stems), raw",34.0,0.0,0.0,False,False,False
Côte d'Ivoire,2009,"Cloves (whole stems), raw",26.0,0.0,0.0,False,False,False
Côte d'Ivoire,2010,"Cloves (whole stems), raw",15.0,0.0,0.0,False,False,False
Côte d'Ivoire,2011,"Cloves (whole stems), raw",13.0,2.0,0.0,False,True,False
Côte d'Ivoire,2012,"Cloves (whole stems), raw",2.0,0.0,0.0,False,False,False
Côte d'Ivoire,2013,"Cloves (whole stems), raw",8.0,1.0,0.0,False,False,False
Côte d'Ivoire,2014,"Cloves (whole stems), raw",5.26,0.0,0.0,False,False,False
Côte d'Ivoire,2015,"Cloves (whole stems), raw",17.35,0.0,0.0,False,False,False
Côte d'Ivoire,2016,"Cloves (whole stems), raw",9.37,0.0,0.0,False,False,False
Côte d'Ivoire,2017,"Cloves (whole stems), raw",12.38,0.0,0.0,False,False,False
Côte d'Ivoire,2018,"Cloves (whole stems), raw",2.46,0.25,0.0,False,True,False
Côte d'Ivoire,2019,"Cloves (whole stems), raw",1.82,0.12,0.0,False,False,False
Côte d'Ivoire,2020,"Cloves (whole stems), raw",8.36,0.03,0.0,False,False,False
Côte d'Ivoire,2021,"Cloves (whole stems), raw",4.72,0.02,0.0,False,False,False
Côte d'Ivoire,2022,"Cloves (whole stems), raw",5.96,0.25,0.0,False,False,False
Côte d'Ivoire,2023,"Cloves (whole stems), raw",7.06,0.76,0.0,False,False,False
Croatia,1993,"Cloves (whole stems), raw",1.0,0.0,0.0,False,False,False
Croatia,1994,"Cloves (whole stems), raw",6.0,0.0,0.0,False,False,False
Croatia,1995,"Cloves (whole stems), raw",3.0,0.0,0.0,False,False,False
Croatia,1996,"Cloves (whole stems), raw",16.0,1.0,0.0,True,False,False
Croatia,1997,"Cloves (whole stems), raw",3.0,1.0,0.0,False,False,False
Croatia,1998,"Cloves (whole stems), raw",1.0,0.0,0.0,False,False,False
Croatia,1999,"Cloves (whole stems), raw",5.0,0.0,0.0,False,False,False
Croatia,2000,"Cloves (whole stems), raw",4.0,0.0,0.0,False,False,False
Croatia,2001,"Cloves (whole stems), raw",4.0,1.0,0.0,False,False,False
Croatia,2002,"Cloves (whole stems), raw",4.0,2.0,0.0,False,False,False
Croatia,2003,"Cloves (whole stems), raw",6.0,2.0,0.0,False,False,False
Croatia,2004,"Cloves (whole stems), raw",7.0,2.0,0.0,False,False,False
Croatia,2005,"Cloves (whole stems), raw",9.0,1.0,0.0,False,False,False
Croatia,2006,"Cloves (whole stems), raw",7.0,1.0,0.0,False,False,False
Croatia,2007,"Cloves (whole stems), raw",8.0,0.0,0.0,False,False,False
Croatia,2008,"Cloves (whole stems), raw",7.0,0.0,0.0,False,False,False
Croatia,2009,"Cloves (whole stems), raw",5.0,1.0,0.0,False,False,False
Croatia,2010,"Cloves (whole stems), raw",7.0,1.0,0.0,False,False,False
Croatia,2011,"Cloves (whole stems), raw",6.0,1.0,0.0,False,False,False
Croatia,2012,"Cloves (whole stems), raw",6.0,1.0,0.0,False,False,False
Croatia,2013,"Cloves (whole stems), raw",6.0,2.0,0.0,False,False,False
Croatia,2014,"Cloves (whole stems), raw",6.02,1.01,0.0,False,False,False
Croatia,2015,"Cloves (whole stems), raw",7.41,2.28,0.0,False,False,False
Croatia,2016,"Cloves (whole stems), raw",7.9,1.02,0.0,False,False,False
Croatia,2017,"Cloves (whole stems), raw",11.62,5.14,0.0,False,False,False
Croatia,2018,"Cloves (whole stems), raw",10.65,5.17,0.0,False,False,False
Croatia,2019,"Cloves (whole stems), raw",10.36,5.62,0.0,False,False,False
Croatia,2020,"Cloves (whole stems), raw",9.68,4.51,0.0,False,False,False
Croatia,2021,"Cloves (whole stems), raw",14.25,4.42,0.0,False,False,False
Croatia,2022,"Cloves (whole stems), raw",12.07,3.79,0.0,False,False,False
Croatia,2023,"Cloves (whole stems), raw",14.85,4.16,0.0,False,False,False
Cuba,1999,"Cloves (whole stems), raw",1.0,0.0,0.0,False,False,False
Cuba,2000,"Cloves (whole stems), raw",2.0,0.0,0.0,False,False,False
Cuba,2001,"Cloves (whole stems), raw",2.0,0.0,0.0,False,False,False
Cuba,2002,"Cloves (whole stems), raw",6.0,0.0,0.0,False,False,False
Cuba,2003,"Cloves (whole stems), raw",19.0,0.0,0.0,True,False,False
Cuba,2004,"Cloves (whole stems), raw",5.0,0.0,0.0,False,False,False
Cuba,2005,"Cloves (whole stems), raw",7.0,0.0,0.0,False,False,False
Cuba,2006,"Cloves (whole stems), raw",3.0,0.0,0.0,False,False,False
Cuba,2007,"Cloves (whole stems), raw",6.0,0.0,0.0,False,False,False
Cuba,2008,"Cloves (whole stems), raw",0.0,0.0,0.0,False,False,False
Cuba,2009,"Cloves (whole stems), raw",0.0,0.0,0.0,False,False,False
Cuba,2010,"Cloves (whole stems), raw",0.0,0.0,0.0,False,False,False
Cuba,2011,"Cloves (whole stems), raw",0.0,0.0,0.0,False,False,False
Cuba,2012,"Cloves (whole stems), raw",0.0,0.0,0.0,False,False,False
Cuba,2013,"Cloves (whole stems), raw",0.0,0.0,0.0,False,False,False
Cuba,2014,"Cloves (whole stems), raw",6.34,0.0,0.0,False,False,False
Cuba,2015,"Cloves (whole stems), raw",5.91,0.0,0.0,False,False,False
Cuba,2016,"Cloves (whole stems), raw",9.91,0.0,0.0,False,False,False
Cuba,2017,"Cloves (whole stems), raw",5.51,0.0,0.0,False,False,False
Cuba,2018,"Cloves (whole stems), raw",17.73,0.0,0.0,True,False,False
Cuba,2019,"Cloves (whole stems), raw",0.58,0.0,0.0,False,False,False
Cuba,2020,"Cloves (whole stems), raw",4.34,0.0,0.0,False,False,False
Cuba,2021,"Cloves (whole stems), raw",2.28,0.0,0.0,False,False,False
Cuba,2022,"Cloves (whole stems), raw",0.66,0.0,0.0,False,False,False
Cuba,2023,"Cloves (whole stems), raw",2.48,0.0,0.0,False,False,False
Cyprus,1993,"Cloves (whole stems), raw",1.0,0.0,0.0,True,False,False
Cyprus,1994,"Cloves (whole stems), raw",4.0,0.0,0.0,False,False,False
Cyprus,1995,"Cloves (whole stems), raw",4.0,0.0,0.0,False,False,False
Cyprus,1996,"Cloves (whole stems), raw",5.0,0.0,0.0,False,False,False
Cyprus,1997,"Cloves (whole stems), raw",5.0,0.0,0.0,False,False,False
Cyprus,1998,"Cloves (whole stems), raw",2.0,0.0,0.0,False,False,False
Cyprus,1999,"Cloves (whole stems), raw",5.0,0.0,0.0,False,False,False
Cyprus,2000,"Cloves (whole stems), raw",1.49,0.0,0.0,False,False,False
Cyprus,2001,"Cloves (whole stems), raw",4.0,0.0,0.0,False,False,False
Cyprus,2002,"Cloves (whole stems), raw",8.0,0.0,0.0,False,False,False
Cyprus,2003,"Cloves (whole stems), raw",8.0,1.0,0.0,False,True,False
Cyprus,2004,"Cloves (whole stems), raw",6.0,0.0,0.0,False,False,False
Cyprus,2005,"Cloves (whole stems), raw",6.0,0.0,0.0,False,False,False
Cyprus,2006,"Cloves (whole stems), raw",3.0,0.0,0.0,False,False,False
Cyprus,2007,"Cloves (whole stems), raw",6.0,0.0,0.0,False,False,False
Cyprus,2008,"Cloves (whole stems), raw",2.0,0.0,0.0,False,False,False
Cyprus,2009,"Cloves (whole stems), raw",4.0,0.0,0.0,False,False,False
Cyprus,2010,"Cloves (whole stems), raw",1.0,0.0,0.0,False,False,False
Cyprus,2011,"Cloves (whole stems), raw",6.0,0.0,0.0,False,False,False
Cyprus,2012,"Cloves (whole stems), raw",2.0,0.0,0.0,False,False,False
Cyprus,2013,"Cloves (whole stems), raw",7.0,0.0,0.0,False,False,False
Cyprus,2014,"Cloves (whole stems), raw",4.89,0.2,0.0,False,False,False
Cyprus,2015,"Cloves (whole stems), raw",4.76,0.3,0.0,False,False,False
Cyprus,2016,"Cloves (whole stems), raw",7.8,0.43,0.0,False,True,False
Cyprus,2017,"Cloves (whole stems), raw",5.46,0.2,0.0,False,False,False
Cyprus,2018,"Cloves (whole stems), raw",8.02,0.11,0.0,False,False,False
Cyprus,2019,"Cloves (whole stems), raw",6.28,0.19,0.0,False,False,False
Cyprus,2020,"Cloves (whole stems), raw",9.48,0.21,0.0,False,False,False
Cyprus,2021,"Cloves (whole stems), raw",6.35,0.0,0.0,False,False,False
Cyprus,2022,"Cloves (whole stems), raw",6.99,0.0,0.0,False,False,False
Cyprus,2023,"Cloves (whole stems), raw",11.93,0.06,0.0,False,False,False
Czechia,1993,"Cloves (whole stems), raw",37.0,11.0,0.0,False,False,False
Czechia,1994,"Cloves (whole stems), raw",58.0,15.0,0.0,False,False,False
Czechia,1995,"Cloves (whole stems), raw",58.0,9.0,0.0,False,False,False
Czechia,1996,"Cloves (whole stems), raw",51.0,8.0,0.0,False,False,False
Czechia,1997,"Cloves (whole stems), raw",39.0,5.0,0.0,False,False,False
Czechia,1998,"Cloves (whole stems), raw",32.0,3.0,0.0,False,False,False
Czechia,1999,"Cloves (whole stems), raw",52.0,5.0,0.0,False,False,False
Czechia,2000,"Cloves (whole stems), raw",77.32,15.08,0.0,False,True,False
Czechia,2001,"Cloves (whole stems), raw",17.0,4.0,0.0,False,False,False
Czechia,2002,"Cloves (whole stems), raw",63.0,4.0,0.0,False,False,False
Czechia,2003,"Cloves (whole stems), raw",32.0,4.0,0.0,False,False,False
Czechia,2004,"Cloves (whole stems), raw",45.0,4.0,0.0,False,False,False
Czechia,2005,"Cloves (whole stems), raw",44.0,6.0,0.0,False,False,False
Czechia,2006,"Cloves (whole stems), raw",50.0,4.0,0.0,False,False,False
Czechia,2007,"Cloves (whole stems), raw",31.0,3.0,0.0,True,False,False
Czechia,2008,"Cloves (whole stems), raw",42.0,6.0,0.0,False,False,False
Czechia,2009,"Cloves (whole stems), raw",40.0,4.0,0.0,False,False,False
Czechia,2010,"Cloves (whole stems), raw",43.0,9.0,0.0,False,False,False
Czechia,2011,"Cloves (whole stems), raw",34.0,10.0,0.0,False,False,False
Czechia,2012,"Cloves (whole stems), raw",39.0,5.0,0.0,False,False,False
Czechia,2013,"Cloves (whole stems), raw",44.0,4.0,0.0,False,False,False
Czechia,2014,"Cloves (whole stems), raw",36.49,5.29,0.0,False,False,False
Czechia,2015,"Cloves (whole stems), raw",43.52,4.03,0.0,False,False,False
Czechia,2016,"Cloves (whole stems), raw",44.53,4.0,0.0,False,False,False
Czechia,2017,"Cloves (whole stems), raw",39.33,3.48,0.0,False,False,False
Czechia,2018,"Cloves (whole stems), raw",57.91,3.49,0.0,False,False,False
Czechia,2019,"Cloves (whole stems), raw",46.93,5.28,0.0,False,False,False
Czechia,2020,"Cloves (whole stems), raw",50.77,5.96,0.0,False,False,False
Czechia,2021,"Cloves (whole stems), raw",58.47,5.75,0.0,False,False,False
Czechia,2022,"Cloves (whole stems), raw",61.88,10.15,0.0,False,True,False
Czechia,2023,"Cloves (whole stems), raw",55.56,5.78,0.0,False,False,False
Democratic People's Republic of Korea,2016,"Cloves (whole stems), raw",0.6,0.0,0.0,False,False,False
Democratic People's Republic of Korea,2017,"Cloves (whole stems), raw",0.32,0.0,0.0,False,False,False
Democratic Republic of the Congo,1993,"Cloves (whole stems), raw",0.0,0.0,0.0,False,False,False
Democratic Republic of the Congo,1994,"Cloves (whole stems), raw",0.0,0.0,0.0,False,False,False
Democratic Republic of the Congo,1995,"Cloves (whole stems), raw",3.0,0.0,0.0,False,False,False
Democratic Republic of the Congo,1996,"Cloves (whole stems), raw",0.0,0.0,0.0,False,False,False
Democratic Republic of the Congo,1997,"Cloves (whole stems), raw",0.0,0.0,0.0,False,False,False
Democratic Republic of the Congo,1998,"Cloves (whole stems), raw",2.0,0.0,0.0,False,False,False
Democratic Republic of the Congo,1999,"Cloves (whole stems), raw",0.0,0.0,0.0,False,False,False
Democratic Republic of the Congo,2000,"Cloves (whole stems), raw",0.0,0.0,0.0,False,False,False
Democratic Republic of the Congo,2001,"Cloves (whole stems), raw",0.0,0.0,0.0,False,False,False
Democratic Republic of the Congo,2002,"Cloves (whole stems), raw",0.0,0.0,0.0,False,False,False
Democratic Republic of the Congo,2003,"Cloves (whole stems), raw",1.0,0.0,0.0,False,False,False
Democratic Republic of the Congo,2004,"Cloves (whole stems), raw",0.0,0.0,0.0,False,False,False
Democratic Republic of the Congo,2005,"Cloves (whole stems), raw",0.0,0.0,0.0,False,False,False
Democratic Republic of the Congo,2006,"Cloves (whole stems), raw",4.0,0.0,0.0,False,False,False
Democratic Republic of the Congo,2007,"Cloves (whole stems), raw",3.0,0.0,0.0,False,False,False
Democratic Republic of the Congo,2008,"Cloves (whole stems), raw",3.0,0.0,0.0,False,False,False
Democratic Republic of the Congo,2009,"Cloves (whole stems), raw",3.0,0.0,0.0,False,False,False
Democratic Republic of the Congo,2010,"Cloves (whole stems), raw",0.0,0.0,0.0,False,False,False
Democratic Republic of the Congo,2011,"Cloves (whole stems), raw",1.0,0.0,0.0,False,False,False
Democratic Republic of the Congo,2012,"Cloves (whole stems), raw",1.0,0.0,0.0,False,False,False
Democratic Republic of the Congo,2013,"Cloves (whole stems), raw",1.0,0.0,0.0,False,False,False
Democratic Republic of the Congo,2014,"Cloves (whole stems), raw",0.62,0.0,0.0,False,False,False
Democratic Republic of the Congo,2015,"Cloves (whole stems), raw",1.36,0.0,0.0,False,False,False
Democratic Republic of the Congo,2016,"Cloves (whole stems), raw",3.25,0.0,0.0,False,False,False
Democratic Republic of the Congo,2017,"Cloves (whole stems), raw",0.39,0.0,0.0,False,False,False
Democratic Republic of the Congo,2019,"Cloves (whole stems), raw",3.53,0.0,0.0,False,False,False
Democratic Republic of the Congo,2020,"Cloves (whole stems), raw",1.64,0.0,0.0,False,False,False
Democratic Republic of the Congo,2021,"Cloves (whole stems), raw",1.52,0.0,0.0,False,False,False
Democratic Republic of the Congo,2022,"Cloves (whole stems), raw",6.41,0.0,0.0,False,False,False
Democratic Republic of the Congo,2023,"Cloves (whole stems), raw",10.14,0.0,0.0,False,False,False
Denmark,1993,"Cloves (whole stems), raw",28.0,2.0,0.0,True,True,False
Denmark,1994,"Cloves (whole stems), raw",43.0,0.0,0.0,False,False,False
Denmark,1995,"Cloves (whole stems), raw",52.0,0.0,0.0,False,False,False
Denmark,1996,"Cloves (whole stems), raw",44.0,0.0,0.0,False,False,False
Denmark,1997,"Cloves (whole stems), raw",32.0,4.0,0.0,False,True,False
Denmark,1998,"Cloves (whole stems), raw",28.0,1.0,0.0,False,False,False
Denmark,1999,"Cloves (whole stems), raw",56.0,0.0,0.0,False,False,False
Denmark,2000,"Cloves (whole stems), raw",32.0,2.0,0.0,False,False,False
Denmark,2001,"Cloves (whole stems), raw",40.0,3.0,0.0,False,False,False
Denmark,2002,"Cloves (whole stems), raw",68.0,6.0,0.0,False,False,False
Denmark,2003,"Cloves (whole stems), raw",44.0,6.0,0.0,False,False,False
Denmark,2004,"Cloves (whole stems), raw",64.0,4.0,0.0,False,False,False
Denmark,2005,"Cloves (whole stems), raw",44.0,3.0,0.0,False,False,False
Denmark,2006,"Cloves (whole stems), raw",42.0,3.0,0.0,False,False,False
Denmark,2007,"Cloves (whole stems), raw",52.0,9.0,0.0,False,True,False
Denmark,2008,"Cloves (whole stems), raw",41.0,3.0,0.0,False,False,False
Denmark,2009,"Cloves (whole stems), raw",37.0,5.0,0.0,False,False,False
Denmark,2010,"Cloves (whole stems), raw",39.0,1.0,0.0,False,False,False
Denmark,2011,"Cloves (whole stems), raw",32.0,1.0,0.0,False,False,False
Denmark,2012,"Cloves (whole stems), raw",33.0,4.0,0.0,False,False,False
Denmark,2013,"Cloves (whole stems), raw",40.0,1.0,0.0,False,False,False
Denmark,2014,"Cloves (whole stems), raw",74.97,3.6,0.0,False,False,False
Denmark,2015,"Cloves (whole stems), raw",32.71,5.73,0.0,False,False,False
Denmark,2016,"Cloves (whole stems), raw",67.86,3.09,0.0,False,False,False
Denmark,2017,"Cloves (whole stems), raw",66.39,2.84,0.0,False,False,False
Denmark,2018,"Cloves (whole stems), raw",44.49,7.06,0.0,False,False,False
Denmark,2019,"Cloves (whole stems), raw",46.56,1.87,0.0,False,False,False
Denmark,2020,"Cloves (whole stems), raw",28.28,0.94,0.0,False,False,False
Denmark,2021,"Cloves (whole stems), raw",45.54,3.04,0.0,False,False,False
Denmark,2022,"Cloves (whole stems), raw",36.14,1.81,0.0,False,False,False
Denmark,2023,"Cloves (whole stems), raw",32.69,2.05,0.0,False,False,False
Djibouti,1993,"Cloves (whole stems), raw",136.0,0.0,0.0,False,False,False
Djibouti,1994,"Cloves (whole stems), raw",136.0,0.0,0.0,False,False,False
Djibouti,1995,"Cloves (whole stems), raw",136.0,0.0,0.0,False,False,False
Djibouti,1996,"Cloves (whole stems), raw",136.0,0.0,0.0,False,False,False
Djibouti,1997,"Cloves (whole stems), raw",136.0,0.0,0.0,False,False,False
Djibouti,1998,"Cloves (whole stems), raw",375.0,1.0,0.0,True,False,False
Djibouti,1999,"Cloves (whole stems), raw",119.0,0.0,0.0,False,False,False
Djibouti,2000,"Cloves (whole stems), raw",0.0,1.0,0.0,False,False,False
Djibouti,2001,"Cloves (whole stems), raw",0.0,0.0,0.0,False,False,False
Djibouti,2002,"Cloves (whole stems), raw",11.0,0.0,0.0,False,False,False
Djibouti,2003,"Cloves (whole stems), raw",21.0,10.0,0.0,False,True,False
Djibouti,2004,"Cloves (whole stems), raw",11.0,5.0,0.0,False,False,False
Djibouti,2005,"Cloves (whole stems), raw",1.0,1.0,0.0,False,False,False
Djibouti,2006,"Cloves (whole stems), raw",0.0,0.0,0.0,False,False,False
Djibouti,2007,"Cloves (whole stems), raw",0.0,0.0,0.0,False,False,False
Djibouti,2008,"Cloves (whole stems), raw",2.0,0.0,0.0,False,False,False
Djibouti,2009,"Cloves (whole stems), raw",2.0,0.0,0.0,False,False,False
Djibouti,2010,"Cloves (whole stems), raw",2.0,0.0,0.0,False,False,False
Djibouti,2011,"Cloves (whole stems), raw",2.0,0.0,0.0,False,False,False
Djibouti,2012,"Cloves (whole stems), raw",2.0,0.0,0.0,False,False,False
Djibouti,2013,"Cloves (whole stems), raw",2.0,0.0,0.0,False,False,False
Djibouti,2014,"Cloves (whole stems), raw",33.04,0.0,0.0,False,False,False
Djibouti,2015,"Cloves (whole stems), raw",2.05,0.0,0.0,False,False,False
Djibouti,2016,"Cloves (whole stems), raw",26.0,0.0,0.0,False,False,False
Djibouti,2017,"Cloves (whole stems), raw",10.0,0.0,0.0,False,False,False
Djibouti,2018,"Cloves (whole stems), raw",11.6,0.0,0.0,False,False,False
Djibouti,2019,"Cloves (whole stems), raw",5.09,0.0,0.0,False,False,False
Djibouti,2020,"Cloves (whole stems), raw",377.69,0.0,0.0,False,False,False
Djibouti,2021,"Cloves (whole stems), raw",333.9,293.03,0.0,False,False,False
Djibouti,2022,"Cloves (whole stems), raw",246.96,207.71,0.0,False,False,False
Djibouti,2023,"Cloves (whole stems), raw",252.41,156.08,0.0,False,False,False
Dominica,1995,"Cloves (whole stems), raw",0.0,0.0,0.0,True,False,False
Dominica,1996,"Cloves (whole stems), raw",1.0,0.0,0.0,False,False,False
Dominica,1997,"Cloves (whole stems), raw",1.0,0.0,0.0,False,False,False
Dominica,1998,"Cloves (whole stems), raw",1.0,0.0,0.0,False,False,False
Dominica,1999,"Cloves (whole stems), raw",1.0,0.0,0.0,False,False,False
Dominica,2000,"Cloves (whole stems), raw",0.0,0.0,0.0,False,False,False
Dominica,2001,"Cloves (whole stems), raw",0.0,0.0,0.0,False,False,False
Dominica,2002,"Cloves (whole stems), raw",0.0,0.0,0.0,False,False,False
Dominica,2003,"Cloves (whole stems), raw",1.0,0.0,0.0,False,False,False
Dominica,2004,"Cloves (whole stems), raw",2.0,0.0,0.0,True,False,False
Dominica,2005,"Cloves (whole stems), raw",1.0,0.0,0.0,False,False,False
Dominica,2006,"Cloves (whole stems), raw",1.0,0.0,0.0,False,False,False
Dominica,2007,"Cloves (whole stems), raw",1.0,0.0,0.0,False,False,False
Dominica,2008,"Cloves (whole stems), raw",1.0,0.0,0.0,False,False,False
Dominica,2009,"Cloves (whole stems), raw",1.0,0.0,0.0,False,False,False
Dominica,2010,"Cloves (whole stems), raw",1.0,0.0,0.0,False,False,False
Dominica,2011,"Cloves (whole stems), raw",1.0,0.0,0.0,False,False,False
Dominica,2012,"Cloves (whole stems), raw",3.0,0.0,0.0,False,False,False
Dominica,2013,"Cloves (whole stems), raw",168.0,0.0,0.0,True,False,False
Dominica,2017,"Cloves (whole stems), raw",0.01,0.17,0.0,False,False,False
Dominica,2018,"Cloves (whole stems), raw",0.12,0.15,0.0,False,False,False
Dominica,2019,"Cloves (whole stems), raw",0.34,0.11,0.0,False,True,False
Dominica,2022,"Cloves (whole stems), raw",0.85,0.15,0.0,False,False,False
Dominica,2023,"Cloves (whole stems), raw",0.61,0.24,0.0,False,False,False
Dominican Republic,1993,"Cloves (whole stems), raw",20.0,0.0,0.0,False,False,False
Dominican Republic,1994,"Cloves (whole stems), raw",130.0,0.0,0.0,False,False,False
Dominican Republic,1995,"Cloves (whole stems), raw",90.0,0.0,0.0,False,False,False
Dominican Republic,1996,"Cloves (whole stems), raw",60.0,0.0,0.0,False,False,False
Dominican Republic,1997,"Cloves (whole stems), raw",0.0,0.0,0.0,False,False,False
Dominican Republic,1998,"Cloves (whole stems), raw",0.0,0.0,0.0,False,False,False
Dominican Republic,1999,"Cloves (whole stems), raw",0.0,0.0,0.0,False,False,False
Dominican Republic,2000,"Cloves (whole stems), raw",0.0,0.0,0.0,False,False,False
Dominican Republic,2001,"Cloves (whole stems), raw",0.0,0.0,0.0,False,False,False
Dominican Republic,2002,"Cloves (whole stems), raw",110.0,0.0,0.0,False,False,False
Dominican Republic,2003,"Cloves (whole stems), raw",60.0,0.0,0.0,False,False,False
Dominican Republic,2004,"Cloves (whole stems), raw",92.0,0.0,0.0,False,False,False
Dominican Republic,2005,"Cloves (whole stems), raw",64.0,0.0,0.0,False,False,False
Dominican Republic,2006,"Cloves (whole stems), raw",105.0,0.0,0.0,False,False,False
Dominican Republic,2007,"Cloves (whole stems), raw",162.0,0.0,0.0,False,False,False
Dominican Republic,2008,"Cloves (whole stems), raw",224.0,0.0,0.0,False,False,False
Dominican Republic,2009,"Cloves (whole stems), raw",268.0,0.0,0.0,False,False,False
Dominican Republic,2010,"Cloves (whole stems), raw",331.0,0.0,0.0,False,False,False
Dominican Republic,2011,"Cloves (whole stems), raw",173.0,0.0,0.0,False,False,False
Dominican Republic,2012,"Cloves (whole stems), raw",173.0,50.0,0.0,False,True,False
Dominican Republic,2013,"Cloves (whole stems), raw",57.0,0.0,0.0,False,False,False
Dominican Republic,2014,"Cloves (whole stems), raw",275.49,3.58,0.0,False,False,False
Dominican Republic,2015,"Cloves (whole stems), raw",353.17,7.1,0.0,False,False,False
Dominican Republic,2016,"Cloves (whole stems), raw",285.59,6.06,0.0,False,False,False
Dominican Republic,2017,"Cloves (whole stems), raw",326.71,19.36,0.0,False,False,False
Dominican Republic,2018,"Cloves (whole stems), raw",330.9,62.33,0.0,False,False,False
Dominican Republic,2019,"Cloves (whole stems), raw",481.2,31.07,0.0,False,False,False
Dominican Republic,2020,"Cloves (whole stems), raw",510.3,153.49,0.0,False,False,False
Dominican Republic,2021,"Cloves (whole stems), raw",376.15,127.32,0.0,False,False,False
Dominican Republic,2022,"Cloves (whole stems), raw",522.25,40.93,0.0,False,False,False
Dominican Republic,2023,"Cloves (whole stems), raw",515.21,114.18,0.0,False,False,False
Ecuador,1993,"Cloves (whole stems), raw",72.0,0.0,0.0,False,False,False
Ecuador,1994,"Cloves (whole stems), raw",87.0,0.0,0.0,False,False,False
Ecuador,1995,"Cloves (whole stems), raw",12.0,0.0,0.0,False,False,False
Ecuador,1996,"Cloves (whole stems), raw",24.0,0.0,0.0,False,False,False
Ecuador,1997,"Cloves (whole stems), raw",36.0,0.0,0.0,False,False,False
Ecuador,1998,"Cloves (whole stems), raw",50.0,0.0,0.0,False,False,False
Ecuador,1999,"Cloves (whole stems), raw",9.0,0.0,0.0,False,False,False
Ecuador,2000,"Cloves (whole stems), raw",52.42,0.0,0.0,False,False,False
Ecuador,2001,"Cloves (whole stems), raw",24.0,0.0,0.0,False,False,False
Ecuador,2002,"Cloves (whole stems), raw",71.0,4.0,0.0,False,False,False
Ecuador,2003,"Cloves (whole stems), raw",72.0,16.0,0.0,False,False,False
Ecuador,2004,"Cloves (whole stems), raw",47.0,14.0,0.0,False,False,False
Ecuador,2005,"Cloves (whole stems), raw",78.0,8.0,0.0,False,False,False
Ecuador,2006,"Cloves (whole stems), raw",49.0,6.0,0.0,False,False,False
Ecuador,2007,"Cloves (whole stems), raw",106.0,14.0,0.0,False,False,False
Ecuador,2008,"Cloves (whole stems), raw",58.0,0.0,0.0,False,False,False
Ecuador,2009,"Cloves (whole stems), raw",58.0,16.0,0.0,False,False,False
Ecuador,2010,"Cloves (whole stems), raw",73.0,0.0,0.0,False,False,False
Ecuador,2011,"Cloves (whole stems), raw",44.0,2.0,0.0,False,False,False
Ecuador,2012,"Cloves (whole stems), raw",46.0,3.0,0.0,False,False,False
Ecuador,2013,"Cloves (whole stems), raw",72.0,1.0,0.0,False,False,False
Ecuador,2014,"Cloves (whole stems), raw",47.2,0.01,0.0,False,False,False
Ecuador,2015,"Cloves (whole stems), raw",71.96,0.01,0.0,False,False,False
Ecuador,2016,"Cloves (whole stems), raw",46.19,0.0,0.0,False,False,False
Ecuador,2017,"Cloves (whole stems), raw",55.05,0.0,0.0,False,False,False
Ecuador,2018,"Cloves (whole stems), raw",113.77,0.03,0.0,False,False,False
Ecuador,2019,"Cloves (whole stems), raw",70.13,0.0,0.0,False,False,False
Ecuador,2020,"Cloves (whole stems), raw",128.98,0.01,0.0,False,False,False
Ecuador,2021,"Cloves (whole stems), raw",71.16,10.47,0.0,False,True,False
Ecuador,2022,"Cloves (whole stems), raw",121.01,0.02,0.0,False,False,False
Ecuador,2023,"Cloves (whole stems), raw",40.8,0.0,0.0,False,False,False
Egypt,1993,"Cloves (whole stems), raw",398.0,0.0,0.0,True,False,False
Egypt,1994,"Cloves (whole stems), raw",148.0,12.0,0.0,False,True,False
Egypt,1995,"Cloves (whole stems), raw",86.0,0.0,0.0,False,False,False
Egypt,1996,"Cloves (whole stems), raw",163.0,0.0,0.0,False,False,False
Egypt,1997,"Cloves (whole stems), raw",23.0,0.0,0.0,False,False,False
Egypt,1998,"Cloves (whole stems), raw",185.0,0.0,0.0,False,False,False
Egypt,1999,"Cloves (whole stems), raw",65.0,22.0,0.0,False,True,False
Egypt,2000,"Cloves (whole stems), raw",20.36,0.0,0.0,False,False,False
Egypt,2001,"Cloves (whole stems), raw",207.0,0.0,0.0,False,False,False
Egypt,2002,"Cloves (whole stems), raw",88.0,0.0,0.0,False,False,False
Egypt,2003,"Cloves (whole stems), raw",318.0,0.0,0.0,False,False,False
Egypt,2004,"Cloves (whole stems), raw",266.0,0.0,0.0,False,False,False
Egypt,2005,"Cloves (whole stems), raw",354.0,0.0,0.0,False,False,False
Egypt,2006,"Cloves (whole stems), raw",689.0,1.0,0.0,False,False,False
Egypt,2007,"Cloves (whole stems), raw",317.0,14.0,0.0,False,False,False
Egypt,2008,"Cloves (whole stems), raw",676.0,17.0,0.0,False,False,False
Egypt,2009,"Cloves (whole stems), raw",425.0,2.0,0.0,False,False,False
Egypt,2010,"Cloves (whole stems), raw",814.0,2.0,0.0,False,False,False
Egypt,2011,"Cloves (whole stems), raw",734.0,60.0,0.0,False,True,False
Egypt,2012,"Cloves (whole stems), raw",256.0,8.0,0.0,False,False,False
Egypt,2013,"Cloves (whole stems), raw",1299.0,0.0,0.0,True,False,False
Egypt,2014,"Cloves (whole stems), raw",824.5,0.5,0.0,False,False,False
Egypt,2015,"Cloves (whole stems), raw",838.87,1.4,0.0,False,False,False
Egypt,2016,"Cloves (whole stems), raw",576.82,5.13,0.0,False,False,False
Egypt,2017,"Cloves (whole stems), raw",1054.98,2.68,0.0,False,False,False
Egypt,2018,"Cloves (whole stems), raw",833.22,12.95,0.0,False,False,False
Egypt,2019,"Cloves (whole stems), raw",629.09,18.0,0.0,False,False,False
Egypt,2020,"Cloves (whole stems), raw",1265.69,849.29,0.0,False,True,False
Egypt,2021,"Cloves (whole stems), raw",875.8,305.51,0.0,False,False,False
Egypt,2022,"Cloves (whole stems), raw",979.1,48.86,0.0,False,False,False
Egypt,2023,"Cloves (whole stems), raw",590.58,315.76,0.0,False,False,False
El Salvador,1993,"Cloves (whole stems), raw",0.0,1.0,0.0,False,False,False
El Salvador,1994,"Cloves (whole stems), raw",0.0,0.0,0.0,False,True,False
El Salvador,1995,"Cloves (whole stems), raw",0.0,1.0,0.0,False,False,False
El Salvador,1996,"Cloves (whole stems), raw",0.0,1.0,0.0,False,False,False
El Salvador,1997,"Cloves (whole stems), raw",30.0,1.0,0.0,False,False,False
El Salvador,1998,"Cloves (whole stems), raw",3.0,1.0,0.0,False,False,False
El Salvador,1999,"Cloves (whole stems), raw",19.0,1.0,0.0,False,False,False
El Salvador,2000,"Cloves (whole stems), raw",100.4,39.08,0.0,False,False,False
El Salvador,2001,"Cloves (whole stems), raw",185.0,66.0,0.0,True,False,False
El Salvador,2002,"Cloves (whole stems), raw",10.0,40.0,0.0,False,False,False
El Salvador,2003,"Cloves (whole stems), raw",1.0,0.0,0.0,False,False,False
El Salvador,2004,"Cloves (whole stems), raw",1.0,0.0,0.0,False,False,False
El Salvador,2005,"Cloves (whole stems), raw",7.0,0.0,0.0,False,False,False
El Salvador,2006,"Cloves (whole stems), raw",3.0,1.0,0.0,False,False,False
El Salvador,2007,"Cloves (whole stems), raw",4.0,1.0,0.0,False,False,False
El Salvador,2008,"Cloves (whole stems), raw",3.0,1.0,0.0,False,False,False
El Salvador,2009,"Cloves (whole stems), raw",4.0,1.0,0.0,False,False,False
El Salvador,2010,"Cloves (whole stems), raw",3.0,2.0,0.0,False,True,False
El Salvador,2011,"Cloves (whole stems), raw",4.0,1.0,0.0,False,False,False
El Salvador,2012,"Cloves (whole stems), raw",2.0,1.0,0.0,True,False,False
El Salvador,2013,"Cloves (whole stems), raw",4.0,0.0,0.0,False,False,False
El Salvador,2014,"Cloves (whole stems), raw",3.95,0.37,0.0,False,False,False
El Salvador,2015,"Cloves (whole stems), raw",6.94,0.53,0.0,False,False,False
El Salvador,2016,"Cloves (whole stems), raw",5.41,0.23,0.0,False,False,False
El Salvador,2017,"Cloves (whole stems), raw",8.47,0.1,0.0,False,False,False
El Salvador,2018,"Cloves (whole stems), raw",9.16,0.08,0.0,False,False,False
El Salvador,2019,"Cloves (whole stems), raw",9.42,0.12,0.0,False,False,False
El Salvador,2020,"Cloves (whole stems), raw",7.02,0.22,0.0,False,False,False
El Salvador,2021,"Cloves (whole stems), raw",20.73,0.27,0.0,False,False,False
El Salvador,2022,"Cloves (whole stems), raw",15.24,0.14,0.0,False,False,False
El Salvador,2023,"Cloves (whole stems), raw",22.83,0.11,0.0,False,False,False
Equatorial Guinea,2014,"Cloves (whole stems), raw",0.07,0.0,0.0,False,False,False
Equatorial Guinea,2015,"Cloves (whole stems), raw",0.15,0.0,0.0,False,False,False
Equatorial Guinea,2016,"Cloves (whole stems), raw",0.0,0.0,0.0,False,False,False
Equatorial Guinea,2017,"Cloves (whole stems), raw",0.02,0.0,0.0,False,False,False
Equatorial Guinea,2018,"Cloves (whole stems), raw",0.0,0.0,0.0,False,False,False
Equatorial Guinea,2019,"Cloves (whole stems), raw",0.02,0.0,0.0,False,False,False
Equatorial Guinea,2020,"Cloves (whole stems), raw",0.04,0.0,0.0,False,False,False
Equatorial Guinea,2021,"Cloves (whole stems), raw",0.3,0.0,0.0,False,False,False
Equatorial Guinea,2022,"Cloves (whole stems), raw",0.1,0.36,0.0,False,True,False
Equatorial Guinea,2023,"Cloves (whole stems), raw",0.32,0.03,0.0,False,False,False
Eritrea,2014,"Cloves (whole stems), raw",2.0,0.0,0.0,False,False,False
Eritrea,2015,"Cloves (whole stems), raw",10.05,0.0,0.0,False,False,False
Eritrea,2018,"Cloves (whole stems), raw",0.43,292.32,0.0,False,True,False
Eritrea,2019,"Cloves (whole stems), raw",0.07,18.08,0.0,False,False,False
Eritrea,2021,"Cloves (whole stems), raw",0.02,0.0,0.0,False,False,False
Eritrea,2022,"Cloves (whole stems), raw",1.67,0.0,0.0,False,False,False
Estonia,1993,"Cloves (whole stems), raw",2.0,4.0,0.0,False,False,False
Estonia,1994,"Cloves (whole stems), raw",2.0,0.0,0.0,False,False,False
Estonia,1995,"Cloves (whole stems), raw",1.0,1.0,0.0,False,False,False
Estonia,1996,"Cloves (whole stems), raw",3.0,3.0,0.0,False,False,False
Estonia,1997,"Cloves (whole stems), raw",10.0,0.0,0.0,False,False,False
Estonia,1998,"Cloves (whole stems), raw",8.0,1.0,0.0,False,False,False
Estonia,1999,"Cloves (whole stems), raw",7.0,2.0,0.0,False,False,False
Estonia,2000,"Cloves (whole stems), raw",16.0,7.0,0.0,False,False,False
Estonia,2001,"Cloves (whole stems), raw",16.0,3.0,0.0,False,False,False
Estonia,2002,"Cloves (whole stems), raw",11.0,2.0,0.0,False,False,False
Estonia,2003,"Cloves (whole stems), raw",17.0,7.0,0.0,False,False,False
Estonia,2004,"Cloves (whole stems), raw",21.0,11.0,0.0,False,False,False
Estonia,2005,"Cloves (whole stems), raw",24.0,13.0,0.0,False,False,False
Estonia,2006,"Cloves (whole stems), raw",26.0,19.0,0.0,False,False,False
Estonia,2007,"Cloves (whole stems), raw",34.0,21.0,0.0,False,False,False
Estonia,2008,"Cloves (whole stems), raw",30.0,22.0,0.0,False,False,False
Estonia,2009,"Cloves (whole stems), raw",20.0,22.0,0.0,False,False,False
Estonia,2010,"Cloves (whole stems), raw",31.0,19.0,0.0,False,False,False
Estonia,2011,"Cloves (whole stems), raw",58.0,26.0,0.0,True,False,False
Estonia,2012,"Cloves (whole stems), raw",14.0,24.0,0.0,False,False,False
Estonia,2013,"Cloves (whole stems), raw",27.0,24.0,0.0,False,False,False
Estonia,2014,"Cloves (whole stems), raw",35.44,24.31,0.0,False,False,False
Estonia,2015,"Cloves (whole stems), raw",38.04,23.25,0.0,False,False,False
Estonia,2016,"Cloves (whole stems), raw",32.42,19.54,0.0,False,True,False
Estonia,2017,"Cloves (whole stems), raw",51.05,34.48,0.0,True,True,False
Estonia,2018,"Cloves (whole stems), raw",28.75,24.64,0.0,False,False,False
Estonia,2019,"Cloves (whole stems), raw",40.7,23.84,0.0,False,False,False
Estonia,2020,"Cloves (whole stems), raw",37.14,24.15,0.0,False,False,False
Estonia,2021,"Cloves (whole stems), raw",40.96,26.23,0.0,False,False,False
Estonia,2022,"Cloves (whole stems), raw",43.19,25.93,0.0,False,False,False
Estonia,2023,"Cloves (whole stems), raw",18.83,14.42,0.0,True,True,False
Eswatini,1997,"Cloves (whole stems), raw",1.0,0.0,0.0,False,False,False
Eswatini,1998,"Cloves (whole stems), raw",0.0,0.0,0.0,False,False,False
Eswatini,1999,"Cloves (whole stems), raw",0.0,0.0,0.0,False,False,False
Eswatini,2000,"Cloves (whole stems), raw",1.08,0.01,0.0,False,True,False
Eswatini,2001,"Cloves (whole stems), raw",0.0,0.0,0.0,False,False,False
Eswatini,2002,"Cloves (whole stems), raw",0.0,0.0,0.0,False,False,False
Eswatini,2003,"Cloves (whole stems), raw",0.0,0.0,0.0,False,False,False
Eswatini,2004,"Cloves (whole stems), raw",0.0,0.0,0.0,False,False,False
Eswatini,2005,"Cloves (whole stems), raw",0.0,0.0,0.0,False,False,False
Eswatini,2006,"Cloves (whole stems), raw",0.0,0.0,0.0,False,False,False
Eswatini,2007,"Cloves (whole stems), raw",0.0,0.0,0.0,False,False,False
Eswatini,2008,"Cloves (whole stems), raw",0.0,0.0,0.0,False,False,False
Eswatini,2009,"Cloves (whole stems), raw",0.0,0.0,0.0,False,False,False
Eswatini,2010,"Cloves (whole stems), raw",0.0,0.0,0.0,False,False,False
Eswatini,2011,"Cloves (whole stems), raw",0.0,0.0,0.0,False,False,False
Eswatini,2012,"Cloves (whole stems), raw",0.0,0.0,0.0,False,False,False
Eswatini,2013,"Cloves (whole stems), raw",0.0,0.0,0.0,False,False,False
Eswatini,2014,"Cloves (whole stems), raw",0.05,0.0,0.0,False,False,False
Eswatini,2015,"Cloves (whole stems), raw",0.01,0.0,0.0,False,False,False
Eswatini,2016,"Cloves (whole stems), raw",0.26,0.0,0.0,False,False,False
Eswatini,2017,"Cloves (whole stems), raw",1.27,0.0,0.0,False,False,False
Eswatini,2018,"Cloves (whole stems), raw",0.45,0.0,0.0,False,False,False
Eswatini,2019,"Cloves (whole stems), raw",1.28,0.03,0.0,False,True,False
Eswatini,2020,"Cloves (whole stems), raw",0.69,0.0,0.0,False,False,False
Eswatini,2021,"Cloves (whole stems), raw",1.69,0.0,0.0,False,False,False
Eswatini,2022,"Cloves (whole stems), raw",2.86,0.0,0.0,False,False,False
Eswatini,2023,"Cloves (whole stems), raw",3.11,0.0,0.0,False,False,False
Ethiopia,1993,"Cloves (whole stems), raw",1.0,0.0,0.0,False,False,False
Ethiopia,1994,"Cloves (whole stems), raw",37.0,0.0,0.0,False,False,False
Ethiopia,1995,"Cloves (whole stems), raw",245.0,0.0,0.0,False,False,False
Ethiopia,1996,"Cloves (whole stems), raw",245.0,0.0,0.0,False,False,False
Ethiopia,1997,"Cloves (whole stems), raw",170.0,0.0,0.0,False,False,False
Ethiopia,1998,"Cloves (whole stems), raw",625.0,0.0,0.0,True,False,False
Ethiopia,1999,"Cloves (whole stems), raw",172.0,0.0,0.0,False,False,False
Ethiopia,2000,"Cloves (whole stems), raw",50.0,0.0,0.0,False,False,False
Ethiopia,2001,"Cloves (whole stems), raw",0.0,0.0,0.0,False,False,False
Ethiopia,2002,"Cloves (whole stems), raw",11.0,0.0,0.0,False,False,False
Ethiopia,2003,"Cloves (whole stems), raw",107.0,0.0,0.0,False,False,False
Ethiopia,2004,"Cloves (whole stems), raw",153.0,0.0,0.0,False,False,False
Ethiopia,2005,"Cloves (whole stems), raw",129.0,0.0,0.0,False,False,False
Ethiopia,2006,"Cloves (whole stems), raw",168.0,0.0,0.0,False,False,False
Ethiopia,2007,"Cloves (whole stems), raw",227.0,1.0,0.0,False,True,False
Ethiopia,2008,"Cloves (whole stems), raw",383.0,0.0,0.0,False,False,False
Ethiopia,2009,"Cloves (whole stems), raw",316.0,0.0,0.0,False,False,False
Ethiopia,2010,"Cloves (whole stems), raw",330.0,0.0,0.0,False,False,False
Ethiopia,2011,"Cloves (whole stems), raw",269.0,0.0,0.0,False,False,False
Ethiopia,2012,"Cloves (whole stems), raw",344.0,0.0,0.0,False,False,False
Ethiopia,2013,"Cloves (whole stems), raw",138.0,0.0,0.0,False,False,False
Ethiopia,2014,"Cloves (whole stems), raw",223.28,0.3,0.0,False,False,False
Ethiopia,2015,"Cloves (whole stems), raw",237.82,0.35,0.0,False,False,False
Ethiopia,2016,"Cloves (whole stems), raw",350.13,0.89,0.0,False,True,False
Ethiopia,2017,"Cloves (whole stems), raw",345.9,0.01,0.0,False,False,False
Ethiopia,2018,"Cloves (whole stems), raw",416.72,0.12,0.0,False,False,False
Ethiopia,2019,"Cloves (whole stems), raw",380.26,0.42,0.0,False,False,False
Ethiopia,2020,"Cloves (whole stems), raw",622.25,0.19,0.0,True,False,False
Ethiopia,2021,"Cloves (whole stems), raw",318.87,0.99,0.0,False,False,False
Ethiopia,2022,"Cloves (whole stems), raw",428.83,0.61,0.0,False,False,False
Ethiopia,2023,"Cloves (whole stems), raw",452.56,0.0,0.0,False,False,False
Faroe Islands,1993,"Cloves (whole stems), raw",1.0,0.0,0.0,False,False,False
Faroe Islands,1994,"Cloves (whole stems), raw",1.0,0.0,0.0,False,False,False
Faroe Islands,1995,"Cloves (whole stems), raw",0.0,0.0,0.0,False,False,False
Faroe Islands,1996,"Cloves (whole stems), raw",1.0,0.0,0.0,False,False,False
Faroe Islands,1997,"Cloves (whole stems), raw",0.0,0.0,0.0,False,False,False
Faroe Islands,1998,"Cloves (whole stems), raw",0.0,0.0,0.0,False,False,False
Faroe Islands,1999,"Cloves (whole stems), raw",0.0,0.0,0.0,False,False,False
Faroe Islands,2000,"Cloves (whole stems), raw",0.0,0.0,0.0,False,False,False
Faroe Islands,2001,"Cloves (whole stems), raw",0.0,0.0,0.0,False,False,False
Faroe Islands,2002,"Cloves (whole stems), raw",0.0,0.0,0.0,False,False,False
Faroe Islands,2003,"Cloves (whole stems), raw",0.0,0.0,0.0,False,False,False
Faroe Islands,2004,"Cloves (whole stems), raw",0.0,0.0,0.0,False,False,False
Faroe Islands,2005,"Cloves (whole stems), raw",0.0,0.0,0.0,False,False,False
Faroe Islands,2006,"Cloves (whole stems), raw",0.0,0.0,0.0,False,False,False
Faroe Islands,2007,"Cloves (whole stems), raw",1.0,0.0,0.0,False,False,False
Faroe Islands,2008,"Cloves (whole stems), raw",1.0,0.0,0.0,False,False,False
Faroe Islands,2009,"Cloves (whole stems), raw",0.0,0.0,0.0,False,False,False
Faroe Islands,2010,"Cloves (whole stems), raw",0.0,0.0,0.0,False,False,False
Faroe Islands,2011,"Cloves (whole stems), raw",0.0,0.0,0.0,False,False,False
Faroe Islands,2012,"Cloves (whole stems), raw",0.0,0.0,0.0,False,False,False
Faroe Islands,2013,"Cloves (whole stems), raw",0.0,0.0,0.0,False,False,False
Faroe Islands,2014,"Cloves (whole stems), raw",0.05,0.0,0.0,False,False,False
Faroe Islands,2015,"Cloves (whole stems), raw",1.72,0.0,0.0,True,False,False
Faroe Islands,2016,"Cloves (whole stems), raw",0.07,0.0,0.0,False,False,False
Faroe Islands,2017,"Cloves (whole stems), raw",0.05,0.0,0.0,False,False,False
Faroe Islands,2018,"Cloves (whole stems), raw",0.11,0.0,0.0,False,False,False
Faroe Islands,2019,"Cloves (whole stems), raw",0.17,0.0,0.0,True,False,False
Faroe Islands,2020,"Cloves (whole stems), raw",0.05,0.0,0.0,False,False,False
Faroe Islands,2021,"Cloves (whole stems), raw",0.05,0.0,0.0,False,False,False
Faroe Islands,2022,"Cloves (whole stems), raw",0.05,0.0,0.0,False,False,False
Faroe Islands,2023,"Cloves (whole stems), raw",0.05,0.0,0.0,False,False,False
Fiji,1993,"Cloves (whole stems), raw",15.0,0.0,0.0,False,False,False
Fiji,1994,"Cloves (whole stems), raw",13.0,0.0,0.0,False,False,False
Fiji,1995,"Cloves (whole stems), raw",13.0,0.0,0.0,False,False,False
Fiji,1996,"Cloves (whole stems), raw",20.0,0.0,0.0,False,False,False
Fiji,1997,"Cloves (whole stems), raw",10.0,0.0,0.0,False,False,False
Fiji,1998,"Cloves (whole stems), raw",30.0,0.0,0.0,False,False,False
Fiji,1999,"Cloves (whole stems), raw",20.0,0.0,0.0,False,False,False
Fiji,2000,"Cloves (whole stems), raw",20.0,0.0,0.0,False,False,False
Fiji,2001,"Cloves (whole stems), raw",37.0,0.0,0.0,False,False,False
Fiji,2002,"Cloves (whole stems), raw",13.0,0.0,0.0,False,False,False
Fiji,2003,"Cloves (whole stems), raw",15.0,0.0,0.0,False,False,False
Fiji,2004,"Cloves (whole stems), raw",17.0,0.0,0.0,False,False,False
Fiji,2005,"Cloves (whole stems), raw",9.0,0.0,0.0,False,False,False
Fiji,2006,"Cloves (whole stems), raw",19.0,0.0,0.0,False,False,False
Fiji,2007,"Cloves (whole stems), raw",14.0,0.0,0.0,False,False,False
Fiji,2008,"Cloves (whole stems), raw",16.0,0.0,0.0,False,False,False
Fiji,2009,"Cloves (whole stems), raw",12.0,0.0,0.0,False,False,False
Fiji,2010,"Cloves (whole stems), raw",13.0,0.0,0.0,False,False,False
Fiji,2011,"Cloves (whole stems), raw",11.0,0.0,0.0,False,False,False
Fiji,2012,"Cloves (whole stems), raw",13.0,0.0,0.0,False,False,False
Fiji,2013,"Cloves (whole stems), raw",26.0,0.0,0.0,False,False,False
Fiji,2014,"Cloves (whole stems), raw",13.78,0.04,0.0,False,False,False
Fiji,2015,"Cloves (whole stems), raw",18.63,0.09,0.0,False,False,False
Fiji,2016,"Cloves (whole stems), raw",18.13,0.71,0.0,False,False,False
Fiji,2017,"Cloves (whole stems), raw",27.42,0.32,0.0,False,False,False
Fiji,2018,"Cloves (whole stems), raw",24.95,0.35,0.0,False,False,False
Fiji,2019,"Cloves (whole stems), raw",21.17,0.96,0.0,False,False,False
Fiji,2020,"Cloves (whole stems), raw",28.73,2.08,0.0,False,True,False
Fiji,2021,"Cloves (whole stems), raw",30.25,0.6,0.0,False,False,False
Fiji,2022,"Cloves (whole stems), raw",22.5,1.04,0.0,False,False,False
Fiji,2023,"Cloves (whole stems), raw",39.41,0.55,0.0,False,False,False
Finland,1993,"Cloves (whole stems), raw",23.0,1.0,0.0,False,False,False
Finland,1994,"Cloves (whole stems), raw",20.0,1.0,0.0,False,False,False
Finland,1995,"Cloves (whole stems), raw",28.0,0.0,0.0,False,False,False
Finland,1996,"Cloves (whole stems), raw",22.0,6.0,0.0,False,False,False
Finland,1997,"Cloves (whole stems), raw",33.0,5.0,0.0,False,False,False
Finland,1998,"Cloves (whole stems), raw",21.0,3.0,0.0,False,False,False
Finland,1999,"Cloves (whole stems), raw",15.0,3.0,0.0,False,False,False
Finland,2000,"Cloves (whole stems), raw",27.0,0.0,0.0,False,False,False
Finland,2001,"Cloves (whole stems), raw",12.0,0.0,0.0,False,False,False
Finland,2002,"Cloves (whole stems), raw",18.0,0.0,0.0,False,False,False
Finland,2003,"Cloves (whole stems), raw",16.0,0.0,0.0,False,False,False
Finland,2004,"Cloves (whole stems), raw",11.0,0.0,0.0,False,False,False
Finland,2005,"Cloves (whole stems), raw",22.0,0.0,0.0,False,False,False
Finland,2006,"Cloves (whole stems), raw",12.0,1.0,0.0,False,True,False
Finland,2007,"Cloves (whole stems), raw",9.0,0.0,0.0,False,False,False
Finland,2008,"Cloves (whole stems), raw",14.0,0.0,0.0,False,False,False
Finland,2009,"Cloves (whole stems), raw",16.0,0.0,0.0,False,False,False
Finland,2010,"Cloves (whole stems), raw",10.0,0.0,0.0,False,False,False
Finland,2011,"Cloves (whole stems), raw",10.0,0.0,0.0,False,False,False
Finland,2012,"Cloves (whole stems), raw",21.0,0.0,0.0,False,False,False
Finland,2013,"Cloves (whole stems), raw",16.0,0.0,0.0,False,False,False
Finland,2014,"Cloves (whole stems), raw",17.11,1.24,0.0,False,False,False
Finland,2015,"Cloves (whole stems), raw",18.59,0.74,0.0,False,False,False
Finland,2016,"Cloves (whole stems), raw",17.89,0.5,0.0,False,False,False
Finland,2017,"Cloves (whole stems), raw",40.13,0.46,0.0,False,False,False
Finland,2018,"Cloves (whole stems), raw",14.37,0.65,0.0,False,False,False
Finland,2019,"Cloves (whole stems), raw",56.26,0.29,0.0,True,False,False
Finland,2020,"Cloves (whole stems), raw",26.59,0.2,0.0,False,False,False
Finland,2021,"Cloves (whole stems), raw",18.53,0.55,0.0,False,False,False
Finland,2022,"Cloves (whole stems), raw",19.46,0.76,0.0,False,False,False
Finland,2023,"Cloves (whole stems), raw",23.2,0.34,0.0,False,False,False
France,1993,"Cloves (whole stems), raw",991.0,237.0,0.0,False,False,False
France,1994,"Cloves (whole stems), raw",959.0,157.0,0.0,False,False,False
France,1995,"Cloves (whole stems), raw",534.0,154.0,0.0,False,False,False
France,1996,"Cloves (whole stems), raw",629.0,175.0,0.0,False,False,False
France,1997,"Cloves (whole stems), raw",668.0,110.0,0.0,False,True,False
France,1998,"Cloves (whole stems), raw",732.0,162.0,0.0,False,False,False
France,1999,"Cloves (whole stems), raw",564.0,157.0,0.0,False,False,False
France,2000,"Cloves (whole stems), raw",526.0,147.0,0.0,False,False,False
France,2001,"Cloves (whole stems), raw",389.0,176.0,0.0,False,False,False
France,2002,"Cloves (whole stems), raw",439.0,69.0,0.0,False,False,False
France,2003,"Cloves (whole stems), raw",193.0,58.0,0.0,True,False,False
France,2004,"Cloves (whole stems), raw",349.0,47.0,0.0,False,False,False
France,2005,"Cloves (whole stems), raw",538.0,72.0,0.0,False,False,False
France,2006,"Cloves (whole stems), raw",438.0,32.0,0.0,False,False,False
France,2007,"Cloves (whole stems), raw",365.0,39.0,0.0,False,False,False
France,2008,"Cloves (whole stems), raw",426.0,98.0,0.0,False,False,False
France,2009,"Cloves (whole stems), raw",359.0,190.0,0.0,False,False,False
France,2010,"Cloves (whole stems), raw",299.0,205.0,0.0,False,False,False
France,2011,"Cloves (whole stems), raw",257.0,78.0,0.0,False,False,False
France,2012,"Cloves (whole stems), raw",351.0,104.0,0.0,False,False,False
France,2013,"Cloves (whole stems), raw",299.0,87.0,0.0,False,False,False
France,2014,"Cloves (whole stems), raw",331.98,82.83,0.0,False,False,False
France,2015,"Cloves (whole stems), raw",285.6,88.5,0.0,False,False,False
France,2016,"Cloves (whole stems), raw",319.19,102.76,0.0,False,False,False
France,2017,"Cloves (whole stems), raw",282.7,99.85,0.0,False,False,False
France,2018,"Cloves (whole stems), raw",419.45,131.46,0.0,False,False,False
France,2019,"Cloves (whole stems), raw",312.95,193.29,0.0,False,False,False
France,2020,"Cloves (whole stems), raw",429.78,186.88,0.0,False,False,False
France,2021,"Cloves (whole stems), raw",495.95,202.79,0.0,True,False,False
France,2022,"Cloves (whole stems), raw",416.39,201.84,0.0,False,False,False
France,2023,"Cloves (whole stems), raw",399.31,221.22,0.0,False,False,False
French Polynesia,1993,"Cloves (whole stems), raw",0.0,0.0,0.0,False,False,False
French Polynesia,1994,"Cloves (whole stems), raw",0.0,0.0,0.0,False,False,False
French Polynesia,1995,"Cloves (whole stems), raw",0.0,0.0,0.0,False,False,False
French Polynesia,1996,"Cloves (whole stems), raw",0.0,0.0,0.0,False,False,False
French Polynesia,1997,"Cloves (whole stems), raw",0.0,0.0,0.0,False,False,False
French Polynesia,1998,"Cloves (whole stems), raw",0.0,0.0,0.0,False,False,False
French Polynesia,1999,"Cloves (whole stems), raw",0.0,0.0,0.0,False,False,False
French Polynesia,2000,"Cloves (whole stems), raw",0.0,0.0,0.0,False,False,False
French Polynesia,2001,"Cloves (whole stems), raw",0.0,0.0,0.0,False,False,False
French Polynesia,2002,"Cloves (whole stems), raw",0.0,0.0,0.0,False,False,False
French Polynesia,2003,"Cloves (whole stems), raw",0.0,0.0,0.0,False,False,False
French Polynesia,2004,"Cloves (whole stems), raw",0.0,0.0,0.0,False,False,False
French Polynesia,2005,"Cloves (whole stems), raw",0.0,0.0,0.0,False,False,False
French Polynesia,2006,"Cloves (whole stems), raw",0.0,0.0,0.0,False,False,False
French Polynesia,2007,"Cloves (whole stems), raw",0.0,0.0,0.0,False,False,False
French Polynesia,2008,"Cloves (whole stems), raw",0.0,0.0,0.0,False,False,False
French Polynesia,2009,"Cloves (whole stems), raw",0.0,0.0,0.0,False,False,False
French Polynesia,2010,"Cloves (whole stems), raw",0.0,0.0,0.0,False,False,False
French Polynesia,2011,"Cloves (whole stems), raw",0.0,0.0,0.0,False,False,False
French Polynesia,2012,"Cloves (whole stems), raw",0.0,0.0,0.0,False,False,False
French Polynesia,2013,"Cloves (whole stems), raw",0.0,0.0,0.0,False,False,False
French Polynesia,2014,"Cloves (whole stems), raw",0.66,0.0,0.0,False,False,False
French Polynesia,2015,"Cloves (whole stems), raw",0.16,0.0,0.0,False,False,False
French Polynesia,2016,"Cloves (whole stems), raw",0.45,0.0,0.0,False,False,False
French Polynesia,2017,"Cloves (whole stems), raw",0.24,0.0,0.0,False,False,False
French Polynesia,2018,"Cloves (whole stems), raw",0.11,0.0,0.0,False,False,False
French Polynesia,2019,"Cloves (whole stems), raw",0.16,0.0,0.0,False,False,False
French Polynesia,2020,"Cloves (whole stems), raw",0.2,0.0,0.0,False,False,False
French Polynesia,2021,"Cloves (whole stems), raw",0.18,0.0,0.0,False,False,False
French Polynesia,2022,"Cloves (whole stems), raw",0.33,0.0,0.0,True,False,False
French Polynesia,2023,"Cloves (whole stems), raw",0.05,0.0,0.0,False,False,False
Gabon,1995,"Cloves (whole stems), raw",1.0,0.0,0.0,True,False,False
Gabon,1996,"Cloves (whole stems), raw",0.0,0.0,0.0,False,False,False
Gabon,1997,"Cloves (whole stems), raw",0.0,0.0,0.0,False,False,False
Gabon,1998,"Cloves (whole stems), raw",0.0,0.0,0.0,False,False,False
Gabon,1999,"Cloves (whole stems), raw",0.0,0.0,0.0,False,False,False
Gabon,2000,"Cloves (whole stems), raw",1.0,0.0,0.0,False,False,False
Gabon,2001,"Cloves (whole stems), raw",0.0,0.0,0.0,False,False,False
Gabon,2002,"Cloves (whole stems), raw",0.0,0.0,0.0,False,False,False
Gabon,2003,"Cloves (whole stems), raw",1.0,0.0,0.0,False,False,False
Gabon,2004,"Cloves (whole stems), raw",0.0,0.0,0.0,False,False,False
Gabon,2005,"Cloves (whole stems), raw",0.0,0.0,0.0,False,False,False
Gabon,2006,"Cloves (whole stems), raw",0.0,0.0,0.0,False,False,False
Gabon,2007,"Cloves (whole stems), raw",0.0,0.0,0.0,False,False,False
Gabon,2008,"Cloves (whole stems), raw",0.0,0.0,0.0,False,False,False
Gabon,2009,"Cloves (whole stems), raw",0.0,0.0,0.0,False,False,False
Gabon,2010,"Cloves (whole stems), raw",0.0,0.0,0.0,False,False,False
Gabon,2011,"Cloves (whole stems), raw",0.0,0.0,0.0,False,False,False
Gabon,2012,"Cloves (whole stems), raw",0.0,0.0,0.0,False,False,False
Gabon,2013,"Cloves (whole stems), raw",0.0,0.0,0.0,False,False,False
Gabon,2014,"Cloves (whole stems), raw",0.0,0.0,0.0,False,False,False
Gabon,2015,"Cloves (whole stems), raw",0.02,0.0,0.0,False,False,False
Gabon,2016,"Cloves (whole stems), raw",0.07,0.0,0.0,False,False,False
Gabon,2017,"Cloves (whole stems), raw",0.08,0.0,0.0,False,False,False
Gabon,2018,"Cloves (whole stems), raw",0.04,0.5,0.0,False,True,False
Gabon,2019,"Cloves (whole stems), raw",0.06,0.0,0.0,False,False,False
Gabon,2020,"Cloves (whole stems), raw",0.06,0.0,0.0,False,False,False
Gabon,2021,"Cloves (whole stems), raw",1.39,0.0,0.0,False,False,False
Gabon,2022,"Cloves (whole stems), raw",1.19,0.0,0.0,False,False,False
Gabon,2023,"Cloves (whole stems), raw",9.1,0.0,0.0,True,False,False
Gambia,2021,"Cloves (whole stems), raw",0.23,0.0,0.0,False,False,False
Gambia,2022,"Cloves (whole stems), raw",61.52,0.02,0.0,False,False,False
Gambia,2023,"Cloves (whole stems), raw",0.02,0.04,0.0,False,False,False
Georgia,2005,"Cloves (whole stems), raw",1.0,0.0,0.0,False,False,False
Georgia,2006,"Cloves (whole stems), raw",1.0,0.0,0.0,False,False,False
Georgia,2007,"Cloves (whole stems), raw",2.0,0.0,0.0,False,False,False
Georgia,2008,"Cloves (whole stems), raw",2.0,0.0,0.0,False,False,False
Georgia,2009,"Cloves (whole stems), raw",3.0,0.0,0.0,False,False,False
Georgia,2010,"Cloves (whole stems), raw",3.0,0.0,0.0,False,False,False
Georgia,2011,"Cloves (whole stems), raw",2.0,0.0,0.0,False,False,False
Georgia,2012,"Cloves (whole stems), raw",2.0,0.0,0.0,False,False,False
Georgia,2013,"Cloves (whole stems), raw",2.0,0.0,0.0,False,False,False
Georgia,2014,"Cloves (whole stems), raw",1.95,0.01,0.0,False,False,False
Georgia,2015,"Cloves (whole stems), raw",3.74,0.0,0.0,False,False,False
Georgia,2016,"Cloves (whole stems), raw",2.22,0.0,0.0,False,False,False
Georgia,2017,"Cloves (whole stems), raw",6.57,0.03,0.0,False,False,False
Georgia,2018,"Cloves (whole stems), raw",3.78,0.02,0.0,False,False,False
Georgia,2019,"Cloves (whole stems), raw",4.54,0.0,0.0,False,False,False
Georgia,2020,"Cloves (whole stems), raw",5.44,0.01,0.0,False,False,False
Georgia,2021,"Cloves (whole stems), raw",11.67,0.6,0.0,False,True,False
Georgia,2022,"Cloves (whole stems), raw",8.09,0.04,0.0,False,False,False
Georgia,2023,"Cloves (whole stems), raw",11.06,0.05,0.0,False,False,False
Germany,1993,"Cloves (whole stems), raw",478.0,69.0,0.0,False,False,False
Germany,1994,"Cloves (whole stems), raw",574.0,66.0,0.0,False,False,False
Germany,1995,"Cloves (whole stems), raw",507.0,67.0,0.0,False,False,False
Germany,1996,"Cloves (whole stems), raw",488.0,93.0,0.0,False,False,False
Germany,1997,"Cloves (whole stems), raw",627.0,122.0,0.0,False,False,False
Germany,1998,"Cloves (whole stems), raw",566.0,107.0,0.0,False,False,False
Germany,1999,"Cloves (whole stems), raw",460.0,168.0,0.0,False,True,False
Germany,2000,"Cloves (whole stems), raw",395.0,124.0,0.0,False,False,False
Germany,2001,"Cloves (whole stems), raw",436.0,114.0,0.0,False,False,False
Germany,2002,"Cloves (whole stems), raw",480.0,109.0,0.0,False,False,False
Germany,2003,"Cloves (whole stems), raw",670.0,126.0,0.0,False,False,False
Germany,2004,"Cloves (whole stems), raw",553.0,135.0,0.0,False,False,False
Germany,2005,"Cloves (whole stems), raw",656.0,162.0,0.0,False,False,False
Germany,2006,"Cloves (whole stems), raw",562.0,203.0,0.0,False,False,False
Germany,2007,"Cloves (whole stems), raw",966.0,219.0,0.0,True,False,False
Germany,2008,"Cloves (whole stems), raw",632.0,255.0,0.0,False,False,False
Germany,2009,"Cloves (whole stems), raw",751.0,228.0,0.0,False,False,False
Germany,2010,"Cloves (whole stems), raw",679.0,333.0,0.0,False,True,False
Germany,2011,"Cloves (whole stems), raw",726.0,280.0,0.0,False,False,False
Germany,2012,"Cloves (whole stems), raw",773.0,237.0,0.0,False,False,False
Germany,2013,"Cloves (whole stems), raw",669.0,222.0,0.0,False,False,False
Germany,2014,"Cloves (whole stems), raw",734.5,284.76,0.0,False,False,False
Germany,2015,"Cloves (whole stems), raw",1008.72,324.97,0.0,False,False,False
Germany,2016,"Cloves (whole stems), raw",782.59,353.44,0.0,False,False,False
Germany,2017,"Cloves (whole stems), raw",898.59,421.88,0.0,False,False,False
Germany,2018,"Cloves (whole stems), raw",903.77,376.91,0.0,False,False,False
Germany,2019,"Cloves (whole stems), raw",941.71,372.35,0.0,False,False,False
Germany,2020,"Cloves (whole stems), raw",1156.51,537.1,0.0,False,False,False
Germany,2021,"Cloves (whole stems), raw",1034.28,520.77,0.0,False,False,False
Germany,2022,"Cloves (whole stems), raw",1072.51,520.11,0.0,False,False,False
Germany,2023,"Cloves (whole stems), raw",955.93,489.59,0.0,False,True,False
Ghana,1996,"Cloves (whole stems), raw",6.0,0.0,0.0,False,False,False
Ghana,1997,"Cloves (whole stems), raw",0.0,0.0,0.0,False,False,False
Ghana,1998,"Cloves (whole stems), raw",10.0,0.0,0.0,False,False,False
Ghana,1999,"Cloves (whole stems), raw",1.0,0.0,0.0,False,False,False
Ghana,2000,"Cloves (whole stems), raw",8.75,0.0,0.0,False,False,False
Ghana,2001,"Cloves (whole stems), raw",6.0,0.0,0.0,False,False,False
Ghana,2002,"Cloves (whole stems), raw",19.0,0.0,0.0,False,False,False
Ghana,2003,"Cloves (whole stems), raw",29.0,0.0,0.0,False,False,False
Ghana,2004,"Cloves (whole stems), raw",0.0,0.0,0.0,False,False,False
Ghana,2005,"Cloves (whole stems), raw",31.0,0.0,0.0,False,False,False
Ghana,2006,"Cloves (whole stems), raw",34.0,0.0,0.0,False,False,False
Ghana,2007,"Cloves (whole stems), raw",17.0,0.0,0.0,False,False,False
Ghana,2008,"Cloves (whole stems), raw",24.0,0.0,0.0,False,False,False
Ghana,2009,"Cloves (whole stems), raw",14.0,0.0,0.0,False,False,False
Ghana,2010,"Cloves (whole stems), raw",24.0,0.0,0.0,False,False,False
Ghana,2011,"Cloves (whole stems), raw",11.0,0.0,0.0,True,False,False
Ghana,2012,"Cloves (whole stems), raw",24.0,0.0,0.0,False,False,False
Ghana,2013,"Cloves (whole stems), raw",24.0,0.0,0.0,False,False,False
Ghana,2014,"Cloves (whole stems), raw",134.06,0.03,0.0,False,False,False
Ghana,2015,"Cloves (whole stems), raw",188.02,8.1,0.0,False,True,False
Ghana,2016,"Cloves (whole stems), raw",29.75,0.0,0.0,False,False,False
Ghana,2017,"Cloves (whole stems), raw",94.92,0.45,0.0,False,False,False
Ghana,2018,"Cloves (whole stems), raw",119.24,0.0,0.0,False,False,False
Ghana,2019,"Cloves (whole stems), raw",169.5,0.0,0.0,False,False,False
Ghana,2020,"Cloves (whole stems), raw",816.28,7.86,0.0,False,True,False
Ghana,2021,"Cloves (whole stems), raw",395.43,2.86,0.0,False,False,False
Ghana,2022,"Cloves (whole stems), raw",626.25,1.4,0.0,False,False,False
Ghana,2023,"Cloves (whole stems), raw",108.8,0.03,0.0,False,False,False
Greece,1993,"Cloves (whole stems), raw",88.0,11.0,0.0,False,False,False
Greece,1994,"Cloves (whole stems), raw",66.0,7.0,0.0,False,False,False
Greece,1995,"Cloves (whole stems), raw",69.0,5.0,0.0,False,False,False
Greece,1996,"Cloves (whole stems), raw",91.0,5.0,0.0,False,False,False
Greece,1997,"Cloves (whole stems), raw",111.0,3.0,0.0,False,False,False
Greece,1998,"Cloves (whole stems), raw",80.0,4.0,0.0,False,False,False
Greece,1999,"Cloves (whole stems), raw",33.0,19.0,0.0,False,True,False
Greece,2000,"Cloves (whole stems), raw",58.0,0.0,0.0,False,False,False
Greece,2001,"Cloves (whole stems), raw",35.0,0.0,0.0,False,False,False
Greece,2002,"Cloves (whole stems), raw",112.0,0.0,0.0,False,False,False
Greece,2003,"Cloves (whole stems), raw",52.0,4.0,0.0,False,True,False
Greece,2004,"Cloves (whole stems), raw",81.0,0.0,0.0,False,False,False
Greece,2005,"Cloves (whole stems), raw",61.0,0.0,0.0,False,False,False
Greece,2006,"Cloves (whole stems), raw",80.0,0.0,0.0,False,False,False
Greece,2007,"Cloves (whole stems), raw",100.0,0.0,0.0,True,False,False
Greece,2008,"Cloves (whole stems), raw",74.0,1.0,0.0,False,False,False
Greece,2009,"Cloves (whole stems), raw",86.0,6.0,0.0,False,False,False
Greece,2010,"Cloves (whole stems), raw",78.0,11.0,0.0,False,False,False
Greece,2011,"Cloves (whole stems), raw",54.0,10.0,0.0,False,False,False
Greece,2012,"Cloves (whole stems), raw",67.0,11.0,0.0,False,False,False
Greece,2013,"Cloves (whole stems), raw",76.0,9.0,0.0,False,False,False
Greece,2014,"Cloves (whole stems), raw",95.26,12.42,0.0,False,False,False
Greece,2015,"Cloves (whole stems), raw",57.15,14.36,0.0,False,False,False
Greece,2016,"Cloves (whole stems), raw",91.65,9.55,0.0,False,False,False
Greece,2017,"Cloves (whole stems), raw",66.68,8.26,0.0,False,False,False
Greece,2018,"Cloves (whole stems), raw",82.94,8.92,0.0,False,False,False
Greece,2019,"Cloves (whole stems), raw",62.91,12.25,0.0,False,False,False
Greece,2020,"Cloves (whole stems), raw",108.41,11.19,0.0,False,False,False
Greece,2021,"Cloves (whole stems), raw",93.82,12.78,0.0,False,False,False
Greece,2022,"Cloves (whole stems), raw",102.43,11.83,0.0,False,False,False
Greece,2023,"Cloves (whole stems), raw",73.57,26.16,0.0,False,True,False
Grenada,2002,"Cloves (whole stems), raw",0.0,1.0,27.68,False,False,False
Grenada,2003,"Cloves (whole stems), raw",0.0,1.0,28.36,False,False,False
Grenada,2004,"Cloves (whole stems), raw",0.0,2.0,29.05,False,False,False
Grenada,2005,"Cloves (whole stems), raw",0.0,1.0,29.73,False,False,False
Grenada,2006,"Cloves (whole stems), raw",0.0,0.0,30.41,False,False,False
Grenada,2007,"Cloves (whole stems), raw",0.0,0.0,31.09,False,False,False
Grenada,2008,"Cloves (whole stems), raw",0.0,0.0,31.77,False,False,False
Grenada,2009,"Cloves (whole stems), raw",32.0,0.0,32.45,False,False,False
Grenada,2010,"Cloves (whole stems), raw",32.0,0.0,33.13,False,False,False
Grenada,2011,"Cloves (whole stems), raw",32.0,0.0,33.81,False,False,False
Grenada,2012,"Cloves (whole stems), raw",32.0,0.0,36.0,False,False,False
Grenada,2013,"Cloves (whole stems), raw",32.0,0.0,35.23,False,False,False
Grenada,2014,"Cloves (whole stems), raw",0.44,0.19,36.24,False,False,False
Grenada,2016,"Cloves (whole stems), raw",0.87,0.15,37.9,False,False,False
Grenada,2017,"Cloves (whole stems), raw",1.02,0.36,38.68,False,False,False
Grenada,2018,"Cloves (whole stems), raw",2.12,0.14,38.93,False,False,False
Grenada,2019,"Cloves (whole stems), raw",1.35,0.31,39.16,False,False,False
Grenada,2020,"Cloves (whole stems), raw",0.95,0.0,39.38,False,False,False
Grenada,2021,"Cloves (whole stems), raw",1.96,1.22,39.22,False,False,False
Grenada,2022,"Cloves (whole stems), raw",1.25,1.02,40.49,False,False,False
Grenada,2023,"Cloves (whole stems), raw",2.48,0.02,41.7,False,False,False
Guatemala,1993,"Cloves (whole stems), raw",66.0,7.0,0.0,False,False,False
Guatemala,1994,"Cloves (whole stems), raw",22.0,5.0,0.0,False,False,False
Guatemala,1995,"Cloves (whole stems), raw",27.0,3.0,0.0,False,False,False
Guatemala,1996,"Cloves (whole stems), raw",70.0,0.0,0.0,False,False,False
Guatemala,1997,"Cloves (whole stems), raw",39.0,1.0,0.0,False,False,False
Guatemala,1998,"Cloves (whole stems), raw",97.0,2.0,0.0,False,False,False
Guatemala,1999,"Cloves (whole stems), raw",38.78,16.5,0.0,False,False,False
Guatemala,2000,"Cloves (whole stems), raw",96.66,6.43,0.0,False,False,False
Guatemala,2001,"Cloves (whole stems), raw",60.0,27.0,0.0,False,True,False
Guatemala,2002,"Cloves (whole stems), raw",67.0,1.0,0.0,False,False,False
Guatemala,2003,"Cloves (whole stems), raw",38.0,3.0,0.0,False,False,False
Guatemala,2004,"Cloves (whole stems), raw",41.0,2.0,0.0,False,False,False
Guatemala,2005,"Cloves (whole stems), raw",57.0,5.0,0.0,False,False,False
Guatemala,2006,"Cloves (whole stems), raw",27.0,13.0,0.0,False,False,False
Guatemala,2007,"Cloves (whole stems), raw",86.0,26.0,0.0,False,False,False
Guatemala,2008,"Cloves (whole stems), raw",2.0,31.0,0.0,False,False,False
Guatemala,2009,"Cloves (whole stems), raw",91.0,11.0,0.0,False,False,False
Guatemala,2010,"Cloves (whole stems), raw",30.0,8.0,0.0,False,False,False
Guatemala,2011,"Cloves (whole stems), raw",35.0,12.0,0.0,False,False,False
Guatemala,2012,"Cloves (whole stems), raw",5.0,5.0,0.0,False,False,False
Guatemala,2013,"Cloves (whole stems), raw",116.0,52.0,0.0,True,True,False
Guatemala,2014,"Cloves (whole stems), raw",59.12,11.81,0.0,False,False,False
Guatemala,2015,"Cloves (whole stems), raw",14.98,3.42,0.0,False,False,False
Guatemala,2016,"Cloves (whole stems), raw",15.14,7.24,0.0,False,False,False
Guatemala,2017,"Cloves (whole stems), raw",2.18,22.52,0.0,False,False,False
Guatemala,2018,"Cloves (whole stems), raw",0.84,10.85,0.0,False,False,False
Guatemala,2019,"Cloves (whole stems), raw",3.92,8.07,0.0,False,False,False
Guatemala,2020,"Cloves (whole stems), raw",59.02,30.3,0.0,True,False,False
Guatemala,2021,"Cloves (whole stems), raw",14.59,22.81,0.0,False,False,False
Guatemala,2022,"Cloves (whole stems), raw",25.3,21.98,0.0,False,False,False
Guatemala,2023,"Cloves (whole stems), raw",12.15,20.4,0.0,False,False,False
Guinea,2014,"Cloves (whole stems), raw",2.0,0.0,0.0,False,False,False
Guinea,2017,"Cloves (whole stems), raw",2.68,0.0,0.0,False,False,False
Guinea,2018,"Cloves (whole stems), raw",10.53,0.02,0.0,False,False,False
Guinea,2019,"Cloves (whole stems), raw",3.07,0.0,0.0,False,False,False
Guinea,2020,"Cloves (whole stems), raw",11.11,0.02,0.0,False,False,False
Guinea,2021,"Cloves (whole stems), raw",5.84,0.09,0.0,False,False,False
Guinea,2022,"Cloves (whole stems), raw",3.52,0.07,0.0,False,False,False
Guinea,2023,"Cloves (whole stems), raw",26.44,0.06,0.0,False,False,False
Guinea-Bissau,2014,"Cloves (whole stems), raw",0.0,0.0,0.0,False,False,False
Guinea-Bissau,2015,"Cloves (whole stems), raw",0.0,0.0,0.0,False,False,False
Guinea-Bissau,2016,"Cloves (whole stems), raw",0.0,7.0,0.0,False,True,False
Guinea-Bissau,2017,"Cloves (whole stems), raw",0.0,0.0,0.0,False,False,False
Guinea-Bissau,2018,"Cloves (whole stems), raw",0.03,0.0,0.0,False,False,False
Guinea-Bissau,2019,"Cloves (whole stems), raw",0.06,0.0,0.0,False,False,False
Guinea-Bissau,2020,"Cloves (whole stems), raw",0.13,0.0,0.0,False,False,False
Guinea-Bissau,2021,"Cloves (whole stems), raw",0.2,0.0,0.0,True,False,False
Guinea-Bissau,2022,"Cloves (whole stems), raw",0.06,0.0,0.0,False,False,False
Guinea-Bissau,2023,"Cloves (whole stems), raw",0.07,0.0,0.0,False,False,False
Guyana,1997,"Cloves (whole stems), raw",2.0,0.0,0.0,False,False,False
Guyana,1998,"Cloves (whole stems), raw",0.0,0.0,0.0,False,False,False
Guyana,1999,"Cloves (whole stems), raw",0.0,0.0,0.0,False,False,False
Guyana,2000,"Cloves (whole stems), raw",12.0,0.0,0.0,True,False,False
Guyana,2001,"Cloves (whole stems), raw",1.0,0.0,0.0,False,False,False
Guyana,2002,"Cloves (whole stems), raw",1.0,0.0,0.0,False,False,False
Guyana,2003,"Cloves (whole stems), raw",1.0,0.0,0.0,False,False,False
Guyana,2004,"Cloves (whole stems), raw",13.0,0.0,0.0,True,False,False
Guyana,2005,"Cloves (whole stems), raw",1.0,0.0,0.0,False,False,False
Guyana,2006,"Cloves (whole stems), raw",0.0,0.0,0.0,True,False,False
Guyana,2007,"Cloves (whole stems), raw",1.0,2.0,0.0,False,True,False
Guyana,2008,"Cloves (whole stems), raw",1.0,0.0,0.0,False,False,False
Guyana,2009,"Cloves (whole stems), raw",2.0,0.0,0.0,False,False,False
Guyana,2010,"Cloves (whole stems), raw",5.0,0.0,0.0,False,False,False
Guyana,2011,"Cloves (whole stems), raw",6.0,0.0,0.0,False,False,False
Guyana,2012,"Cloves (whole stems), raw",11.0,0.0,0.0,False,False,False
Guyana,2013,"Cloves (whole stems), raw",21.0,0.0,0.0,False,False,False
Guyana,2014,"Cloves (whole stems), raw",8.78,0.01,0.0,False,False,False
Guyana,2015,"Cloves (whole stems), raw",8.18,0.0,0.0,False,False,False
Guyana,2016,"Cloves (whole stems), raw",17.51,0.0,0.0,False,False,False
Guyana,2017,"Cloves (whole stems), raw",3.51,0.08,0.0,False,False,False
Guyana,2018,"Cloves (whole stems), raw",26.76,0.38,0.0,False,False,False
Guyana,2019,"Cloves (whole stems), raw",15.28,0.3,0.0,False,False,False
Guyana,2020,"Cloves (whole stems), raw",20.7,0.01,0.0,False,False,False
Guyana,2021,"Cloves (whole stems), raw",9.74,0.05,0.0,False,False,False
Guyana,2022,"Cloves (whole stems), raw",8.3,0.0,0.0,False,False,False
Guyana,2023,"Cloves (whole stems), raw",20.97,0.49,0.0,False,True,False
Haiti,1996,"Cloves (whole stems), raw",5.0,0.0,0.0,False,False,False
Haiti,1999,"Cloves (whole stems), raw",70.0,0.0,0.0,True,False,False
Haiti,2000,"Cloves (whole stems), raw",4.0,0.0,0.0,False,False,False
Haiti,2001,"Cloves (whole stems), raw",0.0,0.0,0.0,False,False,False
Haiti,2002,"Cloves (whole stems), raw",18.0,0.0,0.0,False,False,False
Haiti,2003,"Cloves (whole stems), raw",0.0,0.0,0.0,False,False,False
Haiti,2004,"Cloves (whole stems), raw",13.0,0.0,0.0,False,False,False
Haiti,2005,"Cloves (whole stems), raw",26.0,0.0,0.0,False,False,False
Haiti,2006,"Cloves (whole stems), raw",32.0,0.0,0.0,False,False,False
Haiti,2007,"Cloves (whole stems), raw",72.0,0.0,0.0,True,False,False
Haiti,2008,"Cloves (whole stems), raw",0.0,0.0,0.0,False,False,False
Haiti,2009,"Cloves (whole stems), raw",1.0,0.0,0.0,False,False,False
Haiti,2010,"Cloves (whole stems), raw",1.0,0.0,0.0,False,False,False
Haiti,2011,"Cloves (whole stems), raw",1.0,0.0,0.0,False,False,False
Haiti,2012,"Cloves (whole stems), raw",1.0,0.0,0.0,False,False,False
Haiti,2013,"Cloves (whole stems), raw",1.0,0.0,0.0,False,False,False
Haiti,2014,"Cloves (whole stems), raw",9.07,0.0,0.0,False,False,False
Haiti,2015,"Cloves (whole stems), raw",29.37,0.02,0.0,False,True,False
Haiti,2016,"Cloves (whole stems), raw",26.3,0.0,0.0,False,False,False
Haiti,2017,"Cloves (whole stems), raw",32.39,0.0,0.0,False,False,False
Haiti,2018,"Cloves (whole stems), raw",96.15,0.0,0.0,False,False,False
Haiti,2019,"Cloves (whole stems), raw",135.15,0.0,0.0,False,False,False
Haiti,2020,"Cloves (whole stems), raw",392.87,0.0,0.0,True,False,False
Haiti,2021,"Cloves (whole stems), raw",198.29,0.0,0.0,False,False,False
Haiti,2022,"Cloves (whole stems), raw",158.84,1.56,0.0,False,True,False
Haiti,2023,"Cloves (whole stems), raw",224.3,0.05,0.0,False,False,False
Honduras,1993,"Cloves (whole stems), raw",0.0,45.0,0.0,False,True,False
Honduras,1994,"Cloves (whole stems), raw",0.0,0.0,0.0,False,False,False
Honduras,1995,"Cloves (whole stems), raw",0.0,0.0,0.0,False,False,False
Honduras,1996,"Cloves (whole stems), raw",1.0,0.0,0.0,False,False,False
Honduras,1997,"Cloves (whole stems), raw",0.0,0.0,0.0,False,False,False
Honduras,1998,"Cloves (whole stems), raw",1.0,0.0,0.0,False,False,False
Honduras,1999,"Cloves (whole stems), raw",1.0,0.0,0.0,False,False,False
Honduras,2000,"Cloves (whole stems), raw",1.0,14.0,0.0,False,False,False
Honduras,2001,"Cloves (whole stems), raw",2.0,0.0,0.0,False,False,False
Honduras,2002,"Cloves (whole stems), raw",20.0,20.0,0.0,True,True,False
Honduras,2003,"Cloves (whole stems), raw",7.0,1.0,0.0,False,False,False
Honduras,2004,"Cloves (whole stems), raw",2.0,0.0,0.0,False,False,False
Honduras,2005,"Cloves (whole stems), raw",1.0,0.0,0.0,False,False,False
Honduras,2006,"Cloves (whole stems), raw",3.0,1.0,0.0,False,False,False
Honduras,2007,"Cloves (whole stems), raw",16.0,0.0,0.0,True,False,False
Honduras,2008,"Cloves (whole stems), raw",4.0,0.0,0.0,False,False,False
Honduras,2009,"Cloves (whole stems), raw",7.0,0.0,0.0,False,False,False
Honduras,2010,"Cloves (whole stems), raw",7.0,0.0,0.0,False,False,False
Honduras,2011,"Cloves (whole stems), raw",1.0,0.0,0.0,False,False,False
Honduras,2012,"Cloves (whole stems), raw",2.0,0.0,0.0,False,False,False
Honduras,2013,"Cloves (whole stems), raw",2.0,0.0,0.0,False,False,False
Honduras,2014,"Cloves (whole stems), raw",3.04,0.0,0.0,False,False,False
Honduras,2015,"Cloves (whole stems), raw",18.81,7.78,0.0,False,False,False
Honduras,2016,"Cloves (whole stems), raw",4.82,2.26,0.0,False,False,False
Honduras,2017,"Cloves (whole stems), raw",16.28,12.3,0.0,False,False,False
Honduras,2018,"Cloves (whole stems), raw",15.23,4.04,0.0,False,False,False
Honduras,2019,"Cloves (whole stems), raw",4.29,1.5,0.0,False,False,False
Honduras,2020,"Cloves (whole stems), raw",11.43,0.0,0.0,False,False,False
Honduras,2021,"Cloves (whole stems), raw",12.47,0.0,0.0,False,False,False
Honduras,2022,"Cloves (whole stems), raw",15.85,0.0,0.0,False,False,False
Honduras,2023,"Cloves (whole stems), raw",24.95,0.0,0.0,False,False,False
Hungary,1993,"Cloves (whole stems), raw",34.0,1.0,0.0,False,False,False
Hungary,1994,"Cloves (whole stems), raw",19.0,2.0,0.0,False,False,False
Hungary,1995,"Cloves (whole stems), raw",21.0,0.0,0.0,False,False,False
Hungary,1996,"Cloves (whole stems), raw",0.0,0.0,0.0,True,False,False
Hungary,1997,"Cloves (whole stems), raw",25.0,1.0,0.0,False,False,False
Hungary,1998,"Cloves (whole stems), raw",33.0,0.0,0.0,False,False,False
Hungary,1999,"Cloves (whole stems), raw",26.0,0.0,0.0,False,False,False
Hungary,2000,"Cloves (whole stems), raw",39.1,0.1,0.0,False,False,False
Hungary,2001,"Cloves (whole stems), raw",26.0,0.0,0.0,False,False,False
Hungary,2002,"Cloves (whole stems), raw",31.0,0.0,0.0,False,False,False
Hungary,2003,"Cloves (whole stems), raw",22.0,0.0,0.0,False,False,False
Hungary,2004,"Cloves (whole stems), raw",23.0,0.0,0.0,False,False,False
Hungary,2005,"Cloves (whole stems), raw",33.0,1.0,0.0,False,True,False
Hungary,2006,"Cloves (whole stems), raw",34.0,0.0,0.0,False,False,False
Hungary,2007,"Cloves (whole stems), raw",22.0,0.0,0.0,False,False,False
Hungary,2008,"Cloves (whole stems), raw",34.0,0.0,0.0,False,False,False
Hungary,2009,"Cloves (whole stems), raw",31.0,0.0,0.0,False,False,False
Hungary,2010,"Cloves (whole stems), raw",37.0,0.0,0.0,False,False,False
Hungary,2011,"Cloves (whole stems), raw",32.0,0.0,0.0,False,False,False
Hungary,2012,"Cloves (whole stems), raw",30.0,0.0,0.0,False,False,False
Hungary,2013,"Cloves (whole stems), raw",37.0,0.0,0.0,False,False,False
Hungary,2014,"Cloves (whole stems), raw",35.01,0.16,0.0,False,False,False
Hungary,2015,"Cloves (whole stems), raw",35.52,18.89,0.0,False,False,False
Hungary,2016,"Cloves (whole stems), raw",34.36,11.7,0.0,False,False,False
Hungary,2017,"Cloves (whole stems), raw",34.53,11.17,0.0,False,False,False
Hungary,2018,"Cloves (whole stems), raw",35.57,0.22,0.0,False,False,False
Hungary,2019,"Cloves (whole stems), raw",27.93,0.33,0.0,False,False,False
Hungary,2020,"Cloves (whole stems), raw",40.62,10.38,0.0,False,False,False
Hungary,2021,"Cloves (whole stems), raw",40.19,7.08,0.0,False,False,False
Hungary,2022,"Cloves (whole stems), raw",45.36,4.61,0.0,False,False,False
Hungary,2023,"Cloves (whole stems), raw",48.77,4.98,0.0,False,False,False
Iceland,1993,"Cloves (whole stems), raw",2.0,0.0,0.0,False,False,False
Iceland,1994,"Cloves (whole stems), raw",2.0,0.0,0.0,False,False,False
Iceland,1995,"Cloves (whole stems), raw",2.0,0.0,0.0,False,False,False
Iceland,1996,"Cloves (whole stems), raw",3.0,0.0,0.0,True,False,False
Iceland,1997,"Cloves (whole stems), raw",2.0,0.0,0.0,False,False,False
Iceland,1998,"Cloves (whole stems), raw",2.0,0.0,0.0,False,False,False
Iceland,1999,"Cloves (whole stems), raw",2.0,0.0,0.0,False,False,False
Iceland,2000,"Cloves (whole stems), raw",2.5,0.0,0.0,True,False,False
Iceland,2001,"Cloves (whole stems), raw",2.0,0.0,0.0,False,False,False
Iceland,2002,"Cloves (whole stems), raw",1.0,0.0,0.0,True,False,False
Iceland,2003,"Cloves (whole stems), raw",2.0,0.0,0.0,False,False,False
Iceland,2004,"Cloves (whole stems), raw",2.0,0.0,0.0,False,False,False
Iceland,2005,"Cloves (whole stems), raw",2.0,0.0,0.0,False,False,False
Iceland,2006,"Cloves (whole stems), raw",2.0,0.0,0.0,False,False,False
Iceland,2007,"Cloves (whole stems), raw",2.0,0.0,0.0,False,False,False
Iceland,2008,"Cloves (whole stems), raw",4.0,0.0,0.0,False,False,False
Iceland,2009,"Cloves (whole stems), raw",3.0,0.0,0.0,False,False,False
Iceland,2010,"Cloves (whole stems), raw",3.0,0.0,0.0,False,False,False
Iceland,2011,"Cloves (whole stems), raw",2.0,0.0,0.0,True,False,False
Iceland,2012,"Cloves (whole stems), raw",3.0,0.0,0.0,False,False,False
Iceland,2013,"Cloves (whole stems), raw",3.0,0.0,0.0,False,False,False
Iceland,2014,"Cloves (whole stems), raw",2.7,0.0,0.0,False,False,False
Iceland,2015,"Cloves (whole stems), raw",1.98,0.0,0.0,False,False,False
Iceland,2016,"Cloves (whole stems), raw",2.5,0.0,0.0,False,False,False
Iceland,2017,"Cloves (whole stems), raw",1.61,0.0,0.0,False,False,False
Iceland,2018,"Cloves (whole stems), raw",2.53,0.0,0.0,False,False,False
Iceland,2019,"Cloves (whole stems), raw",2.42,0.0,0.0,False,False,False
Iceland,2020,"Cloves (whole stems), raw",3.11,0.0,0.0,False,False,False
Iceland,2021,"Cloves (whole stems), raw",2.97,0.0,0.0,False,False,False
Iceland,2022,"Cloves (whole stems), raw",2.93,0.0,0.0,False,False,False
Iceland,2023,"Cloves (whole stems), raw",1.65,0.0,0.0,True,False,False
India,1993,"Cloves (whole stems), raw",4490.0,14.0,0.0,False,False,False
India,1994,"Cloves (whole stems), raw",2523.0,36.0,0.0,False,False,False
India,1995,"Cloves (whole stems), raw",3345.0,0.0,0.0,False,False,False
India,1996,"Cloves (whole stems), raw",5240.0,83.0,0.0,False,False,False
India,1997,"Cloves (whole stems), raw",6995.0,2.0,0.0,False,False,False
India,1998,"Cloves (whole stems), raw",20338.0,1.0,0.0,True,False,False
India,1999,"Cloves (whole stems), raw",1846.16,382.3,0.0,False,False,False
India,2000,"Cloves (whole stems), raw",2754.0,179.0,0.0,False,False,False
India,2001,"Cloves (whole stems), raw",5437.0,169.0,0.0,False,False,False
India,2002,"Cloves (whole stems), raw",6867.0,53.0,0.0,False,False,False
India,2003,"Cloves (whole stems), raw",15678.0,84.0,0.0,False,False,False
India,2004,"Cloves (whole stems), raw",6945.0,129.0,0.0,False,False,False
India,2005,"Cloves (whole stems), raw",10775.0,111.0,0.0,False,False,False
India,2006,"Cloves (whole stems), raw",11748.0,103.0,0.0,False,False,False
India,2007,"Cloves (whole stems), raw",14999.0,156.0,0.0,False,False,False
India,2008,"Cloves (whole stems), raw",8569.0,166.0,0.0,False,False,False
India,2009,"Cloves (whole stems), raw",14583.0,553.0,0.0,False,False,False
India,2010,"Cloves (whole stems), raw",6060.0,567.0,0.0,False,False,False
India,2011,"Cloves (whole stems), raw",13244.0,1870.0,0.0,False,True,False
India,2012,"Cloves (whole stems), raw",11084.0,709.0,0.0,False,False,False
India,2013,"Cloves (whole stems), raw",10924.0,497.0,0.0,False,False,False
India,2014,"Cloves (whole stems), raw",13421.49,708.47,0.0,False,False,False
India,2015,"Cloves (whole stems), raw",17889.04,713.63,0.0,False,False,False
India,2016,"Cloves (whole stems), raw",19330.47,888.75,0.0,False,False,False
India,2017,"Cloves (whole stems), raw",20580.23,608.11,0.0,False,False,False
India,2018,"Cloves (whole stems), raw",17630.05,815.64,0.0,False,False,False
India,2019,"Cloves (whole stems), raw",19326.86,958.16,0.0,False,False,False
India,2020,"Cloves (whole stems), raw",30620.62,949.01,0.0,False,False,False
India,2021,"Cloves (whole stems), raw",25948.94,1138.02,0.0,False,False,False
India,2022,"Cloves (whole stems), raw",18170.81,1741.49,0.0,False,False,False
India,2023,"Cloves (whole stems), raw",22395.17,1743.56,0.0,False,False,False
Indonesia,1993,"Cloves (whole stems), raw",0.0,317.0,67366.0,False,False,False
Indonesia,1994,"Cloves (whole stems), raw",0.0,297.0,78379.0,False,False,False
Indonesia,1995,"Cloves (whole stems), raw",8.0,319.0,90007.0,False,False,False
Indonesia,1996,"Cloves (whole stems), raw",0.0,230.0,59479.0,False,False,False
Indonesia,1997,"Cloves (whole stems), raw",0.0,356.0,59194.0,False,False,False
Indonesia,1998,"Cloves (whole stems), raw",204.0,20157.0,67177.0,False,True,False
Indonesia,1999,"Cloves (whole stems), raw",22610.0,1776.0,52903.0,False,False,False
Indonesia,2000,"Cloves (whole stems), raw",20872.91,4655.41,59879.0,False,False,False
Indonesia,2001,"Cloves (whole stems), raw",16899.0,6324.0,72685.0,False,False,False
Indonesia,2002,"Cloves (whole stems), raw",796.0,13155.0,79010.0,False,False,False
Indonesia,2003,"Cloves (whole stems), raw",173.0,15470.0,116415.0,False,False,True
Indonesia,2004,"Cloves (whole stems), raw",9.0,9060.0,73837.0,False,False,False
Indonesia,2005,"Cloves (whole stems), raw",1.0,7683.0,78350.0,False,False,False
Indonesia,2006,"Cloves (whole stems), raw",1.0,11270.0,61408.0,False,False,False
Indonesia,2007,"Cloves (whole stems), raw",1.0,14093.0,80404.0,False,False,False
Indonesia,2008,"Cloves (whole stems), raw",0.0,4251.0,70535.0,False,False,False
Indonesia,2009,"Cloves (whole stems), raw",31.0,5142.0,82033.0,False,False,False
Indonesia,2010,"Cloves (whole stems), raw",277.0,6008.0,98400.0,False,False,False
Indonesia,2011,"Cloves (whole stems), raw",14979.0,5397.0,72300.0,True,False,False
Indonesia,2012,"Cloves (whole stems), raw",7164.0,5941.0,99900.0,False,False,False
Indonesia,2013,"Cloves (whole stems), raw",308.0,5177.0,109600.0,False,False,False
Indonesia,2015,"Cloves (whole stems), raw",10.93,12888.87,139641.0,False,False,False
Indonesia,2016,"Cloves (whole stems), raw",6952.33,12754.37,139611.0,False,False,False
Indonesia,2017,"Cloves (whole stems), raw",13952.12,7364.9,113178.0,False,False,True
Indonesia,2018,"Cloves (whole stems), raw",13373.1,20249.12,131014.0,False,False,False
Indonesia,2019,"Cloves (whole stems), raw",4003.29,26001.69,140796.61,False,False,False
Indonesia,2020,"Cloves (whole stems), raw",2575.09,47765.46,145984.0,False,True,False
Indonesia,2021,"Cloves (whole stems), raw",10017.08,20140.47,135753.0,False,False,False
Indonesia,2022,"Cloves (whole stems), raw",25104.78,9481.29,137124.0,False,False,False
Indonesia,2023,"Cloves (whole stems), raw",23886.35,13934.59,135178.0,False,False,False
Iran (Islamic Republic of),1993,"Cloves (whole stems), raw",0.0,0.0,0.0,False,False,False
Iran (Islamic Republic of),1994,"Cloves (whole stems), raw",65.0,0.0,0.0,True,False,False
Iran (Islamic Republic of),1995,"Cloves (whole stems), raw",0.0,0.0,0.0,False,False,False
Iran (Islamic Republic of),1996,"Cloves (whole stems), raw",0.0,0.0,0.0,False,False,False
Iran (Islamic Republic of),1997,"Cloves (whole stems), raw",0.0,0.0,0.0,False,False,False
Iran (Islamic Republic of),1998,"Cloves (whole stems), raw",0.0,0.0,0.0,False,False,False
Iran (Islamic Republic of),1999,"Cloves (whole stems), raw",3.0,0.0,0.0,False,False,False
Iran (Islamic Republic of),2000,"Cloves (whole stems), raw",9.95,0.0,0.0,False,False,False
Iran (Islamic Republic of),2001,"Cloves (whole stems), raw",6.0,0.0,0.0,False,False,False
Iran (Islamic Republic of),2002,"Cloves (whole stems), raw",40.0,0.0,0.0,False,False,False
Iran (Islamic Republic of),2003,"Cloves (whole stems), raw",69.0,0.0,0.0,False,False,False
Iran (Islamic Republic of),2004,"Cloves (whole stems), raw",61.0,0.0,0.0,False,False,False
Iran (Islamic Republic of),2005,"Cloves (whole stems), raw",74.0,0.0,0.0,False,False,False
Iran (Islamic Republic of),2006,"Cloves (whole stems), raw",95.0,0.0,0.0,False,False,False
Iran (Islamic Republic of),2007,"Cloves (whole stems), raw",122.0,0.0,0.0,False,False,False
Iran (Islamic Republic of),2008,"Cloves (whole stems), raw",108.0,2.0,0.0,False,False,False
Iran (Islamic Republic of),2009,"Cloves (whole stems), raw",108.0,2.0,0.0,False,False,False
Iran (Islamic Republic of),2010,"Cloves (whole stems), raw",137.0,0.0,0.0,False,False,False
Iran (Islamic Republic of),2011,"Cloves (whole stems), raw",77.0,0.0,0.0,False,False,False
Iran (Islamic Republic of),2012,"Cloves (whole stems), raw",55.0,0.0,0.0,False,False,False
Iran (Islamic Republic of),2013,"Cloves (whole stems), raw",48.0,0.0,0.0,False,False,False
Iran (Islamic Republic of),2014,"Cloves (whole stems), raw",78.0,0.85,0.0,False,False,False
Iran (Islamic Republic of),2015,"Cloves (whole stems), raw",606.77,1.44,0.0,True,False,False
Iran (Islamic Republic of),2016,"Cloves (whole stems), raw",127.35,0.1,0.0,False,False,False
Iran (Islamic Republic of),2017,"Cloves (whole stems), raw",93.0,0.97,0.0,False,False,False
Iran (Islamic Republic of),2018,"Cloves (whole stems), raw",104.16,0.0,0.0,False,False,False
Iran (Islamic Republic of),2019,"Cloves (whole stems), raw",182.71,1.66,0.0,False,False,False
Iran (Islamic Republic of),2020,"Cloves (whole stems), raw",251.18,0.36,0.0,False,False,False
Iran (Islamic Republic of),2021,"Cloves (whole stems), raw",45.24,3.34,0.0,False,False,False
Iran (Islamic Republic of),2022,"Cloves (whole stems), raw",345.58,9.9,0.0,False,False,False
Iran (Islamic Republic of),2023,"Cloves (whole stems), raw",616.81,12.48,0.0,False,False,False
Iraq,1993,"Cloves (whole stems), raw",25.0,0.0,0.0,False,False,False
Iraq,1994,"Cloves (whole stems), raw",25.0,0.0,0.0,False,False,False
Iraq,1995,"Cloves (whole stems), raw",25.0,0.0,0.0,False,False,False
Iraq,1996,"Cloves (whole stems), raw",25.0,0.0,0.0,False,False,False
Iraq,1997,"Cloves (whole stems), raw",25.0,0.0,0.0,False,False,False
Iraq,1998,"Cloves (whole stems), raw",9.0,0.0,0.0,False,False,False
Iraq,1999,"Cloves (whole stems), raw",9.0,0.0,0.0,False,False,False
Iraq,2000,"Cloves (whole stems), raw",9.0,0.0,0.0,False,False,False
Iraq,2001,"Cloves (whole stems), raw",9.0,0.0,0.0,False,False,False
Iraq,2002,"Cloves (whole stems), raw",8.0,0.0,0.0,False,False,False
Iraq,2003,"Cloves (whole stems), raw",0.0,0.0,0.0,False,False,False
Iraq,2004,"Cloves (whole stems), raw",0.0,0.0,0.0,False,False,False
Iraq,2005,"Cloves (whole stems), raw",84.0,0.0,0.0,True,False,False
Iraq,2006,"Cloves (whole stems), raw",0.0,0.0,0.0,False,False,False
Iraq,2007,"Cloves (whole stems), raw",3.0,0.0,0.0,False,False,False
Iraq,2008,"Cloves (whole stems), raw",3.0,0.0,0.0,False,False,False
Iraq,2009,"Cloves (whole stems), raw",3.0,0.0,0.0,False,False,False
Iraq,2010,"Cloves (whole stems), raw",2.0,0.0,0.0,False,False,False
Iraq,2011,"Cloves (whole stems), raw",2.0,0.0,0.0,False,False,False
Iraq,2012,"Cloves (whole stems), raw",2.0,0.0,0.0,False,False,False
Iraq,2013,"Cloves (whole stems), raw",2.0,0.0,0.0,False,False,False
Iraq,2014,"Cloves (whole stems), raw",500.0,0.0,0.0,False,False,False
Iraq,2015,"Cloves (whole stems), raw",428.11,0.0,0.0,False,False,False
Iraq,2016,"Cloves (whole stems), raw",489.25,0.0,0.0,False,False,False
Iraq,2017,"Cloves (whole stems), raw",638.2,0.0,0.0,False,False,False
Iraq,2018,"Cloves (whole stems), raw",535.02,0.0,0.0,False,False,False
Iraq,2019,"Cloves (whole stems), raw",671.36,0.0,0.0,False,False,False
Iraq,2020,"Cloves (whole stems), raw",1284.36,0.0,0.0,False,False,False
Iraq,2021,"Cloves (whole stems), raw",819.3,0.0,0.0,False,False,False
Iraq,2022,"Cloves (whole stems), raw",932.16,0.1,0.0,False,False,False
Iraq,2023,"Cloves (whole stems), raw",1221.65,0.2,0.0,False,False,False
Ireland,1993,"Cloves (whole stems), raw",24.0,0.0,0.0,False,False,False
Ireland,1994,"Cloves (whole stems), raw",42.0,0.0,0.0,False,False,False
Ireland,1995,"Cloves (whole stems), raw",11.0,0.0,0.0,False,False,False
Ireland,1996,"Cloves (whole stems), raw",5.0,0.0,0.0,False,False,False
Ireland,1997,"Cloves (whole stems), raw",7.0,0.0,0.0,False,False,False
Ireland,1998,"Cloves (whole stems), raw",10.0,0.0,0.0,False,False,False
Ireland,1999,"Cloves (whole stems), raw",15.0,0.0,0.0,False,False,False
Ireland,2000,"Cloves (whole stems), raw",10.0,0.0,0.0,False,False,False
Ireland,2001,"Cloves (whole stems), raw",5.0,0.0,0.0,False,False,False
Ireland,2002,"Cloves (whole stems), raw",8.0,0.0,0.0,False,False,False
Ireland,2003,"Cloves (whole stems), raw",10.0,0.0,0.0,False,False,False
Ireland,2004,"Cloves (whole stems), raw",18.0,0.0,0.0,False,False,False
Ireland,2005,"Cloves (whole stems), raw",17.0,0.0,0.0,False,False,False
Ireland,2006,"Cloves (whole stems), raw",17.0,0.0,0.0,False,False,False
Ireland,2007,"Cloves (whole stems), raw",22.0,0.0,0.0,True,False,False
Ireland,2008,"Cloves (whole stems), raw",19.0,0.0,0.0,False,False,False
Ireland,2009,"Cloves (whole stems), raw",16.0,0.0,0.0,False,False,False
Ireland,2010,"Cloves (whole stems), raw",18.0,0.0,0.0,False,False,False
Ireland,2011,"Cloves (whole stems), raw",20.0,0.0,0.0,False,False,False
Ireland,2012,"Cloves (whole stems), raw",12.0,0.0,0.0,False,False,False
Ireland,2013,"Cloves (whole stems), raw",18.0,0.0,0.0,False,False,False
Ireland,2014,"Cloves (whole stems), raw",24.0,0.0,0.0,False,False,False
Ireland,2015,"Cloves (whole stems), raw",25.82,0.0,0.0,False,False,False
Ireland,2016,"Cloves (whole stems), raw",33.38,0.0,0.0,False,False,False
Ireland,2017,"Cloves (whole stems), raw",40.29,0.0,0.0,False,False,False
Ireland,2018,"Cloves (whole stems), raw",33.92,2.46,0.0,False,True,False
Ireland,2019,"Cloves (whole stems), raw",67.6,0.35,0.0,False,False,False
Ireland,2020,"Cloves (whole stems), raw",63.0,0.03,0.0,False,False,False
Ireland,2021,"Cloves (whole stems), raw",22.93,0.5,0.0,False,False,False
Ireland,2022,"Cloves (whole stems), raw",27.72,0.85,0.0,False,False,False
Ireland,2023,"Cloves (whole stems), raw",28.11,2.71,0.0,False,False,False
Israel,1993,"Cloves (whole stems), raw",14.0,0.0,0.0,False,False,False
Israel,1994,"Cloves (whole stems), raw",16.0,0.0,0.0,False,False,False
Israel,1995,"Cloves (whole stems), raw",14.0,0.0,0.0,False,False,False
Israel,1996,"Cloves (whole stems), raw",9.0,0.0,0.0,False,False,False
Israel,1997,"Cloves (whole stems), raw",20.0,0.0,0.0,False,False,False
Israel,1998,"Cloves (whole stems), raw",25.0,0.0,0.0,False,False,False
Israel,1999,"Cloves (whole stems), raw",10.0,0.0,0.0,False,False,False
Israel,2000,"Cloves (whole stems), raw",89.44,0.0,0.0,False,False,False
Israel,2001,"Cloves (whole stems), raw",57.0,0.0,0.0,False,False,False
Israel,2002,"Cloves (whole stems), raw",76.0,0.0,0.0,False,False,False
Israel,2003,"Cloves (whole stems), raw",57.0,0.0,0.0,False,False,False
Israel,2004,"Cloves (whole stems), raw",44.0,0.0,0.0,False,False,False
Israel,2005,"Cloves (whole stems), raw",14.0,0.0,0.0,False,False,False
Israel,2006,"Cloves (whole stems), raw",11.0,0.0,0.0,False,False,False
Israel,2007,"Cloves (whole stems), raw",11.0,0.0,0.0,False,False,False
Israel,2008,"Cloves (whole stems), raw",29.0,0.0,0.0,False,False,False
Israel,2009,"Cloves (whole stems), raw",9.0,0.0,0.0,False,False,False
Israel,2010,"Cloves (whole stems), raw",42.0,0.0,0.0,False,False,False
Israel,2011,"Cloves (whole stems), raw",24.0,0.0,0.0,False,False,False
Israel,2012,"Cloves (whole stems), raw",52.0,0.0,0.0,False,False,False
Israel,2013,"Cloves (whole stems), raw",14.0,0.0,0.0,False,False,False
Israel,2014,"Cloves (whole stems), raw",34.19,0.0,0.0,False,False,False
Israel,2015,"Cloves (whole stems), raw",24.14,0.0,0.0,False,False,False
Israel,2016,"Cloves (whole stems), raw",27.01,0.0,0.0,False,False,False
Israel,2017,"Cloves (whole stems), raw",27.85,0.0,0.0,False,False,False
Israel,2018,"Cloves (whole stems), raw",71.51,0.0,0.0,False,False,False
Israel,2019,"Cloves (whole stems), raw",57.28,0.0,0.0,False,False,False
Israel,2020,"Cloves (whole stems), raw",57.26,0.0,0.0,False,False,False
Israel,2021,"Cloves (whole stems), raw",59.64,0.0,0.0,False,False,False
Israel,2022,"Cloves (whole stems), raw",82.17,0.0,0.0,True,False,False
Israel,2023,"Cloves (whole stems), raw",15.15,0.0,0.0,True,False,False
Italy,1993,"Cloves (whole stems), raw",123.0,9.0,0.0,False,False,False
Italy,1994,"Cloves (whole stems), raw",142.0,8.0,0.0,False,False,False
Italy,1995,"Cloves (whole stems), raw",132.0,5.0,0.0,False,False,False
Italy,1996,"Cloves (whole stems), raw",75.0,3.0,0.0,True,False,False
Italy,1997,"Cloves (whole stems), raw",114.0,5.0,0.0,False,False,False
Italy,1998,"Cloves (whole stems), raw",110.0,4.0,0.0,False,False,False
Italy,1999,"Cloves (whole stems), raw",138.0,5.0,0.0,False,False,False
Italy,2000,"Cloves (whole stems), raw",133.0,2.0,0.0,False,False,False
Italy,2001,"Cloves (whole stems), raw",106.0,3.0,0.0,False,False,False
Italy,2002,"Cloves (whole stems), raw",157.0,2.0,0.0,False,False,False
Italy,2003,"Cloves (whole stems), raw",137.0,2.0,0.0,False,False,False
Italy,2004,"Cloves (whole stems), raw",90.0,8.0,0.0,False,False,False
Italy,2005,"Cloves (whole stems), raw",140.0,6.0,0.0,False,False,False
Italy,2006,"Cloves (whole stems), raw",112.0,7.0,0.0,False,False,False
Italy,2007,"Cloves (whole stems), raw",166.0,10.0,0.0,False,False,False
Italy,2008,"Cloves (whole stems), raw",105.0,4.0,0.0,False,False,False
Italy,2009,"Cloves (whole stems), raw",178.0,4.0,0.0,False,False,False
Italy,2010,"Cloves (whole stems), raw",125.0,14.0,0.0,False,False,False
Italy,2011,"Cloves (whole stems), raw",123.0,22.0,0.0,False,False,False
Italy,2012,"Cloves (whole stems), raw",138.0,27.0,0.0,False,False,False
Italy,2013,"Cloves (whole stems), raw",111.0,15.0,0.0,False,False,False
Italy,2014,"Cloves (whole stems), raw",148.08,20.29,0.0,False,False,False
Italy,2015,"Cloves (whole stems), raw",219.84,32.97,0.0,False,False,False
Italy,2016,"Cloves (whole stems), raw",186.49,23.32,0.0,False,False,False
Italy,2017,"Cloves (whole stems), raw",147.73,32.22,0.0,False,False,False
Italy,2018,"Cloves (whole stems), raw",176.15,30.13,0.0,False,False,False
Italy,2019,"Cloves (whole stems), raw",152.87,38.83,0.0,False,False,False
Italy,2020,"Cloves (whole stems), raw",199.96,53.0,0.0,False,False,False
Italy,2021,"Cloves (whole stems), raw",187.59,48.19,0.0,False,False,False
Italy,2022,"Cloves (whole stems), raw",218.41,50.82,0.0,False,False,False
Italy,2023,"Cloves (whole stems), raw",273.42,60.37,0.0,False,False,False
Jamaica,1993,"Cloves (whole stems), raw",1.0,15.0,0.0,False,True,False
Jamaica,1994,"Cloves (whole stems), raw",3.0,2.0,0.0,False,False,False
Jamaica,1995,"Cloves (whole stems), raw",1.0,0.0,0.0,False,False,False
Jamaica,1996,"Cloves (whole stems), raw",2.0,0.0,0.0,False,False,False
Jamaica,1997,"Cloves (whole stems), raw",3.0,0.0,0.0,False,False,False
Jamaica,1998,"Cloves (whole stems), raw",0.0,0.0,0.0,False,False,False
Jamaica,1999,"Cloves (whole stems), raw",3.0,0.0,0.0,False,False,False
Jamaica,2000,"Cloves (whole stems), raw",0.0,0.0,0.0,False,False,False
Jamaica,2001,"Cloves (whole stems), raw",5.0,0.0,0.0,False,False,False
Jamaica,2002,"Cloves (whole stems), raw",0.0,0.0,0.0,False,False,False
Jamaica,2003,"Cloves (whole stems), raw",0.0,0.0,0.0,False,False,False
Jamaica,2004,"Cloves (whole stems), raw",5.0,0.0,0.0,False,False,False
Jamaica,2005,"Cloves (whole stems), raw",7.0,0.0,0.0,False,False,False
Jamaica,2006,"Cloves (whole stems), raw",11.0,0.0,0.0,True,False,False
Jamaica,2007,"Cloves (whole stems), raw",3.0,0.0,0.0,False,False,False
Jamaica,2008,"Cloves (whole stems), raw",5.0,0.0,0.0,False,False,False
Jamaica,2009,"Cloves (whole stems), raw",4.0,0.0,0.0,False,False,False
Jamaica,2010,"Cloves (whole stems), raw",3.0,0.0,0.0,False,False,False
Jamaica,2011,"Cloves (whole stems), raw",3.0,0.0,0.0,False,False,False
Jamaica,2012,"Cloves (whole stems), raw",6.0,0.0,0.0,False,False,False
Jamaica,2013,"Cloves (whole stems), raw",8.0,0.0,0.0,False,False,False
Jamaica,2014,"Cloves (whole stems), raw",6.17,0.0,0.0,False,False,False
Jamaica,2015,"Cloves (whole stems), raw",3.15,0.0,0.0,False,False,False
Jamaica,2016,"Cloves (whole stems), raw",10.39,0.0,0.0,False,False,False
Jamaica,2017,"Cloves (whole stems), raw",7.41,0.0,0.0,False,False,False
Jamaica,2018,"Cloves (whole stems), raw",23.94,0.0,0.0,True,False,False
Jamaica,2019,"Cloves (whole stems), raw",4.21,0.0,0.0,False,False,False
Jamaica,2020,"Cloves (whole stems), raw",7.01,0.0,0.0,False,False,False
Jamaica,2021,"Cloves (whole stems), raw",8.34,0.0,0.0,False,False,False
Jamaica,2022,"Cloves (whole stems), raw",11.24,0.0,0.0,False,False,False
Jamaica,2023,"Cloves (whole stems), raw",15.7,0.0,0.0,False,False,False
Japan,1993,"Cloves (whole stems), raw",292.0,0.0,0.0,False,False,False
Japan,1994,"Cloves (whole stems), raw",254.0,0.0,0.0,False,False,False
Japan,1995,"Cloves (whole stems), raw",317.0,0.0,0.0,False,False,False
Japan,1996,"Cloves (whole stems), raw",238.0,0.0,0.0,False,False,False
Japan,1997,"Cloves (whole stems), raw",339.0,0.0,0.0,False,False,False
Japan,1998,"Cloves (whole stems), raw",339.0,0.0,0.0,False,False,False
Japan,1999,"Cloves (whole stems), raw",301.0,0.0,0.0,False,False,False
Japan,2000,"Cloves (whole stems), raw",315.63,0.0,0.0,False,False,False
Japan,2001,"Cloves (whole stems), raw",319.0,0.0,0.0,False,False,False
Japan,2002,"Cloves (whole stems), raw",341.0,0.0,0.0,False,False,False
Japan,2003,"Cloves (whole stems), raw",332.0,0.0,0.0,False,False,False
Japan,2004,"Cloves (whole stems), raw",430.0,0.0,0.0,False,False,False
Japan,2005,"Cloves (whole stems), raw",335.0,0.0,0.0,False,False,False
Japan,2006,"Cloves (whole stems), raw",393.0,0.0,0.0,False,False,False
Japan,2007,"Cloves (whole stems), raw",395.0,0.0,0.0,False,False,False
Japan,2008,"Cloves (whole stems), raw",350.0,0.0,0.0,False,False,False
Japan,2009,"Cloves (whole stems), raw",337.0,0.0,0.0,False,False,False
Japan,2010,"Cloves (whole stems), raw",359.0,0.0,0.0,False,False,False
Japan,2011,"Cloves (whole stems), raw",449.0,0.0,0.0,True,False,False
Japan,2012,"Cloves (whole stems), raw",332.0,0.0,0.0,False,False,False
Japan,2013,"Cloves (whole stems), raw",354.0,0.0,0.0,False,False,False
Japan,2014,"Cloves (whole stems), raw",333.85,0.0,0.0,False,False,False
Japan,2015,"Cloves (whole stems), raw",345.25,0.0,0.0,False,False,False
Japan,2016,"Cloves (whole stems), raw",285.49,0.0,0.0,True,False,False
Japan,2017,"Cloves (whole stems), raw",379.61,0.0,0.0,False,False,False
Japan,2018,"Cloves (whole stems), raw",323.86,0.0,0.0,False,False,False
Japan,2019,"Cloves (whole stems), raw",359.77,0.0,0.0,False,False,False
Japan,2020,"Cloves (whole stems), raw",348.04,0.0,0.0,False,False,False
Japan,2021,"Cloves (whole stems), raw",335.4,0.0,0.0,False,False,False
Japan,2022,"Cloves (whole stems), raw",398.21,0.0,0.0,False,False,False
Japan,2023,"Cloves (whole stems), raw",378.72,1.26,0.0,False,True,False
Jordan,1993,"Cloves (whole stems), raw",86.0,16.0,0.0,False,False,False
Jordan,1994,"Cloves (whole stems), raw",62.0,0.0,0.0,False,False,False
Jordan,1995,"Cloves (whole stems), raw",39.0,5.0,0.0,False,False,False
Jordan,1996,"Cloves (whole stems), raw",2.0,0.0,0.0,False,False,False
Jordan,1997,"Cloves (whole stems), raw",41.0,0.0,0.0,False,False,False
Jordan,1998,"Cloves (whole stems), raw",45.0,152.0,0.0,False,True,False
Jordan,1999,"Cloves (whole stems), raw",8.0,17.0,0.0,False,False,False
Jordan,2000,"Cloves (whole stems), raw",38.4,8.0,0.0,False,False,False
Jordan,2001,"Cloves (whole stems), raw",61.0,11.0,0.0,False,False,False
Jordan,2002,"Cloves (whole stems), raw",145.0,31.0,0.0,False,True,False
Jordan,2003,"Cloves (whole stems), raw",132.0,10.0,0.0,False,False,False
Jordan,2004,"Cloves (whole stems), raw",46.0,0.0,0.0,False,False,False
Jordan,2005,"Cloves (whole stems), raw",47.0,0.0,0.0,False,False,False
Jordan,2006,"Cloves (whole stems), raw",43.0,0.0,0.0,False,False,False
Jordan,2007,"Cloves (whole stems), raw",146.0,3.0,0.0,False,True,False
Jordan,2008,"Cloves (whole stems), raw",91.0,0.0,0.0,False,False,False
Jordan,2009,"Cloves (whole stems), raw",98.0,0.0,0.0,False,False,False
Jordan,2010,"Cloves (whole stems), raw",129.0,0.0,0.0,False,False,False
Jordan,2011,"Cloves (whole stems), raw",25.0,20.0,0.0,True,False,False
Jordan,2012,"Cloves (whole stems), raw",101.0,0.0,0.0,False,False,False
Jordan,2013,"Cloves (whole stems), raw",104.0,31.0,0.0,False,False,False
Jordan,2014,"Cloves (whole stems), raw",84.99,17.0,0.0,False,False,False
Jordan,2015,"Cloves (whole stems), raw",178.72,124.33,0.0,False,False,False
Jordan,2016,"Cloves (whole stems), raw",85.77,97.47,0.0,False,False,False
Jordan,2017,"Cloves (whole stems), raw",156.53,48.63,0.0,False,False,False
Jordan,2018,"Cloves (whole stems), raw",133.63,22.0,0.0,False,False,False
Jordan,2019,"Cloves (whole stems), raw",148.34,76.65,0.0,False,False,False
Jordan,2020,"Cloves (whole stems), raw",213.09,41.96,0.0,True,False,False
Jordan,2021,"Cloves (whole stems), raw",120.98,5.19,0.0,False,False,False
Jordan,2022,"Cloves (whole stems), raw",151.59,5.89,0.0,False,False,False
Jordan,2023,"Cloves (whole stems), raw",132.62,38.06,0.0,False,False,False
Kazakhstan,1995,"Cloves (whole stems), raw",10.0,0.0,0.0,True,False,False
Kazakhstan,1996,"Cloves (whole stems), raw",0.0,0.0,0.0,False,False,False
Kazakhstan,1997,"Cloves (whole stems), raw",1.0,0.0,0.0,False,False,False
Kazakhstan,1998,"Cloves (whole stems), raw",0.0,0.0,0.0,False,False,False
Kazakhstan,1999,"Cloves (whole stems), raw",1.0,0.0,0.0,False,False,False
Kazakhstan,2000,"Cloves (whole stems), raw",1.0,4.0,0.0,False,True,False
Kazakhstan,2001,"Cloves (whole stems), raw",2.0,0.0,0.0,False,False,False
Kazakhstan,2002,"Cloves (whole stems), raw",2.0,0.0,0.0,False,False,False
Kazakhstan,2003,"Cloves (whole stems), raw",4.0,0.0,0.0,False,False,False
Kazakhstan,2004,"Cloves (whole stems), raw",4.0,0.0,0.0,False,False,False
Kazakhstan,2005,"Cloves (whole stems), raw",2.0,0.0,0.0,False,False,False
Kazakhstan,2006,"Cloves (whole stems), raw",3.0,0.0,0.0,False,False,False
Kazakhstan,2007,"Cloves (whole stems), raw",4.0,0.0,0.0,False,False,False
Kazakhstan,2008,"Cloves (whole stems), raw",5.0,0.0,0.0,False,False,False
Kazakhstan,2009,"Cloves (whole stems), raw",9.0,0.0,0.0,False,False,False
Kazakhstan,2010,"Cloves (whole stems), raw",1.0,0.0,0.0,False,False,False
Kazakhstan,2011,"Cloves (whole stems), raw",9.0,0.0,0.0,False,False,False
Kazakhstan,2012,"Cloves (whole stems), raw",7.0,0.0,0.0,False,False,False
Kazakhstan,2013,"Cloves (whole stems), raw",7.0,0.0,0.0,False,False,False
Kazakhstan,2014,"Cloves (whole stems), raw",6.05,0.0,0.0,False,False,False
Kazakhstan,2015,"Cloves (whole stems), raw",6.99,0.0,0.0,False,False,False
Kazakhstan,2016,"Cloves (whole stems), raw",7.22,0.07,0.0,False,False,False
Kazakhstan,2017,"Cloves (whole stems), raw",22.63,0.01,0.0,False,False,False
Kazakhstan,2018,"Cloves (whole stems), raw",12.74,0.0,0.0,False,False,False
Kazakhstan,2019,"Cloves (whole stems), raw",11.7,0.11,0.0,False,False,False
Kazakhstan,2020,"Cloves (whole stems), raw",26.23,0.09,0.0,False,False,False
Kazakhstan,2021,"Cloves (whole stems), raw",36.74,0.07,0.0,False,False,False
Kazakhstan,2022,"Cloves (whole stems), raw",64.94,0.08,0.0,True,False,False
Kazakhstan,2023,"Cloves (whole stems), raw",39.88,1.91,0.0,False,True,False
Kenya,1993,"Cloves (whole stems), raw",0.0,0.0,215.86,False,False,False
Kenya,1994,"Cloves (whole stems), raw",0.0,0.0,225.14,False,False,False
Kenya,1995,"Cloves (whole stems), raw",0.0,0.0,270.82,False,False,False
Kenya,1996,"Cloves (whole stems), raw",0.0,0.0,348.15,False,False,False
Kenya,1997,"Cloves (whole stems), raw",0.0,0.0,432.86,False,False,False
Kenya,1998,"Cloves (whole stems), raw",0.0,0.0,526.23,False,False,False
Kenya,1999,"Cloves (whole stems), raw",0.0,54.0,475.52,False,False,False
Kenya,2000,"Cloves (whole stems), raw",0.0,502.0,550.0,False,False,False
Kenya,2001,"Cloves (whole stems), raw",0.0,670.0,700.0,False,False,False
Kenya,2002,"Cloves (whole stems), raw",0.0,543.0,1000.0,False,False,False
Kenya,2003,"Cloves (whole stems), raw",0.0,293.0,1000.0,False,False,False
Kenya,2004,"Cloves (whole stems), raw",0.0,1851.0,1000.0,False,True,False
Kenya,2005,"Cloves (whole stems), raw",8.0,696.0,1000.0,False,False,False
Kenya,2006,"Cloves (whole stems), raw",217.0,969.0,1118.36,False,False,False
Kenya,2007,"Cloves (whole stems), raw",91.0,794.0,1320.66,False,False,False
Kenya,2008,"Cloves (whole stems), raw",370.0,1345.0,1700.0,False,False,False
Kenya,2009,"Cloves (whole stems), raw",683.0,2269.0,2000.0,False,False,False
Kenya,2010,"Cloves (whole stems), raw",330.0,2588.0,2500.0,False,False,True
Kenya,2011,"Cloves (whole stems), raw",125.0,400.0,1700.0,False,False,False
Kenya,2012,"Cloves (whole stems), raw",125.0,195.0,1750.0,False,False,False
Kenya,2013,"Cloves (whole stems), raw",291.0,378.0,1800.0,False,False,False
Kenya,2014,"Cloves (whole stems), raw",50.11,341.37,1972.31,False,False,False
Kenya,2015,"Cloves (whole stems), raw",16.78,227.3,2195.7,False,False,False
Kenya,2016,"Cloves (whole stems), raw",10.17,370.67,1989.34,False,False,False
Kenya,2017,"Cloves (whole stems), raw",10.13,367.15,2015.62,False,False,False
Kenya,2018,"Cloves (whole stems), raw",0.17,490.07,2084.67,False,False,False
Kenya,2019,"Cloves (whole stems), raw",5.17,183.73,2123.27,False,False,False
Kenya,2020,"Cloves (whole stems), raw",0.04,135.48,2074.52,False,False,False
Kenya,2021,"Cloves (whole stems), raw",75.83,63.2,2127.11,False,False,False
Kenya,2022,"Cloves (whole stems), raw",71.07,195.6,2108.3,False,False,False
Kenya,2023,"Cloves (whole stems), raw",17.26,337.86,2103.31,False,False,False
Kiribati,2014,"Cloves (whole stems), raw",0.0,0.0,0.0,False,False,False
Kiribati,2015,"Cloves (whole stems), raw",6.0,0.0,0.0,False,False,False
Kiribati,2016,"Cloves (whole stems), raw",1.0,0.0,0.0,False,False,False
Kiribati,2017,"Cloves (whole stems), raw",3.0,0.0,0.0,False,False,False
Kiribati,2018,"Cloves (whole stems), raw",1.04,0.0,0.0,False,False,False
Kiribati,2019,"Cloves (whole stems), raw",0.07,0.0,0.0,False,False,False
Kiribati,2021,"Cloves (whole stems), raw",0.06,0.0,0.0,False,False,False
Kiribati,2022,"Cloves (whole stems), raw",0.02,0.0,0.0,False,False,False
Kiribati,2023,"Cloves (whole stems), raw",0.03,0.0,0.0,False,False,False
Kuwait,2000,"Cloves (whole stems), raw",65.0,0.0,0.0,False,False,False
Kuwait,2001,"Cloves (whole stems), raw",54.0,0.0,0.0,False,False,False
Kuwait,2013,"Cloves (whole stems), raw",134.0,2.0,0.0,False,False,False
Kuwait,2014,"Cloves (whole stems), raw",138.27,0.96,0.0,False,False,False
Kuwait,2015,"Cloves (whole stems), raw",162.89,1.34,0.0,False,False,False
Kuwait,2016,"Cloves (whole stems), raw",122.05,6.34,0.0,False,False,False
Kuwait,2017,"Cloves (whole stems), raw",104.54,4.09,0.0,False,False,False
Kuwait,2018,"Cloves (whole stems), raw",240.31,0.41,0.0,False,False,False
Kuwait,2019,"Cloves (whole stems), raw",206.03,0.0,0.0,False,False,False
Kuwait,2020,"Cloves (whole stems), raw",174.89,5.33,0.0,False,False,False
Kuwait,2021,"Cloves (whole stems), raw",137.77,21.96,0.0,False,False,False
Kuwait,2022,"Cloves (whole stems), raw",263.61,28.85,0.0,False,False,False
Kuwait,2023,"Cloves (whole stems), raw",230.71,26.22,0.0,False,False,False
Kyrgyzstan,2000,"Cloves (whole stems), raw",0.0,0.0,0.0,False,False,False
Kyrgyzstan,2002,"Cloves (whole stems), raw",1.0,0.0,0.0,True,False,False
Kyrgyzstan,2003,"Cloves (whole stems), raw",0.0,0.0,0.0,False,False,False
Kyrgyzstan,2004,"Cloves (whole stems), raw",0.0,0.0,0.0,False,False,False
Kyrgyzstan,2005,"Cloves (whole stems), raw",0.0,0.0,0.0,False,False,False
Kyrgyzstan,2006,"Cloves (whole stems), raw",3.0,0.0,0.0,True,False,False
Kyrgyzstan,2007,"Cloves (whole stems), raw",0.0,0.0,0.0,False,False,False
Kyrgyzstan,2008,"Cloves (whole stems), raw",0.0,0.0,0.0,False,False,False
Kyrgyzstan,2009,"Cloves (whole stems), raw",0.0,0.0,0.0,False,False,False
Kyrgyzstan,2010,"Cloves (whole stems), raw",0.0,0.0,0.0,False,False,False
Kyrgyzstan,2011,"Cloves (whole stems), raw",0.0,0.0,0.0,False,False,False
Kyrgyzstan,2012,"Cloves (whole stems), raw",0.0,0.0,0.0,False,False,False
Kyrgyzstan,2013,"Cloves (whole stems), raw",0.0,0.0,0.0,False,False,False
Kyrgyzstan,2014,"Cloves (whole stems), raw",0.19,0.0,0.0,False,False,False
Kyrgyzstan,2015,"Cloves (whole stems), raw",0.17,0.0,0.0,False,False,False
Kyrgyzstan,2016,"Cloves (whole stems), raw",0.83,0.0,0.0,False,False,False
Kyrgyzstan,2017,"Cloves (whole stems), raw",2.0,0.0,0.0,False,False,False
Kyrgyzstan,2018,"Cloves (whole stems), raw",2.93,0.0,0.0,False,False,False
Kyrgyzstan,2019,"Cloves (whole stems), raw",3.09,0.0,0.0,False,False,False
Kyrgyzstan,2020,"Cloves (whole stems), raw",3.69,0.0,0.0,False,False,False
Kyrgyzstan,2021,"Cloves (whole stems), raw",6.53,0.19,0.0,False,False,False
Kyrgyzstan,2022,"Cloves (whole stems), raw",4.22,0.0,0.0,False,False,False
Kyrgyzstan,2023,"Cloves (whole stems), raw",18.39,5.0,0.0,True,True,False
Latvia,1994,"Cloves (whole stems), raw",5.0,2.0,0.0,False,False,False
Latvia,1995,"Cloves (whole stems), raw",3.0,1.0,0.0,False,False,False
Latvia,1996,"Cloves (whole stems), raw",10.0,1.0,0.0,True,False,False
Latvia,1997,"Cloves (whole stems), raw",4.0,2.0,0.0,False,False,False
Latvia,1998,"Cloves (whole stems), raw",4.0,0.0,0.0,False,True,False
Latvia,1999,"Cloves (whole stems), raw",5.0,1.0,0.0,False,False,False
Latvia,2000,"Cloves (whole stems), raw",4.0,1.0,0.0,False,False,False
Latvia,2001,"Cloves (whole stems), raw",4.0,1.0,0.0,False,False,False
Latvia,2002,"Cloves (whole stems), raw",7.0,1.0,0.0,True,False,False
Latvia,2003,"Cloves (whole stems), raw",5.0,1.0,0.0,False,False,False
Latvia,2004,"Cloves (whole stems), raw",5.0,1.0,0.0,False,False,False
Latvia,2005,"Cloves (whole stems), raw",5.0,0.0,0.0,False,False,False
Latvia,2006,"Cloves (whole stems), raw",4.0,0.0,0.0,False,False,False
Latvia,2007,"Cloves (whole stems), raw",3.0,1.0,0.0,True,False,False
Latvia,2008,"Cloves (whole stems), raw",5.0,1.0,0.0,False,False,False
Latvia,2009,"Cloves (whole stems), raw",5.0,2.0,0.0,False,False,False
Latvia,2010,"Cloves (whole stems), raw",9.0,3.0,0.0,False,False,False
Latvia,2011,"Cloves (whole stems), raw",6.0,1.0,0.0,False,False,False
Latvia,2012,"Cloves (whole stems), raw",43.0,32.0,0.0,False,False,False
Latvia,2013,"Cloves (whole stems), raw",7.0,2.0,0.0,False,False,False
Latvia,2014,"Cloves (whole stems), raw",18.06,11.53,0.0,False,False,False
Latvia,2015,"Cloves (whole stems), raw",28.68,23.03,0.0,False,False,False
Latvia,2016,"Cloves (whole stems), raw",21.04,10.18,0.0,False,False,False
Latvia,2017,"Cloves (whole stems), raw",26.76,19.15,0.0,False,False,False
Latvia,2018,"Cloves (whole stems), raw",79.53,65.91,0.0,False,False,False
Latvia,2019,"Cloves (whole stems), raw",56.87,56.08,0.0,False,False,False
Latvia,2020,"Cloves (whole stems), raw",58.47,42.44,0.0,False,False,False
Latvia,2021,"Cloves (whole stems), raw",75.96,59.82,0.0,False,False,False
Latvia,2022,"Cloves (whole stems), raw",121.96,123.15,0.0,True,True,False
Latvia,2023,"Cloves (whole stems), raw",63.49,53.89,0.0,False,False,False
Lebanon,1993,"Cloves (whole stems), raw",0.0,0.0,0.0,False,False,False
Lebanon,1994,"Cloves (whole stems), raw",0.0,0.0,0.0,False,False,False
Lebanon,1995,"Cloves (whole stems), raw",0.0,0.0,0.0,False,False,False
Lebanon,1996,"Cloves (whole stems), raw",0.0,0.0,0.0,False,False,False
Lebanon,1997,"Cloves (whole stems), raw",67.0,0.0,0.0,False,False,False
Lebanon,1998,"Cloves (whole stems), raw",29.0,0.0,0.0,False,False,False
Lebanon,1999,"Cloves (whole stems), raw",69.0,1.0,0.0,False,False,False
Lebanon,2000,"Cloves (whole stems), raw",89.0,1.0,0.0,False,False,False
Lebanon,2001,"Cloves (whole stems), raw",33.0,0.0,0.0,False,False,False
Lebanon,2002,"Cloves (whole stems), raw",81.0,0.0,0.0,False,False,False
Lebanon,2003,"Cloves (whole stems), raw",73.0,1.0,0.0,False,False,False
Lebanon,2004,"Cloves (whole stems), raw",28.0,0.0,0.0,False,False,False
Lebanon,2005,"Cloves (whole stems), raw",76.0,6.0,0.0,False,True,False
Lebanon,2006,"Cloves (whole stems), raw",56.0,0.0,0.0,False,False,False
Lebanon,2007,"Cloves (whole stems), raw",54.0,0.0,0.0,False,False,False
Lebanon,2008,"Cloves (whole stems), raw",65.0,0.0,0.0,False,False,False
Lebanon,2009,"Cloves (whole stems), raw",37.0,0.0,0.0,False,False,False
Lebanon,2010,"Cloves (whole stems), raw",75.0,0.0,0.0,False,False,False
Lebanon,2011,"Cloves (whole stems), raw",42.0,0.0,0.0,False,False,False
Lebanon,2012,"Cloves (whole stems), raw",38.0,0.0,0.0,False,False,False
Lebanon,2013,"Cloves (whole stems), raw",75.0,0.0,0.0,False,False,False
Lebanon,2014,"Cloves (whole stems), raw",75.58,0.02,0.0,False,False,False
Lebanon,2015,"Cloves (whole stems), raw",106.42,0.08,0.0,False,False,False
Lebanon,2016,"Cloves (whole stems), raw",85.41,0.13,0.0,False,False,False
Lebanon,2017,"Cloves (whole stems), raw",47.28,0.07,0.0,False,False,False
Lebanon,2018,"Cloves (whole stems), raw",58.19,0.1,0.0,False,False,False
Lebanon,2019,"Cloves (whole stems), raw",63.28,0.81,0.0,False,False,False
Lebanon,2020,"Cloves (whole stems), raw",79.32,2.5,0.0,False,False,False
Lebanon,2021,"Cloves (whole stems), raw",91.96,3.1,0.0,False,False,False
Lebanon,2022,"Cloves (whole stems), raw",122.11,11.83,0.0,False,True,False
Lebanon,2023,"Cloves (whole stems), raw",123.77,4.72,0.0,False,False,False
Lesotho,2014,"Cloves (whole stems), raw",0.06,0.0,0.0,False,False,False
Lesotho,2015,"Cloves (whole stems), raw",0.05,0.0,0.0,False,False,False
Lesotho,2016,"Cloves (whole stems), raw",0.03,0.0,0.0,False,False,False
Lesotho,2017,"Cloves (whole stems), raw",0.03,0.0,0.0,False,False,False
Lesotho,2018,"Cloves (whole stems), raw",0.02,0.0,0.0,False,False,False
Lesotho,2019,"Cloves (whole stems), raw",0.13,0.0,0.0,False,False,False
Lesotho,2020,"Cloves (whole stems), raw",5.19,0.0,0.0,True,False,False
Lesotho,2021,"Cloves (whole stems), raw",0.34,0.0,0.0,False,False,False
Lesotho,2022,"Cloves (whole stems), raw",0.13,0.0,0.0,False,False,False
Lesotho,2023,"Cloves (whole stems), raw",2.51,0.0,0.0,False,False,False
Liberia,2014,"Cloves (whole stems), raw",0.09,0.0,0.0,False,False,False
Liberia,2015,"Cloves (whole stems), raw",0.33,0.0,0.0,True,False,False
Liberia,2017,"Cloves (whole stems), raw",0.02,0.0,0.0,False,False,False
Liberia,2018,"Cloves (whole stems), raw",0.12,0.0,0.0,False,False,False
Liberia,2019,"Cloves (whole stems), raw",0.04,0.0,0.0,False,False,False
Liberia,2020,"Cloves (whole stems), raw",2.89,0.0,0.0,False,False,False
Liberia,2021,"Cloves (whole stems), raw",1.59,0.0,0.0,False,False,False
Liberia,2022,"Cloves (whole stems), raw",4.47,0.0,0.0,False,False,False
Liberia,2023,"Cloves (whole stems), raw",8.3,0.0,0.0,False,False,False
Libya,1993,"Cloves (whole stems), raw",160.0,0.0,0.0,False,False,False
Libya,1994,"Cloves (whole stems), raw",180.0,0.0,0.0,False,False,False
Libya,1995,"Cloves (whole stems), raw",8.0,0.0,0.0,False,False,False
Libya,1996,"Cloves (whole stems), raw",20.0,0.0,0.0,False,False,False
Libya,1997,"Cloves (whole stems), raw",40.0,0.0,0.0,False,False,False
Libya,1998,"Cloves (whole stems), raw",8.0,0.0,0.0,False,False,False
Libya,1999,"Cloves (whole stems), raw",70.0,0.0,0.0,False,False,False
Libya,2000,"Cloves (whole stems), raw",0.0,0.0,0.0,False,False,False
Libya,2001,"Cloves (whole stems), raw",0.0,0.0,0.0,False,False,False
Libya,2002,"Cloves (whole stems), raw",6.0,0.0,0.0,False,False,False
Libya,2003,"Cloves (whole stems), raw",33.0,0.0,0.0,False,False,False
Libya,2004,"Cloves (whole stems), raw",17.0,0.0,0.0,False,False,False
Libya,2005,"Cloves (whole stems), raw",77.0,0.0,0.0,False,False,False
Libya,2006,"Cloves (whole stems), raw",77.0,0.0,0.0,False,False,False
Libya,2007,"Cloves (whole stems), raw",77.0,0.0,0.0,False,False,False
Libya,2008,"Cloves (whole stems), raw",26.0,0.0,0.0,False,False,False
Libya,2009,"Cloves (whole stems), raw",23.0,0.0,0.0,False,False,False
Libya,2010,"Cloves (whole stems), raw",15.0,0.0,0.0,False,False,False
Libya,2011,"Cloves (whole stems), raw",15.0,0.0,0.0,False,False,False
Libya,2012,"Cloves (whole stems), raw",9.0,0.0,0.0,False,False,False
Libya,2013,"Cloves (whole stems), raw",9.0,0.0,0.0,False,False,False
Libya,2014,"Cloves (whole stems), raw",33.94,0.0,0.0,False,False,False
Libya,2015,"Cloves (whole stems), raw",8.01,0.0,0.0,False,False,False
Libya,2016,"Cloves (whole stems), raw",44.43,0.0,0.0,False,False,False
Libya,2017,"Cloves (whole stems), raw",17.59,0.0,0.0,False,False,False
Libya,2018,"Cloves (whole stems), raw",28.55,0.0,0.0,False,False,False
Libya,2019,"Cloves (whole stems), raw",72.91,0.0,0.0,False,False,False
Libya,2020,"Cloves (whole stems), raw",49.21,0.0,0.0,False,False,False
Libya,2021,"Cloves (whole stems), raw",66.71,0.0,0.0,False,False,False
Libya,2022,"Cloves (whole stems), raw",99.83,0.0,0.0,False,False,False
Libya,2023,"Cloves (whole stems), raw",163.51,0.0,0.0,False,False,False
Lithuania,1994,"Cloves (whole stems), raw",4.0,0.0,0.0,False,False,False
Lithuania,1995,"Cloves (whole stems), raw",8.0,0.0,0.0,False,False,False
Lithuania,1996,"Cloves (whole stems), raw",4.0,0.0,0.0,False,False,False
Lithuania,1997,"Cloves (whole stems), raw",9.0,2.0,0.0,False,False,False
Lithuania,1998,"Cloves (whole stems), raw",8.0,3.0,0.0,False,False,False
Lithuania,1999,"Cloves (whole stems), raw",6.0,1.0,0.0,False,False,False
Lithuania,2000,"Cloves (whole stems), raw",5.0,0.0,0.0,False,False,False
Lithuania,2001,"Cloves (whole stems), raw",4.0,0.0,0.0,False,False,False
Lithuania,2002,"Cloves (whole stems), raw",4.0,0.0,0.0,False,False,False
Lithuania,2003,"Cloves (whole stems), raw",6.0,1.0,0.0,False,False,False
Lithuania,2004,"Cloves (whole stems), raw",5.0,1.0,0.0,False,False,False
Lithuania,2005,"Cloves (whole stems), raw",6.0,2.0,0.0,False,False,False
Lithuania,2006,"Cloves (whole stems), raw",8.0,4.0,0.0,False,False,False
Lithuania,2007,"Cloves (whole stems), raw",8.0,6.0,0.0,False,True,False
Lithuania,2008,"Cloves (whole stems), raw",10.0,2.0,0.0,True,False,False
Lithuania,2009,"Cloves (whole stems), raw",7.0,2.0,0.0,False,False,False
Lithuania,2010,"Cloves (whole stems), raw",8.0,2.0,0.0,False,False,False
Lithuania,2011,"Cloves (whole stems), raw",7.0,1.0,0.0,False,False,False
Lithuania,2012,"Cloves (whole stems), raw",5.0,1.0,0.0,False,False,False
Lithuania,2013,"Cloves (whole stems), raw",9.0,2.0,0.0,False,False,False
Lithuania,2014,"Cloves (whole stems), raw",7.8,1.95,0.0,False,False,False
Lithuania,2015,"Cloves (whole stems), raw",5.59,1.55,0.0,False,False,False
Lithuania,2016,"Cloves (whole stems), raw",6.84,1.45,0.0,False,False,False
Lithuania,2017,"Cloves (whole stems), raw",5.71,1.85,0.0,False,False,False
Lithuania,2018,"Cloves (whole stems), raw",7.99,2.3,0.0,False,True,False
Lithuania,2019,"Cloves (whole stems), raw",6.02,1.6,0.0,False,False,False
Lithuania,2020,"Cloves (whole stems), raw",8.25,1.66,0.0,False,False,False
Lithuania,2021,"Cloves (whole stems), raw",7.71,1.6,0.0,False,False,False
Lithuania,2022,"Cloves (whole stems), raw",7.87,2.11,0.0,False,True,False
Lithuania,2023,"Cloves (whole stems), raw",9.08,1.72,0.0,False,False,False
Luxembourg,2000,"Cloves (whole stems), raw",1.0,0.0,0.0,False,False,False
Luxembourg,2001,"Cloves (whole stems), raw",0.0,0.0,0.0,False,False,False
Luxembourg,2002,"Cloves (whole stems), raw",1.0,0.0,0.0,False,False,False
Luxembourg,2003,"Cloves (whole stems), raw",2.0,0.0,0.0,False,False,False
Luxembourg,2004,"Cloves (whole stems), raw",2.0,0.0,0.0,False,False,False
Luxembourg,2005,"Cloves (whole stems), raw",1.0,0.0,0.0,False,False,False
Luxembourg,2006,"Cloves (whole stems), raw",1.0,0.0,0.0,False,False,False
Luxembourg,2007,"Cloves (whole stems), raw",1.0,0.0,0.0,False,False,False
Luxembourg,2008,"Cloves (whole stems), raw",1.0,0.0,0.0,False,False,False
Luxembourg,2009,"Cloves (whole stems), raw",1.0,0.0,0.0,False,False,False
Luxembourg,2010,"Cloves (whole stems), raw",1.0,0.0,0.0,False,False,False
Luxembourg,2011,"Cloves (whole stems), raw",1.0,0.0,0.0,False,False,False
Luxembourg,2012,"Cloves (whole stems), raw",1.0,0.0,0.0,False,False,False
Luxembourg,2013,"Cloves (whole stems), raw",1.0,0.0,0.0,False,False,False
Luxembourg,2014,"Cloves (whole stems), raw",0.78,0.06,0.0,True,False,False
Luxembourg,2015,"Cloves (whole stems), raw",0.89,0.07,0.0,False,False,False
Luxembourg,2016,"Cloves (whole stems), raw",0.94,0.1,0.0,False,True,False
Luxembourg,2017,"Cloves (whole stems), raw",1.05,0.07,0.0,False,False,False
Luxembourg,2018,"Cloves (whole stems), raw",1.23,0.07,0.0,False,False,False
Luxembourg,2019,"Cloves (whole stems), raw",1.15,0.05,0.0,False,False,False
Luxembourg,2020,"Cloves (whole stems), raw",1.0,0.07,0.0,False,False,False
Luxembourg,2021,"Cloves (whole stems), raw",1.32,0.09,0.0,False,False,False
Luxembourg,2022,"Cloves (whole stems), raw",0.87,0.06,0.0,False,False,False
Luxembourg,2023,"Cloves (whole stems), raw",1.34,0.03,0.0,False,False,False
Madagascar,2006,"Cloves (whole stems), raw",6.0,10358.0,9900.0,False,False,False
Madagascar,2007,"Cloves (whole stems), raw",10.0,13583.0,10051.0,False,False,False
Madagascar,2008,"Cloves (whole stems), raw",10.0,8286.0,10142.0,False,False,False
Madagascar,2009,"Cloves (whole stems), raw",0.0,15742.0,10233.0,False,False,False
Madagascar,2010,"Cloves (whole stems), raw",20.0,8306.0,10356.0,False,False,False
Madagascar,2011,"Cloves (whole stems), raw",0.0,22014.0,12459.91,False,False,False
Madagascar,2012,"Cloves (whole stems), raw",656.0,19168.0,14916.37,False,False,False
Madagascar,2013,"Cloves (whole stems), raw",1015.0,11697.0,17275.55,False,False,False
Madagascar,2014,"Cloves (whole stems), raw",26.0,11754.27,20697.0,False,False,False
Madagascar,2017,"Cloves (whole stems), raw",0.14,31302.07,24866.0,True,False,False
Madagascar,2018,"Cloves (whole stems), raw",31.03,22603.13,23634.0,False,False,False
Madagascar,2019,"Cloves (whole stems), raw",22.07,14769.87,23120.0,False,False,True
Madagascar,2020,"Cloves (whole stems), raw",47.04,14752.45,23931.0,False,False,False
Madagascar,2021,"Cloves (whole stems), raw",1.09,21179.49,24038.24,False,False,False
Madagascar,2022,"Cloves (whole stems), raw",14.21,46715.83,24119.68,False,False,False
Madagascar,2023,"Cloves (whole stems), raw",25.0,39915.83,24680.77,False,False,True
Malawi,1993,"Cloves (whole stems), raw",1.0,0.0,0.0,False,False,False
Malawi,1994,"Cloves (whole stems), raw",11.0,0.0,0.0,True,False,False
Malawi,1995,"Cloves (whole stems), raw",0.0,0.0,0.0,False,False,False
Malawi,1996,"Cloves (whole stems), raw",0.0,0.0,0.0,False,False,False
Malawi,1997,"Cloves (whole stems), raw",0.0,0.0,0.0,False,False,False
Malawi,1998,"Cloves (whole stems), raw",0.0,0.0,0.0,False,False,False
Malawi,1999,"Cloves (whole stems), raw",0.0,0.0,0.0,False,False,False
Malawi,2000,"Cloves (whole stems), raw",0.0,0.0,0.0,False,False,False
Malawi,2001,"Cloves (whole stems), raw",0.0,0.0,0.0,False,False,False
Malawi,2002,"Cloves (whole stems), raw",0.0,0.0,0.0,False,False,False
Malawi,2003,"Cloves (whole stems), raw",0.0,0.0,0.0,False,False,False
Malawi,2004,"Cloves (whole stems), raw",0.0,0.0,0.0,False,False,False
Malawi,2005,"Cloves (whole stems), raw",0.0,0.0,0.0,False,False,False
Malawi,2006,"Cloves (whole stems), raw",0.0,0.0,0.0,False,False,False
Malawi,2007,"Cloves (whole stems), raw",1.0,0.0,0.0,False,False,False
Malawi,2008,"Cloves (whole stems), raw",0.0,0.0,0.0,False,False,False
Malawi,2009,"Cloves (whole stems), raw",10.0,0.0,0.0,True,False,False
Malawi,2010,"Cloves (whole stems), raw",0.0,0.0,0.0,False,False,False
Malawi,2011,"Cloves (whole stems), raw",0.0,0.0,0.0,False,False,False
Malawi,2012,"Cloves (whole stems), raw",0.0,0.0,0.0,False,False,False
Malawi,2013,"Cloves (whole stems), raw",0.0,0.0,0.0,False,False,False
Malawi,2014,"Cloves (whole stems), raw",0.09,0.0,0.0,False,False,False
Malawi,2015,"Cloves (whole stems), raw",0.08,0.0,0.0,False,False,False
Malawi,2016,"Cloves (whole stems), raw",0.18,0.0,0.0,False,False,False
Malawi,2017,"Cloves (whole stems), raw",0.15,0.0,0.0,False,False,False
Malawi,2018,"Cloves (whole stems), raw",0.96,0.0,0.0,False,False,False
Malawi,2019,"Cloves (whole stems), raw",0.57,0.0,0.0,False,False,False
Malawi,2020,"Cloves (whole stems), raw",0.11,0.0,0.0,False,False,False
Malawi,2021,"Cloves (whole stems), raw",0.45,0.0,0.0,False,False,False
Malawi,2022,"Cloves (whole stems), raw",0.06,0.0,0.0,False,False,False
Malawi,2023,"Cloves (whole stems), raw",0.09,0.0,0.0,False,False,False
Malaysia,1993,"Cloves (whole stems), raw",768.0,184.0,255.0,False,False,False
Malaysia,1994,"Cloves (whole stems), raw",4498.0,80.0,230.0,True,False,False
Malaysia,1995,"Cloves (whole stems), raw",1481.0,100.0,224.18,False,False,False
Malaysia,1996,"Cloves (whole stems), raw",1081.0,145.0,217.6,False,False,False
Malaysia,1997,"Cloves (whole stems), raw",1300.0,130.0,200.0,False,False,False
Malaysia,1998,"Cloves (whole stems), raw",1434.0,124.0,209.31,False,False,False
Malaysia,1999,"Cloves (whole stems), raw",761.0,5014.0,207.69,False,True,False
Malaysia,2000,"Cloves (whole stems), raw",913.0,261.0,206.18,False,False,False
Malaysia,2001,"Cloves (whole stems), raw",2000.0,223.0,204.76,False,False,False
Malaysia,2002,"Cloves (whole stems), raw",869.0,193.0,204.23,False,False,False
Malaysia,2003,"Cloves (whole stems), raw",862.0,60.0,215.28,False,False,False
Malaysia,2004,"Cloves (whole stems), raw",2581.0,127.0,216.1,False,False,False
Malaysia,2005,"Cloves (whole stems), raw",1778.0,270.0,216.94,False,False,False
Malaysia,2006,"Cloves (whole stems), raw",794.0,101.0,217.77,False,False,False
Malaysia,2007,"Cloves (whole stems), raw",958.0,146.0,218.55,False,False,False
Malaysia,2008,"Cloves (whole stems), raw",497.0,81.0,219.27,False,False,False
Malaysia,2009,"Cloves (whole stems), raw",1193.0,103.0,219.9,False,False,False
Malaysia,2010,"Cloves (whole stems), raw",635.0,120.0,220.42,False,False,False
Malaysia,2011,"Cloves (whole stems), raw",927.0,768.0,220.9,False,True,False
Malaysia,2012,"Cloves (whole stems), raw",972.0,236.0,220.0,False,False,False
Malaysia,2013,"Cloves (whole stems), raw",691.0,163.0,218.93,False,False,False
Malaysia,2014,"Cloves (whole stems), raw",7643.4,135.61,220.05,True,False,False
Malaysia,2015,"Cloves (whole stems), raw",1154.92,120.59,223.93,False,False,False
Malaysia,2016,"Cloves (whole stems), raw",999.39,124.81,225.68,False,False,False
Malaysia,2017,"Cloves (whole stems), raw",901.0,43.85,226.17,False,False,False
Malaysia,2018,"Cloves (whole stems), raw",2874.23,476.64,225.95,True,False,False
Malaysia,2019,"Cloves (whole stems), raw",756.19,86.09,225.34,False,False,False
Malaysia,2020,"Cloves (whole stems), raw",2039.71,46.96,223.01,False,False,False
Malaysia,2021,"Cloves (whole stems), raw",802.79,1280.08,222.29,False,True,False
Malaysia,2022,"Cloves (whole stems), raw",1679.42,50.4,221.56,False,False,False
Malaysia,2023,"Cloves (whole stems), raw",545.62,38.0,221.07,False,False,False
Maldives,1993,"Cloves (whole stems), raw",25.0,0.0,0.0,False,False,False
Maldives,1994,"Cloves (whole stems), raw",18.0,0.0,0.0,False,False,False
Maldives,1995,"Cloves (whole stems), raw",18.0,0.0,0.0,False,False,False
Maldives,1996,"Cloves (whole stems), raw",30.0,0.0,0.0,False,False,False
Maldives,1997,"Cloves (whole stems), raw",30.0,0.0,0.0,False,False,False
Maldives,1998,"Cloves (whole stems), raw",30.0,0.0,0.0,False,False,False
Maldives,1999,"Cloves (whole stems), raw",30.0,0.0,0.0,False,False,False
Maldives,2000,"Cloves (whole stems), raw",20.0,0.0,0.0,True,False,False
Maldives,2001,"Cloves (whole stems), raw",28.0,0.0,0.0,False,False,False
Maldives,2002,"Cloves (whole stems), raw",34.0,0.0,0.0,False,False,False
Maldives,2003,"Cloves (whole stems), raw",26.0,0.0,0.0,False,False,False
Maldives,2004,"Cloves (whole stems), raw",24.0,0.0,0.0,False,False,False
Maldives,2005,"Cloves (whole stems), raw",31.0,0.0,0.0,False,False,False
Maldives,2006,"Cloves (whole stems), raw",29.0,0.0,0.0,False,False,False
Maldives,2007,"Cloves (whole stems), raw",40.0,0.0,0.0,False,False,False
Maldives,2008,"Cloves (whole stems), raw",32.0,0.0,0.0,False,False,False
Maldives,2009,"Cloves (whole stems), raw",14.0,0.0,0.0,False,False,False
Maldives,2010,"Cloves (whole stems), raw",34.0,0.0,0.0,False,False,False
Maldives,2011,"Cloves (whole stems), raw",30.0,0.0,0.0,False,False,False
Maldives,2012,"Cloves (whole stems), raw",19.0,0.0,0.0,False,False,False
Maldives,2013,"Cloves (whole stems), raw",6.0,0.0,0.0,False,False,False
Maldives,2014,"Cloves (whole stems), raw",21.92,0.0,0.0,False,False,False
Maldives,2015,"Cloves (whole stems), raw",36.06,0.0,0.0,False,False,False
Maldives,2016,"Cloves (whole stems), raw",31.76,0.0,0.0,False,False,False
Maldives,2017,"Cloves (whole stems), raw",41.02,0.0,0.0,False,False,False
Maldives,2018,"Cloves (whole stems), raw",26.72,0.0,0.0,False,False,False
Maldives,2019,"Cloves (whole stems), raw",119.9,0.0,0.0,False,False,False
Maldives,2020,"Cloves (whole stems), raw",113.23,0.0,0.0,False,False,False
Maldives,2021,"Cloves (whole stems), raw",60.26,0.0,0.0,False,False,False
Maldives,2022,"Cloves (whole stems), raw",76.17,0.0,0.0,False,False,False
Maldives,2023,"Cloves (whole stems), raw",82.01,0.0,0.0,False,False,False
Mali,1996,"Cloves (whole stems), raw",0.0,0.0,0.0,False,False,False
Mali,1998,"Cloves (whole stems), raw",12.31,0.0,0.0,False,False,False
Mali,2001,"Cloves (whole stems), raw",1.0,0.0,0.0,False,False,False
Mali,2002,"Cloves (whole stems), raw",1.0,0.0,0.0,False,False,False
Mali,2003,"Cloves (whole stems), raw",0.0,0.0,0.0,False,False,False
Mali,2004,"Cloves (whole stems), raw",0.0,0.0,0.0,False,False,False
Mali,2005,"Cloves (whole stems), raw",0.0,0.0,0.0,False,False,False
Mali,2006,"Cloves (whole stems), raw",0.0,0.0,0.0,False,False,False
Mali,2007,"Cloves (whole stems), raw",0.0,0.0,0.0,False,False,False
Mali,2008,"Cloves (whole stems), raw",0.0,0.0,0.0,False,False,False
Mali,2009,"Cloves (whole stems), raw",0.0,0.0,0.0,False,False,False
Mali,2010,"Cloves (whole stems), raw",0.0,0.0,0.0,False,False,False
Mali,2011,"Cloves (whole stems), raw",0.0,0.0,0.0,False,False,False
Mali,2012,"Cloves (whole stems), raw",23.0,0.0,0.0,False,False,False
Mali,2013,"Cloves (whole stems), raw",23.0,0.0,0.0,False,False,False
Mali,2014,"Cloves (whole stems), raw",75.21,0.0,0.0,True,False,False
Mali,2015,"Cloves (whole stems), raw",2.75,0.0,0.0,False,False,False
Mali,2018,"Cloves (whole stems), raw",2.11,0.0,0.0,False,False,False
Mali,2019,"Cloves (whole stems), raw",6.74,0.0,0.0,False,False,False
Mali,2020,"Cloves (whole stems), raw",1.3,0.02,0.0,False,False,False
Mali,2021,"Cloves (whole stems), raw",4.84,0.01,0.0,False,False,False
Mali,2022,"Cloves (whole stems), raw",2.26,3.11,0.0,False,True,False
Mali,2023,"Cloves (whole stems), raw",4.35,0.89,0.0,False,False,False
Malta,1993,"Cloves (whole stems), raw",0.0,0.0,0.0,False,False,False
Malta,1994,"Cloves (whole stems), raw",1.0,0.0,0.0,False,False,False
Malta,1995,"Cloves (whole stems), raw",4.0,0.0,0.0,False,False,False
Malta,1996,"Cloves (whole stems), raw",2.0,0.0,0.0,False,False,False
Malta,1997,"Cloves (whole stems), raw",2.0,0.0,0.0,False,False,False
Malta,1998,"Cloves (whole stems), raw",3.0,0.0,0.0,False,False,False
Malta,1999,"Cloves (whole stems), raw",2.0,0.0,0.0,False,False,False
Malta,2000,"Cloves (whole stems), raw",2.0,0.0,0.0,False,False,False
Malta,2001,"Cloves (whole stems), raw",4.0,0.0,0.0,False,False,False
Malta,2002,"Cloves (whole stems), raw",3.0,0.0,0.0,False,False,False
Malta,2003,"Cloves (whole stems), raw",9.0,0.0,0.0,True,False,False
Malta,2004,"Cloves (whole stems), raw",1.0,0.0,0.0,False,False,False
Malta,2005,"Cloves (whole stems), raw",1.0,0.0,0.0,False,False,False
Malta,2006,"Cloves (whole stems), raw",1.0,0.0,0.0,False,False,False
Malta,2007,"Cloves (whole stems), raw",4.0,0.0,0.0,False,False,False
Malta,2008,"Cloves (whole stems), raw",1.0,0.0,0.0,False,False,False
Malta,2009,"Cloves (whole stems), raw",4.0,0.0,0.0,False,False,False
Malta,2010,"Cloves (whole stems), raw",1.0,0.0,0.0,False,False,False
Malta,2011,"Cloves (whole stems), raw",1.0,0.0,0.0,False,False,False
Malta,2012,"Cloves (whole stems), raw",2.0,0.0,0.0,False,False,False
Malta,2013,"Cloves (whole stems), raw",1.0,0.0,0.0,False,False,False
Malta,2014,"Cloves (whole stems), raw",0.7,0.0,0.0,False,False,False
Malta,2015,"Cloves (whole stems), raw",1.75,0.0,0.0,False,False,False
Malta,2016,"Cloves (whole stems), raw",1.02,0.0,0.0,False,False,False
Malta,2017,"Cloves (whole stems), raw",2.58,0.0,0.0,False,False,False
Malta,2018,"Cloves (whole stems), raw",1.08,0.0,0.0,False,False,False
Malta,2019,"Cloves (whole stems), raw",7.42,0.0,0.0,True,False,False
Malta,2020,"Cloves (whole stems), raw",4.25,0.0,0.0,False,False,False
Malta,2021,"Cloves (whole stems), raw",0.31,0.0,0.0,False,False,False
Malta,2022,"Cloves (whole stems), raw",1.23,0.0,0.0,False,False,False
Malta,2023,"Cloves (whole stems), raw",2.58,0.0,0.0,False,False,False
Mauritania,1993,"Cloves (whole stems), raw",45.0,0.0,0.0,True,False,False
Mauritania,1994,"Cloves (whole stems), raw",0.0,0.0,0.0,False,False,False
Mauritania,1995,"Cloves (whole stems), raw",0.0,0.0,0.0,False,False,False
Mauritania,1996,"Cloves (whole stems), raw",0.0,0.0,0.0,False,False,False
Mauritania,1997,"Cloves (whole stems), raw",0.0,0.0,0.0,False,False,False
Mauritania,1998,"Cloves (whole stems), raw",0.0,0.0,0.0,False,False,False
Mauritania,1999,"Cloves (whole stems), raw",20.0,0.0,0.0,False,False,False
Mauritania,2000,"Cloves (whole stems), raw",10.0,0.0,0.0,False,False,False
Mauritania,2001,"Cloves (whole stems), raw",8.0,0.0,0.0,False,False,False
Mauritania,2002,"Cloves (whole stems), raw",8.0,0.0,0.0,False,False,False
Mauritania,2003,"Cloves (whole stems), raw",0.0,0.0,0.0,False,False,False
Mauritania,2004,"Cloves (whole stems), raw",0.0,0.0,0.0,False,False,False
Mauritania,2005,"Cloves (whole stems), raw",0.0,0.0,0.0,False,False,False
Mauritania,2006,"Cloves (whole stems), raw",0.0,0.0,0.0,False,False,False
Mauritania,2007,"Cloves (whole stems), raw",0.0,0.0,0.0,False,False,False
Mauritania,2008,"Cloves (whole stems), raw",0.0,0.0,0.0,False,False,False
Mauritania,2009,"Cloves (whole stems), raw",0.0,0.0,0.0,False,False,False
Mauritania,2010,"Cloves (whole stems), raw",0.0,0.0,0.0,False,False,False
Mauritania,2011,"Cloves (whole stems), raw",0.0,0.0,0.0,False,False,False
Mauritania,2012,"Cloves (whole stems), raw",0.0,0.0,0.0,False,False,False
Mauritania,2013,"Cloves (whole stems), raw",0.0,0.0,0.0,False,False,False
Mauritania,2015,"Cloves (whole stems), raw",3.01,0.0,0.0,False,False,False
Mauritania,2021,"Cloves (whole stems), raw",22.9,0.0,0.0,False,False,False
Mauritania,2022,"Cloves (whole stems), raw",28.38,0.0,0.0,False,False,False
Mauritania,2023,"Cloves (whole stems), raw",26.94,0.0,0.0,False,False,False
Mauritius,1993,"Cloves (whole stems), raw",24.0,0.0,0.0,False,False,False
Mauritius,1994,"Cloves (whole stems), raw",12.0,0.0,0.0,False,False,False
Mauritius,1995,"Cloves (whole stems), raw",8.0,0.0,0.0,False,False,False
Mauritius,1996,"Cloves (whole stems), raw",39.0,0.0,0.0,False,False,False
Mauritius,1997,"Cloves (whole stems), raw",6.0,0.0,0.0,False,False,False
Mauritius,1998,"Cloves (whole stems), raw",29.0,0.0,0.0,False,False,False
Mauritius,1999,"Cloves (whole stems), raw",9.0,0.0,0.0,False,False,False
Mauritius,2000,"Cloves (whole stems), raw",22.89,0.0,0.0,False,False,False
Mauritius,2001,"Cloves (whole stems), raw",16.0,0.0,0.0,False,False,False
Mauritius,2002,"Cloves (whole stems), raw",334.0,267.0,0.0,True,True,False
Mauritius,2003,"Cloves (whole stems), raw",74.0,59.0,0.0,False,False,False
Mauritius,2004,"Cloves (whole stems), raw",110.0,60.0,0.0,False,False,False
Mauritius,2005,"Cloves (whole stems), raw",18.0,0.0,0.0,False,False,False
Mauritius,2006,"Cloves (whole stems), raw",45.0,10.0,0.0,False,False,False
Mauritius,2007,"Cloves (whole stems), raw",16.0,1.0,0.0,False,False,False
Mauritius,2008,"Cloves (whole stems), raw",72.0,0.0,0.0,False,False,False
Mauritius,2009,"Cloves (whole stems), raw",4.0,0.0,0.0,False,False,False
Mauritius,2010,"Cloves (whole stems), raw",33.0,0.0,0.0,False,False,False
Mauritius,2011,"Cloves (whole stems), raw",28.0,0.0,0.0,False,False,False
Mauritius,2012,"Cloves (whole stems), raw",29.0,0.0,0.0,False,False,False
Mauritius,2013,"Cloves (whole stems), raw",22.0,0.0,0.0,True,False,False
Mauritius,2014,"Cloves (whole stems), raw",29.27,0.01,0.0,False,False,False
Mauritius,2015,"Cloves (whole stems), raw",39.6,0.03,0.0,False,True,False
Mauritius,2016,"Cloves (whole stems), raw",27.18,0.0,0.0,False,False,False
Mauritius,2017,"Cloves (whole stems), raw",32.65,0.01,0.0,False,False,False
Mauritius,2018,"Cloves (whole stems), raw",46.16,0.0,0.0,False,False,False
Mauritius,2019,"Cloves (whole stems), raw",38.37,0.34,0.0,False,False,False
Mauritius,2020,"Cloves (whole stems), raw",38.39,0.52,0.0,False,False,False
Mauritius,2021,"Cloves (whole stems), raw",30.23,0.09,0.0,False,False,False
Mauritius,2022,"Cloves (whole stems), raw",45.72,0.06,0.0,False,False,False
Mauritius,2023,"Cloves (whole stems), raw",46.31,3.48,0.0,False,True,False
Mexico,1993,"Cloves (whole stems), raw",449.0,0.0,0.0,False,False,False
Mexico,1994,"Cloves (whole stems), raw",839.0,0.0,0.0,True,False,False
Mexico,1995,"Cloves (whole stems), raw",77.0,2.0,0.0,False,False,False
Mexico,1996,"Cloves (whole stems), raw",209.0,10.0,0.0,False,False,False
Mexico,1997,"Cloves (whole stems), raw",372.0,8.0,0.0,False,False,False
Mexico,1998,"Cloves (whole stems), raw",771.0,1.0,0.0,True,False,False
Mexico,1999,"Cloves (whole stems), raw",165.0,128.0,0.0,False,True,False
Mexico,2000,"Cloves (whole stems), raw",102.14,12.05,0.0,False,False,False
Mexico,2001,"Cloves (whole stems), raw",257.0,2.0,0.0,False,False,False
Mexico,2002,"Cloves (whole stems), raw",796.0,15.0,0.0,False,False,False
Mexico,2003,"Cloves (whole stems), raw",1154.0,22.0,0.0,False,False,False
Mexico,2004,"Cloves (whole stems), raw",292.0,3.0,0.0,False,False,False
Mexico,2005,"Cloves (whole stems), raw",206.0,7.0,0.0,False,False,False
Mexico,2006,"Cloves (whole stems), raw",500.0,0.0,0.0,False,False,False
Mexico,2007,"Cloves (whole stems), raw",728.0,13.0,0.0,False,True,False
Mexico,2008,"Cloves (whole stems), raw",366.0,1.0,0.0,False,False,False
Mexico,2009,"Cloves (whole stems), raw",591.0,2.0,0.0,False,False,False
Mexico,2010,"Cloves (whole stems), raw",442.0,1.0,0.0,False,False,False
Mexico,2011,"Cloves (whole stems), raw",483.0,5.0,0.0,False,False,False
Mexico,2012,"Cloves (whole stems), raw",444.0,3.0,0.0,False,False,False
Mexico,2013,"Cloves (whole stems), raw",490.0,3.0,0.0,False,False,False
Mexico,2014,"Cloves (whole stems), raw",600.55,30.69,0.0,False,True,False
Mexico,2015,"Cloves (whole stems), raw",783.68,5.08,0.0,False,False,False
Mexico,2016,"Cloves (whole stems), raw",594.46,1.54,0.0,False,False,False
Mexico,2017,"Cloves (whole stems), raw",673.58,2.14,0.0,False,False,False
Mexico,2018,"Cloves (whole stems), raw",588.2,1.16,0.0,False,False,False
Mexico,2019,"Cloves (whole stems), raw",577.61,0.92,0.0,False,False,False
Mexico,2020,"Cloves (whole stems), raw",666.94,0.0,0.0,False,False,False
Mexico,2021,"Cloves (whole stems), raw",435.22,0.0,0.0,False,False,False
Mexico,2022,"Cloves (whole stems), raw",683.01,0.0,0.0,False,False,False
Mexico,2023,"Cloves (whole stems), raw",304.77,0.18,0.0,False,True,False
Mongolia,2014,"Cloves (whole stems), raw",0.1,0.0,0.0,False,False,False
Mongolia,2015,"Cloves (whole stems), raw",0.02,0.0,0.0,False,False,False
Mongolia,2016,"Cloves (whole stems), raw",0.06,0.0,0.0,False,False,False
Mongolia,2017,"Cloves (whole stems), raw",0.22,0.0,0.0,False,False,False
Mongolia,2018,"Cloves (whole stems), raw",0.28,0.0,0.0,False,False,False
Mongolia,2019,"Cloves (whole stems), raw",0.18,0.0,0.0,False,False,False
Mongolia,2020,"Cloves (whole stems), raw",0.32,0.0,0.0,False,False,False
Mongolia,2021,"Cloves (whole stems), raw",1.36,0.0,0.0,False,False,False
Mongolia,2022,"Cloves (whole stems), raw",0.99,0.0,0.0,False,False,False
Mongolia,2023,"Cloves (whole stems), raw",0.07,0.19,0.0,False,True,False
Montenegro,2007,"Cloves (whole stems), raw",0.0,0.0,0.0,False,False,False
Montenegro,2008,"Cloves (whole stems), raw",0.0,0.0,0.0,False,False,False
Montenegro,2009,"Cloves (whole stems), raw",0.0,0.0,0.0,False,False,False
Montenegro,2010,"Cloves (whole stems), raw",0.0,0.0,0.0,False,False,False
Montenegro,2011,"Cloves (whole stems), raw",0.0,0.0,0.0,False,False,False
Montenegro,2012,"Cloves (whole stems), raw",0.0,0.0,0.0,False,False,False
Montenegro,2013,"Cloves (whole stems), raw",0.0,0.0,0.0,False,False,False
Montenegro,2014,"Cloves (whole stems), raw",0.23,0.0,0.0,False,False,False
Montenegro,2015,"Cloves (whole stems), raw",0.19,0.0,0.0,False,False,False
Montenegro,2016,"Cloves (whole stems), raw",0.31,0.0,0.0,False,False,False
Montenegro,2017,"Cloves (whole stems), raw",0.24,0.0,0.0,False,False,False
Montenegro,2018,"Cloves (whole stems), raw",0.2,0.0,0.0,False,False,False
Montenegro,2019,"Cloves (whole stems), raw",0.37,0.0,0.0,False,False,False
Montenegro,2020,"Cloves (whole stems), raw",0.32,0.0,0.0,False,False,False
Montenegro,2021,"Cloves (whole stems), raw",0.43,0.0,0.0,False,False,False
Montenegro,2022,"Cloves (whole stems), raw",0.66,0.0,0.0,False,False,False
Montenegro,2023,"Cloves (whole stems), raw",0.78,0.0,0.0,False,False,False
Morocco,1993,"Cloves (whole stems), raw",353.0,55.0,0.0,False,True,False
Morocco,1994,"Cloves (whole stems), raw",373.0,2.0,0.0,False,False,False
Morocco,1995,"Cloves (whole stems), raw",250.0,0.0,0.0,False,False,False
Morocco,1996,"Cloves (whole stems), raw",83.0,1.0,0.0,False,False,False
Morocco,1997,"Cloves (whole stems), raw",252.0,0.0,0.0,False,False,False
Morocco,1998,"Cloves (whole stems), raw",205.0,0.0,0.0,False,False,False
Morocco,1999,"Cloves (whole stems), raw",60.0,15.0,0.0,False,True,False
Morocco,2000,"Cloves (whole stems), raw",0.0,0.0,0.0,False,False,False
Morocco,2001,"Cloves (whole stems), raw",0.0,2.0,0.0,False,False,False
Morocco,2002,"Cloves (whole stems), raw",42.0,0.0,0.0,False,False,False
Morocco,2003,"Cloves (whole stems), raw",206.0,5.0,0.0,False,False,False
Morocco,2004,"Cloves (whole stems), raw",166.0,7.0,0.0,False,False,False
Morocco,2005,"Cloves (whole stems), raw",17.0,0.0,0.0,False,False,False
Morocco,2006,"Cloves (whole stems), raw",110.0,0.0,0.0,False,False,False
Morocco,2007,"Cloves (whole stems), raw",168.0,0.0,0.0,False,False,False
Morocco,2008,"Cloves (whole stems), raw",100.0,0.0,0.0,False,False,False
Morocco,2009,"Cloves (whole stems), raw",222.0,0.0,0.0,False,False,False
Morocco,2010,"Cloves (whole stems), raw",57.0,0.0,0.0,False,False,False
Morocco,2011,"Cloves (whole stems), raw",101.0,0.0,0.0,False,False,False
Morocco,2012,"Cloves (whole stems), raw",22.0,0.0,0.0,False,False,False
Morocco,2013,"Cloves (whole stems), raw",11.0,7.0,0.0,False,True,False
Morocco,2014,"Cloves (whole stems), raw",65.21,0.01,0.0,False,False,False
Morocco,2015,"Cloves (whole stems), raw",23.27,0.01,0.0,False,False,False
Morocco,2016,"Cloves (whole stems), raw",31.16,0.0,0.0,False,False,False
Morocco,2017,"Cloves (whole stems), raw",47.99,0.65,0.0,False,False,False
Morocco,2018,"Cloves (whole stems), raw",147.63,8.37,0.0,False,True,False
Morocco,2019,"Cloves (whole stems), raw",162.41,0.0,0.0,False,False,False
Morocco,2020,"Cloves (whole stems), raw",433.96,0.06,0.0,True,False,False
Morocco,2021,"Cloves (whole stems), raw",210.99,0.07,0.0,False,False,False
Morocco,2022,"Cloves (whole stems), raw",193.38,0.39,0.0,False,False,False
Morocco,2023,"Cloves (whole stems), raw",157.83,0.28,0.0,False,False,False
Mozambique,1993,"Cloves (whole stems), raw",0.0,0.0,0.0,False,False,False
Mozambique,1994,"Cloves (whole stems), raw",0.0,0.0,0.0,False,False,False
Mozambique,1995,"Cloves (whole stems), raw",0.0,0.0,0.0,False,False,False
Mozambique,1996,"Cloves (whole stems), raw",0.0,0.0,0.0,False,False,False
Mozambique,1997,"Cloves (whole stems), raw",0.0,0.0,0.0,False,False,False
Mozambique,1998,"Cloves (whole stems), raw",0.0,0.0,0.0,False,False,False
Mozambique,1999,"Cloves (whole stems), raw",0.0,0.0,0.0,False,False,False
Mozambique,2000,"Cloves (whole stems), raw",0.0,0.0,0.0,False,False,False
Mozambique,2001,"Cloves (whole stems), raw",0.0,0.0,0.0,False,False,False
Mozambique,2002,"Cloves (whole stems), raw",0.0,0.0,0.0,False,False,False
Mozambique,2003,"Cloves (whole stems), raw",30.0,0.0,0.0,True,False,False
Mozambique,2004,"Cloves (whole stems), raw",0.0,0.0,0.0,False,False,False
Mozambique,2005,"Cloves (whole stems), raw",0.0,0.0,0.0,False,False,False
Mozambique,2006,"Cloves (whole stems), raw",0.0,0.0,0.0,False,False,False
Mozambique,2007,"Cloves (whole stems), raw",0.0,0.0,0.0,False,False,False
Mozambique,2008,"Cloves (whole stems), raw",0.0,0.0,0.0,False,False,False
Mozambique,2009,"Cloves (whole stems), raw",0.0,0.0,0.0,False,False,False
Mozambique,2010,"Cloves (whole stems), raw",0.0,0.0,0.0,False,False,False
Mozambique,2011,"Cloves (whole stems), raw",0.0,0.0,0.0,False,False,False
Mozambique,2012,"Cloves (whole stems), raw",2.0,1.0,0.0,False,False,False
Mozambique,2013,"Cloves (whole stems), raw",1.0,1.0,0.0,False,False,False
Mozambique,2014,"Cloves (whole stems), raw",4.87,0.0,0.0,False,False,False
Mozambique,2015,"Cloves (whole stems), raw",19.57,0.0,0.0,True,False,False
Mozambique,2016,"Cloves (whole stems), raw",1.1,0.0,0.0,False,False,False
Mozambique,2017,"Cloves (whole stems), raw",0.77,0.0,0.0,False,False,False
Mozambique,2018,"Cloves (whole stems), raw",0.19,0.0,0.0,False,False,False
Mozambique,2019,"Cloves (whole stems), raw",1.67,0.0,0.0,False,False,False
Mozambique,2020,"Cloves (whole stems), raw",1.0,0.0,0.0,False,False,False
Mozambique,2021,"Cloves (whole stems), raw",19.35,0.0,0.0,True,False,False
Mozambique,2022,"Cloves (whole stems), raw",2.77,0.0,0.0,False,False,False
Mozambique,2023,"Cloves (whole stems), raw",0.72,0.02,0.0,False,True,False
Myanmar,1993,"Cloves (whole stems), raw",0.0,0.0,0.0,False,False,False
Myanmar,1994,"Cloves (whole stems), raw",0.0,0.0,0.0,False,False,False
Myanmar,1995,"Cloves (whole stems), raw",0.0,0.0,0.0,False,False,False
Myanmar,1996,"Cloves (whole stems), raw",150.0,0.0,0.0,False,False,False
Myanmar,1997,"Cloves (whole stems), raw",380.0,0.0,0.0,False,False,False
Myanmar,1998,"Cloves (whole stems), raw",1270.0,0.0,0.0,True,False,False
Myanmar,1999,"Cloves (whole stems), raw",220.0,0.0,0.0,False,False,False
Myanmar,2000,"Cloves (whole stems), raw",610.0,0.0,0.0,False,False,False
Myanmar,2001,"Cloves (whole stems), raw",200.0,0.0,0.0,False,False,False
Myanmar,2002,"Cloves (whole stems), raw",215.0,0.0,0.0,False,False,False
Myanmar,2003,"Cloves (whole stems), raw",82.0,0.0,0.0,False,False,False
Myanmar,2004,"Cloves (whole stems), raw",11.0,0.0,0.0,False,False,False
Myanmar,2005,"Cloves (whole stems), raw",137.0,20.0,0.0,False,True,False
Myanmar,2006,"Cloves (whole stems), raw",55.0,0.0,0.0,False,False,False
Myanmar,2007,"Cloves (whole stems), raw",130.0,2.0,0.0,False,False,False
Myanmar,2008,"Cloves (whole stems), raw",59.0,0.0,0.0,False,False,False
Myanmar,2009,"Cloves (whole stems), raw",156.0,0.0,0.0,False,False,False
Myanmar,2010,"Cloves (whole stems), raw",99.0,0.0,0.0,False,False,False
Myanmar,2011,"Cloves (whole stems), raw",67.0,0.0,0.0,False,False,False
Myanmar,2012,"Cloves (whole stems), raw",70.0,0.0,0.0,False,False,False
Myanmar,2013,"Cloves (whole stems), raw",137.0,0.0,0.0,False,False,False
Myanmar,2014,"Cloves (whole stems), raw",15.98,0.0,0.0,False,False,False
Myanmar,2015,"Cloves (whole stems), raw",21.23,0.0,0.0,False,False,False
Myanmar,2016,"Cloves (whole stems), raw",45.39,0.0,0.0,False,False,False
Myanmar,2017,"Cloves (whole stems), raw",74.31,0.0,0.0,False,False,False
Myanmar,2018,"Cloves (whole stems), raw",150.54,0.0,0.0,False,False,False
Myanmar,2019,"Cloves (whole stems), raw",150.98,0.0,0.0,False,False,False
Myanmar,2020,"Cloves (whole stems), raw",195.15,0.1,0.0,False,True,False
Myanmar,2021,"Cloves (whole stems), raw",110.75,0.0,0.0,False,False,False
Myanmar,2022,"Cloves (whole stems), raw",104.8,0.0,0.0,False,False,False
Myanmar,2023,"Cloves (whole stems), raw",82.14,0.0,0.0,False,False,False
Namibia,1997,"Cloves (whole stems), raw",3.0,0.0,0.0,False,False,False
Namibia,1998,"Cloves (whole stems), raw",0.0,0.0,0.0,False,False,False
Namibia,1999,"Cloves (whole stems), raw",17.0,0.0,0.0,True,False,False
Namibia,2000,"Cloves (whole stems), raw",1.0,1.0,0.0,False,True,False
Namibia,2001,"Cloves (whole stems), raw",0.0,0.0,0.0,False,False,False
Namibia,2002,"Cloves (whole stems), raw",3.0,0.0,0.0,False,False,False
Namibia,2003,"Cloves (whole stems), raw",1.0,0.0,0.0,False,False,False
Namibia,2004,"Cloves (whole stems), raw",15.0,6.0,0.0,False,False,False
Namibia,2005,"Cloves (whole stems), raw",15.0,3.0,0.0,False,False,False
Namibia,2006,"Cloves (whole stems), raw",60.0,46.0,0.0,False,False,False
Namibia,2007,"Cloves (whole stems), raw",33.0,56.0,0.0,False,False,False
Namibia,2008,"Cloves (whole stems), raw",67.0,0.0,0.0,False,False,False
Namibia,2009,"Cloves (whole stems), raw",0.0,0.0,0.0,False,False,False
Namibia,2010,"Cloves (whole stems), raw",0.0,0.0,0.0,False,False,False
Namibia,2011,"Cloves (whole stems), raw",0.0,0.0,0.0,False,False,False
Namibia,2012,"Cloves (whole stems), raw",1.0,0.0,0.0,False,False,False
Namibia,2013,"Cloves (whole stems), raw",1.0,0.0,0.0,False,False,False
Namibia,2014,"Cloves (whole stems), raw",1.13,0.0,0.0,False,False,False
Namibia,2015,"Cloves (whole stems), raw",2.25,20.0,0.0,False,True,False
Namibia,2016,"Cloves (whole stems), raw",0.98,0.0,0.0,False,False,False
Namibia,2017,"Cloves (whole stems), raw",5.43,0.02,0.0,False,False,False
Namibia,2018,"Cloves (whole stems), raw",9.82,0.0,0.0,False,False,False
Namibia,2019,"Cloves (whole stems), raw",3.04,0.0,0.0,False,False,False
Namibia,2020,"Cloves (whole stems), raw",24.58,0.0,0.0,True,False,False
Namibia,2021,"Cloves (whole stems), raw",2.42,0.02,0.0,False,True,False
Namibia,2022,"Cloves (whole stems), raw",4.1,0.0,0.0,False,False,False
Namibia,2023,"Cloves (whole stems), raw",3.42,0.0,0.0,False,False,False
Nauru,2018,"Cloves (whole stems), raw",0.01,0.0,0.0,False,False,False
Nauru,2019,"Cloves (whole stems), raw",0.06,0.0,0.0,False,False,False
Nauru,2020,"Cloves (whole stems), raw",0.63,0.0,0.0,True,False,False
Nauru,2021,"Cloves (whole stems), raw",0.0,0.0,0.0,False,False,False
Nauru,2022,"Cloves (whole stems), raw",0.09,0.0,0.0,False,False,False
Nauru,2023,"Cloves (whole stems), raw",0.03,0.0,0.0,False,False,False
Nepal,1993,"Cloves (whole stems), raw",500.0,0.0,0.0,False,False,False
Nepal,1994,"Cloves (whole stems), raw",3500.0,0.0,0.0,False,False,False
Nepal,1995,"Cloves (whole stems), raw",3000.0,0.0,0.0,False,False,False
Nepal,1996,"Cloves (whole stems), raw",1800.0,0.0,0.0,False,False,False
Nepal,1997,"Cloves (whole stems), raw",2000.0,0.0,0.0,False,False,False
Nepal,1998,"Cloves (whole stems), raw",2000.0,0.0,0.0,False,False,False
Nepal,1999,"Cloves (whole stems), raw",140.0,0.0,0.0,False,False,False
Nepal,2000,"Cloves (whole stems), raw",200.0,0.0,0.0,False,False,False
Nepal,2001,"Cloves (whole stems), raw",250.0,0.0,0.0,False,False,False
Nepal,2002,"Cloves (whole stems), raw",920.0,0.0,0.0,False,False,False
Nepal,2003,"Cloves (whole stems), raw",1513.0,0.0,0.0,True,False,False
Nepal,2004,"Cloves (whole stems), raw",390.0,0.0,0.0,False,False,False
Nepal,2005,"Cloves (whole stems), raw",320.0,0.0,0.0,False,False,False
Nepal,2006,"Cloves (whole stems), raw",120.0,0.0,0.0,False,False,False
Nepal,2007,"Cloves (whole stems), raw",144.0,0.0,0.0,False,False,False
Nepal,2008,"Cloves (whole stems), raw",50.0,0.0,0.0,False,False,False
Nepal,2009,"Cloves (whole stems), raw",161.0,0.0,0.0,False,False,False
Nepal,2010,"Cloves (whole stems), raw",169.0,2.0,0.0,False,True,False
Nepal,2011,"Cloves (whole stems), raw",238.0,0.0,0.0,False,False,False
Nepal,2012,"Cloves (whole stems), raw",198.0,0.0,0.0,False,False,False
Nepal,2013,"Cloves (whole stems), raw",120.0,0.0,0.0,False,False,False
Nepal,2014,"Cloves (whole stems), raw",212.27,0.0,0.0,False,False,False
Nepal,2015,"Cloves (whole stems), raw",187.5,0.0,0.0,False,False,False
Nepal,2016,"Cloves (whole stems), raw",274.81,0.0,0.0,False,False,False
Nepal,2017,"Cloves (whole stems), raw",231.11,0.03,0.0,False,False,False
Nepal,2018,"Cloves (whole stems), raw",332.82,0.05,0.0,False,True,False
Nepal,2019,"Cloves (whole stems), raw",265.75,0.0,0.0,False,False,False
Nepal,2020,"Cloves (whole stems), raw",515.96,0.0,0.0,True,False,False
Nepal,2021,"Cloves (whole stems), raw",276.1,0.0,0.0,False,False,False
Nepal,2022,"Cloves (whole stems), raw",224.07,0.0,0.0,False,False,False
Nepal,2023,"Cloves (whole stems), raw",247.63,0.0,0.0,False,False,False
Netherlands (Kingdom of the),1993,"Cloves (whole stems), raw",287.0,151.0,0.0,False,True,False
Netherlands (Kingdom of the),1994,"Cloves (whole stems), raw",593.0,267.0,0.0,False,False,False
Netherlands (Kingdom of the),1995,"Cloves (whole stems), raw",738.0,291.0,0.0,False,False,False
Netherlands (Kingdom of the),1996,"Cloves (whole stems), raw",707.0,281.0,0.0,False,False,False
Netherlands (Kingdom of the),1997,"Cloves (whole stems), raw",821.0,341.0,0.0,False,False,False
Netherlands (Kingdom of the),1998,"Cloves (whole stems), raw",1214.0,226.0,0.0,False,False,False
Netherlands (Kingdom of the),1999,"Cloves (whole stems), raw",669.0,368.0,0.0,False,False,False
Netherlands (Kingdom of the),2000,"Cloves (whole stems), raw",1111.0,510.0,0.0,False,False,False
Netherlands (Kingdom of the),2001,"Cloves (whole stems), raw",1884.0,597.0,0.0,False,False,False
Netherlands (Kingdom of the),2002,"Cloves (whole stems), raw",1328.0,522.0,0.0,False,False,False
Netherlands (Kingdom of the),2003,"Cloves (whole stems), raw",791.0,365.0,0.0,False,True,False
Netherlands (Kingdom of the),2004,"Cloves (whole stems), raw",652.0,436.0,0.0,False,False,False
Netherlands (Kingdom of the),2005,"Cloves (whole stems), raw",783.0,553.0,0.0,False,False,False
Netherlands (Kingdom of the),2006,"Cloves (whole stems), raw",697.0,505.0,0.0,False,False,False
Netherlands (Kingdom of the),2007,"Cloves (whole stems), raw",955.0,494.0,0.0,False,False,False
Netherlands (Kingdom of the),2008,"Cloves (whole stems), raw",976.0,571.0,0.0,False,False,False
Netherlands (Kingdom of the),2009,"Cloves (whole stems), raw",1260.0,657.0,0.0,False,False,False
Netherlands (Kingdom of the),2010,"Cloves (whole stems), raw",1313.0,684.0,0.0,False,False,False
Netherlands (Kingdom of the),2011,"Cloves (whole stems), raw",1477.0,759.0,0.0,False,False,False
Netherlands (Kingdom of the),2012,"Cloves (whole stems), raw",1515.0,728.0,0.0,False,False,False
Netherlands (Kingdom of the),2013,"Cloves (whole stems), raw",1276.0,723.0,0.0,False,False,False
Netherlands (Kingdom of the),2014,"Cloves (whole stems), raw",1418.94,674.4,0.0,False,False,False
Netherlands (Kingdom of the),2015,"Cloves (whole stems), raw",847.83,445.42,0.0,False,False,False
Netherlands (Kingdom of the),2016,"Cloves (whole stems), raw",706.79,459.91,0.0,False,False,False
Netherlands (Kingdom of the),2017,"Cloves (whole stems), raw",766.56,650.83,0.0,False,False,False
Netherlands (Kingdom of the),2018,"Cloves (whole stems), raw",635.7,582.77,0.0,False,False,False
Netherlands (Kingdom of the),2019,"Cloves (whole stems), raw",659.74,516.86,0.0,False,False,False
Netherlands (Kingdom of the),2020,"Cloves (whole stems), raw",683.88,496.22,0.0,False,False,False
Netherlands (Kingdom of the),2021,"Cloves (whole stems), raw",1143.96,749.42,0.0,False,False,False
Netherlands (Kingdom of the),2022,"Cloves (whole stems), raw",1421.69,927.22,0.0,False,False,False
Netherlands (Kingdom of the),2023,"Cloves (whole stems), raw",1140.33,925.4,0.0,False,False,False
New Caledonia,1997,"Cloves (whole stems), raw",1.0,0.0,0.0,False,False,False
New Caledonia,1998,"Cloves (whole stems), raw",1.0,0.0,0.0,False,False,False
New Caledonia,1999,"Cloves (whole stems), raw",0.0,0.0,0.0,True,False,False
New Caledonia,2000,"Cloves (whole stems), raw",7.0,0.0,0.0,True,False,False
New Caledonia,2001,"Cloves (whole stems), raw",1.0,0.0,0.0,False,False,False
New Caledonia,2002,"Cloves (whole stems), raw",1.0,0.0,0.0,False,False,False
New Caledonia,2003,"Cloves (whole stems), raw",1.0,0.0,0.0,False,False,False
New Caledonia,2004,"Cloves (whole stems), raw",0.0,0.0,0.0,False,False,False
New Caledonia,2005,"Cloves (whole stems), raw",0.0,0.0,0.0,False,False,False
New Caledonia,2006,"Cloves (whole stems), raw",0.0,0.0,0.0,False,False,False
New Caledonia,2007,"Cloves (whole stems), raw",1.0,0.0,0.0,False,False,False
New Caledonia,2008,"Cloves (whole stems), raw",1.0,0.0,0.0,False,False,False
New Caledonia,2009,"Cloves (whole stems), raw",0.0,0.0,0.0,False,False,False
New Caledonia,2010,"Cloves (whole stems), raw",0.0,0.0,0.0,False,False,False
New Caledonia,2011,"Cloves (whole stems), raw",0.0,0.0,0.0,False,False,False
New Caledonia,2012,"Cloves (whole stems), raw",1.0,0.0,0.0,True,False,False
New Caledonia,2013,"Cloves (whole stems), raw",0.0,0.0,0.0,False,False,False
New Caledonia,2014,"Cloves (whole stems), raw",0.52,0.01,0.0,False,False,False
New Caledonia,2015,"Cloves (whole stems), raw",0.23,0.02,0.0,False,True,False
New Caledonia,2017,"Cloves (whole stems), raw",0.02,0.0,0.0,False,False,False
New Caledonia,2018,"Cloves (whole stems), raw",0.01,0.0,0.0,False,False,False
New Caledonia,2019,"Cloves (whole stems), raw",0.02,0.0,0.0,False,False,False
New Caledonia,2020,"Cloves (whole stems), raw",0.02,0.0,0.0,False,False,False
New Caledonia,2021,"Cloves (whole stems), raw",0.05,0.0,0.0,False,False,False
New Caledonia,2022,"Cloves (whole stems), raw",0.01,0.0,0.0,False,False,False
New Caledonia,2023,"Cloves (whole stems), raw",0.08,0.0,0.0,False,False,False
New Zealand,1993,"Cloves (whole stems), raw",19.0,0.0,0.0,False,False,False
New Zealand,1994,"Cloves (whole stems), raw",12.0,0.0,0.0,True,False,False
New Zealand,1995,"Cloves (whole stems), raw",23.0,0.0,0.0,False,False,False
New Zealand,1996,"Cloves (whole stems), raw",22.0,0.0,0.0,False,False,False
New Zealand,1997,"Cloves (whole stems), raw",29.0,0.0,0.0,True,False,False
New Zealand,1998,"Cloves (whole stems), raw",22.0,0.0,0.0,False,False,False
New Zealand,1999,"Cloves (whole stems), raw",24.0,0.0,0.0,False,False,False
New Zealand,2000,"Cloves (whole stems), raw",22.73,0.11,0.0,False,True,False
New Zealand,2001,"Cloves (whole stems), raw",23.0,0.0,0.0,False,False,False
New Zealand,2002,"Cloves (whole stems), raw",15.0,0.0,0.0,False,False,False
New Zealand,2003,"Cloves (whole stems), raw",29.0,0.0,0.0,False,False,False
New Zealand,2004,"Cloves (whole stems), raw",12.0,0.0,0.0,False,False,False
New Zealand,2005,"Cloves (whole stems), raw",26.0,0.0,0.0,False,False,False
New Zealand,2006,"Cloves (whole stems), raw",23.0,0.0,0.0,False,False,False
New Zealand,2007,"Cloves (whole stems), raw",19.0,0.0,0.0,False,False,False
New Zealand,2008,"Cloves (whole stems), raw",23.0,0.0,0.0,False,False,False
New Zealand,2009,"Cloves (whole stems), raw",17.0,0.0,0.0,False,False,False
New Zealand,2010,"Cloves (whole stems), raw",37.0,1.0,0.0,False,False,False
New Zealand,2011,"Cloves (whole stems), raw",14.0,0.0,0.0,False,False,False
New Zealand,2012,"Cloves (whole stems), raw",47.0,1.0,0.0,False,False,False
New Zealand,2013,"Cloves (whole stems), raw",22.0,0.0,0.0,False,False,False
New Zealand,2014,"Cloves (whole stems), raw",35.25,1.52,0.0,False,True,False
New Zealand,2015,"Cloves (whole stems), raw",73.34,0.24,0.0,False,False,False
New Zealand,2016,"Cloves (whole stems), raw",64.39,0.22,0.0,False,False,False
New Zealand,2017,"Cloves (whole stems), raw",26.85,0.12,0.0,False,False,False
New Zealand,2018,"Cloves (whole stems), raw",26.11,0.29,0.0,False,False,False
New Zealand,2019,"Cloves (whole stems), raw",26.26,0.04,0.0,False,False,False
New Zealand,2020,"Cloves (whole stems), raw",28.11,0.02,0.0,False,False,False
New Zealand,2021,"Cloves (whole stems), raw",24.22,0.02,0.0,False,False,False
New Zealand,2022,"Cloves (whole stems), raw",31.15,0.12,0.0,False,False,False
New Zealand,2023,"Cloves (whole stems), raw",25.9,0.27,0.0,False,False,False
Nicaragua,1993,"Cloves (whole stems), raw",13.0,0.0,0.0,False,False,False
Nicaragua,1994,"Cloves (whole stems), raw",10.0,0.0,0.0,False,False,False
Nicaragua,1995,"Cloves (whole stems), raw",11.0,0.0,0.0,False,False,False
Nicaragua,1996,"Cloves (whole stems), raw",9.0,0.0,0.0,False,False,False
Nicaragua,1997,"Cloves (whole stems), raw",8.0,0.0,0.0,False,False,False
Nicaragua,1998,"Cloves (whole stems), raw",7.0,0.0,0.0,False,False,False
Nicaragua,1999,"Cloves (whole stems), raw",4.0,3.0,0.0,False,True,False
Nicaragua,2000,"Cloves (whole stems), raw",8.8,0.0,0.0,False,False,False
Nicaragua,2001,"Cloves (whole stems), raw",5.0,0.0,0.0,False,False,False
Nicaragua,2002,"Cloves (whole stems), raw",12.0,0.0,0.0,False,False,False
Nicaragua,2003,"Cloves (whole stems), raw",4.0,0.0,0.0,False,False,False
Nicaragua,2004,"Cloves (whole stems), raw",10.0,0.0,0.0,False,False,False
Nicaragua,2005,"Cloves (whole stems), raw",8.0,0.0,0.0,False,False,False
Nicaragua,2006,"Cloves (whole stems), raw",5.0,0.0,0.0,False,False,False
Nicaragua,2007,"Cloves (whole stems), raw",13.0,0.0,0.0,False,False,False
Nicaragua,2008,"Cloves (whole stems), raw",3.0,0.0,0.0,False,False,False
Nicaragua,2009,"Cloves (whole stems), raw",13.0,0.0,0.0,False,False,False
Nicaragua,2010,"Cloves (whole stems), raw",9.0,0.0,0.0,False,False,False
Nicaragua,2011,"Cloves (whole stems), raw",6.0,0.0,0.0,False,False,False
Nicaragua,2012,"Cloves (whole stems), raw",11.0,0.0,0.0,False,False,False
Nicaragua,2013,"Cloves (whole stems), raw",12.0,0.0,0.0,False,False,False
Nicaragua,2014,"Cloves (whole stems), raw",12.02,0.0,0.0,False,False,False
Nicaragua,2015,"Cloves (whole stems), raw",18.34,0.0,0.0,False,False,False
Nicaragua,2016,"Cloves (whole stems), raw",11.85,0.0,0.0,False,False,False
Nicaragua,2017,"Cloves (whole stems), raw",25.11,0.01,0.0,False,False,False
Nicaragua,2018,"Cloves (whole stems), raw",31.4,4.54,0.0,False,False,False
Nicaragua,2019,"Cloves (whole stems), raw",16.32,6.01,0.0,False,False,False
Nicaragua,2020,"Cloves (whole stems), raw",26.85,1.96,0.0,False,False,False
Nicaragua,2021,"Cloves (whole stems), raw",27.81,0.0,0.0,False,False,False
Nicaragua,2022,"Cloves (whole stems), raw",38.33,1.4,0.0,False,False,False
Nicaragua,2023,"Cloves (whole stems), raw",20.27,4.15,0.0,False,False,False
Niger,1993,"Cloves (whole stems), raw",0.0,0.0,0.0,False,False,False
Niger,1994,"Cloves (whole stems), raw",0.0,0.0,0.0,False,False,False
Niger,1995,"Cloves (whole stems), raw",0.0,0.0,0.0,False,False,False
Niger,1996,"Cloves (whole stems), raw",0.0,0.0,0.0,False,False,False
Niger,1997,"Cloves (whole stems), raw",0.0,0.0,0.0,False,False,False
Niger,1998,"Cloves (whole stems), raw",1.0,0.0,0.0,True,False,False
Niger,1999,"Cloves (whole stems), raw",0.02,0.0,0.0,False,False,False
Niger,2000,"Cloves (whole stems), raw",0.32,0.07,0.0,False,True,False
Niger,2001,"Cloves (whole stems), raw",0.0,0.0,0.0,False,False,False
Niger,2002,"Cloves (whole stems), raw",21.0,0.0,0.0,True,False,False
Niger,2003,"Cloves (whole stems), raw",1.0,0.0,0.0,False,False,False
Niger,2004,"Cloves (whole stems), raw",1.0,0.0,0.0,False,False,False
Niger,2005,"Cloves (whole stems), raw",0.0,0.0,0.0,False,False,False
Niger,2006,"Cloves (whole stems), raw",0.0,0.0,0.0,False,False,False
Niger,2007,"Cloves (whole stems), raw",0.0,0.0,0.0,False,False,False
Niger,2008,"Cloves (whole stems), raw",0.0,0.0,0.0,False,False,False
Niger,2009,"Cloves (whole stems), raw",0.0,0.0,0.0,False,False,False
Niger,2010,"Cloves (whole stems), raw",0.0,0.0,0.0,False,False,False
Niger,2011,"Cloves (whole stems), raw",0.0,0.0,0.0,False,False,False
Niger,2012,"Cloves (whole stems), raw",0.0,0.0,0.0,False,False,False
Niger,2013,"Cloves (whole stems), raw",0.0,0.0,0.0,False,False,False
Niger,2015,"Cloves (whole stems), raw",0.15,0.0,0.0,False,False,False
Niger,2016,"Cloves (whole stems), raw",0.24,0.0,0.0,False,False,False
Niger,2020,"Cloves (whole stems), raw",2.67,0.0,0.0,False,False,False
Niger,2021,"Cloves (whole stems), raw",0.05,0.0,0.0,False,False,False
Niger,2022,"Cloves (whole stems), raw",1.24,0.0,0.0,False,False,False
Niger,2023,"Cloves (whole stems), raw",1.06,0.0,0.0,False,False,False
Nigeria,1993,"Cloves (whole stems), raw",361.0,0.0,0.0,False,False,False
Nigeria,1995,"Cloves (whole stems), raw",209.0,56.0,0.0,False,False,False
Nigeria,1996,"Cloves (whole stems), raw",209.0,56.0,0.0,False,False,False
Nigeria,1997,"Cloves (whole stems), raw",209.0,56.0,0.0,False,False,False
Nigeria,1998,"Cloves (whole stems), raw",209.0,56.0,0.0,False,False,False
Nigeria,1999,"Cloves (whole stems), raw",209.0,56.0,0.0,False,False,False
Nigeria,2000,"Cloves (whole stems), raw",69.68,0.0,0.0,False,False,False
Nigeria,2001,"Cloves (whole stems), raw",100.0,60.0,0.0,False,False,False
Nigeria,2002,"Cloves (whole stems), raw",110.0,33.0,0.0,False,False,False
Nigeria,2003,"Cloves (whole stems), raw",60.0,20.0,0.0,False,False,False
Nigeria,2004,"Cloves (whole stems), raw",63.0,30.0,0.0,False,False,False
Nigeria,2005,"Cloves (whole stems), raw",171.0,33.0,0.0,False,False,False
Nigeria,2006,"Cloves (whole stems), raw",164.0,3.0,0.0,False,False,False
Nigeria,2007,"Cloves (whole stems), raw",245.0,3.0,0.0,False,False,False
Nigeria,2008,"Cloves (whole stems), raw",43.0,3.0,0.0,False,False,False
Nigeria,2009,"Cloves (whole stems), raw",43.0,10.0,0.0,False,True,False
Nigeria,2010,"Cloves (whole stems), raw",400.0,1.0,0.0,False,False,False
Nigeria,2011,"Cloves (whole stems), raw",335.0,1.0,0.0,False,False,False
Nigeria,2012,"Cloves (whole stems), raw",264.0,0.0,0.0,False,False,False
Nigeria,2013,"Cloves (whole stems), raw",191.0,0.0,0.0,False,False,False
Nigeria,2014,"Cloves (whole stems), raw",224.54,0.46,0.0,False,False,False
Nigeria,2015,"Cloves (whole stems), raw",294.9,0.0,0.0,False,False,False
Nigeria,2016,"Cloves (whole stems), raw",220.62,10.5,0.0,False,False,False
Nigeria,2017,"Cloves (whole stems), raw",208.33,0.31,0.0,False,False,False
Nigeria,2018,"Cloves (whole stems), raw",127.97,14.24,0.0,False,False,False
Nigeria,2019,"Cloves (whole stems), raw",332.15,0.02,0.0,False,False,False
Nigeria,2020,"Cloves (whole stems), raw",833.98,2.73,0.0,True,False,False
Nigeria,2021,"Cloves (whole stems), raw",314.41,13.07,0.0,False,False,False
Nigeria,2022,"Cloves (whole stems), raw",352.5,45.42,0.0,False,True,False
Nigeria,2023,"Cloves (whole stems), raw",495.3,0.24,0.0,False,False,False
Niue,2014,"Cloves (whole stems), raw",0.01,0.0,0.0,False,False,False
Niue,2022,"Cloves (whole stems), raw",0.0,0.0,0.0,False,False,False
North Macedonia,1993,"Cloves (whole stems), raw",0.0,0.0,0.0,False,False,False
North Macedonia,1994,"Cloves (whole stems), raw",2.0,0.0,0.0,True,False,False
North Macedonia,1995,"Cloves (whole stems), raw",0.0,0.0,0.0,False,False,False
North Macedonia,1996,"Cloves (whole stems), raw",0.0,0.0,0.0,False,False,False
North Macedonia,1997,"Cloves (whole stems), raw",0.0,0.0,0.0,False,False,False
North Macedonia,1998,"Cloves (whole stems), raw",0.0,0.0,0.0,False,False,False
North Macedonia,1999,"Cloves (whole stems), raw",0.0,0.0,0.0,False,False,False
North Macedonia,2000,"Cloves (whole stems), raw",0.0,0.0,0.0,False,False,False
North Macedonia,2001,"Cloves (whole stems), raw",0.0,0.0,0.0,False,False,False
North Macedonia,2002,"Cloves (whole stems), raw",0.0,0.0,0.0,False,False,False
North Macedonia,2003,"Cloves (whole stems), raw",1.0,0.0,0.0,True,False,False
North Macedonia,2004,"Cloves (whole stems), raw",0.0,0.0,0.0,False,False,False
North Macedonia,2005,"Cloves (whole stems), raw",0.0,0.0,0.0,False,False,False
North Macedonia,2006,"Cloves (whole stems), raw",0.0,0.0,0.0,False,False,False
North Macedonia,2007,"Cloves (whole stems), raw",0.0,0.0,0.0,False,False,False
North Macedonia,2008,"Cloves (whole stems), raw",2.0,0.0,0.0,False,False,False
North Macedonia,2009,"Cloves (whole stems), raw",1.0,0.0,0.0,False,False,False
North Macedonia,2010,"Cloves (whole stems), raw",2.0,0.0,0.0,False,False,False
North Macedonia,2011,"Cloves (whole stems), raw",2.0,0.0,0.0,False,False,False
North Macedonia,2012,"Cloves (whole stems), raw",2.0,0.0,0.0,False,False,False
North Macedonia,2013,"Cloves (whole stems), raw",1.0,0.0,0.0,True,False,False
North Macedonia,2014,"Cloves (whole stems), raw",1.79,0.04,0.0,False,False,False
North Macedonia,2015,"Cloves (whole stems), raw",1.74,0.04,0.0,False,False,False
North Macedonia,2016,"Cloves (whole stems), raw",2.38,0.1,0.0,False,True,False
North Macedonia,2017,"Cloves (whole stems), raw",1.19,0.0,0.0,False,False,False
North Macedonia,2018,"Cloves (whole stems), raw",1.45,0.06,0.0,False,False,False
North Macedonia,2019,"Cloves (whole stems), raw",4.23,0.04,0.0,False,False,False
North Macedonia,2020,"Cloves (whole stems), raw",2.78,0.0,0.0,False,False,False
North Macedonia,2021,"Cloves (whole stems), raw",1.37,0.01,0.0,False,False,False
North Macedonia,2022,"Cloves (whole stems), raw",1.34,0.0,0.0,False,False,False
North Macedonia,2023,"Cloves (whole stems), raw",1.87,0.0,0.0,False,False,False
Norway,1993,"Cloves (whole stems), raw",25.0,0.0,0.0,False,False,False
Norway,1994,"Cloves (whole stems), raw",21.0,0.0,0.0,False,False,False
Norway,1995,"Cloves (whole stems), raw",20.0,0.0,0.0,False,False,False
Norway,1996,"Cloves (whole stems), raw",22.0,1.0,0.0,False,True,False
Norway,1997,"Cloves (whole stems), raw",18.0,0.0,0.0,False,False,False
Norway,1998,"Cloves (whole stems), raw",18.0,0.0,0.0,False,False,False
Norway,1999,"Cloves (whole stems), raw",24.0,0.0,0.0,False,False,False
Norway,2000,"Cloves (whole stems), raw",19.91,0.0,0.0,False,False,False
Norway,2001,"Cloves (whole stems), raw",23.0,0.0,0.0,False,False,False
Norway,2002,"Cloves (whole stems), raw",28.0,1.0,0.0,False,False,False
Norway,2003,"Cloves (whole stems), raw",31.0,4.0,0.0,False,False,False
Norway,2004,"Cloves (whole stems), raw",24.0,3.0,0.0,False,False,False
Norway,2005,"Cloves (whole stems), raw",46.0,0.0,0.0,True,False,False
Norway,2006,"Cloves (whole stems), raw",24.0,0.0,0.0,False,False,False
Norway,2007,"Cloves (whole stems), raw",17.0,0.0,0.0,False,False,False
Norway,2008,"Cloves (whole stems), raw",19.0,0.0,0.0,False,False,False
Norway,2009,"Cloves (whole stems), raw",13.0,0.0,0.0,False,False,False
Norway,2010,"Cloves (whole stems), raw",8.0,0.0,0.0,True,False,False
Norway,2011,"Cloves (whole stems), raw",13.0,9.0,0.0,False,False,False
Norway,2012,"Cloves (whole stems), raw",15.0,17.0,0.0,False,False,False
Norway,2013,"Cloves (whole stems), raw",14.0,7.0,0.0,False,False,False
Norway,2014,"Cloves (whole stems), raw",15.16,1.1,0.0,False,False,False
Norway,2015,"Cloves (whole stems), raw",15.8,0.0,0.0,False,False,False
Norway,2016,"Cloves (whole stems), raw",18.52,0.0,0.0,False,False,False
Norway,2017,"Cloves (whole stems), raw",17.44,0.0,0.0,False,False,False
Norway,2018,"Cloves (whole stems), raw",15.76,0.0,0.0,False,False,False
Norway,2019,"Cloves (whole stems), raw",19.64,0.0,0.0,False,False,False
Norway,2020,"Cloves (whole stems), raw",23.89,0.0,0.0,False,False,False
Norway,2021,"Cloves (whole stems), raw",20.98,0.3,0.0,False,True,False
Norway,2022,"Cloves (whole stems), raw",19.43,0.0,0.0,False,False,False
Norway,2023,"Cloves (whole stems), raw",21.6,0.0,0.0,False,False,False
Oman,1993,"Cloves (whole stems), raw",64.0,0.0,0.0,False,False,False
Oman,1994,"Cloves (whole stems), raw",214.0,0.0,0.0,False,False,False
Oman,1995,"Cloves (whole stems), raw",367.0,0.0,0.0,True,False,False
Oman,1996,"Cloves (whole stems), raw",152.0,0.0,0.0,False,False,False
Oman,1997,"Cloves (whole stems), raw",127.0,0.0,0.0,False,False,False
Oman,1998,"Cloves (whole stems), raw",95.0,0.0,0.0,False,False,False
Oman,1999,"Cloves (whole stems), raw",46.0,0.0,0.0,False,False,False
Oman,2000,"Cloves (whole stems), raw",56.0,2.0,0.0,False,True,False
Oman,2001,"Cloves (whole stems), raw",16.0,0.0,0.0,False,False,False
Oman,2002,"Cloves (whole stems), raw",4.0,0.0,0.0,False,False,False
Oman,2003,"Cloves (whole stems), raw",4.0,0.0,0.0,False,False,False
Oman,2004,"Cloves (whole stems), raw",9.0,0.0,0.0,False,False,False
Oman,2005,"Cloves (whole stems), raw",60.0,0.0,0.0,False,False,False
Oman,2006,"Cloves (whole stems), raw",41.0,16.0,0.0,False,False,False
Oman,2007,"Cloves (whole stems), raw",42.0,16.0,0.0,False,False,False
Oman,2008,"Cloves (whole stems), raw",27.0,0.0,0.0,False,False,False
Oman,2009,"Cloves (whole stems), raw",47.0,0.0,0.0,False,False,False
Oman,2010,"Cloves (whole stems), raw",20.0,0.0,0.0,False,False,False
Oman,2011,"Cloves (whole stems), raw",93.0,5.0,0.0,False,True,False
Oman,2012,"Cloves (whole stems), raw",59.0,0.0,0.0,False,False,False
Oman,2013,"Cloves (whole stems), raw",44.0,0.0,0.0,False,False,False
Oman,2014,"Cloves (whole stems), raw",128.12,0.0,0.0,False,False,False
Oman,2015,"Cloves (whole stems), raw",102.85,0.0,0.0,False,False,False
Oman,2016,"Cloves (whole stems), raw",68.96,0.06,0.0,False,False,False
Oman,2017,"Cloves (whole stems), raw",135.1,26.67,0.0,False,False,False
Oman,2018,"Cloves (whole stems), raw",147.33,64.35,0.0,False,True,False
Oman,2019,"Cloves (whole stems), raw",189.73,25.73,0.0,False,False,False
Oman,2020,"Cloves (whole stems), raw",201.57,28.66,0.0,False,False,False
Oman,2021,"Cloves (whole stems), raw",168.54,26.77,0.0,False,False,False
Oman,2022,"Cloves (whole stems), raw",295.08,0.0,0.0,True,False,False
Oman,2023,"Cloves (whole stems), raw",194.36,0.0,0.0,False,False,False
Pakistan,1993,"Cloves (whole stems), raw",782.0,0.0,0.0,False,False,False
Pakistan,1994,"Cloves (whole stems), raw",397.0,0.0,0.0,False,False,False
Pakistan,1995,"Cloves (whole stems), raw",1820.0,0.0,0.0,False,False,False
Pakistan,1996,"Cloves (whole stems), raw",359.0,86.0,0.0,False,True,False
Pakistan,1997,"Cloves (whole stems), raw",591.0,0.0,0.0,False,False,False
Pakistan,1998,"Cloves (whole stems), raw",1567.0,0.0,0.0,False,False,False
Pakistan,1999,"Cloves (whole stems), raw",1499.0,0.0,0.0,False,False,False
Pakistan,2000,"Cloves (whole stems), raw",424.86,0.0,0.0,False,False,False
Pakistan,2001,"Cloves (whole stems), raw",348.0,0.0,0.0,False,False,False
Pakistan,2002,"Cloves (whole stems), raw",192.0,0.0,0.0,False,False,False
Pakistan,2003,"Cloves (whole stems), raw",815.0,0.0,0.0,False,False,False
Pakistan,2004,"Cloves (whole stems), raw",1702.0,0.0,0.0,False,False,False
Pakistan,2005,"Cloves (whole stems), raw",639.0,0.0,0.0,False,False,False
Pakistan,2006,"Cloves (whole stems), raw",699.0,0.0,0.0,False,False,False
Pakistan,2007,"Cloves (whole stems), raw",1142.0,0.0,0.0,False,False,False
Pakistan,2008,"Cloves (whole stems), raw",1601.0,0.0,0.0,False,False,False
Pakistan,2009,"Cloves (whole stems), raw",787.0,1.0,0.0,False,False,False
Pakistan,2010,"Cloves (whole stems), raw",1367.0,1.0,0.0,False,False,False
Pakistan,2011,"Cloves (whole stems), raw",1211.0,13.0,0.0,False,True,False
Pakistan,2012,"Cloves (whole stems), raw",1395.0,0.0,0.0,False,False,False
Pakistan,2013,"Cloves (whole stems), raw",1192.0,2.0,0.0,False,False,False
Pakistan,2014,"Cloves (whole stems), raw",1598.84,0.62,0.0,False,False,False
Pakistan,2015,"Cloves (whole stems), raw",1665.0,0.42,0.0,False,False,False
Pakistan,2016,"Cloves (whole stems), raw",2113.86,8.02,0.0,False,True,False
Pakistan,2017,"Cloves (whole stems), raw",2281.26,2.73,0.0,False,False,False
Pakistan,2018,"Cloves (whole stems), raw",1614.92,1.82,0.0,False,False,False
Pakistan,2019,"Cloves (whole stems), raw",1449.65,0.52,0.0,False,False,False
Pakistan,2020,"Cloves (whole stems), raw",2137.07,0.53,0.0,False,False,False
Pakistan,2021,"Cloves (whole stems), raw",2153.4,0.89,0.0,False,False,False
Pakistan,2022,"Cloves (whole stems), raw",1395.39,1.26,0.0,False,False,False
Pakistan,2023,"Cloves (whole stems), raw",1558.2,2.18,0.0,False,False,False
Palestine,2014,"Cloves (whole stems), raw",23.7,0.74,0.0,False,False,False
Palestine,2016,"Cloves (whole stems), raw",0.0,0.0,0.0,False,False,False
Palestine,2018,"Cloves (whole stems), raw",0.0,0.0,0.0,False,False,False
Palestine,2021,"Cloves (whole stems), raw",0.0,0.0,0.0,False,False,False
Panama,1993,"Cloves (whole stems), raw",6.0,0.0,0.0,False,False,False
Panama,1994,"Cloves (whole stems), raw",10.0,0.0,0.0,False,False,False
Panama,1995,"Cloves (whole stems), raw",4.0,0.0,0.0,False,False,False
Panama,1996,"Cloves (whole stems), raw",5.0,0.0,0.0,False,False,False
Panama,1997,"Cloves (whole stems), raw",9.0,5.0,0.0,False,True,False
Panama,1998,"Cloves (whole stems), raw",7.0,0.0,0.0,False,False,False
Panama,1999,"Cloves (whole stems), raw",10.0,0.0,0.0,False,False,False
Panama,2000,"Cloves (whole stems), raw",8.88,0.0,0.0,False,False,False
Panama,2001,"Cloves (whole stems), raw",10.0,0.0,0.0,False,False,False
Panama,2002,"Cloves (whole stems), raw",14.0,0.0,0.0,True,False,False
Panama,2003,"Cloves (whole stems), raw",9.0,0.0,0.0,False,False,False
Panama,2004,"Cloves (whole stems), raw",11.0,0.0,0.0,False,False,False
Panama,2005,"Cloves (whole stems), raw",9.0,0.0,0.0,False,False,False
Panama,2006,"Cloves (whole stems), raw",9.0,2.0,0.0,False,True,False
Panama,2007,"Cloves (whole stems), raw",17.0,0.0,0.0,False,False,False
Panama,2008,"Cloves (whole stems), raw",7.0,0.0,0.0,False,False,False
Panama,2009,"Cloves (whole stems), raw",15.0,0.0,0.0,False,False,False
Panama,2010,"Cloves (whole stems), raw",14.0,0.0,0.0,False,False,False
Panama,2011,"Cloves (whole stems), raw",10.0,0.0,0.0,False,False,False
Panama,2012,"Cloves (whole stems), raw",21.0,0.0,0.0,False,False,False
Panama,2013,"Cloves (whole stems), raw",24.0,0.0,0.0,False,False,False
Panama,2014,"Cloves (whole stems), raw",22.2,7.95,0.0,False,True,False
Panama,2015,"Cloves (whole stems), raw",12.54,0.02,0.0,False,False,False
Panama,2016,"Cloves (whole stems), raw",16.44,1.16,0.0,False,False,False
Panama,2017,"Cloves (whole stems), raw",17.96,0.25,0.0,False,False,False
Panama,2018,"Cloves (whole stems), raw",21.79,0.3,0.0,False,False,False
Panama,2019,"Cloves (whole stems), raw",17.13,0.58,0.0,False,False,False
Panama,2020,"Cloves (whole stems), raw",25.22,1.37,0.0,False,True,False
Panama,2021,"Cloves (whole stems), raw",34.18,0.0,0.0,False,False,False
Panama,2022,"Cloves (whole stems), raw",36.99,0.0,0.0,False,False,False
Panama,2023,"Cloves (whole stems), raw",25.27,0.24,0.0,False,False,False
Papua New Guinea,1993,"Cloves (whole stems), raw",0.0,0.0,0.0,False,False,False
Papua New Guinea,1994,"Cloves (whole stems), raw",0.0,0.0,0.0,False,False,False
Papua New Guinea,1995,"Cloves (whole stems), raw",0.0,0.0,0.0,False,False,False
Papua New Guinea,1996,"Cloves (whole stems), raw",0.0,0.0,0.0,False,False,False
Papua New Guinea,1997,"Cloves (whole stems), raw",0.0,0.0,0.0,False,False,False
Papua New Guinea,1998,"Cloves (whole stems), raw",0.0,0.0,0.0,False,False,False
Papua New Guinea,1999,"Cloves (whole stems), raw",0.0,0.0,0.0,False,False,False
Papua New Guinea,2000,"Cloves (whole stems), raw",0.23,0.0,0.0,True,False,False
Papua New Guinea,2001,"Cloves (whole stems), raw",0.0,0.0,0.0,False,False,False
Papua New Guinea,2002,"Cloves (whole stems), raw",0.0,0.0,0.0,False,False,False
Papua New Guinea,2003,"Cloves (whole stems), raw",0.0,0.0,0.0,False,False,False
Papua New Guinea,2004,"Cloves (whole stems), raw",0.0,0.0,0.0,False,False,False
Papua New Guinea,2005,"Cloves (whole stems), raw",0.0,0.0,0.0,False,False,False
Papua New Guinea,2006,"Cloves (whole stems), raw",0.0,0.0,0.0,False,False,False
Papua New Guinea,2007,"Cloves (whole stems), raw",0.0,0.0,0.0,False,False,False
Papua New Guinea,2008,"Cloves (whole stems), raw",0.0,0.0,0.0,False,False,False
Papua New Guinea,2009,"Cloves (whole stems), raw",0.0,0.0,0.0,False,False,False
Papua New Guinea,2010,"Cloves (whole stems), raw",0.0,0.0,0.0,False,False,False
Papua New Guinea,2011,"Cloves (whole stems), raw",0.0,0.0,0.0,False,False,False
Papua New Guinea,2012,"Cloves (whole stems), raw",0.0,0.0,0.0,False,False,False
Papua New Guinea,2013,"Cloves (whole stems), raw",0.0,0.0,0.0,False,False,False
Papua New Guinea,2014,"Cloves (whole stems), raw",0.01,0.0,0.0,False,False,False
Papua New Guinea,2015,"Cloves (whole stems), raw",0.02,0.0,0.0,False,False,False
Papua New Guinea,2016,"Cloves (whole stems), raw",0.01,0.0,0.0,False,False,False
Papua New Guinea,2017,"Cloves (whole stems), raw",0.0,0.0,0.0,False,False,False
Papua New Guinea,2018,"Cloves (whole stems), raw",0.06,0.0,0.0,True,False,False
Papua New Guinea,2019,"Cloves (whole stems), raw",0.02,0.0,0.0,False,False,False
Papua New Guinea,2022,"Cloves (whole stems), raw",0.34,0.0,0.0,False,False,False
Papua New Guinea,2023,"Cloves (whole stems), raw",0.23,0.0,0.0,False,False,False
Paraguay,1993,"Cloves (whole stems), raw",0.0,0.0,0.0,False,False,False
Paraguay,1994,"Cloves (whole stems), raw",0.0,0.0,0.0,False,False,False
Paraguay,1995,"Cloves (whole stems), raw",2.0,0.0,0.0,False,False,False
Paraguay,1996,"Cloves (whole stems), raw",0.0,0.0,0.0,False,False,False
Paraguay,1997,"Cloves (whole stems), raw",2.0,0.0,0.0,False,False,False
Paraguay,1998,"Cloves (whole stems), raw",0.0,0.0,0.0,False,False,False
Paraguay,1999,"Cloves (whole stems), raw",0.0,0.0,0.0,False,False,False
Paraguay,2000,"Cloves (whole stems), raw",0.0,0.0,0.0,False,False,False
Paraguay,2001,"Cloves (whole stems), raw",11.0,0.0,0.0,True,False,False
Paraguay,2002,"Cloves (whole stems), raw",0.0,0.0,0.0,False,False,False
Paraguay,2003,"Cloves (whole stems), raw",0.0,0.0,0.0,False,False,False
Paraguay,2004,"Cloves (whole stems), raw",0.0,0.0,0.0,False,False,False
Paraguay,2005,"Cloves (whole stems), raw",0.0,0.0,0.0,False,False,False
Paraguay,2006,"Cloves (whole stems), raw",0.0,0.0,0.0,False,False,False
Paraguay,2007,"Cloves (whole stems), raw",0.0,0.0,0.0,False,False,False
Paraguay,2008,"Cloves (whole stems), raw",0.0,0.0,0.0,False,False,False
Paraguay,2009,"Cloves (whole stems), raw",0.0,0.0,0.0,False,False,False
Paraguay,2010,"Cloves (whole stems), raw",1.0,0.0,0.0,True,False,False
Paraguay,2011,"Cloves (whole stems), raw",0.0,0.0,0.0,False,False,False
Paraguay,2012,"Cloves (whole stems), raw",0.0,0.0,0.0,False,False,False
Paraguay,2013,"Cloves (whole stems), raw",0.0,0.0,0.0,False,False,False
Paraguay,2014,"Cloves (whole stems), raw",0.06,0.0,0.0,False,False,False
Paraguay,2015,"Cloves (whole stems), raw",1.85,0.0,0.0,False,False,False
Paraguay,2016,"Cloves (whole stems), raw",1.62,0.0,0.0,False,False,False
Paraguay,2017,"Cloves (whole stems), raw",0.75,0.0,0.0,False,False,False
Paraguay,2018,"Cloves (whole stems), raw",1.22,0.0,0.0,False,False,False
Paraguay,2019,"Cloves (whole stems), raw",0.79,0.0,0.0,False,False,False
Paraguay,2021,"Cloves (whole stems), raw",0.16,0.0,0.0,False,False,False
Paraguay,2022,"Cloves (whole stems), raw",0.25,0.0,0.0,False,False,False
Paraguay,2023,"Cloves (whole stems), raw",0.3,0.0,0.0,False,False,False
Peru,1993,"Cloves (whole stems), raw",149.0,0.0,0.0,False,False,False
Peru,1994,"Cloves (whole stems), raw",375.0,0.0,0.0,True,False,False
Peru,1995,"Cloves (whole stems), raw",210.0,0.0,0.0,False,False,False
Peru,1996,"Cloves (whole stems), raw",270.0,0.0,0.0,False,False,False
Peru,1997,"Cloves (whole stems), raw",236.0,0.0,0.0,False,False,False
Peru,1998,"Cloves (whole stems), raw",540.0,0.0,0.0,True,False,False
Peru,1999,"Cloves (whole stems), raw",22.0,40.0,0.0,False,True,False
Peru,2000,"Cloves (whole stems), raw",157.65,0.0,0.0,False,False,False
Peru,2001,"Cloves (whole stems), raw",98.0,0.0,0.0,False,False,False
Peru,2002,"Cloves (whole stems), raw",180.0,0.0,0.0,False,False,False
Peru,2003,"Cloves (whole stems), raw",180.0,1.0,0.0,False,False,False
Peru,2004,"Cloves (whole stems), raw",259.0,5.0,0.0,False,True,False
Peru,2005,"Cloves (whole stems), raw",162.0,0.0,0.0,False,False,False
Peru,2006,"Cloves (whole stems), raw",205.0,0.0,0.0,False,False,False
Peru,2007,"Cloves (whole stems), raw",397.0,0.0,0.0,False,False,False
Peru,2008,"Cloves (whole stems), raw",135.0,7.0,0.0,False,True,False
Peru,2009,"Cloves (whole stems), raw",473.0,0.0,0.0,False,False,False
Peru,2010,"Cloves (whole stems), raw",365.0,0.0,0.0,False,False,False
Peru,2011,"Cloves (whole stems), raw",89.0,1.0,0.0,False,False,False
Peru,2012,"Cloves (whole stems), raw",301.0,4.0,0.0,False,False,False
Peru,2013,"Cloves (whole stems), raw",347.0,0.0,0.0,False,False,False
Peru,2014,"Cloves (whole stems), raw",327.84,2.16,0.0,False,False,False
Peru,2015,"Cloves (whole stems), raw",571.66,2.83,0.0,False,False,False
Peru,2016,"Cloves (whole stems), raw",359.85,12.26,0.0,False,False,False
Peru,2017,"Cloves (whole stems), raw",437.62,2.4,0.0,False,False,False
Peru,2018,"Cloves (whole stems), raw",583.82,2.32,0.0,False,False,False
Peru,2019,"Cloves (whole stems), raw",488.47,29.1,0.0,False,False,False
Peru,2020,"Cloves (whole stems), raw",1061.26,6.96,0.0,True,False,False
Peru,2021,"Cloves (whole stems), raw",482.41,51.4,0.0,False,False,False
Peru,2022,"Cloves (whole stems), raw",248.38,3.03,0.0,False,False,False
Peru,2023,"Cloves (whole stems), raw",689.12,6.26,0.0,False,False,False
Philippines,1993,"Cloves (whole stems), raw",7.0,0.0,0.0,False,False,False
Philippines,1994,"Cloves (whole stems), raw",11.0,0.0,0.0,False,False,False
Philippines,1995,"Cloves (whole stems), raw",4.0,0.0,0.0,False,False,False
Philippines,1996,"Cloves (whole stems), raw",9.0,0.0,0.0,False,False,False
Philippines,1997,"Cloves (whole stems), raw",7.0,0.0,0.0,False,False,False
Philippines,1998,"Cloves (whole stems), raw",5.0,0.0,0.0,False,False,False
Philippines,1999,"Cloves (whole stems), raw",6.0,0.0,0.0,False,False,False
Philippines,2000,"Cloves (whole stems), raw",19.69,0.0,0.0,True,False,False
Philippines,2001,"Cloves (whole stems), raw",6.0,0.0,0.0,False,False,False
Philippines,2002,"Cloves (whole stems), raw",9.0,0.0,0.0,False,False,False
Philippines,2003,"Cloves (whole stems), raw",4.0,0.0,0.0,False,False,False
Philippines,2004,"Cloves (whole stems), raw",3.0,0.0,0.0,False,False,False
Philippines,2005,"Cloves (whole stems), raw",7.0,0.0,0.0,False,False,False
Philippines,2006,"Cloves (whole stems), raw",6.0,0.0,0.0,False,False,False
Philippines,2007,"Cloves (whole stems), raw",20.0,0.0,0.0,True,False,False
Philippines,2008,"Cloves (whole stems), raw",5.0,0.0,0.0,False,False,False
Philippines,2009,"Cloves (whole stems), raw",3.0,0.0,0.0,False,False,False
Philippines,2010,"Cloves (whole stems), raw",7.0,0.0,0.0,False,False,False
Philippines,2011,"Cloves (whole stems), raw",4.0,0.0,0.0,False,False,False
Philippines,2012,"Cloves (whole stems), raw",4.0,0.0,0.0,False,False,False
Philippines,2013,"Cloves (whole stems), raw",3.0,0.0,0.0,False,False,False
Philippines,2014,"Cloves (whole stems), raw",10.92,0.0,0.0,False,False,False
Philippines,2015,"Cloves (whole stems), raw",4.9,0.0,0.0,False,False,False
Philippines,2016,"Cloves (whole stems), raw",8.54,0.0,0.0,False,False,False
Philippines,2017,"Cloves (whole stems), raw",9.57,0.0,0.0,False,False,False
Philippines,2018,"Cloves (whole stems), raw",4.83,0.0,0.0,False,False,False
Philippines,2019,"Cloves (whole stems), raw",6.21,0.0,0.0,False,False,False
Philippines,2020,"Cloves (whole stems), raw",3.96,0.0,0.0,False,False,False
Philippines,2021,"Cloves (whole stems), raw",9.32,0.0,0.0,True,False,False
Philippines,2022,"Cloves (whole stems), raw",5.56,0.0,0.0,False,False,False
Philippines,2023,"Cloves (whole stems), raw",2.59,0.0,0.0,False,False,False
Poland,1993,"Cloves (whole stems), raw",34.0,0.0,0.0,True,False,False
Poland,1994,"Cloves (whole stems), raw",68.0,0.0,0.0,False,False,False
Poland,1995,"Cloves (whole stems), raw",72.0,4.0,0.0,False,False,False
Poland,1996,"Cloves (whole stems), raw",69.0,6.0,0.0,False,False,False
Poland,1997,"Cloves (whole stems), raw",76.0,11.0,0.0,False,False,False
Poland,1998,"Cloves (whole stems), raw",104.0,6.0,0.0,True,False,False
Poland,1999,"Cloves (whole stems), raw",69.0,6.0,0.0,False,False,False
Poland,2000,"Cloves (whole stems), raw",71.37,0.0,0.0,False,False,False
Poland,2001,"Cloves (whole stems), raw",78.0,4.0,0.0,False,False,False
Poland,2002,"Cloves (whole stems), raw",92.0,0.0,0.0,False,False,False
Poland,2003,"Cloves (whole stems), raw",38.0,0.0,0.0,False,False,False
Poland,2004,"Cloves (whole stems), raw",116.0,10.0,0.0,False,False,False
Poland,2005,"Cloves (whole stems), raw",112.0,85.0,0.0,False,True,False
Poland,2006,"Cloves (whole stems), raw",140.0,25.0,0.0,False,False,False
Poland,2007,"Cloves (whole stems), raw",149.0,27.0,0.0,False,False,False
Poland,2008,"Cloves (whole stems), raw",144.0,44.0,0.0,False,False,False
Poland,2009,"Cloves (whole stems), raw",148.0,43.0,0.0,False,False,False
Poland,2010,"Cloves (whole stems), raw",151.0,46.0,0.0,False,False,False
Poland,2011,"Cloves (whole stems), raw",151.0,35.0,0.0,False,False,False
Poland,2012,"Cloves (whole stems), raw",153.0,35.0,0.0,False,False,False
Poland,2013,"Cloves (whole stems), raw",119.0,26.0,0.0,False,False,False
Poland,2014,"Cloves (whole stems), raw",105.37,27.77,0.0,False,False,False
Poland,2015,"Cloves (whole stems), raw",160.26,24.08,0.0,False,False,False
Poland,2016,"Cloves (whole stems), raw",106.29,28.21,0.0,False,False,False
Poland,2017,"Cloves (whole stems), raw",104.59,33.19,0.0,False,False,False
Poland,2018,"Cloves (whole stems), raw",226.43,45.58,0.0,False,False,False
Poland,2019,"Cloves (whole stems), raw",187.72,37.09,0.0,False,False,False
Poland,2020,"Cloves (whole stems), raw",195.78,50.53,0.0,False,False,False
Poland,2021,"Cloves (whole stems), raw",260.4,64.06,0.0,False,False,False
Poland,2022,"Cloves (whole stems), raw",238.91,47.28,0.0,False,False,False
Poland,2023,"Cloves (whole stems), raw",333.34,72.75,0.0,False,False,False
Portugal,1993,"Cloves (whole stems), raw",15.0,0.0,0.0,False,False,False
Portugal,1994,"Cloves (whole stems), raw",12.0,0.0,0.0,False,False,False
Portugal,1995,"Cloves (whole stems), raw",22.0,0.0,0.0,True,False,False
Portugal,1996,"Cloves (whole stems), raw",10.0,0.0,0.0,False,False,False
Portugal,1997,"Cloves (whole stems), raw",12.0,0.0,0.0,False,False,False
Portugal,1998,"Cloves (whole stems), raw",14.0,1.0,0.0,False,False,False
Portugal,1999,"Cloves (whole stems), raw",16.0,0.0,0.0,False,False,False
Portugal,2000,"Cloves (whole stems), raw",10.0,1.0,0.0,False,False,False
Portugal,2001,"Cloves (whole stems), raw",14.0,1.0,0.0,False,False,False
Portugal,2002,"Cloves (whole stems), raw",30.0,0.0,0.0,False,False,False
Portugal,2003,"Cloves (whole stems), raw",11.0,4.0,0.0,False,False,False
Portugal,2004,"Cloves (whole stems), raw",21.0,1.0,0.0,False,False,False
Portugal,2005,"Cloves (whole stems), raw",7.0,0.0,0.0,False,False,False
Portugal,2006,"Cloves (whole stems), raw",8.0,6.0,0.0,False,False,False
Portugal,2007,"Cloves (whole stems), raw",9.0,3.0,0.0,False,False,False
Portugal,2008,"Cloves (whole stems), raw",11.0,2.0,0.0,False,False,False
Portugal,2009,"Cloves (whole stems), raw",8.0,1.0,0.0,False,False,False
Portugal,2010,"Cloves (whole stems), raw",8.0,2.0,0.0,False,False,False
Portugal,2011,"Cloves (whole stems), raw",12.0,0.0,0.0,False,False,False
Portugal,2012,"Cloves (whole stems), raw",12.0,1.0,0.0,False,False,False
Portugal,2013,"Cloves (whole stems), raw",12.0,1.0,0.0,False,False,False
Portugal,2014,"Cloves (whole stems), raw",12.29,1.6,0.0,False,False,False
Portugal,2015,"Cloves (whole stems), raw",7.27,0.95,0.0,True,False,False
Portugal,2016,"Cloves (whole stems), raw",12.65,1.37,0.0,False,False,False
Portugal,2017,"Cloves (whole stems), raw",22.16,3.2,0.0,False,False,False
Portugal,2018,"Cloves (whole stems), raw",13.21,2.51,0.0,False,False,False
Portugal,2019,"Cloves (whole stems), raw",14.01,4.88,0.0,False,False,False
Portugal,2020,"Cloves (whole stems), raw",21.29,9.12,0.0,False,False,False
Portugal,2021,"Cloves (whole stems), raw",16.83,9.01,0.0,False,False,False
Portugal,2022,"Cloves (whole stems), raw",18.89,9.42,0.0,False,False,False
Portugal,2023,"Cloves (whole stems), raw",26.65,9.79,0.0,False,False,False
Qatar,2000,"Cloves (whole stems), raw",29.0,0.0,0.0,False,False,False
Qatar,2001,"Cloves (whole stems), raw",36.0,0.0,0.0,False,False,False
Qatar,2002,"Cloves (whole stems), raw",32.0,0.0,0.0,False,False,False
Qatar,2003,"Cloves (whole stems), raw",33.0,0.0,0.0,False,False,False
Qatar,2004,"Cloves (whole stems), raw",34.0,0.0,0.0,False,False,False
Qatar,2005,"Cloves (whole stems), raw",53.0,1.0,0.0,False,False,False
Qatar,2006,"Cloves (whole stems), raw",53.0,0.0,0.0,False,False,False
Qatar,2007,"Cloves (whole stems), raw",109.0,1.0,0.0,False,False,False
Qatar,2008,"Cloves (whole stems), raw",71.0,0.0,0.0,False,False,False
Qatar,2009,"Cloves (whole stems), raw",0.0,0.0,0.0,True,False,False
Qatar,2010,"Cloves (whole stems), raw",92.0,0.0,0.0,False,False,False
Qatar,2011,"Cloves (whole stems), raw",82.0,0.0,0.0,False,False,False
Qatar,2012,"Cloves (whole stems), raw",72.0,0.0,0.0,False,False,False
Qatar,2013,"Cloves (whole stems), raw",62.0,0.0,0.0,False,False,False
Qatar,2014,"Cloves (whole stems), raw",198.53,0.05,0.0,False,True,False
Qatar,2015,"Cloves (whole stems), raw",163.35,0.0,0.0,False,False,False
Qatar,2016,"Cloves (whole stems), raw",158.49,0.0,0.0,False,False,False
Qatar,2017,"Cloves (whole stems), raw",137.45,0.0,0.0,False,False,False
Qatar,2018,"Cloves (whole stems), raw",97.31,0.0,0.0,False,False,False
Qatar,2019,"Cloves (whole stems), raw",120.97,0.0,0.0,False,False,False
Qatar,2020,"Cloves (whole stems), raw",106.6,0.0,0.0,False,False,False
Qatar,2021,"Cloves (whole stems), raw",123.83,12.0,0.0,False,True,False
Qatar,2022,"Cloves (whole stems), raw",151.92,0.0,0.0,False,False,False
Qatar,2023,"Cloves (whole stems), raw",192.52,0.0,0.0,False,False,False
Republic of Korea,1993,"Cloves (whole stems), raw",45.0,0.0,0.0,False,False,False
Republic of Korea,1994,"Cloves (whole stems), raw",42.0,0.0,0.0,True,False,False
Republic of Korea,1995,"Cloves (whole stems), raw",47.0,0.0,0.0,False,False,False
Republic of Korea,1996,"Cloves (whole stems), raw",46.0,0.0,0.0,False,False,False
Republic of Korea,1997,"Cloves (whole stems), raw",46.0,0.0,0.0,False,False,False
Republic of Korea,1998,"Cloves (whole stems), raw",50.0,0.0,0.0,False,False,False
Republic of Korea,1999,"Cloves (whole stems), raw",28.0,0.0,0.0,True,False,False
Republic of Korea,2000,"Cloves (whole stems), raw",51.39,0.0,0.0,False,False,False
Republic of Korea,2001,"Cloves (whole stems), raw",56.0,11.0,0.0,False,True,False
Republic of Korea,2002,"Cloves (whole stems), raw",90.0,0.0,0.0,False,False,False
Republic of Korea,2003,"Cloves (whole stems), raw",84.0,0.0,0.0,False,False,False
Republic of Korea,2004,"Cloves (whole stems), raw",29.0,0.0,0.0,False,False,False
Republic of Korea,2005,"Cloves (whole stems), raw",46.0,0.0,0.0,False,False,False
Republic of Korea,2006,"Cloves (whole stems), raw",52.0,8.0,0.0,False,True,False
Republic of Korea,2007,"Cloves (whole stems), raw",75.0,0.0,0.0,False,False,False
Republic of Korea,2008,"Cloves (whole stems), raw",94.0,0.0,0.0,False,False,False
Republic of Korea,2009,"Cloves (whole stems), raw",79.0,0.0,0.0,False,False,False
Republic of Korea,2010,"Cloves (whole stems), raw",64.0,0.0,0.0,False,False,False
Republic of Korea,2011,"Cloves (whole stems), raw",58.0,0.0,0.0,False,False,False
Republic of Korea,2012,"Cloves (whole stems), raw",78.0,0.0,0.0,False,False,False
Republic of Korea,2013,"Cloves (whole stems), raw",81.0,0.0,0.0,False,False,False
Republic of Korea,2014,"Cloves (whole stems), raw",68.94,0.0,0.0,False,False,False
Republic of Korea,2015,"Cloves (whole stems), raw",109.84,4.8,0.0,True,True,False
Republic of Korea,2016,"Cloves (whole stems), raw",67.5,0.44,0.0,False,False,False
Republic of Korea,2017,"Cloves (whole stems), raw",70.6,0.0,0.0,False,False,False
Republic of Korea,2018,"Cloves (whole stems), raw",84.85,0.0,0.0,False,False,False
Republic of Korea,2019,"Cloves (whole stems), raw",137.1,0.0,0.0,False,False,False
Republic of Korea,2020,"Cloves (whole stems), raw",146.96,0.06,0.0,False,True,False
Republic of Korea,2021,"Cloves (whole stems), raw",136.0,0.01,0.0,False,False,False
Republic of Korea,2022,"Cloves (whole stems), raw",90.91,0.01,0.0,False,False,False
Republic of Korea,2023,"Cloves (whole stems), raw",80.61,0.0,0.0,False,False,False
Republic of Moldova,1994,"Cloves (whole stems), raw",0.0,0.0,0.0,False,False,False
Republic of Moldova,1995,"Cloves (whole stems), raw",1.0,0.0,0.0,False,False,False
Republic of Moldova,1996,"Cloves (whole stems), raw",3.0,1.0,0.0,False,True,False
Republic of Moldova,1997,"Cloves (whole stems), raw",0.0,0.0,0.0,False,False,False
Republic of Moldova,2000,"Cloves (whole stems), raw",0.0,0.0,0.0,False,False,False
Republic of Moldova,2001,"Cloves (whole stems), raw",0.0,0.0,0.0,False,False,False
Republic of Moldova,2002,"Cloves (whole stems), raw",0.0,0.0,0.0,False,False,False
Republic of Moldova,2003,"Cloves (whole stems), raw",0.0,0.0,0.0,False,False,False
Republic of Moldova,2004,"Cloves (whole stems), raw",0.0,0.0,0.0,False,False,False
Republic of Moldova,2005,"Cloves (whole stems), raw",0.0,0.0,0.0,False,False,False
Republic of Moldova,2006,"Cloves (whole stems), raw",0.0,0.0,0.0,False,False,False
Republic of Moldova,2007,"Cloves (whole stems), raw",1.0,0.0,0.0,False,False,False
Republic of Moldova,2008,"Cloves (whole stems), raw",1.0,0.0,0.0,False,False,False
Republic of Moldova,2009,"Cloves (whole stems), raw",1.0,0.0,0.0,False,False,False
Republic of Moldova,2010,"Cloves (whole stems), raw",1.0,0.0,0.0,False,False,False
Republic of Moldova,2011,"Cloves (whole stems), raw",1.0,0.0,0.0,False,False,False
Republic of Moldova,2012,"Cloves (whole stems), raw",1.0,0.0,0.0,False,False,False
Republic of Moldova,2013,"Cloves (whole stems), raw",0.0,0.0,0.0,True,False,False
Republic of Moldova,2014,"Cloves (whole stems), raw",0.79,0.0,0.0,False,False,False
Republic of Moldova,2015,"Cloves (whole stems), raw",2.65,0.0,0.0,False,False,False
Republic of Moldova,2016,"Cloves (whole stems), raw",0.51,0.0,0.0,False,False,False
Republic of Moldova,2017,"Cloves (whole stems), raw",1.24,0.0,0.0,False,False,False
Republic of Moldova,2018,"Cloves (whole stems), raw",3.82,0.0,0.0,False,False,False
Republic of Moldova,2019,"Cloves (whole stems), raw",1.24,0.0,0.0,False,False,False
Republic of Moldova,2020,"Cloves (whole stems), raw",3.91,0.0,0.0,False,False,False
Republic of Moldova,2021,"Cloves (whole stems), raw",3.76,0.0,0.0,False,False,False
Republic of Moldova,2022,"Cloves (whole stems), raw",2.67,0.01,0.0,False,True,False
Republic of Moldova,2023,"Cloves (whole stems), raw",2.18,0.0,0.0,False,False,False
Romania,1993,"Cloves (whole stems), raw",25.0,0.0,0.0,False,False,False
Romania,1994,"Cloves (whole stems), raw",18.0,0.0,0.0,False,False,False
Romania,1995,"Cloves (whole stems), raw",8.0,3.0,0.0,False,False,False
Romania,1996,"Cloves (whole stems), raw",4.0,0.0,0.0,False,False,False
Romania,1997,"Cloves (whole stems), raw",5.0,4.0,0.0,False,False,False
Romania,1998,"Cloves (whole stems), raw",8.0,0.0,0.0,False,False,False
Romania,1999,"Cloves (whole stems), raw",14.0,2.0,0.0,False,False,False
Romania,2000,"Cloves (whole stems), raw",14.0,0.0,0.0,False,False,False
Romania,2001,"Cloves (whole stems), raw",3.0,0.0,0.0,False,False,False
Romania,2002,"Cloves (whole stems), raw",5.0,0.0,0.0,False,False,False
Romania,2003,"Cloves (whole stems), raw",14.0,0.0,0.0,False,False,False
Romania,2004,"Cloves (whole stems), raw",11.0,5.0,0.0,False,True,False
Romania,2005,"Cloves (whole stems), raw",10.0,0.0,0.0,False,False,False
Romania,2006,"Cloves (whole stems), raw",12.0,1.0,0.0,False,False,False
Romania,2007,"Cloves (whole stems), raw",9.0,0.0,0.0,False,False,False
Romania,2008,"Cloves (whole stems), raw",9.0,1.0,0.0,False,False,False
Romania,2009,"Cloves (whole stems), raw",15.0,0.0,0.0,False,False,False
Romania,2010,"Cloves (whole stems), raw",29.0,0.0,0.0,False,False,False
Romania,2011,"Cloves (whole stems), raw",30.0,10.0,0.0,False,False,False
Romania,2012,"Cloves (whole stems), raw",107.0,7.0,0.0,False,False,False
Romania,2013,"Cloves (whole stems), raw",164.0,4.0,0.0,True,False,False
Romania,2014,"Cloves (whole stems), raw",16.99,2.56,0.0,False,False,False
Romania,2015,"Cloves (whole stems), raw",24.84,1.3,0.0,False,False,False
Romania,2016,"Cloves (whole stems), raw",17.58,5.37,0.0,False,False,False
Romania,2017,"Cloves (whole stems), raw",21.65,3.05,0.0,False,False,False
Romania,2018,"Cloves (whole stems), raw",37.01,14.41,0.0,False,False,False
Romania,2019,"Cloves (whole stems), raw",41.02,13.77,0.0,False,False,False
Romania,2020,"Cloves (whole stems), raw",43.25,29.31,0.0,False,False,False
Romania,2021,"Cloves (whole stems), raw",38.18,25.17,0.0,False,False,False
Romania,2022,"Cloves (whole stems), raw",48.02,24.53,0.0,False,False,False
Romania,2023,"Cloves (whole stems), raw",56.78,19.85,0.0,False,False,False
Russian Federation,1993,"Cloves (whole stems), raw",15.0,0.0,0.0,False,False,False
Russian Federation,1994,"Cloves (whole stems), raw",40.0,0.0,0.0,False,False,False
Russian Federation,1995,"Cloves (whole stems), raw",90.0,0.0,0.0,False,False,False
Russian Federation,1996,"Cloves (whole stems), raw",170.0,2.0,0.0,False,True,False
Russian Federation,1998,"Cloves (whole stems), raw",164.0,1.0,0.0,False,False,False
Russian Federation,1999,"Cloves (whole stems), raw",156.0,0.0,0.0,False,False,False
Russian Federation,2000,"Cloves (whole stems), raw",180.17,2.75,0.0,False,False,False
Russian Federation,2001,"Cloves (whole stems), raw",16.0,28.0,0.0,True,True,False
Russian Federation,2002,"Cloves (whole stems), raw",126.0,3.0,0.0,False,False,False
Russian Federation,2003,"Cloves (whole stems), raw",246.0,3.0,0.0,False,False,False
Russian Federation,2004,"Cloves (whole stems), raw",261.0,4.0,0.0,False,False,False
Russian Federation,2005,"Cloves (whole stems), raw",272.0,2.0,0.0,False,False,False
Russian Federation,2006,"Cloves (whole stems), raw",300.0,3.0,0.0,False,False,False
Russian Federation,2007,"Cloves (whole stems), raw",403.0,4.0,0.0,False,False,False
Russian Federation,2008,"Cloves (whole stems), raw",352.0,6.0,0.0,False,False,False
Russian Federation,2009,"Cloves (whole stems), raw",354.0,5.0,0.0,False,False,False
Russian Federation,2010,"Cloves (whole stems), raw",290.0,2.0,0.0,False,False,False
Russian Federation,2011,"Cloves (whole stems), raw",315.0,1.0,0.0,False,False,False
Russian Federation,2012,"Cloves (whole stems), raw",312.0,7.0,0.0,False,False,False
Russian Federation,2013,"Cloves (whole stems), raw",301.0,10.0,0.0,False,False,False
Russian Federation,2014,"Cloves (whole stems), raw",266.38,11.67,0.0,False,False,False
Russian Federation,2015,"Cloves (whole stems), raw",227.85,13.59,0.0,True,False,False
Russian Federation,2016,"Cloves (whole stems), raw",332.06,13.87,0.0,False,False,False
Russian Federation,2017,"Cloves (whole stems), raw",319.43,18.09,0.0,False,False,False
Russian Federation,2018,"Cloves (whole stems), raw",310.64,17.09,0.0,False,False,False
Russian Federation,2019,"Cloves (whole stems), raw",363.06,23.9,0.0,False,False,False
Russian Federation,2020,"Cloves (whole stems), raw",377.84,49.08,0.0,False,False,False
Russian Federation,2021,"Cloves (whole stems), raw",307.73,61.0,0.0,False,False,False
Russian Federation,2022,"Cloves (whole stems), raw",431.27,8.57,0.0,False,False,False
Russian Federation,2023,"Cloves (whole stems), raw",232.51,22.71,0.0,False,False,False
Rwanda,2014,"Cloves (whole stems), raw",0.31,0.0,0.0,False,False,False
Rwanda,2016,"Cloves (whole stems), raw",0.12,0.0,0.0,False,False,False
Rwanda,2017,"Cloves (whole stems), raw",0.02,0.0,0.0,True,False,False
Rwanda,2019,"Cloves (whole stems), raw",0.18,0.0,0.0,False,False,False
Rwanda,2020,"Cloves (whole stems), raw",0.15,0.0,0.0,False,False,False
Rwanda,2021,"Cloves (whole stems), raw",1.19,2.0,0.0,False,False,False
Rwanda,2022,"Cloves (whole stems), raw",5.01,6.82,0.0,True,True,False
Rwanda,2023,"Cloves (whole stems), raw",0.39,0.0,0.0,False,False,False
Saint Kitts and Nevis,2014,"Cloves (whole stems), raw",0.03,0.0,0.0,False,False,False
Saint Kitts and Nevis,2018,"Cloves (whole stems), raw",1.99,0.0,0.0,False,False,False
Saint Kitts and Nevis,2019,"Cloves (whole stems), raw",2.88,0.04,0.0,False,True,False
Saint Kitts and Nevis,2020,"Cloves (whole stems), raw",2.57,0.0,0.0,False,False,False
Saint Kitts and Nevis,2021,"Cloves (whole stems), raw",2.01,0.0,0.0,False,False,False
Saint Kitts and Nevis,2022,"Cloves (whole stems), raw",3.01,0.0,0.0,False,False,False
Saint Kitts and Nevis,2023,"Cloves (whole stems), raw",0.01,0.0,0.0,False,False,False
Saint Lucia,1997,"Cloves (whole stems), raw",1.0,0.0,0.0,False,False,False
Saint Lucia,1998,"Cloves (whole stems), raw",0.0,0.0,0.0,True,False,False
Saint Lucia,1999,"Cloves (whole stems), raw",1.0,0.0,0.0,False,False,False
Saint Lucia,2000,"Cloves (whole stems), raw",1.0,0.0,0.0,False,False,False
Saint Lucia,2001,"Cloves (whole stems), raw",1.0,0.0,0.0,False,False,False
Saint Lucia,2002,"Cloves (whole stems), raw",0.0,0.0,0.0,True,False,False
Saint Lucia,2003,"Cloves (whole stems), raw",2.0,0.0,0.0,False,False,False
Saint Lucia,2004,"Cloves (whole stems), raw",3.0,0.0,0.0,False,False,False
Saint Lucia,2005,"Cloves (whole stems), raw",1.0,0.0,0.0,False,False,False
Saint Lucia,2006,"Cloves (whole stems), raw",1.0,0.0,0.0,False,False,False
Saint Lucia,2007,"Cloves (whole stems), raw",2.0,0.0,0.0,False,False,False
Saint Lucia,2008,"Cloves (whole stems), raw",2.0,0.0,0.0,False,False,False
Saint Lucia,2009,"Cloves (whole stems), raw",2.0,0.0,0.0,False,False,False
Saint Lucia,2010,"Cloves (whole stems), raw",2.0,0.0,0.0,False,False,False
Saint Lucia,2011,"Cloves (whole stems), raw",2.0,0.0,0.0,False,False,False
Saint Lucia,2012,"Cloves (whole stems), raw",2.0,0.0,0.0,False,False,False
Saint Lucia,2013,"Cloves (whole stems), raw",2.0,0.0,0.0,False,False,False
Saint Lucia,2014,"Cloves (whole stems), raw",2.76,0.28,0.0,False,True,False
Saint Lucia,2015,"Cloves (whole stems), raw",0.4,0.01,0.0,False,False,False
Saint Lucia,2016,"Cloves (whole stems), raw",2.94,0.09,0.0,False,False,False
Saint Lucia,2017,"Cloves (whole stems), raw",3.34,0.12,0.0,False,False,False
Saint Lucia,2018,"Cloves (whole stems), raw",4.0,0.1,0.0,False,False,False
Saint Lucia,2019,"Cloves (whole stems), raw",3.82,0.1,0.0,False,False,False
Saint Lucia,2020,"Cloves (whole stems), raw",6.99,0.01,0.0,False,False,False
Saint Lucia,2021,"Cloves (whole stems), raw",2.04,0.0,0.0,False,False,False
Saint Lucia,2022,"Cloves (whole stems), raw",0.4,0.0,0.0,False,False,False
Saint Lucia,2023,"Cloves (whole stems), raw",1.62,0.04,0.0,False,False,False
Saint Vincent and the Grenadines,2002,"Cloves (whole stems), raw",1.0,1.0,0.0,True,False,False
Saint Vincent and the Grenadines,2003,"Cloves (whole stems), raw",0.0,1.0,0.0,False,False,False
Saint Vincent and the Grenadines,2004,"Cloves (whole stems), raw",0.0,0.0,0.0,False,False,False
Saint Vincent and the Grenadines,2005,"Cloves (whole stems), raw",0.0,0.0,0.0,False,False,False
Saint Vincent and the Grenadines,2006,"Cloves (whole stems), raw",1.0,0.0,0.0,False,False,False
Saint Vincent and the Grenadines,2007,"Cloves (whole stems), raw",1.0,0.0,0.0,False,False,False
Saint Vincent and the Grenadines,2008,"Cloves (whole stems), raw",2.0,0.0,0.0,False,False,False
Saint Vincent and the Grenadines,2009,"Cloves (whole stems), raw",2.0,0.0,0.0,False,False,False
Saint Vincent and the Grenadines,2010,"Cloves (whole stems), raw",1.0,0.0,0.0,False,False,False
Saint Vincent and the Grenadines,2011,"Cloves (whole stems), raw",1.0,0.0,0.0,False,False,False
Saint Vincent and the Grenadines,2012,"Cloves (whole stems), raw",1.0,0.0,0.0,False,False,False
Saint Vincent and the Grenadines,2013,"Cloves (whole stems), raw",1.0,0.0,0.0,False,False,False
Saint Vincent and the Grenadines,2014,"Cloves (whole stems), raw",9.46,0.05,0.0,True,False,False
Saint Vincent and the Grenadines,2015,"Cloves (whole stems), raw",2.15,0.0,0.0,False,False,False
Saint Vincent and the Grenadines,2016,"Cloves (whole stems), raw",2.98,0.05,0.0,False,False,False
Saint Vincent and the Grenadines,2017,"Cloves (whole stems), raw",0.8,0.02,0.0,False,False,False
Saint Vincent and the Grenadines,2018,"Cloves (whole stems), raw",5.19,0.0,0.0,False,False,False
Saint Vincent and the Grenadines,2019,"Cloves (whole stems), raw",6.41,0.0,0.0,False,False,False
Saint Vincent and the Grenadines,2020,"Cloves (whole stems), raw",1.98,0.1,0.0,False,True,False
Saint Vincent and the Grenadines,2021,"Cloves (whole stems), raw",1.55,0.05,0.0,False,False,False
Saint Vincent and the Grenadines,2022,"Cloves (whole stems), raw",0.05,0.0,0.0,False,False,False
Saint Vincent and the Grenadines,2023,"Cloves (whole stems), raw",0.21,0.0,0.0,False,False,False
Samoa,2014,"Cloves (whole stems), raw",0.82,0.0,0.0,False,False,False
Samoa,2015,"Cloves (whole stems), raw",1.82,0.0,0.0,False,False,False
Samoa,2016,"Cloves (whole stems), raw",6.22,0.0,0.0,True,False,False
Samoa,2017,"Cloves (whole stems), raw",1.12,0.0,0.0,False,False,False
Samoa,2018,"Cloves (whole stems), raw",0.71,0.0,0.0,False,False,False
Samoa,2020,"Cloves (whole stems), raw",0.13,0.0,0.0,False,False,False
Samoa,2021,"Cloves (whole stems), raw",4.12,0.0,0.0,True,False,False
Samoa,2022,"Cloves (whole stems), raw",0.03,0.0,0.0,False,False,False
Samoa,2023,"Cloves (whole stems), raw",0.22,0.0,0.0,False,False,False
Sao Tome and Principe,2014,"Cloves (whole stems), raw",0.0,1.2,0.0,False,True,False
Sao Tome and Principe,2015,"Cloves (whole stems), raw",0.01,0.0,0.0,False,False,False
Sao Tome and Principe,2016,"Cloves (whole stems), raw",0.03,0.0,0.0,True,False,False
Sao Tome and Principe,2017,"Cloves (whole stems), raw",0.01,0.0,0.0,False,False,False
Sao Tome and Principe,2018,"Cloves (whole stems), raw",0.01,0.0,0.0,False,False,False
Sao Tome and Principe,2019,"Cloves (whole stems), raw",0.01,0.0,0.0,False,False,False
Sao Tome and Principe,2020,"Cloves (whole stems), raw",0.03,0.0,0.0,False,False,False
Sao Tome and Principe,2021,"Cloves (whole stems), raw",0.07,0.0,0.0,False,False,False
Sao Tome and Principe,2022,"Cloves (whole stems), raw",0.07,0.0,0.0,False,False,False
Sao Tome and Principe,2023,"Cloves (whole stems), raw",0.15,0.0,0.0,True,False,False
Saudi Arabia,1993,"Cloves (whole stems), raw",1039.0,49.0,0.0,False,False,False
Saudi Arabia,1994,"Cloves (whole stems), raw",555.0,3.0,0.0,True,False,False
Saudi Arabia,1995,"Cloves (whole stems), raw",1128.0,5.0,0.0,False,False,False
Saudi Arabia,1996,"Cloves (whole stems), raw",1212.0,23.0,0.0,False,False,False
Saudi Arabia,1997,"Cloves (whole stems), raw",1689.0,5.0,0.0,False,False,False
Saudi Arabia,1998,"Cloves (whole stems), raw",1517.0,12.0,0.0,False,False,False
Saudi Arabia,1999,"Cloves (whole stems), raw",450.0,15.0,0.0,True,False,False
Saudi Arabia,2000,"Cloves (whole stems), raw",1236.82,10.29,0.0,False,False,False
Saudi Arabia,2001,"Cloves (whole stems), raw",923.0,6.0,0.0,False,False,False
Saudi Arabia,2002,"Cloves (whole stems), raw",1441.0,9.0,0.0,False,False,False
Saudi Arabia,2003,"Cloves (whole stems), raw",2123.0,8.0,0.0,False,False,False
Saudi Arabia,2004,"Cloves (whole stems), raw",1252.0,10.0,0.0,False,False,False
Saudi Arabia,2005,"Cloves (whole stems), raw",1979.0,23.0,0.0,False,False,False
Saudi Arabia,2006,"Cloves (whole stems), raw",1727.0,61.0,0.0,False,False,False
Saudi Arabia,2007,"Cloves (whole stems), raw",2109.0,102.0,0.0,False,False,False
Saudi Arabia,2008,"Cloves (whole stems), raw",1402.0,44.0,0.0,False,False,False
Saudi Arabia,2009,"Cloves (whole stems), raw",1272.0,44.0,0.0,False,False,False
Saudi Arabia,2010,"Cloves (whole stems), raw",2004.0,108.0,0.0,False,False,False
Saudi Arabia,2011,"Cloves (whole stems), raw",1243.0,101.0,0.0,False,False,False
Saudi Arabia,2012,"Cloves (whole stems), raw",1615.0,48.0,0.0,False,False,False
Saudi Arabia,2013,"Cloves (whole stems), raw",1375.0,45.0,0.0,False,False,False
Saudi Arabia,2014,"Cloves (whole stems), raw",2321.0,39.0,0.0,False,False,False
Saudi Arabia,2015,"Cloves (whole stems), raw",1963.0,31.0,0.0,False,False,False
Saudi Arabia,2016,"Cloves (whole stems), raw",2163.0,0.0,0.0,False,False,False
Saudi Arabia,2017,"Cloves (whole stems), raw",1819.26,0.0,0.0,False,False,False
Saudi Arabia,2018,"Cloves (whole stems), raw",2555.76,36.72,0.0,False,False,False
Saudi Arabia,2019,"Cloves (whole stems), raw",2359.91,0.7,0.0,False,False,False
Saudi Arabia,2020,"Cloves (whole stems), raw",2286.51,19.0,0.0,False,False,False
Saudi Arabia,2021,"Cloves (whole stems), raw",1807.37,63.67,0.0,False,False,False
Saudi Arabia,2022,"Cloves (whole stems), raw",2660.67,11.77,0.0,False,False,False
Saudi Arabia,2023,"Cloves (whole stems), raw",2097.07,106.13,0.0,False,False,False
Senegal,1993,"Cloves (whole stems), raw",0.0,0.0,0.0,False,False,False
Senegal,1994,"Cloves (whole stems), raw",5.0,0.0,0.0,True,False,False
Senegal,1995,"Cloves (whole stems), raw",0.0,0.0,0.0,False,False,False
Senegal,1996,"Cloves (whole stems), raw",0.0,0.0,0.0,False,False,False
Senegal,1997,"Cloves (whole stems), raw",0.0,0.0,0.0,False,False,False
Senegal,1998,"Cloves (whole stems), raw",10.0,0.0,0.0,False,False,False
Senegal,1999,"Cloves (whole stems), raw",0.0,0.0,0.0,False,False,False
Senegal,2000,"Cloves (whole stems), raw",2.35,0.0,0.0,False,False,False
Senegal,2001,"Cloves (whole stems), raw",7.0,0.0,0.0,False,False,False
Senegal,2002,"Cloves (whole stems), raw",15.0,0.0,0.0,False,False,False
Senegal,2003,"Cloves (whole stems), raw",7.0,0.0,0.0,False,False,False
Senegal,2004,"Cloves (whole stems), raw",24.0,0.0,0.0,False,False,False
Senegal,2005,"Cloves (whole stems), raw",11.0,0.0,0.0,False,False,False
Senegal,2006,"Cloves (whole stems), raw",30.0,0.0,0.0,False,False,False
Senegal,2007,"Cloves (whole stems), raw",17.0,0.0,0.0,False,False,False
Senegal,2008,"Cloves (whole stems), raw",26.0,0.0,0.0,False,False,False
Senegal,2009,"Cloves (whole stems), raw",35.0,0.0,0.0,False,False,False
Senegal,2010,"Cloves (whole stems), raw",21.0,0.0,0.0,False,False,False
Senegal,2011,"Cloves (whole stems), raw",23.0,0.0,0.0,False,False,False
Senegal,2012,"Cloves (whole stems), raw",28.0,0.0,0.0,False,False,False
Senegal,2013,"Cloves (whole stems), raw",10.0,2.0,0.0,True,True,False
Senegal,2014,"Cloves (whole stems), raw",20.78,0.0,0.0,False,False,False
Senegal,2015,"Cloves (whole stems), raw",28.09,0.01,0.0,False,False,False
Senegal,2016,"Cloves (whole stems), raw",39.33,0.0,0.0,False,False,False
Senegal,2017,"Cloves (whole stems), raw",47.16,0.49,0.0,False,False,False
Senegal,2018,"Cloves (whole stems), raw",73.33,0.0,0.0,False,False,False
Senegal,2019,"Cloves (whole stems), raw",311.02,6.41,0.0,False,True,False
Senegal,2020,"Cloves (whole stems), raw",625.08,0.0,0.0,False,False,False
Senegal,2021,"Cloves (whole stems), raw",820.5,0.0,0.0,False,False,False
Senegal,2022,"Cloves (whole stems), raw",471.12,1.63,0.0,False,False,False
Senegal,2023,"Cloves (whole stems), raw",383.22,0.39,0.0,False,False,False
Serbia,2006,"Cloves (whole stems), raw",7.0,0.0,0.0,False,False,False
Serbia,2007,"Cloves (whole stems), raw",8.0,3.0,0.0,False,True,False
Serbia,2008,"Cloves (whole stems), raw",3.0,0.0,0.0,False,False,False
Serbia,2009,"Cloves (whole stems), raw",5.0,0.0,0.0,False,False,False
Serbia,2010,"Cloves (whole stems), raw",4.0,0.0,0.0,False,False,False
Serbia,2011,"Cloves (whole stems), raw",2.0,0.0,0.0,False,False,False
Serbia,2012,"Cloves (whole stems), raw",3.0,0.0,0.0,False,False,False
Serbia,2013,"Cloves (whole stems), raw",7.0,0.0,0.0,False,False,False
Serbia,2014,"Cloves (whole stems), raw",5.69,0.67,0.0,False,False,False
Serbia,2015,"Cloves (whole stems), raw",6.65,0.62,0.0,False,False,False
Serbia,2016,"Cloves (whole stems), raw",3.52,1.05,0.0,False,False,False
Serbia,2017,"Cloves (whole stems), raw",4.93,0.55,0.0,False,False,False
Serbia,2018,"Cloves (whole stems), raw",5.79,1.46,0.0,False,False,False
Serbia,2019,"Cloves (whole stems), raw",4.9,2.26,0.0,False,False,False
Serbia,2020,"Cloves (whole stems), raw",11.06,0.61,0.0,True,False,False
Serbia,2021,"Cloves (whole stems), raw",3.48,1.53,0.0,False,False,False
Serbia,2022,"Cloves (whole stems), raw",6.34,1.67,0.0,False,False,False
Serbia,2023,"Cloves (whole stems), raw",7.47,0.74,0.0,False,False,False
Serbia and Montenegro,1996,"Cloves (whole stems), raw",4.0,0.0,0.0,False,False,False
Serbia and Montenegro,1997,"Cloves (whole stems), raw",0.0,0.0,0.0,True,False,False
Serbia and Montenegro,1998,"Cloves (whole stems), raw",4.0,0.0,0.0,False,False,False
Serbia and Montenegro,1999,"Cloves (whole stems), raw",4.0,0.0,0.0,False,False,False
Serbia and Montenegro,2000,"Cloves (whole stems), raw",5.0,0.0,0.0,False,False,False
Serbia and Montenegro,2001,"Cloves (whole stems), raw",3.0,0.0,0.0,False,False,False
Serbia and Montenegro,2002,"Cloves (whole stems), raw",11.0,0.0,0.0,True,False,False
Serbia and Montenegro,2003,"Cloves (whole stems), raw",4.0,0.0,0.0,False,False,False
Serbia and Montenegro,2004,"Cloves (whole stems), raw",3.0,0.0,0.0,False,False,False
Serbia and Montenegro,2005,"Cloves (whole stems), raw",1.0,0.0,0.0,False,False,False
Seychelles,1993,"Cloves (whole stems), raw",0.0,0.0,0.0,False,False,False
Seychelles,1994,"Cloves (whole stems), raw",1.0,0.0,0.0,False,False,False
Seychelles,1995,"Cloves (whole stems), raw",1.0,0.0,0.0,False,False,False
Seychelles,1996,"Cloves (whole stems), raw",0.0,0.0,0.0,False,False,False
Seychelles,1997,"Cloves (whole stems), raw",1.0,0.0,0.0,False,False,False
Seychelles,1998,"Cloves (whole stems), raw",0.0,0.0,0.0,False,False,False
Seychelles,1999,"Cloves (whole stems), raw",0.0,0.0,0.0,False,False,False
Seychelles,2000,"Cloves (whole stems), raw",0.49,0.0,0.0,False,False,False
Seychelles,2001,"Cloves (whole stems), raw",0.49,0.0,0.0,False,False,False
Seychelles,2002,"Cloves (whole stems), raw",0.0,0.0,0.0,False,False,False
Seychelles,2003,"Cloves (whole stems), raw",0.0,0.0,0.0,False,False,False
Seychelles,2004,"Cloves (whole stems), raw",0.0,0.0,0.0,False,False,False
Seychelles,2005,"Cloves (whole stems), raw",0.0,0.0,0.0,False,False,False
Seychelles,2006,"Cloves (whole stems), raw",1.0,0.0,0.0,False,False,False
Seychelles,2007,"Cloves (whole stems), raw",1.0,0.0,0.0,False,False,False
Seychelles,2008,"Cloves (whole stems), raw",1.0,0.0,0.0,False,False,False
Seychelles,2009,"Cloves (whole stems), raw",1.0,0.0,0.0,False,False,False
Seychelles,2010,"Cloves (whole stems), raw",0.0,0.0,0.0,False,False,False
Seychelles,2011,"Cloves (whole stems), raw",0.0,0.0,0.0,False,False,False
Seychelles,2012,"Cloves (whole stems), raw",0.0,0.0,0.0,False,False,False
Seychelles,2013,"Cloves (whole stems), raw",0.0,0.0,0.0,False,False,False
Seychelles,2014,"Cloves (whole stems), raw",4.44,0.0,0.0,False,False,False
Seychelles,2015,"Cloves (whole stems), raw",2.3,0.0,0.0,False,False,False
Seychelles,2016,"Cloves (whole stems), raw",6.26,0.0,0.0,False,False,False
Seychelles,2017,"Cloves (whole stems), raw",5.61,0.0,0.0,False,False,False
Seychelles,2018,"Cloves (whole stems), raw",5.61,0.0,0.0,False,False,False
Seychelles,2019,"Cloves (whole stems), raw",5.99,0.0,0.0,False,False,False
Seychelles,2020,"Cloves (whole stems), raw",5.21,0.0,0.0,False,False,False
Seychelles,2021,"Cloves (whole stems), raw",7.45,0.0,0.0,False,False,False
Seychelles,2022,"Cloves (whole stems), raw",12.28,0.0,0.0,False,False,False
Seychelles,2023,"Cloves (whole stems), raw",9.78,0.0,0.0,False,False,False
Sierra Leone,2017,"Cloves (whole stems), raw",0.01,18.56,0.0,False,True,False
Sierra Leone,2018,"Cloves (whole stems), raw",1.02,0.0,0.0,True,False,False
Sierra Leone,2019,"Cloves (whole stems), raw",0.01,0.0,0.0,False,False,False
Sierra Leone,2020,"Cloves (whole stems), raw",0.26,0.02,0.0,False,False,False
Sierra Leone,2021,"Cloves (whole stems), raw",0.12,2.0,0.0,False,True,False
Sierra Leone,2022,"Cloves (whole stems), raw",0.08,0.0,0.0,False,False,False
Sierra Leone,2023,"Cloves (whole stems), raw",0.19,0.0,0.0,False,False,False
Singapore,1993,"Cloves (whole stems), raw",13886.0,14291.0,0.0,False,False,False
Singapore,1994,"Cloves (whole stems), raw",13270.0,15221.0,0.0,False,False,False
Singapore,1995,"Cloves (whole stems), raw",14731.0,12970.0,0.0,False,False,False
Singapore,1996,"Cloves (whole stems), raw",5322.0,10987.0,0.0,True,False,False
Singapore,1997,"Cloves (whole stems), raw",13433.0,11992.0,0.0,False,False,False
Singapore,1998,"Cloves (whole stems), raw",9215.0,28227.0,0.0,False,True,False
Singapore,1999,"Cloves (whole stems), raw",11800.0,4432.0,0.0,False,False,False
Singapore,2000,"Cloves (whole stems), raw",14933.02,6585.8,0.0,False,False,False
Singapore,2001,"Cloves (whole stems), raw",19101.0,6775.0,0.0,False,False,False
Singapore,2002,"Cloves (whole stems), raw",6880.0,8485.0,0.0,False,False,False
Singapore,2003,"Cloves (whole stems), raw",17177.0,13332.0,0.0,False,False,False
Singapore,2004,"Cloves (whole stems), raw",21416.0,15007.0,0.0,False,False,False
Singapore,2005,"Cloves (whole stems), raw",11085.0,11762.0,0.0,False,False,False
Singapore,2006,"Cloves (whole stems), raw",10522.0,8347.0,0.0,False,False,False
Singapore,2007,"Cloves (whole stems), raw",10890.0,10138.0,0.0,False,False,False
Singapore,2008,"Cloves (whole stems), raw",9595.0,6283.0,0.0,False,False,False
Singapore,2009,"Cloves (whole stems), raw",14309.0,11565.0,0.0,False,False,False
Singapore,2010,"Cloves (whole stems), raw",5501.0,5926.0,0.0,False,False,False
Singapore,2011,"Cloves (whole stems), raw",17634.0,7023.0,0.0,False,False,False
Singapore,2012,"Cloves (whole stems), raw",10477.0,9372.0,0.0,False,False,False
Singapore,2013,"Cloves (whole stems), raw",6007.0,4019.0,0.0,False,False,False
Singapore,2014,"Cloves (whole stems), raw",5209.89,11027.9,0.0,False,False,False
Singapore,2015,"Cloves (whole stems), raw",5032.8,4419.07,0.0,False,False,False
Singapore,2016,"Cloves (whole stems), raw",11111.08,9427.22,0.0,False,False,False
Singapore,2017,"Cloves (whole stems), raw",13598.42,11800.65,0.0,False,False,False
Singapore,2018,"Cloves (whole stems), raw",10405.6,10429.08,0.0,False,False,False
Singapore,2019,"Cloves (whole stems), raw",3041.5,4236.36,0.0,False,False,False
Singapore,2020,"Cloves (whole stems), raw",3472.0,4692.98,0.0,False,False,False
Singapore,2021,"Cloves (whole stems), raw",6527.3,3947.38,0.0,False,False,False
Singapore,2022,"Cloves (whole stems), raw",11603.97,10997.43,0.0,False,False,False
Singapore,2023,"Cloves (whole stems), raw",7014.99,7691.48,0.0,False,False,False
Slovakia,1993,"Cloves (whole stems), raw",36.0,0.0,0.0,False,False,False
Slovakia,1994,"Cloves (whole stems), raw",19.0,2.0,0.0,False,False,False
Slovakia,1995,"Cloves (whole stems), raw",11.0,2.0,0.0,False,False,False
Slovakia,1996,"Cloves (whole stems), raw",13.0,0.0,0.0,False,False,False
Slovakia,1997,"Cloves (whole stems), raw",13.0,0.0,0.0,False,False,False
Slovakia,1998,"Cloves (whole stems), raw",11.0,0.0,0.0,False,False,False
Slovakia,1999,"Cloves (whole stems), raw",13.0,0.0,0.0,False,False,False
Slovakia,2000,"Cloves (whole stems), raw",31.0,0.0,0.0,False,False,False
Slovakia,2001,"Cloves (whole stems), raw",26.0,0.0,0.0,False,False,False
Slovakia,2002,"Cloves (whole stems), raw",33.0,0.0,0.0,False,False,False
Slovakia,2003,"Cloves (whole stems), raw",16.0,0.0,0.0,False,False,False
Slovakia,2004,"Cloves (whole stems), raw",16.0,0.0,0.0,False,False,False
Slovakia,2005,"Cloves (whole stems), raw",14.0,0.0,0.0,False,False,False
Slovakia,2006,"Cloves (whole stems), raw",12.0,0.0,0.0,False,False,False
Slovakia,2007,"Cloves (whole stems), raw",26.0,0.0,0.0,True,False,False
Slovakia,2008,"Cloves (whole stems), raw",13.0,0.0,0.0,False,False,False
Slovakia,2009,"Cloves (whole stems), raw",16.0,0.0,0.0,False,False,False
Slovakia,2010,"Cloves (whole stems), raw",13.0,2.0,0.0,False,False,False
Slovakia,2011,"Cloves (whole stems), raw",17.0,1.0,0.0,False,False,False
Slovakia,2012,"Cloves (whole stems), raw",15.0,2.0,0.0,False,False,False
Slovakia,2013,"Cloves (whole stems), raw",23.0,9.0,0.0,False,False,False
Slovakia,2014,"Cloves (whole stems), raw",16.37,8.85,0.0,False,False,False
Slovakia,2015,"Cloves (whole stems), raw",19.23,4.62,0.0,False,False,False
Slovakia,2016,"Cloves (whole stems), raw",12.22,3.67,0.0,False,False,False
Slovakia,2017,"Cloves (whole stems), raw",14.72,4.55,0.0,False,False,False
Slovakia,2018,"Cloves (whole stems), raw",30.3,5.13,0.0,False,False,False
Slovakia,2019,"Cloves (whole stems), raw",35.67,4.89,0.0,False,False,False
Slovakia,2020,"Cloves (whole stems), raw",38.24,8.18,0.0,False,False,False
Slovakia,2021,"Cloves (whole stems), raw",30.83,7.58,0.0,False,False,False
Slovakia,2022,"Cloves (whole stems), raw",30.06,6.14,0.0,False,False,False
Slovakia,2023,"Cloves (whole stems), raw",27.23,5.24,0.0,False,False,False
Slovenia,1993,"Cloves (whole stems), raw",4.0,2.0,0.0,False,False,False
Slovenia,1994,"Cloves (whole stems), raw",9.0,2.0,0.0,False,False,False
Slovenia,1995,"Cloves (whole stems), raw",7.0,1.0,0.0,False,False,False
Slovenia,1996,"Cloves (whole stems), raw",6.0,2.0,0.0,False,False,False
Slovenia,1997,"Cloves (whole stems), raw",9.0,2.0,0.0,False,False,False
Slovenia,1998,"Cloves (whole stems), raw",7.0,1.0,0.0,False,False,False
Slovenia,1999,"Cloves (whole stems), raw",10.0,0.0,0.0,False,False,False
Slovenia,2000,"Cloves (whole stems), raw",15.74,0.01,0.0,False,False,False
Slovenia,2001,"Cloves (whole stems), raw",4.0,2.0,0.0,False,False,False
Slovenia,2002,"Cloves (whole stems), raw",12.0,2.0,0.0,False,False,False
Slovenia,2003,"Cloves (whole stems), raw",11.0,3.0,0.0,False,False,False
Slovenia,2004,"Cloves (whole stems), raw",9.0,1.0,0.0,False,False,False
Slovenia,2005,"Cloves (whole stems), raw",6.0,1.0,0.0,False,False,False
Slovenia,2006,"Cloves (whole stems), raw",11.0,1.0,0.0,False,False,False
Slovenia,2007,"Cloves (whole stems), raw",6.0,2.0,0.0,False,True,False
Slovenia,2008,"Cloves (whole stems), raw",5.0,1.0,0.0,False,False,False
Slovenia,2009,"Cloves (whole stems), raw",8.0,0.0,0.0,False,False,False
Slovenia,2010,"Cloves (whole stems), raw",9.0,1.0,0.0,False,False,False
Slovenia,2011,"Cloves (whole stems), raw",7.0,0.0,0.0,False,False,False
Slovenia,2012,"Cloves (whole stems), raw",7.0,1.0,0.0,False,False,False
Slovenia,2013,"Cloves (whole stems), raw",8.0,3.0,0.0,False,False,False
Slovenia,2014,"Cloves (whole stems), raw",6.13,1.28,0.0,False,False,False
Slovenia,2015,"Cloves (whole stems), raw",7.83,2.56,0.0,False,False,False
Slovenia,2016,"Cloves (whole stems), raw",12.33,7.3,0.0,False,True,False
Slovenia,2017,"Cloves (whole stems), raw",12.35,4.01,0.0,False,False,False
Slovenia,2018,"Cloves (whole stems), raw",7.68,1.78,0.0,False,False,False
Slovenia,2019,"Cloves (whole stems), raw",9.09,2.79,0.0,False,False,False
Slovenia,2020,"Cloves (whole stems), raw",9.22,4.03,0.0,False,False,False
Slovenia,2021,"Cloves (whole stems), raw",5.54,0.15,0.0,False,False,False
Slovenia,2022,"Cloves (whole stems), raw",6.98,0.55,0.0,False,False,False
Slovenia,2023,"Cloves (whole stems), raw",11.28,5.59,0.0,False,False,False
Solomon Islands,2011,"Cloves (whole stems), raw",0.0,0.0,0.0,False,False,False
Solomon Islands,2012,"Cloves (whole stems), raw",0.0,0.0,0.0,False,False,False
Solomon Islands,2013,"Cloves (whole stems), raw",0.0,0.0,0.0,False,False,False
Solomon Islands,2014,"Cloves (whole stems), raw",0.0,0.0,0.0,False,False,False
Solomon Islands,2015,"Cloves (whole stems), raw",0.13,0.0,0.0,True,False,False
Solomon Islands,2016,"Cloves (whole stems), raw",0.02,0.0,0.0,False,False,False
Solomon Islands,2019,"Cloves (whole stems), raw",0.01,0.0,0.0,False,False,False
Solomon Islands,2020,"Cloves (whole stems), raw",0.01,0.0,0.0,False,False,False
Solomon Islands,2022,"Cloves (whole stems), raw",2.3,0.0,0.0,True,False,False
Solomon Islands,2023,"Cloves (whole stems), raw",0.01,0.0,0.0,False,False,False
Somalia,2014,"Cloves (whole stems), raw",11.05,0.0,0.0,False,False,False
Somalia,2015,"Cloves (whole stems), raw",5.05,0.0,0.0,False,False,False
Somalia,2016,"Cloves (whole stems), raw",1.08,0.0,0.0,False,False,False
Somalia,2017,"Cloves (whole stems), raw",10.42,0.0,0.0,False,False,False
Somalia,2018,"Cloves (whole stems), raw",67.09,0.0,0.0,False,False,False
Somalia,2019,"Cloves (whole stems), raw",69.59,0.0,0.0,False,False,False
Somalia,2020,"Cloves (whole stems), raw",145.37,0.0,0.0,False,False,False
Somalia,2021,"Cloves (whole stems), raw",308.12,0.0,0.0,False,False,False
Somalia,2022,"Cloves (whole stems), raw",210.17,0.0,0.0,False,False,False
Somalia,2023,"Cloves (whole stems), raw",176.09,0.0,0.0,False,False,False
South Africa,1993,"Cloves (whole stems), raw",208.0,1.0,0.0,False,False,False
South Africa,1994,"Cloves (whole stems), raw",640.0,3.0,0.0,True,False,False
South Africa,1995,"Cloves (whole stems), raw",329.0,14.0,0.0,False,True,False
South Africa,1996,"Cloves (whole stems), raw",235.0,5.0,0.0,False,False,False
South Africa,1997,"Cloves (whole stems), raw",216.0,5.0,0.0,False,False,False
South Africa,1998,"Cloves (whole stems), raw",254.0,4.0,0.0,False,False,False
South Africa,1999,"Cloves (whole stems), raw",272.0,1.0,0.0,False,False,False
South Africa,2000,"Cloves (whole stems), raw",241.96,6.68,0.0,False,False,False
South Africa,2001,"Cloves (whole stems), raw",221.0,1.0,0.0,False,False,False
South Africa,2002,"Cloves (whole stems), raw",281.0,1.0,0.0,False,False,False
South Africa,2003,"Cloves (whole stems), raw",272.0,13.0,0.0,False,True,False
South Africa,2004,"Cloves (whole stems), raw",270.0,1.0,0.0,False,False,False
South Africa,2005,"Cloves (whole stems), raw",314.0,1.0,0.0,False,False,False
South Africa,2006,"Cloves (whole stems), raw",304.0,3.0,0.0,False,False,False
South Africa,2007,"Cloves (whole stems), raw",353.0,4.0,0.0,True,False,False
South Africa,2008,"Cloves (whole stems), raw",290.0,3.0,0.0,False,False,False
South Africa,2009,"Cloves (whole stems), raw",304.0,3.0,0.0,False,False,False
South Africa,2010,"Cloves (whole stems), raw",310.0,3.0,0.0,False,False,False
South Africa,2011,"Cloves (whole stems), raw",381.0,4.0,0.0,False,False,False
South Africa,2012,"Cloves (whole stems), raw",332.0,2.0,0.0,False,False,False
South Africa,2013,"Cloves (whole stems), raw",311.0,7.0,0.0,False,False,False
South Africa,2014,"Cloves (whole stems), raw",441.35,19.73,0.0,False,False,False
South Africa,2015,"Cloves (whole stems), raw",358.06,16.18,0.0,False,False,False
South Africa,2016,"Cloves (whole stems), raw",429.1,7.91,0.0,False,False,False
South Africa,2017,"Cloves (whole stems), raw",347.0,9.68,0.0,False,False,False
South Africa,2018,"Cloves (whole stems), raw",439.78,12.09,0.0,False,False,False
South Africa,2019,"Cloves (whole stems), raw",380.41,6.85,0.0,False,False,False
South Africa,2020,"Cloves (whole stems), raw",492.87,21.98,0.0,False,False,False
South Africa,2021,"Cloves (whole stems), raw",420.72,13.98,0.0,False,False,False
South Africa,2022,"Cloves (whole stems), raw",385.84,36.28,0.0,False,False,False
South Africa,2023,"Cloves (whole stems), raw",396.29,29.87,0.0,False,False,False
South Sudan,2012,"Cloves (whole stems), raw",0.0,0.0,0.0,False,False,False
South Sudan,2013,"Cloves (whole stems), raw",0.0,0.0,0.0,False,False,False
South Sudan,2014,"Cloves (whole stems), raw",15.53,0.0,0.0,False,False,False
South Sudan,2015,"Cloves (whole stems), raw",11.95,0.0,0.0,False,False,False
South Sudan,2016,"Cloves (whole stems), raw",0.45,0.0,0.0,False,False,False
South Sudan,2017,"Cloves (whole stems), raw",1.25,0.0,0.0,False,False,False
South Sudan,2018,"Cloves (whole stems), raw",9.15,0.0,0.0,False,False,False
South Sudan,2019,"Cloves (whole stems), raw",1.93,0.0,0.0,False,False,False
South Sudan,2020,"Cloves (whole stems), raw",5.24,0.0,0.0,False,False,False
South Sudan,2021,"Cloves (whole stems), raw",75.2,0.0,0.0,False,False,False
South Sudan,2022,"Cloves (whole stems), raw",175.57,0.0,0.0,False,False,False
South Sudan,2023,"Cloves (whole stems), raw",90.83,0.0,0.0,False,False,False
Spain,1993,"Cloves (whole stems), raw",96.0,2.0,0.0,False,False,False
Spain,1994,"Cloves (whole stems), raw",100.0,4.0,0.0,False,False,False
Spain,1995,"Cloves (whole stems), raw",116.0,2.0,0.0,False,False,False
Spain,1996,"Cloves (whole stems), raw",113.0,5.0,0.0,False,False,False
Spain,1997,"Cloves (whole stems), raw",77.0,6.0,0.0,False,False,False
Spain,1998,"Cloves (whole stems), raw",101.0,4.0,0.0,False,False,False
Spain,1999,"Cloves (whole stems), raw",70.0,1.0,0.0,False,False,False
Spain,2000,"Cloves (whole stems), raw",35.0,1.0,0.0,False,False,False
Spain,2001,"Cloves (whole stems), raw",43.0,11.0,0.0,False,False,False
Spain,2002,"Cloves (whole stems), raw",79.0,7.0,0.0,False,False,False
Spain,2003,"Cloves (whole stems), raw",176.0,47.0,0.0,False,False,False
Spain,2004,"Cloves (whole stems), raw",84.0,40.0,0.0,False,False,False
Spain,2005,"Cloves (whole stems), raw",80.0,21.0,0.0,False,False,False
Spain,2006,"Cloves (whole stems), raw",158.0,35.0,0.0,False,False,False
Spain,2007,"Cloves (whole stems), raw",124.0,14.0,0.0,False,False,False
Spain,2008,"Cloves (whole stems), raw",126.0,7.0,0.0,False,False,False
Spain,2009,"Cloves (whole stems), raw",149.0,13.0,0.0,False,False,False
Spain,2010,"Cloves (whole stems), raw",117.0,15.0,0.0,False,False,False
Spain,2011,"Cloves (whole stems), raw",123.0,27.0,0.0,False,False,False
Spain,2012,"Cloves (whole stems), raw",150.0,38.0,0.0,False,False,False
Spain,2013,"Cloves (whole stems), raw",153.0,79.0,0.0,False,False,False
Spain,2014,"Cloves (whole stems), raw",237.85,118.27,0.0,False,False,False
Spain,2015,"Cloves (whole stems), raw",237.02,111.19,0.0,False,False,False
Spain,2016,"Cloves (whole stems), raw",304.11,174.12,0.0,False,False,False
Spain,2017,"Cloves (whole stems), raw",288.82,184.11,0.0,False,False,False
Spain,2018,"Cloves (whole stems), raw",306.13,173.75,0.0,False,False,False
Spain,2019,"Cloves (whole stems), raw",329.24,185.73,0.0,False,False,False
Spain,2020,"Cloves (whole stems), raw",429.73,208.52,0.0,False,False,False
Spain,2021,"Cloves (whole stems), raw",487.55,274.04,0.0,False,False,False
Spain,2022,"Cloves (whole stems), raw",397.43,342.08,0.0,False,False,False
Spain,2023,"Cloves (whole stems), raw",433.64,384.23,0.0,False,False,False
Sri Lanka,1993,"Cloves (whole stems), raw",0.0,1194.0,1500.0,False,False,False
Sri Lanka,1994,"Cloves (whole stems), raw",0.0,419.0,1400.0,False,False,False
Sri Lanka,1995,"Cloves (whole stems), raw",0.0,687.0,1500.0,False,False,False
Sri Lanka,1996,"Cloves (whole stems), raw",0.0,1371.0,1930.84,False,False,False
Sri Lanka,1997,"Cloves (whole stems), raw",0.0,2461.0,2500.0,False,False,False
Sri Lanka,1998,"Cloves (whole stems), raw",9.0,1907.0,2568.69,False,False,False
Sri Lanka,1999,"Cloves (whole stems), raw",6.0,3409.0,3500.0,False,False,False
Sri Lanka,2000,"Cloves (whole stems), raw",32.6,956.53,1500.0,False,False,False
Sri Lanka,2001,"Cloves (whole stems), raw",10.0,1964.0,2000.0,False,False,False
Sri Lanka,2002,"Cloves (whole stems), raw",37.0,4044.0,4100.0,False,False,False
Sri Lanka,2003,"Cloves (whole stems), raw",1.0,2489.0,3350.0,False,False,False
Sri Lanka,2004,"Cloves (whole stems), raw",75.0,3428.0,3270.0,False,False,False
Sri Lanka,2005,"Cloves (whole stems), raw",0.0,5517.0,3260.0,False,False,False
Sri Lanka,2006,"Cloves (whole stems), raw",40.0,2346.0,3140.0,False,False,False
Sri Lanka,2007,"Cloves (whole stems), raw",0.0,4756.0,3070.0,False,False,False
Sri Lanka,2008,"Cloves (whole stems), raw",7.0,7404.0,3990.0,False,False,False
Sri Lanka,2009,"Cloves (whole stems), raw",3.0,2915.0,3790.0,False,False,False
Sri Lanka,2010,"Cloves (whole stems), raw",10.0,8329.0,3770.0,False,False,False
Sri Lanka,2011,"Cloves (whole stems), raw",26.0,5195.0,3870.0,True,False,False
Sri Lanka,2012,"Cloves (whole stems), raw",2.0,2914.0,4250.0,False,False,False
Sri Lanka,2013,"Cloves (whole stems), raw",5.0,5478.0,3920.0,False,False,False
Sri Lanka,2014,"Cloves (whole stems), raw",13.48,1231.03,5594.0,False,False,False
Sri Lanka,2015,"Cloves (whole stems), raw",0.0,5518.76,6000.0,False,False,False
Sri Lanka,2016,"Cloves (whole stems), raw",0.0,1842.67,8298.0,False,False,False
Sri Lanka,2017,"Cloves (whole stems), raw",23.52,7805.59,7292.0,False,False,False
Sri Lanka,2018,"Cloves (whole stems), raw",67.59,2909.3,5508.0,True,False,False
Sri Lanka,2019,"Cloves (whole stems), raw",13.56,5115.25,4377.0,False,False,False
Sri Lanka,2020,"Cloves (whole stems), raw",0.0,2845.39,6710.6,False,False,False
Sri Lanka,2021,"Cloves (whole stems), raw",10.01,6478.97,5706.1,False,False,False
Sri Lanka,2022,"Cloves (whole stems), raw",0.0,2325.13,5722.0,False,False,False
Sri Lanka,2023,"Cloves (whole stems), raw",10.0,5841.75,5899.0,False,False,False
Sudan,2012,"Cloves (whole stems), raw",135.0,0.0,0.0,False,False,False
Sudan,2013,"Cloves (whole stems), raw",116.0,0.0,0.0,False,False,False
Sudan,2014,"Cloves (whole stems), raw",160.74,0.0,0.0,False,False,False
Sudan,2016,"Cloves (whole stems), raw",237.46,0.0,0.0,False,False,False
Sudan,2017,"Cloves (whole stems), raw",299.61,0.0,0.0,False,False,False
Sudan,2018,"Cloves (whole stems), raw",299.5,0.0,0.0,False,False,False
Sudan,2019,"Cloves (whole stems), raw",599.53,0.0,0.0,False,False,False
Sudan,2020,"Cloves (whole stems), raw",427.56,0.0,0.0,False,False,False
Sudan,2021,"Cloves (whole stems), raw",262.19,0.01,0.0,False,False,False
Sudan,2022,"Cloves (whole stems), raw",608.78,0.0,0.0,False,False,False
Sudan,2023,"Cloves (whole stems), raw",431.18,0.14,0.0,False,True,False
Sudan (former),1993,"Cloves (whole stems), raw",0.0,0.0,0.0,False,False,False
Sudan (former),1994,"Cloves (whole stems), raw",0.0,0.0,0.0,False,False,False
Sudan (former),1995,"Cloves (whole stems), raw",0.0,0.0,0.0,False,False,False
Sudan (former),1996,"Cloves (whole stems), raw",0.0,0.0,0.0,False,False,False
Sudan (former),1997,"Cloves (whole stems), raw",181.0,0.0,0.0,False,False,False
Sudan (former),1998,"Cloves (whole stems), raw",168.0,0.0,0.0,False,False,False
Sudan (former),1999,"Cloves (whole stems), raw",67.0,0.0,0.0,False,False,False
Sudan (former),2000,"Cloves (whole stems), raw",94.0,0.0,0.0,False,False,False
Sudan (former),2001,"Cloves (whole stems), raw",68.0,0.0,0.0,False,False,False
Sudan (former),2002,"Cloves (whole stems), raw",101.0,0.0,0.0,False,False,False
Sudan (former),2003,"Cloves (whole stems), raw",81.0,0.0,0.0,False,False,False
Sudan (former),2004,"Cloves (whole stems), raw",81.0,0.0,0.0,False,False,False
Sudan (former),2005,"Cloves (whole stems), raw",165.0,0.0,0.0,False,False,False
Sudan (former),2006,"Cloves (whole stems), raw",208.0,0.0,0.0,False,False,False
Sudan (former),2007,"Cloves (whole stems), raw",128.0,0.0,0.0,False,False,False
Sudan (former),2008,"Cloves (whole stems), raw",174.0,0.0,0.0,False,False,False
Sudan (former),2009,"Cloves (whole stems), raw",146.0,0.0,0.0,False,False,False
Sudan (former),2010,"Cloves (whole stems), raw",188.0,0.0,0.0,False,False,False
Sudan (former),2011,"Cloves (whole stems), raw",30.0,0.0,0.0,False,False,False
Suriname,2007,"Cloves (whole stems), raw",6.0,0.0,0.0,False,False,False
Suriname,2008,"Cloves (whole stems), raw",1.0,0.0,0.0,False,False,False
Suriname,2009,"Cloves (whole stems), raw",3.0,0.0,0.0,False,False,False
Suriname,2010,"Cloves (whole stems), raw",2.0,0.0,0.0,False,False,False
Suriname,2011,"Cloves (whole stems), raw",1.0,8.0,0.0,False,True,False
Suriname,2012,"Cloves (whole stems), raw",6.0,0.0,0.0,False,False,False
Suriname,2013,"Cloves (whole stems), raw",13.0,0.0,0.0,False,False,False
Suriname,2014,"Cloves (whole stems), raw",10.28,5.9,0.0,False,False,False
Suriname,2015,"Cloves (whole stems), raw",11.3,0.54,0.0,False,False,False
Suriname,2016,"Cloves (whole stems), raw",11.96,2.8,0.0,False,False,False
Suriname,2017,"Cloves (whole stems), raw",3.43,1.13,0.0,False,False,False
Suriname,2018,"Cloves (whole stems), raw",0.57,0.0,0.0,False,False,False
Suriname,2019,"Cloves (whole stems), raw",1.68,0.0,0.0,False,False,False
Suriname,2020,"Cloves (whole stems), raw",0.75,0.0,0.0,False,False,False
Suriname,2021,"Cloves (whole stems), raw",0.08,0.0,0.0,False,False,False
Suriname,2022,"Cloves (whole stems), raw",0.14,0.0,0.0,False,False,False
Suriname,2023,"Cloves (whole stems), raw",0.7,0.0,0.0,False,False,False
Sweden,1993,"Cloves (whole stems), raw",84.0,7.0,0.0,False,False,False
Sweden,1994,"Cloves (whole stems), raw",91.0,8.0,0.0,False,False,False
Sweden,1995,"Cloves (whole stems), raw",79.0,4.0,0.0,False,True,False
Sweden,1996,"Cloves (whole stems), raw",82.0,9.0,0.0,False,False,False
Sweden,1997,"Cloves (whole stems), raw",92.0,9.0,0.0,False,False,False
Sweden,1998,"Cloves (whole stems), raw",96.0,10.0,0.0,False,True,False
Sweden,1999,"Cloves (whole stems), raw",71.0,9.0,0.0,False,False,False
Sweden,2000,"Cloves (whole stems), raw",103.0,9.0,0.0,False,False,False
Sweden,2001,"Cloves (whole stems), raw",87.0,8.0,0.0,False,False,False
Sweden,2002,"Cloves (whole stems), raw",91.0,3.0,0.0,False,False,False
Sweden,2003,"Cloves (whole stems), raw",78.0,13.0,0.0,False,False,False
Sweden,2004,"Cloves (whole stems), raw",89.0,19.0,0.0,False,False,False
Sweden,2005,"Cloves (whole stems), raw",88.0,29.0,0.0,False,False,False
Sweden,2006,"Cloves (whole stems), raw",102.0,17.0,0.0,False,False,False
Sweden,2007,"Cloves (whole stems), raw",156.0,23.0,0.0,False,False,False
Sweden,2008,"Cloves (whole stems), raw",148.0,41.0,0.0,False,False,False
Sweden,2009,"Cloves (whole stems), raw",140.0,48.0,0.0,False,False,False
Sweden,2010,"Cloves (whole stems), raw",137.0,46.0,0.0,False,False,False
Sweden,2011,"Cloves (whole stems), raw",166.0,36.0,0.0,False,False,False
Sweden,2012,"Cloves (whole stems), raw",154.0,44.0,0.0,False,False,False
Sweden,2013,"Cloves (whole stems), raw",127.0,32.0,0.0,False,False,False
Sweden,2014,"Cloves (whole stems), raw",126.91,40.65,0.0,False,False,False
Sweden,2015,"Cloves (whole stems), raw",116.08,36.04,0.0,False,False,False
Sweden,2016,"Cloves (whole stems), raw",126.64,35.97,0.0,False,False,False
Sweden,2017,"Cloves (whole stems), raw",137.27,30.63,0.0,False,False,False
Sweden,2018,"Cloves (whole stems), raw",166.1,18.99,0.0,False,False,False
Sweden,2019,"Cloves (whole stems), raw",137.83,27.1,0.0,False,False,False
Sweden,2020,"Cloves (whole stems), raw",112.11,30.57,0.0,False,False,False
Sweden,2021,"Cloves (whole stems), raw",94.46,24.62,0.0,False,False,False
Sweden,2022,"Cloves (whole stems), raw",144.2,27.94,0.0,False,False,False
Sweden,2023,"Cloves (whole stems), raw",116.1,16.26,0.0,False,False,False
Switzerland,1993,"Cloves (whole stems), raw",35.0,1.0,0.0,False,False,False
Switzerland,1994,"Cloves (whole stems), raw",63.0,7.0,0.0,True,True,False
Switzerland,1995,"Cloves (whole stems), raw",24.0,0.0,0.0,False,False,False
Switzerland,1996,"Cloves (whole stems), raw",36.0,0.0,0.0,False,False,False
Switzerland,1997,"Cloves (whole stems), raw",31.0,2.0,0.0,False,False,False
Switzerland,1998,"Cloves (whole stems), raw",46.0,1.0,0.0,True,False,False
Switzerland,1999,"Cloves (whole stems), raw",34.0,0.0,0.0,False,False,False
Switzerland,2000,"Cloves (whole stems), raw",34.78,2.27,0.0,False,False,False
Switzerland,2001,"Cloves (whole stems), raw",32.0,0.0,0.0,False,False,False
Switzerland,2002,"Cloves (whole stems), raw",36.0,1.0,0.0,False,False,False
Switzerland,2003,"Cloves (whole stems), raw",40.0,1.0,0.0,False,False,False
Switzerland,2004,"Cloves (whole stems), raw",23.0,2.0,0.0,False,False,False
Switzerland,2005,"Cloves (whole stems), raw",28.0,2.0,0.0,False,False,False
Switzerland,2006,"Cloves (whole stems), raw",29.0,0.0,0.0,False,False,False
Switzerland,2007,"Cloves (whole stems), raw",32.0,0.0,0.0,False,False,False
Switzerland,2008,"Cloves (whole stems), raw",31.0,2.0,0.0,False,False,False
Switzerland,2009,"Cloves (whole stems), raw",27.0,0.0,0.0,False,False,False
Switzerland,2010,"Cloves (whole stems), raw",39.0,1.0,0.0,True,False,False
Switzerland,2011,"Cloves (whole stems), raw",29.0,3.0,0.0,False,False,False
Switzerland,2012,"Cloves (whole stems), raw",33.0,0.0,0.0,False,False,False
Switzerland,2013,"Cloves (whole stems), raw",31.0,0.0,0.0,False,False,False
Switzerland,2014,"Cloves (whole stems), raw",33.91,0.78,0.0,False,False,False
Switzerland,2015,"Cloves (whole stems), raw",34.47,0.12,0.0,False,False,False
Switzerland,2016,"Cloves (whole stems), raw",32.09,0.15,0.0,False,False,False
Switzerland,2017,"Cloves (whole stems), raw",30.18,0.68,0.0,False,False,False
Switzerland,2018,"Cloves (whole stems), raw",33.79,0.42,0.0,False,False,False
Switzerland,2019,"Cloves (whole stems), raw",26.14,0.94,0.0,False,False,False
Switzerland,2020,"Cloves (whole stems), raw",35.88,2.17,0.0,False,False,False
Switzerland,2021,"Cloves (whole stems), raw",34.58,0.09,0.0,False,False,False
Switzerland,2022,"Cloves (whole stems), raw",42.17,0.79,0.0,True,False,False
Switzerland,2023,"Cloves (whole stems), raw",36.88,2.55,0.0,False,False,False
Syrian Arab Republic,1993,"Cloves (whole stems), raw",400.0,0.0,0.0,True,False,False
Syrian Arab Republic,1994,"Cloves (whole stems), raw",127.0,0.0,0.0,False,False,False
Syrian Arab Republic,1995,"Cloves (whole stems), raw",59.0,0.0,0.0,False,False,False
Syrian Arab Republic,1996,"Cloves (whole stems), raw",75.0,0.0,0.0,False,False,False
Syrian Arab Republic,1997,"Cloves (whole stems), raw",292.0,0.0,0.0,False,False,False
Syrian Arab Republic,1998,"Cloves (whole stems), raw",211.0,0.0,0.0,False,False,False
Syrian Arab Republic,1999,"Cloves (whole stems), raw",150.0,0.0,0.0,False,False,False
Syrian Arab Republic,2000,"Cloves (whole stems), raw",190.0,0.0,0.0,False,False,False
Syrian Arab Republic,2001,"Cloves (whole stems), raw",190.0,0.0,0.0,False,False,False
Syrian Arab Republic,2002,"Cloves (whole stems), raw",0.0,0.0,0.0,False,False,False
Syrian Arab Republic,2003,"Cloves (whole stems), raw",171.0,0.0,0.0,False,False,False
Syrian Arab Republic,2004,"Cloves (whole stems), raw",0.0,0.0,0.0,False,False,False
Syrian Arab Republic,2005,"Cloves (whole stems), raw",373.0,1.0,0.0,False,True,False
Syrian Arab Republic,2006,"Cloves (whole stems), raw",184.0,0.0,0.0,False,False,False
Syrian Arab Republic,2007,"Cloves (whole stems), raw",255.0,0.0,0.0,False,False,False
Syrian Arab Republic,2008,"Cloves (whole stems), raw",434.0,0.0,0.0,False,False,False
Syrian Arab Republic,2009,"Cloves (whole stems), raw",147.0,0.0,0.0,False,False,False
Syrian Arab Republic,2010,"Cloves (whole stems), raw",372.0,27.0,0.0,False,True,False
Syrian Arab Republic,2011,"Cloves (whole stems), raw",43.0,0.0,0.0,False,False,False
Syrian Arab Republic,2012,"Cloves (whole stems), raw",24.0,0.0,0.0,False,False,False
Syrian Arab Republic,2013,"Cloves (whole stems), raw",132.0,0.0,0.0,False,False,False
Syrian Arab Republic,2014,"Cloves (whole stems), raw",221.47,0.19,0.0,False,False,False
Syrian Arab Republic,2015,"Cloves (whole stems), raw",244.22,10.0,0.0,False,False,False
Syrian Arab Republic,2016,"Cloves (whole stems), raw",313.6,2.96,0.0,False,False,False
Syrian Arab Republic,2017,"Cloves (whole stems), raw",142.57,89.01,0.0,False,False,False
Syrian Arab Republic,2018,"Cloves (whole stems), raw",314.11,12.33,0.0,False,False,False
Syrian Arab Republic,2019,"Cloves (whole stems), raw",139.38,37.45,0.0,False,False,False
Syrian Arab Republic,2020,"Cloves (whole stems), raw",377.92,50.45,0.0,False,False,False
Syrian Arab Republic,2021,"Cloves (whole stems), raw",257.46,2.29,0.0,False,False,False
Syrian Arab Republic,2022,"Cloves (whole stems), raw",109.55,2.47,0.0,False,False,False
Syrian Arab Republic,2023,"Cloves (whole stems), raw",482.36,2.31,0.0,False,False,False
Tajikistan,2014,"Cloves (whole stems), raw",0.01,0.0,0.0,False,False,False
Tajikistan,2015,"Cloves (whole stems), raw",0.04,0.0,0.0,False,False,False
Tajikistan,2016,"Cloves (whole stems), raw",0.07,0.0,0.0,True,False,False
Tajikistan,2017,"Cloves (whole stems), raw",0.02,0.0,0.0,False,False,False
Tajikistan,2018,"Cloves (whole stems), raw",0.02,0.0,0.0,False,False,False
Tajikistan,2019,"Cloves (whole stems), raw",0.03,0.0,0.0,False,False,False
Tajikistan,2020,"Cloves (whole stems), raw",0.66,0.0,0.0,True,False,False
Tajikistan,2021,"Cloves (whole stems), raw",0.04,0.0,0.0,False,False,False
Tajikistan,2022,"Cloves (whole stems), raw",0.09,0.0,0.0,False,False,False
Thailand,1993,"Cloves (whole stems), raw",60.0,13.0,0.0,True,False,False
Thailand,1994,"Cloves (whole stems), raw",32.0,1.0,0.0,False,False,False
Thailand,1995,"Cloves (whole stems), raw",31.0,0.0,0.0,False,False,False
Thailand,1996,"Cloves (whole stems), raw",24.0,7.0,0.0,False,False,False
Thailand,1997,"Cloves (whole stems), raw",45.0,7.0,0.0,False,False,False
Thailand,1998,"Cloves (whole stems), raw",52.0,10.0,0.0,False,False,False
Thailand,1999,"Cloves (whole stems), raw",12.0,10.0,0.0,False,False,False
Thailand,2000,"Cloves (whole stems), raw",200.0,15.0,0.0,False,False,False
Thailand,2001,"Cloves (whole stems), raw",266.0,1.0,0.0,False,False,False
Thailand,2002,"Cloves (whole stems), raw",674.0,2.0,0.0,True,False,False
Thailand,2003,"Cloves (whole stems), raw",52.0,0.0,0.0,False,False,False
Thailand,2004,"Cloves (whole stems), raw",48.0,0.0,0.0,False,False,False
Thailand,2005,"Cloves (whole stems), raw",57.0,0.0,0.0,False,False,False
Thailand,2006,"Cloves (whole stems), raw",36.0,0.0,0.0,False,False,False
Thailand,2007,"Cloves (whole stems), raw",93.0,8.0,0.0,False,False,False
Thailand,2008,"Cloves (whole stems), raw",74.0,0.0,0.0,False,False,False
Thailand,2009,"Cloves (whole stems), raw",107.0,23.0,0.0,False,True,False
Thailand,2010,"Cloves (whole stems), raw",80.0,0.0,0.0,False,False,False
Thailand,2011,"Cloves (whole stems), raw",65.0,2.0,0.0,False,False,False
Thailand,2012,"Cloves (whole stems), raw",86.0,2.0,0.0,False,False,False
Thailand,2013,"Cloves (whole stems), raw",108.0,0.0,0.0,False,False,False
Thailand,2014,"Cloves (whole stems), raw",87.6,2.21,0.0,False,False,False
Thailand,2015,"Cloves (whole stems), raw",105.98,0.06,0.0,False,False,False
Thailand,2016,"Cloves (whole stems), raw",94.63,1.99,0.0,False,False,False
Thailand,2017,"Cloves (whole stems), raw",74.68,0.17,0.0,False,False,False
Thailand,2018,"Cloves (whole stems), raw",107.79,0.12,0.0,False,False,False
Thailand,2019,"Cloves (whole stems), raw",127.89,0.0,0.0,True,False,False
Thailand,2020,"Cloves (whole stems), raw",88.12,2.34,0.0,False,False,False
Thailand,2021,"Cloves (whole stems), raw",98.36,0.0,0.0,False,False,False
Thailand,2022,"Cloves (whole stems), raw",88.09,1.02,0.0,False,False,False
Thailand,2023,"Cloves (whole stems), raw",119.38,1.94,0.0,False,False,False
Timor-Leste,2014,"Cloves (whole stems), raw",0.08,0.0,0.0,False,False,False
Timor-Leste,2015,"Cloves (whole stems), raw",0.02,0.34,0.0,False,False,False
Timor-Leste,2016,"Cloves (whole stems), raw",0.05,10.11,0.0,False,False,False
Timor-Leste,2017,"Cloves (whole stems), raw",0.9,10.0,0.0,True,False,False
Timor-Leste,2018,"Cloves (whole stems), raw",0.01,30.0,0.0,False,True,False
Timor-Leste,2019,"Cloves (whole stems), raw",0.05,0.0,0.0,False,False,False
Timor-Leste,2020,"Cloves (whole stems), raw",0.62,0.0,0.0,False,False,False
Timor-Leste,2021,"Cloves (whole stems), raw",0.1,10.0,0.0,False,False,False
Timor-Leste,2022,"Cloves (whole stems), raw",0.11,20.0,0.0,False,False,False
Timor-Leste,2023,"Cloves (whole stems), raw",0.15,47.34,0.0,False,False,False
Togo,1993,"Cloves (whole stems), raw",1.0,1.0,0.0,False,True,False
Togo,1994,"Cloves (whole stems), raw",0.0,0.0,0.0,False,False,False
Togo,1995,"Cloves (whole stems), raw",0.0,0.0,0.0,False,False,False
Togo,1996,"Cloves (whole stems), raw",12.0,0.0,0.0,False,False,False
Togo,1997,"Cloves (whole stems), raw",7.0,0.0,0.0,False,False,False
Togo,1998,"Cloves (whole stems), raw",14.0,0.0,0.0,False,False,False
Togo,1999,"Cloves (whole stems), raw",20.4,3.42,0.0,False,False,False
Togo,2000,"Cloves (whole stems), raw",8.86,0.0,0.0,False,False,False
Togo,2001,"Cloves (whole stems), raw",42.0,3.0,0.0,False,False,False
Togo,2002,"Cloves (whole stems), raw",95.0,0.0,0.0,False,False,False
Togo,2003,"Cloves (whole stems), raw",50.0,1.0,0.0,False,False,False
Togo,2004,"Cloves (whole stems), raw",0.0,0.0,0.0,False,False,False
Togo,2005,"Cloves (whole stems), raw",0.0,0.0,0.0,False,False,False
Togo,2006,"Cloves (whole stems), raw",0.0,0.0,0.0,False,False,False
Togo,2007,"Cloves (whole stems), raw",3.0,0.0,0.0,False,False,False
Togo,2008,"Cloves (whole stems), raw",0.0,0.0,0.0,False,False,False
Togo,2009,"Cloves (whole stems), raw",56.0,0.0,0.0,True,False,False
Togo,2010,"Cloves (whole stems), raw",40.0,0.0,0.0,False,False,False
Togo,2011,"Cloves (whole stems), raw",0.0,0.0,0.0,False,False,False
Togo,2012,"Cloves (whole stems), raw",2.0,0.0,0.0,False,False,False
Togo,2013,"Cloves (whole stems), raw",1.0,0.0,0.0,False,False,False
Togo,2016,"Cloves (whole stems), raw",18.62,0.0,0.0,False,False,False
Togo,2019,"Cloves (whole stems), raw",64.14,0.0,0.0,False,False,False
Tonga,2000,"Cloves (whole stems), raw",0.0,0.0,0.0,False,False,False
Tonga,2002,"Cloves (whole stems), raw",0.0,0.0,0.0,False,False,False
Tonga,2003,"Cloves (whole stems), raw",0.0,0.0,0.0,False,False,False
Tonga,2006,"Cloves (whole stems), raw",0.0,0.0,0.0,False,False,False
Tonga,2007,"Cloves (whole stems), raw",0.0,0.0,0.0,False,False,False
Tonga,2008,"Cloves (whole stems), raw",0.0,0.0,0.0,False,False,False
Tonga,2009,"Cloves (whole stems), raw",0.0,0.0,0.0,False,False,False
Tonga,2010,"Cloves (whole stems), raw",0.0,0.0,0.0,False,False,False
Tonga,2011,"Cloves (whole stems), raw",0.0,0.0,0.0,False,False,False
Tonga,2012,"Cloves (whole stems), raw",0.0,0.0,0.0,False,False,False
Tonga,2013,"Cloves (whole stems), raw",0.0,0.0,0.0,False,False,False
Tonga,2014,"Cloves (whole stems), raw",0.07,0.0,0.0,True,False,False
Tonga,2015,"Cloves (whole stems), raw",0.0,0.0,0.0,False,False,False
Tonga,2016,"Cloves (whole stems), raw",0.01,0.0,0.0,False,False,False
Tonga,2018,"Cloves (whole stems), raw",0.05,0.0,0.0,False,False,False
Tonga,2019,"Cloves (whole stems), raw",0.19,0.0,0.0,False,False,False
Tonga,2020,"Cloves (whole stems), raw",0.12,0.0,0.0,False,False,False
Tonga,2021,"Cloves (whole stems), raw",0.19,0.0,0.0,False,False,False
Tonga,2022,"Cloves (whole stems), raw",0.15,0.0,0.0,False,False,False
Tonga,2023,"Cloves (whole stems), raw",0.14,0.0,0.0,False,False,False
Trinidad and Tobago,1993,"Cloves (whole stems), raw",4.0,0.0,0.0,True,False,False
Trinidad and Tobago,1994,"Cloves (whole stems), raw",1.0,0.0,0.0,False,False,False
Trinidad and Tobago,1995,"Cloves (whole stems), raw",1.0,0.0,0.0,False,False,False
Trinidad and Tobago,1996,"Cloves (whole stems), raw",1.0,0.0,0.0,False,False,False
Trinidad and Tobago,1997,"Cloves (whole stems), raw",0.0,0.0,0.0,True,False,False
Trinidad and Tobago,1998,"Cloves (whole stems), raw",1.0,0.0,0.0,False,False,False
Trinidad and Tobago,1999,"Cloves (whole stems), raw",2.0,0.0,0.0,False,False,False
Trinidad and Tobago,2000,"Cloves (whole stems), raw",5.9,0.1,0.0,False,False,False
Trinidad and Tobago,2001,"Cloves (whole stems), raw",4.0,0.0,0.0,False,False,False
Trinidad and Tobago,2002,"Cloves (whole stems), raw",2.0,1.0,0.0,False,False,False
Trinidad and Tobago,2003,"Cloves (whole stems), raw",9.0,1.0,0.0,False,False,False
Trinidad and Tobago,2004,"Cloves (whole stems), raw",4.0,0.0,0.0,False,False,False
Trinidad and Tobago,2005,"Cloves (whole stems), raw",12.0,0.0,0.0,False,False,False
Trinidad and Tobago,2006,"Cloves (whole stems), raw",18.0,0.0,0.0,False,False,False
Trinidad and Tobago,2007,"Cloves (whole stems), raw",13.0,0.0,0.0,False,False,False
Trinidad and Tobago,2008,"Cloves (whole stems), raw",8.0,0.0,0.0,False,False,False
Trinidad and Tobago,2009,"Cloves (whole stems), raw",12.0,1.0,0.0,False,False,False
Trinidad and Tobago,2010,"Cloves (whole stems), raw",16.0,1.0,0.0,False,False,False
Trinidad and Tobago,2011,"Cloves (whole stems), raw",2.0,0.0,0.0,False,False,False
Trinidad and Tobago,2012,"Cloves (whole stems), raw",16.0,0.0,0.0,False,False,False
Trinidad and Tobago,2013,"Cloves (whole stems), raw",9.0,0.0,0.0,False,False,False
Trinidad and Tobago,2014,"Cloves (whole stems), raw",11.19,0.3,0.0,False,False,False
Trinidad and Tobago,2015,"Cloves (whole stems), raw",32.7,5.59,0.0,False,False,False
Trinidad and Tobago,2016,"Cloves (whole stems), raw",15.88,2.5,0.0,False,False,False
Trinidad and Tobago,2017,"Cloves (whole stems), raw",15.81,5.41,0.0,False,False,False
Trinidad and Tobago,2018,"Cloves (whole stems), raw",42.17,4.42,0.0,False,False,False
Trinidad and Tobago,2019,"Cloves (whole stems), raw",18.85,4.42,0.0,False,False,False
Trinidad and Tobago,2020,"Cloves (whole stems), raw",52.22,6.24,0.0,False,False,False
Trinidad and Tobago,2021,"Cloves (whole stems), raw",25.62,3.74,0.0,False,False,False
Trinidad and Tobago,2022,"Cloves (whole stems), raw",24.15,4.15,0.0,False,False,False
Trinidad and Tobago,2023,"Cloves (whole stems), raw",44.31,2.96,0.0,False,False,False
Tunisia,1993,"Cloves (whole stems), raw",118.0,150.0,0.0,False,False,False
Tunisia,1994,"Cloves (whole stems), raw",218.0,195.0,0.0,True,False,False
Tunisia,1995,"Cloves (whole stems), raw",73.0,9.0,0.0,True,False,False
Tunisia,1996,"Cloves (whole stems), raw",119.0,20.0,0.0,False,False,False
Tunisia,1997,"Cloves (whole stems), raw",115.0,31.0,0.0,False,False,False
Tunisia,1998,"Cloves (whole stems), raw",115.0,1.0,0.0,False,False,False
Tunisia,1999,"Cloves (whole stems), raw",0.0,19.0,0.0,False,False,False
Tunisia,2000,"Cloves (whole stems), raw",30.0,0.0,0.0,False,False,False
Tunisia,2001,"Cloves (whole stems), raw",42.0,0.0,0.0,False,False,False
Tunisia,2002,"Cloves (whole stems), raw",93.0,0.0,0.0,False,False,False
Tunisia,2003,"Cloves (whole stems), raw",73.0,0.0,0.0,False,False,False
Tunisia,2004,"Cloves (whole stems), raw",15.0,0.0,0.0,False,False,False
Tunisia,2005,"Cloves (whole stems), raw",55.0,0.0,0.0,False,False,False
Tunisia,2006,"Cloves (whole stems), raw",17.0,0.0,0.0,False,False,False
Tunisia,2007,"Cloves (whole stems), raw",99.0,0.0,0.0,False,False,False
Tunisia,2008,"Cloves (whole stems), raw",11.0,0.0,0.0,False,False,False
Tunisia,2009,"Cloves (whole stems), raw",16.0,0.0,0.0,False,False,False
Tunisia,2010,"Cloves (whole stems), raw",81.0,0.0,0.0,False,False,False
Tunisia,2011,"Cloves (whole stems), raw",25.0,0.0,0.0,False,False,False
Tunisia,2012,"Cloves (whole stems), raw",45.0,0.0,0.0,False,False,False
Tunisia,2013,"Cloves (whole stems), raw",63.0,0.0,0.0,False,False,False
Tunisia,2014,"Cloves (whole stems), raw",55.07,0.0,0.0,False,False,False
Tunisia,2015,"Cloves (whole stems), raw",33.98,0.0,0.0,False,False,False
Tunisia,2016,"Cloves (whole stems), raw",69.66,0.0,0.0,False,False,False
Tunisia,2017,"Cloves (whole stems), raw",34.25,0.0,0.0,False,False,False
Tunisia,2018,"Cloves (whole stems), raw",83.05,0.02,0.0,False,False,False
Tunisia,2019,"Cloves (whole stems), raw",104.67,0.03,0.0,False,False,False
Tunisia,2020,"Cloves (whole stems), raw",195.27,0.0,0.0,False,False,False
Tunisia,2021,"Cloves (whole stems), raw",120.78,2.18,0.0,False,False,False
Tunisia,2022,"Cloves (whole stems), raw",34.15,2.42,0.0,False,False,False
Tunisia,2023,"Cloves (whole stems), raw",63.83,0.0,0.0,False,False,False
Türkiye,1993,"Cloves (whole stems), raw",83.0,9.0,0.0,False,False,False
Türkiye,1994,"Cloves (whole stems), raw",40.0,26.0,0.0,True,True,False
Türkiye,1995,"Cloves (whole stems), raw",84.0,4.0,0.0,False,False,False
Türkiye,1996,"Cloves (whole stems), raw",104.0,3.0,0.0,False,False,False
Türkiye,1997,"Cloves (whole stems), raw",119.0,4.0,0.0,False,False,False
Türkiye,1998,"Cloves (whole stems), raw",132.0,3.0,0.0,False,False,False
Türkiye,1999,"Cloves (whole stems), raw",2.0,2.0,0.0,False,False,False
Türkiye,2000,"Cloves (whole stems), raw",48.86,6.79,0.0,False,True,False
Türkiye,2001,"Cloves (whole stems), raw",15.0,0.0,0.0,False,False,False
Türkiye,2002,"Cloves (whole stems), raw",232.0,2.0,0.0,True,False,False
Türkiye,2003,"Cloves (whole stems), raw",102.0,3.0,0.0,False,False,False
Türkiye,2004,"Cloves (whole stems), raw",63.0,4.0,0.0,False,False,False
Türkiye,2005,"Cloves (whole stems), raw",94.0,2.0,0.0,False,False,False
Türkiye,2006,"Cloves (whole stems), raw",120.0,2.0,0.0,False,False,False
Türkiye,2007,"Cloves (whole stems), raw",136.0,4.0,0.0,False,False,False
Türkiye,2008,"Cloves (whole stems), raw",83.0,1.0,0.0,False,False,False
Türkiye,2009,"Cloves (whole stems), raw",228.0,3.0,0.0,False,False,False
Türkiye,2010,"Cloves (whole stems), raw",284.0,4.0,0.0,False,False,False
Türkiye,2011,"Cloves (whole stems), raw",180.0,2.0,0.0,False,False,False
Türkiye,2012,"Cloves (whole stems), raw",202.0,3.0,0.0,False,False,False
Türkiye,2013,"Cloves (whole stems), raw",117.0,4.0,0.0,False,False,False
Türkiye,2014,"Cloves (whole stems), raw",371.78,3.48,0.0,False,False,False
Türkiye,2015,"Cloves (whole stems), raw",305.52,3.8,0.0,False,False,False
Türkiye,2016,"Cloves (whole stems), raw",175.91,9.98,0.0,False,False,False
Türkiye,2017,"Cloves (whole stems), raw",269.26,26.14,0.0,False,False,False
Türkiye,2018,"Cloves (whole stems), raw",279.11,5.36,0.0,False,False,False
Türkiye,2019,"Cloves (whole stems), raw",481.97,139.14,0.0,False,False,False
Türkiye,2020,"Cloves (whole stems), raw",723.3,152.02,0.0,False,False,False
Türkiye,2021,"Cloves (whole stems), raw",424.89,146.89,0.0,False,False,False
Türkiye,2022,"Cloves (whole stems), raw",369.74,104.07,0.0,False,True,False
Türkiye,2023,"Cloves (whole stems), raw",610.94,188.34,0.0,False,False,False
Turkmenistan,2014,"Cloves (whole stems), raw",0.12,0.0,0.0,False,False,False
Turkmenistan,2015,"Cloves (whole stems), raw",0.14,0.0,0.0,False,False,False
Turkmenistan,2016,"Cloves (whole stems), raw",2.04,22.0,0.0,True,True,False
Turkmenistan,2017,"Cloves (whole stems), raw",0.17,0.0,0.0,False,False,False
Turkmenistan,2018,"Cloves (whole stems), raw",0.06,0.0,0.0,False,False,False
Turkmenistan,2019,"Cloves (whole stems), raw",0.14,0.0,0.0,False,False,False
Turkmenistan,2020,"Cloves (whole stems), raw",1.32,0.0,0.0,False,False,False
Turkmenistan,2021,"Cloves (whole stems), raw",10.62,0.0,0.0,True,False,False
Turkmenistan,2022,"Cloves (whole stems), raw",0.5,0.0,0.0,False,False,False
Turkmenistan,2023,"Cloves (whole stems), raw",0.0,0.0,0.0,False,False,False
Tuvalu,2017,"Cloves (whole stems), raw",0.0,0.0,0.0,False,False,False
Uganda,1993,"Cloves (whole stems), raw",0.0,0.0,0.0,False,False,False
Uganda,1994,"Cloves (whole stems), raw",0.1,0.0,0.0,False,False,False
Uganda,1995,"Cloves (whole stems), raw",0.04,0.0,0.0,False,False,False
Uganda,1996,"Cloves (whole stems), raw",0.0,0.0,0.0,False,False,False
Uganda,1997,"Cloves (whole stems), raw",0.0,2.19,0.0,False,True,False
Uganda,1998,"Cloves (whole stems), raw",0.0,0.0,0.0,False,False,False
Uganda,1999,"Cloves (whole stems), raw",0.0,0.0,0.0,False,False,False
Uganda,2000,"Cloves (whole stems), raw",0.0,0.0,0.0,False,False,False
Uganda,2001,"Cloves (whole stems), raw",0.0,0.0,0.0,False,False,False
Uganda,2002,"Cloves (whole stems), raw",0.0,0.0,0.0,False,False,False
Uganda,2003,"Cloves (whole stems), raw",0.0,0.0,0.0,False,False,False
Uganda,2004,"Cloves (whole stems), raw",0.0,0.0,0.0,False,False,False
Uganda,2005,"Cloves (whole stems), raw",0.0,0.0,0.0,False,False,False
Uganda,2006,"Cloves (whole stems), raw",0.0,0.0,0.0,False,False,False
Uganda,2007,"Cloves (whole stems), raw",0.0,0.0,0.0,False,False,False
Uganda,2008,"Cloves (whole stems), raw",12.0,35.0,0.0,True,True,False
Uganda,2009,"Cloves (whole stems), raw",0.0,0.0,0.0,False,False,False
Uganda,2010,"Cloves (whole stems), raw",1.0,0.0,0.0,False,False,False
Uganda,2011,"Cloves (whole stems), raw",2.0,0.0,0.0,False,False,False
Uganda,2012,"Cloves (whole stems), raw",0.0,3.0,0.0,False,False,False
Uganda,2013,"Cloves (whole stems), raw",0.0,0.0,0.0,False,False,False
Uganda,2014,"Cloves (whole stems), raw",0.65,15.66,0.0,False,False,False
Uganda,2015,"Cloves (whole stems), raw",1.25,11.95,0.0,False,False,False
Uganda,2016,"Cloves (whole stems), raw",1.3,0.0,0.0,False,False,False
Uganda,2017,"Cloves (whole stems), raw",0.38,0.0,0.0,False,False,False
Uganda,2018,"Cloves (whole stems), raw",1.3,0.0,0.0,False,False,False
Uganda,2019,"Cloves (whole stems), raw",5.4,0.0,0.0,False,False,False
Uganda,2020,"Cloves (whole stems), raw",5.23,0.03,0.0,False,False,False
Uganda,2021,"Cloves (whole stems), raw",2.06,0.0,0.0,False,False,False
Uganda,2022,"Cloves (whole stems), raw",11.51,0.31,0.0,True,True,False
Uganda,2023,"Cloves (whole stems), raw",3.93,0.04,0.0,False,False,False
Ukraine,1994,"Cloves (whole stems), raw",69.0,2.0,0.0,False,False,False
Ukraine,1995,"Cloves (whole stems), raw",113.0,6.0,0.0,False,False,False
Ukraine,1996,"Cloves (whole stems), raw",63.0,24.0,0.0,False,False,False
Ukraine,1997,"Cloves (whole stems), raw",86.0,25.0,0.0,False,False,False
Ukraine,1998,"Cloves (whole stems), raw",254.0,16.0,0.0,True,False,False
Ukraine,1999,"Cloves (whole stems), raw",7.0,8.0,0.0,False,False,False
Ukraine,2000,"Cloves (whole stems), raw",1.0,0.0,0.0,False,False,False
Ukraine,2001,"Cloves (whole stems), raw",5.0,4.0,0.0,False,False,False
Ukraine,2002,"Cloves (whole stems), raw",8.0,0.0,0.0,False,False,False
Ukraine,2003,"Cloves (whole stems), raw",25.0,0.0,0.0,False,False,False
Ukraine,2004,"Cloves (whole stems), raw",32.0,0.0,0.0,False,False,False
Ukraine,2005,"Cloves (whole stems), raw",67.0,1.0,0.0,False,False,False
Ukraine,2006,"Cloves (whole stems), raw",16.0,1.0,0.0,False,False,False
Ukraine,2007,"Cloves (whole stems), raw",53.0,2.0,0.0,False,False,False
Ukraine,2008,"Cloves (whole stems), raw",52.0,2.0,0.0,False,False,False
Ukraine,2009,"Cloves (whole stems), raw",49.0,2.0,0.0,False,False,False
Ukraine,2010,"Cloves (whole stems), raw",58.0,2.0,0.0,False,False,False
Ukraine,2011,"Cloves (whole stems), raw",47.0,2.0,0.0,False,False,False
Ukraine,2012,"Cloves (whole stems), raw",76.0,2.0,0.0,False,False,False
Ukraine,2013,"Cloves (whole stems), raw",55.0,2.0,0.0,False,False,False
Ukraine,2014,"Cloves (whole stems), raw",38.16,1.24,0.0,False,False,False
Ukraine,2015,"Cloves (whole stems), raw",60.73,1.35,0.0,False,False,False
Ukraine,2016,"Cloves (whole stems), raw",35.52,1.14,0.0,False,False,False
Ukraine,2017,"Cloves (whole stems), raw",52.91,1.08,0.0,False,False,False
Ukraine,2018,"Cloves (whole stems), raw",89.43,2.04,0.0,False,False,False
Ukraine,2019,"Cloves (whole stems), raw",68.72,1.61,0.0,False,False,False
Ukraine,2020,"Cloves (whole stems), raw",80.25,1.85,0.0,False,False,False
Ukraine,2021,"Cloves (whole stems), raw",48.88,1.77,0.0,False,False,False
Ukraine,2022,"Cloves (whole stems), raw",71.02,1.59,0.0,False,False,False
Ukraine,2023,"Cloves (whole stems), raw",55.11,1.99,0.0,False,False,False
United Arab Emirates,1993,"Cloves (whole stems), raw",1239.0,90.0,0.0,False,True,False
United Arab Emirates,1994,"Cloves (whole stems), raw",2087.0,2018.0,0.0,False,False,False
United Arab Emirates,1995,"Cloves (whole stems), raw",4567.0,2185.0,0.0,False,False,False
United Arab Emirates,1996,"Cloves (whole stems), raw",3622.0,2723.0,0.0,False,False,False
United Arab Emirates,1997,"Cloves (whole stems), raw",1700.0,1000.0,0.0,False,False,False
United Arab Emirates,1998,"Cloves (whole stems), raw",2300.0,600.0,0.0,False,False,False
United Arab Emirates,1999,"Cloves (whole stems), raw",1100.0,250.0,0.0,False,False,False
United Arab Emirates,2000,"Cloves (whole stems), raw",1300.0,280.0,0.0,False,False,False
United Arab Emirates,2001,"Cloves (whole stems), raw",800.0,280.0,0.0,False,False,False
United Arab Emirates,2002,"Cloves (whole stems), raw",2878.0,1118.0,0.0,False,False,False
United Arab Emirates,2003,"Cloves (whole stems), raw",3910.0,2483.0,0.0,False,False,False
United Arab Emirates,2004,"Cloves (whole stems), raw",3773.0,573.0,0.0,False,False,False
United Arab Emirates,2005,"Cloves (whole stems), raw",2176.0,2915.0,0.0,False,False,False
United Arab Emirates,2006,"Cloves (whole stems), raw",4018.0,199.0,0.0,False,False,False
United Arab Emirates,2007,"Cloves (whole stems), raw",3255.0,2300.0,0.0,False,False,False
United Arab Emirates,2008,"Cloves (whole stems), raw",3135.0,1484.0,0.0,False,False,False
United Arab Emirates,2009,"Cloves (whole stems), raw",3620.0,1484.0,0.0,False,False,False
United Arab Emirates,2010,"Cloves (whole stems), raw",1723.0,1484.0,0.0,True,False,False
United Arab Emirates,2011,"Cloves (whole stems), raw",2449.0,213.0,0.0,False,False,False
United Arab Emirates,2012,"Cloves (whole stems), raw",3232.0,206.0,0.0,False,False,False
United Arab Emirates,2013,"Cloves (whole stems), raw",3683.0,349.0,0.0,False,False,False
United Arab Emirates,2014,"Cloves (whole stems), raw",5055.42,2893.74,0.0,False,False,False
United Arab Emirates,2015,"Cloves (whole stems), raw",3578.52,2903.95,0.0,False,False,False
United Arab Emirates,2016,"Cloves (whole stems), raw",2889.73,2360.71,0.0,True,False,False
United Arab Emirates,2017,"Cloves (whole stems), raw",4152.05,3370.67,0.0,False,False,False
United Arab Emirates,2018,"Cloves (whole stems), raw",3462.66,2919.96,0.0,False,False,False
United Arab Emirates,2019,"Cloves (whole stems), raw",3584.1,3341.39,0.0,False,False,False
United Arab Emirates,2020,"Cloves (whole stems), raw",4999.68,4846.32,0.0,False,False,False
United Arab Emirates,2021,"Cloves (whole stems), raw",4957.48,5416.41,0.0,False,False,False
United Arab Emirates,2022,"Cloves (whole stems), raw",6279.63,6529.58,0.0,True,True,False
United Arab Emirates,2023,"Cloves (whole stems), raw",5342.84,5490.66,0.0,False,False,False
United Kingdom of Great Britain and Northern Ireland,1993,"Cloves (whole stems), raw",373.0,9.0,0.0,False,False,False
United Kingdom of Great Britain and Northern Ireland,1994,"Cloves (whole stems), raw",358.0,33.0,0.0,False,True,False
United Kingdom of Great Britain and Northern Ireland,1995,"Cloves (whole stems), raw",282.0,5.0,0.0,False,False,False
United Kingdom of Great Britain and Northern Ireland,1996,"Cloves (whole stems), raw",298.0,11.0,0.0,False,False,False
United Kingdom of Great Britain and Northern Ireland,1997,"Cloves (whole stems), raw",366.0,9.0,0.0,False,False,False
United Kingdom of Great Britain and Northern Ireland,1998,"Cloves (whole stems), raw",292.0,30.0,0.0,False,False,False
United Kingdom of Great Britain and Northern Ireland,1999,"Cloves (whole stems), raw",346.0,81.0,0.0,False,False,False
United Kingdom of Great Britain and Northern Ireland,2000,"Cloves (whole stems), raw",745.0,63.0,0.0,False,False,False
United Kingdom of Great Britain and Northern Ireland,2001,"Cloves (whole stems), raw",642.0,98.0,0.0,False,False,False
United Kingdom of Great Britain and Northern Ireland,2002,"Cloves (whole stems), raw",353.0,32.0,0.0,False,False,False
United Kingdom of Great Britain and Northern Ireland,2003,"Cloves (whole stems), raw",273.0,32.0,0.0,False,False,False
United Kingdom of Great Britain and Northern Ireland,2004,"Cloves (whole stems), raw",293.0,31.0,0.0,False,False,False
United Kingdom of Great Britain and Northern Ireland,2005,"Cloves (whole stems), raw",242.0,24.0,0.0,False,False,False
United Kingdom of Great Britain and Northern Ireland,2006,"Cloves (whole stems), raw",287.0,31.0,0.0,False,False,False
United Kingdom of Great Britain and Northern Ireland,2007,"Cloves (whole stems), raw",279.0,20.0,0.0,False,False,False
United Kingdom of Great Britain and Northern Ireland,2008,"Cloves (whole stems), raw",260.0,23.0,0.0,False,False,False
United Kingdom of Great Britain and Northern Ireland,2009,"Cloves (whole stems), raw",326.0,23.0,0.0,False,False,False
United Kingdom of Great Britain and Northern Ireland,2010,"Cloves (whole stems), raw",326.0,24.0,0.0,False,False,False
United Kingdom of Great Britain and Northern Ireland,2011,"Cloves (whole stems), raw",332.0,36.0,0.0,False,False,False
United Kingdom of Great Britain and Northern Ireland,2012,"Cloves (whole stems), raw",324.0,51.0,0.0,False,False,False
United Kingdom of Great Britain and Northern Ireland,2013,"Cloves (whole stems), raw",432.0,56.0,0.0,False,False,False
United Kingdom of Great Britain and Northern Ireland,2014,"Cloves (whole stems), raw",331.15,89.22,0.0,False,False,False
United Kingdom of Great Britain and Northern Ireland,2015,"Cloves (whole stems), raw",437.87,105.46,0.0,False,False,False
United Kingdom of Great Britain and Northern Ireland,2016,"Cloves (whole stems), raw",450.81,131.87,0.0,False,False,False
United Kingdom of Great Britain and Northern Ireland,2017,"Cloves (whole stems), raw",416.63,145.85,0.0,False,False,False
United Kingdom of Great Britain and Northern Ireland,2018,"Cloves (whole stems), raw",511.12,132.47,0.0,False,False,False
United Kingdom of Great Britain and Northern Ireland,2019,"Cloves (whole stems), raw",428.06,139.08,0.0,False,False,False
United Kingdom of Great Britain and Northern Ireland,2020,"Cloves (whole stems), raw",460.16,168.92,0.0,False,False,False
United Kingdom of Great Britain and Northern Ireland,2021,"Cloves (whole stems), raw",478.37,87.34,0.0,False,False,False
United Kingdom of Great Britain and Northern Ireland,2022,"Cloves (whole stems), raw",833.04,102.88,0.0,False,False,False
United Kingdom of Great Britain and Northern Ireland,2023,"Cloves (whole stems), raw",630.94,164.42,0.0,False,False,False
United Republic of Tanzania,1993,"Cloves (whole stems), raw",0.0,3300.0,1900.0,False,False,False
United Republic of Tanzania,1994,"Cloves (whole stems), raw",0.0,2600.0,4927.0,False,False,False
United Republic of Tanzania,1995,"Cloves (whole stems), raw",1.0,4200.0,1576.0,False,False,False
United Republic of Tanzania,1996,"Cloves (whole stems), raw",0.0,3100.0,10339.0,False,False,False
United Republic of Tanzania,1997,"Cloves (whole stems), raw",0.0,7613.0,2506.0,False,False,False
United Republic of Tanzania,1998,"Cloves (whole stems), raw",3.0,6502.0,6300.0,True,False,False
United Republic of Tanzania,1999,"Cloves (whole stems), raw",0.0,350.0,8027.0,False,False,False
United Republic of Tanzania,2000,"Cloves (whole stems), raw",0.0,2262.0,9000.0,False,False,False
United Republic of Tanzania,2001,"Cloves (whole stems), raw",0.0,2456.0,9200.0,False,False,False
United Republic of Tanzania,2002,"Cloves (whole stems), raw",0.0,1224.0,7854.98,False,False,False
United Republic of Tanzania,2003,"Cloves (whole stems), raw",0.0,5547.0,9500.0,False,False,False
United Republic of Tanzania,2004,"Cloves (whole stems), raw",1.0,4363.0,9900.0,False,False,False
United Republic of Tanzania,2005,"Cloves (whole stems), raw",24.0,2666.0,10200.0,True,False,False
United Republic of Tanzania,2006,"Cloves (whole stems), raw",3.0,3033.0,9800.0,False,False,False
United Republic of Tanzania,2007,"Cloves (whole stems), raw",1.0,3110.0,9900.0,False,False,False
United Republic of Tanzania,2008,"Cloves (whole stems), raw",3.0,3805.0,9184.94,False,False,False
United Republic of Tanzania,2009,"Cloves (whole stems), raw",2.0,4823.0,8937.24,False,False,False
United Republic of Tanzania,2010,"Cloves (whole stems), raw",1.0,2566.0,8747.36,False,False,False
United Republic of Tanzania,2011,"Cloves (whole stems), raw",1.0,2306.0,8821.22,False,False,False
United Republic of Tanzania,2012,"Cloves (whole stems), raw",5.0,5957.0,6850.0,False,False,False
United Republic of Tanzania,2013,"Cloves (whole stems), raw",9.0,4089.0,6850.0,False,False,False
United Republic of Tanzania,2014,"Cloves (whole stems), raw",7.24,2826.64,8734.75,False,False,False
United Republic of Tanzania,2015,"Cloves (whole stems), raw",4.51,336.23,9044.23,False,False,False
United Republic of Tanzania,2016,"Cloves (whole stems), raw",12.56,1300.9,8209.66,False,False,False
United Republic of Tanzania,2017,"Cloves (whole stems), raw",22.93,1043.71,8662.88,False,False,False
United Republic of Tanzania,2018,"Cloves (whole stems), raw",7.77,1478.35,8638.93,False,False,False
United Republic of Tanzania,2019,"Cloves (whole stems), raw",162.78,1810.06,8503.82,True,False,False
United Republic of Tanzania,2020,"Cloves (whole stems), raw",21.41,3580.54,8601.88,False,False,False
United Republic of Tanzania,2021,"Cloves (whole stems), raw",44.9,7047.69,8581.54,False,False,False
United Republic of Tanzania,2022,"Cloves (whole stems), raw",45.73,5929.04,8562.41,False,False,False
United Republic of Tanzania,2023,"Cloves (whole stems), raw",64.5,4690.96,8581.94,False,False,False
United States of America,1993,"Cloves (whole stems), raw",1245.0,102.0,0.0,False,False,False
United States of America,1994,"Cloves (whole stems), raw",1318.0,57.0,0.0,False,False,False
United States of America,1995,"Cloves (whole stems), raw",1494.0,80.0,0.0,False,False,False
United States of America,1996,"Cloves (whole stems), raw",958.0,81.0,0.0,False,False,False
United States of America,1997,"Cloves (whole stems), raw",1431.0,49.0,0.0,False,False,False
United States of America,1998,"Cloves (whole stems), raw",1159.0,59.0,0.0,False,False,False
United States of America,1999,"Cloves (whole stems), raw",1357.0,94.0,0.0,False,False,False
United States of America,2000,"Cloves (whole stems), raw",1094.8,103.23,0.0,False,False,False
United States of America,2001,"Cloves (whole stems), raw",1194.0,157.0,0.0,False,False,False
United States of America,2002,"Cloves (whole stems), raw",1486.0,155.0,0.0,False,False,False
United States of America,2003,"Cloves (whole stems), raw",1560.0,309.0,0.0,False,True,False
United States of America,2004,"Cloves (whole stems), raw",1067.0,145.0,0.0,False,False,False
United States of America,2005,"Cloves (whole stems), raw",1312.0,126.0,0.0,False,False,False
United States of America,2006,"Cloves (whole stems), raw",1166.0,86.0,0.0,False,False,False
United States of America,2007,"Cloves (whole stems), raw",1555.0,136.0,0.0,False,False,False
United States of America,2008,"Cloves (whole stems), raw",1319.0,186.0,0.0,False,False,False
United States of America,2009,"Cloves (whole stems), raw",1487.0,186.0,0.0,False,False,False
United States of America,2010,"Cloves (whole stems), raw",1263.0,160.0,0.0,False,False,False
United States of America,2011,"Cloves (whole stems), raw",1259.0,246.0,0.0,False,False,False
United States of America,2012,"Cloves (whole stems), raw",1744.0,436.0,0.0,False,False,False
United States of America,2013,"Cloves (whole stems), raw",1970.0,353.0,0.0,False,False,False
United States of America,2014,"Cloves (whole stems), raw",1635.0,538.7,0.0,False,False,False
United States of America,2015,"Cloves (whole stems), raw",1672.54,339.07,0.0,False,False,False
United States of America,2016,"Cloves (whole stems), raw",1525.57,260.82,0.0,False,False,False
United States of America,2017,"Cloves (whole stems), raw",1827.05,198.78,0.0,False,False,False
United States of America,2018,"Cloves (whole stems), raw",1696.61,252.59,0.0,False,False,False
United States of America,2019,"Cloves (whole stems), raw",1916.19,195.57,0.0,False,False,False
United States of America,2020,"Cloves (whole stems), raw",2368.28,190.78,0.0,False,False,False
United States of America,2021,"Cloves (whole stems), raw",1961.95,239.04,0.0,False,False,False
United States of America,2022,"Cloves (whole stems), raw",2477.82,395.77,0.0,False,True,False
United States of America,2023,"Cloves (whole stems), raw",2032.93,194.71,0.0,False,False,False
Uruguay,1993,"Cloves (whole stems), raw",2.0,0.0,0.0,False,False,False
Uruguay,1994,"Cloves (whole stems), raw",10.0,0.0,0.0,False,False,False
Uruguay,1995,"Cloves (whole stems), raw",2.0,0.0,0.0,False,False,False
Uruguay,1996,"Cloves (whole stems), raw",6.0,0.0,0.0,False,False,False
Uruguay,1997,"Cloves (whole stems), raw",6.0,0.0,0.0,False,False,False
Uruguay,1998,"Cloves (whole stems), raw",6.0,0.0,0.0,False,False,False
Uruguay,1999,"Cloves (whole stems), raw",4.0,0.0,0.0,False,False,False
Uruguay,2000,"Cloves (whole stems), raw",0.8,0.0,0.0,True,False,False
Uruguay,2001,"Cloves (whole stems), raw",5.0,0.0,0.0,False,False,False
Uruguay,2002,"Cloves (whole stems), raw",7.0,0.0,0.0,False,False,False
Uruguay,2003,"Cloves (whole stems), raw",5.0,0.0,0.0,False,False,False
Uruguay,2004,"Cloves (whole stems), raw",5.0,0.0,0.0,False,False,False
Uruguay,2005,"Cloves (whole stems), raw",8.0,0.0,0.0,False,False,False
Uruguay,2006,"Cloves (whole stems), raw",3.0,0.0,0.0,False,False,False
Uruguay,2007,"Cloves (whole stems), raw",8.0,0.0,0.0,False,False,False
Uruguay,2008,"Cloves (whole stems), raw",5.0,0.0,0.0,False,False,False
Uruguay,2009,"Cloves (whole stems), raw",4.0,0.0,0.0,False,False,False
Uruguay,2010,"Cloves (whole stems), raw",10.0,0.0,0.0,False,False,False
Uruguay,2011,"Cloves (whole stems), raw",10.0,0.0,0.0,False,False,False
Uruguay,2012,"Cloves (whole stems), raw",18.0,0.0,0.0,False,False,False
Uruguay,2013,"Cloves (whole stems), raw",16.0,0.0,0.0,False,False,False
Uruguay,2014,"Cloves (whole stems), raw",2.31,0.01,0.0,False,False,False
Uruguay,2015,"Cloves (whole stems), raw",4.36,0.0,0.0,False,False,False
Uruguay,2016,"Cloves (whole stems), raw",7.5,0.0,0.0,False,False,False
Uruguay,2017,"Cloves (whole stems), raw",4.54,0.02,0.0,False,False,False
Uruguay,2018,"Cloves (whole stems), raw",3.66,0.01,0.0,False,False,False
Uruguay,2019,"Cloves (whole stems), raw",6.66,0.0,0.0,False,False,False
Uruguay,2020,"Cloves (whole stems), raw",4.94,0.01,0.0,False,False,False
Uruguay,2021,"Cloves (whole stems), raw",6.11,0.02,0.0,False,False,False
Uruguay,2022,"Cloves (whole stems), raw",6.59,0.0,0.0,False,False,False
Uruguay,2023,"Cloves (whole stems), raw",3.02,0.0,0.0,False,False,False
Uzbekistan,2014,"Cloves (whole stems), raw",9.86,0.0,0.0,False,False,False
Uzbekistan,2015,"Cloves (whole stems), raw",9.7,0.0,0.0,False,False,False
Uzbekistan,2016,"Cloves (whole stems), raw",6.51,0.0,0.0,False,False,False
Uzbekistan,2017,"Cloves (whole stems), raw",4.16,0.0,0.0,True,False,False
Uzbekistan,2018,"Cloves (whole stems), raw",9.06,0.0,0.0,False,False,False
Uzbekistan,2019,"Cloves (whole stems), raw",9.42,0.0,0.0,False,False,False
Uzbekistan,2020,"Cloves (whole stems), raw",9.35,0.23,0.0,False,False,False
Uzbekistan,2021,"Cloves (whole stems), raw",13.43,0.39,0.0,False,False,False
Uzbekistan,2022,"Cloves (whole stems), raw",15.21,0.23,0.0,False,False,False
Uzbekistan,2023,"Cloves (whole stems), raw",28.43,0.32,0.0,True,False,False
Vanuatu,2014,"Cloves (whole stems), raw",0.06,0.0,0.0,False,False,False
Vanuatu,2015,"Cloves (whole stems), raw",0.03,0.0,0.0,False,False,False
Vanuatu,2016,"Cloves (whole stems), raw",0.14,0.0,0.0,True,False,False
Vanuatu,2017,"Cloves (whole stems), raw",0.08,0.0,0.0,False,False,False
Vanuatu,2018,"Cloves (whole stems), raw",0.03,0.0,0.0,False,False,False
Vanuatu,2019,"Cloves (whole stems), raw",0.06,0.0,0.0,False,False,False
Vanuatu,2020,"Cloves (whole stems), raw",0.06,0.0,0.0,False,False,False
Vanuatu,2021,"Cloves (whole stems), raw",0.06,0.0,0.0,False,False,False
Vanuatu,2022,"Cloves (whole stems), raw",0.06,0.0,0.0,False,False,False
Vanuatu,2023,"Cloves (whole stems), raw",0.09,0.0,0.0,True,False,False
Venezuela (Bolivarian Republic of),1993,"Cloves (whole stems), raw",88.0,0.0,0.0,False,False,False
Venezuela (Bolivarian Republic of),1994,"Cloves (whole stems), raw",79.0,0.0,0.0,False,False,False
Venezuela (Bolivarian Republic of),1995,"Cloves (whole stems), raw",67.0,0.0,0.0,False,False,False
Venezuela (Bolivarian Republic of),1996,"Cloves (whole stems), raw",105.0,2.0,0.0,False,True,False
Venezuela (Bolivarian Republic of),1997,"Cloves (whole stems), raw",67.0,1.0,0.0,False,False,False
Venezuela (Bolivarian Republic of),1998,"Cloves (whole stems), raw",90.0,0.0,0.0,False,False,False
Venezuela (Bolivarian Republic of),1999,"Cloves (whole stems), raw",65.0,0.0,0.0,False,False,False
Venezuela (Bolivarian Republic of),2000,"Cloves (whole stems), raw",117.0,0.0,0.0,True,False,False
Venezuela (Bolivarian Republic of),2001,"Cloves (whole stems), raw",65.0,0.0,0.0,False,False,False
Venezuela (Bolivarian Republic of),2002,"Cloves (whole stems), raw",69.0,0.0,0.0,False,False,False
Venezuela (Bolivarian Republic of),2003,"Cloves (whole stems), raw",52.0,0.0,0.0,False,False,False
Venezuela (Bolivarian Republic of),2004,"Cloves (whole stems), raw",110.0,0.0,0.0,False,False,False
Venezuela (Bolivarian Republic of),2005,"Cloves (whole stems), raw",89.0,2.0,0.0,False,True,False
Venezuela (Bolivarian Republic of),2006,"Cloves (whole stems), raw",138.0,0.0,0.0,False,False,False
Venezuela (Bolivarian Republic of),2007,"Cloves (whole stems), raw",55.0,0.0,0.0,False,False,False
Venezuela (Bolivarian Republic of),2008,"Cloves (whole stems), raw",137.0,0.0,0.0,False,False,False
Venezuela (Bolivarian Republic of),2009,"Cloves (whole stems), raw",119.0,0.0,0.0,False,False,False
Venezuela (Bolivarian Republic of),2010,"Cloves (whole stems), raw",100.0,0.0,0.0,False,False,False
Venezuela (Bolivarian Republic of),2011,"Cloves (whole stems), raw",106.0,0.0,0.0,False,False,False
Venezuela (Bolivarian Republic of),2012,"Cloves (whole stems), raw",481.0,0.0,0.0,True,False,False
Venezuela (Bolivarian Republic of),2013,"Cloves (whole stems), raw",37.0,0.0,0.0,False,False,False
Venezuela (Bolivarian Republic of),2014,"Cloves (whole stems), raw",83.87,0.0,0.0,False,False,False
Venezuela (Bolivarian Republic of),2016,"Cloves (whole stems), raw",22.0,0.0,0.0,False,False,False
Venezuela (Bolivarian Republic of),2017,"Cloves (whole stems), raw",22.29,0.0,0.0,False,False,False
Venezuela (Bolivarian Republic of),2019,"Cloves (whole stems), raw",43.87,0.0,0.0,False,False,False
Venezuela (Bolivarian Republic of),2020,"Cloves (whole stems), raw",33.78,0.0,0.0,False,False,False
Venezuela (Bolivarian Republic of),2021,"Cloves (whole stems), raw",29.57,0.0,0.0,False,False,False
Venezuela (Bolivarian Republic of),2022,"Cloves (whole stems), raw",100.2,0.0,0.0,True,False,False
Venezuela (Bolivarian Republic of),2023,"Cloves (whole stems), raw",34.25,0.0,0.0,False,False,False
Viet Nam,1993,"Cloves (whole stems), raw",0.0,0.0,0.0,False,False,False
Viet Nam,1994,"Cloves (whole stems), raw",0.0,0.0,0.0,False,False,False
Viet Nam,1995,"Cloves (whole stems), raw",0.0,0.0,0.0,False,False,False
Viet Nam,1996,"Cloves (whole stems), raw",0.0,0.0,0.0,False,False,False
Viet Nam,1997,"Cloves (whole stems), raw",0.0,0.0,0.0,False,False,False
Viet Nam,1998,"Cloves (whole stems), raw",9.0,0.0,0.0,False,False,False
Viet Nam,1999,"Cloves (whole stems), raw",0.0,0.0,0.0,False,False,False
Viet Nam,2000,"Cloves (whole stems), raw",31.0,0.0,0.0,False,False,False
Viet Nam,2001,"Cloves (whole stems), raw",53.0,0.0,0.0,False,False,False
Viet Nam,2002,"Cloves (whole stems), raw",874.0,0.0,0.0,False,False,False
Viet Nam,2003,"Cloves (whole stems), raw",2696.0,0.0,0.0,False,False,False
Viet Nam,2004,"Cloves (whole stems), raw",992.0,0.0,0.0,False,False,False
Viet Nam,2005,"Cloves (whole stems), raw",2504.0,0.0,0.0,False,False,False
Viet Nam,2006,"Cloves (whole stems), raw",1752.0,0.0,0.0,False,False,False
Viet Nam,2007,"Cloves (whole stems), raw",3314.0,0.0,0.0,False,False,False
Viet Nam,2008,"Cloves (whole stems), raw",1161.0,0.0,0.0,False,False,False
Viet Nam,2009,"Cloves (whole stems), raw",4244.0,0.0,0.0,False,False,False
Viet Nam,2010,"Cloves (whole stems), raw",2689.0,0.0,0.0,False,False,False
Viet Nam,2011,"Cloves (whole stems), raw",2595.0,0.0,0.0,False,False,False
Viet Nam,2012,"Cloves (whole stems), raw",3787.0,0.0,0.0,False,False,False
Viet Nam,2013,"Cloves (whole stems), raw",2600.0,0.0,0.0,False,False,False
Viet Nam,2014,"Cloves (whole stems), raw",181.4,132.11,0.0,False,False,False
Viet Nam,2015,"Cloves (whole stems), raw",133.56,114.67,0.0,False,False,False
Viet Nam,2016,"Cloves (whole stems), raw",280.95,159.37,0.0,False,False,False
Viet Nam,2017,"Cloves (whole stems), raw",325.23,107.01,0.0,False,False,False
Viet Nam,2018,"Cloves (whole stems), raw",198.36,160.86,0.0,False,False,False
Viet Nam,2019,"Cloves (whole stems), raw",278.32,185.83,0.0,False,False,False
Viet Nam,2020,"Cloves (whole stems), raw",384.69,215.13,0.0,False,False,False
Viet Nam,2021,"Cloves (whole stems), raw",316.05,189.6,0.0,False,False,False
Viet Nam,2022,"Cloves (whole stems), raw",1458.67,320.27,0.0,False,False,False
Viet Nam,2023,"Cloves (whole stems), raw",850.59,247.22,0.0,False,False,False
Yemen,1993,"Cloves (whole stems), raw",0.0,0.0,0.0,False,False,False
Yemen,1994,"Cloves (whole stems), raw",0.0,0.0,0.0,False,False,False
Yemen,1995,"Cloves (whole stems), raw",0.0,0.0,0.0,False,False,False
Yemen,1996,"Cloves (whole stems), raw",0.0,0.0,0.0,False,False,False
Yemen,1997,"Cloves (whole stems), raw",0.0,0.0,0.0,False,False,False
Yemen,1998,"Cloves (whole stems), raw",266.0,0.0,0.0,True,False,False
Yemen,1999,"Cloves (whole stems), raw",32.0,0.0,0.0,False,False,False
Yemen,2000,"Cloves (whole stems), raw",167.0,0.0,0.0,False,False,False
Yemen,2001,"Cloves (whole stems), raw",40.0,0.0,0.0,False,False,False
Yemen,2002,"Cloves (whole stems), raw",44.0,0.0,0.0,False,False,False
Yemen,2003,"Cloves (whole stems), raw",126.0,0.0,0.0,False,False,False
Yemen,2004,"Cloves (whole stems), raw",68.0,0.0,0.0,False,False,False
Yemen,2005,"Cloves (whole stems), raw",225.0,0.0,0.0,False,False,False
Yemen,2006,"Cloves (whole stems), raw",218.0,0.0,0.0,False,False,False
Yemen,2007,"Cloves (whole stems), raw",310.0,0.0,0.0,False,False,False
Yemen,2008,"Cloves (whole stems), raw",191.0,0.0,0.0,False,False,False
Yemen,2009,"Cloves (whole stems), raw",421.0,0.0,0.0,False,False,False
Yemen,2010,"Cloves (whole stems), raw",125.0,0.0,0.0,False,False,False
Yemen,2011,"Cloves (whole stems), raw",92.0,0.0,0.0,False,False,False
Yemen,2012,"Cloves (whole stems), raw",205.0,0.0,0.0,False,False,False
Yemen,2013,"Cloves (whole stems), raw",71.0,0.0,0.0,False,False,False
Yemen,2014,"Cloves (whole stems), raw",76.15,0.0,0.0,False,False,False
Yemen,2015,"Cloves (whole stems), raw",17.82,0.0,0.0,False,False,False
Yemen,2016,"Cloves (whole stems), raw",144.94,0.0,0.0,False,False,False
Yemen,2017,"Cloves (whole stems), raw",197.02,0.45,0.0,False,True,False
Yemen,2018,"Cloves (whole stems), raw",53.82,0.0,0.0,False,False,False
Yemen,2019,"Cloves (whole stems), raw",243.86,0.0,0.0,False,False,False
Yemen,2020,"Cloves (whole stems), raw",1087.91,0.01,0.0,False,False,False
Yemen,2021,"Cloves (whole stems), raw",810.43,0.0,0.0,False,False,False
Yemen,2022,"Cloves (whole stems), raw",844.87,0.0,0.0,False,False,False
Yemen,2023,"Cloves (whole stems), raw",503.85,0.0,0.0,False,False,False
Zambia,1995,"Cloves (whole stems), raw",1.0,0.0,0.0,False,False,False
Zambia,1997,"Cloves (whole stems), raw",0.0,0.0,0.0,False,False,False
Zambia,1999,"Cloves (whole stems), raw",0.0,0.0,0.0,False,False,False
Zambia,2001,"Cloves (whole stems), raw",0.0,0.0,0.0,False,False,False
Zambia,2002,"Cloves (whole stems), raw",0.0,0.0,0.0,False,False,False
Zambia,2003,"Cloves (whole stems), raw",0.0,0.0,0.0,False,False,False
Zambia,2004,"Cloves (whole stems), raw",0.0,0.0,0.0,False,False,False
Zambia,2005,"Cloves (whole stems), raw",0.0,0.0,0.0,False,False,False
Zambia,2006,"Cloves (whole stems), raw",1.0,0.0,0.0,False,False,False
Zambia,2007,"Cloves (whole stems), raw",2.0,0.0,0.0,False,False,False
Zambia,2008,"Cloves (whole stems), raw",6.0,0.0,0.0,True,False,False
Zambia,2009,"Cloves (whole stems), raw",1.0,0.0,0.0,False,False,False
Zambia,2010,"Cloves (whole stems), raw",2.0,0.0,0.0,False,False,False
Zambia,2011,"Cloves (whole stems), raw",2.0,0.0,0.0,False,False,False
Zambia,2012,"Cloves (whole stems), raw",4.0,0.0,0.0,False,False,False
Zambia,2013,"Cloves (whole stems), raw",4.0,0.0,0.0,False,False,False
Zambia,2014,"Cloves (whole stems), raw",5.74,0.0,0.0,False,False,False
Zambia,2015,"Cloves (whole stems), raw",1.37,0.0,0.0,False,False,False
Zambia,2016,"Cloves (whole stems), raw",12.92,0.0,0.0,True,False,False
Zambia,2017,"Cloves (whole stems), raw",1.85,0.0,0.0,False,False,False
Zambia,2018,"Cloves (whole stems), raw",3.14,0.0,0.0,False,False,False
Zambia,2019,"Cloves (whole stems), raw",1.25,0.0,0.0,False,False,False
Zambia,2020,"Cloves (whole stems), raw",0.94,0.0,0.0,False,False,False
Zambia,2021,"Cloves (whole stems), raw",1.13,0.0,0.0,False,False,False
Zambia,2022,"Cloves (whole stems), raw",1.55,2.3,0.0,False,True,False
Zambia,2023,"Cloves (whole stems), raw",12.79,0.0,0.0,True,False,False
Zimbabwe,1993,"Cloves (whole stems), raw",1.0,0.0,0.0,False,False,False
Zimbabwe,1994,"Cloves (whole stems), raw",3.0,0.0,0.0,False,False,False
Zimbabwe,1995,"Cloves (whole stems), raw",5.0,0.0,0.0,False,False,False
Zimbabwe,1996,"Cloves (whole stems), raw",2.0,0.0,0.0,False,False,False
Zimbabwe,1997,"Cloves (whole stems), raw",6.0,0.0,0.0,False,False,False
Zimbabwe,1998,"Cloves (whole stems), raw",0.0,0.0,0.0,False,False,False
Zimbabwe,1999,"Cloves (whole stems), raw",4.0,1.0,0.0,False,True,False
Zimbabwe,2000,"Cloves (whole stems), raw",8.89,0.05,0.0,False,False,False
Zimbabwe,2001,"Cloves (whole stems), raw",2.0,0.0,0.0,False,False,False
Zimbabwe,2002,"Cloves (whole stems), raw",12.0,0.0,0.0,False,False,False
Zimbabwe,2003,"Cloves (whole stems), raw",1.0,34.0,0.0,False,True,False
Zimbabwe,2004,"Cloves (whole stems), raw",1.0,0.0,0.0,False,False,False
Zimbabwe,2005,"Cloves (whole stems), raw",0.0,0.0,0.0,False,False,False
Zimbabwe,2006,"Cloves (whole stems), raw",2.0,0.0,0.0,False,False,False
Zimbabwe,2007,"Cloves (whole stems), raw",0.0,0.0,0.0,False,False,False
Zimbabwe,2008,"Cloves (whole stems), raw",1.0,0.0,0.0,False,False,False
Zimbabwe,2009,"Cloves (whole stems), raw",4.0,0.0,0.0,False,False,False
Zimbabwe,2010,"Cloves (whole stems), raw",1.0,0.0,0.0,False,False,False
Zimbabwe,2011,"Cloves (whole stems), raw",3.0,0.0,0.0,False,False,False
Zimbabwe,2012,"Cloves (whole stems), raw",4.0,0.0,0.0,False,False,False
Zimbabwe,2013,"Cloves (whole stems), raw",3.0,0.0,0.0,False,False,False
Zimbabwe,2014,"Cloves (whole stems), raw",6.92,0.0,0.0,True,False,False
Zimbabwe,2015,"Cloves (whole stems), raw",4.4,0.0,0.0,False,False,False
Zimbabwe,2016,"Cloves (whole stems), raw",0.68,0.0,0.0,False,False,False
Zimbabwe,2017,"Cloves (whole stems), raw",3.56,0.0,0.0,False,False,False
Zimbabwe,2018,"Cloves (whole stems), raw",2.79,0.0,0.0,False,False,False
Zimbabwe,2019,"Cloves (whole stems), raw",1.25,0.0,0.0,False,False,False
Zimbabwe,2020,"Cloves (whole stems), raw",2.74,0.0,0.0,False,False,False
Zimbabwe,2021,"Cloves (whole stems), raw",3.62,0.0,0.0,False,False,False
Zimbabwe,2022,"Cloves (whole stems), raw",6.62,0.0,0.0,False,False,False
Zimbabwe,2023,"Cloves (whole stems), raw",6.49,0.0,0.0,False,False,False
