Area,Year,Item,Import,Export,Production,is_outlier_Import,is_outlier_Export,is_outlier_Production
Afghanistan,2014,"Vanilla, raw",6.68,0.0,0.0,False,False,False
Afghanistan,2016,"Vanilla, raw",0.18,0.0,0.0,False,False,False
Afghanistan,2018,"Vanilla, raw",0.2,0.0,0.0,False,False,False
Afghanistan,2019,"Vanilla, raw",27.04,0.0,0.0,True,False,False
Afghanistan,2020,"Vanilla, raw",1.71,0.0,0.0,False,False,False
Afghanistan,2021,"Vanilla, raw",0.53,0.0,0.0,False,False,False
Afghanistan,2022,"Vanilla, raw",0.03,0.0,0.0,False,False,False
Afghanistan,2023,"Vanilla, raw",0.47,0.0,0.0,False,False,False
Albania,1999,"Vanilla, raw",1.0,0.0,0.0,False,False,False
Albania,2000,"Vanilla, raw",1.0,0.0,0.0,False,False,False
Albania,2001,"Vanilla, raw",0.0,0.0,0.0,False,False,False
Albania,2002,"Vanilla, raw",0.0,0.0,0.0,False,False,False
Albania,2003,"Vanilla, raw",0.0,0.0,0.0,False,False,False
Albania,2004,"Vanilla, raw",0.0,0.0,0.0,False,False,False
Albania,2005,"Vanilla, raw",1.0,0.0,0.0,False,False,False
Albania,2006,"Vanilla, raw",2.0,0.0,0.0,True,False,False
Albania,2007,"Vanilla, raw",1.0,0.0,0.0,False,False,False
Albania,2008,"Vanilla, raw",1.0,0.0,0.0,False,False,False
Albania,2009,"Vanilla, raw",1.0,0.0,0.0,False,False,False
Albania,2010,"Vanilla, raw",0.0,0.0,0.0,True,False,False
Albania,2011,"Vanilla, raw",2.0,0.0,0.0,False,False,False
Albania,2012,"Vanilla, raw",1.0,0.0,0.0,False,False,False
Albania,2013,"Vanilla, raw",3.0,0.0,0.0,False,False,False
Albania,2014,"Vanilla, raw",0.01,0.0,0.0,False,False,False
Albania,2015,"Vanilla, raw",0.15,0.0,0.0,False,False,False
Albania,2016,"Vanilla, raw",0.11,0.0,0.0,False,False,False
Albania,2017,"Vanilla, raw",0.14,0.0,0.0,False,False,False
Albania,2018,"Vanilla, raw",0.15,0.0,0.0,False,False,False
Albania,2019,"Vanilla, raw",0.38,0.0,0.0,False,False,False
Albania,2020,"Vanilla, raw",0.33,0.0,0.0,False,False,False
Albania,2021,"Vanilla, raw",0.1,0.0,0.0,False,False,False
Albania,2022,"Vanilla, raw",0.03,0.0,0.0,False,False,False
Albania,2023,"Vanilla, raw",0.09,0.0,0.0,False,False,False
Algeria,1993,"Vanilla, raw",5.0,0.0,0.0,False,False,False
Algeria,1994,"Vanilla, raw",7.0,0.0,0.0,False,False,False
Algeria,1995,"Vanilla, raw",2.0,0.0,0.0,False,False,False
Algeria,1996,"Vanilla, raw",5.0,0.0,0.0,False,False,False
Algeria,1997,"Vanilla, raw",1.0,0.0,0.0,False,False,False
Algeria,1998,"Vanilla, raw",3.0,0.0,0.0,False,False,False
Algeria,1999,"Vanilla, raw",0.0,0.0,0.0,False,False,False
Algeria,2000,"Vanilla, raw",3.0,0.0,0.0,False,False,False
Algeria,2001,"Vanilla, raw",0.0,0.0,0.0,False,False,False
Algeria,2002,"Vanilla, raw",0.0,0.0,0.0,False,False,False
Algeria,2003,"Vanilla, raw",0.0,0.0,0.0,False,False,False
Algeria,2004,"Vanilla, raw",1.0,0.0,0.0,True,False,False
Algeria,2005,"Vanilla, raw",0.0,0.0,0.0,False,False,False
Algeria,2006,"Vanilla, raw",0.0,0.0,0.0,False,False,False
Algeria,2007,"Vanilla, raw",0.0,0.0,0.0,False,False,False
Algeria,2008,"Vanilla, raw",4.0,0.0,0.0,False,False,False
Algeria,2009,"Vanilla, raw",4.0,0.0,0.0,False,False,False
Algeria,2010,"Vanilla, raw",0.0,0.0,0.0,False,False,False
Algeria,2011,"Vanilla, raw",0.0,0.0,0.0,False,False,False
Algeria,2012,"Vanilla, raw",0.0,5.0,0.0,False,True,False
Algeria,2013,"Vanilla, raw",0.0,0.0,0.0,False,False,False
Algeria,2014,"Vanilla, raw",0.13,0.95,0.0,False,False,False
Algeria,2015,"Vanilla, raw",13.93,0.04,0.0,True,False,False
Algeria,2016,"Vanilla, raw",0.28,0.0,0.0,False,False,False
Algeria,2017,"Vanilla, raw",0.08,0.29,0.0,False,False,False
Algeria,2021,"Vanilla, raw",0.29,11.83,0.0,False,False,False
Algeria,2022,"Vanilla, raw",1.43,1.59,0.0,False,False,False
Algeria,2023,"Vanilla, raw",0.26,8.06,0.0,False,False,False
Angola,2014,"Vanilla, raw",0.33,0.0,0.0,False,False,False
Angola,2015,"Vanilla, raw",1.25,0.0,0.0,True,False,False
Angola,2016,"Vanilla, raw",0.11,0.0,0.0,False,False,False
Angola,2017,"Vanilla, raw",0.18,0.0,0.0,False,False,False
Angola,2018,"Vanilla, raw",0.56,0.0,0.0,False,False,False
Angola,2019,"Vanilla, raw",37.2,0.0,0.0,False,False,False
Angola,2020,"Vanilla, raw",72.24,0.0,0.0,False,False,False
Angola,2021,"Vanilla, raw",167.67,0.0,0.0,False,False,False
Angola,2022,"Vanilla, raw",160.12,0.0,0.0,False,False,False
Angola,2023,"Vanilla, raw",2.77,0.0,0.0,False,False,False
Antigua and Barbuda,2005,"Vanilla, raw",0.0,0.0,0.0,False,False,False
Antigua and Barbuda,2006,"Vanilla, raw",0.0,0.0,0.0,False,False,False
Antigua and Barbuda,2007,"Vanilla, raw",0.0,0.0,0.0,False,False,False
Antigua and Barbuda,2008,"Vanilla, raw",0.0,0.0,0.0,False,False,False
Antigua and Barbuda,2009,"Vanilla, raw",0.0,0.0,0.0,False,False,False
Antigua and Barbuda,2010,"Vanilla, raw",0.0,0.0,0.0,False,False,False
Antigua and Barbuda,2011,"Vanilla, raw",0.0,0.0,0.0,False,False,False
Antigua and Barbuda,2012,"Vanilla, raw",52.0,0.0,0.0,True,False,False
Antigua and Barbuda,2013,"Vanilla, raw",0.0,0.0,0.0,False,False,False
Antigua and Barbuda,2014,"Vanilla, raw",0.59,0.0,0.0,False,False,False
Antigua and Barbuda,2015,"Vanilla, raw",0.34,0.0,0.0,False,False,False
Antigua and Barbuda,2016,"Vanilla, raw",0.43,0.0,0.0,False,False,False
Antigua and Barbuda,2017,"Vanilla, raw",0.42,0.0,0.0,False,False,False
Antigua and Barbuda,2018,"Vanilla, raw",0.66,0.0,0.0,False,False,False
Antigua and Barbuda,2019,"Vanilla, raw",0.78,0.0,0.0,False,False,False
Antigua and Barbuda,2020,"Vanilla, raw",0.18,0.0,0.0,False,False,False
Antigua and Barbuda,2021,"Vanilla, raw",0.39,0.0,0.0,False,False,False
Antigua and Barbuda,2022,"Vanilla, raw",0.8,0.0,0.0,False,False,False
Antigua and Barbuda,2023,"Vanilla, raw",1.94,0.0,0.0,False,False,False
Argentina,1993,"Vanilla, raw",1.0,1.0,0.0,False,True,False
Argentina,1994,"Vanilla, raw",1.0,0.0,0.0,False,False,False
Argentina,1995,"Vanilla, raw",1.0,0.0,0.0,False,False,False
Argentina,1996,"Vanilla, raw",1.0,0.0,0.0,False,False,False
Argentina,1997,"Vanilla, raw",1.0,0.0,0.0,False,False,False
Argentina,1998,"Vanilla, raw",1.0,0.0,0.0,False,False,False
Argentina,1999,"Vanilla, raw",1.0,0.0,0.0,False,False,False
Argentina,2000,"Vanilla, raw",1.37,0.0,0.0,False,False,False
Argentina,2001,"Vanilla, raw",0.0,0.0,0.0,False,False,False
Argentina,2002,"Vanilla, raw",1.0,0.0,0.0,False,False,False
Argentina,2003,"Vanilla, raw",6.0,0.0,0.0,True,False,False
Argentina,2004,"Vanilla, raw",0.0,0.0,0.0,False,False,False
Argentina,2005,"Vanilla, raw",1.0,0.0,0.0,False,False,False
Argentina,2006,"Vanilla, raw",1.0,0.0,0.0,False,False,False
Argentina,2007,"Vanilla, raw",1.0,0.0,0.0,False,False,False
Argentina,2008,"Vanilla, raw",1.0,0.0,0.0,False,False,False
Argentina,2009,"Vanilla, raw",1.0,0.0,0.0,False,False,False
Argentina,2010,"Vanilla, raw",1.0,0.0,0.0,False,False,False
Argentina,2011,"Vanilla, raw",1.0,0.0,0.0,False,False,False
Argentina,2012,"Vanilla, raw",1.0,0.0,0.0,False,False,False
Argentina,2013,"Vanilla, raw",1.0,0.0,0.0,False,False,False
Argentina,2014,"Vanilla, raw",0.63,0.09,0.0,False,True,False
Argentina,2015,"Vanilla, raw",1.17,0.0,0.0,False,False,False
Argentina,2016,"Vanilla, raw",0.1,0.0,0.0,False,False,False
Argentina,2017,"Vanilla, raw",0.33,0.0,0.0,False,False,False
Argentina,2018,"Vanilla, raw",0.29,0.0,0.0,False,False,False
Argentina,2019,"Vanilla, raw",0.22,0.0,0.0,False,False,False
Argentina,2020,"Vanilla, raw",0.45,0.0,0.0,False,False,False
Argentina,2021,"Vanilla, raw",0.39,0.0,0.0,False,False,False
Argentina,2022,"Vanilla, raw",0.36,0.0,0.0,False,False,False
Argentina,2023,"Vanilla, raw",0.75,0.0,0.0,True,False,False
Armenia,1999,"Vanilla, raw",6.0,0.0,0.0,False,False,False
Armenia,2000,"Vanilla, raw",6.0,0.0,0.0,False,False,False
Armenia,2001,"Vanilla, raw",9.0,0.0,0.0,False,False,False
Armenia,2002,"Vanilla, raw",30.0,0.0,0.0,False,False,False
Armenia,2003,"Vanilla, raw",18.0,0.0,0.0,False,False,False
Armenia,2004,"Vanilla, raw",28.0,0.0,0.0,False,False,False
Armenia,2005,"Vanilla, raw",18.0,0.0,0.0,False,False,False
Armenia,2006,"Vanilla, raw",10.0,1.0,0.0,False,True,False
Armenia,2007,"Vanilla, raw",0.0,0.0,0.0,False,False,False
Armenia,2008,"Vanilla, raw",4.0,0.0,0.0,False,False,False
Armenia,2009,"Vanilla, raw",2.0,0.0,0.0,False,False,False
Armenia,2010,"Vanilla, raw",9.0,0.0,0.0,True,False,False
Armenia,2011,"Vanilla, raw",4.0,0.0,0.0,False,False,False
Armenia,2012,"Vanilla, raw",3.0,0.0,0.0,False,False,False
Armenia,2013,"Vanilla, raw",6.0,0.0,0.0,False,False,False
Armenia,2014,"Vanilla, raw",3.27,0.0,0.0,False,False,False
Armenia,2015,"Vanilla, raw",4.69,0.0,0.0,False,False,False
Armenia,2017,"Vanilla, raw",8.68,0.4,0.0,False,True,False
Armenia,2018,"Vanilla, raw",10.92,0.0,0.0,False,False,False
Armenia,2019,"Vanilla, raw",9.97,0.0,0.0,False,False,False
Armenia,2020,"Vanilla, raw",9.14,0.02,0.0,False,False,False
Armenia,2021,"Vanilla, raw",6.47,0.17,0.0,False,True,False
Armenia,2022,"Vanilla, raw",1.78,0.03,0.0,False,False,False
Armenia,2023,"Vanilla, raw",4.46,0.0,0.0,False,False,False
Australia,1993,"Vanilla, raw",25.0,2.0,0.0,False,False,False
Australia,1994,"Vanilla, raw",22.0,7.0,0.0,False,False,False
Australia,1995,"Vanilla, raw",20.0,7.0,0.0,False,False,False
Australia,1996,"Vanilla, raw",23.0,37.0,0.0,False,True,False
Australia,1997,"Vanilla, raw",15.0,3.0,0.0,False,False,False
Australia,1998,"Vanilla, raw",12.0,10.0,0.0,False,False,False
Australia,1999,"Vanilla, raw",18.0,23.0,0.0,False,False,False
Australia,2000,"Vanilla, raw",19.0,18.0,0.0,False,False,False
Australia,2001,"Vanilla, raw",12.0,25.0,0.0,False,False,False
Australia,2002,"Vanilla, raw",23.0,39.0,0.0,False,False,False
Australia,2003,"Vanilla, raw",24.0,9.0,0.0,False,False,False
Australia,2004,"Vanilla, raw",42.0,12.0,0.0,False,False,False
Australia,2005,"Vanilla, raw",50.0,40.0,0.0,False,False,False
Australia,2006,"Vanilla, raw",39.0,35.0,0.0,False,False,False
Australia,2007,"Vanilla, raw",21.0,145.0,0.0,True,False,False
Australia,2008,"Vanilla, raw",51.0,44.0,0.0,False,False,False
Australia,2009,"Vanilla, raw",55.0,101.0,0.0,False,False,False
Australia,2010,"Vanilla, raw",52.0,150.0,0.0,False,False,False
Australia,2011,"Vanilla, raw",44.0,127.0,0.0,False,False,False
Australia,2012,"Vanilla, raw",65.0,71.0,0.0,False,False,False
Australia,2013,"Vanilla, raw",92.0,79.0,0.0,False,False,False
Australia,2014,"Vanilla, raw",99.5,119.95,0.0,False,False,False
Australia,2015,"Vanilla, raw",135.35,74.6,0.0,False,False,False
Australia,2016,"Vanilla, raw",168.54,64.82,0.0,False,False,False
Australia,2017,"Vanilla, raw",636.33,70.86,0.0,True,False,False
Australia,2018,"Vanilla, raw",199.93,37.95,0.0,False,False,False
Australia,2019,"Vanilla, raw",246.75,43.98,0.0,False,False,False
Australia,2020,"Vanilla, raw",178.75,84.65,0.0,False,False,False
Australia,2021,"Vanilla, raw",75.86,65.15,0.0,False,False,False
Australia,2022,"Vanilla, raw",61.26,94.25,0.0,False,False,False
Australia,2023,"Vanilla, raw",74.56,75.57,0.0,False,False,False
Austria,1993,"Vanilla, raw",2.0,1.0,0.0,False,False,False
Austria,1994,"Vanilla, raw",5.0,5.0,0.0,False,False,False
Austria,1995,"Vanilla, raw",5.0,13.0,0.0,False,False,False
Austria,1996,"Vanilla, raw",43.0,2.0,0.0,False,False,False
Austria,1997,"Vanilla, raw",65.0,12.0,0.0,False,False,False
Austria,1998,"Vanilla, raw",76.0,9.0,0.0,False,False,False
Austria,1999,"Vanilla, raw",70.0,17.0,0.0,False,False,False
Austria,2000,"Vanilla, raw",90.0,28.0,0.0,False,False,False
Austria,2001,"Vanilla, raw",106.0,28.0,0.0,False,False,False
Austria,2002,"Vanilla, raw",101.0,49.0,0.0,False,False,False
Austria,2003,"Vanilla, raw",101.0,85.0,0.0,False,True,False
Austria,2004,"Vanilla, raw",134.0,39.0,0.0,False,False,False
Austria,2005,"Vanilla, raw",23.0,7.0,0.0,False,False,False
Austria,2006,"Vanilla, raw",34.0,8.0,0.0,False,False,False
Austria,2007,"Vanilla, raw",14.0,14.0,0.0,False,False,False
Austria,2008,"Vanilla, raw",32.0,7.0,0.0,False,False,False
Austria,2009,"Vanilla, raw",27.0,9.0,0.0,False,False,False
Austria,2010,"Vanilla, raw",23.0,8.0,0.0,False,False,False
Austria,2011,"Vanilla, raw",23.0,10.0,0.0,False,False,False
Austria,2012,"Vanilla, raw",24.0,10.0,0.0,False,False,False
Austria,2013,"Vanilla, raw",29.0,16.0,0.0,False,False,False
Austria,2014,"Vanilla, raw",40.17,17.83,0.0,False,False,False
Austria,2015,"Vanilla, raw",48.76,11.76,0.0,False,False,False
Austria,2016,"Vanilla, raw",43.41,10.84,0.0,False,False,False
Austria,2017,"Vanilla, raw",23.78,5.09,0.0,False,False,False
Austria,2018,"Vanilla, raw",27.99,4.25,0.0,False,False,False
Austria,2019,"Vanilla, raw",34.14,3.77,0.0,False,False,False
Austria,2020,"Vanilla, raw",16.0,2.56,0.0,False,False,False
Austria,2021,"Vanilla, raw",21.04,3.8,0.0,False,False,False
Austria,2022,"Vanilla, raw",21.18,5.07,0.0,False,False,False
Austria,2023,"Vanilla, raw",30.84,6.58,0.0,True,False,False
Azerbaijan,1999,"Vanilla, raw",73.0,0.0,0.0,True,False,False
Azerbaijan,2000,"Vanilla, raw",7.0,0.0,0.0,False,False,False
Azerbaijan,2001,"Vanilla, raw",11.0,0.0,0.0,False,False,False
Azerbaijan,2002,"Vanilla, raw",20.0,0.0,0.0,False,False,False
Azerbaijan,2003,"Vanilla, raw",2.0,0.0,0.0,False,False,False
Azerbaijan,2004,"Vanilla, raw",5.0,0.0,0.0,False,False,False
Azerbaijan,2005,"Vanilla, raw",15.0,0.0,0.0,False,False,False
Azerbaijan,2006,"Vanilla, raw",68.0,0.0,0.0,False,False,False
Azerbaijan,2007,"Vanilla, raw",318.0,0.0,0.0,False,False,False
Azerbaijan,2008,"Vanilla, raw",260.0,0.0,0.0,False,False,False
Azerbaijan,2009,"Vanilla, raw",175.0,0.0,0.0,False,False,False
Azerbaijan,2010,"Vanilla, raw",179.0,0.0,0.0,False,False,False
Azerbaijan,2011,"Vanilla, raw",154.0,0.0,0.0,False,False,False
Azerbaijan,2012,"Vanilla, raw",126.0,0.0,0.0,False,False,False
Azerbaijan,2013,"Vanilla, raw",327.0,0.0,0.0,False,False,False
Azerbaijan,2014,"Vanilla, raw",311.5,0.0,0.0,False,False,False
Azerbaijan,2015,"Vanilla, raw",6.97,0.0,0.0,False,False,False
Azerbaijan,2016,"Vanilla, raw",15.13,0.0,0.0,False,False,False
Azerbaijan,2017,"Vanilla, raw",16.2,0.0,0.0,False,False,False
Azerbaijan,2018,"Vanilla, raw",157.57,0.0,0.0,True,False,False
Azerbaijan,2019,"Vanilla, raw",76.7,0.0,0.0,False,False,False
Azerbaijan,2020,"Vanilla, raw",14.47,0.0,0.0,False,False,False
Azerbaijan,2021,"Vanilla, raw",16.95,0.0,0.0,False,False,False
Azerbaijan,2022,"Vanilla, raw",55.41,0.0,0.0,False,False,False
Azerbaijan,2023,"Vanilla, raw",12.32,0.0,0.0,False,False,False
Bahamas,1993,"Vanilla, raw",0.0,0.0,0.0,False,False,False
Bahamas,1994,"Vanilla, raw",8.0,0.0,0.0,False,False,False
Bahamas,1997,"Vanilla, raw",12.0,0.0,0.0,False,False,False
Bahamas,1998,"Vanilla, raw",12.0,0.0,0.0,False,False,False
Bahamas,1999,"Vanilla, raw",12.0,0.0,0.0,False,False,False
Bahamas,2000,"Vanilla, raw",28.0,0.0,0.0,False,False,False
Bahamas,2001,"Vanilla, raw",30.0,0.0,0.0,False,False,False
Bahamas,2002,"Vanilla, raw",0.0,0.0,0.0,False,False,False
Bahamas,2003,"Vanilla, raw",0.0,0.0,0.0,False,False,False
Bahamas,2004,"Vanilla, raw",0.0,0.0,0.0,False,False,False
Bahamas,2005,"Vanilla, raw",9.0,0.0,0.0,False,False,False
Bahamas,2006,"Vanilla, raw",10.0,0.0,0.0,False,False,False
Bahamas,2007,"Vanilla, raw",9.0,0.0,0.0,False,False,False
Bahamas,2008,"Vanilla, raw",10.0,0.0,0.0,False,False,False
Bahamas,2009,"Vanilla, raw",18.0,0.0,0.0,False,False,False
Bahamas,2010,"Vanilla, raw",0.0,0.0,0.0,False,False,False
Bahamas,2011,"Vanilla, raw",0.0,0.0,0.0,False,False,False
Bahamas,2012,"Vanilla, raw",12.0,0.0,0.0,False,False,False
Bahamas,2013,"Vanilla, raw",9.0,0.0,0.0,False,False,False
Bahamas,2014,"Vanilla, raw",3.87,0.0,0.0,False,False,False
Bahamas,2015,"Vanilla, raw",4.4,0.0,0.0,False,False,False
Bahamas,2016,"Vanilla, raw",6.86,0.0,0.0,False,False,False
Bahamas,2017,"Vanilla, raw",15.07,0.0,0.0,False,False,False
Bahamas,2018,"Vanilla, raw",33.82,0.0,0.0,False,False,False
Bahamas,2019,"Vanilla, raw",38.02,0.0,0.0,False,False,False
Bahamas,2020,"Vanilla, raw",17.99,0.0,0.0,False,False,False
Bahamas,2021,"Vanilla, raw",16.25,0.0,0.0,False,False,False
Bahamas,2022,"Vanilla, raw",10.66,0.0,0.0,False,False,False
Bahamas,2023,"Vanilla, raw",13.03,0.0,0.0,False,False,False
Bahrain,1993,"Vanilla, raw",0.0,0.0,0.0,False,False,False
Bahrain,1994,"Vanilla, raw",0.0,0.0,0.0,False,False,False
Bahrain,1995,"Vanilla, raw",0.0,0.0,0.0,False,False,False
Bahrain,1996,"Vanilla, raw",0.0,0.0,0.0,False,False,False
Bahrain,1997,"Vanilla, raw",0.0,0.0,0.0,False,False,False
Bahrain,1998,"Vanilla, raw",0.0,0.0,0.0,False,False,False
Bahrain,1999,"Vanilla, raw",0.0,0.0,0.0,False,False,False
Bahrain,2000,"Vanilla, raw",0.37,0.0,0.0,False,False,False
Bahrain,2001,"Vanilla, raw",11.0,0.0,0.0,True,False,False
Bahrain,2002,"Vanilla, raw",3.0,0.0,0.0,False,False,False
Bahrain,2003,"Vanilla, raw",2.0,0.0,0.0,False,False,False
Bahrain,2004,"Vanilla, raw",3.0,0.0,0.0,False,False,False
Bahrain,2005,"Vanilla, raw",2.0,0.0,0.0,False,False,False
Bahrain,2006,"Vanilla, raw",1.0,0.0,0.0,False,False,False
Bahrain,2007,"Vanilla, raw",4.0,0.0,0.0,False,False,False
Bahrain,2008,"Vanilla, raw",9.0,0.0,0.0,False,False,False
Bahrain,2009,"Vanilla, raw",7.0,16.0,0.0,False,True,False
Bahrain,2010,"Vanilla, raw",20.0,0.0,0.0,False,False,False
Bahrain,2011,"Vanilla, raw",2.0,0.0,0.0,False,False,False
Bahrain,2012,"Vanilla, raw",8.0,0.0,0.0,False,False,False
Bahrain,2013,"Vanilla, raw",31.0,2.0,0.0,False,True,False
Bahrain,2014,"Vanilla, raw",6.11,0.0,0.0,False,False,False
Bahrain,2015,"Vanilla, raw",9.22,0.61,0.0,False,False,False
Bahrain,2016,"Vanilla, raw",14.9,0.43,0.0,False,False,False
Bahrain,2017,"Vanilla, raw",12.97,3.71,0.0,False,True,False
Bahrain,2018,"Vanilla, raw",7.27,0.87,0.0,False,False,False
Bahrain,2019,"Vanilla, raw",5.44,0.0,0.0,False,False,False
Bahrain,2020,"Vanilla, raw",10.37,0.15,0.0,False,False,False
Bahrain,2021,"Vanilla, raw",5.84,0.02,0.0,False,False,False
Bahrain,2022,"Vanilla, raw",6.34,0.67,0.0,False,False,False
Bahrain,2023,"Vanilla, raw",8.88,2.69,0.0,False,False,False
Bangladesh,1993,"Vanilla, raw",0.0,0.0,0.0,False,False,False
Bangladesh,1994,"Vanilla, raw",0.0,0.0,0.0,False,False,False
Bangladesh,1995,"Vanilla, raw",0.0,0.0,0.0,False,False,False
Bangladesh,1996,"Vanilla, raw",0.0,0.0,0.0,False,False,False
Bangladesh,1997,"Vanilla, raw",0.0,0.0,0.0,False,False,False
Bangladesh,1998,"Vanilla, raw",0.0,0.0,0.0,False,False,False
Bangladesh,1999,"Vanilla, raw",0.0,0.0,0.0,False,False,False
Bangladesh,2000,"Vanilla, raw",0.0,0.0,0.0,False,False,False
Bangladesh,2001,"Vanilla, raw",0.0,0.0,0.0,False,False,False
Bangladesh,2002,"Vanilla, raw",0.0,0.0,0.0,False,False,False
Bangladesh,2003,"Vanilla, raw",0.0,0.0,0.0,False,False,False
Bangladesh,2004,"Vanilla, raw",0.0,0.0,0.0,False,False,False
Bangladesh,2005,"Vanilla, raw",0.0,0.0,0.0,False,False,False
Bangladesh,2006,"Vanilla, raw",0.0,0.0,0.0,False,False,False
Bangladesh,2007,"Vanilla, raw",0.0,0.0,0.0,False,False,False
Bangladesh,2008,"Vanilla, raw",6.0,0.0,0.0,False,False,False
Bangladesh,2009,"Vanilla, raw",2.0,0.0,0.0,False,False,False
Bangladesh,2010,"Vanilla, raw",0.0,0.0,0.0,False,False,False
Bangladesh,2011,"Vanilla, raw",4.0,0.0,0.0,False,False,False
Bangladesh,2012,"Vanilla, raw",4.0,0.0,0.0,False,False,False
Bangladesh,2013,"Vanilla, raw",0.0,0.0,0.0,False,False,False
Bangladesh,2014,"Vanilla, raw",0.21,1.51,0.0,False,True,False
Bangladesh,2015,"Vanilla, raw",2.54,0.0,0.0,False,False,False
Bangladesh,2016,"Vanilla, raw",1.18,0.94,0.0,False,False,False
Bangladesh,2017,"Vanilla, raw",135.23,0.25,0.0,True,False,False
Bangladesh,2018,"Vanilla, raw",0.5,8.48,0.0,False,False,False
Bangladesh,2019,"Vanilla, raw",0.42,13.16,0.0,False,False,False
Bangladesh,2022,"Vanilla, raw",0.75,0.0,0.0,False,False,False
Bangladesh,2023,"Vanilla, raw",0.05,0.0,0.0,False,False,False
Barbados,1993,"Vanilla, raw",1.0,0.0,0.0,False,False,False
Barbados,1994,"Vanilla, raw",2.0,0.0,0.0,False,False,False
Barbados,1995,"Vanilla, raw",1.0,0.0,0.0,False,False,False
Barbados,1996,"Vanilla, raw",2.0,0.0,0.0,False,False,False
Barbados,1997,"Vanilla, raw",1.0,0.0,0.0,False,False,False
Barbados,1998,"Vanilla, raw",1.0,0.0,0.0,False,False,False
Barbados,1999,"Vanilla, raw",1.0,0.0,0.0,False,False,False
Barbados,2000,"Vanilla, raw",0.0,0.0,0.0,False,False,False
Barbados,2001,"Vanilla, raw",5.0,0.0,0.0,False,False,False
Barbados,2002,"Vanilla, raw",1.0,0.0,0.0,False,False,False
Barbados,2003,"Vanilla, raw",12.0,0.0,0.0,False,False,False
Barbados,2004,"Vanilla, raw",13.0,0.0,0.0,False,False,False
Barbados,2005,"Vanilla, raw",1.0,0.0,0.0,False,False,False
Barbados,2006,"Vanilla, raw",16.0,0.0,0.0,False,False,False
Barbados,2007,"Vanilla, raw",12.0,0.0,0.0,False,False,False
Barbados,2008,"Vanilla, raw",18.0,0.0,0.0,False,False,False
Barbados,2009,"Vanilla, raw",1.0,0.0,0.0,False,False,False
Barbados,2010,"Vanilla, raw",0.0,0.0,0.0,False,False,False
Barbados,2011,"Vanilla, raw",1.0,0.0,0.0,False,False,False
Barbados,2012,"Vanilla, raw",1.0,0.0,0.0,False,False,False
Barbados,2013,"Vanilla, raw",3.0,0.0,0.0,False,False,False
Barbados,2014,"Vanilla, raw",1.62,0.0,0.0,False,False,False
Barbados,2015,"Vanilla, raw",2.89,0.0,0.0,False,False,False
Barbados,2016,"Vanilla, raw",3.83,0.0,0.0,False,False,False
Barbados,2017,"Vanilla, raw",4.24,0.0,0.0,False,False,False
Barbados,2018,"Vanilla, raw",7.17,0.0,0.0,True,False,False
Barbados,2019,"Vanilla, raw",3.13,0.0,0.0,False,False,False
Barbados,2020,"Vanilla, raw",0.9,0.0,0.0,False,False,False
Barbados,2021,"Vanilla, raw",2.36,0.0,0.0,False,False,False
Barbados,2022,"Vanilla, raw",2.56,0.0,0.0,False,False,False
Barbados,2023,"Vanilla, raw",6.13,0.0,0.0,True,False,False
Belarus,1998,"Vanilla, raw",13.0,6.0,0.0,False,True,False
Belarus,1999,"Vanilla, raw",3.0,0.0,0.0,False,False,False
Belarus,2000,"Vanilla, raw",22.0,0.0,0.0,False,False,False
Belarus,2001,"Vanilla, raw",1.0,0.0,0.0,False,False,False
Belarus,2002,"Vanilla, raw",0.0,0.0,0.0,False,False,False
Belarus,2003,"Vanilla, raw",2.0,0.0,0.0,False,False,False
Belarus,2004,"Vanilla, raw",1.0,0.0,0.0,False,False,False
Belarus,2005,"Vanilla, raw",1.0,0.0,0.0,False,False,False
Belarus,2006,"Vanilla, raw",1.0,0.0,0.0,False,False,False
Belarus,2007,"Vanilla, raw",0.0,0.0,0.0,False,False,False
Belarus,2008,"Vanilla, raw",0.0,0.0,0.0,False,False,False
Belarus,2009,"Vanilla, raw",1.0,0.0,0.0,False,False,False
Belarus,2010,"Vanilla, raw",1.0,0.0,0.0,False,False,False
Belarus,2011,"Vanilla, raw",0.0,0.0,0.0,False,False,False
Belarus,2012,"Vanilla, raw",1.0,0.0,0.0,False,False,False
Belarus,2013,"Vanilla, raw",1.0,0.0,0.0,False,False,False
Belarus,2014,"Vanilla, raw",1.49,0.01,0.0,False,True,False
Belarus,2015,"Vanilla, raw",0.17,0.0,0.0,False,False,False
Belarus,2016,"Vanilla, raw",0.18,0.0,0.0,False,False,False
Belarus,2017,"Vanilla, raw",0.16,0.0,0.0,False,False,False
Belarus,2018,"Vanilla, raw",0.34,0.0,0.0,True,False,False
Belarus,2019,"Vanilla, raw",0.14,0.0,0.0,False,False,False
Belarus,2020,"Vanilla, raw",0.03,0.0,0.0,False,False,False
Belarus,2021,"Vanilla, raw",0.16,0.11,0.0,False,True,False
Belarus,2022,"Vanilla, raw",0.0,0.0,0.0,False,False,False
Belarus,2023,"Vanilla, raw",0.01,0.0,0.0,False,False,False
Belgium,2000,"Vanilla, raw",22.0,6.0,0.0,False,False,False
Belgium,2001,"Vanilla, raw",24.0,10.0,0.0,False,False,False
Belgium,2002,"Vanilla, raw",27.0,11.0,0.0,False,False,False
Belgium,2003,"Vanilla, raw",62.0,136.0,0.0,False,True,False
Belgium,2004,"Vanilla, raw",60.0,19.0,0.0,False,False,False
Belgium,2005,"Vanilla, raw",78.0,24.0,0.0,False,False,False
Belgium,2006,"Vanilla, raw",96.0,45.0,0.0,False,False,False
Belgium,2007,"Vanilla, raw",110.0,68.0,0.0,False,False,False
Belgium,2008,"Vanilla, raw",136.0,104.0,0.0,False,False,False
Belgium,2009,"Vanilla, raw",124.0,110.0,0.0,False,False,False
Belgium,2010,"Vanilla, raw",142.0,85.0,0.0,False,False,False
Belgium,2011,"Vanilla, raw",222.0,182.0,0.0,False,False,False
Belgium,2012,"Vanilla, raw",226.0,214.0,0.0,False,False,False
Belgium,2013,"Vanilla, raw",258.0,277.0,0.0,False,False,False
Belgium,2014,"Vanilla, raw",335.55,310.3,0.0,False,False,False
Belgium,2015,"Vanilla, raw",407.13,339.3,0.0,False,False,False
Belgium,2016,"Vanilla, raw",262.62,217.41,0.0,False,False,False
Belgium,2017,"Vanilla, raw",289.24,147.39,0.0,False,False,False
Belgium,2018,"Vanilla, raw",171.06,43.15,0.0,False,False,False
Belgium,2019,"Vanilla, raw",187.47,92.95,0.0,False,False,False
Belgium,2020,"Vanilla, raw",181.29,102.94,0.0,False,False,False
Belgium,2021,"Vanilla, raw",94.31,64.85,0.0,False,False,False
Belgium,2022,"Vanilla, raw",165.92,89.11,0.0,False,False,False
Belgium,2023,"Vanilla, raw",125.06,23.56,0.0,False,False,False
Belgium-Luxembourg,1993,"Vanilla, raw",8.0,7.0,0.0,False,False,False
Belgium-Luxembourg,1994,"Vanilla, raw",16.0,1.0,0.0,False,False,False
Belgium-Luxembourg,1995,"Vanilla, raw",43.0,11.0,0.0,False,False,False
Belgium-Luxembourg,1996,"Vanilla, raw",52.0,11.0,0.0,False,False,False
Belgium-Luxembourg,1997,"Vanilla, raw",33.0,22.0,0.0,False,True,False
Belgium-Luxembourg,1998,"Vanilla, raw",48.0,9.0,0.0,False,False,False
Belgium-Luxembourg,1999,"Vanilla, raw",22.0,14.0,0.0,False,False,False
Belize,1993,"Vanilla, raw",0.0,0.0,0.0,False,False,False
Belize,1994,"Vanilla, raw",0.0,0.0,0.0,False,False,False
Belize,1995,"Vanilla, raw",0.0,0.0,0.0,False,False,False
Belize,1996,"Vanilla, raw",0.0,0.0,0.0,False,False,False
Belize,1997,"Vanilla, raw",0.0,0.0,0.0,False,False,False
Belize,1998,"Vanilla, raw",0.0,0.0,0.0,False,False,False
Belize,1999,"Vanilla, raw",0.0,0.0,0.0,False,False,False
Belize,2000,"Vanilla, raw",0.0,0.0,0.0,False,False,False
Belize,2001,"Vanilla, raw",0.0,0.0,0.0,False,False,False
Belize,2002,"Vanilla, raw",0.0,0.0,0.0,False,False,False
Belize,2003,"Vanilla, raw",0.0,0.0,0.0,False,False,False
Belize,2004,"Vanilla, raw",0.0,0.0,0.0,False,False,False
Belize,2005,"Vanilla, raw",0.0,0.0,0.0,False,False,False
Belize,2006,"Vanilla, raw",0.0,0.0,0.0,False,False,False
Belize,2007,"Vanilla, raw",0.0,0.0,0.0,False,False,False
Belize,2008,"Vanilla, raw",0.0,0.0,0.0,False,False,False
Belize,2009,"Vanilla, raw",0.0,0.0,0.0,False,False,False
Belize,2010,"Vanilla, raw",2.0,0.0,0.0,True,False,False
Belize,2011,"Vanilla, raw",0.0,0.0,0.0,False,False,False
Belize,2012,"Vanilla, raw",0.0,0.0,0.0,False,False,False
Belize,2013,"Vanilla, raw",0.0,0.0,0.0,False,False,False
Belize,2014,"Vanilla, raw",0.15,0.0,0.0,False,False,False
Belize,2015,"Vanilla, raw",4.11,0.0,0.0,False,False,False
Belize,2016,"Vanilla, raw",0.21,0.0,0.0,False,False,False
Belize,2017,"Vanilla, raw",2.28,0.0,0.0,False,False,False
Belize,2018,"Vanilla, raw",2.27,0.0,0.0,False,False,False
Belize,2019,"Vanilla, raw",1.86,0.0,0.0,False,False,False
Belize,2020,"Vanilla, raw",1.13,0.0,0.0,False,False,False
Belize,2021,"Vanilla, raw",1.3,0.0,0.0,False,False,False
Belize,2022,"Vanilla, raw",0.06,0.0,0.0,False,False,False
Belize,2023,"Vanilla, raw",0.01,0.0,0.0,False,False,False
Benin,2003,"Vanilla, raw",1.0,0.0,0.0,False,False,False
Benin,2004,"Vanilla, raw",3.0,0.0,0.0,True,False,False
Benin,2005,"Vanilla, raw",0.0,0.0,0.0,False,False,False
Benin,2006,"Vanilla, raw",0.0,0.0,0.0,False,False,False
Benin,2007,"Vanilla, raw",1.0,0.0,0.0,False,False,False
Benin,2008,"Vanilla, raw",1.0,0.0,0.0,False,False,False
Benin,2009,"Vanilla, raw",1.0,0.0,0.0,False,False,False
Benin,2010,"Vanilla, raw",3.0,0.0,0.0,False,False,False
Benin,2011,"Vanilla, raw",0.0,0.0,0.0,False,False,False
Benin,2012,"Vanilla, raw",2.0,0.0,0.0,False,False,False
Benin,2013,"Vanilla, raw",4.0,0.0,0.0,False,False,False
Benin,2014,"Vanilla, raw",3.08,0.0,0.0,False,False,False
Benin,2015,"Vanilla, raw",2.54,0.0,0.0,False,False,False
Benin,2018,"Vanilla, raw",0.39,0.0,0.0,False,False,False
Benin,2019,"Vanilla, raw",0.71,0.0,0.0,False,False,False
Benin,2020,"Vanilla, raw",0.46,0.0,0.0,False,False,False
Benin,2021,"Vanilla, raw",1.63,0.0,0.0,False,False,False
Benin,2022,"Vanilla, raw",1.12,0.0,0.0,False,False,False
Benin,2023,"Vanilla, raw",0.33,0.0,0.0,False,False,False
Bhutan,2018,"Vanilla, raw",0.02,0.0,0.0,False,False,False
Bolivia (Plurinational State of),1993,"Vanilla, raw",0.0,0.0,0.0,False,False,False
Bolivia (Plurinational State of),1994,"Vanilla, raw",0.0,0.0,0.0,False,False,False
Bolivia (Plurinational State of),1995,"Vanilla, raw",1.0,0.0,0.0,True,False,False
Bolivia (Plurinational State of),1996,"Vanilla, raw",0.0,0.0,0.0,False,False,False
Bolivia (Plurinational State of),1997,"Vanilla, raw",0.0,0.0,0.0,False,False,False
Bolivia (Plurinational State of),1998,"Vanilla, raw",0.0,0.0,0.0,False,False,False
Bolivia (Plurinational State of),1999,"Vanilla, raw",0.0,0.0,0.0,False,False,False
Bolivia (Plurinational State of),2000,"Vanilla, raw",0.01,0.0,0.0,False,False,False
Bolivia (Plurinational State of),2001,"Vanilla, raw",0.0,0.0,0.0,False,False,False
Bolivia (Plurinational State of),2002,"Vanilla, raw",1.0,0.0,0.0,True,False,False
Bolivia (Plurinational State of),2003,"Vanilla, raw",0.0,0.0,0.0,False,False,False
Bolivia (Plurinational State of),2004,"Vanilla, raw",0.0,0.0,0.0,False,False,False
Bolivia (Plurinational State of),2005,"Vanilla, raw",0.0,0.0,0.0,False,False,False
Bolivia (Plurinational State of),2006,"Vanilla, raw",0.0,0.0,0.0,False,False,False
Bolivia (Plurinational State of),2007,"Vanilla, raw",0.0,0.0,0.0,False,False,False
Bolivia (Plurinational State of),2008,"Vanilla, raw",0.0,0.0,0.0,False,False,False
Bolivia (Plurinational State of),2009,"Vanilla, raw",0.0,0.0,0.0,False,False,False
Bolivia (Plurinational State of),2010,"Vanilla, raw",0.0,0.0,0.0,False,False,False
Bolivia (Plurinational State of),2011,"Vanilla, raw",0.0,0.0,0.0,False,False,False
Bolivia (Plurinational State of),2012,"Vanilla, raw",0.0,0.0,0.0,False,False,False
Bolivia (Plurinational State of),2013,"Vanilla, raw",0.0,0.0,0.0,False,False,False
Bolivia (Plurinational State of),2014,"Vanilla, raw",0.01,0.0,0.0,False,False,False
Bolivia (Plurinational State of),2015,"Vanilla, raw",0.0,0.0,0.0,False,False,False
Bolivia (Plurinational State of),2016,"Vanilla, raw",0.02,0.0,0.0,False,False,False
Bolivia (Plurinational State of),2017,"Vanilla, raw",0.65,0.0,0.0,True,False,False
Bolivia (Plurinational State of),2018,"Vanilla, raw",0.03,0.0,0.0,False,False,False
Bolivia (Plurinational State of),2019,"Vanilla, raw",0.0,0.0,0.0,False,False,False
Bolivia (Plurinational State of),2020,"Vanilla, raw",0.26,0.0,0.0,False,False,False
Bolivia (Plurinational State of),2021,"Vanilla, raw",0.01,0.0,0.0,False,False,False
Bolivia (Plurinational State of),2022,"Vanilla, raw",0.0,0.0,0.0,False,False,False
Bolivia (Plurinational State of),2023,"Vanilla, raw",0.0,0.0,0.0,False,False,False
Bosnia and Herzegovina,2003,"Vanilla, raw",1.0,0.0,0.0,False,False,False
Bosnia and Herzegovina,2004,"Vanilla, raw",3.0,0.0,0.0,True,False,False
Bosnia and Herzegovina,2005,"Vanilla, raw",1.0,0.0,0.0,False,False,False
Bosnia and Herzegovina,2006,"Vanilla, raw",1.0,0.0,0.0,False,False,False
Bosnia and Herzegovina,2007,"Vanilla, raw",0.0,0.0,0.0,False,False,False
Bosnia and Herzegovina,2008,"Vanilla, raw",1.0,0.0,0.0,False,False,False
Bosnia and Herzegovina,2009,"Vanilla, raw",0.0,0.0,0.0,False,False,False
Bosnia and Herzegovina,2010,"Vanilla, raw",0.0,0.0,0.0,False,False,False
Bosnia and Herzegovina,2011,"Vanilla, raw",0.0,0.0,0.0,False,False,False
Bosnia and Herzegovina,2012,"Vanilla, raw",0.0,0.0,0.0,False,False,False
Bosnia and Herzegovina,2013,"Vanilla, raw",0.0,1.0,0.0,False,False,False
Bosnia and Herzegovina,2014,"Vanilla, raw",0.11,0.98,0.0,False,False,False
Bosnia and Herzegovina,2015,"Vanilla, raw",2.18,1.7,0.0,True,False,False
Bosnia and Herzegovina,2016,"Vanilla, raw",0.23,0.62,0.0,False,False,False
Bosnia and Herzegovina,2017,"Vanilla, raw",0.41,0.24,0.0,False,False,False
Bosnia and Herzegovina,2018,"Vanilla, raw",0.11,0.0,0.0,False,False,False
Bosnia and Herzegovina,2019,"Vanilla, raw",5.02,0.0,0.0,True,False,False
Bosnia and Herzegovina,2020,"Vanilla, raw",3.03,0.0,0.0,False,False,False
Bosnia and Herzegovina,2021,"Vanilla, raw",0.26,0.6,0.0,False,False,False
Bosnia and Herzegovina,2022,"Vanilla, raw",0.1,0.4,0.0,False,False,False
Bosnia and Herzegovina,2023,"Vanilla, raw",0.12,0.05,0.0,False,False,False
Botswana,1993,"Vanilla, raw",15.0,0.0,0.0,False,False,False
Botswana,1994,"Vanilla, raw",7.0,0.0,0.0,False,False,False
Botswana,1995,"Vanilla, raw",11.0,0.0,0.0,False,False,False
Botswana,1996,"Vanilla, raw",12.0,0.0,0.0,False,False,False
Botswana,1997,"Vanilla, raw",9.0,0.0,0.0,False,False,False
Botswana,1998,"Vanilla, raw",18.0,0.0,0.0,False,False,False
Botswana,1999,"Vanilla, raw",10.0,0.0,0.0,False,False,False
Botswana,2000,"Vanilla, raw",19.0,18.0,0.0,False,True,False
Botswana,2001,"Vanilla, raw",6.0,0.0,0.0,False,False,False
Botswana,2002,"Vanilla, raw",8.0,0.0,0.0,False,False,False
Botswana,2003,"Vanilla, raw",9.0,0.0,0.0,False,False,False
Botswana,2004,"Vanilla, raw",9.0,0.0,0.0,False,False,False
Botswana,2005,"Vanilla, raw",9.0,0.0,0.0,False,False,False
Botswana,2006,"Vanilla, raw",9.0,0.0,0.0,False,False,False
Botswana,2007,"Vanilla, raw",2.0,0.0,0.0,False,False,False
Botswana,2008,"Vanilla, raw",19.0,0.0,0.0,False,False,False
Botswana,2009,"Vanilla, raw",1.0,0.0,0.0,False,False,False
Botswana,2010,"Vanilla, raw",12.0,0.0,0.0,False,False,False
Botswana,2011,"Vanilla, raw",10.0,0.0,0.0,False,False,False
Botswana,2012,"Vanilla, raw",2.0,0.0,0.0,False,False,False
Botswana,2013,"Vanilla, raw",1.0,0.0,0.0,False,False,False
Botswana,2014,"Vanilla, raw",15.22,0.0,0.0,False,False,False
Botswana,2015,"Vanilla, raw",16.96,0.0,0.0,False,False,False
Botswana,2016,"Vanilla, raw",29.13,0.01,0.0,False,True,False
Botswana,2017,"Vanilla, raw",25.79,0.0,0.0,False,False,False
Botswana,2018,"Vanilla, raw",7.25,0.0,0.0,False,False,False
Botswana,2019,"Vanilla, raw",0.44,0.0,0.0,False,False,False
Botswana,2020,"Vanilla, raw",0.06,0.0,0.0,False,False,False
Botswana,2021,"Vanilla, raw",0.11,0.0,0.0,False,False,False
Botswana,2023,"Vanilla, raw",0.06,0.0,0.0,False,False,False
Brazil,1993,"Vanilla, raw",3.0,0.0,0.0,False,False,False
Brazil,1994,"Vanilla, raw",4.0,0.0,0.0,False,False,False
Brazil,1995,"Vanilla, raw",8.0,0.0,0.0,False,False,False
Brazil,1996,"Vanilla, raw",23.0,0.0,0.0,True,False,False
Brazil,1997,"Vanilla, raw",5.0,0.0,0.0,False,False,False
Brazil,1998,"Vanilla, raw",9.0,0.0,0.0,False,False,False
Brazil,1999,"Vanilla, raw",7.0,0.0,0.0,False,False,False
Brazil,2000,"Vanilla, raw",11.94,1.47,0.0,False,False,False
Brazil,2001,"Vanilla, raw",59.0,8.0,0.0,False,False,False
Brazil,2002,"Vanilla, raw",54.0,2.0,0.0,False,False,False
Brazil,2003,"Vanilla, raw",24.0,56.0,0.0,False,True,False
Brazil,2004,"Vanilla, raw",14.0,1.0,0.0,False,False,False
Brazil,2005,"Vanilla, raw",1.0,2.0,0.0,False,False,False
Brazil,2006,"Vanilla, raw",1.0,1.0,0.0,False,False,False
Brazil,2007,"Vanilla, raw",2.0,0.0,0.0,False,False,False
Brazil,2008,"Vanilla, raw",8.0,0.0,0.0,True,False,False
Brazil,2009,"Vanilla, raw",2.0,0.0,0.0,False,False,False
Brazil,2010,"Vanilla, raw",1.0,0.0,0.0,False,False,False
Brazil,2011,"Vanilla, raw",1.0,0.0,0.0,False,False,False
Brazil,2012,"Vanilla, raw",1.0,0.0,0.0,False,False,False
Brazil,2013,"Vanilla, raw",0.0,0.0,0.0,True,False,False
Brazil,2014,"Vanilla, raw",1.7,0.01,0.0,False,False,False
Brazil,2015,"Vanilla, raw",2.67,0.03,0.0,True,False,False
Brazil,2016,"Vanilla, raw",0.77,0.0,0.0,False,False,False
Brazil,2017,"Vanilla, raw",1.06,0.01,0.0,False,False,False
Brazil,2018,"Vanilla, raw",1.03,0.04,0.0,False,False,False
Brazil,2019,"Vanilla, raw",0.84,0.02,0.0,False,False,False
Brazil,2020,"Vanilla, raw",0.64,0.2,0.0,False,False,False
Brazil,2021,"Vanilla, raw",0.81,0.41,0.0,False,False,False
Brazil,2022,"Vanilla, raw",1.5,0.41,0.0,False,False,False
Brazil,2023,"Vanilla, raw",2.01,0.12,0.0,False,False,False
Brunei Darussalam,1997,"Vanilla, raw",4.0,0.0,0.0,False,False,False
Brunei Darussalam,1998,"Vanilla, raw",4.0,0.0,0.0,False,False,False
Brunei Darussalam,1999,"Vanilla, raw",0.0,0.0,0.0,False,False,False
Brunei Darussalam,2000,"Vanilla, raw",0.0,0.0,0.0,False,False,False
Brunei Darussalam,2001,"Vanilla, raw",0.0,0.0,0.0,False,False,False
Brunei Darussalam,2002,"Vanilla, raw",7.0,0.0,0.0,False,False,False
Brunei Darussalam,2003,"Vanilla, raw",5.0,0.0,0.0,False,False,False
Brunei Darussalam,2004,"Vanilla, raw",4.0,0.0,0.0,False,False,False
Brunei Darussalam,2005,"Vanilla, raw",4.0,0.0,0.0,False,False,False
Brunei Darussalam,2006,"Vanilla, raw",0.0,0.0,0.0,False,False,False
Brunei Darussalam,2007,"Vanilla, raw",0.0,0.0,0.0,False,False,False
Brunei Darussalam,2008,"Vanilla, raw",0.0,0.0,0.0,False,False,False
Brunei Darussalam,2009,"Vanilla, raw",0.0,0.0,0.0,False,False,False
Brunei Darussalam,2010,"Vanilla, raw",0.0,0.0,0.0,False,False,False
Brunei Darussalam,2011,"Vanilla, raw",1.0,0.0,0.0,False,False,False
Brunei Darussalam,2012,"Vanilla, raw",1.0,0.0,0.0,False,False,False
Brunei Darussalam,2013,"Vanilla, raw",32.0,0.0,0.0,False,False,False
Brunei Darussalam,2014,"Vanilla, raw",22.24,0.0,0.0,False,False,False
Brunei Darussalam,2015,"Vanilla, raw",48.99,0.0,0.0,False,False,False
Brunei Darussalam,2016,"Vanilla, raw",7.56,0.0,0.0,False,False,False
Brunei Darussalam,2017,"Vanilla, raw",30.62,0.0,0.0,False,False,False
Brunei Darussalam,2018,"Vanilla, raw",14.32,0.0,0.0,False,False,False
Brunei Darussalam,2019,"Vanilla, raw",42.23,0.0,0.0,False,False,False
Brunei Darussalam,2020,"Vanilla, raw",33.49,0.0,0.0,False,False,False
Brunei Darussalam,2021,"Vanilla, raw",32.26,0.0,0.0,False,False,False
Brunei Darussalam,2022,"Vanilla, raw",25.29,0.0,0.0,False,False,False
Brunei Darussalam,2023,"Vanilla, raw",16.9,0.0,0.0,False,False,False
Bulgaria,1993,"Vanilla, raw",9.0,1.0,0.0,False,False,False
Bulgaria,1994,"Vanilla, raw",9.0,3.0,0.0,False,False,False
Bulgaria,1995,"Vanilla, raw",3.0,19.0,0.0,False,True,False
Bulgaria,1996,"Vanilla, raw",6.0,4.0,0.0,False,False,False
Bulgaria,1997,"Vanilla, raw",6.0,7.0,0.0,False,False,False
Bulgaria,1998,"Vanilla, raw",3.0,3.0,0.0,False,False,False
Bulgaria,1999,"Vanilla, raw",10.0,3.0,0.0,False,False,False
Bulgaria,2000,"Vanilla, raw",8.0,0.0,0.0,False,False,False
Bulgaria,2001,"Vanilla, raw",0.0,2.0,0.0,False,False,False
Bulgaria,2002,"Vanilla, raw",1.0,1.0,0.0,False,False,False
Bulgaria,2003,"Vanilla, raw",1.0,0.0,0.0,False,False,False
Bulgaria,2004,"Vanilla, raw",0.0,1.0,0.0,False,False,False
Bulgaria,2005,"Vanilla, raw",0.0,0.0,0.0,False,False,False
Bulgaria,2006,"Vanilla, raw",0.0,0.0,0.0,False,False,False
Bulgaria,2007,"Vanilla, raw",0.0,0.0,0.0,False,False,False
Bulgaria,2008,"Vanilla, raw",0.0,0.0,0.0,False,False,False
Bulgaria,2009,"Vanilla, raw",8.0,0.0,0.0,True,False,False
Bulgaria,2010,"Vanilla, raw",1.0,1.0,0.0,False,False,False
Bulgaria,2011,"Vanilla, raw",1.0,0.0,0.0,False,False,False
Bulgaria,2012,"Vanilla, raw",2.0,2.0,0.0,False,True,False
Bulgaria,2013,"Vanilla, raw",6.0,0.0,0.0,False,False,False
Bulgaria,2014,"Vanilla, raw",7.5,0.07,0.0,False,False,False
Bulgaria,2015,"Vanilla, raw",6.65,0.04,0.0,False,False,False
Bulgaria,2016,"Vanilla, raw",5.7,0.22,0.0,False,False,False
Bulgaria,2017,"Vanilla, raw",5.13,0.39,0.0,False,True,False
Bulgaria,2018,"Vanilla, raw",5.32,0.1,0.0,False,False,False
Bulgaria,2019,"Vanilla, raw",4.13,0.12,0.0,False,False,False
Bulgaria,2020,"Vanilla, raw",0.87,0.13,0.0,False,False,False
Bulgaria,2021,"Vanilla, raw",1.17,0.21,0.0,False,False,False
Bulgaria,2022,"Vanilla, raw",0.99,0.77,0.0,False,False,False
Bulgaria,2023,"Vanilla, raw",3.52,0.51,0.0,True,False,False
Burkina Faso,2010,"Vanilla, raw",1.0,0.0,0.0,True,False,False
Burkina Faso,2011,"Vanilla, raw",0.0,0.0,0.0,False,False,False
Burkina Faso,2012,"Vanilla, raw",0.0,0.0,0.0,False,False,False
Burkina Faso,2013,"Vanilla, raw",0.0,0.0,0.0,False,False,False
Burkina Faso,2016,"Vanilla, raw",0.25,0.0,0.0,False,False,False
Burkina Faso,2018,"Vanilla, raw",0.02,0.0,0.0,False,False,False
Burkina Faso,2019,"Vanilla, raw",0.56,0.0,0.0,False,False,False
Burkina Faso,2020,"Vanilla, raw",0.06,0.0,0.0,False,False,False
Burkina Faso,2021,"Vanilla, raw",105.63,0.0,0.0,True,False,False
Burkina Faso,2023,"Vanilla, raw",0.24,0.0,0.0,False,False,False
Burundi,1998,"Vanilla, raw",0.0,0.0,0.0,False,False,False
Burundi,1999,"Vanilla, raw",0.03,0.0,0.0,False,False,False
Burundi,2000,"Vanilla, raw",0.07,0.0,0.0,True,False,False
Burundi,2001,"Vanilla, raw",0.0,0.0,0.0,False,False,False
Burundi,2002,"Vanilla, raw",0.0,0.0,0.0,False,False,False
Burundi,2003,"Vanilla, raw",0.0,0.0,0.0,False,False,False
Burundi,2004,"Vanilla, raw",0.0,0.0,0.0,False,False,False
Burundi,2005,"Vanilla, raw",0.0,0.0,0.0,False,False,False
Burundi,2006,"Vanilla, raw",1.0,0.0,0.0,False,False,False
Burundi,2007,"Vanilla, raw",1.0,0.0,0.0,False,False,False
Burundi,2008,"Vanilla, raw",0.0,0.0,0.0,False,False,False
Burundi,2009,"Vanilla, raw",0.0,0.0,0.0,False,False,False
Burundi,2010,"Vanilla, raw",0.0,0.0,0.0,False,False,False
Burundi,2011,"Vanilla, raw",0.0,0.0,0.0,False,False,False
Burundi,2012,"Vanilla, raw",1.0,0.0,0.0,True,False,False
Burundi,2013,"Vanilla, raw",0.0,0.0,0.0,False,False,False
Burundi,2016,"Vanilla, raw",3.35,0.0,0.0,False,False,False
Burundi,2017,"Vanilla, raw",0.05,0.0,0.0,False,False,False
Burundi,2018,"Vanilla, raw",1.01,0.0,0.0,False,False,False
Burundi,2019,"Vanilla, raw",1.43,0.0,0.0,False,False,False
Burundi,2020,"Vanilla, raw",1.72,0.05,0.0,False,True,False
Burundi,2021,"Vanilla, raw",0.58,0.0,0.0,False,False,False
Burundi,2022,"Vanilla, raw",1.42,0.0,0.0,False,False,False
Cabo Verde,1998,"Vanilla, raw",4.0,0.0,0.0,False,False,False
Cabo Verde,1999,"Vanilla, raw",1.0,0.0,0.0,False,False,False
Cabo Verde,2000,"Vanilla, raw",2.0,0.0,0.0,False,False,False
Cabo Verde,2001,"Vanilla, raw",3.0,0.0,0.0,False,False,False
Cabo Verde,2002,"Vanilla, raw",0.0,0.0,0.0,False,False,False
Cabo Verde,2003,"Vanilla, raw",2.0,0.0,0.0,False,False,False
Cabo Verde,2004,"Vanilla, raw",0.0,0.0,0.0,False,False,False
Cabo Verde,2005,"Vanilla, raw",0.0,0.0,0.0,False,False,False
Cabo Verde,2006,"Vanilla, raw",2.0,0.0,0.0,False,False,False
Cabo Verde,2007,"Vanilla, raw",1.0,0.0,0.0,False,False,False
Cabo Verde,2008,"Vanilla, raw",2.0,0.0,0.0,False,False,False
Cabo Verde,2009,"Vanilla, raw",4.0,0.0,0.0,False,False,False
Cabo Verde,2010,"Vanilla, raw",0.0,0.0,0.0,False,False,False
Cabo Verde,2011,"Vanilla, raw",1.0,0.0,0.0,False,False,False
Cabo Verde,2012,"Vanilla, raw",0.0,0.0,0.0,False,False,False
Cabo Verde,2013,"Vanilla, raw",0.0,0.0,0.0,False,False,False
Cabo Verde,2014,"Vanilla, raw",0.44,0.0,0.0,False,False,False
Cabo Verde,2015,"Vanilla, raw",0.32,0.0,0.0,False,False,False
Cabo Verde,2016,"Vanilla, raw",0.09,0.0,0.0,False,False,False
Cabo Verde,2017,"Vanilla, raw",0.64,0.0,0.0,False,False,False
Cabo Verde,2018,"Vanilla, raw",0.22,0.0,0.0,False,False,False
Cabo Verde,2019,"Vanilla, raw",0.32,0.0,0.0,False,False,False
Cabo Verde,2021,"Vanilla, raw",0.35,0.0,0.0,False,False,False
Cabo Verde,2022,"Vanilla, raw",0.01,0.0,0.0,False,False,False
Cabo Verde,2023,"Vanilla, raw",0.11,0.0,0.0,False,False,False
Cambodia,2000,"Vanilla, raw",1.0,0.0,0.0,False,False,False
Cambodia,2001,"Vanilla, raw",1.0,0.0,0.0,False,False,False
Cambodia,2004,"Vanilla, raw",0.0,0.0,0.0,False,False,False
Cambodia,2005,"Vanilla, raw",0.0,0.0,0.0,False,False,False
Cambodia,2006,"Vanilla, raw",2.0,0.0,0.0,False,False,False
Cambodia,2007,"Vanilla, raw",3.0,0.0,0.0,False,False,False
Cambodia,2008,"Vanilla, raw",1.0,0.0,0.0,False,False,False
Cambodia,2009,"Vanilla, raw",1.0,0.0,0.0,False,False,False
Cambodia,2010,"Vanilla, raw",0.0,0.0,0.0,False,False,False
Cambodia,2011,"Vanilla, raw",0.0,0.0,0.0,False,False,False
Cambodia,2012,"Vanilla, raw",0.0,0.0,0.0,False,False,False
Cambodia,2013,"Vanilla, raw",1.0,0.0,0.0,False,False,False
Cambodia,2014,"Vanilla, raw",12.39,0.0,0.0,False,False,False
Cambodia,2015,"Vanilla, raw",10.91,0.0,0.0,False,False,False
Cambodia,2016,"Vanilla, raw",7.2,0.0,0.0,False,False,False
Cambodia,2017,"Vanilla, raw",2.67,0.0,0.0,False,False,False
Cambodia,2019,"Vanilla, raw",0.18,0.0,0.0,False,False,False
Cambodia,2020,"Vanilla, raw",0.1,0.0,0.0,False,False,False
Cambodia,2021,"Vanilla, raw",1.27,0.0,0.0,True,False,False
Cambodia,2022,"Vanilla, raw",0.09,0.0,0.0,False,False,False
Cambodia,2023,"Vanilla, raw",0.43,0.0,0.0,False,False,False
Cameroon,1993,"Vanilla, raw",1.0,0.0,0.0,True,False,False
Cameroon,1994,"Vanilla, raw",0.0,0.0,0.0,False,False,False
Cameroon,1995,"Vanilla, raw",0.0,0.0,0.0,False,False,False
Cameroon,1996,"Vanilla, raw",0.0,0.0,0.0,False,False,False
Cameroon,1997,"Vanilla, raw",1.0,0.0,0.0,False,False,False
Cameroon,1998,"Vanilla, raw",2.0,0.0,0.0,False,False,False
Cameroon,1999,"Vanilla, raw",4.0,0.0,0.0,False,False,False
Cameroon,2000,"Vanilla, raw",3.0,0.0,0.0,False,False,False
Cameroon,2001,"Vanilla, raw",6.0,0.0,0.0,True,False,False
Cameroon,2002,"Vanilla, raw",2.0,0.0,0.0,False,False,False
Cameroon,2003,"Vanilla, raw",3.0,0.0,0.0,False,False,False
Cameroon,2004,"Vanilla, raw",0.0,0.0,0.0,False,False,False
Cameroon,2005,"Vanilla, raw",1.0,0.0,0.0,False,False,False
Cameroon,2006,"Vanilla, raw",1.0,0.0,0.0,False,False,False
Cameroon,2007,"Vanilla, raw",1.0,0.0,0.0,False,False,False
Cameroon,2008,"Vanilla, raw",1.0,0.0,0.0,False,False,False
Cameroon,2009,"Vanilla, raw",2.0,0.0,0.0,False,False,False
Cameroon,2010,"Vanilla, raw",1.0,0.0,0.0,False,False,False
Cameroon,2011,"Vanilla, raw",0.0,0.0,0.0,False,False,False
Cameroon,2012,"Vanilla, raw",3.0,0.0,0.0,False,False,False
Cameroon,2013,"Vanilla, raw",3.0,0.0,0.0,False,False,False
Cameroon,2014,"Vanilla, raw",1.81,0.0,0.0,False,False,False
Cameroon,2015,"Vanilla, raw",0.15,0.01,0.0,False,True,False
Cameroon,2016,"Vanilla, raw",4.73,0.0,0.0,False,False,False
Cameroon,2017,"Vanilla, raw",5.9,0.0,0.0,False,False,False
Cameroon,2018,"Vanilla, raw",2.87,0.0,0.0,False,False,False
Cameroon,2019,"Vanilla, raw",7.83,0.0,0.0,False,False,False
Cameroon,2020,"Vanilla, raw",58.82,0.0,0.0,True,False,False
Cameroon,2021,"Vanilla, raw",6.04,0.0,0.0,False,False,False
Cameroon,2022,"Vanilla, raw",5.8,0.01,0.0,False,False,False
Cameroon,2023,"Vanilla, raw",6.01,0.02,0.0,False,False,False
Canada,1993,"Vanilla, raw",188.0,166.0,0.0,False,True,False
Canada,1994,"Vanilla, raw",186.0,132.0,0.0,False,False,False
Canada,1995,"Vanilla, raw",237.0,146.0,0.0,False,False,False
Canada,1996,"Vanilla, raw",95.0,147.0,0.0,False,False,False
Canada,1997,"Vanilla, raw",204.0,162.0,0.0,False,False,False
Canada,1998,"Vanilla, raw",111.0,251.0,0.0,False,False,False
Canada,1999,"Vanilla, raw",121.0,251.0,0.0,False,False,False
Canada,2000,"Vanilla, raw",65.79,116.81,0.0,False,False,False
Canada,2001,"Vanilla, raw",38.0,50.0,0.0,False,False,False
Canada,2002,"Vanilla, raw",45.0,118.0,0.0,False,False,False
Canada,2003,"Vanilla, raw",137.0,138.0,0.0,False,False,False
Canada,2004,"Vanilla, raw",133.0,71.0,0.0,False,False,False
Canada,2005,"Vanilla, raw",122.0,94.0,0.0,False,False,False
Canada,2006,"Vanilla, raw",248.0,129.0,0.0,False,False,False
Canada,2007,"Vanilla, raw",493.0,244.0,0.0,False,False,False
Canada,2008,"Vanilla, raw",522.0,271.0,0.0,False,False,False
Canada,2009,"Vanilla, raw",574.0,327.0,0.0,False,False,False
Canada,2010,"Vanilla, raw",553.0,242.0,0.0,False,False,False
Canada,2011,"Vanilla, raw",319.0,214.0,0.0,False,False,False
Canada,2012,"Vanilla, raw",260.0,297.0,0.0,False,False,False
Canada,2013,"Vanilla, raw",340.0,361.0,0.0,False,False,False
Canada,2014,"Vanilla, raw",517.61,490.1,0.0,False,False,False
Canada,2015,"Vanilla, raw",374.72,427.83,0.0,False,False,False
Canada,2016,"Vanilla, raw",252.25,249.25,0.0,False,False,False
Canada,2017,"Vanilla, raw",1770.28,204.01,0.0,True,False,False
Canada,2018,"Vanilla, raw",312.75,153.53,0.0,False,False,False
Canada,2019,"Vanilla, raw",382.88,164.28,0.0,False,False,False
Canada,2020,"Vanilla, raw",221.91,137.35,0.0,False,False,False
Canada,2021,"Vanilla, raw",410.57,255.93,0.0,False,False,False
Canada,2022,"Vanilla, raw",441.91,360.24,0.0,False,False,False
Canada,2023,"Vanilla, raw",241.98,232.06,0.0,False,False,False
Central African Republic,2021,"Vanilla, raw",0.3,0.0,0.0,False,False,False
Chad,2014,"Vanilla, raw",0.0,0.0,0.0,False,False,False
Chad,2022,"Vanilla, raw",0.0,0.0,0.0,False,False,False
Chad,2023,"Vanilla, raw",0.0,0.0,0.0,False,False,False
Chile,1993,"Vanilla, raw",1.0,0.0,0.0,False,False,False
Chile,1994,"Vanilla, raw",1.0,0.0,0.0,False,False,False
Chile,1995,"Vanilla, raw",2.0,0.0,0.0,False,False,False
Chile,1996,"Vanilla, raw",1.0,0.0,0.0,False,False,False
Chile,1997,"Vanilla, raw",2.0,0.0,0.0,False,False,False
Chile,1998,"Vanilla, raw",2.0,0.0,0.0,False,False,False
Chile,1999,"Vanilla, raw",1.62,0.17,0.0,False,False,False
Chile,2000,"Vanilla, raw",0.88,1.22,0.0,False,False,False
Chile,2001,"Vanilla, raw",1.0,7.0,0.0,False,True,False
Chile,2002,"Vanilla, raw",2.0,0.0,0.0,False,False,False
Chile,2003,"Vanilla, raw",1.0,0.0,0.0,False,False,False
Chile,2004,"Vanilla, raw",2.0,0.0,0.0,False,False,False
Chile,2005,"Vanilla, raw",2.0,0.0,0.0,False,False,False
Chile,2006,"Vanilla, raw",0.0,0.0,0.0,False,False,False
Chile,2007,"Vanilla, raw",1.0,0.0,0.0,False,False,False
Chile,2008,"Vanilla, raw",1.0,1.0,0.0,False,True,False
Chile,2009,"Vanilla, raw",0.0,0.0,0.0,False,False,False
Chile,2010,"Vanilla, raw",0.0,0.0,0.0,False,False,False
Chile,2011,"Vanilla, raw",0.0,0.0,0.0,False,False,False
Chile,2012,"Vanilla, raw",1.0,0.0,0.0,False,False,False
Chile,2013,"Vanilla, raw",1.0,0.0,0.0,False,False,False
Chile,2014,"Vanilla, raw",0.56,0.01,0.0,False,False,False
Chile,2015,"Vanilla, raw",1.1,0.05,0.0,False,True,False
Chile,2016,"Vanilla, raw",0.9,0.0,0.0,False,False,False
Chile,2017,"Vanilla, raw",0.49,0.0,0.0,False,False,False
Chile,2018,"Vanilla, raw",0.42,0.0,0.0,False,False,False
Chile,2019,"Vanilla, raw",2.1,0.0,0.0,False,False,False
Chile,2020,"Vanilla, raw",2.79,0.31,0.0,False,False,False
Chile,2021,"Vanilla, raw",0.34,0.35,0.0,False,False,False
Chile,2022,"Vanilla, raw",0.29,0.77,0.0,False,False,False
Chile,2023,"Vanilla, raw",2.25,0.0,0.0,False,False,False
China,1993,"Vanilla, raw",7.0,4.0,400.0,False,False,False
China,1994,"Vanilla, raw",18.0,17.0,434.71,False,False,False
China,1995,"Vanilla, raw",14.0,14.0,468.83,False,False,False
China,1996,"Vanilla, raw",7.0,4.0,500.0,False,False,False
China,1997,"Vanilla, raw",11.0,59.0,524.42,False,False,False
China,1998,"Vanilla, raw",8.0,77.0,550.0,False,False,False
China,1999,"Vanilla, raw",11.0,10.0,600.0,False,False,False
China,2000,"Vanilla, raw",4.23,36.77,650.0,False,False,False
China,2001,"Vanilla, raw",37.0,44.0,669.9,False,False,False
China,2002,"Vanilla, raw",36.0,13.0,700.0,False,False,False
China,2003,"Vanilla, raw",95.0,81.0,800.0,True,False,False
China,2004,"Vanilla, raw",9.0,8.0,900.0,False,False,False
China,2005,"Vanilla, raw",28.0,1.0,1000.0,False,False,False
China,2006,"Vanilla, raw",8.0,3.0,1200.0,False,False,False
China,2007,"Vanilla, raw",36.0,8.0,1350.0,False,False,False
China,2008,"Vanilla, raw",5.0,4.0,1400.0,False,False,False
China,2009,"Vanilla, raw",9.0,4.0,1402.1,False,False,False
China,2010,"Vanilla, raw",11.0,0.0,1300.0,False,False,False
China,2011,"Vanilla, raw",16.0,2.0,799.0,False,False,False
China,2012,"Vanilla, raw",18.0,2.0,432.0,False,False,False
China,2013,"Vanilla, raw",23.0,0.0,335.0,False,False,False
China,2014,"Vanilla, raw",27.68,2.77,286.0,False,False,False
China,2015,"Vanilla, raw",21.59,2.03,566.0,False,False,True
China,2016,"Vanilla, raw",36.57,1.74,395.67,False,False,False
China,2017,"Vanilla, raw",18.76,11.29,415.89,False,False,False
China,2018,"Vanilla, raw",13.82,3.44,459.19,False,False,False
China,2019,"Vanilla, raw",7.95,2.27,423.58,False,False,False
China,2020,"Vanilla, raw",11.6,23.99,432.88,False,True,False
China,2021,"Vanilla, raw",22.23,7.69,438.55,False,False,False
China,2022,"Vanilla, raw",18.48,3.95,431.67,False,False,False
China,2023,"Vanilla, raw",38.11,4.02,434.37,False,False,False
"China, Hong Kong SAR",1993,"Vanilla, raw",7.0,2.0,0.0,False,False,False
"China, Hong Kong SAR",1994,"Vanilla, raw",8.0,1.0,0.0,False,False,False
"China, Hong Kong SAR",1995,"Vanilla, raw",13.0,13.0,0.0,False,False,False
"China, Hong Kong SAR",1996,"Vanilla, raw",6.0,4.0,0.0,False,False,False
"China, Hong Kong SAR",1997,"Vanilla, raw",11.0,58.0,0.0,False,True,False
"China, Hong Kong SAR",1998,"Vanilla, raw",7.0,6.0,0.0,False,False,False
"China, Hong Kong SAR",1999,"Vanilla, raw",11.0,9.0,0.0,False,False,False
"China, Hong Kong SAR",2000,"Vanilla, raw",3.92,11.5,0.0,False,False,False
"China, Hong Kong SAR",2001,"Vanilla, raw",35.0,39.0,0.0,False,False,False
"China, Hong Kong SAR",2002,"Vanilla, raw",17.0,11.0,0.0,False,False,False
"China, Hong Kong SAR",2003,"Vanilla, raw",77.0,75.0,0.0,True,True,False
"China, Hong Kong SAR",2004,"Vanilla, raw",9.0,6.0,0.0,False,False,False
"China, Hong Kong SAR",2005,"Vanilla, raw",3.0,0.0,0.0,False,False,False
"China, Hong Kong SAR",2006,"Vanilla, raw",2.0,1.0,0.0,False,False,False
"China, Hong Kong SAR",2007,"Vanilla, raw",15.0,0.0,0.0,True,False,False
"China, Hong Kong SAR",2008,"Vanilla, raw",2.0,0.0,0.0,False,False,False
"China, Hong Kong SAR",2009,"Vanilla, raw",2.0,0.0,0.0,False,False,False
"China, Hong Kong SAR",2010,"Vanilla, raw",3.0,0.0,0.0,False,False,False
"China, Hong Kong SAR",2011,"Vanilla, raw",3.0,0.0,0.0,False,False,False
"China, Hong Kong SAR",2012,"Vanilla, raw",3.0,1.0,0.0,False,False,False
"China, Hong Kong SAR",2013,"Vanilla, raw",4.0,0.0,0.0,False,False,False
"China, Hong Kong SAR",2014,"Vanilla, raw",6.19,1.96,0.0,False,False,False
"China, Hong Kong SAR",2015,"Vanilla, raw",7.72,0.99,0.0,False,False,False
"China, Hong Kong SAR",2016,"Vanilla, raw",24.67,0.67,0.0,True,False,False
"China, Hong Kong SAR",2017,"Vanilla, raw",12.97,10.86,0.0,False,True,False
"China, Hong Kong SAR",2018,"Vanilla, raw",7.2,0.63,0.0,False,False,False
"China, Hong Kong SAR",2019,"Vanilla, raw",2.28,0.7,0.0,False,False,False
"China, Hong Kong SAR",2020,"Vanilla, raw",1.87,0.2,0.0,False,False,False
"China, Hong Kong SAR",2021,"Vanilla, raw",4.45,1.91,0.0,False,False,False
"China, Hong Kong SAR",2022,"Vanilla, raw",3.14,1.06,0.0,False,False,False
"China, Hong Kong SAR",2023,"Vanilla, raw",3.39,1.51,0.0,False,False,False
"China, Macao SAR",1994,"Vanilla, raw",9.0,0.0,0.0,True,False,False
"China, Macao SAR",1995,"Vanilla, raw",0.0,0.0,0.0,False,False,False
"China, Macao SAR",1996,"Vanilla, raw",0.0,0.0,0.0,False,False,False
"China, Macao SAR",1997,"Vanilla, raw",0.0,0.0,0.0,False,False,False
"China, Macao SAR",1998,"Vanilla, raw",0.0,0.0,0.0,False,False,False
"China, Macao SAR",1999,"Vanilla, raw",0.0,0.0,0.0,False,False,False
"China, Macao SAR",2000,"Vanilla, raw",0.0,0.0,0.0,False,False,False
"China, Macao SAR",2001,"Vanilla, raw",0.0,0.0,0.0,False,False,False
"China, Macao SAR",2002,"Vanilla, raw",0.0,0.0,0.0,False,False,False
"China, Macao SAR",2003,"Vanilla, raw",0.0,0.0,0.0,False,False,False
"China, Macao SAR",2004,"Vanilla, raw",0.0,0.0,0.0,False,False,False
"China, Macao SAR",2005,"Vanilla, raw",0.0,0.0,0.0,False,False,False
"China, Macao SAR",2006,"Vanilla, raw",1.0,0.0,0.0,True,False,False
"China, Macao SAR",2007,"Vanilla, raw",0.0,0.0,0.0,False,False,False
"China, Macao SAR",2008,"Vanilla, raw",0.0,0.0,0.0,False,False,False
"China, Macao SAR",2009,"Vanilla, raw",0.0,0.0,0.0,False,False,False
"China, Macao SAR",2010,"Vanilla, raw",0.0,0.0,0.0,False,False,False
"China, Macao SAR",2011,"Vanilla, raw",1.0,0.0,0.0,False,False,False
"China, Macao SAR",2012,"Vanilla, raw",0.0,0.0,0.0,False,False,False
"China, Macao SAR",2013,"Vanilla, raw",0.0,0.0,0.0,False,False,False
"China, Macao SAR",2014,"Vanilla, raw",5.87,0.0,0.0,True,False,False
"China, Macao SAR",2015,"Vanilla, raw",0.6,0.0,0.0,False,False,False
"China, Macao SAR",2017,"Vanilla, raw",0.03,0.0,0.0,False,False,False
"China, Macao SAR",2019,"Vanilla, raw",0.0,0.0,0.0,False,False,False
"China, Macao SAR",2020,"Vanilla, raw",0.1,0.0,0.0,False,False,False
"China, Macao SAR",2021,"Vanilla, raw",0.48,0.0,0.0,False,False,False
"China, Macao SAR",2022,"Vanilla, raw",1.49,0.0,0.0,False,False,False
"China, Macao SAR",2023,"Vanilla, raw",3.08,0.0,0.0,False,False,False
"China, mainland",1993,"Vanilla, raw",0.0,0.0,400.0,False,False,False
"China, mainland",1994,"Vanilla, raw",0.0,12.0,434.71,False,True,False
"China, mainland",1995,"Vanilla, raw",0.0,0.0,468.83,False,False,False
"China, mainland",1996,"Vanilla, raw",1.0,0.0,500.0,True,False,False
"China, mainland",1997,"Vanilla, raw",0.0,0.0,524.42,False,False,False
"China, mainland",1998,"Vanilla, raw",0.0,71.0,550.0,False,True,False
"China, mainland",1999,"Vanilla, raw",0.0,0.0,600.0,False,False,False
"China, mainland",2000,"Vanilla, raw",0.0,24.55,650.0,False,False,False
"China, mainland",2001,"Vanilla, raw",1.0,3.0,669.9,False,False,False
"China, mainland",2002,"Vanilla, raw",18.0,2.0,700.0,False,False,False
"China, mainland",2003,"Vanilla, raw",18.0,6.0,800.0,False,False,False
"China, mainland",2004,"Vanilla, raw",0.0,1.0,900.0,False,False,False
"China, mainland",2005,"Vanilla, raw",24.0,1.0,1000.0,False,False,False
"China, mainland",2006,"Vanilla, raw",3.0,0.0,1200.0,False,False,False
"China, mainland",2007,"Vanilla, raw",12.0,6.0,1350.0,False,True,False
"China, mainland",2008,"Vanilla, raw",2.0,0.0,1400.0,False,False,False
"China, mainland",2009,"Vanilla, raw",6.0,0.0,1402.1,False,False,False
"China, mainland",2010,"Vanilla, raw",6.0,0.0,1300.0,False,False,False
"China, mainland",2011,"Vanilla, raw",9.0,0.0,799.0,False,False,False
"China, mainland",2012,"Vanilla, raw",12.0,0.0,432.0,False,False,False
"China, mainland",2013,"Vanilla, raw",16.0,0.0,335.0,False,False,False
"China, mainland",2014,"Vanilla, raw",10.33,0.0,286.0,False,False,False
"China, mainland",2015,"Vanilla, raw",7.84,0.0,566.0,False,False,True
"China, mainland",2016,"Vanilla, raw",5.07,0.0,395.67,False,False,False
"China, mainland",2017,"Vanilla, raw",3.25,0.0,415.89,False,False,False
"China, mainland",2018,"Vanilla, raw",4.6,0.0,459.19,False,False,False
"China, mainland",2019,"Vanilla, raw",3.45,0.0,423.58,False,False,False
"China, mainland",2020,"Vanilla, raw",7.67,0.0,432.88,False,False,False
"China, mainland",2021,"Vanilla, raw",14.91,0.0,438.55,False,False,False
"China, mainland",2022,"Vanilla, raw",10.71,0.0,431.67,False,False,False
"China, mainland",2023,"Vanilla, raw",29.25,0.0,434.37,False,False,False
"China, Taiwan Province of",1994,"Vanilla, raw",1.0,4.0,0.0,False,True,False
"China, Taiwan Province of",1995,"Vanilla, raw",1.0,1.0,0.0,False,False,False
"China, Taiwan Province of",1996,"Vanilla, raw",0.0,0.0,0.0,False,False,False
"China, Taiwan Province of",1997,"Vanilla, raw",0.0,1.0,0.0,False,False,False
"China, Taiwan Province of",1998,"Vanilla, raw",1.0,0.0,0.0,False,False,False
"China, Taiwan Province of",1999,"Vanilla, raw",0.0,1.0,0.0,False,False,False
"China, Taiwan Province of",2000,"Vanilla, raw",0.32,0.72,0.0,False,False,False
"China, Taiwan Province of",2001,"Vanilla, raw",1.0,2.0,0.0,False,False,False
"China, Taiwan Province of",2002,"Vanilla, raw",1.0,0.0,0.0,False,False,False
"China, Taiwan Province of",2003,"Vanilla, raw",0.0,0.0,0.0,False,False,False
"China, Taiwan Province of",2004,"Vanilla, raw",0.0,1.0,0.0,False,False,False
"China, Taiwan Province of",2005,"Vanilla, raw",1.0,0.0,0.0,False,False,False
"China, Taiwan Province of",2006,"Vanilla, raw",2.0,2.0,0.0,False,False,False
"China, Taiwan Province of",2007,"Vanilla, raw",9.0,2.0,0.0,True,False,False
"China, Taiwan Province of",2008,"Vanilla, raw",1.0,4.0,0.0,False,False,False
"China, Taiwan Province of",2009,"Vanilla, raw",1.0,4.0,0.0,False,False,False
"China, Taiwan Province of",2010,"Vanilla, raw",2.0,0.0,0.0,False,False,False
"China, Taiwan Province of",2011,"Vanilla, raw",3.0,2.0,0.0,False,False,False
"China, Taiwan Province of",2012,"Vanilla, raw",3.0,1.0,0.0,False,False,False
"China, Taiwan Province of",2013,"Vanilla, raw",3.0,0.0,0.0,False,False,False
"China, Taiwan Province of",2014,"Vanilla, raw",5.29,0.8,0.0,False,False,False
"China, Taiwan Province of",2015,"Vanilla, raw",5.43,1.05,0.0,False,False,False
"China, Taiwan Province of",2016,"Vanilla, raw",6.83,1.07,0.0,False,False,False
"China, Taiwan Province of",2017,"Vanilla, raw",2.51,0.43,0.0,False,False,False
"China, Taiwan Province of",2018,"Vanilla, raw",2.02,2.81,0.0,False,False,False
"China, Taiwan Province of",2019,"Vanilla, raw",2.23,1.57,0.0,False,False,False
"China, Taiwan Province of",2020,"Vanilla, raw",1.95,23.79,0.0,False,True,False
"China, Taiwan Province of",2021,"Vanilla, raw",2.39,5.78,0.0,False,False,False
"China, Taiwan Province of",2022,"Vanilla, raw",3.14,2.88,0.0,True,False,False
"China, Taiwan Province of",2023,"Vanilla, raw",2.39,2.51,0.0,False,False,False
Colombia,1993,"Vanilla, raw",0.0,0.0,0.0,True,False,False
Colombia,1994,"Vanilla, raw",1.0,1.0,0.0,False,True,False
Colombia,1995,"Vanilla, raw",1.0,0.0,0.0,False,False,False
Colombia,1996,"Vanilla, raw",1.0,0.0,0.0,False,False,False
Colombia,1997,"Vanilla, raw",1.0,0.0,0.0,False,False,False
Colombia,1998,"Vanilla, raw",0.0,0.0,0.0,False,False,False
Colombia,1999,"Vanilla, raw",0.0,2.0,0.0,False,True,False
Colombia,2000,"Vanilla, raw",0.26,0.13,0.0,False,False,False
Colombia,2001,"Vanilla, raw",0.0,0.0,0.0,False,False,False
Colombia,2002,"Vanilla, raw",1.0,0.0,0.0,False,False,False
Colombia,2003,"Vanilla, raw",1.0,0.0,0.0,False,False,False
Colombia,2004,"Vanilla, raw",0.0,0.0,0.0,False,False,False
Colombia,2005,"Vanilla, raw",0.0,0.0,0.0,False,False,False
Colombia,2006,"Vanilla, raw",0.0,0.0,0.0,False,False,False
Colombia,2007,"Vanilla, raw",1.0,0.0,0.0,False,False,False
Colombia,2008,"Vanilla, raw",0.0,0.0,0.0,False,False,False
Colombia,2009,"Vanilla, raw",1.0,0.0,0.0,False,False,False
Colombia,2010,"Vanilla, raw",0.0,0.0,0.0,False,False,False
Colombia,2011,"Vanilla, raw",0.0,0.0,0.0,False,False,False
Colombia,2012,"Vanilla, raw",0.0,0.0,0.0,False,False,False
Colombia,2013,"Vanilla, raw",0.0,0.0,0.0,False,False,False
Colombia,2014,"Vanilla, raw",0.85,0.0,0.0,False,False,False
Colombia,2015,"Vanilla, raw",1.71,0.0,0.0,False,False,False
Colombia,2016,"Vanilla, raw",1.53,0.0,0.0,False,False,False
Colombia,2017,"Vanilla, raw",9.76,0.0,0.0,True,False,False
Colombia,2018,"Vanilla, raw",0.07,0.0,0.0,False,False,False
Colombia,2019,"Vanilla, raw",0.03,0.0,0.0,False,False,False
Colombia,2020,"Vanilla, raw",1.48,0.05,0.0,False,True,False
Colombia,2022,"Vanilla, raw",0.23,0.0,0.0,False,False,False
Colombia,2023,"Vanilla, raw",0.11,0.0,0.0,False,False,False
Comoros,1999,"Vanilla, raw",5.0,148.0,140.0,False,False,False
Comoros,2000,"Vanilla, raw",5.19,100.0,140.0,False,False,False
Comoros,2001,"Vanilla, raw",0.0,70.0,140.0,False,False,False
Comoros,2002,"Vanilla, raw",0.0,82.0,140.0,False,False,False
Comoros,2003,"Vanilla, raw",0.0,96.0,110.0,False,False,False
Comoros,2004,"Vanilla, raw",0.0,44.0,60.0,False,False,False
Comoros,2005,"Vanilla, raw",0.0,55.0,65.0,False,False,False
Comoros,2006,"Vanilla, raw",0.0,53.0,75.0,False,False,False
Comoros,2007,"Vanilla, raw",0.0,60.0,76.0,False,False,False
Comoros,2008,"Vanilla, raw",0.0,88.0,50.0,False,True,False
Comoros,2009,"Vanilla, raw",0.0,68.0,85.3,False,False,False
Comoros,2010,"Vanilla, raw",0.0,56.0,120.0,False,False,False
Comoros,2011,"Vanilla, raw",0.0,44.0,123.0,False,False,False
Comoros,2012,"Vanilla, raw",0.0,44.0,124.0,False,False,False
Comoros,2013,"Vanilla, raw",0.0,198.0,126.0,False,True,False
Comoros,2014,"Vanilla, raw",1.3,73.6,250.0,False,False,False
Comoros,2016,"Vanilla, raw",0.5,110.0,260.0,False,False,False
Comoros,2017,"Vanilla, raw",0.93,23.51,250.0,False,False,False
Comoros,2018,"Vanilla, raw",0.0,16.52,260.0,False,False,False
Comoros,2019,"Vanilla, raw",0.8,18.81,270.0,False,False,False
Comoros,2020,"Vanilla, raw",0.1,18.7,240.0,False,False,False
Comoros,2021,"Vanilla, raw",1.97,38.38,250.0,False,True,False
Comoros,2023,"Vanilla, raw",0.0,23.54,219.43,False,False,False
Congo,2008,"Vanilla, raw",1.0,0.0,0.0,True,False,False
Congo,2009,"Vanilla, raw",0.0,0.0,0.0,False,False,False
Congo,2010,"Vanilla, raw",0.0,0.0,0.0,False,False,False
Congo,2011,"Vanilla, raw",0.0,0.0,0.0,False,False,False
Congo,2012,"Vanilla, raw",1.0,0.0,0.0,False,False,False
Congo,2013,"Vanilla, raw",0.0,0.0,0.0,False,False,False
Congo,2014,"Vanilla, raw",0.81,0.0,0.0,False,False,False
Congo,2015,"Vanilla, raw",1.24,0.0,0.0,False,False,False
Congo,2016,"Vanilla, raw",0.49,0.0,0.0,False,False,False
Congo,2017,"Vanilla, raw",0.25,0.0,0.0,False,False,False
Congo,2018,"Vanilla, raw",0.42,0.0,0.0,False,False,False
Congo,2019,"Vanilla, raw",0.08,0.0,0.0,False,False,False
Congo,2020,"Vanilla, raw",0.01,0.0,0.0,False,False,False
Congo,2021,"Vanilla, raw",0.0,0.0,0.0,False,False,False
Congo,2022,"Vanilla, raw",0.85,0.0,0.0,True,False,False
Congo,2023,"Vanilla, raw",0.04,0.0,0.0,False,False,False
Cook Islands,2014,"Vanilla, raw",0.03,0.0,0.02,False,False,False
Cook Islands,2015,"Vanilla, raw",0.0,0.0,0.02,False,False,False
Cook Islands,2016,"Vanilla, raw",0.16,0.0,0.02,True,False,False
Cook Islands,2017,"Vanilla, raw",0.05,0.0,0.01,False,False,True
Cook Islands,2018,"Vanilla, raw",0.02,0.0,0.02,False,False,False
Cook Islands,2019,"Vanilla, raw",0.02,0.0,0.02,False,False,False
Cook Islands,2020,"Vanilla, raw",0.01,0.0,0.03,False,False,False
Cook Islands,2021,"Vanilla, raw",0.02,0.0,0.03,False,False,False
Cook Islands,2022,"Vanilla, raw",0.01,0.0,0.03,False,False,False
Cook Islands,2023,"Vanilla, raw",0.02,0.0,0.03,False,False,False
Costa Rica,1993,"Vanilla, raw",1.0,2.0,0.0,False,False,False
Costa Rica,1994,"Vanilla, raw",2.0,4.0,0.0,False,False,False
Costa Rica,1995,"Vanilla, raw",2.0,5.0,0.0,False,False,False
Costa Rica,1996,"Vanilla, raw",1.0,5.0,0.0,False,False,False
Costa Rica,1997,"Vanilla, raw",2.0,11.0,0.0,False,True,False
Costa Rica,1998,"Vanilla, raw",4.0,2.0,0.0,False,False,False
Costa Rica,1999,"Vanilla, raw",4.86,3.02,0.0,False,False,False
Costa Rica,2000,"Vanilla, raw",6.6,4.28,0.0,False,False,False
Costa Rica,2001,"Vanilla, raw",3.0,0.0,0.0,False,False,False
Costa Rica,2002,"Vanilla, raw",3.0,0.0,0.0,False,False,False
Costa Rica,2003,"Vanilla, raw",1.0,0.0,0.0,False,False,False
Costa Rica,2004,"Vanilla, raw",7.0,0.0,0.0,False,False,False
Costa Rica,2005,"Vanilla, raw",1.0,0.0,0.0,False,False,False
Costa Rica,2006,"Vanilla, raw",4.0,0.0,0.0,False,False,False
Costa Rica,2007,"Vanilla, raw",1.0,2.0,0.0,False,False,False
Costa Rica,2008,"Vanilla, raw",3.0,1.0,0.0,False,False,False
Costa Rica,2009,"Vanilla, raw",1.0,1.0,0.0,False,False,False
Costa Rica,2010,"Vanilla, raw",1.0,2.0,0.0,False,False,False
Costa Rica,2011,"Vanilla, raw",1.0,0.0,0.0,False,False,False
Costa Rica,2012,"Vanilla, raw",0.0,0.0,0.0,False,False,False
Costa Rica,2013,"Vanilla, raw",0.0,0.0,0.0,False,False,False
Costa Rica,2014,"Vanilla, raw",0.32,0.23,0.0,False,False,False
Costa Rica,2015,"Vanilla, raw",0.06,1.89,0.0,False,False,False
Costa Rica,2016,"Vanilla, raw",0.55,2.31,0.0,False,False,False
Costa Rica,2017,"Vanilla, raw",0.19,0.18,0.0,False,False,False
Costa Rica,2018,"Vanilla, raw",0.02,2.83,0.0,False,False,False
Costa Rica,2019,"Vanilla, raw",0.0,0.05,0.0,False,False,False
Costa Rica,2020,"Vanilla, raw",0.01,0.17,0.0,False,False,False
Costa Rica,2021,"Vanilla, raw",0.0,5.3,0.0,False,False,False
Costa Rica,2023,"Vanilla, raw",0.0,0.38,0.0,False,False,False
Côte d'Ivoire,1997,"Vanilla, raw",1.54,0.0,0.0,True,False,False
Côte d'Ivoire,1998,"Vanilla, raw",1.92,0.0,0.0,False,False,False
Côte d'Ivoire,1999,"Vanilla, raw",1.92,0.0,0.0,False,False,False
Côte d'Ivoire,2000,"Vanilla, raw",1.9,0.1,0.0,False,True,False
Côte d'Ivoire,2001,"Vanilla, raw",5.0,0.0,0.0,False,False,False
Côte d'Ivoire,2002,"Vanilla, raw",3.0,0.0,0.0,False,False,False
Côte d'Ivoire,2003,"Vanilla, raw",2.0,0.0,0.0,False,False,False
Côte d'Ivoire,2004,"Vanilla, raw",4.0,0.0,0.0,False,False,False
Côte d'Ivoire,2005,"Vanilla, raw",1.0,0.0,0.0,False,False,False
Côte d'Ivoire,2006,"Vanilla, raw",1.0,0.0,0.0,False,False,False
Côte d'Ivoire,2007,"Vanilla, raw",1.0,0.0,0.0,False,False,False
Côte d'Ivoire,2008,"Vanilla, raw",1.0,0.0,0.0,False,False,False
Côte d'Ivoire,2009,"Vanilla, raw",2.0,0.0,0.0,False,False,False
Côte d'Ivoire,2010,"Vanilla, raw",2.0,0.0,0.0,False,False,False
Côte d'Ivoire,2011,"Vanilla, raw",3.0,0.0,0.0,False,False,False
Côte d'Ivoire,2012,"Vanilla, raw",1.0,0.0,0.0,True,False,False
Côte d'Ivoire,2013,"Vanilla, raw",2.0,0.0,0.0,False,False,False
Côte d'Ivoire,2014,"Vanilla, raw",1.49,0.0,0.0,False,False,False
Côte d'Ivoire,2015,"Vanilla, raw",2.4,0.35,0.0,False,False,False
Côte d'Ivoire,2016,"Vanilla, raw",2.38,0.0,0.0,False,False,False
Côte d'Ivoire,2017,"Vanilla, raw",4.09,0.14,0.0,False,False,False
Côte d'Ivoire,2018,"Vanilla, raw",5.16,12.87,0.0,False,False,False
Côte d'Ivoire,2019,"Vanilla, raw",3.05,0.01,0.0,False,False,False
Côte d'Ivoire,2020,"Vanilla, raw",5.49,0.65,0.0,False,False,False
Côte d'Ivoire,2021,"Vanilla, raw",1.22,13.11,0.0,False,False,False
Côte d'Ivoire,2022,"Vanilla, raw",2.63,1.64,0.0,False,False,False
Côte d'Ivoire,2023,"Vanilla, raw",0.47,4.52,0.0,False,False,False
Croatia,1993,"Vanilla, raw",1.0,0.0,0.0,False,False,False
Croatia,1994,"Vanilla, raw",1.0,0.0,0.0,False,False,False
Croatia,1995,"Vanilla, raw",1.0,0.0,0.0,False,False,False
Croatia,1996,"Vanilla, raw",0.0,0.0,0.0,False,False,False
Croatia,1997,"Vanilla, raw",0.0,0.0,0.0,False,False,False
Croatia,1998,"Vanilla, raw",0.0,0.0,0.0,False,False,False
Croatia,1999,"Vanilla, raw",0.0,0.0,0.0,False,False,False
Croatia,2000,"Vanilla, raw",2.0,0.0,0.0,True,False,False
Croatia,2001,"Vanilla, raw",0.0,1.0,0.0,False,False,False
Croatia,2002,"Vanilla, raw",0.0,1.0,0.0,False,False,False
Croatia,2003,"Vanilla, raw",1.0,1.0,0.0,False,False,False
Croatia,2004,"Vanilla, raw",5.0,0.0,0.0,False,False,False
Croatia,2005,"Vanilla, raw",6.0,0.0,0.0,False,False,False
Croatia,2006,"Vanilla, raw",5.0,0.0,0.0,False,False,False
Croatia,2007,"Vanilla, raw",5.0,0.0,0.0,False,False,False
Croatia,2008,"Vanilla, raw",3.0,0.0,0.0,False,False,False
Croatia,2009,"Vanilla, raw",1.0,0.0,0.0,False,False,False
Croatia,2010,"Vanilla, raw",1.0,2.0,0.0,False,False,False
Croatia,2011,"Vanilla, raw",1.0,1.0,0.0,False,False,False
Croatia,2012,"Vanilla, raw",1.0,0.0,0.0,False,False,False
Croatia,2013,"Vanilla, raw",5.0,2.0,0.0,True,False,False
Croatia,2014,"Vanilla, raw",2.73,0.78,0.0,False,False,False
Croatia,2015,"Vanilla, raw",2.21,0.41,0.0,False,False,False
Croatia,2016,"Vanilla, raw",1.51,0.27,0.0,False,False,False
Croatia,2017,"Vanilla, raw",0.71,0.1,0.0,False,False,False
Croatia,2018,"Vanilla, raw",1.11,0.22,0.0,False,False,False
Croatia,2019,"Vanilla, raw",0.72,0.08,0.0,False,False,False
Croatia,2020,"Vanilla, raw",1.15,0.43,0.0,False,False,False
Croatia,2021,"Vanilla, raw",2.72,1.59,0.0,False,False,False
Croatia,2022,"Vanilla, raw",2.42,1.12,0.0,False,False,False
Croatia,2023,"Vanilla, raw",2.09,0.53,0.0,False,False,False
Cuba,1999,"Vanilla, raw",18.0,0.0,0.0,False,False,False
Cuba,2000,"Vanilla, raw",15.0,0.0,0.0,False,False,False
Cuba,2001,"Vanilla, raw",37.0,0.0,0.0,False,False,False
Cuba,2002,"Vanilla, raw",33.0,0.0,0.0,False,False,False
Cuba,2003,"Vanilla, raw",27.0,0.0,0.0,False,False,False
Cuba,2004,"Vanilla, raw",19.0,0.0,0.0,False,False,False
Cuba,2005,"Vanilla, raw",21.0,0.0,0.0,False,False,False
Cuba,2006,"Vanilla, raw",1.0,0.0,0.0,False,False,False
Cuba,2007,"Vanilla, raw",62.0,0.0,0.0,True,False,False
Cuba,2008,"Vanilla, raw",12.0,0.0,0.0,False,False,False
Cuba,2009,"Vanilla, raw",5.0,0.0,0.0,False,False,False
Cuba,2010,"Vanilla, raw",10.0,0.0,0.0,False,False,False
Cuba,2011,"Vanilla, raw",10.0,0.0,0.0,False,False,False
Cuba,2012,"Vanilla, raw",0.0,0.0,0.0,False,False,False
Cuba,2013,"Vanilla, raw",0.0,0.0,0.0,False,False,False
Cuba,2014,"Vanilla, raw",0.06,0.0,0.0,False,False,False
Cuba,2015,"Vanilla, raw",0.1,0.0,0.0,False,False,False
Cuba,2016,"Vanilla, raw",0.7,0.0,0.0,False,False,False
Cuba,2017,"Vanilla, raw",24.98,0.0,0.0,True,False,False
Cuba,2018,"Vanilla, raw",1.12,0.0,0.0,False,False,False
Cuba,2019,"Vanilla, raw",0.85,0.0,0.0,False,False,False
Cuba,2021,"Vanilla, raw",2.25,0.0,0.0,False,False,False
Cuba,2022,"Vanilla, raw",3.19,0.0,0.0,False,False,False
Cuba,2023,"Vanilla, raw",2.32,0.0,0.0,False,False,False
Cyprus,2006,"Vanilla, raw",1.0,0.0,0.0,True,False,False
Cyprus,2007,"Vanilla, raw",8.0,0.0,0.0,True,False,False
Cyprus,2008,"Vanilla, raw",6.0,0.0,0.0,False,False,False
Cyprus,2009,"Vanilla, raw",6.0,0.0,0.0,False,False,False
Cyprus,2010,"Vanilla, raw",6.0,0.0,0.0,False,False,False
Cyprus,2011,"Vanilla, raw",2.0,0.0,0.0,False,False,False
Cyprus,2012,"Vanilla, raw",1.0,0.0,0.0,False,False,False
Cyprus,2013,"Vanilla, raw",1.0,0.0,0.0,False,False,False
Cyprus,2014,"Vanilla, raw",9.41,0.0,0.0,False,False,False
Cyprus,2015,"Vanilla, raw",9.4,0.0,0.0,False,False,False
Cyprus,2016,"Vanilla, raw",2.07,0.0,0.0,False,False,False
Cyprus,2017,"Vanilla, raw",1.09,0.0,0.0,False,False,False
Cyprus,2018,"Vanilla, raw",3.68,0.0,0.0,False,False,False
Cyprus,2019,"Vanilla, raw",6.74,0.0,0.0,False,False,False
Cyprus,2020,"Vanilla, raw",3.91,0.0,0.0,False,False,False
Cyprus,2021,"Vanilla, raw",6.52,0.0,0.0,False,False,False
Cyprus,2022,"Vanilla, raw",6.88,0.0,0.0,False,False,False
Cyprus,2023,"Vanilla, raw",13.22,0.0,0.0,True,False,False
Czechia,1993,"Vanilla, raw",0.0,5.0,0.0,False,False,False
Czechia,1994,"Vanilla, raw",6.0,3.0,0.0,True,False,False
Czechia,1995,"Vanilla, raw",0.0,1.0,0.0,False,False,False
Czechia,1996,"Vanilla, raw",1.0,6.0,0.0,False,False,False
Czechia,1997,"Vanilla, raw",2.0,6.0,0.0,False,False,False
Czechia,1998,"Vanilla, raw",0.0,0.0,0.0,False,False,False
Czechia,1999,"Vanilla, raw",1.0,0.0,0.0,False,False,False
Czechia,2000,"Vanilla, raw",0.64,2.24,0.0,False,False,False
Czechia,2001,"Vanilla, raw",1.0,0.0,0.0,False,False,False
Czechia,2002,"Vanilla, raw",1.0,1.0,0.0,False,False,False
Czechia,2003,"Vanilla, raw",2.0,0.0,0.0,False,False,False
Czechia,2004,"Vanilla, raw",0.0,1.0,0.0,False,False,False
Czechia,2005,"Vanilla, raw",2.0,0.0,0.0,False,False,False
Czechia,2006,"Vanilla, raw",3.0,0.0,0.0,False,False,False
Czechia,2007,"Vanilla, raw",6.0,0.0,0.0,False,False,False
Czechia,2008,"Vanilla, raw",4.0,0.0,0.0,False,False,False
Czechia,2009,"Vanilla, raw",6.0,2.0,0.0,False,False,False
Czechia,2010,"Vanilla, raw",7.0,6.0,0.0,False,False,False
Czechia,2011,"Vanilla, raw",3.0,4.0,0.0,False,False,False
Czechia,2012,"Vanilla, raw",6.0,8.0,0.0,False,False,False
Czechia,2013,"Vanilla, raw",7.0,8.0,0.0,False,False,False
Czechia,2014,"Vanilla, raw",10.5,2.24,0.0,False,False,False
Czechia,2015,"Vanilla, raw",10.46,2.05,0.0,False,False,False
Czechia,2016,"Vanilla, raw",15.71,3.77,0.0,False,False,False
Czechia,2017,"Vanilla, raw",7.79,9.73,0.0,False,False,False
Czechia,2018,"Vanilla, raw",12.59,13.34,0.0,False,False,False
Czechia,2019,"Vanilla, raw",13.18,24.12,0.0,False,False,False
Czechia,2020,"Vanilla, raw",16.23,40.72,0.0,False,False,False
Czechia,2021,"Vanilla, raw",18.2,58.94,0.0,False,False,False
Czechia,2022,"Vanilla, raw",15.6,50.64,0.0,False,False,False
Czechia,2023,"Vanilla, raw",18.5,27.89,0.0,False,False,False
Democratic People's Republic of Korea,2014,"Vanilla, raw",0.02,0.0,0.0,False,False,False
Democratic People's Republic of Korea,2019,"Vanilla, raw",0.08,0.0,0.0,False,False,False
Democratic Republic of the Congo,1997,"Vanilla, raw",2.0,0.0,0.0,False,False,False
Democratic Republic of the Congo,1998,"Vanilla, raw",9.0,0.0,0.0,False,False,False
Democratic Republic of the Congo,1999,"Vanilla, raw",12.0,0.0,0.0,False,False,False
Democratic Republic of the Congo,2000,"Vanilla, raw",3.0,0.0,0.0,False,False,False
Democratic Republic of the Congo,2001,"Vanilla, raw",5.0,0.0,0.0,False,False,False
Democratic Republic of the Congo,2002,"Vanilla, raw",4.0,0.0,0.0,False,False,False
Democratic Republic of the Congo,2003,"Vanilla, raw",15.0,0.0,0.0,True,False,False
Democratic Republic of the Congo,2004,"Vanilla, raw",6.0,0.0,0.0,False,False,False
Democratic Republic of the Congo,2005,"Vanilla, raw",3.0,0.0,0.0,False,False,False
Democratic Republic of the Congo,2006,"Vanilla, raw",0.0,0.0,0.0,False,False,False
Democratic Republic of the Congo,2007,"Vanilla, raw",0.0,0.0,0.0,False,False,False
Democratic Republic of the Congo,2008,"Vanilla, raw",0.0,0.0,0.0,False,False,False
Democratic Republic of the Congo,2009,"Vanilla, raw",0.0,0.0,0.0,False,False,False
Democratic Republic of the Congo,2010,"Vanilla, raw",0.0,0.0,0.0,False,False,False
Democratic Republic of the Congo,2011,"Vanilla, raw",0.0,0.0,0.0,False,False,False
Democratic Republic of the Congo,2012,"Vanilla, raw",0.0,0.0,0.0,False,False,False
Democratic Republic of the Congo,2013,"Vanilla, raw",0.0,0.0,0.0,False,False,False
Democratic Republic of the Congo,2014,"Vanilla, raw",0.19,0.0,0.0,False,False,False
Democratic Republic of the Congo,2015,"Vanilla, raw",0.02,0.0,0.0,False,False,False
Democratic Republic of the Congo,2016,"Vanilla, raw",6.51,0.0,0.0,False,False,False
Democratic Republic of the Congo,2017,"Vanilla, raw",11.65,0.0,0.0,False,False,False
Democratic Republic of the Congo,2019,"Vanilla, raw",3.54,0.0,0.0,False,False,False
Democratic Republic of the Congo,2020,"Vanilla, raw",67.97,0.0,0.0,False,False,False
Democratic Republic of the Congo,2021,"Vanilla, raw",104.84,0.4,0.0,False,False,False
Democratic Republic of the Congo,2022,"Vanilla, raw",0.25,1.85,0.0,False,True,False
Democratic Republic of the Congo,2023,"Vanilla, raw",18.85,0.09,0.0,False,False,False
Denmark,1993,"Vanilla, raw",34.0,14.0,0.0,False,False,False
Denmark,1994,"Vanilla, raw",26.0,13.0,0.0,False,False,False
Denmark,1995,"Vanilla, raw",25.0,5.0,0.0,False,True,False
Denmark,1996,"Vanilla, raw",32.0,19.0,0.0,False,False,False
Denmark,1997,"Vanilla, raw",25.0,20.0,0.0,False,False,False
Denmark,1998,"Vanilla, raw",22.0,17.0,0.0,False,False,False
Denmark,1999,"Vanilla, raw",105.0,18.0,0.0,False,False,False
Denmark,2000,"Vanilla, raw",102.0,6.0,0.0,False,False,False
Denmark,2001,"Vanilla, raw",50.0,5.0,0.0,False,False,False
Denmark,2002,"Vanilla, raw",50.0,12.0,0.0,False,False,False
Denmark,2003,"Vanilla, raw",52.0,12.0,0.0,False,False,False
Denmark,2004,"Vanilla, raw",77.0,8.0,0.0,True,False,False
Denmark,2005,"Vanilla, raw",32.0,5.0,0.0,False,False,False
Denmark,2006,"Vanilla, raw",33.0,14.0,0.0,False,False,False
Denmark,2007,"Vanilla, raw",42.0,22.0,0.0,False,True,False
Denmark,2008,"Vanilla, raw",41.0,10.0,0.0,False,False,False
Denmark,2009,"Vanilla, raw",55.0,6.0,0.0,False,False,False
Denmark,2010,"Vanilla, raw",58.0,8.0,0.0,False,False,False
Denmark,2011,"Vanilla, raw",112.0,15.0,0.0,False,False,False
Denmark,2012,"Vanilla, raw",117.0,10.0,0.0,False,False,False
Denmark,2013,"Vanilla, raw",226.0,14.0,0.0,True,False,False
Denmark,2014,"Vanilla, raw",98.12,10.92,0.0,False,False,False
Denmark,2015,"Vanilla, raw",90.51,16.56,0.0,False,False,False
Denmark,2016,"Vanilla, raw",72.95,11.56,0.0,False,False,False
Denmark,2017,"Vanilla, raw",62.06,16.47,0.0,False,False,False
Denmark,2018,"Vanilla, raw",64.43,9.58,0.0,False,False,False
Denmark,2019,"Vanilla, raw",80.92,72.79,0.0,False,False,False
Denmark,2020,"Vanilla, raw",118.08,53.77,0.0,False,False,False
Denmark,2021,"Vanilla, raw",127.33,25.08,0.0,False,False,False
Denmark,2022,"Vanilla, raw",120.17,30.76,0.0,False,False,False
Denmark,2023,"Vanilla, raw",123.43,27.55,0.0,False,False,False
Djibouti,2014,"Vanilla, raw",0.06,0.0,0.0,False,False,False
Djibouti,2015,"Vanilla, raw",0.0,0.0,0.0,False,False,False
Djibouti,2016,"Vanilla, raw",0.08,0.0,0.0,False,False,False
Djibouti,2020,"Vanilla, raw",2.0,0.0,0.0,False,False,False
Djibouti,2023,"Vanilla, raw",16.19,16.1,0.0,False,False,False
Dominica,2012,"Vanilla, raw",0.0,0.0,0.0,False,False,False
Dominica,2013,"Vanilla, raw",0.0,0.0,0.0,False,False,False
Dominica,2019,"Vanilla, raw",0.02,0.0,0.0,False,False,False
Dominica,2022,"Vanilla, raw",0.02,0.0,0.0,False,False,False
Dominica,2023,"Vanilla, raw",0.03,0.0,0.0,False,False,False
Dominican Republic,1993,"Vanilla, raw",0.0,0.0,0.0,False,False,False
Dominican Republic,1994,"Vanilla, raw",0.0,0.0,0.0,False,False,False
Dominican Republic,1995,"Vanilla, raw",0.0,0.0,0.0,False,False,False
Dominican Republic,1996,"Vanilla, raw",0.0,0.0,0.0,False,False,False
Dominican Republic,1997,"Vanilla, raw",0.0,0.0,0.0,False,False,False
Dominican Republic,1998,"Vanilla, raw",0.0,0.0,0.0,False,False,False
Dominican Republic,1999,"Vanilla, raw",0.0,0.0,0.0,False,False,False
Dominican Republic,2000,"Vanilla, raw",0.0,0.0,0.0,False,False,False
Dominican Republic,2001,"Vanilla, raw",0.0,0.0,0.0,False,False,False
Dominican Republic,2002,"Vanilla, raw",0.0,0.0,0.0,False,False,False
Dominican Republic,2003,"Vanilla, raw",0.0,0.0,0.0,False,False,False
Dominican Republic,2004,"Vanilla, raw",0.0,0.0,0.0,False,False,False
Dominican Republic,2005,"Vanilla, raw",1.0,0.0,0.0,False,False,False
Dominican Republic,2006,"Vanilla, raw",5.0,0.0,0.0,False,False,False
Dominican Republic,2007,"Vanilla, raw",0.0,0.0,0.0,False,False,False
Dominican Republic,2008,"Vanilla, raw",0.0,0.0,0.0,False,False,False
Dominican Republic,2009,"Vanilla, raw",3.0,0.0,0.0,False,False,False
Dominican Republic,2010,"Vanilla, raw",2.0,0.0,0.0,False,False,False
Dominican Republic,2011,"Vanilla, raw",2.0,0.0,0.0,False,False,False
Dominican Republic,2012,"Vanilla, raw",4.0,1.0,0.0,True,False,False
Dominican Republic,2013,"Vanilla, raw",2.0,4.0,0.0,False,False,False
Dominican Republic,2014,"Vanilla, raw",1.49,144.54,0.0,False,False,False
Dominican Republic,2015,"Vanilla, raw",0.22,231.94,0.0,False,False,False
Dominican Republic,2016,"Vanilla, raw",0.11,262.43,0.0,False,False,False
Dominican Republic,2017,"Vanilla, raw",0.3,222.3,0.0,False,False,False
Dominican Republic,2018,"Vanilla, raw",0.14,409.71,0.0,False,False,False
Dominican Republic,2019,"Vanilla, raw",1.25,347.96,0.0,True,False,False
Dominican Republic,2020,"Vanilla, raw",0.63,163.19,0.0,False,False,False
Dominican Republic,2021,"Vanilla, raw",0.22,207.17,0.0,False,False,False
Dominican Republic,2022,"Vanilla, raw",0.44,182.66,0.0,False,False,False
Dominican Republic,2023,"Vanilla, raw",0.61,195.99,0.0,False,False,False
Ecuador,1993,"Vanilla, raw",1.0,11.0,0.0,True,True,False
Ecuador,1994,"Vanilla, raw",0.0,0.0,0.0,False,False,False
Ecuador,1995,"Vanilla, raw",0.0,0.0,0.0,False,False,False
Ecuador,1996,"Vanilla, raw",0.0,0.0,0.0,False,False,False
Ecuador,1997,"Vanilla, raw",0.0,0.0,0.0,False,False,False
Ecuador,1998,"Vanilla, raw",1.0,0.0,0.0,True,False,False
Ecuador,1999,"Vanilla, raw",0.0,0.0,0.0,False,False,False
Ecuador,2000,"Vanilla, raw",0.59,0.0,0.0,False,False,False
Ecuador,2001,"Vanilla, raw",0.0,0.0,0.0,False,False,False
Ecuador,2002,"Vanilla, raw",2.0,2.0,0.0,False,False,False
Ecuador,2003,"Vanilla, raw",2.0,2.0,0.0,False,False,False
Ecuador,2004,"Vanilla, raw",0.0,2.0,0.0,False,False,False
Ecuador,2005,"Vanilla, raw",1.0,4.0,0.0,False,False,False
Ecuador,2006,"Vanilla, raw",0.0,0.0,0.0,False,False,False
Ecuador,2007,"Vanilla, raw",0.0,4.0,0.0,False,False,False
Ecuador,2008,"Vanilla, raw",0.0,2.0,0.0,False,False,False
Ecuador,2009,"Vanilla, raw",0.0,7.0,0.0,False,True,False
Ecuador,2010,"Vanilla, raw",0.0,1.0,0.0,False,False,False
Ecuador,2011,"Vanilla, raw",0.0,1.0,0.0,False,False,False
Ecuador,2012,"Vanilla, raw",0.0,1.0,0.0,False,False,False
Ecuador,2013,"Vanilla, raw",0.0,0.0,0.0,False,False,False
Ecuador,2015,"Vanilla, raw",0.01,0.08,0.0,False,False,False
Ecuador,2021,"Vanilla, raw",0.07,1.35,0.0,False,False,False
Egypt,1993,"Vanilla, raw",2.0,0.0,0.0,False,False,False
Egypt,1994,"Vanilla, raw",8.0,4.0,0.0,False,False,False
Egypt,1995,"Vanilla, raw",0.0,5.0,0.0,False,False,False
Egypt,1996,"Vanilla, raw",10.0,0.0,0.0,False,False,False
Egypt,1997,"Vanilla, raw",0.0,0.0,0.0,False,False,False
Egypt,1998,"Vanilla, raw",3.0,0.0,0.0,False,False,False
Egypt,1999,"Vanilla, raw",0.0,0.0,0.0,False,False,False
Egypt,2000,"Vanilla, raw",1.12,0.11,0.0,False,False,False
Egypt,2001,"Vanilla, raw",0.0,1.0,0.0,False,False,False
Egypt,2002,"Vanilla, raw",1.0,3.0,0.0,False,True,False
Egypt,2003,"Vanilla, raw",3.0,0.0,0.0,False,False,False
Egypt,2004,"Vanilla, raw",0.0,0.0,0.0,False,False,False
Egypt,2005,"Vanilla, raw",1.0,0.0,0.0,False,False,False
Egypt,2006,"Vanilla, raw",11.0,0.0,0.0,False,False,False
Egypt,2007,"Vanilla, raw",26.0,0.0,0.0,False,False,False
Egypt,2008,"Vanilla, raw",26.0,0.0,0.0,False,False,False
Egypt,2009,"Vanilla, raw",16.0,258.0,0.0,False,True,False
Egypt,2010,"Vanilla, raw",0.0,0.0,0.0,False,False,False
Egypt,2011,"Vanilla, raw",2.0,70.0,0.0,False,False,False
Egypt,2012,"Vanilla, raw",2.0,8.0,0.0,False,False,False
Egypt,2013,"Vanilla, raw",13.0,2.0,0.0,True,False,False
Egypt,2014,"Vanilla, raw",4.44,0.0,0.0,False,False,False
Egypt,2015,"Vanilla, raw",2.56,0.0,0.0,False,False,False
Egypt,2016,"Vanilla, raw",6.49,0.05,0.0,False,False,False
Egypt,2017,"Vanilla, raw",2.56,0.0,0.0,False,False,False
Egypt,2018,"Vanilla, raw",1.05,0.0,0.0,False,False,False
Egypt,2020,"Vanilla, raw",0.0,0.0,0.0,False,False,False
Egypt,2021,"Vanilla, raw",0.0,0.0,0.0,False,False,False
Egypt,2022,"Vanilla, raw",0.0,0.0,0.0,False,False,False
Egypt,2023,"Vanilla, raw",0.0,0.0,0.0,False,False,False
El Salvador,1993,"Vanilla, raw",3.0,0.0,0.0,False,False,False
El Salvador,1994,"Vanilla, raw",2.0,0.0,0.0,False,False,False
El Salvador,1995,"Vanilla, raw",2.0,3.0,0.0,False,True,False
El Salvador,1996,"Vanilla, raw",3.0,0.0,0.0,False,False,False
El Salvador,1997,"Vanilla, raw",6.0,1.0,0.0,False,False,False
El Salvador,1998,"Vanilla, raw",16.0,0.0,0.0,False,False,False
El Salvador,1999,"Vanilla, raw",18.0,2.0,0.0,False,False,False
El Salvador,2000,"Vanilla, raw",22.15,22.04,0.0,False,True,False
El Salvador,2001,"Vanilla, raw",12.0,1.0,0.0,False,False,False
El Salvador,2002,"Vanilla, raw",21.0,10.0,0.0,False,False,False
El Salvador,2003,"Vanilla, raw",7.0,2.0,0.0,False,False,False
El Salvador,2004,"Vanilla, raw",4.0,3.0,0.0,False,False,False
El Salvador,2005,"Vanilla, raw",2.0,10.0,0.0,False,False,False
El Salvador,2006,"Vanilla, raw",1.0,6.0,0.0,False,False,False
El Salvador,2007,"Vanilla, raw",1.0,9.0,0.0,False,False,False
El Salvador,2008,"Vanilla, raw",0.0,8.0,0.0,False,False,False
El Salvador,2009,"Vanilla, raw",0.0,7.0,0.0,False,False,False
El Salvador,2010,"Vanilla, raw",0.0,17.0,0.0,False,False,False
El Salvador,2011,"Vanilla, raw",0.0,16.0,0.0,False,False,False
El Salvador,2012,"Vanilla, raw",0.0,0.0,0.0,False,False,False
El Salvador,2013,"Vanilla, raw",0.0,0.0,0.0,False,False,False
El Salvador,2014,"Vanilla, raw",0.05,0.01,0.0,False,False,False
El Salvador,2015,"Vanilla, raw",0.06,0.01,0.0,False,False,False
El Salvador,2016,"Vanilla, raw",0.05,0.0,0.0,False,False,False
El Salvador,2017,"Vanilla, raw",1.51,0.0,0.0,True,False,False
El Salvador,2018,"Vanilla, raw",0.54,0.0,0.0,False,False,False
El Salvador,2019,"Vanilla, raw",0.03,0.0,0.0,False,False,False
El Salvador,2020,"Vanilla, raw",0.02,0.0,0.0,False,False,False
El Salvador,2021,"Vanilla, raw",1.18,0.0,0.0,True,False,False
El Salvador,2022,"Vanilla, raw",0.0,0.0,0.0,False,False,False
El Salvador,2023,"Vanilla, raw",0.0,0.0,0.0,False,False,False
Equatorial Guinea,2014,"Vanilla, raw",0.01,0.0,0.0,False,False,False
Equatorial Guinea,2015,"Vanilla, raw",0.02,0.0,0.0,False,False,False
Equatorial Guinea,2016,"Vanilla, raw",0.09,0.0,0.0,True,False,False
Equatorial Guinea,2017,"Vanilla, raw",0.0,0.0,0.0,False,False,False
Equatorial Guinea,2018,"Vanilla, raw",0.0,0.0,0.0,False,False,False
Equatorial Guinea,2020,"Vanilla, raw",0.11,0.0,0.0,False,False,False
Equatorial Guinea,2021,"Vanilla, raw",0.01,0.0,0.0,False,False,False
Equatorial Guinea,2022,"Vanilla, raw",0.38,0.06,0.0,False,True,False
Equatorial Guinea,2023,"Vanilla, raw",0.41,0.0,0.0,False,False,False
Eritrea,2020,"Vanilla, raw",0.14,0.0,0.0,False,False,False
Estonia,1993,"Vanilla, raw",2.0,0.0,0.0,False,False,False
Estonia,1994,"Vanilla, raw",2.0,0.0,0.0,False,False,False
Estonia,1995,"Vanilla, raw",1.0,0.0,0.0,False,False,False
Estonia,1996,"Vanilla, raw",1.0,0.0,0.0,False,False,False
Estonia,1997,"Vanilla, raw",11.0,0.0,0.0,True,False,False
Estonia,1998,"Vanilla, raw",6.0,2.0,0.0,False,True,False
Estonia,1999,"Vanilla, raw",2.0,1.0,0.0,False,False,False
Estonia,2000,"Vanilla, raw",1.0,0.0,0.0,False,False,False
Estonia,2001,"Vanilla, raw",1.0,0.0,0.0,False,False,False
Estonia,2002,"Vanilla, raw",1.0,0.0,0.0,False,False,False
Estonia,2003,"Vanilla, raw",3.0,1.0,0.0,True,True,False
Estonia,2004,"Vanilla, raw",1.0,0.0,0.0,False,False,False
Estonia,2005,"Vanilla, raw",1.0,0.0,0.0,False,False,False
Estonia,2006,"Vanilla, raw",2.0,0.0,0.0,False,False,False
Estonia,2007,"Vanilla, raw",2.0,0.0,0.0,False,False,False
Estonia,2008,"Vanilla, raw",2.0,1.0,0.0,False,False,False
Estonia,2009,"Vanilla, raw",1.0,1.0,0.0,True,False,False
Estonia,2010,"Vanilla, raw",2.0,0.0,0.0,False,False,False
Estonia,2011,"Vanilla, raw",3.0,1.0,0.0,False,False,False
Estonia,2012,"Vanilla, raw",7.0,3.0,0.0,False,False,False
Estonia,2013,"Vanilla, raw",6.0,3.0,0.0,False,False,False
Estonia,2014,"Vanilla, raw",7.8,2.23,0.0,False,False,False
Estonia,2015,"Vanilla, raw",6.24,1.73,0.0,False,False,False
Estonia,2016,"Vanilla, raw",5.03,4.74,0.0,False,True,False
Estonia,2017,"Vanilla, raw",5.52,1.71,0.0,False,False,False
Estonia,2018,"Vanilla, raw",3.37,1.48,0.0,False,False,False
Estonia,2019,"Vanilla, raw",0.93,1.01,0.0,False,False,False
Estonia,2020,"Vanilla, raw",0.81,0.69,0.0,False,False,False
Estonia,2021,"Vanilla, raw",1.16,0.77,0.0,False,False,False
Estonia,2022,"Vanilla, raw",2.49,0.59,0.0,False,False,False
Estonia,2023,"Vanilla, raw",2.39,0.49,0.0,False,False,False
Eswatini,1997,"Vanilla, raw",1.0,0.0,0.0,False,False,False
Eswatini,1998,"Vanilla, raw",2.0,0.0,0.0,False,False,False
Eswatini,1999,"Vanilla, raw",7.0,0.0,0.0,False,False,False
Eswatini,2000,"Vanilla, raw",6.9,0.0,0.0,False,False,False
Eswatini,2001,"Vanilla, raw",3.0,0.0,0.0,False,False,False
Eswatini,2002,"Vanilla, raw",4.0,0.0,0.0,False,False,False
Eswatini,2003,"Vanilla, raw",2.0,1.0,0.0,False,False,False
Eswatini,2004,"Vanilla, raw",4.0,1.0,0.0,False,False,False
Eswatini,2005,"Vanilla, raw",5.0,1.0,0.0,False,False,False
Eswatini,2006,"Vanilla, raw",2.0,0.0,0.0,False,False,False
Eswatini,2007,"Vanilla, raw",1.0,0.0,0.0,False,False,False
Eswatini,2008,"Vanilla, raw",1.0,0.0,0.0,False,False,False
Eswatini,2009,"Vanilla, raw",1.0,0.0,0.0,False,False,False
Eswatini,2010,"Vanilla, raw",1.0,0.0,0.0,False,False,False
Eswatini,2011,"Vanilla, raw",1.0,0.0,0.0,False,False,False
Eswatini,2012,"Vanilla, raw",1.0,0.0,0.0,False,False,False
Eswatini,2013,"Vanilla, raw",5.0,0.0,0.0,False,False,False
Eswatini,2014,"Vanilla, raw",7.83,0.0,0.0,False,False,False
Eswatini,2015,"Vanilla, raw",11.4,0.05,0.0,False,True,False
Eswatini,2016,"Vanilla, raw",9.32,0.0,0.0,False,False,False
Eswatini,2017,"Vanilla, raw",11.97,0.0,0.0,False,False,False
Eswatini,2018,"Vanilla, raw",11.42,0.0,0.0,False,False,False
Eswatini,2019,"Vanilla, raw",21.2,0.0,0.0,True,False,False
Eswatini,2020,"Vanilla, raw",10.49,0.0,0.0,False,False,False
Eswatini,2021,"Vanilla, raw",2.79,0.0,0.0,False,False,False
Eswatini,2022,"Vanilla, raw",0.56,0.0,0.0,False,False,False
Eswatini,2023,"Vanilla, raw",0.48,0.0,0.0,False,False,False
Ethiopia,1995,"Vanilla, raw",2.0,0.0,0.0,False,False,False
Ethiopia,1996,"Vanilla, raw",2.0,0.0,0.0,False,False,False
Ethiopia,1997,"Vanilla, raw",2.0,0.0,0.0,False,False,False
Ethiopia,1998,"Vanilla, raw",1.0,0.0,0.0,False,False,False
Ethiopia,1999,"Vanilla, raw",1.0,0.0,0.0,False,False,False
Ethiopia,2000,"Vanilla, raw",0.47,0.0,0.0,False,False,False
Ethiopia,2001,"Vanilla, raw",0.47,0.0,0.0,False,False,False
Ethiopia,2002,"Vanilla, raw",0.0,0.0,0.0,False,False,False
Ethiopia,2003,"Vanilla, raw",2.0,2.0,0.0,False,False,False
Ethiopia,2004,"Vanilla, raw",8.0,2.0,0.0,True,False,False
Ethiopia,2005,"Vanilla, raw",0.0,0.0,0.0,False,False,False
Ethiopia,2006,"Vanilla, raw",1.0,0.0,0.0,False,False,False
Ethiopia,2007,"Vanilla, raw",1.0,0.0,0.0,False,False,False
Ethiopia,2008,"Vanilla, raw",16.0,0.0,0.0,True,False,False
Ethiopia,2009,"Vanilla, raw",9.0,0.0,0.0,False,False,False
Ethiopia,2010,"Vanilla, raw",1.0,0.0,0.0,False,False,False
Ethiopia,2011,"Vanilla, raw",2.0,0.0,0.0,False,False,False
Ethiopia,2012,"Vanilla, raw",3.0,0.0,0.0,False,False,False
Ethiopia,2013,"Vanilla, raw",19.0,0.0,0.0,False,False,False
Ethiopia,2014,"Vanilla, raw",19.8,0.0,0.0,False,False,False
Ethiopia,2015,"Vanilla, raw",32.47,0.05,0.0,False,True,False
Ethiopia,2016,"Vanilla, raw",8.28,0.0,0.0,False,False,False
Ethiopia,2017,"Vanilla, raw",5.58,0.0,0.0,False,False,False
Ethiopia,2018,"Vanilla, raw",0.84,0.0,0.0,False,False,False
Ethiopia,2019,"Vanilla, raw",5.08,0.0,0.0,False,False,False
Ethiopia,2020,"Vanilla, raw",0.23,0.03,0.0,False,False,False
Ethiopia,2021,"Vanilla, raw",0.01,6.01,0.0,False,False,False
Ethiopia,2022,"Vanilla, raw",0.25,8.0,0.0,False,False,False
Ethiopia,2023,"Vanilla, raw",0.13,0.0,0.0,False,False,False
Faroe Islands,1993,"Vanilla, raw",1.0,0.0,0.0,False,False,False
Faroe Islands,1994,"Vanilla, raw",1.0,0.0,0.0,False,False,False
Faroe Islands,1995,"Vanilla, raw",1.0,0.0,0.0,False,False,False
Faroe Islands,1996,"Vanilla, raw",1.0,0.0,0.0,False,False,False
Faroe Islands,1997,"Vanilla, raw",1.0,0.0,0.0,False,False,False
Faroe Islands,1998,"Vanilla, raw",1.0,0.0,0.0,False,False,False
Faroe Islands,1999,"Vanilla, raw",1.0,0.0,0.0,False,False,False
Faroe Islands,2000,"Vanilla, raw",1.0,0.0,0.0,False,False,False
Faroe Islands,2001,"Vanilla, raw",1.0,0.0,0.0,False,False,False
Faroe Islands,2002,"Vanilla, raw",1.0,0.0,0.0,False,False,False
Faroe Islands,2003,"Vanilla, raw",1.0,0.0,0.0,False,False,False
Faroe Islands,2004,"Vanilla, raw",1.0,0.0,0.0,False,False,False
Faroe Islands,2005,"Vanilla, raw",0.0,0.0,0.0,True,False,False
Faroe Islands,2006,"Vanilla, raw",1.0,0.0,0.0,False,False,False
Faroe Islands,2007,"Vanilla, raw",1.0,0.0,0.0,False,False,False
Faroe Islands,2008,"Vanilla, raw",1.0,0.0,0.0,False,False,False
Faroe Islands,2009,"Vanilla, raw",0.0,0.0,0.0,True,False,False
Faroe Islands,2010,"Vanilla, raw",1.0,0.0,0.0,False,False,False
Faroe Islands,2011,"Vanilla, raw",2.0,0.0,0.0,True,False,False
Faroe Islands,2012,"Vanilla, raw",1.0,0.0,0.0,False,False,False
Faroe Islands,2013,"Vanilla, raw",1.0,0.0,0.0,False,False,False
Faroe Islands,2014,"Vanilla, raw",1.2,0.0,0.0,False,False,False
Faroe Islands,2015,"Vanilla, raw",1.0,0.0,0.0,False,False,False
Faroe Islands,2016,"Vanilla, raw",1.46,0.0,0.0,False,False,False
Faroe Islands,2017,"Vanilla, raw",1.05,0.0,0.0,False,False,False
Faroe Islands,2018,"Vanilla, raw",1.51,0.0,0.0,False,False,False
Faroe Islands,2019,"Vanilla, raw",1.57,0.0,0.0,False,False,False
Faroe Islands,2020,"Vanilla, raw",3.73,0.0,0.0,True,False,False
Faroe Islands,2021,"Vanilla, raw",1.43,0.0,0.0,False,False,False
Faroe Islands,2022,"Vanilla, raw",1.37,0.0,0.0,False,False,False
Faroe Islands,2023,"Vanilla, raw",1.81,0.0,0.0,False,False,False
Fiji,1993,"Vanilla, raw",0.0,0.0,0.0,False,False,False
Fiji,1994,"Vanilla, raw",0.0,0.0,0.0,False,False,False
Fiji,1995,"Vanilla, raw",0.0,0.0,0.0,False,False,False
Fiji,1996,"Vanilla, raw",0.0,0.0,0.0,False,False,False
Fiji,1997,"Vanilla, raw",0.0,0.0,0.0,False,False,False
Fiji,1998,"Vanilla, raw",0.0,0.0,0.0,False,False,False
Fiji,1999,"Vanilla, raw",0.0,0.0,0.0,False,False,False
Fiji,2000,"Vanilla, raw",0.0,0.0,0.0,False,False,False
Fiji,2001,"Vanilla, raw",2.0,0.0,0.0,True,False,False
Fiji,2002,"Vanilla, raw",0.0,4.0,0.0,False,True,False
Fiji,2003,"Vanilla, raw",0.0,0.0,0.0,False,False,False
Fiji,2004,"Vanilla, raw",1.0,0.0,0.0,False,False,False
Fiji,2005,"Vanilla, raw",3.0,2.0,0.0,False,False,False
Fiji,2006,"Vanilla, raw",2.0,2.0,0.0,False,False,False
Fiji,2007,"Vanilla, raw",0.0,2.0,0.0,False,False,False
Fiji,2008,"Vanilla, raw",0.0,2.0,0.0,False,False,False
Fiji,2009,"Vanilla, raw",0.0,1.0,0.0,False,False,False
Fiji,2010,"Vanilla, raw",0.0,2.0,0.0,False,False,False
Fiji,2011,"Vanilla, raw",1.0,2.0,0.0,False,False,False
Fiji,2012,"Vanilla, raw",1.0,1.0,0.0,False,False,False
Fiji,2013,"Vanilla, raw",1.0,0.0,0.0,False,False,False
Fiji,2014,"Vanilla, raw",2.68,1.84,0.0,False,False,False
Fiji,2015,"Vanilla, raw",1.7,2.39,0.0,False,False,False
Fiji,2016,"Vanilla, raw",2.72,1.31,0.0,False,False,False
Fiji,2017,"Vanilla, raw",3.56,0.0,0.0,False,False,False
Fiji,2018,"Vanilla, raw",2.36,0.0,0.0,False,False,False
Fiji,2019,"Vanilla, raw",1.39,1.49,0.0,False,False,False
Fiji,2020,"Vanilla, raw",0.59,0.0,0.0,False,False,False
Fiji,2021,"Vanilla, raw",0.16,0.0,0.0,False,False,False
Fiji,2022,"Vanilla, raw",0.54,0.0,0.0,False,False,False
Fiji,2023,"Vanilla, raw",1.81,0.0,0.0,True,False,False
Finland,1993,"Vanilla, raw",1.0,0.0,0.0,False,False,False
Finland,1994,"Vanilla, raw",1.0,1.0,0.0,False,True,False
Finland,1995,"Vanilla, raw",0.0,0.0,0.0,True,False,False
Finland,1996,"Vanilla, raw",1.0,0.0,0.0,False,False,False
Finland,1997,"Vanilla, raw",1.0,0.0,0.0,False,False,False
Finland,1998,"Vanilla, raw",17.0,0.0,0.0,True,False,False
Finland,1999,"Vanilla, raw",2.0,0.0,0.0,False,False,False
Finland,2000,"Vanilla, raw",5.0,0.0,0.0,False,False,False
Finland,2001,"Vanilla, raw",6.0,0.0,0.0,False,False,False
Finland,2002,"Vanilla, raw",0.0,0.0,0.0,False,False,False
Finland,2003,"Vanilla, raw",3.0,0.0,0.0,False,False,False
Finland,2004,"Vanilla, raw",6.0,0.0,0.0,False,False,False
Finland,2005,"Vanilla, raw",4.0,0.0,0.0,False,False,False
Finland,2006,"Vanilla, raw",1.0,0.0,0.0,False,False,False
Finland,2007,"Vanilla, raw",1.0,0.0,0.0,False,False,False
Finland,2008,"Vanilla, raw",3.0,0.0,0.0,False,False,False
Finland,2009,"Vanilla, raw",11.0,0.0,0.0,True,False,False
Finland,2010,"Vanilla, raw",3.0,0.0,0.0,False,False,False
Finland,2011,"Vanilla, raw",4.0,0.0,0.0,False,False,False
Finland,2012,"Vanilla, raw",4.0,0.0,0.0,False,False,False
Finland,2013,"Vanilla, raw",6.0,0.0,0.0,False,False,False
Finland,2014,"Vanilla, raw",8.41,0.37,0.0,False,False,False
Finland,2015,"Vanilla, raw",5.84,0.13,0.0,False,False,False
Finland,2016,"Vanilla, raw",9.03,0.19,0.0,False,False,False
Finland,2017,"Vanilla, raw",6.05,0.06,0.0,False,False,False
Finland,2018,"Vanilla, raw",5.8,0.01,0.0,False,False,False
Finland,2019,"Vanilla, raw",6.31,0.01,0.0,False,False,False
Finland,2020,"Vanilla, raw",7.33,0.01,0.0,True,False,False
Finland,2021,"Vanilla, raw",6.56,0.0,0.0,False,False,False
Finland,2022,"Vanilla, raw",6.06,0.0,0.0,False,False,False
Finland,2023,"Vanilla, raw",5.24,0.0,0.0,False,False,False
France,1993,"Vanilla, raw",246.0,135.0,0.0,False,False,False
France,1994,"Vanilla, raw",322.0,91.0,0.0,False,False,False
France,1995,"Vanilla, raw",435.0,155.0,0.0,False,False,False
France,1996,"Vanilla, raw",407.0,97.0,0.0,False,False,False
France,1997,"Vanilla, raw",464.0,127.0,0.0,False,False,False
France,1998,"Vanilla, raw",490.0,132.0,0.0,False,False,False
France,1999,"Vanilla, raw",564.0,147.0,0.0,False,False,False
France,2000,"Vanilla, raw",493.0,151.0,0.0,False,False,False
France,2001,"Vanilla, raw",414.0,130.0,0.0,False,False,False
France,2002,"Vanilla, raw",450.0,136.0,0.0,False,False,False
France,2003,"Vanilla, raw",477.0,244.0,0.0,False,False,False
France,2004,"Vanilla, raw",277.0,152.0,0.0,False,False,False
France,2005,"Vanilla, raw",545.0,221.0,0.0,False,False,False
France,2006,"Vanilla, raw",791.0,438.0,0.0,False,False,False
France,2007,"Vanilla, raw",997.0,457.0,0.0,False,False,False
France,2008,"Vanilla, raw",979.0,469.0,0.0,False,False,False
France,2009,"Vanilla, raw",942.0,643.0,0.0,False,False,False
France,2010,"Vanilla, raw",1164.0,610.0,0.0,False,False,False
France,2011,"Vanilla, raw",1057.0,437.0,0.0,False,False,False
France,2012,"Vanilla, raw",1002.0,1429.0,0.0,False,True,False
France,2013,"Vanilla, raw",1157.0,785.0,0.0,False,False,False
France,2014,"Vanilla, raw",1065.93,754.4,0.0,False,False,False
France,2015,"Vanilla, raw",1361.36,688.28,0.0,False,False,False
France,2016,"Vanilla, raw",891.25,532.09,0.0,False,False,False
France,2017,"Vanilla, raw",1355.51,433.04,0.0,False,False,False
France,2018,"Vanilla, raw",850.27,401.46,0.0,False,False,False
France,2019,"Vanilla, raw",774.86,378.81,0.0,False,False,False
France,2020,"Vanilla, raw",859.2,350.48,0.0,False,False,False
France,2021,"Vanilla, raw",1080.9,475.97,0.0,False,False,False
France,2022,"Vanilla, raw",1234.43,449.03,0.0,False,False,False
France,2023,"Vanilla, raw",818.78,330.62,0.0,False,False,False
French Polynesia,2001,"Vanilla, raw",0.0,6.0,30.0,False,False,False
French Polynesia,2002,"Vanilla, raw",1.0,11.0,37.0,True,False,False
French Polynesia,2003,"Vanilla, raw",0.0,12.0,31.0,False,False,False
French Polynesia,2004,"Vanilla, raw",0.0,8.0,44.0,False,False,False
French Polynesia,2005,"Vanilla, raw",0.0,10.0,49.0,False,False,False
French Polynesia,2006,"Vanilla, raw",0.0,9.0,25.0,False,False,False
French Polynesia,2007,"Vanilla, raw",0.0,11.0,37.0,False,False,False
French Polynesia,2008,"Vanilla, raw",0.0,9.0,49.0,False,False,False
French Polynesia,2009,"Vanilla, raw",0.0,11.0,74.0,False,False,False
French Polynesia,2010,"Vanilla, raw",0.0,13.0,44.0,False,False,False
French Polynesia,2011,"Vanilla, raw",0.0,13.0,52.0,False,False,False
French Polynesia,2012,"Vanilla, raw",0.0,17.0,57.0,False,False,False
French Polynesia,2013,"Vanilla, raw",0.0,17.0,28.0,False,False,False
French Polynesia,2014,"Vanilla, raw",0.15,17.72,27.0,False,False,False
French Polynesia,2015,"Vanilla, raw",0.2,11.68,11.0,False,False,False
French Polynesia,2016,"Vanilla, raw",0.07,12.26,26.0,False,False,False
French Polynesia,2017,"Vanilla, raw",0.48,10.99,17.0,True,False,False
French Polynesia,2018,"Vanilla, raw",0.01,12.53,38.0,False,False,False
French Polynesia,2019,"Vanilla, raw",0.02,13.52,21.0,False,False,False
French Polynesia,2021,"Vanilla, raw",0.0,11.78,38.36,False,False,False
French Polynesia,2022,"Vanilla, raw",0.01,12.57,32.83,False,False,False
French Polynesia,2023,"Vanilla, raw",0.67,10.94,7.76,False,False,False
Gabon,1993,"Vanilla, raw",1.0,0.0,0.0,False,False,False
Gabon,1994,"Vanilla, raw",0.0,0.0,0.0,False,False,False
Gabon,1995,"Vanilla, raw",2.0,0.0,0.0,False,False,False
Gabon,1996,"Vanilla, raw",0.0,0.0,0.0,False,False,False
Gabon,1997,"Vanilla, raw",0.0,0.0,0.0,False,False,False
Gabon,1998,"Vanilla, raw",1.0,0.0,0.0,False,False,False
Gabon,1999,"Vanilla, raw",0.0,0.0,0.0,False,False,False
Gabon,2000,"Vanilla, raw",0.0,0.0,0.0,False,False,False
Gabon,2001,"Vanilla, raw",0.0,0.0,0.0,False,False,False
Gabon,2002,"Vanilla, raw",1.0,0.0,0.0,False,False,False
Gabon,2003,"Vanilla, raw",1.0,0.0,0.0,False,False,False
Gabon,2004,"Vanilla, raw",0.0,0.0,0.0,False,False,False
Gabon,2005,"Vanilla, raw",1.0,0.0,0.0,False,False,False
Gabon,2006,"Vanilla, raw",2.0,0.0,0.0,False,False,False
Gabon,2007,"Vanilla, raw",2.0,0.0,0.0,False,False,False
Gabon,2008,"Vanilla, raw",2.0,0.0,0.0,False,False,False
Gabon,2009,"Vanilla, raw",2.0,0.0,0.0,False,False,False
Gabon,2010,"Vanilla, raw",0.0,0.0,0.0,False,False,False
Gabon,2011,"Vanilla, raw",1.0,0.0,0.0,False,False,False
Gabon,2012,"Vanilla, raw",1.0,0.0,0.0,False,False,False
Gabon,2013,"Vanilla, raw",1.0,0.0,0.0,False,False,False
Gabon,2014,"Vanilla, raw",0.11,0.0,0.0,False,False,False
Gabon,2015,"Vanilla, raw",0.07,0.0,0.0,False,False,False
Gabon,2016,"Vanilla, raw",1.12,0.0,0.0,False,False,False
Gabon,2017,"Vanilla, raw",0.02,0.0,0.0,False,False,False
Gabon,2018,"Vanilla, raw",0.0,0.0,0.0,False,False,False
Gabon,2019,"Vanilla, raw",0.98,0.0,0.0,False,False,False
Gabon,2020,"Vanilla, raw",0.7,0.0,0.0,False,False,False
Gabon,2021,"Vanilla, raw",1.39,0.0,0.0,False,False,False
Gabon,2022,"Vanilla, raw",2.98,0.0,0.0,False,False,False
Gabon,2023,"Vanilla, raw",7.95,0.0,0.0,False,False,False
Gambia,2008,"Vanilla, raw",1.0,0.0,0.0,False,False,False
Gambia,2009,"Vanilla, raw",6.0,0.0,0.0,True,False,False
Gambia,2010,"Vanilla, raw",1.0,0.0,0.0,False,False,False
Gambia,2011,"Vanilla, raw",0.0,0.0,0.0,False,False,False
Gambia,2012,"Vanilla, raw",0.0,0.0,0.0,False,False,False
Gambia,2013,"Vanilla, raw",0.0,0.0,0.0,False,False,False
Gambia,2016,"Vanilla, raw",0.75,0.0,0.0,False,False,False
Gambia,2017,"Vanilla, raw",6.5,0.0,0.0,False,False,False
Gambia,2021,"Vanilla, raw",0.75,0.0,0.0,False,False,False
Gambia,2022,"Vanilla, raw",0.02,0.0,0.0,False,False,False
Georgia,1994,"Vanilla, raw",1.0,0.0,0.0,False,False,False
Georgia,2000,"Vanilla, raw",25.0,0.0,0.0,False,False,False
Georgia,2001,"Vanilla, raw",27.0,0.0,0.0,False,False,False
Georgia,2002,"Vanilla, raw",28.0,0.0,0.0,False,False,False
Georgia,2003,"Vanilla, raw",14.0,0.0,0.0,False,False,False
Georgia,2004,"Vanilla, raw",42.0,0.0,0.0,False,False,False
Georgia,2005,"Vanilla, raw",57.0,0.0,0.0,False,False,False
Georgia,2006,"Vanilla, raw",69.0,0.0,0.0,False,False,False
Georgia,2007,"Vanilla, raw",90.0,0.0,0.0,False,False,False
Georgia,2008,"Vanilla, raw",87.0,0.0,0.0,False,False,False
Georgia,2009,"Vanilla, raw",83.0,0.0,0.0,False,False,False
Georgia,2010,"Vanilla, raw",115.0,0.0,0.0,False,False,False
Georgia,2011,"Vanilla, raw",11.0,0.0,0.0,False,False,False
Georgia,2012,"Vanilla, raw",6.0,0.0,0.0,False,False,False
Georgia,2013,"Vanilla, raw",11.0,3.0,0.0,False,False,False
Georgia,2014,"Vanilla, raw",4.43,4.31,0.0,False,False,False
Georgia,2015,"Vanilla, raw",0.79,2.21,0.0,False,False,False
Georgia,2016,"Vanilla, raw",0.72,0.01,0.0,False,False,False
Georgia,2017,"Vanilla, raw",0.42,0.0,0.0,False,False,False
Georgia,2018,"Vanilla, raw",0.07,0.0,0.0,False,False,False
Georgia,2019,"Vanilla, raw",3.19,0.0,0.0,False,False,False
Georgia,2020,"Vanilla, raw",0.63,0.0,0.0,False,False,False
Georgia,2021,"Vanilla, raw",0.19,0.0,0.0,False,False,False
Georgia,2022,"Vanilla, raw",7.39,0.05,0.0,True,True,False
Georgia,2023,"Vanilla, raw",3.25,0.0,0.0,False,False,False
Germany,1993,"Vanilla, raw",348.0,252.0,0.0,False,False,False
Germany,1994,"Vanilla, raw",344.0,231.0,0.0,False,False,False
Germany,1995,"Vanilla, raw",337.0,191.0,0.0,False,False,False
Germany,1996,"Vanilla, raw",285.0,185.0,0.0,True,False,False
Germany,1997,"Vanilla, raw",329.0,217.0,0.0,False,False,False
Germany,1998,"Vanilla, raw",326.0,196.0,0.0,False,False,False
Germany,1999,"Vanilla, raw",327.0,160.0,0.0,False,False,False
Germany,2000,"Vanilla, raw",311.0,180.0,0.0,False,False,False
Germany,2001,"Vanilla, raw",197.0,114.0,0.0,False,False,False
Germany,2002,"Vanilla, raw",195.0,152.0,0.0,False,False,False
Germany,2003,"Vanilla, raw",199.0,111.0,0.0,False,False,False
Germany,2004,"Vanilla, raw",182.0,111.0,0.0,False,False,False
Germany,2005,"Vanilla, raw",271.0,163.0,0.0,False,False,False
Germany,2006,"Vanilla, raw",422.0,213.0,0.0,False,False,False
Germany,2007,"Vanilla, raw",578.0,268.0,0.0,False,False,False
Germany,2008,"Vanilla, raw",498.0,310.0,0.0,False,False,False
Germany,2009,"Vanilla, raw",532.0,315.0,0.0,False,False,False
Germany,2010,"Vanilla, raw",683.0,306.0,0.0,False,False,False
Germany,2011,"Vanilla, raw",493.0,343.0,0.0,False,False,False
Germany,2012,"Vanilla, raw",733.0,416.0,0.0,False,False,False
Germany,2013,"Vanilla, raw",829.0,489.0,0.0,False,False,False
Germany,2014,"Vanilla, raw",796.39,401.06,0.0,False,False,False
Germany,2015,"Vanilla, raw",748.77,441.36,0.0,False,False,False
Germany,2016,"Vanilla, raw",605.38,288.52,0.0,False,False,False
Germany,2017,"Vanilla, raw",408.35,261.42,0.0,False,False,False
Germany,2018,"Vanilla, raw",497.17,204.12,0.0,False,False,False
Germany,2019,"Vanilla, raw",466.03,219.53,0.0,False,False,False
Germany,2020,"Vanilla, raw",457.31,209.13,0.0,False,False,False
Germany,2021,"Vanilla, raw",710.57,248.69,0.0,True,False,False
Germany,2022,"Vanilla, raw",519.25,247.95,0.0,False,False,False
Germany,2023,"Vanilla, raw",404.1,198.29,0.0,False,False,False
Ghana,1996,"Vanilla, raw",0.0,0.0,0.0,False,False,False
Ghana,1997,"Vanilla, raw",1.0,0.0,0.0,False,False,False
Ghana,1998,"Vanilla, raw",1.0,0.0,0.0,False,False,False
Ghana,1999,"Vanilla, raw",0.0,0.0,0.0,False,False,False
Ghana,2000,"Vanilla, raw",2.59,0.0,0.0,False,False,False
Ghana,2001,"Vanilla, raw",1.0,0.0,0.0,False,False,False
Ghana,2002,"Vanilla, raw",1.0,0.0,0.0,False,False,False
Ghana,2003,"Vanilla, raw",5.0,2.0,0.0,False,True,False
Ghana,2004,"Vanilla, raw",0.0,0.0,0.0,False,False,False
Ghana,2005,"Vanilla, raw",15.0,0.0,0.0,False,False,False
Ghana,2006,"Vanilla, raw",2.0,0.0,0.0,False,False,False
Ghana,2007,"Vanilla, raw",15.0,0.0,0.0,False,False,False
Ghana,2008,"Vanilla, raw",12.0,0.0,0.0,False,False,False
Ghana,2009,"Vanilla, raw",2.0,0.0,0.0,False,False,False
Ghana,2010,"Vanilla, raw",1.0,0.0,0.0,False,False,False
Ghana,2011,"Vanilla, raw",1.0,0.0,0.0,False,False,False
Ghana,2012,"Vanilla, raw",0.0,0.0,0.0,False,False,False
Ghana,2013,"Vanilla, raw",1.0,0.0,0.0,False,False,False
Ghana,2014,"Vanilla, raw",0.02,0.0,0.0,False,False,False
Ghana,2015,"Vanilla, raw",1.58,0.78,0.0,False,False,False
Ghana,2016,"Vanilla, raw",0.73,2.17,0.0,False,True,False
Ghana,2017,"Vanilla, raw",7.1,0.0,0.0,True,False,False
Ghana,2018,"Vanilla, raw",2.0,0.0,0.0,False,False,False
Ghana,2019,"Vanilla, raw",0.76,0.04,0.0,False,False,False
Ghana,2020,"Vanilla, raw",0.02,0.0,0.0,False,False,False
Ghana,2021,"Vanilla, raw",0.04,0.01,0.0,False,False,False
Ghana,2022,"Vanilla, raw",1.76,0.0,0.0,False,False,False
Ghana,2023,"Vanilla, raw",1.05,0.0,0.0,False,False,False
Greece,1994,"Vanilla, raw",2.0,1.0,0.0,False,False,False
Greece,1995,"Vanilla, raw",0.0,1.0,0.0,True,False,False
Greece,1996,"Vanilla, raw",2.0,2.0,0.0,False,False,False
Greece,1997,"Vanilla, raw",2.0,5.0,0.0,False,False,False
Greece,1998,"Vanilla, raw",4.0,7.0,0.0,False,False,False
Greece,1999,"Vanilla, raw",6.0,9.0,0.0,False,False,False
Greece,2000,"Vanilla, raw",2.0,29.0,0.0,False,False,False
Greece,2001,"Vanilla, raw",3.0,38.0,0.0,False,False,False
Greece,2002,"Vanilla, raw",4.0,35.0,0.0,False,False,False
Greece,2003,"Vanilla, raw",4.0,18.0,0.0,False,False,False
Greece,2004,"Vanilla, raw",11.0,1.0,0.0,True,False,False
Greece,2005,"Vanilla, raw",1.0,0.0,0.0,False,False,False
Greece,2006,"Vanilla, raw",4.0,1.0,0.0,False,False,False
Greece,2007,"Vanilla, raw",7.0,1.0,0.0,False,False,False
Greece,2008,"Vanilla, raw",11.0,1.0,0.0,False,False,False
Greece,2009,"Vanilla, raw",3.0,1.0,0.0,False,False,False
Greece,2010,"Vanilla, raw",3.0,2.0,0.0,False,False,False
Greece,2011,"Vanilla, raw",6.0,0.0,0.0,False,False,False
Greece,2012,"Vanilla, raw",13.0,0.0,0.0,False,False,False
Greece,2013,"Vanilla, raw",10.0,0.0,0.0,False,False,False
Greece,2014,"Vanilla, raw",99.7,0.08,0.0,True,False,False
Greece,2015,"Vanilla, raw",50.69,10.52,0.0,False,False,False
Greece,2016,"Vanilla, raw",19.83,1.24,0.0,False,False,False
Greece,2017,"Vanilla, raw",9.09,1.7,0.0,False,False,False
Greece,2018,"Vanilla, raw",4.51,13.01,0.0,False,False,False
Greece,2019,"Vanilla, raw",36.18,7.9,0.0,True,False,False
Greece,2020,"Vanilla, raw",14.38,11.07,0.0,False,False,False
Greece,2021,"Vanilla, raw",11.49,3.93,0.0,False,False,False
Greece,2022,"Vanilla, raw",7.09,0.27,0.0,False,False,False
Greece,2023,"Vanilla, raw",7.12,5.22,0.0,False,False,False
Grenada,2006,"Vanilla, raw",0.0,0.0,0.0,False,False,False
Grenada,2007,"Vanilla, raw",0.0,0.0,0.0,False,False,False
Grenada,2008,"Vanilla, raw",0.0,0.0,0.0,False,False,False
Grenada,2009,"Vanilla, raw",0.0,0.0,0.0,False,False,False
Grenada,2010,"Vanilla, raw",0.0,0.0,0.0,False,False,False
Grenada,2011,"Vanilla, raw",0.0,0.0,0.0,False,False,False
Grenada,2012,"Vanilla, raw",0.0,0.0,0.0,False,False,False
Grenada,2013,"Vanilla, raw",0.0,0.0,0.0,False,False,False
Grenada,2016,"Vanilla, raw",0.16,0.0,0.0,False,False,False
Grenada,2017,"Vanilla, raw",0.5,0.0,0.0,False,False,False
Grenada,2018,"Vanilla, raw",0.56,0.0,0.0,False,False,False
Grenada,2019,"Vanilla, raw",0.31,0.0,0.0,False,False,False
Grenada,2020,"Vanilla, raw",0.06,0.0,0.0,False,False,False
Grenada,2021,"Vanilla, raw",0.1,0.0,0.0,False,False,False
Grenada,2022,"Vanilla, raw",0.28,0.0,0.0,False,False,False
Grenada,2023,"Vanilla, raw",0.16,0.0,0.0,False,False,False
Guatemala,1993,"Vanilla, raw",2.0,0.0,0.0,True,False,False
Guatemala,1994,"Vanilla, raw",1.0,0.0,0.0,False,False,False
Guatemala,1995,"Vanilla, raw",1.0,0.0,0.0,False,False,False
Guatemala,1996,"Vanilla, raw",1.0,0.0,0.0,False,False,False
Guatemala,1997,"Vanilla, raw",2.0,0.0,0.0,False,False,False
Guatemala,1998,"Vanilla, raw",4.0,0.0,0.0,False,False,False
Guatemala,1999,"Vanilla, raw",10.76,0.0,0.0,True,False,False
Guatemala,2000,"Vanilla, raw",3.55,0.0,0.0,False,False,False
Guatemala,2001,"Vanilla, raw",2.0,0.0,0.0,False,False,False
Guatemala,2002,"Vanilla, raw",2.0,0.0,0.0,False,False,False
Guatemala,2003,"Vanilla, raw",0.0,0.0,0.0,False,False,False
Guatemala,2004,"Vanilla, raw",1.0,0.0,0.0,False,False,False
Guatemala,2005,"Vanilla, raw",1.0,0.0,0.0,False,False,False
Guatemala,2006,"Vanilla, raw",1.0,0.0,0.0,False,False,False
Guatemala,2007,"Vanilla, raw",2.0,0.0,0.0,False,False,False
Guatemala,2008,"Vanilla, raw",2.0,0.0,0.0,False,False,False
Guatemala,2009,"Vanilla, raw",2.0,0.0,0.0,False,False,False
Guatemala,2010,"Vanilla, raw",2.0,0.0,0.0,False,False,False
Guatemala,2011,"Vanilla, raw",3.0,0.0,0.0,False,False,False
Guatemala,2012,"Vanilla, raw",3.0,0.0,0.0,False,False,False
Guatemala,2013,"Vanilla, raw",2.0,2.0,0.0,False,True,False
Guatemala,2014,"Vanilla, raw",7.19,0.0,0.0,True,False,False
Guatemala,2015,"Vanilla, raw",3.22,0.11,0.0,False,False,False
Guatemala,2016,"Vanilla, raw",3.06,0.15,0.0,False,False,False
Guatemala,2017,"Vanilla, raw",0.97,0.0,0.0,False,False,False
Guatemala,2018,"Vanilla, raw",1.3,0.0,0.0,False,False,False
Guatemala,2019,"Vanilla, raw",4.68,0.03,0.0,True,False,False
Guatemala,2020,"Vanilla, raw",1.35,0.03,0.0,False,False,False
Guatemala,2021,"Vanilla, raw",1.23,0.02,0.0,False,False,False
Guatemala,2022,"Vanilla, raw",1.11,0.01,0.0,False,False,False
Guatemala,2023,"Vanilla, raw",1.58,0.03,0.0,False,False,False
Guinea,1993,"Vanilla, raw",0.0,0.0,0.0,False,False,False
Guinea,1994,"Vanilla, raw",0.0,0.0,0.0,False,False,False
Guinea,1995,"Vanilla, raw",0.0,0.0,0.0,False,False,False
Guinea,1996,"Vanilla, raw",0.0,0.0,0.0,False,False,False
Guinea,1997,"Vanilla, raw",0.0,0.0,0.0,False,False,False
Guinea,1998,"Vanilla, raw",0.0,0.0,0.0,False,False,False
Guinea,1999,"Vanilla, raw",0.0,0.0,0.0,False,False,False
Guinea,2000,"Vanilla, raw",0.02,0.0,0.0,True,False,False
Guinea,2001,"Vanilla, raw",0.0,0.0,0.0,False,False,False
Guinea,2002,"Vanilla, raw",0.0,0.0,0.0,False,False,False
Guinea,2003,"Vanilla, raw",0.0,0.0,0.0,False,False,False
Guinea,2004,"Vanilla, raw",0.0,0.0,0.0,False,False,False
Guinea,2005,"Vanilla, raw",0.0,0.0,0.0,False,False,False
Guinea,2006,"Vanilla, raw",0.0,0.0,0.0,False,False,False
Guinea,2007,"Vanilla, raw",0.0,0.0,0.0,False,False,False
Guinea,2008,"Vanilla, raw",0.0,0.0,0.0,False,False,False
Guinea,2009,"Vanilla, raw",0.0,0.0,0.0,False,False,False
Guinea,2010,"Vanilla, raw",0.0,0.0,0.0,False,False,False
Guinea,2011,"Vanilla, raw",0.0,0.0,0.0,False,False,False
Guinea,2012,"Vanilla, raw",0.0,0.0,0.0,False,False,False
Guinea,2013,"Vanilla, raw",0.0,0.0,0.0,False,False,False
Guinea,2017,"Vanilla, raw",0.0,0.89,0.0,False,True,False
Guinea,2018,"Vanilla, raw",0.34,0.05,0.0,False,False,False
Guinea,2019,"Vanilla, raw",45.08,0.0,0.0,True,False,False
Guinea,2020,"Vanilla, raw",0.04,0.18,0.0,False,False,False
Guinea,2021,"Vanilla, raw",0.0,0.0,0.0,False,False,False
Guinea,2022,"Vanilla, raw",0.02,0.12,0.0,False,False,False
Guinea,2023,"Vanilla, raw",0.19,0.11,0.0,True,False,False
Guinea-Bissau,2015,"Vanilla, raw",0.0,0.0,0.0,False,False,False
Guinea-Bissau,2016,"Vanilla, raw",0.0,0.0,0.0,False,False,False
Guinea-Bissau,2018,"Vanilla, raw",0.0,0.26,0.0,False,True,False
Guinea-Bissau,2019,"Vanilla, raw",0.0,0.0,0.0,False,False,False
Guinea-Bissau,2020,"Vanilla, raw",0.27,0.0,0.0,True,False,False
Guinea-Bissau,2021,"Vanilla, raw",0.01,0.0,0.0,False,False,False
Guinea-Bissau,2022,"Vanilla, raw",0.01,0.0,0.0,False,False,False
Guyana,2011,"Vanilla, raw",0.0,0.0,0.0,False,False,False
Guyana,2012,"Vanilla, raw",2.0,0.0,0.0,True,False,False
Guyana,2013,"Vanilla, raw",0.0,0.0,0.0,False,False,False
Guyana,2014,"Vanilla, raw",0.25,0.0,0.0,False,False,False
Guyana,2015,"Vanilla, raw",0.25,0.0,0.0,False,False,False
Guyana,2016,"Vanilla, raw",0.25,0.0,0.0,False,False,False
Guyana,2019,"Vanilla, raw",0.21,0.0,0.0,False,False,False
Guyana,2020,"Vanilla, raw",0.18,0.0,0.0,False,False,False
Haiti,2014,"Vanilla, raw",101.64,0.33,0.0,False,True,False
Haiti,2015,"Vanilla, raw",174.28,0.01,0.0,False,False,False
Haiti,2016,"Vanilla, raw",110.49,0.0,0.0,False,False,False
Haiti,2017,"Vanilla, raw",26.08,0.0,0.0,False,False,False
Haiti,2018,"Vanilla, raw",171.1,0.0,0.0,False,False,False
Haiti,2019,"Vanilla, raw",135.18,0.0,0.0,False,False,False
Haiti,2020,"Vanilla, raw",1.97,0.92,0.0,False,True,False
Haiti,2021,"Vanilla, raw",8.31,0.0,0.0,False,False,False
Haiti,2022,"Vanilla, raw",2.78,0.0,0.0,False,False,False
Haiti,2023,"Vanilla, raw",4.3,0.1,0.0,False,False,False
Honduras,1993,"Vanilla, raw",2.0,0.0,0.0,False,False,False
Honduras,1994,"Vanilla, raw",2.0,0.0,0.0,False,False,False
Honduras,1995,"Vanilla, raw",3.0,0.0,0.0,False,False,False
Honduras,1996,"Vanilla, raw",3.0,2.0,0.0,False,False,False
Honduras,1997,"Vanilla, raw",3.0,0.0,0.0,False,False,False
Honduras,1998,"Vanilla, raw",5.0,5.0,0.0,False,True,False
Honduras,1999,"Vanilla, raw",6.0,0.0,0.0,False,False,False
Honduras,2000,"Vanilla, raw",5.0,0.0,0.0,False,False,False
Honduras,2001,"Vanilla, raw",6.0,0.0,0.0,False,False,False
Honduras,2002,"Vanilla, raw",5.0,3.0,0.0,False,False,False
Honduras,2003,"Vanilla, raw",7.0,3.0,0.0,False,False,False
Honduras,2004,"Vanilla, raw",4.0,4.0,0.0,False,False,False
Honduras,2005,"Vanilla, raw",0.0,1.0,0.0,False,False,False
Honduras,2006,"Vanilla, raw",0.0,1.0,0.0,False,False,False
Honduras,2007,"Vanilla, raw",1.0,4.0,0.0,False,False,False
Honduras,2008,"Vanilla, raw",0.0,1.0,0.0,False,False,False
Honduras,2009,"Vanilla, raw",1.0,0.0,0.0,False,False,False
Honduras,2010,"Vanilla, raw",1.0,0.0,0.0,False,False,False
Honduras,2011,"Vanilla, raw",1.0,0.0,0.0,False,False,False
Honduras,2012,"Vanilla, raw",0.0,0.0,0.0,False,False,False
Honduras,2013,"Vanilla, raw",0.0,0.0,0.0,False,False,False
Honduras,2014,"Vanilla, raw",0.14,0.04,0.0,False,True,False
Honduras,2015,"Vanilla, raw",0.02,0.0,0.0,False,False,False
Honduras,2016,"Vanilla, raw",0.01,0.0,0.0,False,False,False
Honduras,2017,"Vanilla, raw",0.05,0.0,0.0,False,False,False
Honduras,2018,"Vanilla, raw",0.26,0.0,0.0,False,False,False
Honduras,2019,"Vanilla, raw",1.61,0.0,0.0,True,False,False
Honduras,2020,"Vanilla, raw",0.02,0.0,0.0,False,False,False
Honduras,2021,"Vanilla, raw",0.13,1.27,0.0,False,True,False
Honduras,2022,"Vanilla, raw",0.35,0.0,0.0,False,False,False
Honduras,2023,"Vanilla, raw",0.13,0.0,0.0,False,False,False
Hungary,1993,"Vanilla, raw",1.0,4.0,0.0,True,False,False
Hungary,1994,"Vanilla, raw",2.0,2.0,0.0,False,False,False
Hungary,1995,"Vanilla, raw",2.0,0.0,0.0,False,False,False
Hungary,1996,"Vanilla, raw",2.0,0.0,0.0,False,False,False
Hungary,1997,"Vanilla, raw",1.0,0.0,0.0,False,False,False
Hungary,1998,"Vanilla, raw",0.0,0.0,0.0,True,False,False
Hungary,1999,"Vanilla, raw",2.0,0.0,0.0,False,False,False
Hungary,2000,"Vanilla, raw",2.7,0.0,0.0,False,False,False
Hungary,2001,"Vanilla, raw",2.0,1.0,0.0,False,True,False
Hungary,2002,"Vanilla, raw",3.0,0.0,0.0,False,False,False
Hungary,2003,"Vanilla, raw",3.0,0.0,0.0,False,False,False
Hungary,2004,"Vanilla, raw",6.0,0.0,0.0,False,False,False
Hungary,2005,"Vanilla, raw",1.0,0.0,0.0,False,False,False
Hungary,2006,"Vanilla, raw",0.0,0.0,0.0,False,False,False
Hungary,2007,"Vanilla, raw",1.0,0.0,0.0,False,False,False
Hungary,2008,"Vanilla, raw",3.0,0.0,0.0,False,False,False
Hungary,2009,"Vanilla, raw",3.0,0.0,0.0,False,False,False
Hungary,2010,"Vanilla, raw",3.0,1.0,0.0,False,False,False
Hungary,2011,"Vanilla, raw",6.0,1.0,0.0,False,False,False
Hungary,2012,"Vanilla, raw",9.0,0.0,0.0,False,False,False
Hungary,2013,"Vanilla, raw",14.0,0.0,0.0,False,False,False
Hungary,2014,"Vanilla, raw",19.26,0.41,0.0,False,False,False
Hungary,2015,"Vanilla, raw",16.71,0.27,0.0,False,False,False
Hungary,2016,"Vanilla, raw",21.74,0.28,0.0,False,False,False
Hungary,2017,"Vanilla, raw",13.45,0.31,0.0,False,False,False
Hungary,2018,"Vanilla, raw",7.9,1.06,0.0,False,False,False
Hungary,2019,"Vanilla, raw",5.54,0.87,0.0,False,False,False
Hungary,2020,"Vanilla, raw",2.35,0.72,0.0,False,False,False
Hungary,2021,"Vanilla, raw",3.83,3.67,0.0,False,False,False
Hungary,2022,"Vanilla, raw",6.98,2.87,0.0,False,False,False
Hungary,2023,"Vanilla, raw",4.09,0.61,0.0,False,False,False
Iceland,1993,"Vanilla, raw",1.0,0.0,0.0,False,False,False
Iceland,1994,"Vanilla, raw",1.0,0.0,0.0,False,False,False
Iceland,1995,"Vanilla, raw",1.0,0.0,0.0,False,False,False
Iceland,1996,"Vanilla, raw",1.0,0.0,0.0,False,False,False
Iceland,1997,"Vanilla, raw",1.0,0.0,0.0,False,False,False
Iceland,1998,"Vanilla, raw",1.0,0.0,0.0,False,False,False
Iceland,1999,"Vanilla, raw",1.0,0.0,0.0,False,False,False
Iceland,2000,"Vanilla, raw",0.65,0.0,0.0,False,False,False
Iceland,2001,"Vanilla, raw",2.0,0.0,0.0,False,False,False
Iceland,2002,"Vanilla, raw",2.0,0.0,0.0,False,False,False
Iceland,2003,"Vanilla, raw",1.0,0.0,0.0,False,False,False
Iceland,2004,"Vanilla, raw",1.0,0.0,0.0,False,False,False
Iceland,2005,"Vanilla, raw",3.0,0.0,0.0,False,False,False
Iceland,2006,"Vanilla, raw",1.0,0.0,0.0,False,False,False
Iceland,2007,"Vanilla, raw",2.0,0.0,0.0,False,False,False
Iceland,2008,"Vanilla, raw",1.0,0.0,0.0,False,False,False
Iceland,2009,"Vanilla, raw",2.0,0.0,0.0,False,False,False
Iceland,2010,"Vanilla, raw",6.0,0.0,0.0,False,False,False
Iceland,2011,"Vanilla, raw",6.0,0.0,0.0,False,False,False
Iceland,2012,"Vanilla, raw",2.0,0.0,0.0,False,False,False
Iceland,2013,"Vanilla, raw",4.0,0.0,0.0,False,False,False
Iceland,2014,"Vanilla, raw",1.73,0.0,0.0,False,False,False
Iceland,2015,"Vanilla, raw",3.87,0.0,0.0,False,False,False
Iceland,2016,"Vanilla, raw",19.15,0.01,0.0,True,True,False
Iceland,2017,"Vanilla, raw",4.49,0.0,0.0,False,False,False
Iceland,2018,"Vanilla, raw",4.79,0.0,0.0,False,False,False
Iceland,2019,"Vanilla, raw",2.48,0.0,0.0,False,False,False
Iceland,2020,"Vanilla, raw",1.82,0.0,0.0,False,False,False
Iceland,2021,"Vanilla, raw",2.53,0.0,0.0,False,False,False
Iceland,2022,"Vanilla, raw",2.0,0.0,0.0,False,False,False
Iceland,2023,"Vanilla, raw",1.34,0.0,0.0,False,False,False
India,1993,"Vanilla, raw",0.0,11.0,0.0,False,True,False
India,1994,"Vanilla, raw",2.0,1.0,0.0,False,False,False
India,1995,"Vanilla, raw",0.0,2.0,0.0,False,False,False
India,1996,"Vanilla, raw",2.0,1.0,0.0,False,False,False
India,1997,"Vanilla, raw",0.0,1.0,0.0,False,False,False
India,1998,"Vanilla, raw",1.0,3.0,0.0,False,False,False
India,1999,"Vanilla, raw",7.73,9.21,0.0,True,False,False
India,2000,"Vanilla, raw",1.0,112.0,0.0,False,False,False
India,2001,"Vanilla, raw",0.0,223.0,0.0,False,False,False
India,2002,"Vanilla, raw",1.0,68.0,0.0,False,False,False
India,2003,"Vanilla, raw",11.0,192.0,0.0,True,False,False
India,2004,"Vanilla, raw",6.0,51.0,0.0,False,False,False
India,2005,"Vanilla, raw",1.0,101.0,0.0,False,False,False
India,2006,"Vanilla, raw",1.0,110.0,0.0,False,False,False
India,2007,"Vanilla, raw",9.0,1074.0,0.0,False,True,False
India,2008,"Vanilla, raw",18.0,449.0,0.0,False,False,False
India,2009,"Vanilla, raw",48.0,259.0,0.0,False,False,False
India,2010,"Vanilla, raw",55.0,203.0,0.0,False,False,False
India,2011,"Vanilla, raw",130.0,159.0,0.0,False,False,False
India,2012,"Vanilla, raw",166.0,303.0,0.0,False,False,False
India,2013,"Vanilla, raw",177.0,212.0,0.0,False,False,False
India,2014,"Vanilla, raw",182.38,127.06,0.0,False,False,False
India,2015,"Vanilla, raw",307.73,67.87,0.0,False,False,False
India,2016,"Vanilla, raw",242.26,137.04,0.0,False,False,False
India,2017,"Vanilla, raw",119.35,106.57,0.0,False,False,False
India,2018,"Vanilla, raw",47.75,39.21,0.0,False,False,False
India,2019,"Vanilla, raw",2.17,12.42,0.0,False,False,False
India,2020,"Vanilla, raw",0.01,8.54,0.0,False,False,False
India,2021,"Vanilla, raw",0.05,4.97,0.0,False,False,False
India,2022,"Vanilla, raw",0.21,5.57,0.0,False,False,False
India,2023,"Vanilla, raw",57.6,32.21,0.0,True,True,False
Indonesia,1993,"Vanilla, raw",0.0,720.0,1528.0,False,False,False
Indonesia,1994,"Vanilla, raw",21.0,630.0,1770.0,False,False,False
Indonesia,1995,"Vanilla, raw",0.0,633.0,1958.0,False,False,False
Indonesia,1996,"Vanilla, raw",14.0,540.0,2051.0,False,False,False
Indonesia,1997,"Vanilla, raw",53.0,508.0,2045.0,False,False,False
Indonesia,1998,"Vanilla, raw",2.0,730.0,1900.0,False,False,False
Indonesia,1999,"Vanilla, raw",24.0,339.0,1800.0,False,False,False
Indonesia,2000,"Vanilla, raw",58.84,350.09,1681.0,False,False,False
Indonesia,2001,"Vanilla, raw",49.0,533.0,2198.0,False,False,False
Indonesia,2002,"Vanilla, raw",180.0,898.0,2731.0,True,False,False
Indonesia,2003,"Vanilla, raw",117.0,926.0,1656.0,False,False,False
Indonesia,2004,"Vanilla, raw",34.0,741.0,2252.0,False,False,False
Indonesia,2005,"Vanilla, raw",5.0,278.0,2366.0,False,False,False
Indonesia,2006,"Vanilla, raw",31.0,499.0,3768.0,False,False,False
Indonesia,2007,"Vanilla, raw",19.0,540.0,3177.0,False,False,False
Indonesia,2008,"Vanilla, raw",46.0,421.0,3319.0,False,False,False
Indonesia,2009,"Vanilla, raw",26.0,404.0,3341.0,False,False,False
Indonesia,2010,"Vanilla, raw",97.0,342.0,2600.0,False,False,False
Indonesia,2011,"Vanilla, raw",29.0,309.0,3500.0,False,False,False
Indonesia,2012,"Vanilla, raw",52.0,278.0,3100.0,False,False,False
Indonesia,2013,"Vanilla, raw",68.0,270.0,2600.0,False,False,False
Indonesia,2014,"Vanilla, raw",65.99,247.02,2000.0,False,False,False
Indonesia,2015,"Vanilla, raw",55.17,354.6,2000.0,False,False,False
Indonesia,2016,"Vanilla, raw",46.85,606.21,2200.0,False,False,False
Indonesia,2017,"Vanilla, raw",412.7,479.07,1989.74,True,False,False
Indonesia,2018,"Vanilla, raw",144.05,203.74,1872.34,False,False,False
Indonesia,2019,"Vanilla, raw",87.76,238.13,1461.15,False,False,False
Indonesia,2020,"Vanilla, raw",248.94,363.05,1412.0,False,False,False
Indonesia,2021,"Vanilla, raw",302.71,345.65,1957.0,False,False,False
Indonesia,2022,"Vanilla, raw",308.14,395.21,1965.0,False,False,False
Indonesia,2023,"Vanilla, raw",79.56,173.0,1832.75,False,True,False
Iran (Islamic Republic of),1993,"Vanilla, raw",0.0,0.0,0.0,False,False,False
Iran (Islamic Republic of),1994,"Vanilla, raw",2.0,0.0,0.0,True,False,False
Iran (Islamic Republic of),1995,"Vanilla, raw",0.0,0.0,0.0,False,False,False
Iran (Islamic Republic of),1996,"Vanilla, raw",0.0,0.0,0.0,False,False,False
Iran (Islamic Republic of),1997,"Vanilla, raw",0.0,0.0,0.0,False,False,False
Iran (Islamic Republic of),1998,"Vanilla, raw",1.0,0.0,0.0,False,False,False
Iran (Islamic Republic of),1999,"Vanilla, raw",0.0,1.0,0.0,False,False,False
Iran (Islamic Republic of),2000,"Vanilla, raw",5.52,1.23,0.0,False,False,False
Iran (Islamic Republic of),2001,"Vanilla, raw",4.0,0.0,0.0,False,False,False
Iran (Islamic Republic of),2002,"Vanilla, raw",0.0,0.0,0.0,False,False,False
Iran (Islamic Republic of),2003,"Vanilla, raw",24.0,26.0,0.0,False,True,False
Iran (Islamic Republic of),2004,"Vanilla, raw",36.0,2.0,0.0,False,False,False
Iran (Islamic Republic of),2005,"Vanilla, raw",38.0,0.0,0.0,False,False,False
Iran (Islamic Republic of),2006,"Vanilla, raw",15.0,0.0,0.0,False,False,False
Iran (Islamic Republic of),2007,"Vanilla, raw",34.0,0.0,0.0,False,False,False
Iran (Islamic Republic of),2008,"Vanilla, raw",20.0,0.0,0.0,False,False,False
Iran (Islamic Republic of),2009,"Vanilla, raw",20.0,0.0,0.0,False,False,False
Iran (Islamic Republic of),2010,"Vanilla, raw",16.0,0.0,0.0,False,False,False
Iran (Islamic Republic of),2011,"Vanilla, raw",51.0,0.0,0.0,False,False,False
Iran (Islamic Republic of),2012,"Vanilla, raw",90.0,0.0,0.0,False,False,False
Iran (Islamic Republic of),2013,"Vanilla, raw",111.0,0.0,0.0,False,False,False
Iran (Islamic Republic of),2014,"Vanilla, raw",28.4,0.0,0.0,False,False,False
Iran (Islamic Republic of),2015,"Vanilla, raw",0.0,0.0,0.0,False,False,False
Iran (Islamic Republic of),2016,"Vanilla, raw",5.52,0.19,0.0,False,False,False
Iran (Islamic Republic of),2017,"Vanilla, raw",0.16,0.58,0.0,False,False,False
Iran (Islamic Republic of),2018,"Vanilla, raw",0.4,1.04,0.0,False,False,False
Iran (Islamic Republic of),2019,"Vanilla, raw",22.86,0.04,0.0,False,False,False
Iran (Islamic Republic of),2022,"Vanilla, raw",12.97,2.8,0.0,False,False,False
Iran (Islamic Republic of),2023,"Vanilla, raw",4.34,4.77,0.0,False,False,False
Iraq,1993,"Vanilla, raw",0.0,0.0,0.0,False,False,False
Iraq,1994,"Vanilla, raw",0.0,0.0,0.0,False,False,False
Iraq,1995,"Vanilla, raw",0.0,0.0,0.0,False,False,False
Iraq,1996,"Vanilla, raw",0.0,0.0,0.0,False,False,False
Iraq,1997,"Vanilla, raw",0.0,0.0,0.0,False,False,False
Iraq,1998,"Vanilla, raw",0.0,0.0,0.0,False,False,False
Iraq,1999,"Vanilla, raw",0.0,0.0,0.0,False,False,False
Iraq,2000,"Vanilla, raw",0.0,0.0,0.0,False,False,False
Iraq,2001,"Vanilla, raw",0.0,0.0,0.0,False,False,False
Iraq,2002,"Vanilla, raw",0.0,0.0,0.0,False,False,False
Iraq,2003,"Vanilla, raw",19.0,0.0,0.0,True,False,False
Iraq,2004,"Vanilla, raw",2.0,0.0,0.0,False,False,False
Iraq,2005,"Vanilla, raw",7.0,0.0,0.0,False,False,False
Iraq,2006,"Vanilla, raw",0.0,0.0,0.0,False,False,False
Iraq,2007,"Vanilla, raw",22.0,0.0,0.0,False,False,False
Iraq,2008,"Vanilla, raw",9.0,0.0,0.0,False,False,False
Iraq,2009,"Vanilla, raw",24.0,0.0,0.0,False,False,False
Iraq,2010,"Vanilla, raw",26.0,0.0,0.0,False,False,False
Iraq,2011,"Vanilla, raw",54.0,0.0,0.0,False,False,False
Iraq,2012,"Vanilla, raw",64.0,0.0,0.0,False,False,False
Iraq,2013,"Vanilla, raw",51.0,0.0,0.0,False,False,False
Iraq,2014,"Vanilla, raw",51.0,0.0,0.0,False,False,False
Iraq,2015,"Vanilla, raw",64.57,0.0,0.0,False,False,False
Iraq,2016,"Vanilla, raw",64.68,0.0,0.0,False,False,False
Iraq,2017,"Vanilla, raw",11.9,0.0,0.0,False,False,False
Iraq,2018,"Vanilla, raw",10.42,0.0,0.0,False,False,False
Iraq,2019,"Vanilla, raw",4.99,0.0,0.0,False,False,False
Iraq,2020,"Vanilla, raw",4.49,0.0,0.0,False,False,False
Iraq,2021,"Vanilla, raw",11.56,0.08,0.0,False,False,False
Iraq,2022,"Vanilla, raw",12.51,0.08,0.0,False,False,False
Iraq,2023,"Vanilla, raw",2.24,0.0,0.0,False,False,False
Ireland,1993,"Vanilla, raw",55.0,2.0,0.0,False,True,False
Ireland,1994,"Vanilla, raw",69.0,0.0,0.0,False,False,False
Ireland,1995,"Vanilla, raw",75.0,0.0,0.0,False,False,False
Ireland,1996,"Vanilla, raw",127.0,0.0,0.0,False,False,False
Ireland,1997,"Vanilla, raw",118.0,0.0,0.0,False,False,False
Ireland,1998,"Vanilla, raw",123.0,0.0,0.0,False,False,False
Ireland,1999,"Vanilla, raw",96.0,1.0,0.0,False,False,False
Ireland,2000,"Vanilla, raw",112.0,0.0,0.0,False,False,False
Ireland,2001,"Vanilla, raw",165.0,0.0,0.0,False,False,False
Ireland,2002,"Vanilla, raw",102.0,4.0,0.0,False,False,False
Ireland,2003,"Vanilla, raw",51.0,29.0,0.0,False,True,False
Ireland,2004,"Vanilla, raw",203.0,0.0,0.0,False,False,False
Ireland,2005,"Vanilla, raw",87.0,0.0,0.0,False,False,False
Ireland,2006,"Vanilla, raw",78.0,1.0,0.0,False,False,False
Ireland,2007,"Vanilla, raw",51.0,7.0,0.0,False,False,False
Ireland,2008,"Vanilla, raw",152.0,12.0,0.0,False,False,False
Ireland,2009,"Vanilla, raw",62.0,8.0,0.0,False,False,False
Ireland,2010,"Vanilla, raw",110.0,129.0,0.0,False,True,False
Ireland,2011,"Vanilla, raw",173.0,3.0,0.0,False,False,False
Ireland,2012,"Vanilla, raw",62.0,6.0,0.0,False,False,False
Ireland,2013,"Vanilla, raw",30.0,2.0,0.0,False,False,False
Ireland,2014,"Vanilla, raw",40.81,3.5,0.0,False,False,False
Ireland,2015,"Vanilla, raw",42.99,0.11,0.0,False,False,False
Ireland,2016,"Vanilla, raw",60.73,0.04,0.0,True,False,False
Ireland,2017,"Vanilla, raw",44.39,0.1,0.0,False,False,False
Ireland,2018,"Vanilla, raw",30.13,0.42,0.0,False,False,False
Ireland,2019,"Vanilla, raw",43.7,1.21,0.0,False,False,False
Ireland,2020,"Vanilla, raw",20.84,0.31,0.0,False,False,False
Ireland,2021,"Vanilla, raw",6.14,0.61,0.0,False,False,False
Ireland,2022,"Vanilla, raw",9.4,0.75,0.0,False,False,False
Ireland,2023,"Vanilla, raw",10.21,0.64,0.0,False,False,False
Israel,1993,"Vanilla, raw",0.0,0.0,0.0,False,False,False
Israel,1994,"Vanilla, raw",0.0,2.0,0.0,False,True,False
Israel,1995,"Vanilla, raw",0.0,0.0,0.0,False,False,False
Israel,1996,"Vanilla, raw",0.0,0.0,0.0,False,False,False
Israel,1997,"Vanilla, raw",0.0,0.0,0.0,False,False,False
Israel,1998,"Vanilla, raw",0.0,0.0,0.0,False,False,False
Israel,1999,"Vanilla, raw",12.0,0.0,0.0,False,False,False
Israel,2000,"Vanilla, raw",15.0,0.0,0.0,False,False,False
Israel,2001,"Vanilla, raw",30.0,0.0,0.0,False,False,False
Israel,2002,"Vanilla, raw",35.0,2.0,0.0,False,False,False
Israel,2003,"Vanilla, raw",35.0,2.0,0.0,False,False,False
Israel,2004,"Vanilla, raw",28.0,0.0,0.0,False,False,False
Israel,2005,"Vanilla, raw",2.0,0.0,0.0,False,False,False
Israel,2006,"Vanilla, raw",1.0,0.0,0.0,False,False,False
Israel,2007,"Vanilla, raw",2.0,0.0,0.0,False,False,False
Israel,2008,"Vanilla, raw",1.0,0.0,0.0,False,False,False
Israel,2009,"Vanilla, raw",1.0,1.0,0.0,False,True,False
Israel,2010,"Vanilla, raw",4.0,0.0,0.0,False,False,False
Israel,2011,"Vanilla, raw",2.0,0.0,0.0,False,False,False
Israel,2012,"Vanilla, raw",3.0,0.0,0.0,False,False,False
Israel,2013,"Vanilla, raw",4.0,0.0,0.0,False,False,False
Israel,2014,"Vanilla, raw",4.09,0.05,0.0,False,False,False
Israel,2015,"Vanilla, raw",3.71,1.24,0.0,False,False,False
Israel,2016,"Vanilla, raw",1.8,3.31,0.0,False,False,False
Israel,2017,"Vanilla, raw",0.24,5.2,0.0,False,False,False
Israel,2018,"Vanilla, raw",0.59,4.8,0.0,False,False,False
Israel,2019,"Vanilla, raw",0.74,8.82,0.0,False,False,False
Israel,2020,"Vanilla, raw",1.45,10.31,0.0,False,False,False
Israel,2021,"Vanilla, raw",1.59,7.06,0.0,False,False,False
Israel,2022,"Vanilla, raw",2.57,13.77,0.0,False,False,False
Israel,2023,"Vanilla, raw",2.51,26.81,0.0,False,False,False
Italy,1993,"Vanilla, raw",14.0,2.0,0.0,False,False,False
Italy,1994,"Vanilla, raw",26.0,7.0,0.0,False,False,False
Italy,1995,"Vanilla, raw",15.0,4.0,0.0,False,False,False
Italy,1996,"Vanilla, raw",22.0,2.0,0.0,False,False,False
Italy,1997,"Vanilla, raw",21.0,5.0,0.0,False,False,False
Italy,1998,"Vanilla, raw",14.0,5.0,0.0,False,False,False
Italy,1999,"Vanilla, raw",20.0,2.0,0.0,False,False,False
Italy,2000,"Vanilla, raw",29.0,1.0,0.0,False,False,False
Italy,2001,"Vanilla, raw",28.0,3.0,0.0,False,False,False
Italy,2002,"Vanilla, raw",48.0,6.0,0.0,False,False,False
Italy,2003,"Vanilla, raw",15.0,12.0,0.0,False,True,False
Italy,2004,"Vanilla, raw",13.0,1.0,0.0,False,False,False
Italy,2005,"Vanilla, raw",15.0,1.0,0.0,False,False,False
Italy,2006,"Vanilla, raw",22.0,3.0,0.0,False,False,False
Italy,2007,"Vanilla, raw",55.0,3.0,0.0,False,False,False
Italy,2008,"Vanilla, raw",31.0,4.0,0.0,False,False,False
Italy,2009,"Vanilla, raw",32.0,3.0,0.0,False,False,False
Italy,2010,"Vanilla, raw",54.0,8.0,0.0,False,False,False
Italy,2011,"Vanilla, raw",63.0,15.0,0.0,False,False,False
Italy,2012,"Vanilla, raw",75.0,3.0,0.0,False,False,False
Italy,2013,"Vanilla, raw",92.0,7.0,0.0,False,False,False
Italy,2014,"Vanilla, raw",148.01,8.38,0.0,False,False,False
Italy,2015,"Vanilla, raw",155.67,6.17,0.0,False,False,False
Italy,2016,"Vanilla, raw",145.56,5.1,0.0,False,False,False
Italy,2017,"Vanilla, raw",72.63,3.45,0.0,False,False,False
Italy,2018,"Vanilla, raw",47.5,5.9,0.0,False,False,False
Italy,2019,"Vanilla, raw",71.76,3.13,0.0,False,False,False
Italy,2020,"Vanilla, raw",53.44,3.51,0.0,False,False,False
Italy,2021,"Vanilla, raw",68.37,4.38,0.0,False,False,False
Italy,2022,"Vanilla, raw",104.81,10.06,0.0,False,False,False
Italy,2023,"Vanilla, raw",146.06,25.44,0.0,False,False,False
Jamaica,1993,"Vanilla, raw",2.0,0.0,0.0,False,False,False
Jamaica,1994,"Vanilla, raw",2.0,0.0,0.0,False,False,False
Jamaica,1995,"Vanilla, raw",2.0,0.0,0.0,False,False,False
Jamaica,1996,"Vanilla, raw",4.0,0.0,0.0,False,False,False
Jamaica,1997,"Vanilla, raw",4.0,0.0,0.0,False,False,False
Jamaica,1998,"Vanilla, raw",0.0,0.0,0.0,False,False,False
Jamaica,1999,"Vanilla, raw",7.0,0.0,0.0,False,False,False
Jamaica,2000,"Vanilla, raw",0.0,0.0,0.0,False,False,False
Jamaica,2001,"Vanilla, raw",4.0,0.0,0.0,False,False,False
Jamaica,2002,"Vanilla, raw",0.0,2.0,0.0,False,False,False
Jamaica,2003,"Vanilla, raw",0.0,8.0,0.0,False,False,False
Jamaica,2004,"Vanilla, raw",21.0,9.0,0.0,True,False,False
Jamaica,2005,"Vanilla, raw",4.0,2.0,0.0,False,False,False
Jamaica,2006,"Vanilla, raw",1.0,34.0,0.0,False,False,False
Jamaica,2007,"Vanilla, raw",2.0,4.0,0.0,False,False,False
Jamaica,2008,"Vanilla, raw",2.0,11.0,0.0,False,False,False
Jamaica,2009,"Vanilla, raw",1.0,60.0,0.0,False,False,False
Jamaica,2010,"Vanilla, raw",1.0,80.0,0.0,False,False,False
Jamaica,2011,"Vanilla, raw",1.0,72.0,0.0,False,False,False
Jamaica,2012,"Vanilla, raw",6.0,70.0,0.0,False,False,False
Jamaica,2013,"Vanilla, raw",13.0,21.0,0.0,False,False,False
Jamaica,2014,"Vanilla, raw",22.9,23.54,0.0,False,False,False
Jamaica,2015,"Vanilla, raw",17.34,24.19,0.0,False,False,False
Jamaica,2016,"Vanilla, raw",27.77,4.93,0.0,False,True,False
Jamaica,2017,"Vanilla, raw",28.61,22.36,0.0,False,False,False
Jamaica,2018,"Vanilla, raw",26.18,19.78,0.0,False,False,False
Jamaica,2019,"Vanilla, raw",25.03,16.26,0.0,False,False,False
Jamaica,2020,"Vanilla, raw",29.26,22.87,0.0,False,False,False
Jamaica,2021,"Vanilla, raw",33.01,8.53,0.0,False,False,False
Jamaica,2022,"Vanilla, raw",33.02,13.41,0.0,False,False,False
Jamaica,2023,"Vanilla, raw",24.73,30.45,0.0,False,False,False
Japan,1993,"Vanilla, raw",45.0,0.0,0.0,True,False,False
Japan,1994,"Vanilla, raw",82.0,0.0,0.0,False,False,False
Japan,1995,"Vanilla, raw",84.0,0.0,0.0,False,False,False
Japan,1996,"Vanilla, raw",80.0,1.0,0.0,False,False,False
Japan,1997,"Vanilla, raw",96.0,2.0,0.0,False,True,False
Japan,1998,"Vanilla, raw",69.0,1.0,0.0,False,False,False
Japan,1999,"Vanilla, raw",91.0,1.0,0.0,False,False,False
Japan,2000,"Vanilla, raw",115.56,0.83,0.0,False,False,False
Japan,2001,"Vanilla, raw",88.0,1.0,0.0,False,False,False
Japan,2002,"Vanilla, raw",84.0,2.0,0.0,False,False,False
Japan,2003,"Vanilla, raw",115.0,2.0,0.0,False,False,False
Japan,2004,"Vanilla, raw",58.0,2.0,0.0,False,False,False
Japan,2005,"Vanilla, raw",112.0,1.0,0.0,False,False,False
Japan,2006,"Vanilla, raw",118.0,2.0,0.0,False,False,False
Japan,2007,"Vanilla, raw",112.0,2.0,0.0,False,False,False
Japan,2008,"Vanilla, raw",108.0,1.0,0.0,False,False,False
Japan,2009,"Vanilla, raw",102.0,2.0,0.0,False,False,False
Japan,2010,"Vanilla, raw",105.0,2.0,0.0,False,False,False
Japan,2011,"Vanilla, raw",104.0,0.0,0.0,False,False,False
Japan,2012,"Vanilla, raw",102.0,0.0,0.0,False,False,False
Japan,2013,"Vanilla, raw",135.0,0.0,0.0,False,False,False
Japan,2014,"Vanilla, raw",102.48,0.03,0.0,False,False,False
Japan,2015,"Vanilla, raw",134.65,0.21,0.0,False,True,False
Japan,2016,"Vanilla, raw",194.59,0.01,0.0,False,False,False
Japan,2017,"Vanilla, raw",371.11,0.0,0.0,True,False,False
Japan,2018,"Vanilla, raw",71.45,0.05,0.0,False,False,False
Japan,2019,"Vanilla, raw",63.29,0.0,0.0,False,False,False
Japan,2020,"Vanilla, raw",45.3,0.29,0.0,False,True,False
Japan,2021,"Vanilla, raw",46.42,0.0,0.0,False,False,False
Japan,2022,"Vanilla, raw",65.3,0.0,0.0,False,False,False
Japan,2023,"Vanilla, raw",50.81,0.0,0.0,False,False,False
Jordan,1993,"Vanilla, raw",0.0,0.0,0.0,False,False,False
Jordan,1994,"Vanilla, raw",0.0,3.0,0.0,False,True,False
Jordan,1995,"Vanilla, raw",0.0,0.0,0.0,False,False,False
Jordan,1996,"Vanilla, raw",0.0,0.0,0.0,False,False,False
Jordan,1997,"Vanilla, raw",1.0,0.0,0.0,False,False,False
Jordan,1998,"Vanilla, raw",0.0,0.0,0.0,False,False,False
Jordan,1999,"Vanilla, raw",1.0,14.0,0.0,False,True,False
Jordan,2000,"Vanilla, raw",0.95,4.0,0.0,False,False,False
Jordan,2001,"Vanilla, raw",4.0,0.0,0.0,True,False,False
Jordan,2002,"Vanilla, raw",0.0,0.0,0.0,False,False,False
Jordan,2003,"Vanilla, raw",2.0,1.0,0.0,False,False,False
Jordan,2004,"Vanilla, raw",0.0,0.0,0.0,False,False,False
Jordan,2005,"Vanilla, raw",12.0,0.0,0.0,True,False,False
Jordan,2006,"Vanilla, raw",0.0,0.0,0.0,False,False,False
Jordan,2007,"Vanilla, raw",5.0,2.0,0.0,False,True,False
Jordan,2008,"Vanilla, raw",4.0,1.0,0.0,False,False,False
Jordan,2009,"Vanilla, raw",12.0,0.0,0.0,True,False,False
Jordan,2010,"Vanilla, raw",5.0,0.0,0.0,False,False,False
Jordan,2011,"Vanilla, raw",7.0,1.0,0.0,False,False,False
Jordan,2012,"Vanilla, raw",4.0,0.0,0.0,False,False,False
Jordan,2013,"Vanilla, raw",5.0,0.0,0.0,False,False,False
Jordan,2014,"Vanilla, raw",7.63,2.0,0.0,False,False,False
Jordan,2015,"Vanilla, raw",11.68,16.41,0.0,False,False,False
Jordan,2016,"Vanilla, raw",1.29,192.64,0.0,False,False,False
Jordan,2017,"Vanilla, raw",2.52,359.27,0.0,False,False,False
Jordan,2018,"Vanilla, raw",7.53,396.15,0.0,False,False,False
Jordan,2019,"Vanilla, raw",4.97,776.82,0.0,False,False,False
Jordan,2020,"Vanilla, raw",27.3,693.07,0.0,False,False,False
Jordan,2021,"Vanilla, raw",14.44,218.54,0.0,False,False,False
Jordan,2022,"Vanilla, raw",17.69,20.11,0.0,False,False,False
Jordan,2023,"Vanilla, raw",22.37,46.21,0.0,False,False,False
Kazakhstan,1994,"Vanilla, raw",6.0,0.0,0.0,False,False,False
Kazakhstan,1995,"Vanilla, raw",23.0,0.0,0.0,True,False,False
Kazakhstan,1996,"Vanilla, raw",1.0,0.0,0.0,False,False,False
Kazakhstan,1997,"Vanilla, raw",2.0,0.0,0.0,False,False,False
Kazakhstan,1998,"Vanilla, raw",4.0,0.0,0.0,False,False,False
Kazakhstan,1999,"Vanilla, raw",7.0,0.0,0.0,False,False,False
Kazakhstan,2000,"Vanilla, raw",3.0,0.0,0.0,False,False,False
Kazakhstan,2001,"Vanilla, raw",4.0,0.0,0.0,False,False,False
Kazakhstan,2002,"Vanilla, raw",1.0,0.0,0.0,False,False,False
Kazakhstan,2003,"Vanilla, raw",0.0,0.0,0.0,False,False,False
Kazakhstan,2004,"Vanilla, raw",2.0,0.0,0.0,False,False,False
Kazakhstan,2005,"Vanilla, raw",1.0,0.0,0.0,False,False,False
Kazakhstan,2006,"Vanilla, raw",0.0,0.0,0.0,False,False,False
Kazakhstan,2007,"Vanilla, raw",2.0,0.0,0.0,False,False,False
Kazakhstan,2008,"Vanilla, raw",1.0,0.0,0.0,False,False,False
Kazakhstan,2009,"Vanilla, raw",0.0,0.0,0.0,False,False,False
Kazakhstan,2010,"Vanilla, raw",0.0,0.0,0.0,False,False,False
Kazakhstan,2011,"Vanilla, raw",1.0,0.0,0.0,False,False,False
Kazakhstan,2012,"Vanilla, raw",1.0,0.0,0.0,False,False,False
Kazakhstan,2013,"Vanilla, raw",5.0,0.0,0.0,False,False,False
Kazakhstan,2014,"Vanilla, raw",5.96,0.37,0.0,False,True,False
Kazakhstan,2015,"Vanilla, raw",8.06,0.0,0.0,True,False,False
Kazakhstan,2016,"Vanilla, raw",4.13,0.0,0.0,False,False,False
Kazakhstan,2017,"Vanilla, raw",5.32,0.0,0.0,False,False,False
Kazakhstan,2018,"Vanilla, raw",4.37,0.0,0.0,False,False,False
Kazakhstan,2019,"Vanilla, raw",2.42,0.0,0.0,False,False,False
Kazakhstan,2020,"Vanilla, raw",0.07,0.0,0.0,False,False,False
Kazakhstan,2021,"Vanilla, raw",2.97,0.0,0.0,False,False,False
Kazakhstan,2022,"Vanilla, raw",0.36,0.0,0.0,False,False,False
Kazakhstan,2023,"Vanilla, raw",5.13,0.0,0.0,False,False,False
Kenya,1993,"Vanilla, raw",0.0,0.0,7.1,False,False,False
Kenya,1994,"Vanilla, raw",0.0,0.0,7.41,False,False,False
Kenya,1995,"Vanilla, raw",0.0,0.0,7.65,False,False,False
Kenya,1996,"Vanilla, raw",0.0,0.0,8.09,False,False,False
Kenya,1997,"Vanilla, raw",10.0,0.0,9.39,True,False,False
Kenya,1998,"Vanilla, raw",0.0,0.0,8.81,False,False,False
Kenya,1999,"Vanilla, raw",0.0,0.0,8.62,False,False,False
Kenya,2000,"Vanilla, raw",0.0,0.0,8.0,False,False,False
Kenya,2001,"Vanilla, raw",1.0,0.0,8.0,False,False,False
Kenya,2002,"Vanilla, raw",0.0,0.0,8.0,False,False,False
Kenya,2003,"Vanilla, raw",0.0,0.0,9.74,False,False,False
Kenya,2004,"Vanilla, raw",1.0,0.0,10.55,False,False,False
Kenya,2005,"Vanilla, raw",0.0,5.0,11.19,False,True,False
Kenya,2006,"Vanilla, raw",4.0,0.0,11.81,False,False,False
Kenya,2007,"Vanilla, raw",1.0,2.0,15.22,False,False,True
Kenya,2008,"Vanilla, raw",10.0,0.0,12.65,True,False,False
Kenya,2009,"Vanilla, raw",0.0,0.0,12.76,False,False,False
Kenya,2010,"Vanilla, raw",2.0,0.0,12.88,False,False,False
Kenya,2011,"Vanilla, raw",2.0,0.0,13.02,False,False,False
Kenya,2012,"Vanilla, raw",1.0,0.0,12.0,False,False,False
Kenya,2013,"Vanilla, raw",1.0,0.0,15.0,False,False,False
Kenya,2014,"Vanilla, raw",2.0,1.9,14.75,False,False,False
Kenya,2016,"Vanilla, raw",0.14,4.82,14.7,False,False,False
Kenya,2017,"Vanilla, raw",0.58,8.1,14.99,False,False,False
Kenya,2018,"Vanilla, raw",1.7,2.27,15.33,True,False,False
Kenya,2019,"Vanilla, raw",0.25,0.58,15.71,False,False,False
Kenya,2020,"Vanilla, raw",0.21,0.19,15.34,False,False,False
Kenya,2021,"Vanilla, raw",0.17,0.06,15.46,False,False,False
Kenya,2022,"Vanilla, raw",0.13,0.65,16.36,False,False,True
Kenya,2023,"Vanilla, raw",0.17,1.38,15.43,False,False,False
Kiribati,2005,"Vanilla, raw",0.0,0.0,0.0,True,False,False
Kiribati,2006,"Vanilla, raw",1.0,0.0,0.0,False,False,False
Kiribati,2007,"Vanilla, raw",1.0,0.0,0.0,False,False,False
Kiribati,2008,"Vanilla, raw",1.0,0.0,0.0,False,False,False
Kiribati,2009,"Vanilla, raw",0.0,0.0,0.0,False,False,False
Kiribati,2010,"Vanilla, raw",0.0,0.0,0.0,False,False,False
Kiribati,2011,"Vanilla, raw",0.0,0.0,0.0,False,False,False
Kiribati,2012,"Vanilla, raw",0.0,0.0,0.0,False,False,False
Kiribati,2013,"Vanilla, raw",0.0,0.0,0.0,False,False,False
Kiribati,2014,"Vanilla, raw",0.02,0.0,0.0,False,False,False
Kiribati,2015,"Vanilla, raw",0.01,0.0,0.0,False,False,False
Kiribati,2016,"Vanilla, raw",0.05,0.0,0.0,False,False,False
Kiribati,2017,"Vanilla, raw",0.02,0.0,0.0,False,False,False
Kiribati,2019,"Vanilla, raw",7.8,0.0,0.0,False,False,False
Kiribati,2020,"Vanilla, raw",0.2,0.0,0.0,False,False,False
Kiribati,2021,"Vanilla, raw",0.17,0.0,0.0,False,False,False
Kiribati,2022,"Vanilla, raw",6.0,0.0,0.0,False,False,False
Kiribati,2023,"Vanilla, raw",6.3,0.0,0.0,False,False,False
Kuwait,1993,"Vanilla, raw",34.0,0.0,0.0,True,False,False
Kuwait,1994,"Vanilla, raw",2.0,0.0,0.0,True,False,False
Kuwait,1995,"Vanilla, raw",13.0,0.0,0.0,False,False,False
Kuwait,1996,"Vanilla, raw",12.0,1.0,0.0,False,False,False
Kuwait,1997,"Vanilla, raw",14.0,1.0,0.0,False,False,False
Kuwait,1998,"Vanilla, raw",18.0,0.0,0.0,False,False,False
Kuwait,1999,"Vanilla, raw",10.0,0.0,0.0,False,False,False
Kuwait,2000,"Vanilla, raw",14.0,0.0,0.0,False,False,False
Kuwait,2001,"Vanilla, raw",0.0,0.0,0.0,False,False,False
Kuwait,2002,"Vanilla, raw",0.0,0.0,0.0,False,False,False
Kuwait,2003,"Vanilla, raw",0.0,0.0,0.0,False,False,False
Kuwait,2004,"Vanilla, raw",0.0,0.0,0.0,False,False,False
Kuwait,2005,"Vanilla, raw",5.0,0.0,0.0,False,False,False
Kuwait,2006,"Vanilla, raw",0.0,3.0,0.0,False,False,False
Kuwait,2007,"Vanilla, raw",16.0,3.0,0.0,False,False,False
Kuwait,2008,"Vanilla, raw",13.0,1.0,0.0,False,False,False
Kuwait,2009,"Vanilla, raw",11.0,1.0,0.0,False,False,False
Kuwait,2010,"Vanilla, raw",4.0,1.0,0.0,False,False,False
Kuwait,2011,"Vanilla, raw",13.0,1.0,0.0,False,False,False
Kuwait,2012,"Vanilla, raw",2.0,1.0,0.0,False,False,False
Kuwait,2013,"Vanilla, raw",35.0,0.0,0.0,False,False,False
Kuwait,2014,"Vanilla, raw",68.05,0.0,0.0,False,False,False
Kuwait,2015,"Vanilla, raw",44.88,0.0,0.0,False,False,False
Kuwait,2016,"Vanilla, raw",43.02,0.0,0.0,False,False,False
Kuwait,2017,"Vanilla, raw",27.25,6.97,0.0,False,True,False
Kuwait,2018,"Vanilla, raw",14.87,0.0,0.0,False,False,False
Kuwait,2019,"Vanilla, raw",64.6,0.0,0.0,False,False,False
Kuwait,2020,"Vanilla, raw",16.01,0.0,0.0,False,False,False
Kuwait,2021,"Vanilla, raw",144.18,0.0,0.0,False,False,False
Kuwait,2022,"Vanilla, raw",79.44,0.0,0.0,False,False,False
Kuwait,2023,"Vanilla, raw",100.74,0.0,0.0,False,False,False
Kyrgyzstan,2001,"Vanilla, raw",0.0,0.0,0.0,False,False,False
Kyrgyzstan,2002,"Vanilla, raw",0.0,0.0,0.0,False,False,False
Kyrgyzstan,2005,"Vanilla, raw",104.0,0.0,0.0,True,False,False
Kyrgyzstan,2006,"Vanilla, raw",1.0,0.0,0.0,False,False,False
Kyrgyzstan,2007,"Vanilla, raw",0.0,0.0,0.0,False,False,False
Kyrgyzstan,2008,"Vanilla, raw",0.0,0.0,0.0,False,False,False
Kyrgyzstan,2009,"Vanilla, raw",0.0,0.0,0.0,False,False,False
Kyrgyzstan,2010,"Vanilla, raw",0.0,0.0,0.0,False,False,False
Kyrgyzstan,2011,"Vanilla, raw",0.0,0.0,0.0,False,False,False
Kyrgyzstan,2012,"Vanilla, raw",0.0,0.0,0.0,False,False,False
Kyrgyzstan,2013,"Vanilla, raw",0.0,0.0,0.0,False,False,False
Kyrgyzstan,2014,"Vanilla, raw",4.45,0.0,0.0,False,False,False
Kyrgyzstan,2015,"Vanilla, raw",83.72,0.0,0.0,True,False,False
Kyrgyzstan,2016,"Vanilla, raw",6.77,0.0,0.0,False,False,False
Kyrgyzstan,2017,"Vanilla, raw",1.03,0.0,0.0,False,False,False
Kyrgyzstan,2018,"Vanilla, raw",6.2,0.0,0.0,False,False,False
Kyrgyzstan,2020,"Vanilla, raw",0.01,0.0,0.0,False,False,False
Kyrgyzstan,2022,"Vanilla, raw",0.1,0.0,0.0,False,False,False
Kyrgyzstan,2023,"Vanilla, raw",1.45,0.0,0.0,False,False,False
Lao People's Democratic Republic,2014,"Vanilla, raw",4.35,0.0,0.0,False,False,False
Lao People's Democratic Republic,2018,"Vanilla, raw",0.0,0.0,0.0,False,False,False
Lao People's Democratic Republic,2019,"Vanilla, raw",0.0,0.0,0.0,False,False,False
Lao People's Democratic Republic,2020,"Vanilla, raw",131.72,0.0,0.0,True,False,False
Lao People's Democratic Republic,2021,"Vanilla, raw",68.09,0.0,0.0,False,False,False
Lao People's Democratic Republic,2022,"Vanilla, raw",0.28,0.0,0.0,False,False,False
Lao People's Democratic Republic,2023,"Vanilla, raw",0.47,0.0,0.0,False,False,False
Latvia,1993,"Vanilla, raw",3.0,0.0,0.0,False,False,False
Latvia,1994,"Vanilla, raw",1.0,0.0,0.0,False,False,False
Latvia,1995,"Vanilla, raw",1.0,2.0,0.0,False,False,False
Latvia,1996,"Vanilla, raw",2.0,2.0,0.0,False,False,False
Latvia,1997,"Vanilla, raw",6.0,5.0,0.0,False,False,False
Latvia,1998,"Vanilla, raw",5.0,5.0,0.0,False,False,False
Latvia,1999,"Vanilla, raw",3.0,0.0,0.0,False,False,False
Latvia,2000,"Vanilla, raw",5.0,0.0,0.0,False,False,False
Latvia,2001,"Vanilla, raw",6.0,0.0,0.0,False,False,False
Latvia,2002,"Vanilla, raw",0.0,0.0,0.0,False,False,False
Latvia,2003,"Vanilla, raw",0.0,0.0,0.0,False,False,False
Latvia,2004,"Vanilla, raw",3.0,0.0,0.0,False,False,False
Latvia,2005,"Vanilla, raw",5.0,0.0,0.0,False,False,False
Latvia,2006,"Vanilla, raw",2.0,0.0,0.0,False,False,False
Latvia,2007,"Vanilla, raw",2.0,0.0,0.0,False,False,False
Latvia,2008,"Vanilla, raw",0.0,0.0,0.0,False,False,False
Latvia,2009,"Vanilla, raw",6.0,1.0,0.0,False,False,False
Latvia,2010,"Vanilla, raw",6.0,47.0,0.0,False,True,False
Latvia,2011,"Vanilla, raw",3.0,0.0,0.0,False,False,False
Latvia,2012,"Vanilla, raw",1.0,0.0,0.0,False,False,False
Latvia,2013,"Vanilla, raw",1.0,3.0,0.0,False,False,False
Latvia,2014,"Vanilla, raw",3.57,0.53,0.0,False,False,False
Latvia,2015,"Vanilla, raw",3.12,0.14,0.0,False,False,False
Latvia,2016,"Vanilla, raw",1.66,6.32,0.0,False,True,False
Latvia,2017,"Vanilla, raw",1.99,1.29,0.0,False,False,False
Latvia,2018,"Vanilla, raw",1.24,0.08,0.0,False,False,False
Latvia,2019,"Vanilla, raw",1.47,0.05,0.0,False,False,False
Latvia,2020,"Vanilla, raw",2.1,0.09,0.0,False,False,False
Latvia,2021,"Vanilla, raw",2.79,0.23,0.0,False,False,False
Latvia,2022,"Vanilla, raw",5.32,0.54,0.0,True,True,False
Latvia,2023,"Vanilla, raw",2.3,0.23,0.0,False,False,False
Lebanon,1993,"Vanilla, raw",0.0,0.0,0.0,False,False,False
Lebanon,1994,"Vanilla, raw",0.0,0.0,0.0,False,False,False
Lebanon,1995,"Vanilla, raw",0.0,0.0,0.0,False,False,False
Lebanon,1996,"Vanilla, raw",0.0,0.0,0.0,False,False,False
Lebanon,1997,"Vanilla, raw",2.0,68.0,0.0,False,False,False
Lebanon,1998,"Vanilla, raw",0.0,37.0,0.0,False,False,False
Lebanon,1999,"Vanilla, raw",3.0,63.0,0.0,False,False,False
Lebanon,2000,"Vanilla, raw",1.0,49.0,0.0,False,False,False
Lebanon,2001,"Vanilla, raw",1.0,19.0,0.0,False,True,False
Lebanon,2002,"Vanilla, raw",1.0,40.0,0.0,False,False,False
Lebanon,2003,"Vanilla, raw",0.0,49.0,0.0,False,False,False
Lebanon,2004,"Vanilla, raw",0.0,53.0,0.0,False,False,False
Lebanon,2005,"Vanilla, raw",1.0,43.0,0.0,False,False,False
Lebanon,2006,"Vanilla, raw",1.0,27.0,0.0,False,False,False
Lebanon,2007,"Vanilla, raw",1.0,19.0,0.0,False,False,False
Lebanon,2008,"Vanilla, raw",1.0,19.0,0.0,False,False,False
Lebanon,2009,"Vanilla, raw",2.0,41.0,0.0,False,False,False
Lebanon,2010,"Vanilla, raw",3.0,4.0,0.0,False,False,False
Lebanon,2011,"Vanilla, raw",5.0,11.0,0.0,False,False,False
Lebanon,2012,"Vanilla, raw",4.0,9.0,0.0,False,False,False
Lebanon,2013,"Vanilla, raw",10.0,15.0,0.0,False,False,False
Lebanon,2014,"Vanilla, raw",5.13,10.49,0.0,False,False,False
Lebanon,2015,"Vanilla, raw",8.82,4.65,0.0,False,False,False
Lebanon,2016,"Vanilla, raw",4.61,4.44,0.0,False,False,False
Lebanon,2017,"Vanilla, raw",4.88,2.8,0.0,False,False,False
Lebanon,2018,"Vanilla, raw",4.16,9.23,0.0,False,False,False
Lebanon,2019,"Vanilla, raw",13.53,7.48,0.0,False,False,False
Lebanon,2020,"Vanilla, raw",49.87,6.64,0.0,False,False,False
Lebanon,2021,"Vanilla, raw",88.98,4.33,0.0,False,False,False
Lebanon,2022,"Vanilla, raw",76.74,4.29,0.0,False,False,False
Lebanon,2023,"Vanilla, raw",59.98,4.7,0.0,False,False,False
Lesotho,2014,"Vanilla, raw",0.09,0.0,0.0,False,False,False
Lesotho,2015,"Vanilla, raw",0.04,0.2,0.0,False,True,False
Lesotho,2016,"Vanilla, raw",0.01,0.0,0.0,False,False,False
Lesotho,2017,"Vanilla, raw",0.21,0.0,0.0,False,False,False
Lesotho,2018,"Vanilla, raw",5.91,0.0,0.0,False,False,False
Lesotho,2019,"Vanilla, raw",4.68,0.0,0.0,False,False,False
Lesotho,2020,"Vanilla, raw",5.51,0.0,0.0,False,False,False
Lesotho,2021,"Vanilla, raw",21.85,0.0,0.0,True,False,False
Lesotho,2022,"Vanilla, raw",0.01,0.0,0.0,False,False,False
Lesotho,2023,"Vanilla, raw",0.01,0.0,0.0,False,False,False
Liberia,2014,"Vanilla, raw",0.04,0.0,0.0,False,False,False
Liberia,2015,"Vanilla, raw",0.02,0.0,0.0,False,False,False
Liberia,2016,"Vanilla, raw",3.0,0.0,0.0,True,False,False
Liberia,2017,"Vanilla, raw",0.02,0.0,0.0,False,False,False
Liberia,2019,"Vanilla, raw",0.1,0.0,0.0,False,False,False
Liberia,2020,"Vanilla, raw",0.13,0.0,0.0,False,False,False
Liberia,2021,"Vanilla, raw",1.99,0.0,0.0,True,False,False
Liberia,2022,"Vanilla, raw",0.4,0.0,0.0,False,False,False
Liberia,2023,"Vanilla, raw",0.4,0.0,0.0,False,False,False
Libya,1993,"Vanilla, raw",3.0,0.0,0.0,False,False,False
Libya,1994,"Vanilla, raw",0.0,0.0,0.0,False,False,False
Libya,1995,"Vanilla, raw",20.0,0.0,0.0,False,False,False
Libya,1996,"Vanilla, raw",20.0,0.0,0.0,False,False,False
Libya,1997,"Vanilla, raw",3.0,0.0,0.0,False,False,False
Libya,1998,"Vanilla, raw",8.0,0.0,0.0,False,False,False
Libya,1999,"Vanilla, raw",0.0,0.0,0.0,False,False,False
Libya,2000,"Vanilla, raw",0.0,0.0,0.0,False,False,False
Libya,2001,"Vanilla, raw",0.0,0.0,0.0,False,False,False
Libya,2002,"Vanilla, raw",0.0,0.0,0.0,False,False,False
Libya,2003,"Vanilla, raw",0.0,0.0,0.0,False,False,False
Libya,2004,"Vanilla, raw",3.0,0.0,0.0,False,False,False
Libya,2005,"Vanilla, raw",3.0,0.0,0.0,False,False,False
Libya,2006,"Vanilla, raw",2.0,0.0,0.0,False,False,False
Libya,2007,"Vanilla, raw",2.0,0.0,0.0,False,False,False
Libya,2008,"Vanilla, raw",2.0,0.0,0.0,False,False,False
Libya,2009,"Vanilla, raw",2.0,0.0,0.0,False,False,False
Libya,2010,"Vanilla, raw",1.0,0.0,0.0,False,False,False
Libya,2011,"Vanilla, raw",1.0,0.0,0.0,False,False,False
Libya,2012,"Vanilla, raw",2.0,0.0,0.0,False,False,False
Libya,2013,"Vanilla, raw",3.0,0.0,0.0,False,False,False
Libya,2014,"Vanilla, raw",4.69,0.0,0.0,False,False,False
Libya,2015,"Vanilla, raw",15.51,0.0,0.0,True,False,False
Libya,2016,"Vanilla, raw",3.25,0.0,0.0,False,False,False
Libya,2017,"Vanilla, raw",0.1,0.0,0.0,False,False,False
Libya,2018,"Vanilla, raw",0.33,0.0,0.0,False,False,False
Libya,2019,"Vanilla, raw",0.9,0.0,0.0,False,False,False
Libya,2020,"Vanilla, raw",0.4,0.0,0.0,False,False,False
Libya,2021,"Vanilla, raw",0.04,0.0,0.0,False,False,False
Libya,2022,"Vanilla, raw",0.35,0.0,0.0,False,False,False
Libya,2023,"Vanilla, raw",0.14,0.0,0.0,False,False,False
Lithuania,1994,"Vanilla, raw",1.0,3.0,0.0,False,False,False
Lithuania,1995,"Vanilla, raw",3.0,1.0,0.0,False,False,False
Lithuania,1996,"Vanilla, raw",5.0,0.0,0.0,False,False,False
Lithuania,1997,"Vanilla, raw",35.0,25.0,0.0,True,True,False
Lithuania,1998,"Vanilla, raw",17.0,13.0,0.0,False,False,False
Lithuania,1999,"Vanilla, raw",0.0,0.0,0.0,False,False,False
Lithuania,2000,"Vanilla, raw",0.0,0.0,0.0,False,False,False
Lithuania,2001,"Vanilla, raw",0.0,0.0,0.0,False,False,False
Lithuania,2002,"Vanilla, raw",0.0,0.0,0.0,False,False,False
Lithuania,2003,"Vanilla, raw",0.0,0.0,0.0,False,False,False
Lithuania,2004,"Vanilla, raw",0.0,0.0,0.0,False,False,False
Lithuania,2005,"Vanilla, raw",0.0,0.0,0.0,False,False,False
Lithuania,2006,"Vanilla, raw",0.0,0.0,0.0,False,False,False
Lithuania,2007,"Vanilla, raw",0.0,0.0,0.0,False,False,False
Lithuania,2008,"Vanilla, raw",0.0,0.0,0.0,False,False,False
Lithuania,2009,"Vanilla, raw",0.0,0.0,0.0,False,False,False
Lithuania,2010,"Vanilla, raw",0.0,0.0,0.0,False,False,False
Lithuania,2011,"Vanilla, raw",0.0,1.0,0.0,False,False,False
Lithuania,2012,"Vanilla, raw",1.0,0.0,0.0,False,False,False
Lithuania,2013,"Vanilla, raw",2.0,2.0,0.0,False,False,False
Lithuania,2014,"Vanilla, raw",1.91,1.51,0.0,False,False,False
Lithuania,2015,"Vanilla, raw",1.44,0.39,0.0,False,False,False
Lithuania,2016,"Vanilla, raw",1.19,0.42,0.0,False,False,False
Lithuania,2017,"Vanilla, raw",0.93,0.28,0.0,False,False,False
Lithuania,2018,"Vanilla, raw",0.98,0.24,0.0,False,False,False
Lithuania,2019,"Vanilla, raw",1.02,0.19,0.0,False,False,False
Lithuania,2020,"Vanilla, raw",1.46,0.26,0.0,False,False,False
Lithuania,2021,"Vanilla, raw",1.4,0.28,0.0,False,False,False
Lithuania,2022,"Vanilla, raw",1.67,0.96,0.0,True,True,False
Lithuania,2023,"Vanilla, raw",1.45,0.46,0.0,False,False,False
Luxembourg,2000,"Vanilla, raw",1.0,0.0,0.0,False,False,False
Luxembourg,2001,"Vanilla, raw",2.0,0.0,0.0,False,False,False
Luxembourg,2002,"Vanilla, raw",3.0,0.0,0.0,False,False,False
Luxembourg,2003,"Vanilla, raw",3.0,0.0,0.0,False,False,False
Luxembourg,2004,"Vanilla, raw",4.0,0.0,0.0,False,False,False
Luxembourg,2005,"Vanilla, raw",2.0,0.0,0.0,False,False,False
Luxembourg,2006,"Vanilla, raw",2.0,0.0,0.0,False,False,False
Luxembourg,2007,"Vanilla, raw",1.0,0.0,0.0,False,False,False
Luxembourg,2008,"Vanilla, raw",3.0,0.0,0.0,False,False,False
Luxembourg,2009,"Vanilla, raw",5.0,0.0,0.0,False,False,False
Luxembourg,2010,"Vanilla, raw",4.0,1.0,0.0,False,True,False
Luxembourg,2011,"Vanilla, raw",6.0,0.0,0.0,False,False,False
Luxembourg,2012,"Vanilla, raw",21.0,0.0,0.0,True,False,False
Luxembourg,2013,"Vanilla, raw",4.0,0.0,0.0,False,False,False
Luxembourg,2014,"Vanilla, raw",4.19,0.29,0.0,False,False,False
Luxembourg,2015,"Vanilla, raw",3.78,0.21,0.0,False,False,False
Luxembourg,2016,"Vanilla, raw",7.25,0.2,0.0,False,False,False
Luxembourg,2017,"Vanilla, raw",8.65,0.45,0.0,False,False,False
Luxembourg,2018,"Vanilla, raw",9.26,0.76,0.0,False,False,False
Luxembourg,2019,"Vanilla, raw",10.63,0.75,0.0,False,False,False
Luxembourg,2020,"Vanilla, raw",11.74,0.29,0.0,False,False,False
Luxembourg,2021,"Vanilla, raw",4.32,0.22,0.0,False,False,False
Luxembourg,2022,"Vanilla, raw",4.68,0.15,0.0,False,False,False
Luxembourg,2023,"Vanilla, raw",4.1,0.22,0.0,False,False,False
Madagascar,1996,"Vanilla, raw",1.0,640.0,880.0,True,False,False
Madagascar,1997,"Vanilla, raw",0.0,653.0,860.0,False,False,False
Madagascar,1998,"Vanilla, raw",0.0,391.0,1000.0,False,True,False
Madagascar,1999,"Vanilla, raw",0.0,684.0,1100.0,False,False,True
Madagascar,2000,"Vanilla, raw",0.75,657.26,880.0,False,False,False
Madagascar,2001,"Vanilla, raw",51.0,918.0,920.0,True,False,False
Madagascar,2002,"Vanilla, raw",0.0,932.0,880.0,False,False,False
Madagascar,2003,"Vanilla, raw",7.0,742.0,525.0,False,False,False
Madagascar,2004,"Vanilla, raw",4.0,649.0,839.0,False,False,False
Madagascar,2005,"Vanilla, raw",2.0,1813.0,2613.0,False,False,False
Madagascar,2006,"Vanilla, raw",28.0,1221.0,2534.0,True,False,False
Madagascar,2007,"Vanilla, raw",10.0,3085.0,2661.0,False,False,False
Madagascar,2008,"Vanilla, raw",1.0,2228.0,2686.0,False,False,False
Madagascar,2009,"Vanilla, raw",0.0,2048.0,2710.0,False,False,False
Madagascar,2010,"Vanilla, raw",6.0,668.0,2742.0,False,False,False
Madagascar,2011,"Vanilla, raw",0.0,2117.0,2790.92,False,False,False
Madagascar,2012,"Vanilla, raw",20.0,538.0,2929.16,False,False,False
Madagascar,2013,"Vanilla, raw",34.0,1136.0,3021.34,False,False,False
Madagascar,2014,"Vanilla, raw",15.12,2354.87,3139.0,False,False,False
Madagascar,2015,"Vanilla, raw",17.23,2790.17,2922.0,False,False,False
Madagascar,2016,"Vanilla, raw",8.63,1608.84,2943.59,False,False,False
Madagascar,2017,"Vanilla, raw",6.98,2145.94,3003.11,False,False,False
Madagascar,2018,"Vanilla, raw",14.04,2295.05,3095.85,False,False,False
Madagascar,2019,"Vanilla, raw",22.96,1478.41,3014.18,False,False,False
Madagascar,2020,"Vanilla, raw",0.13,1674.74,3037.72,False,False,False
Madagascar,2021,"Vanilla, raw",10.79,2534.32,3141.4,False,False,False
Madagascar,2022,"Vanilla, raw",2.01,2268.04,3161.59,False,False,False
Madagascar,2023,"Vanilla, raw",23.8,1387.12,3113.57,False,False,False
Malawi,2007,"Vanilla, raw",4.0,0.0,20.45,False,False,False
Malawi,2008,"Vanilla, raw",4.0,0.0,20.43,False,False,False
Malawi,2009,"Vanilla, raw",2.0,0.0,20.42,True,False,False
Malawi,2010,"Vanilla, raw",3.0,0.0,20.4,False,False,False
Malawi,2011,"Vanilla, raw",4.0,0.0,20.0,False,False,False
Malawi,2012,"Vanilla, raw",9.0,0.0,20.22,True,False,False
Malawi,2013,"Vanilla, raw",0.0,0.0,20.34,False,False,False
Malawi,2014,"Vanilla, raw",1.98,0.0,20.15,False,False,False
Malawi,2015,"Vanilla, raw",2.85,0.0,20.22,False,False,False
Malawi,2016,"Vanilla, raw",0.22,0.0,20.06,False,False,False
Malawi,2017,"Vanilla, raw",0.0,0.0,19.99,False,False,False
Malawi,2018,"Vanilla, raw",1.05,0.0,19.9,False,False,False
Malawi,2019,"Vanilla, raw",0.07,0.0,19.84,False,False,False
Malawi,2020,"Vanilla, raw",0.25,14.75,19.92,False,True,False
Malawi,2021,"Vanilla, raw",0.05,0.0,20.0,False,False,False
Malawi,2022,"Vanilla, raw",0.04,0.0,19.97,False,False,False
Malawi,2023,"Vanilla, raw",2.59,0.0,19.93,True,False,False
Malaysia,1993,"Vanilla, raw",5.0,1.0,0.0,False,False,False
Malaysia,1994,"Vanilla, raw",3.0,1.0,0.0,False,False,False
Malaysia,1995,"Vanilla, raw",8.0,1.0,0.0,False,False,False
Malaysia,1996,"Vanilla, raw",7.0,4.0,0.0,False,False,False
Malaysia,1997,"Vanilla, raw",7.0,4.0,0.0,False,False,False
Malaysia,1998,"Vanilla, raw",34.0,2.0,0.0,True,False,False
Malaysia,1999,"Vanilla, raw",3.0,17.0,0.0,False,False,False
Malaysia,2000,"Vanilla, raw",4.0,4.0,0.0,False,False,False
Malaysia,2001,"Vanilla, raw",20.0,24.0,0.0,False,False,False
Malaysia,2002,"Vanilla, raw",77.0,44.0,0.0,False,True,False
Malaysia,2003,"Vanilla, raw",34.0,8.0,0.0,False,False,False
Malaysia,2004,"Vanilla, raw",60.0,13.0,0.0,False,False,False
Malaysia,2005,"Vanilla, raw",26.0,13.0,0.0,False,False,False
Malaysia,2006,"Vanilla, raw",46.0,15.0,0.0,False,False,False
Malaysia,2007,"Vanilla, raw",35.0,3.0,0.0,False,False,False
Malaysia,2008,"Vanilla, raw",57.0,4.0,0.0,False,False,False
Malaysia,2009,"Vanilla, raw",35.0,3.0,0.0,False,False,False
Malaysia,2010,"Vanilla, raw",29.0,3.0,0.0,False,False,False
Malaysia,2011,"Vanilla, raw",53.0,10.0,0.0,False,True,False
Malaysia,2012,"Vanilla, raw",58.0,4.0,0.0,False,False,False
Malaysia,2013,"Vanilla, raw",79.0,0.0,0.0,False,False,False
Malaysia,2014,"Vanilla, raw",62.63,3.43,0.0,False,False,False
Malaysia,2015,"Vanilla, raw",53.92,3.77,0.0,False,False,False
Malaysia,2016,"Vanilla, raw",80.19,0.0,0.0,False,False,False
Malaysia,2017,"Vanilla, raw",65.99,0.0,0.0,False,False,False
Malaysia,2018,"Vanilla, raw",77.66,0.56,0.0,False,False,False
Malaysia,2019,"Vanilla, raw",79.54,12.36,0.0,False,True,False
Malaysia,2020,"Vanilla, raw",61.82,8.7,0.0,False,False,False
Malaysia,2021,"Vanilla, raw",19.58,0.0,0.0,False,False,False
Malaysia,2022,"Vanilla, raw",6.98,0.79,0.0,False,False,False
Malaysia,2023,"Vanilla, raw",6.83,0.44,0.0,False,False,False
Maldives,2011,"Vanilla, raw",0.0,0.0,0.0,False,False,False
Maldives,2012,"Vanilla, raw",1.0,0.0,0.0,False,False,False
Maldives,2013,"Vanilla, raw",1.0,0.0,0.0,False,False,False
Mali,2002,"Vanilla, raw",1.0,0.0,0.0,True,False,False
Mali,2003,"Vanilla, raw",0.0,0.0,0.0,False,False,False
Mali,2004,"Vanilla, raw",0.0,0.0,0.0,False,False,False
Mali,2005,"Vanilla, raw",0.0,0.0,0.0,False,False,False
Mali,2006,"Vanilla, raw",0.0,0.0,0.0,False,False,False
Mali,2007,"Vanilla, raw",6.0,0.0,0.0,True,False,False
Mali,2008,"Vanilla, raw",0.0,0.0,0.0,False,False,False
Mali,2009,"Vanilla, raw",0.0,0.0,0.0,False,False,False
Mali,2010,"Vanilla, raw",0.0,0.0,0.0,False,False,False
Mali,2011,"Vanilla, raw",0.0,0.0,0.0,False,False,False
Mali,2012,"Vanilla, raw",0.0,0.0,0.0,False,False,False
Mali,2013,"Vanilla, raw",0.0,0.0,0.0,False,False,False
Mali,2014,"Vanilla, raw",0.42,0.0,0.0,False,False,False
Mali,2015,"Vanilla, raw",0.6,0.38,0.0,False,False,False
Mali,2016,"Vanilla, raw",0.22,7.2,0.0,False,True,False
Mali,2017,"Vanilla, raw",0.95,0.0,0.0,False,False,False
Mali,2018,"Vanilla, raw",2.97,0.0,0.0,True,False,False
Mali,2020,"Vanilla, raw",0.03,0.0,0.0,False,False,False
Mali,2021,"Vanilla, raw",0.0,0.0,0.0,False,False,False
Mali,2022,"Vanilla, raw",0.32,0.0,0.0,False,False,False
Malta,1995,"Vanilla, raw",6.0,0.0,0.0,False,False,False
Malta,1996,"Vanilla, raw",0.0,0.0,0.0,False,False,False
Malta,1997,"Vanilla, raw",0.0,0.0,0.0,False,False,False
Malta,1998,"Vanilla, raw",2.0,0.0,0.0,False,False,False
Malta,1999,"Vanilla, raw",3.0,0.0,0.0,False,False,False
Malta,2000,"Vanilla, raw",2.0,0.0,0.0,False,False,False
Malta,2001,"Vanilla, raw",2.0,0.0,0.0,False,False,False
Malta,2002,"Vanilla, raw",2.0,0.0,0.0,False,False,False
Malta,2003,"Vanilla, raw",2.0,34.0,0.0,False,True,False
Malta,2004,"Vanilla, raw",2.0,0.0,0.0,False,False,False
Malta,2005,"Vanilla, raw",1.0,0.0,0.0,False,False,False
Malta,2006,"Vanilla, raw",0.0,0.0,0.0,False,False,False
Malta,2007,"Vanilla, raw",0.0,0.0,0.0,False,False,False
Malta,2008,"Vanilla, raw",0.0,0.0,0.0,False,False,False
Malta,2009,"Vanilla, raw",1.0,0.0,0.0,False,False,False
Malta,2010,"Vanilla, raw",0.0,0.0,0.0,False,False,False
Malta,2011,"Vanilla, raw",1.0,0.0,0.0,False,False,False
Malta,2012,"Vanilla, raw",2.0,0.0,0.0,False,False,False
Malta,2013,"Vanilla, raw",0.0,0.0,0.0,False,False,False
Malta,2014,"Vanilla, raw",0.8,0.0,0.0,False,False,False
Malta,2015,"Vanilla, raw",0.64,0.0,0.0,False,False,False
Malta,2016,"Vanilla, raw",0.55,0.01,0.0,False,True,False
Malta,2017,"Vanilla, raw",0.4,0.0,0.0,False,False,False
Malta,2018,"Vanilla, raw",0.32,0.0,0.0,False,False,False
Malta,2019,"Vanilla, raw",0.31,0.0,0.0,False,False,False
Malta,2020,"Vanilla, raw",0.35,0.0,0.0,False,False,False
Malta,2021,"Vanilla, raw",0.24,0.0,0.0,False,False,False
Malta,2022,"Vanilla, raw",0.68,0.0,0.0,False,False,False
Malta,2023,"Vanilla, raw",0.58,0.0,0.0,False,False,False
Mauritania,2015,"Vanilla, raw",0.01,0.6,0.0,False,False,False
Mauritania,2022,"Vanilla, raw",4.33,0.0,0.0,False,False,False
Mauritius,1993,"Vanilla, raw",0.0,0.0,0.0,False,False,False
Mauritius,1994,"Vanilla, raw",0.0,0.0,0.0,False,False,False
Mauritius,1995,"Vanilla, raw",0.0,0.0,0.0,False,False,False
Mauritius,1996,"Vanilla, raw",0.0,0.0,0.0,False,False,False
Mauritius,1997,"Vanilla, raw",0.0,0.0,0.0,False,False,False
Mauritius,1998,"Vanilla, raw",0.0,0.0,0.0,False,False,False
Mauritius,1999,"Vanilla, raw",1.0,0.0,0.0,False,False,False
Mauritius,2000,"Vanilla, raw",0.27,0.23,0.0,False,False,False
Mauritius,2001,"Vanilla, raw",2.0,0.0,0.0,False,False,False
Mauritius,2002,"Vanilla, raw",466.0,20.0,0.0,True,True,False
Mauritius,2003,"Vanilla, raw",37.0,8.0,0.0,False,False,False
Mauritius,2004,"Vanilla, raw",6.0,0.0,0.0,False,False,False
Mauritius,2005,"Vanilla, raw",6.0,1.0,0.0,False,False,False
Mauritius,2006,"Vanilla, raw",5.0,3.0,0.0,False,False,False
Mauritius,2007,"Vanilla, raw",10.0,1.0,0.0,False,False,False
Mauritius,2008,"Vanilla, raw",11.0,1.0,0.0,False,False,False
Mauritius,2009,"Vanilla, raw",13.0,3.0,0.0,False,False,False
Mauritius,2010,"Vanilla, raw",103.0,1.0,0.0,False,False,False
Mauritius,2011,"Vanilla, raw",134.0,37.0,0.0,False,False,False
Mauritius,2012,"Vanilla, raw",106.0,23.0,0.0,False,False,False
Mauritius,2013,"Vanilla, raw",131.0,27.0,0.0,False,False,False
Mauritius,2014,"Vanilla, raw",158.41,91.03,0.0,False,False,False
Mauritius,2015,"Vanilla, raw",250.84,243.72,0.0,False,False,False
Mauritius,2016,"Vanilla, raw",257.71,191.37,0.0,False,False,False
Mauritius,2017,"Vanilla, raw",130.56,123.32,0.0,False,False,False
Mauritius,2018,"Vanilla, raw",88.26,83.97,0.0,False,False,False
Mauritius,2019,"Vanilla, raw",56.27,46.36,0.0,False,False,False
Mauritius,2020,"Vanilla, raw",18.15,62.28,0.0,False,False,False
Mauritius,2021,"Vanilla, raw",37.76,27.99,0.0,False,False,False
Mauritius,2022,"Vanilla, raw",60.42,54.34,0.0,False,False,False
Mauritius,2023,"Vanilla, raw",70.25,12.1,0.0,False,False,False
Mexico,1993,"Vanilla, raw",3.0,7.0,445.0,False,False,False
Mexico,1994,"Vanilla, raw",1.0,12.0,167.0,False,False,False
Mexico,1995,"Vanilla, raw",31.0,29.0,207.0,False,False,False
Mexico,1996,"Vanilla, raw",2.0,59.0,299.0,False,False,False
Mexico,1997,"Vanilla, raw",4.0,53.0,135.0,False,False,False
Mexico,1998,"Vanilla, raw",26.0,28.0,564.0,False,False,True
Mexico,1999,"Vanilla, raw",9.0,84.0,353.0,False,False,False
Mexico,2000,"Vanilla, raw",7.62,137.31,255.0,False,False,False
Mexico,2001,"Vanilla, raw",52.0,153.0,299.0,False,False,False
Mexico,2002,"Vanilla, raw",73.0,184.0,189.0,False,False,True
Mexico,2003,"Vanilla, raw",28.0,140.0,257.0,False,False,False
Mexico,2004,"Vanilla, raw",26.0,125.0,252.0,False,False,False
Mexico,2005,"Vanilla, raw",30.0,29.0,280.0,False,False,False
Mexico,2006,"Vanilla, raw",27.0,32.0,291.0,False,False,False
Mexico,2007,"Vanilla, raw",3.0,41.0,637.0,False,False,False
Mexico,2008,"Vanilla, raw",3.0,31.0,523.0,False,False,False
Mexico,2009,"Vanilla, raw",1.0,24.0,524.0,False,False,False
Mexico,2010,"Vanilla, raw",1.0,47.0,395.0,False,False,False
Mexico,2011,"Vanilla, raw",6.0,53.0,362.0,False,False,False
Mexico,2012,"Vanilla, raw",19.0,51.0,390.0,True,False,False
Mexico,2013,"Vanilla, raw",1.0,28.0,463.0,False,False,False
Mexico,2014,"Vanilla, raw",0.31,8.7,419.56,False,False,False
Mexico,2015,"Vanilla, raw",1.52,18.68,481.87,False,False,False
Mexico,2016,"Vanilla, raw",3.19,30.82,512.78,False,False,False
Mexico,2017,"Vanilla, raw",0.63,5.68,514.94,False,False,False
Mexico,2018,"Vanilla, raw",2.94,3.3,494.69,False,False,False
Mexico,2019,"Vanilla, raw",2.06,2.47,521.86,False,False,False
Mexico,2020,"Vanilla, raw",0.73,1.4,588.71,False,False,True
Mongolia,1998,"Vanilla, raw",0.0,0.0,0.0,False,False,False
Mongolia,1999,"Vanilla, raw",0.0,0.0,0.0,False,False,False
Mongolia,2000,"Vanilla, raw",1.0,0.0,0.0,True,False,False
Mongolia,2001,"Vanilla, raw",0.0,0.0,0.0,False,False,False
Mongolia,2002,"Vanilla, raw",0.0,0.0,0.0,False,False,False
Mongolia,2003,"Vanilla, raw",0.0,0.0,0.0,False,False,False
Mongolia,2004,"Vanilla, raw",0.0,0.0,0.0,False,False,False
Mongolia,2005,"Vanilla, raw",0.0,0.0,0.0,False,False,False
Mongolia,2006,"Vanilla, raw",0.0,0.0,0.0,False,False,False
Mongolia,2007,"Vanilla, raw",1.0,0.0,0.0,True,False,False
Mongolia,2008,"Vanilla, raw",0.0,0.0,0.0,False,False,False
Mongolia,2009,"Vanilla, raw",0.0,0.0,0.0,False,False,False
Mongolia,2010,"Vanilla, raw",0.0,0.0,0.0,False,False,False
Mongolia,2011,"Vanilla, raw",0.0,0.0,0.0,False,False,False
Mongolia,2012,"Vanilla, raw",0.0,0.0,0.0,False,False,False
Mongolia,2013,"Vanilla, raw",0.0,0.0,0.0,False,False,False
Mongolia,2014,"Vanilla, raw",0.31,0.0,0.0,False,False,False
Mongolia,2015,"Vanilla, raw",2.0,0.0,0.0,False,False,False
Mongolia,2016,"Vanilla, raw",3.26,0.0,0.0,False,False,False
Mongolia,2017,"Vanilla, raw",1.81,0.0,0.0,False,False,False
Mongolia,2018,"Vanilla, raw",1.9,0.0,0.0,False,False,False
Mongolia,2019,"Vanilla, raw",3.69,0.0,0.0,False,False,False
Mongolia,2020,"Vanilla, raw",3.03,0.0,0.0,False,False,False
Mongolia,2021,"Vanilla, raw",3.17,0.0,0.0,False,False,False
Mongolia,2022,"Vanilla, raw",4.73,0.0,0.0,True,False,False
Mongolia,2023,"Vanilla, raw",0.0,0.0,0.0,True,False,False
Montenegro,2007,"Vanilla, raw",0.0,22.0,0.0,False,True,False
Montenegro,2008,"Vanilla, raw",0.0,0.0,0.0,False,False,False
Montenegro,2009,"Vanilla, raw",0.0,0.0,0.0,False,False,False
Montenegro,2010,"Vanilla, raw",0.0,0.0,0.0,False,False,False
Montenegro,2011,"Vanilla, raw",0.0,0.0,0.0,False,False,False
Montenegro,2012,"Vanilla, raw",0.0,0.0,0.0,False,False,False
Montenegro,2013,"Vanilla, raw",0.0,0.0,0.0,False,False,False
Montenegro,2014,"Vanilla, raw",0.12,0.0,0.0,False,False,False
Montenegro,2015,"Vanilla, raw",0.1,0.0,0.0,False,False,False
Montenegro,2016,"Vanilla, raw",0.05,0.0,0.0,False,False,False
Montenegro,2017,"Vanilla, raw",0.02,0.0,0.0,False,False,False
Montenegro,2018,"Vanilla, raw",0.05,0.0,0.0,False,False,False
Montenegro,2019,"Vanilla, raw",0.12,0.0,0.0,False,False,False
Montenegro,2020,"Vanilla, raw",0.06,0.0,0.0,False,False,False
Montenegro,2021,"Vanilla, raw",0.02,0.0,0.0,False,False,False
Montenegro,2022,"Vanilla, raw",0.45,0.0,0.0,True,False,False
Montenegro,2023,"Vanilla, raw",0.06,0.0,0.0,False,False,False
Morocco,1993,"Vanilla, raw",1.0,0.0,0.0,False,False,False
Morocco,1994,"Vanilla, raw",0.0,0.0,0.0,False,False,False
Morocco,1995,"Vanilla, raw",1.0,0.0,0.0,False,False,False
Morocco,1996,"Vanilla, raw",0.0,0.0,0.0,False,False,False
Morocco,1997,"Vanilla, raw",0.0,0.0,0.0,False,False,False
Morocco,1998,"Vanilla, raw",0.0,0.0,0.0,False,False,False
Morocco,1999,"Vanilla, raw",0.0,0.0,0.0,False,False,False
Morocco,2000,"Vanilla, raw",0.0,0.0,0.0,False,False,False
Morocco,2001,"Vanilla, raw",0.0,0.0,0.0,False,False,False
Morocco,2002,"Vanilla, raw",1.0,0.0,0.0,True,False,False
Morocco,2003,"Vanilla, raw",0.0,25.0,0.0,False,False,False
Morocco,2004,"Vanilla, raw",0.0,0.0,0.0,False,False,False
Morocco,2005,"Vanilla, raw",0.0,22.0,0.0,False,False,False
Morocco,2006,"Vanilla, raw",0.0,0.0,0.0,False,False,False
Morocco,2007,"Vanilla, raw",0.0,0.0,0.0,False,False,False
Morocco,2008,"Vanilla, raw",0.0,0.0,0.0,False,False,False
Morocco,2009,"Vanilla, raw",0.0,0.0,0.0,False,False,False
Morocco,2010,"Vanilla, raw",0.0,0.0,0.0,False,False,False
Morocco,2011,"Vanilla, raw",0.0,0.0,0.0,False,False,False
Morocco,2012,"Vanilla, raw",1.0,0.0,0.0,False,False,False
Morocco,2013,"Vanilla, raw",11.0,145.0,0.0,False,True,False
Morocco,2014,"Vanilla, raw",6.27,0.0,0.0,False,False,False
Morocco,2015,"Vanilla, raw",1.99,0.58,0.0,False,False,False
Morocco,2016,"Vanilla, raw",3.91,2.23,0.0,False,False,False
Morocco,2017,"Vanilla, raw",3.86,0.82,0.0,False,False,False
Morocco,2018,"Vanilla, raw",6.91,1.89,0.0,False,False,False
Morocco,2019,"Vanilla, raw",2.92,3.97,0.0,False,False,False
Morocco,2020,"Vanilla, raw",4.65,0.63,0.0,False,False,False
Morocco,2021,"Vanilla, raw",0.9,5.09,0.0,False,False,False
Morocco,2022,"Vanilla, raw",1.19,0.02,0.0,False,False,False
Morocco,2023,"Vanilla, raw",2.24,0.0,0.0,False,False,False
Mozambique,2012,"Vanilla, raw",0.0,0.0,0.0,False,False,False
Mozambique,2013,"Vanilla, raw",0.0,0.0,0.0,False,False,False
Mozambique,2014,"Vanilla, raw",0.47,0.0,0.0,False,False,False
Mozambique,2015,"Vanilla, raw",0.3,0.0,0.0,False,False,False
Mozambique,2016,"Vanilla, raw",2.27,0.0,0.0,False,False,False
Mozambique,2017,"Vanilla, raw",1.31,0.0,0.0,False,False,False
Mozambique,2018,"Vanilla, raw",1.41,0.0,0.0,False,False,False
Mozambique,2019,"Vanilla, raw",2.04,0.0,0.0,False,False,False
Mozambique,2020,"Vanilla, raw",1.18,0.07,0.0,False,False,False
Mozambique,2021,"Vanilla, raw",0.22,0.32,0.0,False,True,False
Mozambique,2022,"Vanilla, raw",1.32,0.02,0.0,False,False,False
Mozambique,2023,"Vanilla, raw",3.84,0.0,0.0,True,False,False
Myanmar,2014,"Vanilla, raw",0.14,0.0,0.0,False,False,False
Myanmar,2015,"Vanilla, raw",3.62,0.0,0.0,False,False,False
Myanmar,2017,"Vanilla, raw",18.36,135.0,0.0,True,True,False
Myanmar,2018,"Vanilla, raw",6.48,0.0,0.0,False,False,False
Myanmar,2019,"Vanilla, raw",4.6,0.0,0.0,False,False,False
Myanmar,2020,"Vanilla, raw",6.0,0.0,0.0,False,False,False
Myanmar,2021,"Vanilla, raw",0.16,0.0,0.0,False,False,False
Namibia,1997,"Vanilla, raw",4.0,7.0,0.0,False,False,False
Namibia,1998,"Vanilla, raw",1.0,7.0,0.0,False,False,False
Namibia,1999,"Vanilla, raw",19.0,0.0,0.0,False,False,False
Namibia,2000,"Vanilla, raw",17.0,0.0,0.0,False,False,False
Namibia,2001,"Vanilla, raw",37.0,0.0,0.0,False,False,False
Namibia,2002,"Vanilla, raw",26.0,0.0,0.0,False,False,False
Namibia,2003,"Vanilla, raw",8.0,0.0,0.0,False,False,False
Namibia,2004,"Vanilla, raw",8.0,0.0,0.0,False,False,False
Namibia,2005,"Vanilla, raw",10.0,0.0,0.0,False,False,False
Namibia,2006,"Vanilla, raw",10.0,0.0,0.0,False,False,False
Namibia,2007,"Vanilla, raw",10.0,0.0,0.0,False,False,False
Namibia,2008,"Vanilla, raw",10.0,0.0,0.0,False,False,False
Namibia,2009,"Vanilla, raw",10.0,0.0,0.0,False,False,False
Namibia,2010,"Vanilla, raw",10.0,0.0,0.0,False,False,False
Namibia,2011,"Vanilla, raw",10.0,0.0,0.0,False,False,False
Namibia,2012,"Vanilla, raw",3.0,2.0,0.0,False,True,False
Namibia,2013,"Vanilla, raw",7.0,0.0,0.0,False,False,False
Namibia,2014,"Vanilla, raw",0.36,0.0,0.0,False,False,False
Namibia,2015,"Vanilla, raw",0.34,0.0,0.0,False,False,False
Namibia,2016,"Vanilla, raw",0.33,0.0,0.0,False,False,False
Namibia,2017,"Vanilla, raw",1.49,0.0,0.0,False,False,False
Namibia,2018,"Vanilla, raw",4.78,0.0,0.0,True,False,False
Namibia,2019,"Vanilla, raw",0.64,0.0,0.0,False,False,False
Namibia,2020,"Vanilla, raw",0.48,0.0,0.0,False,False,False
Namibia,2021,"Vanilla, raw",1.33,0.0,0.0,False,False,False
Namibia,2022,"Vanilla, raw",31.2,0.0,0.0,True,False,False
Namibia,2023,"Vanilla, raw",12.11,19.02,0.0,False,True,False
Nepal,1993,"Vanilla, raw",0.0,0.0,0.0,False,False,False
Nepal,1994,"Vanilla, raw",0.0,0.0,0.0,False,False,False
Nepal,1995,"Vanilla, raw",0.0,0.0,0.0,False,False,False
Nepal,1996,"Vanilla, raw",0.0,0.0,0.0,False,False,False
Nepal,1997,"Vanilla, raw",0.0,0.0,0.0,False,False,False
Nepal,1998,"Vanilla, raw",0.0,0.0,0.0,False,False,False
Nepal,1999,"Vanilla, raw",3.0,0.0,0.0,True,False,False
Nepal,2000,"Vanilla, raw",0.0,0.0,0.0,False,False,False
Nepal,2001,"Vanilla, raw",0.0,0.0,0.0,False,False,False
Nepal,2002,"Vanilla, raw",0.0,0.0,0.0,False,False,False
Nepal,2003,"Vanilla, raw",0.0,0.0,0.0,False,False,False
Nepal,2004,"Vanilla, raw",0.0,0.0,0.0,False,False,False
Nepal,2005,"Vanilla, raw",0.0,0.0,0.0,False,False,False
Nepal,2006,"Vanilla, raw",0.0,0.0,0.0,False,False,False
Nepal,2007,"Vanilla, raw",0.0,0.0,0.0,False,False,False
Nepal,2008,"Vanilla, raw",0.0,0.0,0.0,False,False,False
Nepal,2009,"Vanilla, raw",1.0,0.0,0.0,False,False,False
Nepal,2010,"Vanilla, raw",1.0,0.0,0.0,False,False,False
Nepal,2011,"Vanilla, raw",1.0,0.0,0.0,False,False,False
Nepal,2012,"Vanilla, raw",0.0,0.0,0.0,False,False,False
Nepal,2013,"Vanilla, raw",0.0,0.0,0.0,False,False,False
Nepal,2014,"Vanilla, raw",3.53,0.0,0.0,False,False,False
Nepal,2015,"Vanilla, raw",1.2,0.0,0.0,False,False,False
Nepal,2016,"Vanilla, raw",3.63,0.0,0.0,False,False,False
Nepal,2017,"Vanilla, raw",7.21,0.01,0.0,False,True,False
Nepal,2019,"Vanilla, raw",0.01,0.0,0.0,False,False,False
Nepal,2020,"Vanilla, raw",0.01,0.0,0.0,False,False,False
Nepal,2022,"Vanilla, raw",0.0,0.0,0.0,False,False,False
Nepal,2023,"Vanilla, raw",0.0,0.0,0.0,False,False,False
Netherlands (Kingdom of the),1993,"Vanilla, raw",19.0,2.0,0.0,False,False,False
Netherlands (Kingdom of the),1994,"Vanilla, raw",42.0,8.0,0.0,False,False,False
Netherlands (Kingdom of the),1995,"Vanilla, raw",41.0,15.0,0.0,False,False,False
Netherlands (Kingdom of the),1996,"Vanilla, raw",91.0,6.0,0.0,False,False,False
Netherlands (Kingdom of the),1997,"Vanilla, raw",114.0,89.0,0.0,False,True,False
Netherlands (Kingdom of the),1998,"Vanilla, raw",162.0,17.0,0.0,False,False,False
Netherlands (Kingdom of the),1999,"Vanilla, raw",105.0,22.0,0.0,False,False,False
Netherlands (Kingdom of the),2000,"Vanilla, raw",240.0,40.0,0.0,False,False,False
Netherlands (Kingdom of the),2001,"Vanilla, raw",238.0,25.0,0.0,False,False,False
Netherlands (Kingdom of the),2002,"Vanilla, raw",139.0,42.0,0.0,False,False,False
Netherlands (Kingdom of the),2003,"Vanilla, raw",663.0,114.0,0.0,False,True,False
Netherlands (Kingdom of the),2004,"Vanilla, raw",531.0,77.0,0.0,False,False,False
Netherlands (Kingdom of the),2005,"Vanilla, raw",754.0,49.0,0.0,False,False,False
Netherlands (Kingdom of the),2006,"Vanilla, raw",525.0,7.0,0.0,False,False,False
Netherlands (Kingdom of the),2007,"Vanilla, raw",204.0,18.0,0.0,False,False,False
Netherlands (Kingdom of the),2008,"Vanilla, raw",216.0,105.0,0.0,False,False,False
Netherlands (Kingdom of the),2009,"Vanilla, raw",110.0,157.0,0.0,False,False,False
Netherlands (Kingdom of the),2010,"Vanilla, raw",118.0,87.0,0.0,False,False,False
Netherlands (Kingdom of the),2011,"Vanilla, raw",178.0,93.0,0.0,False,False,False
Netherlands (Kingdom of the),2012,"Vanilla, raw",279.0,179.0,0.0,False,False,False
Netherlands (Kingdom of the),2013,"Vanilla, raw",302.0,176.0,0.0,False,False,False
Netherlands (Kingdom of the),2014,"Vanilla, raw",198.26,1016.74,0.0,False,True,False
Netherlands (Kingdom of the),2015,"Vanilla, raw",208.82,68.59,0.0,False,False,False
Netherlands (Kingdom of the),2016,"Vanilla, raw",99.9,241.59,0.0,False,False,False
Netherlands (Kingdom of the),2017,"Vanilla, raw",549.26,230.69,0.0,True,False,False
Netherlands (Kingdom of the),2018,"Vanilla, raw",223.21,145.48,0.0,False,False,False
Netherlands (Kingdom of the),2019,"Vanilla, raw",194.23,145.1,0.0,False,False,False
Netherlands (Kingdom of the),2020,"Vanilla, raw",167.4,117.18,0.0,False,False,False
Netherlands (Kingdom of the),2021,"Vanilla, raw",287.44,255.43,0.0,True,False,False
Netherlands (Kingdom of the),2022,"Vanilla, raw",218.76,276.26,0.0,False,False,False
Netherlands (Kingdom of the),2023,"Vanilla, raw",233.46,191.47,0.0,False,False,False
New Caledonia,2003,"Vanilla, raw",1.0,1.0,0.0,False,False,False
New Caledonia,2006,"Vanilla, raw",0.0,0.0,0.0,False,False,False
New Caledonia,2007,"Vanilla, raw",1.0,0.0,0.0,False,False,False
New Caledonia,2008,"Vanilla, raw",0.0,0.0,0.0,False,False,False
New Caledonia,2009,"Vanilla, raw",0.0,0.0,0.0,False,False,False
New Caledonia,2010,"Vanilla, raw",2.0,0.0,0.0,False,False,False
New Caledonia,2011,"Vanilla, raw",2.0,0.0,0.0,False,False,False
New Caledonia,2012,"Vanilla, raw",3.0,0.0,0.0,False,False,False
New Caledonia,2013,"Vanilla, raw",3.0,1.0,0.0,False,True,False
New Caledonia,2014,"Vanilla, raw",0.11,0.02,0.0,False,False,False
New Caledonia,2015,"Vanilla, raw",0.08,0.28,0.0,False,False,False
New Caledonia,2016,"Vanilla, raw",0.03,0.45,0.0,False,False,False
New Caledonia,2017,"Vanilla, raw",0.0,0.37,0.0,False,False,False
New Caledonia,2018,"Vanilla, raw",0.41,0.12,0.0,False,False,False
New Caledonia,2019,"Vanilla, raw",1.01,0.09,0.0,False,False,False
New Caledonia,2020,"Vanilla, raw",1.36,0.34,0.0,False,False,False
New Caledonia,2021,"Vanilla, raw",0.05,0.17,0.0,False,False,False
New Caledonia,2022,"Vanilla, raw",0.39,0.17,0.0,False,False,False
New Caledonia,2023,"Vanilla, raw",0.01,0.33,0.0,False,False,False
New Zealand,1993,"Vanilla, raw",1.0,0.0,0.0,False,False,False
New Zealand,1994,"Vanilla, raw",1.0,0.0,0.0,False,False,False
New Zealand,1995,"Vanilla, raw",14.0,0.0,0.0,False,False,False
New Zealand,1996,"Vanilla, raw",9.0,0.0,0.0,False,False,False
New Zealand,1997,"Vanilla, raw",9.0,0.0,0.0,False,False,False
New Zealand,1998,"Vanilla, raw",1.0,3.0,0.0,False,False,False
New Zealand,1999,"Vanilla, raw",1.0,25.0,0.0,False,True,False
New Zealand,2000,"Vanilla, raw",0.83,0.06,0.0,False,False,False
New Zealand,2001,"Vanilla, raw",4.0,0.0,0.0,False,False,False
New Zealand,2002,"Vanilla, raw",7.0,1.0,0.0,False,False,False
New Zealand,2003,"Vanilla, raw",32.0,33.0,0.0,False,True,False
New Zealand,2004,"Vanilla, raw",28.0,10.0,0.0,False,False,False
New Zealand,2005,"Vanilla, raw",11.0,7.0,0.0,False,False,False
New Zealand,2006,"Vanilla, raw",5.0,12.0,0.0,False,False,False
New Zealand,2007,"Vanilla, raw",10.0,22.0,0.0,False,True,False
New Zealand,2008,"Vanilla, raw",5.0,11.0,0.0,False,False,False
New Zealand,2009,"Vanilla, raw",5.0,4.0,0.0,False,False,False
New Zealand,2010,"Vanilla, raw",7.0,7.0,0.0,False,False,False
New Zealand,2011,"Vanilla, raw",4.0,3.0,0.0,False,False,False
New Zealand,2012,"Vanilla, raw",9.0,23.0,0.0,False,False,False
New Zealand,2013,"Vanilla, raw",9.0,16.0,0.0,False,False,False
New Zealand,2014,"Vanilla, raw",37.9,11.42,0.0,False,False,False
New Zealand,2015,"Vanilla, raw",27.29,13.64,0.0,False,False,False
New Zealand,2016,"Vanilla, raw",12.31,27.89,0.0,False,False,False
New Zealand,2017,"Vanilla, raw",5.05,3.64,0.0,False,False,False
New Zealand,2018,"Vanilla, raw",12.05,5.96,0.0,False,False,False
New Zealand,2019,"Vanilla, raw",25.86,2.18,0.0,True,False,False
New Zealand,2020,"Vanilla, raw",7.78,6.08,0.0,False,False,False
New Zealand,2021,"Vanilla, raw",6.08,8.2,0.0,False,False,False
New Zealand,2022,"Vanilla, raw",7.24,24.73,0.0,False,False,False
New Zealand,2023,"Vanilla, raw",8.09,26.91,0.0,False,False,False
Nicaragua,1993,"Vanilla, raw",1.0,0.0,0.0,False,False,False
Nicaragua,1994,"Vanilla, raw",4.0,0.0,0.0,True,False,False
Nicaragua,1995,"Vanilla, raw",2.0,0.0,0.0,False,False,False
Nicaragua,1996,"Vanilla, raw",0.0,3.0,0.0,True,False,False
Nicaragua,1997,"Vanilla, raw",1.0,1.0,0.0,False,False,False
Nicaragua,1998,"Vanilla, raw",1.0,1.0,0.0,False,False,False
Nicaragua,1999,"Vanilla, raw",1.0,8.0,0.0,False,False,False
Nicaragua,2000,"Vanilla, raw",0.79,2.25,0.0,True,False,False
Nicaragua,2001,"Vanilla, raw",2.0,0.0,0.0,True,False,False
Nicaragua,2002,"Vanilla, raw",1.0,10.0,0.0,False,False,False
Nicaragua,2003,"Vanilla, raw",1.0,0.0,0.0,False,False,False
Nicaragua,2004,"Vanilla, raw",0.0,0.0,0.0,False,False,False
Nicaragua,2005,"Vanilla, raw",0.0,1.0,0.0,False,False,False
Nicaragua,2006,"Vanilla, raw",1.0,1.0,0.0,False,False,False
Nicaragua,2007,"Vanilla, raw",1.0,2.0,0.0,False,False,False
Nicaragua,2008,"Vanilla, raw",0.0,0.0,0.0,False,False,False
Nicaragua,2009,"Vanilla, raw",1.0,0.0,0.0,False,False,False
Nicaragua,2010,"Vanilla, raw",0.0,0.0,0.0,False,False,False
Nicaragua,2011,"Vanilla, raw",0.0,0.0,0.0,False,False,False
Nicaragua,2012,"Vanilla, raw",0.0,0.0,0.0,False,False,False
Nicaragua,2013,"Vanilla, raw",0.0,0.0,0.0,False,False,False
Nicaragua,2014,"Vanilla, raw",0.26,0.0,0.0,False,False,False
Nicaragua,2015,"Vanilla, raw",0.85,0.0,0.0,True,False,False
Nicaragua,2016,"Vanilla, raw",0.27,0.0,0.0,False,False,False
Nicaragua,2017,"Vanilla, raw",0.33,0.0,0.0,False,False,False
Nicaragua,2018,"Vanilla, raw",0.12,0.58,0.0,False,True,False
Nicaragua,2021,"Vanilla, raw",1.4,0.0,0.0,False,False,False
Nicaragua,2022,"Vanilla, raw",0.0,0.03,0.0,False,False,False
Niger,1994,"Vanilla, raw",0.0,0.0,0.0,False,False,False
Niger,1995,"Vanilla, raw",0.03,0.0,0.0,False,False,False
Niger,1996,"Vanilla, raw",0.01,0.0,0.0,False,False,False
Niger,1997,"Vanilla, raw",1.0,0.0,0.0,False,False,False
Niger,1998,"Vanilla, raw",0.06,0.0,0.0,False,False,False
Niger,1999,"Vanilla, raw",0.26,0.0,0.0,False,False,False
Niger,2000,"Vanilla, raw",2.0,0.0,0.0,True,False,False
Niger,2001,"Vanilla, raw",0.0,0.0,0.0,False,False,False
Niger,2002,"Vanilla, raw",0.0,0.0,0.0,False,False,False
Niger,2003,"Vanilla, raw",0.0,0.0,0.0,False,False,False
Niger,2004,"Vanilla, raw",2.0,0.0,0.0,False,False,False
Niger,2005,"Vanilla, raw",4.0,0.0,0.0,False,False,False
Niger,2006,"Vanilla, raw",0.0,0.0,0.0,False,False,False
Niger,2007,"Vanilla, raw",6.0,0.0,0.0,False,False,False
Niger,2008,"Vanilla, raw",0.0,0.0,0.0,False,False,False
Niger,2009,"Vanilla, raw",0.0,0.0,0.0,False,False,False
Niger,2010,"Vanilla, raw",3.0,1.0,0.0,False,False,False
Niger,2011,"Vanilla, raw",0.0,1.0,0.0,False,False,False
Niger,2012,"Vanilla, raw",0.0,0.0,0.0,False,False,False
Niger,2013,"Vanilla, raw",0.0,0.0,0.0,False,False,False
Niger,2015,"Vanilla, raw",1.5,0.0,0.0,False,False,False
Niger,2016,"Vanilla, raw",0.3,0.0,0.0,False,False,False
Niger,2017,"Vanilla, raw",0.05,0.0,0.0,False,False,False
Niger,2018,"Vanilla, raw",15.0,0.0,0.0,True,False,False
Niger,2019,"Vanilla, raw",0.16,0.0,0.0,False,False,False
Niger,2020,"Vanilla, raw",0.09,0.0,0.0,False,False,False
Niger,2021,"Vanilla, raw",0.53,0.0,0.0,False,False,False
Niger,2022,"Vanilla, raw",97.77,0.0,0.0,True,False,False
Niger,2023,"Vanilla, raw",16.66,0.0,0.0,False,False,False
Nigeria,2000,"Vanilla, raw",6.83,0.0,0.0,False,False,False
Nigeria,2001,"Vanilla, raw",0.0,0.0,0.0,False,False,False
Nigeria,2002,"Vanilla, raw",11.0,0.0,0.0,False,False,False
Nigeria,2003,"Vanilla, raw",2.0,0.0,0.0,False,False,False
Nigeria,2004,"Vanilla, raw",0.0,0.0,0.0,False,False,False
Nigeria,2005,"Vanilla, raw",3.0,0.0,0.0,False,False,False
Nigeria,2006,"Vanilla, raw",9.0,0.0,0.0,True,False,False
Nigeria,2007,"Vanilla, raw",2.0,0.0,0.0,False,False,False
Nigeria,2008,"Vanilla, raw",3.0,0.0,0.0,False,False,False
Nigeria,2009,"Vanilla, raw",1.0,0.0,0.0,False,False,False
Nigeria,2010,"Vanilla, raw",19.0,0.0,0.0,False,False,False
Nigeria,2011,"Vanilla, raw",96.0,0.0,0.0,True,False,False
Nigeria,2012,"Vanilla, raw",14.0,0.0,0.0,False,False,False
Nigeria,2013,"Vanilla, raw",18.0,0.0,0.0,False,False,False
Nigeria,2014,"Vanilla, raw",1.24,0.02,0.0,False,False,False
Nigeria,2015,"Vanilla, raw",0.01,1.49,0.0,False,False,False
Nigeria,2016,"Vanilla, raw",0.29,0.56,0.0,False,False,False
Nigeria,2017,"Vanilla, raw",0.01,0.94,0.0,False,False,False
Nigeria,2018,"Vanilla, raw",0.23,10.01,0.0,False,True,False
Nigeria,2019,"Vanilla, raw",0.01,0.6,0.0,False,False,False
Nigeria,2020,"Vanilla, raw",0.13,0.29,0.0,False,False,False
Nigeria,2021,"Vanilla, raw",3.46,0.0,0.0,True,False,False
Nigeria,2022,"Vanilla, raw",0.16,97.25,0.0,False,True,False
Nigeria,2023,"Vanilla, raw",0.06,14.81,0.0,False,False,False
Niue,2018,"Vanilla, raw",0.0,0.0,0.0,False,False,False
Niue,2022,"Vanilla, raw",0.09,0.0,0.0,False,False,False
North Macedonia,1993,"Vanilla, raw",1.0,0.0,0.0,False,False,False
North Macedonia,1994,"Vanilla, raw",1.0,0.0,0.0,False,False,False
North Macedonia,1995,"Vanilla, raw",2.0,0.0,0.0,False,False,False
North Macedonia,1996,"Vanilla, raw",5.0,0.0,0.0,False,False,False
North Macedonia,1997,"Vanilla, raw",1.0,0.0,0.0,False,False,False
North Macedonia,1998,"Vanilla, raw",15.0,0.0,0.0,True,False,False
North Macedonia,1999,"Vanilla, raw",2.0,1.0,0.0,False,True,False
North Macedonia,2000,"Vanilla, raw",2.0,0.0,0.0,False,False,False
North Macedonia,2001,"Vanilla, raw",1.0,0.0,0.0,False,False,False
North Macedonia,2002,"Vanilla, raw",0.0,0.0,0.0,False,False,False
North Macedonia,2003,"Vanilla, raw",1.0,0.0,0.0,False,False,False
North Macedonia,2004,"Vanilla, raw",0.0,0.0,0.0,False,False,False
North Macedonia,2005,"Vanilla, raw",0.0,0.0,0.0,False,False,False
North Macedonia,2006,"Vanilla, raw",0.0,0.0,0.0,False,False,False
North Macedonia,2007,"Vanilla, raw",0.0,0.0,0.0,False,False,False
North Macedonia,2008,"Vanilla, raw",1.0,0.0,0.0,False,False,False
North Macedonia,2009,"Vanilla, raw",2.0,0.0,0.0,False,False,False
North Macedonia,2010,"Vanilla, raw",0.0,0.0,0.0,False,False,False
North Macedonia,2011,"Vanilla, raw",2.0,0.0,0.0,False,False,False
North Macedonia,2012,"Vanilla, raw",3.0,0.0,0.0,False,False,False
North Macedonia,2013,"Vanilla, raw",0.0,0.0,0.0,False,False,False
North Macedonia,2014,"Vanilla, raw",1.12,0.0,0.0,False,False,False
North Macedonia,2015,"Vanilla, raw",0.05,0.0,0.0,False,False,False
North Macedonia,2016,"Vanilla, raw",1.02,0.0,0.0,False,False,False
North Macedonia,2017,"Vanilla, raw",0.04,0.0,0.0,False,False,False
North Macedonia,2018,"Vanilla, raw",0.01,0.0,0.0,False,False,False
North Macedonia,2019,"Vanilla, raw",0.0,0.0,0.0,False,False,False
North Macedonia,2020,"Vanilla, raw",0.02,0.0,0.0,False,False,False
North Macedonia,2021,"Vanilla, raw",0.02,0.08,0.0,False,True,False
North Macedonia,2022,"Vanilla, raw",0.02,0.0,0.0,False,False,False
North Macedonia,2023,"Vanilla, raw",0.03,0.0,0.0,True,False,False
Norway,1993,"Vanilla, raw",14.0,0.0,0.0,True,False,False
Norway,1994,"Vanilla, raw",4.0,0.0,0.0,False,False,False
Norway,1995,"Vanilla, raw",5.0,0.0,0.0,False,False,False
Norway,1996,"Vanilla, raw",5.0,1.0,0.0,False,False,False
Norway,1997,"Vanilla, raw",3.0,0.0,0.0,False,False,False
Norway,1998,"Vanilla, raw",5.0,0.0,0.0,False,False,False
Norway,1999,"Vanilla, raw",4.0,1.0,0.0,False,False,False
Norway,2000,"Vanilla, raw",4.95,0.05,0.0,False,False,False
Norway,2001,"Vanilla, raw",8.0,0.0,0.0,False,False,False
Norway,2002,"Vanilla, raw",27.0,2.0,0.0,False,True,False
Norway,2003,"Vanilla, raw",30.0,0.0,0.0,False,False,False
Norway,2004,"Vanilla, raw",22.0,0.0,0.0,False,False,False
Norway,2005,"Vanilla, raw",21.0,0.0,0.0,False,False,False
Norway,2006,"Vanilla, raw",3.0,0.0,0.0,False,False,False
Norway,2007,"Vanilla, raw",3.0,0.0,0.0,False,False,False
Norway,2008,"Vanilla, raw",3.0,0.0,0.0,False,False,False
Norway,2009,"Vanilla, raw",3.0,0.0,0.0,False,False,False
Norway,2010,"Vanilla, raw",3.0,0.0,0.0,False,False,False
Norway,2011,"Vanilla, raw",4.0,0.0,0.0,False,False,False
Norway,2012,"Vanilla, raw",5.0,0.0,0.0,False,False,False
Norway,2013,"Vanilla, raw",5.0,0.0,0.0,False,False,False
Norway,2014,"Vanilla, raw",6.83,0.0,0.0,False,False,False
Norway,2015,"Vanilla, raw",8.24,0.03,0.0,False,False,False
Norway,2016,"Vanilla, raw",6.67,0.0,0.0,False,False,False
Norway,2017,"Vanilla, raw",6.3,2.35,0.0,False,True,False
Norway,2018,"Vanilla, raw",6.02,0.26,0.0,False,False,False
Norway,2019,"Vanilla, raw",5.5,0.18,0.0,False,False,False
Norway,2020,"Vanilla, raw",6.24,0.28,0.0,False,False,False
Norway,2021,"Vanilla, raw",6.87,0.02,0.0,False,False,False
Norway,2022,"Vanilla, raw",5.41,0.0,0.0,False,False,False
Norway,2023,"Vanilla, raw",5.55,0.21,0.0,False,False,False
Oman,1993,"Vanilla, raw",0.0,0.0,0.0,False,False,False
Oman,1994,"Vanilla, raw",0.0,0.0,0.0,False,False,False
Oman,1995,"Vanilla, raw",0.0,0.0,0.0,False,False,False
Oman,1996,"Vanilla, raw",4.0,0.0,0.0,True,False,False
Oman,1997,"Vanilla, raw",0.0,0.0,0.0,False,False,False
Oman,1998,"Vanilla, raw",0.0,0.0,0.0,False,False,False
Oman,1999,"Vanilla, raw",0.0,0.0,0.0,False,False,False
Oman,2000,"Vanilla, raw",0.0,0.0,0.0,False,False,False
Oman,2001,"Vanilla, raw",0.0,0.0,0.0,False,False,False
Oman,2002,"Vanilla, raw",5.0,0.0,0.0,False,False,False
Oman,2003,"Vanilla, raw",35.0,0.0,0.0,True,False,False
Oman,2004,"Vanilla, raw",1.0,39.0,0.0,False,True,False
Oman,2005,"Vanilla, raw",0.0,0.0,0.0,False,False,False
Oman,2006,"Vanilla, raw",0.0,0.0,0.0,False,False,False
Oman,2007,"Vanilla, raw",0.0,0.0,0.0,False,False,False
Oman,2008,"Vanilla, raw",5.0,0.0,0.0,False,False,False
Oman,2009,"Vanilla, raw",1.0,0.0,0.0,False,False,False
Oman,2010,"Vanilla, raw",19.0,0.0,0.0,True,False,False
Oman,2011,"Vanilla, raw",2.0,12.0,0.0,False,True,False
Oman,2012,"Vanilla, raw",0.0,0.0,0.0,False,False,False
Oman,2013,"Vanilla, raw",9.0,0.0,0.0,False,False,False
Oman,2014,"Vanilla, raw",7.54,0.0,0.0,False,False,False
Oman,2015,"Vanilla, raw",33.94,0.0,0.0,True,False,False
Oman,2016,"Vanilla, raw",6.78,0.0,0.0,False,False,False
Oman,2017,"Vanilla, raw",14.72,2.7,0.0,False,False,False
Oman,2018,"Vanilla, raw",11.38,1.47,0.0,False,False,False
Oman,2019,"Vanilla, raw",11.39,0.0,0.0,False,False,False
Oman,2020,"Vanilla, raw",17.84,2.0,0.0,False,False,False
Oman,2021,"Vanilla, raw",23.25,1.09,0.0,False,False,False
Oman,2022,"Vanilla, raw",11.82,0.0,0.0,False,False,False
Oman,2023,"Vanilla, raw",41.41,0.0,0.0,False,False,False
Pakistan,1993,"Vanilla, raw",7.0,0.0,0.0,True,False,False
Pakistan,1994,"Vanilla, raw",0.0,0.0,0.0,False,False,False
Pakistan,1995,"Vanilla, raw",0.0,0.0,0.0,False,False,False
Pakistan,1996,"Vanilla, raw",0.0,0.0,0.0,False,False,False
Pakistan,1997,"Vanilla, raw",27.0,0.0,0.0,True,False,False
Pakistan,1998,"Vanilla, raw",0.0,0.0,0.0,False,False,False
Pakistan,1999,"Vanilla, raw",0.0,0.0,0.0,False,False,False
Pakistan,2000,"Vanilla, raw",16.5,0.0,0.0,False,False,False
Pakistan,2001,"Vanilla, raw",3.0,0.0,0.0,False,False,False
Pakistan,2002,"Vanilla, raw",2.0,0.0,0.0,False,False,False
Pakistan,2003,"Vanilla, raw",0.0,0.0,0.0,False,False,False
Pakistan,2004,"Vanilla, raw",0.0,0.0,0.0,False,False,False
Pakistan,2005,"Vanilla, raw",13.0,0.0,0.0,True,False,False
Pakistan,2006,"Vanilla, raw",0.0,0.0,0.0,False,False,False
Pakistan,2007,"Vanilla, raw",0.0,0.0,0.0,False,False,False
Pakistan,2008,"Vanilla, raw",1.0,0.0,0.0,False,False,False
Pakistan,2009,"Vanilla, raw",0.0,0.0,0.0,False,False,False
Pakistan,2010,"Vanilla, raw",0.0,0.0,0.0,False,False,False
Pakistan,2011,"Vanilla, raw",3.0,0.0,0.0,True,False,False
Pakistan,2012,"Vanilla, raw",1.0,0.0,0.0,False,False,False
Pakistan,2013,"Vanilla, raw",0.0,0.0,0.0,False,False,False
Pakistan,2015,"Vanilla, raw",0.0,0.0,0.0,False,False,False
Pakistan,2017,"Vanilla, raw",0.42,0.1,0.0,False,False,False
Pakistan,2018,"Vanilla, raw",0.17,0.0,0.0,False,False,False
Pakistan,2021,"Vanilla, raw",0.4,0.0,0.0,False,False,False
Palestine,2014,"Vanilla, raw",8.39,0.94,0.0,False,False,False
Palestine,2023,"Vanilla, raw",0.0,0.0,0.0,False,False,False
Panama,1993,"Vanilla, raw",0.0,0.0,0.0,False,False,False
Panama,1994,"Vanilla, raw",0.0,0.0,0.0,False,False,False
Panama,1995,"Vanilla, raw",0.0,0.0,0.0,False,False,False
Panama,1996,"Vanilla, raw",1.0,0.0,0.0,False,False,False
Panama,1997,"Vanilla, raw",0.0,0.0,0.0,False,False,False
Panama,1998,"Vanilla, raw",2.0,0.0,0.0,False,False,False
Panama,1999,"Vanilla, raw",2.0,0.0,0.0,False,False,False
Panama,2000,"Vanilla, raw",1.78,0.0,0.0,False,False,False
Panama,2001,"Vanilla, raw",1.0,0.0,0.0,False,False,False
Panama,2002,"Vanilla, raw",1.0,0.0,0.0,False,False,False
Panama,2003,"Vanilla, raw",1.0,0.0,0.0,False,False,False
Panama,2004,"Vanilla, raw",3.0,0.0,0.0,False,False,False
Panama,2005,"Vanilla, raw",2.0,0.0,0.0,False,False,False
Panama,2006,"Vanilla, raw",1.0,0.0,0.0,False,False,False
Panama,2007,"Vanilla, raw",2.0,0.0,0.0,False,False,False
Panama,2008,"Vanilla, raw",2.0,0.0,0.0,False,False,False
Panama,2009,"Vanilla, raw",3.0,0.0,0.0,True,False,False
Panama,2010,"Vanilla, raw",0.0,0.0,0.0,True,False,False
Panama,2011,"Vanilla, raw",2.0,0.0,0.0,False,False,False
Panama,2012,"Vanilla, raw",2.0,0.0,0.0,False,False,False
Panama,2013,"Vanilla, raw",2.0,0.0,0.0,False,False,False
Panama,2014,"Vanilla, raw",0.92,0.03,0.0,False,False,False
Panama,2015,"Vanilla, raw",0.01,0.0,0.0,False,False,False
Panama,2016,"Vanilla, raw",0.59,0.2,0.0,False,True,False
Panama,2017,"Vanilla, raw",4.19,0.09,0.0,False,False,False
Panama,2018,"Vanilla, raw",0.57,0.0,0.0,False,False,False
Panama,2019,"Vanilla, raw",3.01,0.0,0.0,False,False,False
Panama,2020,"Vanilla, raw",3.91,0.0,0.0,False,False,False
Panama,2021,"Vanilla, raw",0.23,0.0,0.0,False,False,False
Panama,2022,"Vanilla, raw",1.03,0.0,0.0,False,False,False
Papua New Guinea,1993,"Vanilla, raw",0.0,0.0,0.0,False,False,False
Papua New Guinea,1994,"Vanilla, raw",0.0,0.0,0.0,False,False,False
Papua New Guinea,1995,"Vanilla, raw",0.0,0.0,0.0,False,False,False
Papua New Guinea,1996,"Vanilla, raw",0.0,0.0,0.0,False,False,False
Papua New Guinea,1997,"Vanilla, raw",0.0,0.0,0.0,False,False,False
Papua New Guinea,1998,"Vanilla, raw",1.0,0.0,0.0,False,False,False
Papua New Guinea,1999,"Vanilla, raw",2.0,0.0,0.0,False,False,False
Papua New Guinea,2000,"Vanilla, raw",10.0,0.0,0.0,True,False,False
Papua New Guinea,2001,"Vanilla, raw",0.0,11.0,50.0,False,False,False
Papua New Guinea,2002,"Vanilla, raw",0.0,196.0,225.0,False,False,False
Papua New Guinea,2003,"Vanilla, raw",0.0,857.0,1000.0,False,False,False
Papua New Guinea,2004,"Vanilla, raw",2.0,866.0,1000.0,False,False,False
Papua New Guinea,2005,"Vanilla, raw",0.0,169.0,500.0,False,False,False
Papua New Guinea,2006,"Vanilla, raw",3.0,235.0,500.0,True,False,False
Papua New Guinea,2007,"Vanilla, raw",0.0,234.0,550.0,False,False,False
Papua New Guinea,2008,"Vanilla, raw",0.0,246.0,565.0,False,False,False
Papua New Guinea,2009,"Vanilla, raw",0.0,135.0,400.0,False,False,False
Papua New Guinea,2010,"Vanilla, raw",0.0,153.0,425.0,False,False,False
Papua New Guinea,2011,"Vanilla, raw",0.0,81.0,385.0,False,False,False
Papua New Guinea,2012,"Vanilla, raw",0.0,64.0,400.0,False,False,False
Papua New Guinea,2013,"Vanilla, raw",1.0,31.0,436.74,True,False,False
Papua New Guinea,2015,"Vanilla, raw",0.0,89.09,505.0,False,False,False
Papua New Guinea,2016,"Vanilla, raw",0.06,133.48,475.17,False,False,False
Papua New Guinea,2017,"Vanilla, raw",1.87,1215.23,487.98,False,True,False
Papua New Guinea,2018,"Vanilla, raw",0.06,234.8,498.98,False,False,False
Papua New Guinea,2019,"Vanilla, raw",0.82,263.23,504.14,False,False,False
Papua New Guinea,2022,"Vanilla, raw",0.08,416.19,491.32,False,False,False
Papua New Guinea,2023,"Vanilla, raw",0.19,134.81,491.28,False,False,False
Paraguay,1993,"Vanilla, raw",0.0,0.0,0.0,False,False,False
Paraguay,1994,"Vanilla, raw",1.0,0.0,0.0,True,False,False
Paraguay,1995,"Vanilla, raw",0.0,0.0,0.0,False,False,False
Paraguay,1996,"Vanilla, raw",0.0,0.0,0.0,False,False,False
Paraguay,1997,"Vanilla, raw",0.0,0.0,0.0,False,False,False
Paraguay,1998,"Vanilla, raw",0.0,0.0,0.0,False,False,False
Paraguay,1999,"Vanilla, raw",0.0,0.0,0.0,False,False,False
Paraguay,2000,"Vanilla, raw",0.0,0.0,0.0,False,False,False
Paraguay,2001,"Vanilla, raw",0.0,0.0,0.0,False,False,False
Paraguay,2002,"Vanilla, raw",2.0,0.0,0.0,False,False,False
Paraguay,2003,"Vanilla, raw",1.0,0.0,0.0,False,False,False
Paraguay,2004,"Vanilla, raw",1.0,0.0,0.0,False,False,False
Paraguay,2005,"Vanilla, raw",2.0,0.0,0.0,False,False,False
Paraguay,2006,"Vanilla, raw",1.0,0.0,0.0,False,False,False
Paraguay,2007,"Vanilla, raw",1.0,0.0,0.0,False,False,False
Paraguay,2008,"Vanilla, raw",0.0,0.0,0.0,False,False,False
Paraguay,2009,"Vanilla, raw",0.0,0.0,0.0,False,False,False
Paraguay,2010,"Vanilla, raw",0.0,0.0,0.0,False,False,False
Paraguay,2011,"Vanilla, raw",0.0,0.0,0.0,False,False,False
Paraguay,2012,"Vanilla, raw",0.0,0.0,0.0,False,False,False
Paraguay,2013,"Vanilla, raw",0.0,0.0,0.0,False,False,False
Paraguay,2014,"Vanilla, raw",0.03,0.06,0.0,False,True,False
Paraguay,2015,"Vanilla, raw",0.05,0.0,0.0,False,False,False
Paraguay,2016,"Vanilla, raw",0.04,0.0,0.0,False,False,False
Paraguay,2017,"Vanilla, raw",0.02,0.0,0.0,False,False,False
Paraguay,2018,"Vanilla, raw",0.18,0.0,0.0,True,False,False
Paraguay,2020,"Vanilla, raw",0.03,0.0,0.0,False,False,False
Paraguay,2021,"Vanilla, raw",0.0,0.0,0.0,False,False,False
Paraguay,2022,"Vanilla, raw",0.0,0.0,0.0,False,False,False
Paraguay,2023,"Vanilla, raw",0.01,0.0,0.0,False,False,False
Peru,1993,"Vanilla, raw",0.0,0.0,0.0,False,False,False
Peru,1994,"Vanilla, raw",0.0,1.0,0.0,False,False,False
Peru,1995,"Vanilla, raw",0.0,0.0,0.0,False,False,False
Peru,1996,"Vanilla, raw",0.0,0.0,0.0,False,False,False
Peru,1997,"Vanilla, raw",17.0,1.0,0.0,True,False,False
Peru,1998,"Vanilla, raw",9.0,1.0,0.0,False,False,False
Peru,1999,"Vanilla, raw",0.0,2.0,0.0,False,False,False
Peru,2000,"Vanilla, raw",0.02,0.0,0.0,False,False,False
Peru,2001,"Vanilla, raw",0.0,2.0,0.0,False,False,False
Peru,2002,"Vanilla, raw",0.0,3.0,0.0,False,False,False
Peru,2003,"Vanilla, raw",8.0,3.0,0.0,True,False,False
Peru,2004,"Vanilla, raw",0.0,5.0,0.0,False,False,False
Peru,2005,"Vanilla, raw",0.0,0.0,0.0,False,False,False
Peru,2006,"Vanilla, raw",0.0,0.0,0.0,False,False,False
Peru,2007,"Vanilla, raw",5.0,5.0,0.0,False,False,False
Peru,2008,"Vanilla, raw",5.0,5.0,0.0,False,False,False
Peru,2009,"Vanilla, raw",7.0,2.0,0.0,False,False,False
Peru,2010,"Vanilla, raw",7.0,3.0,0.0,False,False,False
Peru,2011,"Vanilla, raw",7.0,6.0,0.0,False,False,False
Peru,2012,"Vanilla, raw",0.0,2.0,0.0,False,False,False
Peru,2013,"Vanilla, raw",0.0,3.0,0.0,False,False,False
Peru,2014,"Vanilla, raw",0.29,0.83,0.0,False,False,False
Peru,2016,"Vanilla, raw",0.01,1.84,0.0,False,False,False
Peru,2017,"Vanilla, raw",0.15,11.38,0.0,False,True,False
Peru,2019,"Vanilla, raw",0.0,0.33,0.0,False,False,False
Peru,2021,"Vanilla, raw",0.01,1.18,0.0,False,False,False
Peru,2022,"Vanilla, raw",0.2,0.31,0.0,True,False,False
Peru,2023,"Vanilla, raw",0.0,1.45,0.0,False,False,False
Philippines,1993,"Vanilla, raw",2.0,2.0,0.0,False,False,False
Philippines,1994,"Vanilla, raw",3.0,45.0,0.0,False,True,False
Philippines,1995,"Vanilla, raw",6.0,4.0,0.0,False,False,False
Philippines,1996,"Vanilla, raw",32.0,4.0,0.0,False,False,False
Philippines,1997,"Vanilla, raw",48.0,1.0,0.0,False,False,False
Philippines,1998,"Vanilla, raw",122.0,5.0,0.0,False,False,False
Philippines,1999,"Vanilla, raw",170.0,5.0,0.0,False,False,False
Philippines,2000,"Vanilla, raw",130.53,7.11,0.0,False,False,False
Philippines,2001,"Vanilla, raw",352.0,7.0,0.0,True,False,False
Philippines,2002,"Vanilla, raw",140.0,19.0,0.0,False,False,False
Philippines,2003,"Vanilla, raw",18.0,6.0,0.0,False,False,False
Philippines,2004,"Vanilla, raw",47.0,10.0,0.0,False,False,False
Philippines,2005,"Vanilla, raw",140.0,13.0,0.0,False,False,False
Philippines,2006,"Vanilla, raw",14.0,15.0,0.0,False,False,False
Philippines,2007,"Vanilla, raw",18.0,5.0,0.0,False,False,False
Philippines,2008,"Vanilla, raw",50.0,16.0,0.0,False,False,False
Philippines,2009,"Vanilla, raw",20.0,32.0,0.0,False,False,False
Philippines,2010,"Vanilla, raw",16.0,22.0,0.0,False,False,False
Philippines,2011,"Vanilla, raw",22.0,32.0,0.0,False,False,False
Philippines,2012,"Vanilla, raw",88.0,8.0,0.0,True,False,False
Philippines,2013,"Vanilla, raw",17.0,2.0,0.0,False,False,False
Philippines,2014,"Vanilla, raw",26.7,0.0,0.0,False,False,False
Philippines,2015,"Vanilla, raw",22.21,1.98,0.0,False,False,False
Philippines,2016,"Vanilla, raw",710.47,3.45,0.0,True,False,False
Philippines,2017,"Vanilla, raw",22.25,0.0,0.0,False,False,False
Philippines,2018,"Vanilla, raw",33.46,0.04,0.0,False,False,False
Philippines,2019,"Vanilla, raw",17.32,0.18,0.0,False,False,False
Philippines,2020,"Vanilla, raw",27.91,0.0,0.0,False,False,False
Philippines,2021,"Vanilla, raw",17.96,0.0,0.0,False,False,False
Philippines,2022,"Vanilla, raw",6.95,0.0,0.0,True,False,False
Philippines,2023,"Vanilla, raw",18.53,0.0,0.0,False,False,False
Poland,1993,"Vanilla, raw",0.0,0.0,0.0,False,False,False
Poland,1994,"Vanilla, raw",4.0,0.0,0.0,False,False,False
Poland,1995,"Vanilla, raw",9.0,0.0,0.0,False,False,False
Poland,1996,"Vanilla, raw",19.0,12.0,0.0,False,True,False
Poland,1997,"Vanilla, raw",46.0,2.0,0.0,True,False,False
Poland,1998,"Vanilla, raw",4.0,0.0,0.0,False,False,False
Poland,1999,"Vanilla, raw",4.0,0.0,0.0,False,False,False
Poland,2000,"Vanilla, raw",1.62,0.0,0.0,False,False,False
Poland,2001,"Vanilla, raw",3.0,1.0,0.0,False,False,False
Poland,2002,"Vanilla, raw",3.0,0.0,0.0,False,False,False
Poland,2003,"Vanilla, raw",6.0,222.0,0.0,False,True,False
Poland,2004,"Vanilla, raw",8.0,1.0,0.0,False,False,False
Poland,2005,"Vanilla, raw",12.0,2.0,0.0,False,False,False
Poland,2006,"Vanilla, raw",10.0,3.0,0.0,False,False,False
Poland,2007,"Vanilla, raw",16.0,4.0,0.0,False,False,False
Poland,2008,"Vanilla, raw",8.0,3.0,0.0,False,False,False
Poland,2009,"Vanilla, raw",9.0,1.0,0.0,False,False,False
Poland,2010,"Vanilla, raw",17.0,1.0,0.0,False,False,False
Poland,2011,"Vanilla, raw",19.0,2.0,0.0,False,False,False
Poland,2012,"Vanilla, raw",61.0,1.0,0.0,False,False,False
Poland,2013,"Vanilla, raw",111.0,1.0,0.0,False,False,False
Poland,2014,"Vanilla, raw",180.05,1.55,0.0,False,False,False
Poland,2015,"Vanilla, raw",245.95,1.71,0.0,True,False,False
Poland,2016,"Vanilla, raw",101.2,0.94,0.0,False,False,False
Poland,2017,"Vanilla, raw",111.21,8.38,0.0,False,False,False
Poland,2018,"Vanilla, raw",89.21,57.16,0.0,False,False,False
Poland,2019,"Vanilla, raw",111.8,75.33,0.0,False,False,False
Poland,2020,"Vanilla, raw",54.59,30.85,0.0,False,False,False
Poland,2021,"Vanilla, raw",56.11,23.08,0.0,False,False,False
Poland,2022,"Vanilla, raw",46.87,17.49,0.0,False,False,False
Poland,2023,"Vanilla, raw",40.14,16.86,0.0,False,False,False
Portugal,1993,"Vanilla, raw",0.0,0.0,0.0,False,False,False
Portugal,1994,"Vanilla, raw",0.0,0.0,0.0,False,False,False
Portugal,1995,"Vanilla, raw",5.0,0.0,0.0,False,False,False
Portugal,1996,"Vanilla, raw",0.0,0.0,0.0,False,False,False
Portugal,1997,"Vanilla, raw",4.0,0.0,0.0,False,False,False
Portugal,1998,"Vanilla, raw",0.0,3.0,0.0,False,False,False
Portugal,1999,"Vanilla, raw",1.0,10.0,0.0,False,False,False
Portugal,2000,"Vanilla, raw",6.0,6.0,0.0,False,False,False
Portugal,2001,"Vanilla, raw",13.0,1.0,0.0,False,False,False
Portugal,2002,"Vanilla, raw",28.0,0.0,0.0,False,False,False
Portugal,2003,"Vanilla, raw",22.0,3.0,0.0,False,False,False
Portugal,2004,"Vanilla, raw",39.0,0.0,0.0,False,False,False
Portugal,2005,"Vanilla, raw",64.0,0.0,0.0,False,False,False
Portugal,2006,"Vanilla, raw",6.0,0.0,0.0,False,False,False
Portugal,2007,"Vanilla, raw",6.0,0.0,0.0,False,False,False
Portugal,2008,"Vanilla, raw",6.0,1.0,0.0,False,False,False
Portugal,2009,"Vanilla, raw",6.0,0.0,0.0,False,False,False
Portugal,2010,"Vanilla, raw",8.0,0.0,0.0,False,False,False
Portugal,2011,"Vanilla, raw",6.0,1.0,0.0,False,False,False
Portugal,2012,"Vanilla, raw",16.0,2.0,0.0,False,False,False
Portugal,2013,"Vanilla, raw",12.0,2.0,0.0,False,False,False
Portugal,2014,"Vanilla, raw",14.3,6.31,0.0,False,False,False
Portugal,2015,"Vanilla, raw",13.35,8.11,0.0,False,False,False
Portugal,2016,"Vanilla, raw",94.2,9.58,0.0,True,False,False
Portugal,2017,"Vanilla, raw",27.16,7.15,0.0,False,False,False
Portugal,2018,"Vanilla, raw",10.73,1.61,0.0,False,False,False
Portugal,2019,"Vanilla, raw",5.85,1.32,0.0,False,False,False
Portugal,2020,"Vanilla, raw",4.3,1.34,0.0,False,False,False
Portugal,2021,"Vanilla, raw",5.36,1.43,0.0,False,False,False
Portugal,2022,"Vanilla, raw",9.38,18.61,0.0,False,True,False
Portugal,2023,"Vanilla, raw",10.63,3.33,0.0,False,False,False
Qatar,1993,"Vanilla, raw",1.0,0.0,0.0,False,False,False
Qatar,1994,"Vanilla, raw",6.0,0.0,0.0,False,False,False
Qatar,1995,"Vanilla, raw",11.0,0.0,0.0,False,False,False
Qatar,1996,"Vanilla, raw",11.0,0.0,0.0,False,False,False
Qatar,1997,"Vanilla, raw",11.0,0.0,0.0,False,False,False
Qatar,1998,"Vanilla, raw",11.0,0.0,0.0,False,False,False
Qatar,1999,"Vanilla, raw",11.0,0.0,0.0,False,False,False
Qatar,2000,"Vanilla, raw",12.0,9.0,0.0,False,True,False
Qatar,2001,"Vanilla, raw",11.0,0.0,0.0,False,False,False
Qatar,2002,"Vanilla, raw",27.0,0.0,0.0,False,False,False
Qatar,2003,"Vanilla, raw",10.0,0.0,0.0,False,False,False
Qatar,2004,"Vanilla, raw",7.0,0.0,0.0,False,False,False
Qatar,2005,"Vanilla, raw",31.0,0.0,0.0,False,False,False
Qatar,2006,"Vanilla, raw",15.0,0.0,0.0,False,False,False
Qatar,2007,"Vanilla, raw",7.0,0.0,0.0,False,False,False
Qatar,2008,"Vanilla, raw",3.0,0.0,0.0,False,False,False
Qatar,2009,"Vanilla, raw",20.0,0.0,0.0,False,False,False
Qatar,2010,"Vanilla, raw",20.0,0.0,0.0,False,False,False
Qatar,2011,"Vanilla, raw",30.0,0.0,0.0,False,False,False
Qatar,2012,"Vanilla, raw",39.0,0.0,0.0,False,False,False
Qatar,2013,"Vanilla, raw",49.0,0.0,0.0,False,False,False
Qatar,2014,"Vanilla, raw",28.2,2.21,0.0,False,False,False
Qatar,2015,"Vanilla, raw",82.51,20.02,0.0,True,True,False
Qatar,2016,"Vanilla, raw",47.53,0.0,0.0,False,False,False
Qatar,2017,"Vanilla, raw",53.2,0.0,0.0,False,False,False
Qatar,2018,"Vanilla, raw",13.91,0.0,0.0,False,False,False
Qatar,2019,"Vanilla, raw",0.02,0.0,0.0,False,False,False
Qatar,2020,"Vanilla, raw",5.53,0.0,0.0,False,False,False
Qatar,2021,"Vanilla, raw",12.34,0.0,0.0,False,False,False
Qatar,2022,"Vanilla, raw",12.39,0.0,0.0,False,False,False
Qatar,2023,"Vanilla, raw",11.26,0.0,0.0,False,False,False
Republic of Korea,1993,"Vanilla, raw",0.0,0.0,0.0,False,False,False
Republic of Korea,1994,"Vanilla, raw",1.0,0.0,0.0,False,False,False
Republic of Korea,1995,"Vanilla, raw",0.0,0.0,0.0,False,False,False
Republic of Korea,1996,"Vanilla, raw",2.0,0.0,0.0,False,False,False
Republic of Korea,1997,"Vanilla, raw",2.0,0.0,0.0,False,False,False
Republic of Korea,1998,"Vanilla, raw",1.0,0.0,0.0,False,False,False
Republic of Korea,1999,"Vanilla, raw",1.0,0.0,0.0,False,False,False
Republic of Korea,2000,"Vanilla, raw",1.55,0.0,0.0,False,False,False
Republic of Korea,2001,"Vanilla, raw",3.0,0.0,0.0,False,False,False
Republic of Korea,2002,"Vanilla, raw",5.0,0.0,0.0,False,False,False
Republic of Korea,2003,"Vanilla, raw",2.0,0.0,0.0,False,False,False
Republic of Korea,2004,"Vanilla, raw",3.0,1.0,0.0,False,True,False
Republic of Korea,2005,"Vanilla, raw",4.0,0.0,0.0,False,False,False
Republic of Korea,2006,"Vanilla, raw",3.0,0.0,0.0,False,False,False
Republic of Korea,2007,"Vanilla, raw",6.0,0.0,0.0,False,False,False
Republic of Korea,2008,"Vanilla, raw",4.0,0.0,0.0,False,False,False
Republic of Korea,2009,"Vanilla, raw",5.0,0.0,0.0,False,False,False
Republic of Korea,2010,"Vanilla, raw",6.0,0.0,0.0,False,False,False
Republic of Korea,2011,"Vanilla, raw",5.0,0.0,0.0,False,False,False
Republic of Korea,2012,"Vanilla, raw",10.0,0.0,0.0,False,False,False
Republic of Korea,2013,"Vanilla, raw",8.0,0.0,0.0,False,False,False
Republic of Korea,2014,"Vanilla, raw",11.47,0.19,0.0,False,False,False
Republic of Korea,2015,"Vanilla, raw",16.44,0.11,0.0,False,False,False
Republic of Korea,2016,"Vanilla, raw",14.42,0.55,0.0,False,False,False
Republic of Korea,2017,"Vanilla, raw",8.14,1.6,0.0,False,False,False
Republic of Korea,2018,"Vanilla, raw",5.62,1.34,0.0,False,False,False
Republic of Korea,2019,"Vanilla, raw",12.41,1.1,0.0,False,False,False
Republic of Korea,2020,"Vanilla, raw",11.1,3.09,0.0,False,True,False
Republic of Korea,2021,"Vanilla, raw",16.69,1.82,0.0,False,False,False
Republic of Korea,2022,"Vanilla, raw",21.51,0.78,0.0,False,False,False
Republic of Korea,2023,"Vanilla, raw",22.0,0.59,0.0,False,False,False
Republic of Moldova,1994,"Vanilla, raw",1.0,0.0,0.0,False,False,False
Republic of Moldova,1995,"Vanilla, raw",1.0,1.0,0.0,False,True,False
Republic of Moldova,1996,"Vanilla, raw",1.0,0.0,0.0,False,False,False
Republic of Moldova,1997,"Vanilla, raw",1.0,0.0,0.0,False,False,False
Republic of Moldova,2000,"Vanilla, raw",0.0,0.0,0.0,False,False,False
Republic of Moldova,2001,"Vanilla, raw",0.0,0.0,0.0,False,False,False
Republic of Moldova,2002,"Vanilla, raw",0.0,0.0,0.0,False,False,False
Republic of Moldova,2003,"Vanilla, raw",0.0,0.0,0.0,False,False,False
Republic of Moldova,2004,"Vanilla, raw",1.0,0.0,0.0,False,False,False
Republic of Moldova,2005,"Vanilla, raw",1.0,0.0,0.0,False,False,False
Republic of Moldova,2006,"Vanilla, raw",0.0,0.0,0.0,False,False,False
Republic of Moldova,2007,"Vanilla, raw",0.0,0.0,0.0,False,False,False
Republic of Moldova,2008,"Vanilla, raw",0.0,0.0,0.0,False,False,False
Republic of Moldova,2009,"Vanilla, raw",0.0,0.0,0.0,False,False,False
Republic of Moldova,2010,"Vanilla, raw",1.0,0.0,0.0,True,False,False
Republic of Moldova,2011,"Vanilla, raw",0.0,0.0,0.0,False,False,False
Republic of Moldova,2012,"Vanilla, raw",0.0,0.0,0.0,False,False,False
Republic of Moldova,2013,"Vanilla, raw",0.0,0.0,0.0,False,False,False
Republic of Moldova,2014,"Vanilla, raw",0.03,0.0,0.0,False,False,False
Republic of Moldova,2015,"Vanilla, raw",0.03,0.0,0.0,False,False,False
Republic of Moldova,2016,"Vanilla, raw",0.06,0.0,0.0,False,False,False
Republic of Moldova,2017,"Vanilla, raw",0.04,0.0,0.0,False,False,False
Republic of Moldova,2018,"Vanilla, raw",0.17,0.0,0.0,False,False,False
Republic of Moldova,2019,"Vanilla, raw",0.22,0.0,0.0,False,False,False
Republic of Moldova,2020,"Vanilla, raw",0.33,0.0,0.0,False,False,False
Republic of Moldova,2021,"Vanilla, raw",0.06,0.0,0.0,False,False,False
Republic of Moldova,2022,"Vanilla, raw",0.46,0.0,0.0,False,False,False
Republic of Moldova,2023,"Vanilla, raw",0.17,0.0,0.0,False,False,False
Romania,1993,"Vanilla, raw",1.0,0.0,0.0,False,False,False
Romania,1994,"Vanilla, raw",3.0,0.0,0.0,False,False,False
Romania,1995,"Vanilla, raw",2.0,0.0,0.0,False,False,False
Romania,1996,"Vanilla, raw",1.0,0.0,0.0,False,False,False
Romania,1997,"Vanilla, raw",7.0,0.0,0.0,True,False,False
Romania,1998,"Vanilla, raw",2.0,0.0,0.0,False,False,False
Romania,1999,"Vanilla, raw",2.0,0.0,0.0,False,False,False
Romania,2000,"Vanilla, raw",0.0,0.0,0.0,False,False,False
Romania,2001,"Vanilla, raw",1.0,0.0,0.0,False,False,False
Romania,2002,"Vanilla, raw",1.0,0.0,0.0,False,False,False
Romania,2003,"Vanilla, raw",0.0,0.0,0.0,False,False,False
Romania,2004,"Vanilla, raw",0.0,0.0,0.0,False,False,False
Romania,2005,"Vanilla, raw",0.0,0.0,0.0,False,False,False
Romania,2006,"Vanilla, raw",2.0,0.0,0.0,False,False,False
Romania,2007,"Vanilla, raw",3.0,0.0,0.0,False,False,False
Romania,2008,"Vanilla, raw",3.0,0.0,0.0,False,False,False
Romania,2009,"Vanilla, raw",4.0,0.0,0.0,False,False,False
Romania,2010,"Vanilla, raw",3.0,1.0,0.0,False,False,False
Romania,2011,"Vanilla, raw",4.0,11.0,0.0,False,False,False
Romania,2012,"Vanilla, raw",5.0,21.0,0.0,False,False,False
Romania,2013,"Vanilla, raw",40.0,24.0,0.0,False,False,False
Romania,2014,"Vanilla, raw",88.6,42.48,0.0,False,False,False
Romania,2015,"Vanilla, raw",76.88,9.97,0.0,False,False,False
Romania,2016,"Vanilla, raw",22.77,7.57,0.0,False,False,False
Romania,2017,"Vanilla, raw",51.56,3.55,0.0,False,False,False
Romania,2018,"Vanilla, raw",28.01,1.08,0.0,False,False,False
Romania,2019,"Vanilla, raw",72.28,6.08,0.0,False,False,False
Romania,2020,"Vanilla, raw",15.31,4.86,0.0,False,False,False
Romania,2021,"Vanilla, raw",17.27,3.01,0.0,False,False,False
Romania,2022,"Vanilla, raw",17.64,4.87,0.0,False,False,False
Romania,2023,"Vanilla, raw",22.67,4.83,0.0,True,False,False
Russian Federation,1993,"Vanilla, raw",7.0,0.0,0.0,False,False,False
Russian Federation,1994,"Vanilla, raw",3.0,0.0,0.0,False,False,False
Russian Federation,1995,"Vanilla, raw",1.0,0.0,0.0,False,False,False
Russian Federation,1996,"Vanilla, raw",43.0,0.0,0.0,False,False,False
Russian Federation,1997,"Vanilla, raw",50.0,0.0,0.0,False,False,False
Russian Federation,1998,"Vanilla, raw",224.0,2.0,0.0,False,False,False
Russian Federation,1999,"Vanilla, raw",598.0,2.0,0.0,False,False,False
Russian Federation,2000,"Vanilla, raw",332.82,2.27,0.0,False,False,False
Russian Federation,2001,"Vanilla, raw",12.0,2.0,0.0,False,False,False
Russian Federation,2002,"Vanilla, raw",2.0,0.0,0.0,False,False,False
Russian Federation,2003,"Vanilla, raw",0.0,0.0,0.0,False,False,False
Russian Federation,2004,"Vanilla, raw",0.0,0.0,0.0,False,False,False
Russian Federation,2005,"Vanilla, raw",0.0,1.0,0.0,False,False,False
Russian Federation,2006,"Vanilla, raw",1.0,0.0,0.0,False,False,False
Russian Federation,2007,"Vanilla, raw",1.0,1.0,0.0,False,False,False
Russian Federation,2008,"Vanilla, raw",2.0,1.0,0.0,False,False,False
Russian Federation,2009,"Vanilla, raw",2.0,10.0,0.0,False,True,False
Russian Federation,2010,"Vanilla, raw",3.0,5.0,0.0,False,False,False
Russian Federation,2011,"Vanilla, raw",7.0,1.0,0.0,False,False,False
Russian Federation,2012,"Vanilla, raw",4.0,1.0,0.0,False,False,False
Russian Federation,2013,"Vanilla, raw",8.0,1.0,0.0,False,False,False
Russian Federation,2014,"Vanilla, raw",6.41,2.79,0.0,False,False,False
Russian Federation,2015,"Vanilla, raw",6.4,8.15,0.0,False,False,False
Russian Federation,2016,"Vanilla, raw",7.86,12.26,0.0,False,False,False
Russian Federation,2017,"Vanilla, raw",5.9,5.5,0.0,False,False,False
Russian Federation,2018,"Vanilla, raw",4.6,5.87,0.0,False,False,False
Russian Federation,2019,"Vanilla, raw",6.97,38.39,0.0,False,True,False
Russian Federation,2020,"Vanilla, raw",12.04,9.09,0.0,True,False,False
Russian Federation,2021,"Vanilla, raw",5.95,3.06,0.0,False,False,False
Russian Federation,2022,"Vanilla, raw",2.33,0.7,0.0,False,False,False
Russian Federation,2023,"Vanilla, raw",4.27,0.16,0.0,False,False,False
Rwanda,1993,"Vanilla, raw",0.0,0.0,0.0,False,False,False
Rwanda,1994,"Vanilla, raw",0.0,0.0,0.0,False,False,False
Rwanda,1995,"Vanilla, raw",0.0,0.0,0.0,False,False,False
Rwanda,1996,"Vanilla, raw",0.0,0.0,0.0,False,False,False
Rwanda,1997,"Vanilla, raw",0.0,0.0,0.0,False,False,False
Rwanda,1998,"Vanilla, raw",0.0,0.0,0.0,False,False,False
Rwanda,1999,"Vanilla, raw",0.0,0.0,0.0,False,False,False
Rwanda,2000,"Vanilla, raw",0.0,0.0,0.0,False,False,False
Rwanda,2001,"Vanilla, raw",0.0,0.0,0.0,False,False,False
Rwanda,2002,"Vanilla, raw",0.0,0.0,0.0,False,False,False
Rwanda,2003,"Vanilla, raw",0.0,0.0,0.0,False,False,False
Rwanda,2004,"Vanilla, raw",0.0,0.0,0.0,False,False,False
Rwanda,2005,"Vanilla, raw",0.0,0.0,0.0,False,False,False
Rwanda,2006,"Vanilla, raw",0.0,0.0,0.0,False,False,False
Rwanda,2007,"Vanilla, raw",0.0,0.0,0.0,False,False,False
Rwanda,2008,"Vanilla, raw",0.0,0.0,0.0,False,False,False
Rwanda,2009,"Vanilla, raw",0.0,0.0,0.0,False,False,False
Rwanda,2010,"Vanilla, raw",0.0,0.0,0.0,False,False,False
Rwanda,2011,"Vanilla, raw",1.0,0.0,0.0,False,False,False
Rwanda,2012,"Vanilla, raw",1.0,0.0,0.0,False,False,False
Rwanda,2013,"Vanilla, raw",0.0,0.0,0.0,False,False,False
Rwanda,2014,"Vanilla, raw",2.31,0.0,0.0,False,False,False
Rwanda,2015,"Vanilla, raw",1.37,0.0,0.0,False,False,False
Rwanda,2016,"Vanilla, raw",1.45,0.0,0.0,False,False,False
Rwanda,2017,"Vanilla, raw",4.5,0.0,0.0,False,False,False
Rwanda,2018,"Vanilla, raw",0.98,0.0,0.0,False,False,False
Rwanda,2019,"Vanilla, raw",4.85,0.02,0.0,False,False,False
Rwanda,2020,"Vanilla, raw",1.11,0.02,0.0,False,False,False
Rwanda,2021,"Vanilla, raw",0.33,0.03,0.0,False,False,False
Rwanda,2022,"Vanilla, raw",6.73,0.19,0.0,False,True,False
Rwanda,2023,"Vanilla, raw",0.63,0.0,0.0,False,False,False
Saint Kitts and Nevis,2006,"Vanilla, raw",0.0,0.0,0.0,False,False,False
Saint Kitts and Nevis,2007,"Vanilla, raw",0.0,0.0,0.0,False,False,False
Saint Kitts and Nevis,2008,"Vanilla, raw",0.0,0.0,0.0,False,False,False
Saint Kitts and Nevis,2009,"Vanilla, raw",0.0,0.0,0.0,False,False,False
Saint Kitts and Nevis,2010,"Vanilla, raw",0.0,0.0,0.0,False,False,False
Saint Kitts and Nevis,2011,"Vanilla, raw",0.0,0.0,0.0,False,False,False
Saint Kitts and Nevis,2012,"Vanilla, raw",0.0,0.0,0.0,False,False,False
Saint Kitts and Nevis,2013,"Vanilla, raw",0.0,0.0,0.0,False,False,False
Saint Kitts and Nevis,2015,"Vanilla, raw",0.06,0.0,0.0,False,False,False
Saint Kitts and Nevis,2016,"Vanilla, raw",0.26,0.0,0.0,False,False,False
Saint Kitts and Nevis,2017,"Vanilla, raw",0.94,0.0,0.0,False,False,False
Saint Kitts and Nevis,2022,"Vanilla, raw",0.0,0.0,0.0,False,False,False
Saint Lucia,1997,"Vanilla, raw",0.0,0.0,0.0,False,False,False
Saint Lucia,1998,"Vanilla, raw",0.0,0.0,0.0,False,False,False
Saint Lucia,1999,"Vanilla, raw",0.0,0.0,0.0,False,False,False
Saint Lucia,2000,"Vanilla, raw",0.0,0.0,0.0,False,False,False
Saint Lucia,2001,"Vanilla, raw",1.0,0.0,0.0,False,False,False
Saint Lucia,2002,"Vanilla, raw",1.0,0.0,0.0,False,False,False
Saint Lucia,2003,"Vanilla, raw",0.0,0.0,0.0,False,False,False
Saint Lucia,2004,"Vanilla, raw",0.0,0.0,0.0,False,False,False
Saint Lucia,2005,"Vanilla, raw",0.0,0.0,0.0,False,False,False
Saint Lucia,2006,"Vanilla, raw",0.0,0.0,0.0,False,False,False
Saint Lucia,2007,"Vanilla, raw",2.0,0.0,0.0,False,False,False
Saint Lucia,2008,"Vanilla, raw",2.0,0.0,0.0,False,False,False
Saint Lucia,2009,"Vanilla, raw",2.0,0.0,0.0,False,False,False
Saint Lucia,2010,"Vanilla, raw",0.0,0.0,0.0,False,False,False
Saint Lucia,2011,"Vanilla, raw",0.0,0.0,0.0,False,False,False
Saint Lucia,2012,"Vanilla, raw",0.0,0.0,0.0,False,False,False
Saint Lucia,2013,"Vanilla, raw",0.0,0.0,0.0,False,False,False
Saint Lucia,2014,"Vanilla, raw",0.8,0.0,0.0,False,False,False
Saint Lucia,2016,"Vanilla, raw",0.49,0.0,0.0,False,False,False
Saint Lucia,2017,"Vanilla, raw",1.16,0.0,0.0,False,False,False
Saint Lucia,2018,"Vanilla, raw",1.02,0.0,0.0,False,False,False
Saint Lucia,2019,"Vanilla, raw",1.42,0.0,0.0,False,False,False
Saint Lucia,2020,"Vanilla, raw",0.13,0.0,0.0,False,False,False
Saint Lucia,2021,"Vanilla, raw",0.12,0.0,0.0,False,False,False
Saint Lucia,2022,"Vanilla, raw",0.17,0.0,0.0,False,False,False
Saint Lucia,2023,"Vanilla, raw",0.09,0.0,0.0,False,False,False
Saint Vincent and the Grenadines,2002,"Vanilla, raw",1.0,0.0,0.0,True,False,False
Saint Vincent and the Grenadines,2003,"Vanilla, raw",0.0,0.0,0.0,False,False,False
Saint Vincent and the Grenadines,2004,"Vanilla, raw",0.0,0.0,0.0,False,False,False
Saint Vincent and the Grenadines,2005,"Vanilla, raw",0.0,0.0,0.0,False,False,False
Saint Vincent and the Grenadines,2006,"Vanilla, raw",0.0,0.0,0.0,False,False,False
Saint Vincent and the Grenadines,2007,"Vanilla, raw",0.0,0.0,0.0,False,False,False
Saint Vincent and the Grenadines,2008,"Vanilla, raw",0.0,0.0,0.0,False,False,False
Saint Vincent and the Grenadines,2009,"Vanilla, raw",0.0,0.0,0.0,False,False,False
Saint Vincent and the Grenadines,2010,"Vanilla, raw",0.0,0.0,0.0,False,False,False
Saint Vincent and the Grenadines,2011,"Vanilla, raw",0.0,0.0,0.0,False,False,False
Saint Vincent and the Grenadines,2012,"Vanilla, raw",0.0,0.0,0.0,False,False,False
Saint Vincent and the Grenadines,2013,"Vanilla, raw",0.0,0.0,0.0,False,False,False
Saint Vincent and the Grenadines,2014,"Vanilla, raw",0.21,0.0,0.0,False,False,False
Saint Vincent and the Grenadines,2015,"Vanilla, raw",0.59,0.0,0.0,False,False,False
Saint Vincent and the Grenadines,2016,"Vanilla, raw",0.25,0.0,0.0,False,False,False
Saint Vincent and the Grenadines,2017,"Vanilla, raw",0.26,0.0,0.0,False,False,False
Saint Vincent and the Grenadines,2018,"Vanilla, raw",0.35,0.0,0.0,False,False,False
Saint Vincent and the Grenadines,2019,"Vanilla, raw",0.31,0.0,0.0,False,False,False
Saint Vincent and the Grenadines,2020,"Vanilla, raw",0.13,0.0,0.0,False,False,False
Saint Vincent and the Grenadines,2021,"Vanilla, raw",0.39,0.0,0.0,False,False,False
Saint Vincent and the Grenadines,2022,"Vanilla, raw",0.01,0.0,0.0,False,False,False
Saint Vincent and the Grenadines,2023,"Vanilla, raw",0.0,0.0,0.0,False,False,False
Samoa,1993,"Vanilla, raw",0.0,0.0,0.0,False,False,False
Samoa,1994,"Vanilla, raw",0.0,0.0,0.0,False,False,False
Samoa,1995,"Vanilla, raw",0.0,0.0,0.0,False,False,False
Samoa,1996,"Vanilla, raw",0.0,0.0,0.0,False,False,False
Samoa,1997,"Vanilla, raw",0.0,0.0,0.0,False,False,False
Samoa,1998,"Vanilla, raw",0.0,0.0,0.0,False,False,False
Samoa,1999,"Vanilla, raw",0.0,0.0,0.0,False,False,False
Samoa,2000,"Vanilla, raw",0.0,0.0,0.0,False,False,False
Samoa,2001,"Vanilla, raw",0.0,0.0,0.0,False,False,False
Samoa,2002,"Vanilla, raw",0.0,0.0,0.0,False,False,False
Samoa,2003,"Vanilla, raw",0.0,0.0,0.0,False,False,False
Samoa,2004,"Vanilla, raw",0.0,0.0,0.0,False,False,False
Samoa,2005,"Vanilla, raw",0.0,0.0,0.0,False,False,False
Samoa,2006,"Vanilla, raw",0.0,0.0,0.0,False,False,False
Samoa,2007,"Vanilla, raw",0.0,0.0,0.0,False,False,False
Samoa,2008,"Vanilla, raw",0.0,0.0,0.0,False,False,False
Samoa,2009,"Vanilla, raw",0.0,0.0,0.0,False,False,False
Samoa,2010,"Vanilla, raw",0.0,0.0,0.0,False,False,False
Samoa,2011,"Vanilla, raw",0.0,0.0,0.0,False,False,False
Samoa,2012,"Vanilla, raw",17.0,0.0,0.0,False,False,False
Samoa,2013,"Vanilla, raw",10.0,0.0,0.0,False,False,False
Samoa,2014,"Vanilla, raw",31.25,0.0,0.0,False,False,False
Samoa,2015,"Vanilla, raw",38.19,0.0,0.0,False,False,False
Samoa,2016,"Vanilla, raw",34.53,0.0,0.0,False,False,False
Samoa,2017,"Vanilla, raw",42.37,0.0,0.0,False,False,False
Samoa,2018,"Vanilla, raw",42.47,0.25,0.0,False,False,False
Samoa,2019,"Vanilla, raw",20.11,0.47,0.0,True,False,False
Samoa,2021,"Vanilla, raw",36.24,0.0,0.0,False,False,False
Samoa,2023,"Vanilla, raw",0.0,0.0,0.0,False,False,False
Sao Tome and Principe,2003,"Vanilla, raw",1.0,0.0,0.0,True,False,False
Sao Tome and Principe,2004,"Vanilla, raw",0.0,0.0,0.0,False,False,False
Sao Tome and Principe,2005,"Vanilla, raw",0.0,0.0,0.0,False,False,False
Sao Tome and Principe,2006,"Vanilla, raw",0.0,0.0,0.0,False,False,False
Sao Tome and Principe,2007,"Vanilla, raw",0.0,0.0,0.0,False,False,False
Sao Tome and Principe,2008,"Vanilla, raw",0.0,0.0,0.0,False,False,False
Sao Tome and Principe,2009,"Vanilla, raw",0.0,0.0,0.0,False,False,False
Sao Tome and Principe,2010,"Vanilla, raw",0.0,0.0,0.0,False,False,False
Sao Tome and Principe,2011,"Vanilla, raw",0.0,0.0,0.0,False,False,False
Sao Tome and Principe,2012,"Vanilla, raw",0.0,0.0,0.0,False,False,False
Sao Tome and Principe,2013,"Vanilla, raw",0.0,0.0,0.0,False,False,False
Sao Tome and Principe,2014,"Vanilla, raw",0.14,0.0,0.0,False,False,False
Sao Tome and Principe,2015,"Vanilla, raw",0.35,0.06,0.0,False,False,False
Sao Tome and Principe,2016,"Vanilla, raw",0.11,0.04,0.0,False,False,False
Sao Tome and Principe,2017,"Vanilla, raw",0.45,0.08,0.0,False,False,False
Sao Tome and Principe,2018,"Vanilla, raw",0.01,0.0,0.0,False,False,False
Sao Tome and Principe,2019,"Vanilla, raw",0.01,0.02,0.0,False,False,False
Sao Tome and Principe,2020,"Vanilla, raw",0.08,0.09,0.0,False,False,False
Sao Tome and Principe,2021,"Vanilla, raw",0.0,0.1,0.0,False,False,False
Sao Tome and Principe,2023,"Vanilla, raw",0.0,0.71,0.0,False,False,False
Saudi Arabia,1993,"Vanilla, raw",68.0,1.0,0.0,False,False,False
Saudi Arabia,1994,"Vanilla, raw",42.0,0.0,0.0,False,False,False
Saudi Arabia,1995,"Vanilla, raw",36.0,1.0,0.0,False,False,False
Saudi Arabia,1996,"Vanilla, raw",85.0,15.0,0.0,False,True,False
Saudi Arabia,1997,"Vanilla, raw",39.0,7.0,0.0,False,False,False
Saudi Arabia,1998,"Vanilla, raw",75.0,0.0,0.0,False,False,False
Saudi Arabia,1999,"Vanilla, raw",20.0,0.0,0.0,False,False,False
Saudi Arabia,2000,"Vanilla, raw",62.4,0.48,0.0,False,False,False
Saudi Arabia,2001,"Vanilla, raw",77.0,1.0,0.0,False,False,False
Saudi Arabia,2002,"Vanilla, raw",109.0,0.0,0.0,True,False,False
Saudi Arabia,2003,"Vanilla, raw",73.0,2.0,0.0,False,False,False
Saudi Arabia,2004,"Vanilla, raw",74.0,7.0,0.0,False,False,False
Saudi Arabia,2005,"Vanilla, raw",61.0,25.0,0.0,False,True,False
Saudi Arabia,2006,"Vanilla, raw",28.0,1.0,0.0,False,False,False
Saudi Arabia,2007,"Vanilla, raw",24.0,4.0,0.0,False,False,False
Saudi Arabia,2008,"Vanilla, raw",14.0,6.0,0.0,False,False,False
Saudi Arabia,2009,"Vanilla, raw",14.0,6.0,0.0,False,False,False
Saudi Arabia,2010,"Vanilla, raw",24.0,97.0,0.0,False,False,False
Saudi Arabia,2011,"Vanilla, raw",49.0,209.0,0.0,True,False,False
Saudi Arabia,2012,"Vanilla, raw",0.0,276.0,0.0,False,False,False
Saudi Arabia,2013,"Vanilla, raw",18.0,77.0,0.0,False,False,False
Saudi Arabia,2014,"Vanilla, raw",15.0,276.0,0.0,False,False,False
Saudi Arabia,2015,"Vanilla, raw",30.0,182.0,0.0,False,False,False
Saudi Arabia,2016,"Vanilla, raw",34.0,64.0,0.0,False,False,False
Saudi Arabia,2017,"Vanilla, raw",78.61,42.51,0.0,False,False,False
Saudi Arabia,2018,"Vanilla, raw",101.26,106.45,0.0,False,False,False
Saudi Arabia,2019,"Vanilla, raw",83.09,37.12,0.0,False,False,False
Saudi Arabia,2020,"Vanilla, raw",121.37,52.78,0.0,False,False,False
Saudi Arabia,2021,"Vanilla, raw",167.44,138.93,0.0,False,False,False
Saudi Arabia,2022,"Vanilla, raw",7.49,192.5,0.0,False,False,False
Saudi Arabia,2023,"Vanilla, raw",52.58,259.27,0.0,False,False,False
Senegal,1993,"Vanilla, raw",0.0,0.0,0.0,False,False,False
Senegal,1994,"Vanilla, raw",0.0,0.0,0.0,False,False,False
Senegal,1995,"Vanilla, raw",0.0,0.0,0.0,False,False,False
Senegal,1996,"Vanilla, raw",0.0,0.0,0.0,False,False,False
Senegal,1997,"Vanilla, raw",1.0,0.0,0.0,False,False,False
Senegal,1998,"Vanilla, raw",1.0,0.0,0.0,False,False,False
Senegal,1999,"Vanilla, raw",0.0,0.0,0.0,False,False,False
Senegal,2000,"Vanilla, raw",1.11,0.0,0.0,False,False,False
Senegal,2001,"Vanilla, raw",2.0,0.0,0.0,False,False,False
Senegal,2002,"Vanilla, raw",2.0,0.0,0.0,False,False,False
Senegal,2003,"Vanilla, raw",5.0,0.0,0.0,False,False,False
Senegal,2004,"Vanilla, raw",1.0,0.0,0.0,False,False,False
Senegal,2005,"Vanilla, raw",15.0,0.0,0.0,False,False,False
Senegal,2006,"Vanilla, raw",3.0,0.0,0.0,False,False,False
Senegal,2007,"Vanilla, raw",33.0,0.0,0.0,False,False,False
Senegal,2008,"Vanilla, raw",1.0,1.0,0.0,False,True,False
Senegal,2009,"Vanilla, raw",16.0,0.0,0.0,False,False,False
Senegal,2010,"Vanilla, raw",0.0,0.0,0.0,False,False,False
Senegal,2011,"Vanilla, raw",1.0,0.0,0.0,False,False,False
Senegal,2012,"Vanilla, raw",21.0,0.0,0.0,False,False,False
Senegal,2013,"Vanilla, raw",2.0,0.0,0.0,False,False,False
Senegal,2014,"Vanilla, raw",0.16,0.0,0.0,False,False,False
Senegal,2015,"Vanilla, raw",11.42,0.0,0.0,False,False,False
Senegal,2016,"Vanilla, raw",1.85,0.0,0.0,False,False,False
Senegal,2017,"Vanilla, raw",21.39,0.0,0.0,False,False,False
Senegal,2018,"Vanilla, raw",3.15,0.46,0.0,False,False,False
Senegal,2019,"Vanilla, raw",1.2,0.5,0.0,False,False,False
Senegal,2020,"Vanilla, raw",35.36,2.37,0.0,False,True,False
Senegal,2021,"Vanilla, raw",14.31,1.2,0.0,False,False,False
Senegal,2022,"Vanilla, raw",0.13,0.32,0.0,False,False,False
Senegal,2023,"Vanilla, raw",0.14,0.01,0.0,False,False,False
Serbia,2006,"Vanilla, raw",3.0,0.0,0.0,False,False,False
Serbia,2007,"Vanilla, raw",0.0,0.0,0.0,False,False,False
Serbia,2008,"Vanilla, raw",1.0,0.0,0.0,False,False,False
Serbia,2009,"Vanilla, raw",0.0,0.0,0.0,False,False,False
Serbia,2010,"Vanilla, raw",0.0,0.0,0.0,False,False,False
Serbia,2011,"Vanilla, raw",0.0,0.0,0.0,False,False,False
Serbia,2012,"Vanilla, raw",0.0,0.0,0.0,False,False,False
Serbia,2013,"Vanilla, raw",0.0,0.0,0.0,False,False,False
Serbia,2014,"Vanilla, raw",0.34,0.04,0.0,False,False,False
Serbia,2015,"Vanilla, raw",0.37,0.05,0.0,False,False,False
Serbia,2016,"Vanilla, raw",0.17,0.03,0.0,False,False,False
Serbia,2017,"Vanilla, raw",0.05,0.01,0.0,False,False,False
Serbia,2018,"Vanilla, raw",0.19,0.0,0.0,False,False,False
Serbia,2019,"Vanilla, raw",0.06,0.0,0.0,False,False,False
Serbia,2020,"Vanilla, raw",0.11,0.01,0.0,False,False,False
Serbia,2021,"Vanilla, raw",0.41,0.0,0.0,False,False,False
Serbia,2022,"Vanilla, raw",0.64,0.0,0.0,False,False,False
Serbia,2023,"Vanilla, raw",0.31,0.01,0.0,False,False,False
Serbia and Montenegro,1997,"Vanilla, raw",0.0,21.0,0.0,False,False,False
Serbia and Montenegro,1998,"Vanilla, raw",1.0,31.0,0.0,False,False,False
Serbia and Montenegro,1999,"Vanilla, raw",2.0,0.0,0.0,False,False,False
Serbia and Montenegro,2000,"Vanilla, raw",1.0,0.0,0.0,False,False,False
Serbia and Montenegro,2001,"Vanilla, raw",0.0,0.0,0.0,False,False,False
Serbia and Montenegro,2002,"Vanilla, raw",0.0,1.0,0.0,False,False,False
Serbia and Montenegro,2003,"Vanilla, raw",1.0,1.0,0.0,False,False,False
Serbia and Montenegro,2004,"Vanilla, raw",1.0,1.0,0.0,False,False,False
Serbia and Montenegro,2005,"Vanilla, raw",1.0,1.0,0.0,False,False,False
Seychelles,1993,"Vanilla, raw",1.0,0.0,0.0,True,False,False
Seychelles,1994,"Vanilla, raw",0.0,0.0,0.0,False,False,False
Seychelles,1995,"Vanilla, raw",0.0,0.0,0.0,False,False,False
Seychelles,1996,"Vanilla, raw",0.0,0.0,0.0,False,False,False
Seychelles,1997,"Vanilla, raw",0.0,0.0,0.0,False,False,False
Seychelles,1998,"Vanilla, raw",1.0,0.0,0.0,False,False,False
Seychelles,1999,"Vanilla, raw",1.0,0.0,0.0,False,False,False
Seychelles,2000,"Vanilla, raw",9.42,0.0,0.0,False,False,False
Seychelles,2001,"Vanilla, raw",9.42,0.0,0.0,False,False,False
Seychelles,2002,"Vanilla, raw",3.0,0.0,0.0,False,False,False
Seychelles,2003,"Vanilla, raw",3.0,0.0,0.0,False,False,False
Seychelles,2004,"Vanilla, raw",0.0,0.0,0.0,True,False,False
Seychelles,2005,"Vanilla, raw",2.0,0.0,0.0,False,False,False
Seychelles,2006,"Vanilla, raw",2.0,0.0,0.0,False,False,False
Seychelles,2007,"Vanilla, raw",2.0,0.0,0.0,False,False,False
Seychelles,2008,"Vanilla, raw",2.0,0.0,0.0,False,False,False
Seychelles,2009,"Vanilla, raw",2.0,0.0,0.0,False,False,False
Seychelles,2010,"Vanilla, raw",0.0,0.0,0.0,False,False,False
Seychelles,2011,"Vanilla, raw",0.0,0.0,0.0,False,False,False
Seychelles,2012,"Vanilla, raw",0.0,0.0,0.0,False,False,False
Seychelles,2013,"Vanilla, raw",0.0,0.0,0.0,False,False,False
Seychelles,2014,"Vanilla, raw",1.85,0.0,0.0,False,False,False
Seychelles,2015,"Vanilla, raw",10.12,0.0,0.0,False,False,False
Seychelles,2016,"Vanilla, raw",2.61,0.0,0.0,False,False,False
Seychelles,2017,"Vanilla, raw",9.93,0.0,0.0,False,False,False
Seychelles,2018,"Vanilla, raw",9.31,0.0,0.0,False,False,False
Seychelles,2019,"Vanilla, raw",2.79,0.02,0.0,False,True,False
Seychelles,2020,"Vanilla, raw",2.75,0.0,0.0,False,False,False
Seychelles,2021,"Vanilla, raw",1.96,0.0,0.0,False,False,False
Seychelles,2022,"Vanilla, raw",4.8,0.0,0.0,True,False,False
Seychelles,2023,"Vanilla, raw",1.64,0.0,0.0,False,False,False
Sierra Leone,2017,"Vanilla, raw",0.02,0.0,0.0,False,False,False
Sierra Leone,2018,"Vanilla, raw",0.04,3.6,0.0,False,True,False
Sierra Leone,2019,"Vanilla, raw",0.48,0.0,0.0,True,False,False
Sierra Leone,2020,"Vanilla, raw",0.01,0.0,0.0,False,False,False
Sierra Leone,2021,"Vanilla, raw",0.05,0.0,0.0,False,False,False
Sierra Leone,2023,"Vanilla, raw",0.02,0.0,0.0,False,False,False
Singapore,1993,"Vanilla, raw",3.0,34.0,0.0,False,False,False
Singapore,1994,"Vanilla, raw",17.0,28.0,0.0,False,False,False
Singapore,1995,"Vanilla, raw",28.0,11.0,0.0,False,False,False
Singapore,1996,"Vanilla, raw",4.0,15.0,0.0,False,False,False
Singapore,1997,"Vanilla, raw",18.0,11.0,0.0,False,False,False
Singapore,1998,"Vanilla, raw",11.0,27.0,0.0,False,False,False
Singapore,1999,"Vanilla, raw",67.0,36.0,0.0,False,False,False
Singapore,2000,"Vanilla, raw",75.38,23.61,0.0,False,False,False
Singapore,2001,"Vanilla, raw",185.0,32.0,0.0,False,False,False
Singapore,2002,"Vanilla, raw",177.0,51.0,0.0,False,False,False
Singapore,2003,"Vanilla, raw",728.0,302.0,0.0,False,False,False
Singapore,2004,"Vanilla, raw",744.0,221.0,0.0,False,False,False
Singapore,2005,"Vanilla, raw",190.0,88.0,0.0,False,False,False
Singapore,2006,"Vanilla, raw",114.0,55.0,0.0,False,False,False
Singapore,2007,"Vanilla, raw",46.0,56.0,0.0,False,False,False
Singapore,2008,"Vanilla, raw",81.0,28.0,0.0,False,False,False
Singapore,2009,"Vanilla, raw",76.0,35.0,0.0,False,False,False
Singapore,2010,"Vanilla, raw",92.0,8.0,0.0,False,False,False
Singapore,2011,"Vanilla, raw",116.0,22.0,0.0,False,False,False
Singapore,2012,"Vanilla, raw",80.0,10.0,0.0,False,False,False
Singapore,2013,"Vanilla, raw",72.0,28.0,0.0,False,False,False
Singapore,2014,"Vanilla, raw",130.68,46.03,0.0,False,False,False
Singapore,2015,"Vanilla, raw",81.76,11.47,0.0,False,False,False
Singapore,2016,"Vanilla, raw",114.51,26.45,0.0,False,False,False
Singapore,2017,"Vanilla, raw",47.52,30.56,0.0,False,False,False
Singapore,2018,"Vanilla, raw",54.06,29.21,0.0,False,False,False
Singapore,2019,"Vanilla, raw",46.43,1.22,0.0,False,False,False
Singapore,2020,"Vanilla, raw",76.39,1.0,0.0,False,False,False
Singapore,2021,"Vanilla, raw",44.49,10.53,0.0,False,False,False
Singapore,2022,"Vanilla, raw",24.64,2.16,0.0,False,False,False
Singapore,2023,"Vanilla, raw",63.45,44.56,0.0,False,False,False
Slovakia,1993,"Vanilla, raw",1.0,0.0,0.0,True,False,False
Slovakia,1994,"Vanilla, raw",0.0,2.0,0.0,False,False,False
Slovakia,1995,"Vanilla, raw",0.0,0.0,0.0,False,False,False
Slovakia,1996,"Vanilla, raw",0.0,1.0,0.0,False,False,False
Slovakia,1997,"Vanilla, raw",4.0,5.0,0.0,False,False,False
Slovakia,1998,"Vanilla, raw",0.0,7.0,0.0,False,False,False
Slovakia,1999,"Vanilla, raw",0.0,9.0,0.0,False,False,False
Slovakia,2000,"Vanilla, raw",16.0,13.0,0.0,False,False,False
Slovakia,2001,"Vanilla, raw",0.0,0.0,0.0,False,False,False
Slovakia,2002,"Vanilla, raw",37.0,7.0,0.0,False,False,False
Slovakia,2003,"Vanilla, raw",17.0,1.0,0.0,False,False,False
Slovakia,2004,"Vanilla, raw",37.0,0.0,0.0,False,False,False
Slovakia,2005,"Vanilla, raw",2.0,0.0,0.0,False,False,False
Slovakia,2006,"Vanilla, raw",0.0,0.0,0.0,False,False,False
Slovakia,2007,"Vanilla, raw",13.0,0.0,0.0,False,False,False
Slovakia,2008,"Vanilla, raw",3.0,0.0,0.0,False,False,False
Slovakia,2009,"Vanilla, raw",2.0,0.0,0.0,False,False,False
Slovakia,2010,"Vanilla, raw",6.0,0.0,0.0,False,False,False
Slovakia,2011,"Vanilla, raw",5.0,0.0,0.0,False,False,False
Slovakia,2012,"Vanilla, raw",5.0,0.0,0.0,False,False,False
Slovakia,2013,"Vanilla, raw",5.0,0.0,0.0,False,False,False
Slovakia,2014,"Vanilla, raw",5.2,0.23,0.0,False,False,False
Slovakia,2015,"Vanilla, raw",165.77,405.14,0.0,True,True,False
Slovakia,2016,"Vanilla, raw",4.31,0.25,0.0,False,False,False
Slovakia,2017,"Vanilla, raw",81.38,0.27,0.0,False,False,False
Slovakia,2018,"Vanilla, raw",10.96,0.08,0.0,False,False,False
Slovakia,2019,"Vanilla, raw",1.91,0.09,0.0,False,False,False
Slovakia,2020,"Vanilla, raw",1.14,0.04,0.0,False,False,False
Slovakia,2021,"Vanilla, raw",1.48,0.08,0.0,False,False,False
Slovakia,2022,"Vanilla, raw",1.73,0.08,0.0,False,False,False
Slovakia,2023,"Vanilla, raw",2.08,0.04,0.0,False,False,False
Slovenia,1993,"Vanilla, raw",2.0,1.0,0.0,False,False,False
Slovenia,1994,"Vanilla, raw",2.0,0.0,0.0,False,False,False
Slovenia,1995,"Vanilla, raw",1.0,1.0,0.0,True,False,False
Slovenia,1996,"Vanilla, raw",25.0,2.0,0.0,True,False,False
Slovenia,1997,"Vanilla, raw",2.0,0.0,0.0,False,False,False
Slovenia,1998,"Vanilla, raw",2.0,0.0,0.0,False,False,False
Slovenia,1999,"Vanilla, raw",1.0,0.0,0.0,False,False,False
Slovenia,2000,"Vanilla, raw",16.46,13.03,0.0,True,True,False
Slovenia,2001,"Vanilla, raw",5.0,0.0,0.0,False,False,False
Slovenia,2002,"Vanilla, raw",2.0,0.0,0.0,False,False,False
Slovenia,2003,"Vanilla, raw",5.0,0.0,0.0,False,False,False
Slovenia,2004,"Vanilla, raw",3.0,2.0,0.0,False,True,False
Slovenia,2005,"Vanilla, raw",2.0,0.0,0.0,False,False,False
Slovenia,2006,"Vanilla, raw",4.0,0.0,0.0,False,False,False
Slovenia,2007,"Vanilla, raw",2.0,0.0,0.0,False,False,False
Slovenia,2008,"Vanilla, raw",1.0,0.0,0.0,False,False,False
Slovenia,2009,"Vanilla, raw",0.0,0.0,0.0,False,False,False
Slovenia,2010,"Vanilla, raw",1.0,0.0,0.0,False,False,False
Slovenia,2011,"Vanilla, raw",1.0,0.0,0.0,False,False,False
Slovenia,2012,"Vanilla, raw",0.0,0.0,0.0,False,False,False
Slovenia,2013,"Vanilla, raw",1.0,0.0,0.0,False,False,False
Slovenia,2014,"Vanilla, raw",1.55,0.12,0.0,False,False,False
Slovenia,2015,"Vanilla, raw",2.64,0.1,0.0,True,False,False
Slovenia,2016,"Vanilla, raw",1.62,0.05,0.0,False,False,False
Slovenia,2017,"Vanilla, raw",1.04,0.0,0.0,False,False,False
Slovenia,2018,"Vanilla, raw",1.52,0.11,0.0,False,False,False
Slovenia,2019,"Vanilla, raw",2.44,0.03,0.0,False,False,False
Slovenia,2020,"Vanilla, raw",2.99,0.07,0.0,False,False,False
Slovenia,2021,"Vanilla, raw",3.58,0.05,0.0,False,False,False
Slovenia,2022,"Vanilla, raw",4.0,0.08,0.0,False,False,False
Slovenia,2023,"Vanilla, raw",3.95,0.21,0.0,False,True,False
Solomon Islands,2002,"Vanilla, raw",1.0,0.0,0.0,False,False,False
Solomon Islands,2003,"Vanilla, raw",1.0,0.0,0.0,False,False,False
Solomon Islands,2004,"Vanilla, raw",1.0,0.0,0.0,False,False,False
Solomon Islands,2005,"Vanilla, raw",1.0,0.0,0.0,False,False,False
Solomon Islands,2006,"Vanilla, raw",2.0,0.0,0.0,True,False,False
Solomon Islands,2007,"Vanilla, raw",1.0,0.0,0.0,False,False,False
Solomon Islands,2008,"Vanilla, raw",0.0,0.0,0.0,False,False,False
Solomon Islands,2009,"Vanilla, raw",0.0,0.0,0.0,False,False,False
Solomon Islands,2010,"Vanilla, raw",0.0,0.0,0.0,False,False,False
Solomon Islands,2011,"Vanilla, raw",1.0,0.0,0.0,False,False,False
Solomon Islands,2012,"Vanilla, raw",1.0,0.0,0.0,False,False,False
Solomon Islands,2013,"Vanilla, raw",0.0,0.0,0.0,False,False,False
Solomon Islands,2016,"Vanilla, raw",1.05,0.0,0.0,False,False,False
Solomon Islands,2017,"Vanilla, raw",0.36,0.0,0.0,False,False,False
Solomon Islands,2018,"Vanilla, raw",3.82,0.0,0.0,False,False,False
Solomon Islands,2022,"Vanilla, raw",0.75,0.0,0.0,False,False,False
Somalia,2014,"Vanilla, raw",0.01,0.0,0.0,False,False,False
Somalia,2016,"Vanilla, raw",0.07,0.0,0.0,False,False,False
Somalia,2017,"Vanilla, raw",0.11,0.0,0.0,False,False,False
Somalia,2018,"Vanilla, raw",0.45,0.0,0.0,False,False,False
Somalia,2019,"Vanilla, raw",0.24,0.0,0.0,False,False,False
Somalia,2020,"Vanilla, raw",0.5,0.0,0.0,False,False,False
Somalia,2021,"Vanilla, raw",1.8,0.0,0.0,True,False,False
Somalia,2022,"Vanilla, raw",0.41,0.0,0.0,False,False,False
Somalia,2023,"Vanilla, raw",0.24,0.0,0.0,False,False,False
South Africa,1993,"Vanilla, raw",0.0,2.0,0.0,False,False,False
South Africa,1994,"Vanilla, raw",0.0,2.0,0.0,False,False,False
South Africa,1995,"Vanilla, raw",0.0,5.0,0.0,False,False,False
South Africa,1996,"Vanilla, raw",10.0,6.0,0.0,True,False,False
South Africa,1997,"Vanilla, raw",0.0,6.0,0.0,False,False,False
South Africa,1998,"Vanilla, raw",0.0,12.0,0.0,False,True,False
South Africa,1999,"Vanilla, raw",2.0,5.0,0.0,False,False,False
South Africa,2000,"Vanilla, raw",0.08,1.92,0.0,False,False,False
South Africa,2001,"Vanilla, raw",1.0,3.0,0.0,False,False,False
South Africa,2002,"Vanilla, raw",2.0,3.0,0.0,False,False,False
South Africa,2003,"Vanilla, raw",3.0,12.0,0.0,False,False,False
South Africa,2004,"Vanilla, raw",2.0,10.0,0.0,False,False,False
South Africa,2005,"Vanilla, raw",7.0,12.0,0.0,False,False,False
South Africa,2006,"Vanilla, raw",8.0,14.0,0.0,False,False,False
South Africa,2007,"Vanilla, raw",10.0,24.0,0.0,False,False,False
South Africa,2008,"Vanilla, raw",10.0,27.0,0.0,False,False,False
South Africa,2009,"Vanilla, raw",13.0,31.0,0.0,False,False,False
South Africa,2010,"Vanilla, raw",14.0,25.0,0.0,False,False,False
South Africa,2011,"Vanilla, raw",8.0,23.0,0.0,False,False,False
South Africa,2012,"Vanilla, raw",18.0,36.0,0.0,False,False,False
South Africa,2013,"Vanilla, raw",15.0,34.0,0.0,False,False,False
South Africa,2014,"Vanilla, raw",14.98,32.88,0.0,False,False,False
South Africa,2015,"Vanilla, raw",11.59,44.8,0.0,False,False,False
South Africa,2016,"Vanilla, raw",3.17,46.13,0.0,False,False,False
South Africa,2017,"Vanilla, raw",5.75,37.71,0.0,False,False,False
South Africa,2018,"Vanilla, raw",7.77,55.72,0.0,False,False,False
South Africa,2019,"Vanilla, raw",8.8,55.72,0.0,False,False,False
South Africa,2020,"Vanilla, raw",7.3,52.45,0.0,False,False,False
South Africa,2021,"Vanilla, raw",7.53,58.07,0.0,False,False,False
South Africa,2022,"Vanilla, raw",8.48,100.73,0.0,False,True,False
South Africa,2023,"Vanilla, raw",7.54,12.5,0.0,False,False,False
South Sudan,2012,"Vanilla, raw",0.0,0.0,0.0,False,False,False
South Sudan,2013,"Vanilla, raw",0.0,0.0,0.0,False,False,False
South Sudan,2014,"Vanilla, raw",2.1,0.0,0.0,False,False,False
South Sudan,2015,"Vanilla, raw",1.2,0.0,0.0,False,False,False
South Sudan,2016,"Vanilla, raw",1.06,0.0,0.0,False,False,False
South Sudan,2020,"Vanilla, raw",0.02,0.0,0.0,False,False,False
South Sudan,2021,"Vanilla, raw",0.95,0.0,0.0,False,False,False
South Sudan,2022,"Vanilla, raw",0.5,0.0,0.0,False,False,False
Spain,1993,"Vanilla, raw",6.0,6.0,0.0,False,False,False
Spain,1994,"Vanilla, raw",9.0,4.0,0.0,False,False,False
Spain,1995,"Vanilla, raw",21.0,0.0,0.0,False,False,False
Spain,1996,"Vanilla, raw",41.0,0.0,0.0,False,False,False
Spain,1997,"Vanilla, raw",265.0,1.0,0.0,True,False,False
Spain,1998,"Vanilla, raw",113.0,0.0,0.0,False,False,False
Spain,1999,"Vanilla, raw",92.0,1.0,0.0,False,False,False
Spain,2000,"Vanilla, raw",32.0,0.0,0.0,False,False,False
Spain,2001,"Vanilla, raw",52.0,4.0,0.0,False,False,False
Spain,2002,"Vanilla, raw",19.0,3.0,0.0,False,False,False
Spain,2003,"Vanilla, raw",64.0,1.0,0.0,False,False,False
Spain,2004,"Vanilla, raw",668.0,8.0,0.0,True,False,False
Spain,2005,"Vanilla, raw",15.0,0.0,0.0,False,False,False
Spain,2006,"Vanilla, raw",13.0,1.0,0.0,False,False,False
Spain,2007,"Vanilla, raw",11.0,0.0,0.0,False,False,False
Spain,2008,"Vanilla, raw",13.0,1.0,0.0,False,False,False
Spain,2009,"Vanilla, raw",15.0,0.0,0.0,False,False,False
Spain,2010,"Vanilla, raw",22.0,0.0,0.0,False,False,False
Spain,2011,"Vanilla, raw",31.0,3.0,0.0,False,False,False
Spain,2012,"Vanilla, raw",20.0,30.0,0.0,False,False,False
Spain,2013,"Vanilla, raw",47.0,16.0,0.0,False,False,False
Spain,2014,"Vanilla, raw",41.32,9.52,0.0,False,False,False
Spain,2015,"Vanilla, raw",94.89,18.91,0.0,False,False,False
Spain,2016,"Vanilla, raw",34.9,35.67,0.0,False,True,False
Spain,2017,"Vanilla, raw",56.35,11.55,0.0,False,False,False
Spain,2018,"Vanilla, raw",158.39,7.58,0.0,False,False,False
Spain,2019,"Vanilla, raw",134.24,13.97,0.0,False,False,False
Spain,2020,"Vanilla, raw",209.22,11.86,0.0,False,False,False
Spain,2021,"Vanilla, raw",99.67,53.27,0.0,False,False,False
Spain,2022,"Vanilla, raw",134.58,30.91,0.0,False,False,False
Spain,2023,"Vanilla, raw",57.05,126.36,0.0,False,False,False
Sri Lanka,1993,"Vanilla, raw",0.0,0.0,0.0,False,False,False
Sri Lanka,1994,"Vanilla, raw",0.0,0.0,0.0,False,False,False
Sri Lanka,1995,"Vanilla, raw",0.0,0.0,0.0,False,False,False
Sri Lanka,1996,"Vanilla, raw",1.0,0.0,0.0,True,False,False
Sri Lanka,1997,"Vanilla, raw",0.0,0.0,0.0,False,False,False
Sri Lanka,1998,"Vanilla, raw",0.0,0.0,0.0,False,False,False
Sri Lanka,1999,"Vanilla, raw",0.0,0.0,0.0,False,False,False
Sri Lanka,2000,"Vanilla, raw",0.0,0.37,0.0,False,False,False
Sri Lanka,2001,"Vanilla, raw",0.0,1.0,0.0,False,False,False
Sri Lanka,2002,"Vanilla, raw",1.0,0.0,0.0,False,False,False
Sri Lanka,2003,"Vanilla, raw",1.0,0.0,0.0,False,False,False
Sri Lanka,2004,"Vanilla, raw",0.0,6.0,0.0,False,False,False
Sri Lanka,2005,"Vanilla, raw",2.0,11.0,0.0,False,True,False
Sri Lanka,2006,"Vanilla, raw",2.0,0.0,0.0,False,False,False
Sri Lanka,2007,"Vanilla, raw",2.0,1.0,0.0,False,False,False
Sri Lanka,2008,"Vanilla, raw",0.0,1.0,0.0,False,False,False
Sri Lanka,2009,"Vanilla, raw",0.0,0.0,0.0,False,False,False
Sri Lanka,2010,"Vanilla, raw",0.0,1.0,0.0,False,False,False
Sri Lanka,2011,"Vanilla, raw",0.0,0.0,0.0,False,False,False
Sri Lanka,2012,"Vanilla, raw",0.0,0.0,0.0,False,False,False
Sri Lanka,2013,"Vanilla, raw",0.0,0.0,0.0,False,False,False
Sri Lanka,2014,"Vanilla, raw",7.5,0.3,0.0,False,False,False
Sri Lanka,2015,"Vanilla, raw",12.25,0.8,0.0,False,False,False
Sri Lanka,2016,"Vanilla, raw",2.1,1.06,0.0,False,False,False
Sri Lanka,2017,"Vanilla, raw",5.27,5.99,0.0,False,True,False
Sri Lanka,2018,"Vanilla, raw",0.02,0.33,0.0,False,False,False
Sri Lanka,2019,"Vanilla, raw",1.12,0.71,0.0,False,False,False
Sri Lanka,2020,"Vanilla, raw",4.23,0.68,0.0,False,False,False
Sri Lanka,2021,"Vanilla, raw",0.3,1.43,0.0,False,False,False
Sri Lanka,2022,"Vanilla, raw",0.01,0.85,0.0,False,False,False
Sri Lanka,2023,"Vanilla, raw",0.59,5.56,0.0,False,True,False
Sudan,2012,"Vanilla, raw",28.0,0.0,0.0,False,False,False
Sudan,2013,"Vanilla, raw",62.0,0.0,0.0,False,False,False
Sudan,2014,"Vanilla, raw",276.0,0.0,0.0,True,False,False
Sudan,2016,"Vanilla, raw",7.56,0.0,0.0,False,False,False
Sudan,2017,"Vanilla, raw",3.62,0.0,0.0,False,False,False
Sudan,2018,"Vanilla, raw",0.07,0.0,0.0,False,False,False
Sudan,2019,"Vanilla, raw",0.72,0.0,0.0,False,False,False
Sudan,2020,"Vanilla, raw",25.51,0.0,0.0,False,False,False
Sudan,2021,"Vanilla, raw",17.63,0.01,0.0,False,True,False
Sudan,2022,"Vanilla, raw",2.92,0.0,0.0,False,False,False
Sudan,2023,"Vanilla, raw",32.49,0.0,0.0,False,False,False
Sudan (former),1997,"Vanilla, raw",1.0,0.0,0.0,False,False,False
Sudan (former),1998,"Vanilla, raw",2.0,1.0,0.0,False,True,False
Sudan (former),1999,"Vanilla, raw",2.0,0.0,0.0,False,False,False
Sudan (former),2000,"Vanilla, raw",4.0,0.0,0.0,False,False,False
Sudan (former),2001,"Vanilla, raw",2.0,0.0,0.0,False,False,False
Sudan (former),2002,"Vanilla, raw",3.0,0.0,0.0,False,False,False
Sudan (former),2003,"Vanilla, raw",0.0,0.0,0.0,False,False,False
Sudan (former),2004,"Vanilla, raw",0.0,0.0,0.0,False,False,False
Sudan (former),2005,"Vanilla, raw",0.0,0.0,0.0,False,False,False
Sudan (former),2006,"Vanilla, raw",0.0,0.0,0.0,False,False,False
Sudan (former),2007,"Vanilla, raw",0.0,0.0,0.0,False,False,False
Sudan (former),2008,"Vanilla, raw",0.0,0.0,0.0,False,False,False
Sudan (former),2009,"Vanilla, raw",32.0,0.0,0.0,True,False,False
Sudan (former),2010,"Vanilla, raw",0.0,0.0,0.0,False,False,False
Sudan (former),2011,"Vanilla, raw",0.0,0.0,0.0,False,False,False
Suriname,2014,"Vanilla, raw",4.72,0.0,0.0,False,False,False
Suriname,2015,"Vanilla, raw",5.38,0.0,0.0,False,False,False
Suriname,2016,"Vanilla, raw",0.17,0.0,0.0,False,False,False
Sweden,1993,"Vanilla, raw",9.0,50.0,0.0,False,False,False
Sweden,1994,"Vanilla, raw",4.0,44.0,0.0,True,False,False
Sweden,1995,"Vanilla, raw",9.0,2.0,0.0,False,False,False
Sweden,1996,"Vanilla, raw",9.0,4.0,0.0,False,False,False
Sweden,1997,"Vanilla, raw",13.0,5.0,0.0,False,False,False
Sweden,1998,"Vanilla, raw",14.0,1.0,0.0,False,False,False
Sweden,1999,"Vanilla, raw",27.0,1.0,0.0,False,False,False
Sweden,2000,"Vanilla, raw",15.0,1.0,0.0,False,False,False
Sweden,2001,"Vanilla, raw",12.0,1.0,0.0,False,False,False
Sweden,2002,"Vanilla, raw",28.0,1.0,0.0,False,False,False
Sweden,2003,"Vanilla, raw",19.0,1.0,0.0,False,False,False
Sweden,2004,"Vanilla, raw",14.0,2.0,0.0,False,False,False
Sweden,2005,"Vanilla, raw",18.0,4.0,0.0,False,False,False
Sweden,2006,"Vanilla, raw",18.0,3.0,0.0,False,False,False
Sweden,2007,"Vanilla, raw",21.0,4.0,0.0,False,False,False
Sweden,2008,"Vanilla, raw",20.0,13.0,0.0,False,True,False
Sweden,2009,"Vanilla, raw",22.0,7.0,0.0,False,False,False
Sweden,2010,"Vanilla, raw",34.0,5.0,0.0,False,False,False
Sweden,2011,"Vanilla, raw",26.0,7.0,0.0,False,False,False
Sweden,2012,"Vanilla, raw",31.0,5.0,0.0,False,False,False
Sweden,2013,"Vanilla, raw",35.0,4.0,0.0,False,False,False
Sweden,2014,"Vanilla, raw",43.66,3.35,0.0,False,False,False
Sweden,2015,"Vanilla, raw",35.97,1.69,0.0,False,False,False
Sweden,2016,"Vanilla, raw",40.4,7.0,0.0,False,False,False
Sweden,2017,"Vanilla, raw",42.16,4.28,0.0,False,False,False
Sweden,2018,"Vanilla, raw",50.99,1.54,0.0,False,False,False
Sweden,2019,"Vanilla, raw",45.91,0.9,0.0,False,False,False
Sweden,2020,"Vanilla, raw",41.69,1.27,0.0,False,False,False
Sweden,2021,"Vanilla, raw",47.17,1.11,0.0,False,False,False
Sweden,2022,"Vanilla, raw",62.18,1.91,0.0,False,False,False
Sweden,2023,"Vanilla, raw",59.45,1.96,0.0,False,False,False
Switzerland,1993,"Vanilla, raw",38.0,4.0,0.0,False,False,False
Switzerland,1994,"Vanilla, raw",43.0,1.0,0.0,False,False,False
Switzerland,1995,"Vanilla, raw",42.0,0.0,0.0,False,False,False
Switzerland,1996,"Vanilla, raw",53.0,3.0,0.0,False,False,False
Switzerland,1997,"Vanilla, raw",51.0,1.0,0.0,False,False,False
Switzerland,1998,"Vanilla, raw",55.0,2.0,0.0,False,False,False
Switzerland,1999,"Vanilla, raw",67.0,5.0,0.0,True,False,False
Switzerland,2000,"Vanilla, raw",53.81,4.31,0.0,False,False,False
Switzerland,2001,"Vanilla, raw",37.0,3.0,0.0,False,False,False
Switzerland,2002,"Vanilla, raw",50.0,2.0,0.0,False,False,False
Switzerland,2003,"Vanilla, raw",41.0,2.0,0.0,False,False,False
Switzerland,2004,"Vanilla, raw",38.0,11.0,0.0,False,False,False
Switzerland,2005,"Vanilla, raw",50.0,10.0,0.0,False,False,False
Switzerland,2006,"Vanilla, raw",43.0,2.0,0.0,False,False,False
Switzerland,2007,"Vanilla, raw",52.0,6.0,0.0,False,False,False
Switzerland,2008,"Vanilla, raw",46.0,7.0,0.0,False,False,False
Switzerland,2009,"Vanilla, raw",61.0,7.0,0.0,False,False,False
Switzerland,2010,"Vanilla, raw",65.0,2.0,0.0,False,False,False
Switzerland,2011,"Vanilla, raw",60.0,3.0,0.0,False,False,False
Switzerland,2012,"Vanilla, raw",75.0,5.0,0.0,False,False,False
Switzerland,2013,"Vanilla, raw",84.0,7.0,0.0,False,False,False
Switzerland,2014,"Vanilla, raw",83.13,14.44,0.0,False,False,False
Switzerland,2015,"Vanilla, raw",61.9,7.21,0.0,False,False,False
Switzerland,2016,"Vanilla, raw",62.8,5.88,0.0,False,False,False
Switzerland,2017,"Vanilla, raw",115.35,15.23,0.0,True,False,False
Switzerland,2018,"Vanilla, raw",39.41,7.55,0.0,False,False,False
Switzerland,2019,"Vanilla, raw",44.11,5.32,0.0,False,False,False
Switzerland,2020,"Vanilla, raw",58.67,24.43,0.0,False,False,False
Switzerland,2021,"Vanilla, raw",63.14,25.92,0.0,False,False,False
Switzerland,2022,"Vanilla, raw",107.49,62.04,0.0,False,True,False
Switzerland,2023,"Vanilla, raw",80.77,32.71,0.0,False,False,False
Syrian Arab Republic,1993,"Vanilla, raw",0.0,0.0,0.0,False,False,False
Syrian Arab Republic,1994,"Vanilla, raw",0.0,0.0,0.0,False,False,False
Syrian Arab Republic,1995,"Vanilla, raw",0.0,0.0,0.0,False,False,False
Syrian Arab Republic,1996,"Vanilla, raw",0.0,0.0,0.0,False,False,False
Syrian Arab Republic,1997,"Vanilla, raw",0.0,0.0,0.0,False,False,False
Syrian Arab Republic,1998,"Vanilla, raw",0.0,0.0,0.0,False,False,False
Syrian Arab Republic,1999,"Vanilla, raw",0.0,0.0,0.0,False,False,False
Syrian Arab Republic,2000,"Vanilla, raw",0.0,0.0,0.0,False,False,False
Syrian Arab Republic,2001,"Vanilla, raw",0.0,0.0,0.0,False,False,False
Syrian Arab Republic,2002,"Vanilla, raw",0.0,0.0,0.0,False,False,False
Syrian Arab Republic,2003,"Vanilla, raw",0.0,0.0,0.0,False,False,False
Syrian Arab Republic,2004,"Vanilla, raw",0.0,0.0,0.0,False,False,False
Syrian Arab Republic,2005,"Vanilla, raw",0.0,0.0,0.0,False,False,False
Syrian Arab Republic,2006,"Vanilla, raw",0.0,0.0,0.0,False,False,False
Syrian Arab Republic,2007,"Vanilla, raw",0.0,0.0,0.0,False,False,False
Syrian Arab Republic,2008,"Vanilla, raw",31.0,0.0,0.0,True,False,False
Syrian Arab Republic,2009,"Vanilla, raw",12.0,0.0,0.0,False,False,False
Syrian Arab Republic,2010,"Vanilla, raw",0.0,0.0,0.0,False,False,False
Syrian Arab Republic,2011,"Vanilla, raw",0.0,0.0,0.0,False,False,False
Syrian Arab Republic,2012,"Vanilla, raw",0.0,0.0,0.0,False,False,False
Syrian Arab Republic,2013,"Vanilla, raw",0.0,0.0,0.0,False,False,False
Syrian Arab Republic,2014,"Vanilla, raw",16.04,0.0,0.0,False,False,False
Syrian Arab Republic,2015,"Vanilla, raw",6.19,1.35,0.0,False,True,False
Syrian Arab Republic,2016,"Vanilla, raw",6.08,0.2,0.0,False,False,False
Syrian Arab Republic,2017,"Vanilla, raw",19.44,0.02,0.0,False,False,False
Syrian Arab Republic,2018,"Vanilla, raw",87.8,0.05,0.0,False,False,False
Syrian Arab Republic,2019,"Vanilla, raw",170.44,0.6,0.0,False,False,False
Syrian Arab Republic,2020,"Vanilla, raw",276.72,29.26,0.0,False,False,False
Syrian Arab Republic,2021,"Vanilla, raw",274.6,73.61,0.0,False,True,False
Syrian Arab Republic,2022,"Vanilla, raw",279.11,17.97,0.0,False,False,False
Syrian Arab Republic,2023,"Vanilla, raw",560.31,7.68,0.0,True,False,False
Tajikistan,2014,"Vanilla, raw",22.32,0.0,0.0,True,False,False
Tajikistan,2015,"Vanilla, raw",3.0,0.0,0.0,False,False,False
Tajikistan,2016,"Vanilla, raw",1.68,0.0,0.0,False,False,False
Tajikistan,2017,"Vanilla, raw",0.99,0.0,0.0,False,False,False
Tajikistan,2018,"Vanilla, raw",0.14,0.0,0.0,False,False,False
Tajikistan,2019,"Vanilla, raw",0.01,0.0,0.0,False,False,False
Tajikistan,2021,"Vanilla, raw",0.0,0.0,0.0,False,False,False
Tajikistan,2022,"Vanilla, raw",0.06,0.0,0.0,False,False,False
Tajikistan,2023,"Vanilla, raw",1.47,0.0,0.0,False,False,False
Thailand,1993,"Vanilla, raw",0.0,0.0,0.0,False,False,False
Thailand,1994,"Vanilla, raw",0.0,2.0,0.0,False,True,False
Thailand,1995,"Vanilla, raw",0.0,0.0,0.0,False,False,False
Thailand,1996,"Vanilla, raw",0.0,0.0,0.0,False,False,False
Thailand,1997,"Vanilla, raw",0.0,0.0,0.0,False,False,False
Thailand,1998,"Vanilla, raw",0.0,0.0,0.0,False,False,False
Thailand,1999,"Vanilla, raw",0.0,0.0,0.0,False,False,False
Thailand,2000,"Vanilla, raw",0.0,0.0,0.0,False,False,False
Thailand,2001,"Vanilla, raw",0.0,0.0,0.0,False,False,False
Thailand,2002,"Vanilla, raw",0.0,0.0,0.0,False,False,False
Thailand,2003,"Vanilla, raw",0.0,0.0,0.0,False,False,False
Thailand,2004,"Vanilla, raw",0.0,0.0,0.0,False,False,False
Thailand,2005,"Vanilla, raw",0.0,0.0,0.0,False,False,False
Thailand,2006,"Vanilla, raw",0.0,2.0,0.0,False,False,False
Thailand,2007,"Vanilla, raw",0.0,3.0,0.0,False,False,False
Thailand,2008,"Vanilla, raw",0.0,1.0,0.0,False,False,False
Thailand,2009,"Vanilla, raw",1.0,0.0,0.0,False,False,False
Thailand,2010,"Vanilla, raw",0.0,0.0,0.0,False,False,False
Thailand,2011,"Vanilla, raw",1.0,11.0,0.0,False,False,False
Thailand,2012,"Vanilla, raw",1.0,16.0,0.0,False,False,False
Thailand,2013,"Vanilla, raw",1.0,12.0,0.0,False,False,False
Thailand,2014,"Vanilla, raw",1.16,12.95,0.0,False,False,False
Thailand,2015,"Vanilla, raw",1.2,14.38,0.0,False,False,False
Thailand,2016,"Vanilla, raw",0.84,13.48,0.0,False,False,False
Thailand,2017,"Vanilla, raw",0.56,11.93,0.0,False,False,False
Thailand,2018,"Vanilla, raw",0.88,391.49,0.0,False,False,False
Thailand,2019,"Vanilla, raw",1.13,312.06,0.0,False,False,False
Thailand,2020,"Vanilla, raw",0.31,151.2,0.0,False,False,False
Thailand,2021,"Vanilla, raw",0.38,144.4,0.0,False,False,False
Thailand,2022,"Vanilla, raw",3.5,167.74,0.0,True,False,False
Thailand,2023,"Vanilla, raw",0.68,109.96,0.0,False,False,False
Timor-Leste,2016,"Vanilla, raw",0.01,0.0,0.0,False,False,False
Timor-Leste,2017,"Vanilla, raw",1.96,0.23,0.0,False,False,False
Timor-Leste,2018,"Vanilla, raw",0.07,1.21,0.0,False,False,False
Timor-Leste,2019,"Vanilla, raw",1.28,1.69,0.0,False,False,False
Timor-Leste,2020,"Vanilla, raw",0.82,2.0,0.0,False,False,False
Timor-Leste,2021,"Vanilla, raw",5.31,2.63,0.0,True,False,False
Timor-Leste,2022,"Vanilla, raw",2.57,3.98,0.0,False,False,False
Timor-Leste,2023,"Vanilla, raw",0.07,7.55,0.0,False,False,False
Tonga,2002,"Vanilla, raw",4.0,16.0,130.25,False,False,False
Tonga,2003,"Vanilla, raw",1.0,22.0,132.58,False,False,False
Tonga,2004,"Vanilla, raw",2.0,7.0,144.51,False,False,False
Tonga,2005,"Vanilla, raw",1.0,5.0,147.61,False,False,False
Tonga,2006,"Vanilla, raw",1.0,0.0,140.0,False,False,False
Tonga,2007,"Vanilla, raw",2.0,10.0,150.0,False,False,False
Tonga,2008,"Vanilla, raw",0.0,4.0,160.34,False,False,False
Tonga,2009,"Vanilla, raw",0.0,8.0,164.99,False,False,False
Tonga,2010,"Vanilla, raw",0.0,6.0,178.46,False,False,False
Tonga,2011,"Vanilla, raw",0.0,2.0,200.0,False,False,False
Tonga,2012,"Vanilla, raw",1.0,1.0,210.0,False,False,False
Tonga,2013,"Vanilla, raw",1.0,4.0,190.0,False,False,False
Tonga,2014,"Vanilla, raw",1.67,2.33,183.32,False,False,False
Tonga,2016,"Vanilla, raw",0.01,5.26,183.98,False,False,False
Tonga,2017,"Vanilla, raw",0.2,9.27,185.45,False,False,False
Tonga,2018,"Vanilla, raw",0.38,5.52,191.5,False,False,False
Tonga,2023,"Vanilla, raw",0.04,0.59,196.03,False,False,False
Trinidad and Tobago,1995,"Vanilla, raw",0.0,0.0,0.0,False,False,False
Trinidad and Tobago,1996,"Vanilla, raw",0.0,0.0,0.0,False,False,False
Trinidad and Tobago,1997,"Vanilla, raw",0.0,0.0,0.0,False,False,False
Trinidad and Tobago,1998,"Vanilla, raw",0.0,0.0,0.0,False,False,False
Trinidad and Tobago,1999,"Vanilla, raw",0.0,0.0,0.0,False,False,False
Trinidad and Tobago,2000,"Vanilla, raw",0.63,0.01,0.0,False,False,False
Trinidad and Tobago,2001,"Vanilla, raw",1.0,0.01,0.0,True,False,False
Trinidad and Tobago,2002,"Vanilla, raw",0.0,0.0,0.0,False,False,False
Trinidad and Tobago,2003,"Vanilla, raw",0.0,1.0,0.0,False,False,False
Trinidad and Tobago,2004,"Vanilla, raw",0.0,1.0,0.0,False,False,False
Trinidad and Tobago,2005,"Vanilla, raw",0.0,0.0,0.0,False,False,False
Trinidad and Tobago,2006,"Vanilla, raw",0.0,0.0,0.0,False,False,False
Trinidad and Tobago,2007,"Vanilla, raw",1.0,0.0,0.0,False,False,False
Trinidad and Tobago,2008,"Vanilla, raw",1.0,0.0,0.0,False,False,False
Trinidad and Tobago,2009,"Vanilla, raw",0.0,0.0,0.0,False,False,False
Trinidad and Tobago,2010,"Vanilla, raw",1.0,0.0,0.0,False,False,False
Trinidad and Tobago,2011,"Vanilla, raw",1.0,0.0,0.0,False,False,False
Trinidad and Tobago,2012,"Vanilla, raw",1.0,0.0,0.0,False,False,False
Trinidad and Tobago,2013,"Vanilla, raw",1.0,0.0,0.0,False,False,False
Trinidad and Tobago,2014,"Vanilla, raw",0.08,0.0,0.0,True,False,False
Trinidad and Tobago,2015,"Vanilla, raw",1.63,0.01,0.0,False,False,False
Trinidad and Tobago,2016,"Vanilla, raw",0.88,0.0,0.0,False,False,False
Trinidad and Tobago,2017,"Vanilla, raw",1.0,0.0,0.0,False,False,False
Trinidad and Tobago,2018,"Vanilla, raw",0.12,0.02,0.0,False,False,False
Trinidad and Tobago,2019,"Vanilla, raw",0.33,0.01,0.0,False,False,False
Trinidad and Tobago,2020,"Vanilla, raw",0.36,0.01,0.0,False,False,False
Trinidad and Tobago,2021,"Vanilla, raw",0.59,0.04,0.0,False,False,False
Trinidad and Tobago,2022,"Vanilla, raw",1.42,0.0,0.0,False,False,False
Trinidad and Tobago,2023,"Vanilla, raw",1.7,0.44,0.0,False,True,False
Tunisia,1993,"Vanilla, raw",5.0,2.0,0.0,False,False,False
Tunisia,1994,"Vanilla, raw",0.0,0.0,0.0,False,False,False
Tunisia,1996,"Vanilla, raw",2.0,0.0,0.0,False,False,False
Tunisia,1997,"Vanilla, raw",0.0,0.0,0.0,False,False,False
Tunisia,1998,"Vanilla, raw",0.0,0.0,0.0,False,False,False
Tunisia,1999,"Vanilla, raw",0.0,0.0,0.0,False,False,False
Tunisia,2000,"Vanilla, raw",1.0,0.0,0.0,False,False,False
Tunisia,2001,"Vanilla, raw",2.0,0.0,0.0,True,False,False
Tunisia,2002,"Vanilla, raw",0.0,0.0,0.0,False,False,False
Tunisia,2003,"Vanilla, raw",0.0,0.0,0.0,False,False,False
Tunisia,2004,"Vanilla, raw",0.0,3.0,0.0,False,True,False
Tunisia,2005,"Vanilla, raw",0.0,0.0,0.0,False,False,False
Tunisia,2006,"Vanilla, raw",0.0,0.0,0.0,False,False,False
Tunisia,2007,"Vanilla, raw",0.0,0.0,0.0,False,False,False
Tunisia,2008,"Vanilla, raw",0.0,0.0,0.0,False,False,False
Tunisia,2009,"Vanilla, raw",12.0,0.0,0.0,True,False,False
Tunisia,2010,"Vanilla, raw",3.0,0.0,0.0,False,False,False
Tunisia,2011,"Vanilla, raw",0.0,0.0,0.0,False,False,False
Tunisia,2012,"Vanilla, raw",1.0,0.0,0.0,False,False,False
Tunisia,2013,"Vanilla, raw",1.0,0.0,0.0,False,False,False
Tunisia,2014,"Vanilla, raw",0.07,0.0,0.0,False,False,False
Tunisia,2015,"Vanilla, raw",0.01,0.0,0.0,False,False,False
Tunisia,2016,"Vanilla, raw",0.02,0.0,0.0,False,False,False
Tunisia,2017,"Vanilla, raw",0.03,0.0,0.0,False,False,False
Tunisia,2018,"Vanilla, raw",0.36,0.0,0.0,False,False,False
Tunisia,2019,"Vanilla, raw",0.44,0.0,0.0,False,False,False
Tunisia,2020,"Vanilla, raw",0.01,0.5,0.0,False,True,False
Tunisia,2021,"Vanilla, raw",0.1,0.21,0.0,False,False,False
Tunisia,2022,"Vanilla, raw",0.07,0.0,0.0,False,False,False
Tunisia,2023,"Vanilla, raw",4.74,0.01,0.0,True,False,False
Türkiye,1993,"Vanilla, raw",5.0,3.0,0.0,False,False,False
Türkiye,1994,"Vanilla, raw",1.0,43.0,45.0,False,False,False
Türkiye,1995,"Vanilla, raw",0.0,56.0,60.0,False,False,False
Türkiye,1996,"Vanilla, raw",5.0,27.0,25.0,False,False,False
Türkiye,1997,"Vanilla, raw",4.0,34.0,35.0,False,False,False
Türkiye,1998,"Vanilla, raw",0.0,97.0,100.0,False,False,False
Türkiye,1999,"Vanilla, raw",15.0,59.0,50.0,True,False,False
Türkiye,2000,"Vanilla, raw",0.0,93.72,100.0,False,False,False
Türkiye,2001,"Vanilla, raw",3.0,165.0,170.0,False,False,False
Türkiye,2002,"Vanilla, raw",0.0,150.0,126.83,False,False,False
Türkiye,2003,"Vanilla, raw",0.0,135.0,130.38,False,False,False
Türkiye,2004,"Vanilla, raw",0.0,60.0,100.0,False,False,False
Türkiye,2005,"Vanilla, raw",1.0,70.0,151.38,False,False,False
Türkiye,2006,"Vanilla, raw",1.0,84.0,170.0,False,False,False
Türkiye,2007,"Vanilla, raw",1.0,139.0,188.89,False,False,False
Türkiye,2008,"Vanilla, raw",1.0,91.0,204.49,False,False,False
Türkiye,2009,"Vanilla, raw",1.0,147.0,220.37,False,False,False
Türkiye,2010,"Vanilla, raw",1.0,212.0,235.97,False,False,False
Türkiye,2011,"Vanilla, raw",3.0,193.0,251.31,False,False,False
Türkiye,2012,"Vanilla, raw",4.0,224.0,290.0,False,False,False
Türkiye,2013,"Vanilla, raw",3.0,276.0,279.87,False,False,False
Türkiye,2014,"Vanilla, raw",3.55,217.29,286.67,False,False,False
Türkiye,2015,"Vanilla, raw",3.85,99.52,300.39,False,False,False
Türkiye,2016,"Vanilla, raw",2.22,106.97,311.85,False,False,False
Türkiye,2017,"Vanilla, raw",1.35,74.61,323.41,False,False,False
Türkiye,2018,"Vanilla, raw",0.4,123.94,335.58,False,False,False
Türkiye,2019,"Vanilla, raw",8.93,288.43,346.04,False,False,False
Türkiye,2020,"Vanilla, raw",2.34,345.69,359.12,False,False,False
Türkiye,2021,"Vanilla, raw",4.76,358.4,372.89,False,False,False
Türkiye,2022,"Vanilla, raw",19.39,386.99,383.12,False,False,False
Türkiye,2023,"Vanilla, raw",10.7,602.21,396.65,False,True,False
Turkmenistan,1996,"Vanilla, raw",1.0,0.0,0.0,False,False,False
Turkmenistan,2014,"Vanilla, raw",6.79,0.0,0.0,False,False,False
Turkmenistan,2015,"Vanilla, raw",0.82,0.0,0.0,False,False,False
Turkmenistan,2016,"Vanilla, raw",0.35,0.0,0.0,False,False,False
Turkmenistan,2017,"Vanilla, raw",7.66,0.0,0.0,False,False,False
Turkmenistan,2018,"Vanilla, raw",6.93,0.0,0.0,False,False,False
Turkmenistan,2019,"Vanilla, raw",4.51,0.0,0.0,False,False,False
Turkmenistan,2020,"Vanilla, raw",2.24,0.0,0.0,False,False,False
Turkmenistan,2021,"Vanilla, raw",0.69,0.0,0.0,False,False,False
Turkmenistan,2022,"Vanilla, raw",0.57,0.0,0.0,False,False,False
Turkmenistan,2023,"Vanilla, raw",0.43,0.0,0.0,False,False,False
Tuvalu,2005,"Vanilla, raw",0.0,0.0,0.0,False,False,False
Tuvalu,2006,"Vanilla, raw",0.0,0.0,0.0,False,False,False
Tuvalu,2007,"Vanilla, raw",0.0,0.0,0.0,False,False,False
Tuvalu,2008,"Vanilla, raw",0.0,0.0,0.0,False,False,False
Tuvalu,2009,"Vanilla, raw",0.0,0.0,0.0,False,False,False
Tuvalu,2010,"Vanilla, raw",0.0,0.0,0.0,False,False,False
Tuvalu,2011,"Vanilla, raw",0.0,0.0,0.0,False,False,False
Tuvalu,2012,"Vanilla, raw",0.0,0.0,0.0,False,False,False
Tuvalu,2013,"Vanilla, raw",0.0,0.0,0.0,False,False,False
Tuvalu,2014,"Vanilla, raw",0.01,0.0,0.0,True,False,False
Uganda,1994,"Vanilla, raw",0.34,13.49,20.0,False,False,False
Uganda,1995,"Vanilla, raw",1.11,0.18,15.0,False,False,False
Uganda,1996,"Vanilla, raw",1.75,14.87,25.0,True,False,False
Uganda,1997,"Vanilla, raw",0.6,0.0,30.0,False,False,False
Uganda,1998,"Vanilla, raw",1.0,43.0,60.0,False,False,False
Uganda,1999,"Vanilla, raw",1.0,5.0,40.0,False,False,False
Uganda,2000,"Vanilla, raw",1.02,13.36,44.54,False,False,False
Uganda,2001,"Vanilla, raw",0.0,46.0,50.0,False,False,False
Uganda,2002,"Vanilla, raw",1.0,63.0,70.0,False,False,False
Uganda,2003,"Vanilla, raw",4.0,10.0,100.0,False,False,False
Uganda,2004,"Vanilla, raw",5.0,64.0,170.0,False,False,False
Uganda,2005,"Vanilla, raw",0.0,234.0,250.0,False,False,False
Uganda,2006,"Vanilla, raw",6.0,195.0,280.0,False,False,False
Uganda,2007,"Vanilla, raw",3.0,422.0,450.0,False,True,True
Uganda,2008,"Vanilla, raw",6.0,192.0,300.0,False,False,False
Uganda,2009,"Vanilla, raw",16.0,254.0,250.0,True,False,False
Uganda,2010,"Vanilla, raw",0.0,230.0,250.0,False,False,False
Uganda,2011,"Vanilla, raw",3.0,135.0,180.0,False,False,False
Uganda,2012,"Vanilla, raw",4.0,99.0,170.0,False,False,False
Uganda,2013,"Vanilla, raw",4.0,73.0,172.46,False,False,False
Uganda,2014,"Vanilla, raw",3.72,44.65,186.09,False,False,False
Uganda,2015,"Vanilla, raw",4.72,47.44,188.02,False,False,False
Uganda,2016,"Vanilla, raw",3.9,27.72,181.6,False,False,False
Uganda,2017,"Vanilla, raw",188.23,33.95,177.02,True,False,False
Uganda,2018,"Vanilla, raw",15.92,21.68,180.68,False,False,False
Uganda,2019,"Vanilla, raw",4.69,29.98,186.67,False,False,False
Uganda,2020,"Vanilla, raw",1.14,14.82,181.46,False,False,False
Uganda,2021,"Vanilla, raw",0.21,72.93,185.06,False,False,False
Uganda,2022,"Vanilla, raw",9.6,366.94,184.78,False,False,False
Uganda,2023,"Vanilla, raw",5.39,375.87,184.5,False,False,False
Ukraine,1994,"Vanilla, raw",12.0,3.0,0.0,False,True,False
Ukraine,1995,"Vanilla, raw",8.0,0.0,0.0,False,False,False
Ukraine,1996,"Vanilla, raw",9.0,0.0,0.0,False,False,False
Ukraine,1997,"Vanilla, raw",5.0,0.0,0.0,False,False,False
Ukraine,1998,"Vanilla, raw",54.0,0.0,0.0,True,False,False
Ukraine,2001,"Vanilla, raw",3.0,0.0,0.0,False,False,False
Ukraine,2002,"Vanilla, raw",0.0,0.0,0.0,False,False,False
Ukraine,2003,"Vanilla, raw",0.0,0.0,0.0,False,False,False
Ukraine,2004,"Vanilla, raw",0.0,0.0,0.0,False,False,False
Ukraine,2005,"Vanilla, raw",0.0,0.0,0.0,False,False,False
Ukraine,2006,"Vanilla, raw",0.0,0.0,0.0,False,False,False
Ukraine,2007,"Vanilla, raw",0.0,0.0,0.0,False,False,False
Ukraine,2008,"Vanilla, raw",0.0,0.0,0.0,False,False,False
Ukraine,2009,"Vanilla, raw",1.0,0.0,0.0,False,False,False
Ukraine,2010,"Vanilla, raw",0.0,0.0,0.0,False,False,False
Ukraine,2011,"Vanilla, raw",0.0,0.0,0.0,False,False,False
Ukraine,2012,"Vanilla, raw",1.0,0.0,0.0,False,False,False
Ukraine,2013,"Vanilla, raw",1.0,0.0,0.0,False,False,False
Ukraine,2014,"Vanilla, raw",0.54,0.0,0.0,False,False,False
Ukraine,2015,"Vanilla, raw",0.53,0.02,0.0,False,False,False
Ukraine,2016,"Vanilla, raw",0.41,0.0,0.0,False,False,False
Ukraine,2017,"Vanilla, raw",0.42,0.02,0.0,False,False,False
Ukraine,2018,"Vanilla, raw",0.61,0.0,0.0,False,False,False
Ukraine,2019,"Vanilla, raw",0.2,0.0,0.0,False,False,False
Ukraine,2020,"Vanilla, raw",0.22,0.12,0.0,False,True,False
Ukraine,2021,"Vanilla, raw",0.18,0.0,0.0,False,False,False
Ukraine,2022,"Vanilla, raw",0.13,0.0,0.0,False,False,False
Ukraine,2023,"Vanilla, raw",0.13,0.0,0.0,False,False,False
United Arab Emirates,1993,"Vanilla, raw",0.0,0.0,0.0,False,False,False
United Arab Emirates,1994,"Vanilla, raw",0.0,0.0,0.0,False,False,False
United Arab Emirates,1995,"Vanilla, raw",0.0,0.0,0.0,False,False,False
United Arab Emirates,1996,"Vanilla, raw",0.0,0.0,0.0,False,False,False
United Arab Emirates,1997,"Vanilla, raw",0.0,0.0,0.0,False,False,False
United Arab Emirates,1998,"Vanilla, raw",0.0,0.0,0.0,False,False,False
United Arab Emirates,1999,"Vanilla, raw",0.0,0.0,0.0,False,False,False
United Arab Emirates,2000,"Vanilla, raw",0.0,0.0,0.0,False,False,False
United Arab Emirates,2001,"Vanilla, raw",0.0,0.0,0.0,False,False,False
United Arab Emirates,2002,"Vanilla, raw",28.0,1.0,0.0,False,False,False
United Arab Emirates,2003,"Vanilla, raw",51.0,8.0,0.0,True,False,False
United Arab Emirates,2004,"Vanilla, raw",11.0,6.0,0.0,False,False,False
United Arab Emirates,2005,"Vanilla, raw",12.0,53.0,0.0,False,False,False
United Arab Emirates,2006,"Vanilla, raw",10.0,4.0,0.0,False,False,False
United Arab Emirates,2007,"Vanilla, raw",32.0,40.0,0.0,False,False,False
United Arab Emirates,2008,"Vanilla, raw",20.0,13.0,0.0,False,False,False
United Arab Emirates,2009,"Vanilla, raw",12.0,8.0,0.0,False,False,False
United Arab Emirates,2010,"Vanilla, raw",27.0,13.0,0.0,False,False,False
United Arab Emirates,2011,"Vanilla, raw",10.0,1.0,0.0,False,False,False
United Arab Emirates,2012,"Vanilla, raw",10.0,2.0,0.0,False,False,False
United Arab Emirates,2013,"Vanilla, raw",14.0,5.0,0.0,False,False,False
United Arab Emirates,2014,"Vanilla, raw",11.49,7.39,0.0,False,False,False
United Arab Emirates,2015,"Vanilla, raw",28.64,5.12,0.0,False,False,False
United Arab Emirates,2016,"Vanilla, raw",11.42,1.15,0.0,False,False,False
United Arab Emirates,2017,"Vanilla, raw",15.38,39.84,0.0,False,False,False
United Arab Emirates,2018,"Vanilla, raw",38.19,57.42,0.0,False,False,False
United Arab Emirates,2019,"Vanilla, raw",60.18,199.08,0.0,False,False,False
United Arab Emirates,2020,"Vanilla, raw",28.92,373.43,0.0,False,False,False
United Arab Emirates,2021,"Vanilla, raw",95.09,204.49,0.0,False,False,False
United Arab Emirates,2022,"Vanilla, raw",180.03,89.94,0.0,False,False,False
United Arab Emirates,2023,"Vanilla, raw",229.95,72.51,0.0,False,False,False
United Kingdom of Great Britain and Northern Ireland,1993,"Vanilla, raw",23.0,31.0,0.0,False,False,False
United Kingdom of Great Britain and Northern Ireland,1994,"Vanilla, raw",49.0,11.0,0.0,False,False,False
United Kingdom of Great Britain and Northern Ireland,1995,"Vanilla, raw",62.0,11.0,0.0,False,False,False
United Kingdom of Great Britain and Northern Ireland,1996,"Vanilla, raw",79.0,37.0,0.0,False,False,False
United Kingdom of Great Britain and Northern Ireland,1997,"Vanilla, raw",174.0,107.0,0.0,False,False,False
United Kingdom of Great Britain and Northern Ireland,1998,"Vanilla, raw",283.0,134.0,0.0,False,False,False
United Kingdom of Great Britain and Northern Ireland,1999,"Vanilla, raw",441.0,163.0,0.0,False,False,False
United Kingdom of Great Britain and Northern Ireland,2000,"Vanilla, raw",298.0,193.0,0.0,False,False,False
United Kingdom of Great Britain and Northern Ireland,2001,"Vanilla, raw",365.0,652.0,0.0,False,True,False
United Kingdom of Great Britain and Northern Ireland,2002,"Vanilla, raw",218.0,89.0,0.0,False,False,False
United Kingdom of Great Britain and Northern Ireland,2003,"Vanilla, raw",324.0,98.0,0.0,False,False,False
United Kingdom of Great Britain and Northern Ireland,2004,"Vanilla, raw",114.0,7.0,0.0,False,False,False
United Kingdom of Great Britain and Northern Ireland,2005,"Vanilla, raw",77.0,22.0,0.0,False,False,False
United Kingdom of Great Britain and Northern Ireland,2006,"Vanilla, raw",174.0,19.0,0.0,False,False,False
United Kingdom of Great Britain and Northern Ireland,2007,"Vanilla, raw",135.0,11.0,0.0,False,False,False
United Kingdom of Great Britain and Northern Ireland,2008,"Vanilla, raw",138.0,26.0,0.0,False,False,False
United Kingdom of Great Britain and Northern Ireland,2009,"Vanilla, raw",323.0,10.0,0.0,False,False,False
United Kingdom of Great Britain and Northern Ireland,2010,"Vanilla, raw",489.0,77.0,0.0,False,False,False
United Kingdom of Great Britain and Northern Ireland,2011,"Vanilla, raw",652.0,115.0,0.0,False,True,False
United Kingdom of Great Britain and Northern Ireland,2012,"Vanilla, raw",636.0,26.0,0.0,False,False,False
United Kingdom of Great Britain and Northern Ireland,2013,"Vanilla, raw",375.0,37.0,0.0,False,False,False
United Kingdom of Great Britain and Northern Ireland,2014,"Vanilla, raw",266.51,19.86,0.0,False,False,False
United Kingdom of Great Britain and Northern Ireland,2015,"Vanilla, raw",296.24,29.74,0.0,False,False,False
United Kingdom of Great Britain and Northern Ireland,2016,"Vanilla, raw",241.34,29.69,0.0,False,False,False
United Kingdom of Great Britain and Northern Ireland,2017,"Vanilla, raw",307.01,34.23,0.0,False,False,False
United Kingdom of Great Britain and Northern Ireland,2018,"Vanilla, raw",238.71,42.78,0.0,False,False,False
United Kingdom of Great Britain and Northern Ireland,2019,"Vanilla, raw",893.66,37.31,0.0,True,False,False
United Kingdom of Great Britain and Northern Ireland,2020,"Vanilla, raw",174.17,31.2,0.0,False,False,False
United Kingdom of Great Britain and Northern Ireland,2021,"Vanilla, raw",68.69,21.85,0.0,False,False,False
United Kingdom of Great Britain and Northern Ireland,2022,"Vanilla, raw",315.42,35.14,0.0,False,False,False
United Kingdom of Great Britain and Northern Ireland,2023,"Vanilla, raw",96.52,75.75,0.0,False,True,False
United Republic of Tanzania,1995,"Vanilla, raw",3.0,0.0,0.0,False,False,False
United Republic of Tanzania,1996,"Vanilla, raw",1.0,0.0,0.0,False,False,False
United Republic of Tanzania,1997,"Vanilla, raw",1.0,0.0,0.0,False,False,False
United Republic of Tanzania,1998,"Vanilla, raw",3.0,0.0,0.0,False,False,False
United Republic of Tanzania,1999,"Vanilla, raw",8.0,4.0,0.0,False,False,False
United Republic of Tanzania,2000,"Vanilla, raw",8.0,7.0,0.0,False,True,False
United Republic of Tanzania,2001,"Vanilla, raw",3.0,0.0,0.0,False,False,False
United Republic of Tanzania,2002,"Vanilla, raw",1.0,0.0,0.0,False,False,False
United Republic of Tanzania,2003,"Vanilla, raw",0.0,0.0,0.0,False,False,False
United Republic of Tanzania,2004,"Vanilla, raw",6.0,0.0,0.0,False,False,False
United Republic of Tanzania,2005,"Vanilla, raw",5.0,3.0,0.0,False,False,False
United Republic of Tanzania,2006,"Vanilla, raw",3.0,0.0,0.0,False,False,False
United Republic of Tanzania,2007,"Vanilla, raw",9.0,0.0,0.0,False,False,False
United Republic of Tanzania,2008,"Vanilla, raw",46.0,13.0,0.0,True,False,False
United Republic of Tanzania,2009,"Vanilla, raw",25.0,9.0,0.0,False,False,False
United Republic of Tanzania,2010,"Vanilla, raw",9.0,15.0,0.0,False,False,False
United Republic of Tanzania,2011,"Vanilla, raw",4.0,0.0,0.0,False,False,False
United Republic of Tanzania,2012,"Vanilla, raw",8.0,0.0,0.0,False,False,False
United Republic of Tanzania,2013,"Vanilla, raw",3.0,0.0,0.0,False,False,False
United Republic of Tanzania,2014,"Vanilla, raw",8.7,0.02,0.0,False,False,False
United Republic of Tanzania,2015,"Vanilla, raw",3.22,1.06,0.0,False,False,False
United Republic of Tanzania,2016,"Vanilla, raw",17.95,1.9,0.0,True,False,False
United Republic of Tanzania,2017,"Vanilla, raw",2.79,3.8,0.0,False,False,False
United Republic of Tanzania,2018,"Vanilla, raw",1.16,0.11,0.0,False,False,False
United Republic of Tanzania,2019,"Vanilla, raw",2.53,0.92,0.0,False,False,False
United Republic of Tanzania,2020,"Vanilla, raw",2.53,3.45,0.0,False,False,False
United Republic of Tanzania,2021,"Vanilla, raw",44.36,12.34,0.0,True,False,False
United Republic of Tanzania,2022,"Vanilla, raw",9.3,4.19,0.0,False,False,False
United Republic of Tanzania,2023,"Vanilla, raw",15.28,15.9,0.0,False,False,False
United States of America,1993,"Vanilla, raw",1332.0,66.0,0.0,False,False,False
United States of America,1994,"Vanilla, raw",1245.0,100.0,0.0,False,False,False
United States of America,1995,"Vanilla, raw",1481.0,124.0,0.0,False,False,False
United States of America,1996,"Vanilla, raw",1524.0,110.0,0.0,False,False,False
United States of America,1997,"Vanilla, raw",2198.0,111.0,0.0,False,False,False
United States of America,1998,"Vanilla, raw",1941.0,237.0,0.0,False,False,False
United States of America,1999,"Vanilla, raw",1361.0,195.0,0.0,False,False,False
United States of America,2000,"Vanilla, raw",1304.71,789.49,0.0,False,True,False
United States of America,2001,"Vanilla, raw",1470.0,502.0,0.0,False,False,False
United States of America,2002,"Vanilla, raw",1117.0,164.0,0.0,False,False,False
United States of America,2003,"Vanilla, raw",1509.0,211.0,0.0,False,False,False
United States of America,2004,"Vanilla, raw",672.0,504.0,0.0,True,False,False
United States of America,2005,"Vanilla, raw",1506.0,167.0,0.0,False,False,False
United States of America,2006,"Vanilla, raw",1554.0,139.0,0.0,False,False,False
United States of America,2007,"Vanilla, raw",2260.0,132.0,0.0,False,False,False
United States of America,2008,"Vanilla, raw",1998.0,178.0,0.0,False,False,False
United States of America,2009,"Vanilla, raw",1786.0,157.0,0.0,False,False,False
United States of America,2010,"Vanilla, raw",1781.0,121.0,0.0,False,False,False
United States of America,2011,"Vanilla, raw",1552.0,172.0,0.0,False,False,False
United States of America,2012,"Vanilla, raw",2039.0,163.0,0.0,False,False,False
United States of America,2013,"Vanilla, raw",1806.0,225.0,0.0,False,False,False
United States of America,2014,"Vanilla, raw",1708.84,360.24,0.0,False,False,False
United States of America,2015,"Vanilla, raw",2191.24,167.73,0.0,False,False,False
United States of America,2016,"Vanilla, raw",1608.86,337.97,0.0,False,False,False
United States of America,2017,"Vanilla, raw",1521.0,454.92,0.0,False,False,False
United States of America,2018,"Vanilla, raw",1421.0,668.21,0.0,False,False,False
United States of America,2019,"Vanilla, raw",1393.02,578.41,0.0,False,False,False
United States of America,2020,"Vanilla, raw",1483.52,543.12,0.0,False,False,False
United States of America,2021,"Vanilla, raw",1806.8,363.71,0.0,False,False,False
United States of America,2022,"Vanilla, raw",1987.36,334.1,0.0,False,False,False
United States of America,2023,"Vanilla, raw",1283.43,333.71,0.0,False,False,False
Uruguay,1993,"Vanilla, raw",0.0,0.0,0.0,False,False,False
Uruguay,1994,"Vanilla, raw",1.0,0.0,0.0,True,False,False
Uruguay,1995,"Vanilla, raw",0.0,0.0,0.0,False,False,False
Uruguay,1996,"Vanilla, raw",0.0,0.0,0.0,False,False,False
Uruguay,1997,"Vanilla, raw",0.0,0.0,0.0,False,False,False
Uruguay,1998,"Vanilla, raw",0.0,0.0,0.0,False,False,False
Uruguay,1999,"Vanilla, raw",0.0,0.0,0.0,False,False,False
Uruguay,2000,"Vanilla, raw",0.0,0.0,0.0,False,False,False
Uruguay,2001,"Vanilla, raw",0.0,0.0,0.0,False,False,False
Uruguay,2002,"Vanilla, raw",1.0,0.0,0.0,False,False,False
Uruguay,2003,"Vanilla, raw",0.0,0.0,0.0,False,False,False
Uruguay,2004,"Vanilla, raw",0.0,0.0,0.0,False,False,False
Uruguay,2005,"Vanilla, raw",1.0,0.0,0.0,False,False,False
Uruguay,2006,"Vanilla, raw",0.0,0.0,0.0,False,False,False
Uruguay,2007,"Vanilla, raw",1.0,0.0,0.0,False,False,False
Uruguay,2008,"Vanilla, raw",0.0,0.0,0.0,False,False,False
Uruguay,2009,"Vanilla, raw",0.0,0.0,0.0,False,False,False
Uruguay,2010,"Vanilla, raw",0.0,0.0,0.0,False,False,False
Uruguay,2011,"Vanilla, raw",0.0,0.0,0.0,False,False,False
Uruguay,2012,"Vanilla, raw",0.0,0.0,0.0,False,False,False
Uruguay,2013,"Vanilla, raw",0.0,0.0,0.0,False,False,False
Uruguay,2014,"Vanilla, raw",0.1,0.0,0.0,False,False,False
Uruguay,2015,"Vanilla, raw",0.04,0.0,0.0,False,False,False
Uruguay,2016,"Vanilla, raw",0.06,0.0,0.0,False,False,False
Uruguay,2017,"Vanilla, raw",0.05,0.28,0.0,False,False,False
Uruguay,2018,"Vanilla, raw",0.11,0.35,0.0,False,False,False
Uruguay,2019,"Vanilla, raw",0.12,0.0,0.0,False,False,False
Uruguay,2020,"Vanilla, raw",0.09,0.0,0.0,False,False,False
Uruguay,2021,"Vanilla, raw",0.06,0.0,0.0,False,False,False
Uruguay,2022,"Vanilla, raw",0.03,0.0,0.0,False,False,False
Uruguay,2023,"Vanilla, raw",0.05,0.0,0.0,False,False,False
Uzbekistan,2014,"Vanilla, raw",7.91,0.0,0.0,False,False,False
Uzbekistan,2015,"Vanilla, raw",0.23,0.0,0.0,False,False,False
Uzbekistan,2016,"Vanilla, raw",2.34,0.0,0.0,False,False,False
Uzbekistan,2017,"Vanilla, raw",0.0,0.0,0.0,False,False,False
Uzbekistan,2018,"Vanilla, raw",0.01,0.0,0.0,False,False,False
Uzbekistan,2020,"Vanilla, raw",0.0,0.0,0.0,False,False,False
Uzbekistan,2022,"Vanilla, raw",0.01,0.0,0.0,False,False,False
Uzbekistan,2023,"Vanilla, raw",0.09,0.0,0.0,False,False,False
Vanuatu,2011,"Vanilla, raw",1.0,2.0,0.0,False,True,False
Vanuatu,2012,"Vanilla, raw",0.0,1.0,0.0,False,False,False
Vanuatu,2013,"Vanilla, raw",1.0,1.0,0.0,False,False,False
Vanuatu,2014,"Vanilla, raw",0.01,0.37,0.0,False,False,False
Vanuatu,2015,"Vanilla, raw",0.04,0.27,0.0,False,False,False
Vanuatu,2016,"Vanilla, raw",0.01,0.01,0.0,False,False,False
Vanuatu,2017,"Vanilla, raw",0.01,0.0,0.0,False,False,False
Vanuatu,2018,"Vanilla, raw",0.0,0.04,0.0,True,False,False
Vanuatu,2021,"Vanilla, raw",0.01,2.4,0.0,False,False,False
Venezuela (Bolivarian Republic of),1993,"Vanilla, raw",2.0,1.0,0.0,True,False,False
Venezuela (Bolivarian Republic of),1994,"Vanilla, raw",0.0,2.0,0.0,False,False,False
Venezuela (Bolivarian Republic of),1995,"Vanilla, raw",0.0,0.0,0.0,False,False,False
Venezuela (Bolivarian Republic of),1996,"Vanilla, raw",0.0,4.0,0.0,False,True,False
Venezuela (Bolivarian Republic of),1997,"Vanilla, raw",0.0,0.0,0.0,False,False,False
Venezuela (Bolivarian Republic of),1998,"Vanilla, raw",0.0,0.0,0.0,False,False,False
Venezuela (Bolivarian Republic of),1999,"Vanilla, raw",0.0,1.0,0.0,False,False,False
Venezuela (Bolivarian Republic of),2000,"Vanilla, raw",0.0,0.0,0.0,False,False,False
Venezuela (Bolivarian Republic of),2001,"Vanilla, raw",0.0,0.0,0.0,False,False,False
Venezuela (Bolivarian Republic of),2002,"Vanilla, raw",0.0,0.0,0.0,False,False,False
Venezuela (Bolivarian Republic of),2003,"Vanilla, raw",0.0,0.0,0.0,False,False,False
Venezuela (Bolivarian Republic of),2004,"Vanilla, raw",0.0,1.0,0.0,False,True,False
Venezuela (Bolivarian Republic of),2005,"Vanilla, raw",0.0,0.0,0.0,False,False,False
Venezuela (Bolivarian Republic of),2006,"Vanilla, raw",0.0,0.0,0.0,False,False,False
Venezuela (Bolivarian Republic of),2007,"Vanilla, raw",0.0,0.0,0.0,False,False,False
Venezuela (Bolivarian Republic of),2008,"Vanilla, raw",0.0,0.0,0.0,False,False,False
Venezuela (Bolivarian Republic of),2009,"Vanilla, raw",0.0,0.0,0.0,False,False,False
Venezuela (Bolivarian Republic of),2010,"Vanilla, raw",0.0,0.0,0.0,False,False,False
Venezuela (Bolivarian Republic of),2011,"Vanilla, raw",0.0,0.0,0.0,False,False,False
Venezuela (Bolivarian Republic of),2012,"Vanilla, raw",0.0,0.0,0.0,False,False,False
Venezuela (Bolivarian Republic of),2013,"Vanilla, raw",0.0,0.0,0.0,False,False,False
Venezuela (Bolivarian Republic of),2014,"Vanilla, raw",0.0,0.14,0.0,False,True,False
Venezuela (Bolivarian Republic of),2017,"Vanilla, raw",0.21,0.0,0.0,False,False,False
Venezuela (Bolivarian Republic of),2020,"Vanilla, raw",0.0,0.0,0.0,False,False,False
Venezuela (Bolivarian Republic of),2022,"Vanilla, raw",0.06,0.0,0.0,False,False,False
Viet Nam,2014,"Vanilla, raw",4.81,1.28,0.0,False,False,False
Viet Nam,2015,"Vanilla, raw",0.42,1.33,0.0,False,False,False
Viet Nam,2016,"Vanilla, raw",3.69,7.61,0.0,False,False,False
Viet Nam,2017,"Vanilla, raw",9.03,23.66,0.0,False,True,False
Viet Nam,2018,"Vanilla, raw",0.31,11.7,0.0,False,False,False
Viet Nam,2019,"Vanilla, raw",0.16,6.42,0.0,False,False,False
Viet Nam,2020,"Vanilla, raw",0.12,0.16,0.0,False,False,False
Viet Nam,2021,"Vanilla, raw",0.07,0.15,0.0,False,False,False
Viet Nam,2022,"Vanilla, raw",4.84,28.36,0.0,True,True,False
Viet Nam,2023,"Vanilla, raw",0.28,2.16,0.0,False,False,False
Yemen,1998,"Vanilla, raw",60.0,0.0,0.0,False,False,False
Yemen,1999,"Vanilla, raw",4.0,3.0,0.0,False,True,False
Yemen,2000,"Vanilla, raw",30.0,0.0,0.0,False,False,False
Yemen,2001,"Vanilla, raw",0.0,0.0,0.0,False,False,False
Yemen,2002,"Vanilla, raw",0.0,0.0,0.0,False,False,False
Yemen,2003,"Vanilla, raw",0.0,0.0,0.0,False,False,False
Yemen,2004,"Vanilla, raw",0.0,0.0,0.0,False,False,False
Yemen,2005,"Vanilla, raw",0.0,0.0,0.0,False,False,False
Yemen,2006,"Vanilla, raw",1.0,0.0,0.0,False,False,False
Yemen,2007,"Vanilla, raw",1.0,0.0,0.0,False,False,False
Yemen,2008,"Vanilla, raw",1.0,0.0,0.0,False,False,False
Yemen,2009,"Vanilla, raw",9.0,0.0,0.0,True,False,False
Yemen,2010,"Vanilla, raw",0.0,0.0,0.0,False,False,False
Yemen,2011,"Vanilla, raw",1.0,0.0,0.0,False,False,False
Yemen,2012,"Vanilla, raw",7.0,0.0,0.0,False,False,False
Yemen,2013,"Vanilla, raw",0.0,0.0,0.0,False,False,False
Yemen,2014,"Vanilla, raw",2.44,0.0,0.0,False,False,False
Yemen,2015,"Vanilla, raw",12.54,0.0,0.0,False,False,False
Yemen,2017,"Vanilla, raw",2.7,0.0,0.0,False,False,False
Yemen,2019,"Vanilla, raw",4.5,0.0,0.0,False,False,False
Yemen,2020,"Vanilla, raw",316.17,0.0,0.0,False,False,False
Yemen,2021,"Vanilla, raw",172.11,0.0,0.0,False,False,False
Yemen,2022,"Vanilla, raw",44.76,0.0,0.0,False,False,False
Yemen,2023,"Vanilla, raw",0.52,0.0,0.0,False,False,False
Zambia,1995,"Vanilla, raw",0.0,0.0,0.0,False,False,False
Zambia,1997,"Vanilla, raw",0.0,0.0,0.0,False,False,False
Zambia,1999,"Vanilla, raw",2.0,0.0,0.0,False,False,False
Zambia,2000,"Vanilla, raw",0.0,0.0,0.0,False,False,False
Zambia,2001,"Vanilla, raw",5.0,0.0,0.0,True,False,False
Zambia,2002,"Vanilla, raw",0.0,0.0,0.0,False,False,False
Zambia,2003,"Vanilla, raw",0.0,0.0,0.0,False,False,False
Zambia,2004,"Vanilla, raw",0.0,0.0,0.0,False,False,False
Zambia,2005,"Vanilla, raw",0.0,0.0,0.0,False,False,False
Zambia,2006,"Vanilla, raw",0.0,0.0,0.0,False,False,False
Zambia,2007,"Vanilla, raw",1.0,0.0,0.0,False,False,False
Zambia,2008,"Vanilla, raw",2.0,0.0,0.0,False,False,False
Zambia,2009,"Vanilla, raw",2.0,0.0,0.0,False,False,False
Zambia,2010,"Vanilla, raw",2.0,0.0,0.0,False,False,False
Zambia,2011,"Vanilla, raw",2.0,0.0,0.0,False,False,False
Zambia,2012,"Vanilla, raw",1.0,0.0,0.0,False,False,False
Zambia,2013,"Vanilla, raw",0.0,0.0,0.0,False,False,False
Zambia,2014,"Vanilla, raw",0.9,0.0,0.0,False,False,False
Zambia,2015,"Vanilla, raw",1.02,0.0,0.0,False,False,False
Zambia,2016,"Vanilla, raw",2.03,0.0,0.0,False,False,False
Zambia,2018,"Vanilla, raw",2.5,0.0,0.0,False,False,False
Zambia,2019,"Vanilla, raw",0.01,0.0,0.0,False,False,False
Zambia,2020,"Vanilla, raw",0.03,0.0,0.0,False,False,False
Zambia,2021,"Vanilla, raw",0.06,0.0,0.0,False,False,False
Zambia,2022,"Vanilla, raw",0.2,0.0,0.0,False,False,False
Zimbabwe,1993,"Vanilla, raw",0.0,0.0,17.64,False,False,False
Zimbabwe,1994,"Vanilla, raw",1.0,0.0,17.85,False,False,False
Zimbabwe,1995,"Vanilla, raw",3.0,1.0,17.24,True,True,False
Zimbabwe,1996,"Vanilla, raw",1.0,0.0,16.79,False,False,False
Zimbabwe,1997,"Vanilla, raw",1.0,0.0,11.01,False,False,False
Zimbabwe,1998,"Vanilla, raw",1.0,0.0,11.32,False,False,False
Zimbabwe,1999,"Vanilla, raw",1.0,0.0,13.97,False,False,False
Zimbabwe,2000,"Vanilla, raw",0.93,0.03,10.0,False,True,False
Zimbabwe,2001,"Vanilla, raw",0.0,0.0,10.0,False,False,False
Zimbabwe,2002,"Vanilla, raw",0.0,0.0,10.0,False,False,False
Zimbabwe,2003,"Vanilla, raw",0.0,0.0,12.61,False,False,False
Zimbabwe,2004,"Vanilla, raw",0.0,0.0,12.49,False,False,False
Zimbabwe,2005,"Vanilla, raw",0.0,0.0,12.32,False,False,False
Zimbabwe,2006,"Vanilla, raw",0.0,0.0,12.15,False,False,False
Zimbabwe,2007,"Vanilla, raw",0.0,0.0,14.9,False,False,True
Zimbabwe,2008,"Vanilla, raw",1.0,0.0,11.83,False,False,False
Zimbabwe,2009,"Vanilla, raw",1.0,0.0,11.52,False,False,False
Zimbabwe,2010,"Vanilla, raw",5.0,0.0,11.21,True,False,False
Zimbabwe,2011,"Vanilla, raw",2.0,0.0,10.9,False,False,False
Zimbabwe,2012,"Vanilla, raw",2.0,0.0,11.0,False,False,False
Zimbabwe,2013,"Vanilla, raw",0.0,0.0,11.0,False,False,False
Zimbabwe,2014,"Vanilla, raw",0.04,0.0,10.09,False,False,False
Zimbabwe,2015,"Vanilla, raw",0.1,0.0,10.11,False,False,False
Zimbabwe,2016,"Vanilla, raw",0.01,0.0,9.73,False,False,False
Zimbabwe,2019,"Vanilla, raw",0.02,0.0,9.88,False,False,False
Zimbabwe,2023,"Vanilla, raw",0.12,0.0,9.92,False,False,False
