Area,Year,Item,Import,Export,Production
Afghanistan,1993,"Pepper (Piper spp.), raw",30.0,0.0,0.0
Afghanistan,1994,"Pepper (Piper spp.), raw",90.0,0.0,0.0
Afghanistan,1995,"Pepper (Piper spp.), raw",120.0,0.0,0.0
Afghanistan,1996,"Pepper (Piper spp.), raw",0.0,0.0,0.0
Afghanistan,1997,"Pepper (Piper spp.), raw",0.0,0.0,0.0
Afghanistan,1998,"Pepper (Piper spp.), raw",0.0,0.0,0.0
Afghanistan,1999,"Pepper (Piper spp.), raw",0.0,0.0,0.0
Afghanistan,2000,"Pepper (Piper spp.), raw",0.0,0.0,0.0
Afghanistan,2001,"Pepper (Piper spp.), raw",0.0,0.0,0.0
Afghanistan,2002,"Pepper (Piper spp.), raw",31.0,0.0,0.0
Afghanistan,2003,"Pepper (Piper spp.), raw",1.0,0.0,0.0
Afghanistan,2004,"Pepper (Piper spp.), raw",0.0,0.0,0.0
Afghanistan,2006,"Pepper (Piper spp.), raw",28.0,0.0,0.0
Afghanistan,2007,"Pepper (Piper spp.), raw",1.0,0.0,0.0
Afghanistan,2008,"Pepper (Piper spp.), raw",3.0,0.0,0.0
Afghanistan,2009,"Pepper (Piper spp.), raw",0.0,0.0,0.0
Afghanistan,2010,"Pepper (Piper spp.), raw",0.0,0.0,0.0
Afghanistan,2011,"Pepper (Piper spp.), raw",0.0,0.0,0.0
Afghanistan,2012,"Pepper (Piper spp.), raw",0.0,0.0,0.0
Afghanistan,2013,"Pepper (Piper spp.), raw",0.0,0.0,0.0
Afghanistan,2014,"Pepper (Piper spp.), raw",94.7,0.0,0.0
Afghanistan,2016,"Pepper (Piper spp.), raw",119.56,14.61,0.0
Afghanistan,2018,"Pepper (Piper spp.), raw",489.51,2.51,0.0
Afghanistan,2019,"Pepper (Piper spp.), raw",983.33,41.28,0.0
Afghanistan,2020,"Pepper (Piper spp.), raw",234.65,3.84,0.0
Afghanistan,2021,"Pepper (Piper spp.), raw",511.86,182.14,0.0
Afghanistan,2022,"Pepper (Piper spp.), raw",626.76,19.57,0.0
Albania,1996,"Pepper (Piper spp.), raw",51.0,0.0,0.0
Albania,1997,"Pepper (Piper spp.), raw",25.0,0.0,0.0
Albania,1998,"Pepper (Piper spp.), raw",6.0,0.0,0.0
Albania,1999,"Pepper (Piper spp.), raw",11.0,0.0,0.0
Albania,2000,"Pepper (Piper spp.), raw",3.0,0.0,0.0
Albania,2001,"Pepper (Piper spp.), raw",38.0,14.0,0.0
Albania,2002,"Pepper (Piper spp.), raw",31.0,0.0,0.0
Albania,2003,"Pepper (Piper spp.), raw",25.0,14.0,0.0
Albania,2004,"Pepper (Piper spp.), raw",25.0,0.0,0.0
Albania,2005,"Pepper (Piper spp.), raw",64.0,0.0,0.0
Albania,2006,"Pepper (Piper spp.), raw",75.0,0.0,0.0
Albania,2008,"Pepper (Piper spp.), raw",58.0,0.0,0.0
Albania,2009,"Pepper (Piper spp.), raw",46.0,0.0,0.0
Albania,2010,"Pepper (Piper spp.), raw",47.0,0.0,0.0
Albania,2011,"Pepper (Piper spp.), raw",20.0,0.0,0.0
Albania,2012,"Pepper (Piper spp.), raw",15.0,0.0,0.0
Albania,2013,"Pepper (Piper spp.), raw",15.0,0.0,0.0
Albania,2014,"Pepper (Piper spp.), raw",7.55,0.0,0.0
Albania,2015,"Pepper (Piper spp.), raw",15.96,0.0,0.0
Albania,2016,"Pepper (Piper spp.), raw",18.89,0.0,0.0
Albania,2017,"Pepper (Piper spp.), raw",8.27,0.0,0.0
Albania,2018,"Pepper (Piper spp.), raw",25.69,0.0,0.0
Albania,2019,"Pepper (Piper spp.), raw",18.85,0.0,0.0
Albania,2020,"Pepper (Piper spp.), raw",54.67,0.0,0.0
Albania,2021,"Pepper (Piper spp.), raw",20.95,0.0,0.0
Albania,2022,"Pepper (Piper spp.), raw",80.83,0.07,0.0
Algeria,1993,"Pepper (Piper spp.), raw",63.0,0.0,0.0
Algeria,1994,"Pepper (Piper spp.), raw",139.0,0.0,0.0
Algeria,1995,"Pepper (Piper spp.), raw",1319.0,0.0,0.0
Algeria,1996,"Pepper (Piper spp.), raw",1220.0,0.0,0.0
Algeria,1997,"Pepper (Piper spp.), raw",856.0,0.0,0.0
Algeria,1998,"Pepper (Piper spp.), raw",1292.0,0.0,0.0
Algeria,1999,"Pepper (Piper spp.), raw",1105.0,0.0,0.0
Algeria,2000,"Pepper (Piper spp.), raw",1445.0,0.0,0.0
Algeria,2001,"Pepper (Piper spp.), raw",2296.0,0.0,0.0
Algeria,2002,"Pepper (Piper spp.), raw",1307.0,0.0,0.0
Algeria,2004,"Pepper (Piper spp.), raw",2316.0,0.0,0.0
Algeria,2005,"Pepper (Piper spp.), raw",1834.0,0.0,0.0
Algeria,2006,"Pepper (Piper spp.), raw",2808.0,0.0,0.0
Algeria,2008,"Pepper (Piper spp.), raw",3230.0,0.0,0.0
Algeria,2009,"Pepper (Piper spp.), raw",1821.0,0.0,0.0
Algeria,2010,"Pepper (Piper spp.), raw",1100.0,0.0,0.0
Algeria,2011,"Pepper (Piper spp.), raw",2295.0,0.0,0.0
Algeria,2012,"Pepper (Piper spp.), raw",2068.0,0.0,0.0
Algeria,2013,"Pepper (Piper spp.), raw",3769.0,0.0,0.0
Algeria,2014,"Pepper (Piper spp.), raw",2373.42,0.0,0.0
Algeria,2015,"Pepper (Piper spp.), raw",3190.48,0.0,0.0
Algeria,2016,"Pepper (Piper spp.), raw",3329.87,0.0,0.0
Algeria,2017,"Pepper (Piper spp.), raw",3502.89,0.01,0.0
Algeria,2020,"Pepper (Piper spp.), raw",2808.21,0.33,0.0
Algeria,2021,"Pepper (Piper spp.), raw",2078.27,2.67,0.0
Algeria,2022,"Pepper (Piper spp.), raw",2119.24,0.39,0.0
Angola,1993,"Pepper (Piper spp.), raw",0.0,0.0,0.0
Angola,1994,"Pepper (Piper spp.), raw",0.0,0.0,0.0
Angola,1995,"Pepper (Piper spp.), raw",0.0,0.0,0.0
Angola,1996,"Pepper (Piper spp.), raw",0.0,0.0,0.0
Angola,1997,"Pepper (Piper spp.), raw",0.0,0.0,0.0
Angola,1998,"Pepper (Piper spp.), raw",0.0,0.0,0.0
Angola,1999,"Pepper (Piper spp.), raw",0.0,0.0,0.0
Angola,2000,"Pepper (Piper spp.), raw",0.0,0.0,0.0
Angola,2001,"Pepper (Piper spp.), raw",0.0,0.0,0.0
Angola,2002,"Pepper (Piper spp.), raw",17.0,0.0,0.0
Angola,2003,"Pepper (Piper spp.), raw",25.0,0.0,0.0
Angola,2004,"Pepper (Piper spp.), raw",12.0,0.0,0.0
Angola,2005,"Pepper (Piper spp.), raw",25.0,0.0,0.0
Angola,2006,"Pepper (Piper spp.), raw",23.0,0.0,0.0
Angola,2007,"Pepper (Piper spp.), raw",27.0,0.0,0.0
Angola,2008,"Pepper (Piper spp.), raw",62.0,0.0,0.0
Angola,2009,"Pepper (Piper spp.), raw",38.0,0.0,0.0
Angola,2010,"Pepper (Piper spp.), raw",54.0,0.0,0.0
Angola,2011,"Pepper (Piper spp.), raw",42.0,0.0,0.0
Angola,2012,"Pepper (Piper spp.), raw",70.0,0.0,0.0
Angola,2013,"Pepper (Piper spp.), raw",87.0,0.0,0.0
Angola,2015,"Pepper (Piper spp.), raw",96.21,0.0,0.0
Angola,2016,"Pepper (Piper spp.), raw",40.5,0.0,0.0
Angola,2017,"Pepper (Piper spp.), raw",41.87,0.0,0.0
Angola,2018,"Pepper (Piper spp.), raw",42.32,0.31,0.0
Angola,2019,"Pepper (Piper spp.), raw",159.9,0.0,0.0
Angola,2020,"Pepper (Piper spp.), raw",119.05,0.25,0.0
Angola,2021,"Pepper (Piper spp.), raw",120.44,0.31,0.0
Angola,2022,"Pepper (Piper spp.), raw",131.95,0.16,0.0
Antigua and Barbuda,1993,"Pepper (Piper spp.), raw",0.0,0.0,0.0
Antigua and Barbuda,1994,"Pepper (Piper spp.), raw",0.0,0.0,0.0
Antigua and Barbuda,1995,"Pepper (Piper spp.), raw",0.0,0.0,0.0
Antigua and Barbuda,1996,"Pepper (Piper spp.), raw",0.0,0.0,0.0
Antigua and Barbuda,1997,"Pepper (Piper spp.), raw",2.0,0.0,0.0
Antigua and Barbuda,1998,"Pepper (Piper spp.), raw",1.0,0.0,0.0
Antigua and Barbuda,1999,"Pepper (Piper spp.), raw",1.0,0.0,0.0
Antigua and Barbuda,2000,"Pepper (Piper spp.), raw",10.0,0.0,0.0
Antigua and Barbuda,2002,"Pepper (Piper spp.), raw",3.0,0.0,0.0
Antigua and Barbuda,2003,"Pepper (Piper spp.), raw",9.0,0.0,0.0
Antigua and Barbuda,2004,"Pepper (Piper spp.), raw",7.0,0.0,0.0
Antigua and Barbuda,2006,"Pepper (Piper spp.), raw",8.0,0.0,0.0
Antigua and Barbuda,2007,"Pepper (Piper spp.), raw",2.0,0.0,0.0
Antigua and Barbuda,2008,"Pepper (Piper spp.), raw",2.0,0.0,0.0
Antigua and Barbuda,2009,"Pepper (Piper spp.), raw",1.0,0.0,0.0
Antigua and Barbuda,2010,"Pepper (Piper spp.), raw",4.0,0.0,0.0
Antigua and Barbuda,2011,"Pepper (Piper spp.), raw",29.0,0.0,0.0
Antigua and Barbuda,2013,"Pepper (Piper spp.), raw",36.0,0.0,0.0
Antigua and Barbuda,2014,"Pepper (Piper spp.), raw",27.28,0.0,0.0
Antigua and Barbuda,2015,"Pepper (Piper spp.), raw",32.2,0.0,0.0
Antigua and Barbuda,2016,"Pepper (Piper spp.), raw",31.0,0.0,0.0
Antigua and Barbuda,2017,"Pepper (Piper spp.), raw",66.01,0.0,0.0
Antigua and Barbuda,2019,"Pepper (Piper spp.), raw",54.53,0.0,0.0
Antigua and Barbuda,2020,"Pepper (Piper spp.), raw",52.09,0.0,0.0
Antigua and Barbuda,2021,"Pepper (Piper spp.), raw",54.93,0.0,0.0
Antigua and Barbuda,2022,"Pepper (Piper spp.), raw",48.2,0.0,0.0
Antigua and Barbuda,2023,"Pepper (Piper spp.), raw",69.84,0.0,0.0
Argentina,1993,"Pepper (Piper spp.), raw",1089.0,2.0,0.0
Argentina,1994,"Pepper (Piper spp.), raw",1567.0,16.0,0.0
Argentina,1995,"Pepper (Piper spp.), raw",1207.0,7.0,0.0
Argentina,1996,"Pepper (Piper spp.), raw",1389.0,4.0,0.0
Argentina,1997,"Pepper (Piper spp.), raw",1456.0,18.0,0.0
Argentina,1998,"Pepper (Piper spp.), raw",1391.0,51.0,0.0
Argentina,1999,"Pepper (Piper spp.), raw",1376.0,28.0,0.0
Argentina,2000,"Pepper (Piper spp.), raw",1510.26,44.25,0.0
Argentina,2001,"Pepper (Piper spp.), raw",1156.0,6.0,0.0
Argentina,2002,"Pepper (Piper spp.), raw",1007.0,5.0,0.0
Argentina,2003,"Pepper (Piper spp.), raw",1180.0,1.0,0.0
Argentina,2004,"Pepper (Piper spp.), raw",1434.0,9.0,0.0
Argentina,2005,"Pepper (Piper spp.), raw",1452.0,7.0,0.0
Argentina,2006,"Pepper (Piper spp.), raw",1444.0,8.0,0.0
Argentina,2007,"Pepper (Piper spp.), raw",1409.0,175.0,0.0
Argentina,2008,"Pepper (Piper spp.), raw",1496.0,46.0,0.0
Argentina,2009,"Pepper (Piper spp.), raw",1369.0,29.0,0.0
Argentina,2010,"Pepper (Piper spp.), raw",1434.0,177.0,0.0
Argentina,2011,"Pepper (Piper spp.), raw",1497.0,29.0,0.0
Argentina,2012,"Pepper (Piper spp.), raw",1348.0,27.0,0.0
Argentina,2014,"Pepper (Piper spp.), raw",1164.73,3.19,0.0
Argentina,2015,"Pepper (Piper spp.), raw",1431.08,1.02,0.0
Argentina,2016,"Pepper (Piper spp.), raw",1435.32,1.34,0.0
Argentina,2017,"Pepper (Piper spp.), raw",1591.79,4.82,0.0
Argentina,2018,"Pepper (Piper spp.), raw",1222.55,0.19,0.0
Argentina,2019,"Pepper (Piper spp.), raw",1551.26,0.13,0.0
Argentina,2020,"Pepper (Piper spp.), raw",1995.21,0.88,0.0
Argentina,2022,"Pepper (Piper spp.), raw",1801.9,0.2,0.0
Argentina,2023,"Pepper (Piper spp.), raw",1687.87,0.14,0.0
Armenia,1996,"Pepper (Piper spp.), raw",3.0,0.0,0.0
Armenia,1997,"Pepper (Piper spp.), raw",3.0,0.0,0.0
Armenia,1999,"Pepper (Piper spp.), raw",9.0,2.0,0.0
Armenia,2000,"Pepper (Piper spp.), raw",26.0,2.0,0.0
Armenia,2001,"Pepper (Piper spp.), raw",40.0,0.0,0.0
Armenia,2002,"Pepper (Piper spp.), raw",26.0,0.0,0.0
Armenia,2003,"Pepper (Piper spp.), raw",50.0,0.0,0.0
Armenia,2004,"Pepper (Piper spp.), raw",38.0,3.0,0.0
Armenia,2005,"Pepper (Piper spp.), raw",50.0,11.0,0.0
Armenia,2006,"Pepper (Piper spp.), raw",64.0,16.0,0.0
Armenia,2007,"Pepper (Piper spp.), raw",58.0,17.0,0.0
Armenia,2008,"Pepper (Piper spp.), raw",109.0,50.0,0.0
Armenia,2009,"Pepper (Piper spp.), raw",94.0,46.0,0.0
Armenia,2011,"Pepper (Piper spp.), raw",174.0,37.0,0.0
Armenia,2012,"Pepper (Piper spp.), raw",87.0,23.0,0.0
Armenia,2013,"Pepper (Piper spp.), raw",85.0,10.0,0.0
Armenia,2014,"Pepper (Piper spp.), raw",121.34,3.59,0.0
Armenia,2015,"Pepper (Piper spp.), raw",170.11,2.34,0.0
Armenia,2016,"Pepper (Piper spp.), raw",149.0,1.0,0.0
Armenia,2017,"Pepper (Piper spp.), raw",199.54,0.03,0.0
Armenia,2018,"Pepper (Piper spp.), raw",207.15,2.71,0.0
Armenia,2019,"Pepper (Piper spp.), raw",250.34,0.63,0.0
Armenia,2020,"Pepper (Piper spp.), raw",240.06,2.38,0.0
Armenia,2021,"Pepper (Piper spp.), raw",186.66,2.34,0.0
Armenia,2022,"Pepper (Piper spp.), raw",250.38,11.12,0.0
Armenia,2023,"Pepper (Piper spp.), raw",264.75,9.24,0.0
Australia,1993,"Pepper (Piper spp.), raw",1615.0,44.0,0.0
Australia,1994,"Pepper (Piper spp.), raw",2292.0,39.0,0.0
Australia,1995,"Pepper (Piper spp.), raw",2300.0,27.0,0.0
Australia,1996,"Pepper (Piper spp.), raw",1721.0,130.0,0.0
Australia,1997,"Pepper (Piper spp.), raw",2700.0,124.0,0.0
Australia,1998,"Pepper (Piper spp.), raw",3100.0,56.0,0.0
Australia,1999,"Pepper (Piper spp.), raw",1938.0,140.0,0.0
Australia,2000,"Pepper (Piper spp.), raw",2226.0,104.0,0.0
Australia,2001,"Pepper (Piper spp.), raw",2134.0,87.0,0.0
Australia,2002,"Pepper (Piper spp.), raw",2417.0,78.0,0.0
Australia,2003,"Pepper (Piper spp.), raw",2281.0,150.0,0.0
Australia,2004,"Pepper (Piper spp.), raw",2864.0,173.0,0.0
Australia,2005,"Pepper (Piper spp.), raw",2644.0,170.0,0.0
Australia,2006,"Pepper (Piper spp.), raw",2439.0,256.0,0.0
Australia,2007,"Pepper (Piper spp.), raw",2189.0,126.0,0.0
Australia,2008,"Pepper (Piper spp.), raw",2913.0,239.0,0.0
Australia,2009,"Pepper (Piper spp.), raw",2940.0,121.0,0.0
Australia,2010,"Pepper (Piper spp.), raw",2871.0,160.0,0.0
Australia,2011,"Pepper (Piper spp.), raw",2920.0,96.0,0.0
Australia,2012,"Pepper (Piper spp.), raw",3086.0,369.0,0.0
Australia,2013,"Pepper (Piper spp.), raw",2850.0,225.0,0.0
Australia,2014,"Pepper (Piper spp.), raw",4503.66,142.13,0.0
Australia,2015,"Pepper (Piper spp.), raw",3920.9,258.54,0.0
Australia,2018,"Pepper (Piper spp.), raw",3802.06,323.77,0.0
Australia,2019,"Pepper (Piper spp.), raw",3585.67,270.42,0.0
Australia,2020,"Pepper (Piper spp.), raw",4068.98,246.58,0.0
Australia,2022,"Pepper (Piper spp.), raw",3728.66,240.29,0.0
Australia,2023,"Pepper (Piper spp.), raw",3750.28,464.3,0.0
Austria,1993,"Pepper (Piper spp.), raw",1480.0,161.0,0.0
Austria,1994,"Pepper (Piper spp.), raw",1319.0,149.0,0.0
Austria,1995,"Pepper (Piper spp.), raw",1882.0,167.0,0.0
Austria,1996,"Pepper (Piper spp.), raw",1722.0,143.0,0.0
Austria,1997,"Pepper (Piper spp.), raw",2326.0,517.0,0.0
Austria,1998,"Pepper (Piper spp.), raw",2143.0,394.0,0.0
Austria,1999,"Pepper (Piper spp.), raw",1800.0,390.0,0.0
Austria,2000,"Pepper (Piper spp.), raw",1854.0,357.0,0.0
Austria,2001,"Pepper (Piper spp.), raw",1637.0,491.0,0.0
Austria,2002,"Pepper (Piper spp.), raw",1997.0,629.0,0.0
Austria,2003,"Pepper (Piper spp.), raw",2166.0,700.0,0.0
Austria,2004,"Pepper (Piper spp.), raw",2122.0,589.0,0.0
Austria,2005,"Pepper (Piper spp.), raw",2813.0,696.0,0.0
Austria,2006,"Pepper (Piper spp.), raw",2890.0,938.0,0.0
Austria,2007,"Pepper (Piper spp.), raw",2744.0,946.0,0.0
Austria,2008,"Pepper (Piper spp.), raw",2628.0,1178.0,0.0
Austria,2009,"Pepper (Piper spp.), raw",2692.0,1263.0,0.0
Austria,2010,"Pepper (Piper spp.), raw",2380.0,1592.0,0.0
Austria,2011,"Pepper (Piper spp.), raw",2319.0,1965.0,0.0
Austria,2012,"Pepper (Piper spp.), raw",2478.0,1850.0,0.0
Austria,2013,"Pepper (Piper spp.), raw",3094.0,1916.0,0.0
Austria,2014,"Pepper (Piper spp.), raw",3375.42,1827.44,0.0
Austria,2015,"Pepper (Piper spp.), raw",3177.63,1485.54,0.0
Austria,2016,"Pepper (Piper spp.), raw",2849.51,1414.4,0.0
Austria,2017,"Pepper (Piper spp.), raw",3375.49,1574.62,0.0
Austria,2018,"Pepper (Piper spp.), raw",3561.04,1731.06,0.0
Austria,2019,"Pepper (Piper spp.), raw",3732.07,1714.23,0.0
Austria,2020,"Pepper (Piper spp.), raw",3649.59,1705.39,0.0
Austria,2021,"Pepper (Piper spp.), raw",4220.81,1785.02,0.0
Austria,2023,"Pepper (Piper spp.), raw",3776.91,1689.6,0.0
Azerbaijan,1994,"Pepper (Piper spp.), raw",1.0,0.0,0.0
Azerbaijan,1997,"Pepper (Piper spp.), raw",35.0,0.0,0.0
Azerbaijan,1998,"Pepper (Piper spp.), raw",40.0,0.0,0.0
Azerbaijan,1999,"Pepper (Piper spp.), raw",53.0,0.0,0.0
Azerbaijan,2000,"Pepper (Piper spp.), raw",63.0,0.0,0.0
Azerbaijan,2001,"Pepper (Piper spp.), raw",54.0,0.0,0.0
Azerbaijan,2002,"Pepper (Piper spp.), raw",9.0,0.0,0.0
Azerbaijan,2003,"Pepper (Piper spp.), raw",16.0,0.0,0.0
Azerbaijan,2004,"Pepper (Piper spp.), raw",12.0,0.0,0.0
Azerbaijan,2005,"Pepper (Piper spp.), raw",9.0,0.0,0.0
Azerbaijan,2006,"Pepper (Piper spp.), raw",16.0,0.0,0.0
Azerbaijan,2007,"Pepper (Piper spp.), raw",13.0,0.0,0.0
Azerbaijan,2008,"Pepper (Piper spp.), raw",26.0,0.0,0.0
Azerbaijan,2009,"Pepper (Piper spp.), raw",22.0,0.0,0.0
Azerbaijan,2010,"Pepper (Piper spp.), raw",38.0,0.0,0.0
Azerbaijan,2011,"Pepper (Piper spp.), raw",66.0,0.0,0.0
Azerbaijan,2012,"Pepper (Piper spp.), raw",118.0,0.0,0.0
Azerbaijan,2013,"Pepper (Piper spp.), raw",111.0,0.0,0.0
Azerbaijan,2014,"Pepper (Piper spp.), raw",94.4,0.0,0.0
Azerbaijan,2015,"Pepper (Piper spp.), raw",212.55,0.0,0.0
Azerbaijan,2016,"Pepper (Piper spp.), raw",328.71,0.0,0.0
Azerbaijan,2018,"Pepper (Piper spp.), raw",236.19,0.01,0.0
Azerbaijan,2019,"Pepper (Piper spp.), raw",363.27,0.0,0.0
Azerbaijan,2020,"Pepper (Piper spp.), raw",324.48,0.0,0.0
Azerbaijan,2022,"Pepper (Piper spp.), raw",445.04,0.01,0.0
Azerbaijan,2023,"Pepper (Piper spp.), raw",385.04,0.03,0.0
Bahamas,1993,"Pepper (Piper spp.), raw",45.0,0.0,0.0
Bahamas,1994,"Pepper (Piper spp.), raw",57.0,0.0,0.0
Bahamas,1995,"Pepper (Piper spp.), raw",60.0,0.0,0.0
Bahamas,1996,"Pepper (Piper spp.), raw",60.0,0.0,0.0
Bahamas,1997,"Pepper (Piper spp.), raw",71.0,0.0,0.0
Bahamas,1998,"Pepper (Piper spp.), raw",6.0,0.0,0.0
Bahamas,1999,"Pepper (Piper spp.), raw",14.0,0.0,0.0
Bahamas,2000,"Pepper (Piper spp.), raw",99.0,0.0,0.0
Bahamas,2001,"Pepper (Piper spp.), raw",103.0,0.0,0.0
Bahamas,2002,"Pepper (Piper spp.), raw",25.0,0.0,0.0
Bahamas,2003,"Pepper (Piper spp.), raw",25.0,0.0,0.0
Bahamas,2004,"Pepper (Piper spp.), raw",9.0,0.0,0.0
Bahamas,2005,"Pepper (Piper spp.), raw",59.0,0.0,0.0
Bahamas,2006,"Pepper (Piper spp.), raw",81.0,0.0,0.0
Bahamas,2007,"Pepper (Piper spp.), raw",80.0,0.0,0.0
Bahamas,2008,"Pepper (Piper spp.), raw",80.0,0.0,0.0
Bahamas,2009,"Pepper (Piper spp.), raw",121.0,0.0,0.0
Bahamas,2010,"Pepper (Piper spp.), raw",121.0,0.0,0.0
Bahamas,2011,"Pepper (Piper spp.), raw",25.0,0.0,0.0
Bahamas,2012,"Pepper (Piper spp.), raw",216.0,0.0,0.0
Bahamas,2013,"Pepper (Piper spp.), raw",218.0,0.0,0.0
Bahamas,2014,"Pepper (Piper spp.), raw",96.95,0.0,0.0
Bahamas,2015,"Pepper (Piper spp.), raw",133.65,0.0,0.0
Bahamas,2016,"Pepper (Piper spp.), raw",117.97,0.0,0.0
Bahamas,2017,"Pepper (Piper spp.), raw",222.04,0.04,0.0
Bahamas,2018,"Pepper (Piper spp.), raw",342.97,0.0,0.0
Bahamas,2019,"Pepper (Piper spp.), raw",270.63,0.0,0.0
Bahamas,2021,"Pepper (Piper spp.), raw",140.91,0.0,0.0
Bahamas,2022,"Pepper (Piper spp.), raw",169.18,0.0,0.0
Bahamas,2023,"Pepper (Piper spp.), raw",188.58,0.0,0.0
Bahrain,1994,"Pepper (Piper spp.), raw",370.0,1.0,0.0
Bahrain,1995,"Pepper (Piper spp.), raw",200.0,1.0,0.0
Bahrain,1996,"Pepper (Piper spp.), raw",200.0,1.0,0.0
Bahrain,1997,"Pepper (Piper spp.), raw",352.0,3.0,0.0
Bahrain,1998,"Pepper (Piper spp.), raw",25.0,3.0,0.0
Bahrain,1999,"Pepper (Piper spp.), raw",10.0,3.0,0.0
Bahrain,2000,"Pepper (Piper spp.), raw",392.0,6.0,0.0
Bahrain,2001,"Pepper (Piper spp.), raw",395.0,8.0,0.0
Bahrain,2002,"Pepper (Piper spp.), raw",406.0,23.0,0.0
Bahrain,2003,"Pepper (Piper spp.), raw",341.0,6.0,0.0
Bahrain,2004,"Pepper (Piper spp.), raw",424.0,5.0,0.0
Bahrain,2005,"Pepper (Piper spp.), raw",473.0,17.0,0.0
Bahrain,2006,"Pepper (Piper spp.), raw",250.0,14.0,0.0
Bahrain,2007,"Pepper (Piper spp.), raw",532.0,6.0,0.0
Bahrain,2008,"Pepper (Piper spp.), raw",243.0,2.0,0.0
Bahrain,2009,"Pepper (Piper spp.), raw",428.0,13.0,0.0
Bahrain,2010,"Pepper (Piper spp.), raw",429.0,8.0,0.0
Bahrain,2011,"Pepper (Piper spp.), raw",484.0,30.0,0.0
Bahrain,2012,"Pepper (Piper spp.), raw",406.0,12.0,0.0
Bahrain,2013,"Pepper (Piper spp.), raw",393.0,19.0,0.0
Bahrain,2014,"Pepper (Piper spp.), raw",535.13,25.37,0.0
Bahrain,2015,"Pepper (Piper spp.), raw",347.76,32.19,0.0
Bahrain,2016,"Pepper (Piper spp.), raw",461.01,20.82,0.0
Bahrain,2018,"Pepper (Piper spp.), raw",401.67,21.73,0.0
Bahrain,2019,"Pepper (Piper spp.), raw",547.61,21.5,0.0
Bahrain,2020,"Pepper (Piper spp.), raw",512.14,26.96,0.0
Bahrain,2021,"Pepper (Piper spp.), raw",619.07,53.89,0.0
Bahrain,2022,"Pepper (Piper spp.), raw",480.07,44.74,0.0
Bahrain,2023,"Pepper (Piper spp.), raw",542.36,38.09,0.0
Bangladesh,1993,"Pepper (Piper spp.), raw",24.0,0.0,0.0
Bangladesh,1994,"Pepper (Piper spp.), raw",41.0,0.0,0.0
Bangladesh,1995,"Pepper (Piper spp.), raw",115.0,0.0,0.0
Bangladesh,1996,"Pepper (Piper spp.), raw",183.0,0.0,0.0
Bangladesh,1997,"Pepper (Piper spp.), raw",125.0,0.0,0.0
Bangladesh,1998,"Pepper (Piper spp.), raw",337.0,0.0,0.0
Bangladesh,1999,"Pepper (Piper spp.), raw",0.0,0.0,0.0
Bangladesh,2000,"Pepper (Piper spp.), raw",0.0,0.0,0.0
Bangladesh,2001,"Pepper (Piper spp.), raw",0.0,0.0,0.0
Bangladesh,2002,"Pepper (Piper spp.), raw",159.0,2.0,0.0
Bangladesh,2003,"Pepper (Piper spp.), raw",284.0,28.0,0.0
Bangladesh,2004,"Pepper (Piper spp.), raw",379.0,28.0,0.0
Bangladesh,2005,"Pepper (Piper spp.), raw",716.0,3.0,0.0
Bangladesh,2007,"Pepper (Piper spp.), raw",467.0,32.0,0.0
Bangladesh,2008,"Pepper (Piper spp.), raw",203.0,8.0,0.0
Bangladesh,2009,"Pepper (Piper spp.), raw",181.0,4.0,0.0
Bangladesh,2010,"Pepper (Piper spp.), raw",41.0,284.0,0.0
Bangladesh,2011,"Pepper (Piper spp.), raw",87.0,174.0,0.0
Bangladesh,2012,"Pepper (Piper spp.), raw",144.0,319.0,0.0
Bangladesh,2013,"Pepper (Piper spp.), raw",636.0,227.0,0.0
Bangladesh,2015,"Pepper (Piper spp.), raw",735.38,381.06,0.0
Bangladesh,2016,"Pepper (Piper spp.), raw",1368.74,388.93,0.0
Bangladesh,2017,"Pepper (Piper spp.), raw",2088.42,462.7,0.0
Bangladesh,2018,"Pepper (Piper spp.), raw",1310.82,471.18,0.0
Bangladesh,2019,"Pepper (Piper spp.), raw",1315.15,436.63,0.0
Bangladesh,2020,"Pepper (Piper spp.), raw",2776.9,434.67,0.0
Bangladesh,2021,"Pepper (Piper spp.), raw",2014.09,566.28,0.0
Bangladesh,2023,"Pepper (Piper spp.), raw",349.31,656.92,0.0
Barbados,1993,"Pepper (Piper spp.), raw",75.0,18.0,0.0
Barbados,1994,"Pepper (Piper spp.), raw",70.0,7.0,0.0
Barbados,1995,"Pepper (Piper spp.), raw",66.0,12.0,0.0
Barbados,1996,"Pepper (Piper spp.), raw",58.0,10.0,0.0
Barbados,1997,"Pepper (Piper spp.), raw",67.0,8.0,0.0
Barbados,1998,"Pepper (Piper spp.), raw",19.0,7.0,0.0
Barbados,1999,"Pepper (Piper spp.), raw",60.0,7.0,0.0
Barbados,2000,"Pepper (Piper spp.), raw",30.0,7.0,0.0
Barbados,2001,"Pepper (Piper spp.), raw",79.0,4.0,0.0
Barbados,2002,"Pepper (Piper spp.), raw",62.0,5.0,0.0
Barbados,2003,"Pepper (Piper spp.), raw",60.0,0.0,0.0
Barbados,2004,"Pepper (Piper spp.), raw",45.0,1.0,0.0
Barbados,2005,"Pepper (Piper spp.), raw",94.0,4.0,0.0
Barbados,2006,"Pepper (Piper spp.), raw",63.0,5.0,0.0
Barbados,2007,"Pepper (Piper spp.), raw",95.0,5.0,0.0
Barbados,2008,"Pepper (Piper spp.), raw",82.0,4.0,0.0
Barbados,2009,"Pepper (Piper spp.), raw",82.0,0.0,0.0
Barbados,2010,"Pepper (Piper spp.), raw",76.0,0.0,0.0
Barbados,2011,"Pepper (Piper spp.), raw",97.0,0.0,0.0
Barbados,2012,"Pepper (Piper spp.), raw",103.0,0.0,0.0
Barbados,2013,"Pepper (Piper spp.), raw",106.0,0.0,0.0
Barbados,2014,"Pepper (Piper spp.), raw",87.92,0.0,0.0
Barbados,2015,"Pepper (Piper spp.), raw",125.32,0.0,0.0
Barbados,2017,"Pepper (Piper spp.), raw",125.1,0.0,0.0
Barbados,2018,"Pepper (Piper spp.), raw",106.36,0.0,0.0
Barbados,2019,"Pepper (Piper spp.), raw",101.61,0.01,0.0
Barbados,2021,"Pepper (Piper spp.), raw",93.24,0.24,0.0
Barbados,2022,"Pepper (Piper spp.), raw",121.16,0.13,0.0
Barbados,2023,"Pepper (Piper spp.), raw",109.78,0.05,0.0
Belarus,1998,"Pepper (Piper spp.), raw",571.0,477.0,0.0
Belarus,1999,"Pepper (Piper spp.), raw",645.0,486.0,0.0
Belarus,2000,"Pepper (Piper spp.), raw",1200.0,600.0,0.0
Belarus,2001,"Pepper (Piper spp.), raw",183.0,1.0,0.0
Belarus,2002,"Pepper (Piper spp.), raw",157.0,7.0,0.0
Belarus,2003,"Pepper (Piper spp.), raw",213.0,2.0,0.0
Belarus,2004,"Pepper (Piper spp.), raw",263.0,2.0,0.0
Belarus,2005,"Pepper (Piper spp.), raw",204.0,0.0,0.0
Belarus,2006,"Pepper (Piper spp.), raw",289.0,1.0,0.0
Belarus,2007,"Pepper (Piper spp.), raw",314.0,1.0,0.0
Belarus,2009,"Pepper (Piper spp.), raw",339.0,0.0,0.0
Belarus,2010,"Pepper (Piper spp.), raw",363.0,0.0,0.0
Belarus,2011,"Pepper (Piper spp.), raw",258.0,0.0,0.0
Belarus,2013,"Pepper (Piper spp.), raw",331.0,5.0,0.0
Belarus,2014,"Pepper (Piper spp.), raw",262.1,0.91,0.0
Belarus,2015,"Pepper (Piper spp.), raw",276.33,0.55,0.0
Belarus,2016,"Pepper (Piper spp.), raw",345.68,54.66,0.0
Belarus,2018,"Pepper (Piper spp.), raw",303.48,14.11,0.0
Belarus,2019,"Pepper (Piper spp.), raw",418.91,11.18,0.0
Belarus,2020,"Pepper (Piper spp.), raw",382.0,29.47,0.0
Belarus,2022,"Pepper (Piper spp.), raw",49.09,0.44,0.0
Belarus,2023,"Pepper (Piper spp.), raw",17.2,0.9,0.0
Belgium,2001,"Pepper (Piper spp.), raw",2329.0,844.0,0.0
Belgium,2002,"Pepper (Piper spp.), raw",3786.0,933.0,0.0
Belgium,2003,"Pepper (Piper spp.), raw",3593.0,1000.0,0.0
Belgium,2004,"Pepper (Piper spp.), raw",3604.0,1308.0,0.0
Belgium,2005,"Pepper (Piper spp.), raw",3825.0,1431.0,0.0
Belgium,2006,"Pepper (Piper spp.), raw",4015.0,1780.0,0.0
Belgium,2007,"Pepper (Piper spp.), raw",4583.0,1887.0,0.0
Belgium,2008,"Pepper (Piper spp.), raw",3394.0,1552.0,0.0
Belgium,2009,"Pepper (Piper spp.), raw",2943.0,1416.0,0.0
Belgium,2010,"Pepper (Piper spp.), raw",3338.0,1887.0,0.0
Belgium,2011,"Pepper (Piper spp.), raw",3482.0,2093.0,0.0
Belgium,2012,"Pepper (Piper spp.), raw",2624.0,1267.0,0.0
Belgium,2013,"Pepper (Piper spp.), raw",2282.0,709.0,0.0
Belgium,2014,"Pepper (Piper spp.), raw",2456.93,922.22,0.0
Belgium,2015,"Pepper (Piper spp.), raw",2907.9,803.47,0.0
Belgium,2016,"Pepper (Piper spp.), raw",2813.99,665.96,0.0
Belgium,2017,"Pepper (Piper spp.), raw",2541.44,710.26,0.0
Belgium,2018,"Pepper (Piper spp.), raw",2228.95,784.61,0.0
Belgium,2019,"Pepper (Piper spp.), raw",1683.74,771.47,0.0
Belgium,2020,"Pepper (Piper spp.), raw",2025.08,987.0,0.0
Belgium,2021,"Pepper (Piper spp.), raw",2513.34,1244.98,0.0
Belgium,2022,"Pepper (Piper spp.), raw",2558.93,1462.23,0.0
Belgium,2023,"Pepper (Piper spp.), raw",2149.04,1136.37,0.0
Belgium-Luxembourg,1993,"Pepper (Piper spp.), raw",3009.0,976.0,0.0
Belgium-Luxembourg,1994,"Pepper (Piper spp.), raw",2561.0,854.0,0.0
Belgium-Luxembourg,1995,"Pepper (Piper spp.), raw",2631.0,1133.0,0.0
Belgium-Luxembourg,1996,"Pepper (Piper spp.), raw",2972.0,915.0,0.0
Belgium-Luxembourg,1997,"Pepper (Piper spp.), raw",3059.0,1075.0,0.0
Belgium-Luxembourg,1998,"Pepper (Piper spp.), raw",2321.0,791.0,0.0
Belgium-Luxembourg,1999,"Pepper (Piper spp.), raw",2404.0,888.0,0.0
Belize,1993,"Pepper (Piper spp.), raw",20.0,1.0,0.0
Belize,1994,"Pepper (Piper spp.), raw",14.0,1.0,0.0
Belize,1995,"Pepper (Piper spp.), raw",23.0,32.0,0.0
Belize,1997,"Pepper (Piper spp.), raw",1.0,0.0,0.0
Belize,1998,"Pepper (Piper spp.), raw",0.0,1.0,0.0
Belize,1999,"Pepper (Piper spp.), raw",4.0,0.0,0.0
Belize,2000,"Pepper (Piper spp.), raw",33.0,147.0,0.0
Belize,2001,"Pepper (Piper spp.), raw",0.0,2.0,0.0
Belize,2002,"Pepper (Piper spp.), raw",2.0,50.0,0.0
Belize,2003,"Pepper (Piper spp.), raw",54.0,103.0,0.0
Belize,2004,"Pepper (Piper spp.), raw",16.0,0.0,0.0
Belize,2005,"Pepper (Piper spp.), raw",22.0,3.0,0.0
Belize,2006,"Pepper (Piper spp.), raw",23.0,1.0,0.0
Belize,2007,"Pepper (Piper spp.), raw",21.0,13.0,0.0
Belize,2008,"Pepper (Piper spp.), raw",19.0,6.0,0.0
Belize,2009,"Pepper (Piper spp.), raw",15.0,6.0,0.0
Belize,2010,"Pepper (Piper spp.), raw",20.0,0.0,0.0
Belize,2011,"Pepper (Piper spp.), raw",26.0,0.0,0.0
Belize,2012,"Pepper (Piper spp.), raw",30.0,7.0,0.0
Belize,2013,"Pepper (Piper spp.), raw",25.0,1.0,0.0
Belize,2015,"Pepper (Piper spp.), raw",52.65,0.73,0.0
Belize,2016,"Pepper (Piper spp.), raw",27.4,2.1,0.0
Belize,2017,"Pepper (Piper spp.), raw",34.44,25.11,0.0
Belize,2018,"Pepper (Piper spp.), raw",27.34,94.39,0.0
Belize,2019,"Pepper (Piper spp.), raw",10.52,70.36,0.0
Belize,2020,"Pepper (Piper spp.), raw",17.18,55.95,0.0
Belize,2021,"Pepper (Piper spp.), raw",10.53,7.24,0.0
Belize,2023,"Pepper (Piper spp.), raw",18.17,12.68,0.0
Benin,1993,"Pepper (Piper spp.), raw",1.0,75.0,132.33
Benin,1994,"Pepper (Piper spp.), raw",2.0,44.0,134.09
Benin,1995,"Pepper (Piper spp.), raw",2.0,45.0,135.85
Benin,1996,"Pepper (Piper spp.), raw",0.0,94.0,137.6
Benin,1998,"Pepper (Piper spp.), raw",3.0,0.0,141.12
Benin,1999,"Pepper (Piper spp.), raw",3.0,0.0,142.88
Benin,2000,"Pepper (Piper spp.), raw",2.0,0.0,144.64
Benin,2001,"Pepper (Piper spp.), raw",10.0,0.0,146.4
Benin,2002,"Pepper (Piper spp.), raw",2.0,0.0,148.15
Benin,2003,"Pepper (Piper spp.), raw",4.0,0.0,149.91
Benin,2004,"Pepper (Piper spp.), raw",7.0,8.0,151.67
Benin,2005,"Pepper (Piper spp.), raw",0.0,8.0,152.91
Benin,2006,"Pepper (Piper spp.), raw",10.0,16.0,154.96
Benin,2007,"Pepper (Piper spp.), raw",7.0,0.0,160.0
Benin,2008,"Pepper (Piper spp.), raw",1.0,0.0,156.55
Benin,2009,"Pepper (Piper spp.), raw",3.0,0.0,150.0
Benin,2010,"Pepper (Piper spp.), raw",6.0,0.0,163.79
Benin,2011,"Pepper (Piper spp.), raw",6.0,0.0,168.0
Benin,2012,"Pepper (Piper spp.), raw",4.0,0.0,170.0
Benin,2014,"Pepper (Piper spp.), raw",2.63,0.0,169.29
Benin,2015,"Pepper (Piper spp.), raw",0.72,0.0,172.17
Benin,2017,"Pepper (Piper spp.), raw",2.03,0.0,176.13
Benin,2018,"Pepper (Piper spp.), raw",6.68,0.0,177.88
Benin,2019,"Pepper (Piper spp.), raw",10.01,0.0,179.68
Benin,2020,"Pepper (Piper spp.), raw",40.52,0.25,181.8
Benin,2022,"Pepper (Piper spp.), raw",54.39,0.0,184.84
Benin,2023,"Pepper (Piper spp.), raw",61.96,0.01,183.25
Bhutan,2017,"Pepper (Piper spp.), raw",0.2,0.0,0.0
Bhutan,2019,"Pepper (Piper spp.), raw",1.05,0.01,0.0
Bhutan,2020,"Pepper (Piper spp.), raw",4.2,0.0,0.0
Bhutan,2021,"Pepper (Piper spp.), raw",13.22,0.41,0.0
Bhutan,2022,"Pepper (Piper spp.), raw",16.92,0.05,0.0
Bhutan,2023,"Pepper (Piper spp.), raw",2.93,0.0,0.0
Bolivia (Plurinational State of),1993,"Pepper (Piper spp.), raw",37.0,0.0,26.0
Bolivia (Plurinational State of),1994,"Pepper (Piper spp.), raw",22.0,0.0,28.0
Bolivia (Plurinational State of),1995,"Pepper (Piper spp.), raw",8.0,0.0,28.0
Bolivia (Plurinational State of),1996,"Pepper (Piper spp.), raw",9.0,0.0,39.0
Bolivia (Plurinational State of),1997,"Pepper (Piper spp.), raw",13.0,1.0,248.0
Bolivia (Plurinational State of),1998,"Pepper (Piper spp.), raw",20.0,1.0,629.0
Bolivia (Plurinational State of),1999,"Pepper (Piper spp.), raw",53.12,0.33,634.0
Bolivia (Plurinational State of),2000,"Pepper (Piper spp.), raw",36.86,5.11,639.0
Bolivia (Plurinational State of),2002,"Pepper (Piper spp.), raw",76.0,0.0,831.0
Bolivia (Plurinational State of),2003,"Pepper (Piper spp.), raw",79.0,1.0,912.0
Bolivia (Plurinational State of),2004,"Pepper (Piper spp.), raw",98.0,0.0,1044.0
Bolivia (Plurinational State of),2005,"Pepper (Piper spp.), raw",39.0,1.0,1164.0
Bolivia (Plurinational State of),2006,"Pepper (Piper spp.), raw",23.0,1.0,1171.0
Bolivia (Plurinational State of),2007,"Pepper (Piper spp.), raw",46.0,1.0,1170.0
Bolivia (Plurinational State of),2008,"Pepper (Piper spp.), raw",57.0,2.0,1261.0
Bolivia (Plurinational State of),2009,"Pepper (Piper spp.), raw",58.0,2.0,1263.0
Bolivia (Plurinational State of),2010,"Pepper (Piper spp.), raw",35.0,1.0,644.09
Bolivia (Plurinational State of),2011,"Pepper (Piper spp.), raw",27.0,0.0,27.18
Bolivia (Plurinational State of),2012,"Pepper (Piper spp.), raw",39.0,0.0,27.19
Bolivia (Plurinational State of),2014,"Pepper (Piper spp.), raw",84.72,0.0,25.96
Bolivia (Plurinational State of),2015,"Pepper (Piper spp.), raw",69.94,0.27,25.94
Bolivia (Plurinational State of),2016,"Pepper (Piper spp.), raw",72.83,0.0,26.49
Bolivia (Plurinational State of),2017,"Pepper (Piper spp.), raw",124.34,0.0,27.0
Bolivia (Plurinational State of),2018,"Pepper (Piper spp.), raw",43.88,0.09,27.51
Bolivia (Plurinational State of),2019,"Pepper (Piper spp.), raw",52.48,0.0,27.0
Bolivia (Plurinational State of),2020,"Pepper (Piper spp.), raw",106.62,0.28,27.17
Bolivia (Plurinational State of),2022,"Pepper (Piper spp.), raw",88.0,0.09,27.13
Bolivia (Plurinational State of),2023,"Pepper (Piper spp.), raw",105.16,0.05,27.18
Bosnia and Herzegovina,1993,"Pepper (Piper spp.), raw",30.0,0.0,0.0
Bosnia and Herzegovina,1994,"Pepper (Piper spp.), raw",30.0,0.0,0.0
Bosnia and Herzegovina,1995,"Pepper (Piper spp.), raw",40.0,0.0,0.0
Bosnia and Herzegovina,1997,"Pepper (Piper spp.), raw",48.0,0.0,0.0
Bosnia and Herzegovina,1998,"Pepper (Piper spp.), raw",24.0,0.0,0.0
Bosnia and Herzegovina,1999,"Pepper (Piper spp.), raw",64.0,0.0,0.0
Bosnia and Herzegovina,2000,"Pepper (Piper spp.), raw",45.0,0.0,0.0
Bosnia and Herzegovina,2001,"Pepper (Piper spp.), raw",120.0,0.0,0.0
Bosnia and Herzegovina,2002,"Pepper (Piper spp.), raw",60.0,0.0,0.0
Bosnia and Herzegovina,2003,"Pepper (Piper spp.), raw",71.0,17.0,0.0
Bosnia and Herzegovina,2004,"Pepper (Piper spp.), raw",181.0,23.0,0.0
Bosnia and Herzegovina,2005,"Pepper (Piper spp.), raw",183.0,0.0,0.0
Bosnia and Herzegovina,2006,"Pepper (Piper spp.), raw",156.0,6.0,0.0
Bosnia and Herzegovina,2007,"Pepper (Piper spp.), raw",180.0,1.0,0.0
Bosnia and Herzegovina,2008,"Pepper (Piper spp.), raw",181.0,0.0,0.0
Bosnia and Herzegovina,2009,"Pepper (Piper spp.), raw",166.0,3.0,0.0
Bosnia and Herzegovina,2010,"Pepper (Piper spp.), raw",144.0,0.0,0.0
Bosnia and Herzegovina,2011,"Pepper (Piper spp.), raw",137.0,1.0,0.0
Bosnia and Herzegovina,2012,"Pepper (Piper spp.), raw",165.0,1.0,0.0
Bosnia and Herzegovina,2013,"Pepper (Piper spp.), raw",160.0,1.0,0.0
Bosnia and Herzegovina,2014,"Pepper (Piper spp.), raw",178.94,1.15,0.0
Bosnia and Herzegovina,2015,"Pepper (Piper spp.), raw",161.34,0.37,0.0
Bosnia and Herzegovina,2016,"Pepper (Piper spp.), raw",190.43,1.83,0.0
Bosnia and Herzegovina,2017,"Pepper (Piper spp.), raw",208.14,2.96,0.0
Bosnia and Herzegovina,2018,"Pepper (Piper spp.), raw",205.37,5.34,0.0
Bosnia and Herzegovina,2019,"Pepper (Piper spp.), raw",260.68,11.52,0.0
Bosnia and Herzegovina,2020,"Pepper (Piper spp.), raw",213.57,10.49,0.0
Bosnia and Herzegovina,2021,"Pepper (Piper spp.), raw",251.13,4.41,0.0
Bosnia and Herzegovina,2022,"Pepper (Piper spp.), raw",210.76,4.59,0.0
Bosnia and Herzegovina,2023,"Pepper (Piper spp.), raw",184.35,4.11,0.0
Botswana,1993,"Pepper (Piper spp.), raw",190.0,0.0,0.0
Botswana,1994,"Pepper (Piper spp.), raw",109.0,0.0,0.0
Botswana,1996,"Pepper (Piper spp.), raw",250.0,3.0,0.0
Botswana,1997,"Pepper (Piper spp.), raw",355.0,0.0,0.0
Botswana,1998,"Pepper (Piper spp.), raw",511.0,0.0,0.0
Botswana,1999,"Pepper (Piper spp.), raw",505.0,0.0,0.0
Botswana,2000,"Pepper (Piper spp.), raw",428.0,0.0,0.0
Botswana,2001,"Pepper (Piper spp.), raw",608.0,0.0,0.0
Botswana,2002,"Pepper (Piper spp.), raw",383.0,0.0,0.0
Botswana,2003,"Pepper (Piper spp.), raw",456.0,0.0,0.0
Botswana,2004,"Pepper (Piper spp.), raw",300.0,0.0,0.0
Botswana,2005,"Pepper (Piper spp.), raw",200.0,0.0,0.0
Botswana,2006,"Pepper (Piper spp.), raw",0.0,0.0,0.0
Botswana,2008,"Pepper (Piper spp.), raw",2091.0,0.0,0.0
Botswana,2009,"Pepper (Piper spp.), raw",2452.0,0.0,0.0
Botswana,2010,"Pepper (Piper spp.), raw",1855.0,0.0,0.0
Botswana,2011,"Pepper (Piper spp.), raw",1797.0,0.0,0.0
Botswana,2012,"Pepper (Piper spp.), raw",1123.0,1.0,0.0
Botswana,2013,"Pepper (Piper spp.), raw",436.0,0.0,0.0
Botswana,2014,"Pepper (Piper spp.), raw",1599.44,0.32,0.0
Botswana,2015,"Pepper (Piper spp.), raw",413.74,0.67,0.0
Botswana,2016,"Pepper (Piper spp.), raw",81.69,0.96,0.0
Botswana,2017,"Pepper (Piper spp.), raw",86.68,2.85,0.0
Botswana,2019,"Pepper (Piper spp.), raw",63.5,1.12,0.0
Botswana,2020,"Pepper (Piper spp.), raw",106.29,0.13,0.0
Botswana,2021,"Pepper (Piper spp.), raw",88.79,0.28,0.0
Botswana,2022,"Pepper (Piper spp.), raw",63.89,0.83,0.0
Botswana,2023,"Pepper (Piper spp.), raw",43.4,0.3,0.0
Brazil,1994,"Pepper (Piper spp.), raw",156.0,22231.0,34927.0
Brazil,1995,"Pepper (Piper spp.), raw",129.0,22158.0,33852.0
Brazil,1996,"Pepper (Piper spp.), raw",111.0,24178.0,32318.0
Brazil,1997,"Pepper (Piper spp.), raw",181.0,13962.0,22359.0
Brazil,1998,"Pepper (Piper spp.), raw",213.0,17249.0,23050.0
Brazil,1999,"Pepper (Piper spp.), raw",185.0,19617.0,27727.0
Brazil,2000,"Pepper (Piper spp.), raw",156.12,20469.47,38685.0
Brazil,2001,"Pepper (Piper spp.), raw",211.0,36975.0,50140.0
Brazil,2002,"Pepper (Piper spp.), raw",232.0,38230.0,58588.0
Brazil,2004,"Pepper (Piper spp.), raw",202.0,43003.0,65800.0
Brazil,2005,"Pepper (Piper spp.), raw",363.0,38424.0,79102.0
Brazil,2006,"Pepper (Piper spp.), raw",249.0,42200.0,80316.0
Brazil,2007,"Pepper (Piper spp.), raw",550.0,38679.0,77770.0
Brazil,2008,"Pepper (Piper spp.), raw",753.0,36728.0,69600.0
Brazil,2009,"Pepper (Piper spp.), raw",469.0,35770.0,65398.0
Brazil,2010,"Pepper (Piper spp.), raw",500.0,30761.0,52137.0
Brazil,2011,"Pepper (Piper spp.), raw",558.0,32696.0,44610.0
Brazil,2012,"Pepper (Piper spp.), raw",305.0,29129.0,43345.0
Brazil,2013,"Pepper (Piper spp.), raw",421.0,30605.0,42312.0
Brazil,2014,"Pepper (Piper spp.), raw",468.75,34269.06,42339.0
Brazil,2015,"Pepper (Piper spp.), raw",336.01,38034.19,51739.0
Brazil,2016,"Pepper (Piper spp.), raw",460.05,31084.58,54430.0
Brazil,2017,"Pepper (Piper spp.), raw",364.69,59501.11,79106.0
Brazil,2018,"Pepper (Piper spp.), raw",262.39,72580.16,101624.0
Brazil,2019,"Pepper (Piper spp.), raw",230.28,84675.67,109401.0
Brazil,2020,"Pepper (Piper spp.), raw",150.88,89756.07,114749.0
Brazil,2021,"Pepper (Piper spp.), raw",188.68,92065.28,118057.0
Brazil,2022,"Pepper (Piper spp.), raw",251.23,86385.49,129212.0
Brunei Darussalam,1993,"Pepper (Piper spp.), raw",30.0,0.0,15.68
Brunei Darussalam,1994,"Pepper (Piper spp.), raw",30.0,0.0,16.0
Brunei Darussalam,1995,"Pepper (Piper spp.), raw",10.0,0.0,17.01
Brunei Darussalam,1996,"Pepper (Piper spp.), raw",20.0,0.0,18.0
Brunei Darussalam,1997,"Pepper (Piper spp.), raw",34.0,0.0,18.99
Brunei Darussalam,1998,"Pepper (Piper spp.), raw",45.0,0.0,20.0
Brunei Darussalam,1999,"Pepper (Piper spp.), raw",10.0,0.0,22.48
Brunei Darussalam,2000,"Pepper (Piper spp.), raw",15.0,0.0,25.0
Brunei Darussalam,2001,"Pepper (Piper spp.), raw",30.0,0.0,26.0
Brunei Darussalam,2002,"Pepper (Piper spp.), raw",33.0,0.0,26.62
Brunei Darussalam,2003,"Pepper (Piper spp.), raw",31.0,2.0,27.29
Brunei Darussalam,2004,"Pepper (Piper spp.), raw",18.0,2.0,28.0
Brunei Darussalam,2005,"Pepper (Piper spp.), raw",35.0,2.0,28.0
Brunei Darussalam,2006,"Pepper (Piper spp.), raw",15.0,2.0,28.04
Brunei Darussalam,2007,"Pepper (Piper spp.), raw",13.0,2.0,28.02
Brunei Darussalam,2008,"Pepper (Piper spp.), raw",19.0,2.0,28.03
Brunei Darussalam,2009,"Pepper (Piper spp.), raw",24.0,2.0,28.03
Brunei Darussalam,2010,"Pepper (Piper spp.), raw",29.0,2.0,28.03
Brunei Darussalam,2011,"Pepper (Piper spp.), raw",30.0,2.0,28.03
Brunei Darussalam,2012,"Pepper (Piper spp.), raw",44.0,2.0,28.0
Brunei Darussalam,2013,"Pepper (Piper spp.), raw",36.0,0.0,28.34
Brunei Darussalam,2014,"Pepper (Piper spp.), raw",40.2,0.02,28.68
Brunei Darussalam,2015,"Pepper (Piper spp.), raw",72.0,0.0,28.65
Brunei Darussalam,2016,"Pepper (Piper spp.), raw",73.83,0.0,28.57
Brunei Darussalam,2017,"Pepper (Piper spp.), raw",60.58,2.18,28.49
Brunei Darussalam,2018,"Pepper (Piper spp.), raw",65.19,1.36,28.41
Brunei Darussalam,2019,"Pepper (Piper spp.), raw",72.73,1.24,28.32
Brunei Darussalam,2020,"Pepper (Piper spp.), raw",61.73,0.0,28.55
Brunei Darussalam,2021,"Pepper (Piper spp.), raw",63.59,0.01,28.5
Brunei Darussalam,2022,"Pepper (Piper spp.), raw",48.48,0.08,28.53
Brunei Darussalam,2023,"Pepper (Piper spp.), raw",76.83,0.0,28.55
Bulgaria,1993,"Pepper (Piper spp.), raw",325.0,256.0,0.0
Bulgaria,1995,"Pepper (Piper spp.), raw",529.0,200.0,0.0
Bulgaria,1996,"Pepper (Piper spp.), raw",413.0,318.0,0.0
Bulgaria,1997,"Pepper (Piper spp.), raw",483.0,241.0,0.0
Bulgaria,1998,"Pepper (Piper spp.), raw",501.0,101.0,0.0
Bulgaria,1999,"Pepper (Piper spp.), raw",612.0,50.0,0.0
Bulgaria,2000,"Pepper (Piper spp.), raw",615.0,20.0,0.0
Bulgaria,2001,"Pepper (Piper spp.), raw",520.0,48.0,0.0
Bulgaria,2002,"Pepper (Piper spp.), raw",723.0,31.0,0.0
Bulgaria,2003,"Pepper (Piper spp.), raw",685.0,30.0,0.0
Bulgaria,2004,"Pepper (Piper spp.), raw",746.0,42.0,0.0
Bulgaria,2005,"Pepper (Piper spp.), raw",625.0,53.0,0.0
Bulgaria,2006,"Pepper (Piper spp.), raw",813.0,31.0,0.0
Bulgaria,2007,"Pepper (Piper spp.), raw",709.0,35.0,0.0
Bulgaria,2008,"Pepper (Piper spp.), raw",819.0,194.0,0.0
Bulgaria,2009,"Pepper (Piper spp.), raw",1310.0,854.0,0.0
Bulgaria,2010,"Pepper (Piper spp.), raw",1343.0,1274.0,0.0
Bulgaria,2011,"Pepper (Piper spp.), raw",973.0,1106.0,0.0
Bulgaria,2012,"Pepper (Piper spp.), raw",893.0,755.0,0.0
Bulgaria,2013,"Pepper (Piper spp.), raw",883.0,744.0,0.0
Bulgaria,2014,"Pepper (Piper spp.), raw",858.24,786.0,0.0
Bulgaria,2015,"Pepper (Piper spp.), raw",874.58,1049.41,0.0
Bulgaria,2016,"Pepper (Piper spp.), raw",737.04,1083.97,0.0
Bulgaria,2017,"Pepper (Piper spp.), raw",856.16,1092.8,0.0
Bulgaria,2018,"Pepper (Piper spp.), raw",884.62,1165.33,0.0
Bulgaria,2020,"Pepper (Piper spp.), raw",833.55,742.88,0.0
Bulgaria,2021,"Pepper (Piper spp.), raw",814.81,727.07,0.0
Bulgaria,2022,"Pepper (Piper spp.), raw",796.09,438.61,0.0
Bulgaria,2023,"Pepper (Piper spp.), raw",814.16,415.76,0.0
Burkina Faso,1994,"Pepper (Piper spp.), raw",2.0,0.0,0.0
Burkina Faso,1996,"Pepper (Piper spp.), raw",2.0,0.0,0.0
Burkina Faso,1997,"Pepper (Piper spp.), raw",1.0,0.0,0.0
Burkina Faso,1998,"Pepper (Piper spp.), raw",1.0,0.0,0.0
Burkina Faso,1999,"Pepper (Piper spp.), raw",2.0,0.0,0.0
Burkina Faso,2000,"Pepper (Piper spp.), raw",2.0,0.0,0.0
Burkina Faso,2001,"Pepper (Piper spp.), raw",2.0,0.0,0.0
Burkina Faso,2002,"Pepper (Piper spp.), raw",2.0,0.0,0.0
Burkina Faso,2004,"Pepper (Piper spp.), raw",2.0,0.0,0.0
Burkina Faso,2005,"Pepper (Piper spp.), raw",2.0,0.0,0.0
Burkina Faso,2006,"Pepper (Piper spp.), raw",2.0,0.0,0.0
Burkina Faso,2007,"Pepper (Piper spp.), raw",2.0,0.0,0.0
Burkina Faso,2008,"Pepper (Piper spp.), raw",2.0,0.0,0.0
Burkina Faso,2010,"Pepper (Piper spp.), raw",7.0,0.0,0.0
Burkina Faso,2011,"Pepper (Piper spp.), raw",13.0,0.0,0.0
Burkina Faso,2012,"Pepper (Piper spp.), raw",11.0,0.0,0.0
Burkina Faso,2013,"Pepper (Piper spp.), raw",9.0,0.0,19000.0
Burkina Faso,2014,"Pepper (Piper spp.), raw",0.48,0.0,30000.0
Burkina Faso,2015,"Pepper (Piper spp.), raw",13.89,0.0,36000.0
Burkina Faso,2016,"Pepper (Piper spp.), raw",26.12,0.0,43000.0
Burkina Faso,2017,"Pepper (Piper spp.), raw",54.1,0.0,29000.0
Burkina Faso,2018,"Pepper (Piper spp.), raw",140.57,0.0,72000.0
Burkina Faso,2019,"Pepper (Piper spp.), raw",160.5,0.0,54000.0
Burkina Faso,2020,"Pepper (Piper spp.), raw",235.38,0.0,63000.0
Burkina Faso,2021,"Pepper (Piper spp.), raw",60.2,0.0,68025.71
Burkina Faso,2022,"Pepper (Piper spp.), raw",66.58,0.0,76908.52
Burkina Faso,2023,"Pepper (Piper spp.), raw",177.39,0.0,73836.2
Burundi,1998,"Pepper (Piper spp.), raw",0.1,0.0,0.0
Burundi,1999,"Pepper (Piper spp.), raw",0.59,0.0,0.0
Burundi,2000,"Pepper (Piper spp.), raw",0.73,0.0,0.0
Burundi,2001,"Pepper (Piper spp.), raw",0.0,0.0,0.0
Burundi,2002,"Pepper (Piper spp.), raw",1.0,0.0,0.0
Burundi,2003,"Pepper (Piper spp.), raw",0.0,0.0,0.0
Burundi,2005,"Pepper (Piper spp.), raw",0.0,0.0,0.0
Burundi,2006,"Pepper (Piper spp.), raw",0.0,0.0,0.0
Burundi,2007,"Pepper (Piper spp.), raw",0.0,0.0,0.0
Burundi,2008,"Pepper (Piper spp.), raw",0.0,0.0,0.0
Burundi,2009,"Pepper (Piper spp.), raw",0.0,0.0,0.0
Burundi,2011,"Pepper (Piper spp.), raw",0.0,2.0,0.0
Burundi,2012,"Pepper (Piper spp.), raw",1.0,0.0,0.0
Burundi,2013,"Pepper (Piper spp.), raw",1.0,0.0,0.0
Burundi,2014,"Pepper (Piper spp.), raw",0.84,0.0,0.0
Burundi,2015,"Pepper (Piper spp.), raw",0.04,0.0,0.0
Burundi,2017,"Pepper (Piper spp.), raw",2.1,0.0,0.0
Burundi,2018,"Pepper (Piper spp.), raw",1.23,0.0,0.0
Burundi,2019,"Pepper (Piper spp.), raw",0.99,0.0,0.0
Burundi,2020,"Pepper (Piper spp.), raw",2.0,0.0,0.0
Burundi,2021,"Pepper (Piper spp.), raw",4.78,0.0,0.0
Burundi,2022,"Pepper (Piper spp.), raw",5.36,0.0,0.0
Cabo Verde,1993,"Pepper (Piper spp.), raw",4.0,0.0,0.0
Cabo Verde,1994,"Pepper (Piper spp.), raw",2.0,0.0,0.0
Cabo Verde,1995,"Pepper (Piper spp.), raw",6.0,0.0,0.0
Cabo Verde,1997,"Pepper (Piper spp.), raw",7.0,0.0,0.0
Cabo Verde,1998,"Pepper (Piper spp.), raw",8.0,0.0,0.0
Cabo Verde,1999,"Pepper (Piper spp.), raw",9.0,0.0,0.0
Cabo Verde,2001,"Pepper (Piper spp.), raw",9.0,0.0,0.0
Cabo Verde,2002,"Pepper (Piper spp.), raw",5.0,0.0,0.0
Cabo Verde,2003,"Pepper (Piper spp.), raw",3.0,0.0,0.0
Cabo Verde,2004,"Pepper (Piper spp.), raw",2.0,0.0,0.0
Cabo Verde,2005,"Pepper (Piper spp.), raw",14.0,0.0,0.0
Cabo Verde,2006,"Pepper (Piper spp.), raw",5.0,0.0,0.0
Cabo Verde,2007,"Pepper (Piper spp.), raw",19.0,0.0,0.0
Cabo Verde,2008,"Pepper (Piper spp.), raw",16.0,0.0,0.0
Cabo Verde,2009,"Pepper (Piper spp.), raw",12.0,0.0,0.0
Cabo Verde,2010,"Pepper (Piper spp.), raw",12.0,0.0,0.0
Cabo Verde,2011,"Pepper (Piper spp.), raw",21.0,0.0,0.0
Cabo Verde,2012,"Pepper (Piper spp.), raw",15.0,0.0,0.0
Cabo Verde,2013,"Pepper (Piper spp.), raw",18.0,0.0,0.0
Cabo Verde,2015,"Pepper (Piper spp.), raw",16.16,0.04,0.0
Cabo Verde,2016,"Pepper (Piper spp.), raw",23.13,0.0,0.0
Cabo Verde,2017,"Pepper (Piper spp.), raw",23.51,0.0,0.0
Cabo Verde,2018,"Pepper (Piper spp.), raw",25.32,0.0,0.0
Cabo Verde,2019,"Pepper (Piper spp.), raw",25.07,0.0,0.0
Cabo Verde,2021,"Pepper (Piper spp.), raw",27.13,0.0,0.0
Cabo Verde,2022,"Pepper (Piper spp.), raw",28.73,0.0,0.0
Cabo Verde,2023,"Pepper (Piper spp.), raw",31.84,0.42,0.0
Cambodia,1997,"Pepper (Piper spp.), raw",0.0,4.0,2000.0
Cambodia,1998,"Pepper (Piper spp.), raw",0.0,0.0,2100.0
Cambodia,2000,"Pepper (Piper spp.), raw",0.0,0.0,2200.0
Cambodia,2001,"Pepper (Piper spp.), raw",1.0,0.0,2300.0
Cambodia,2002,"Pepper (Piper spp.), raw",0.0,0.0,2327.63
Cambodia,2004,"Pepper (Piper spp.), raw",1.0,10.0,2420.43
Cambodia,2005,"Pepper (Piper spp.), raw",0.0,3.0,2500.0
Cambodia,2006,"Pepper (Piper spp.), raw",0.0,14.0,2476.44
Cambodia,2007,"Pepper (Piper spp.), raw",0.0,39.0,2467.7
Cambodia,2008,"Pepper (Piper spp.), raw",0.0,48.0,2460.73
Cambodia,2009,"Pepper (Piper spp.), raw",0.0,1.0,2454.16
Cambodia,2010,"Pepper (Piper spp.), raw",0.0,6.0,2446.95
Cambodia,2011,"Pepper (Piper spp.), raw",717.0,203.0,2439.25
Cambodia,2012,"Pepper (Piper spp.), raw",1045.0,134.0,2400.0
Cambodia,2013,"Pepper (Piper spp.), raw",421.0,736.0,2467.81
Cambodia,2014,"Pepper (Piper spp.), raw",1.87,1060.91,2505.38
Cambodia,2015,"Pepper (Piper spp.), raw",10.48,139.69,2502.77
Cambodia,2016,"Pepper (Piper spp.), raw",5.51,437.49,2500.03
Cambodia,2017,"Pepper (Piper spp.), raw",21.16,1909.77,2498.64
Cambodia,2018,"Pepper (Piper spp.), raw",17.56,1880.51,2496.84
Cambodia,2019,"Pepper (Piper spp.), raw",30.48,3158.71,2494.73
Cambodia,2020,"Pepper (Piper spp.), raw",44.85,3481.77,2505.97
Cambodia,2021,"Pepper (Piper spp.), raw",31.83,6600.61,2498.02
Cambodia,2022,"Pepper (Piper spp.), raw",6.59,5174.13,2501.55
Cambodia,2023,"Pepper (Piper spp.), raw",2.89,858.49,2505.08
Cameroon,1993,"Pepper (Piper spp.), raw",0.0,0.0,65.0
Cameroon,1994,"Pepper (Piper spp.), raw",1.0,56.0,68.71
Cameroon,1995,"Pepper (Piper spp.), raw",3.0,10.0,69.92
Cameroon,1996,"Pepper (Piper spp.), raw",4.0,0.0,70.0
Cameroon,1997,"Pepper (Piper spp.), raw",4.0,24.0,72.55
Cameroon,1998,"Pepper (Piper spp.), raw",9.0,22.0,73.98
Cameroon,1999,"Pepper (Piper spp.), raw",15.0,0.0,75.44
Cameroon,2000,"Pepper (Piper spp.), raw",12.0,0.0,76.9
Cameroon,2001,"Pepper (Piper spp.), raw",5.0,0.0,78.35
Cameroon,2002,"Pepper (Piper spp.), raw",10.0,3.0,79.78
Cameroon,2004,"Pepper (Piper spp.), raw",16.0,4.0,82.28
Cameroon,2005,"Pepper (Piper spp.), raw",22.0,2.0,83.63
Cameroon,2006,"Pepper (Piper spp.), raw",24.0,3.0,84.91
Cameroon,2007,"Pepper (Piper spp.), raw",19.0,3.0,88.31
Cameroon,2008,"Pepper (Piper spp.), raw",18.0,5.0,89.52
Cameroon,2009,"Pepper (Piper spp.), raw",71.0,7.0,100.0
Cameroon,2010,"Pepper (Piper spp.), raw",73.0,6.0,105.0
Cameroon,2011,"Pepper (Piper spp.), raw",38.0,2.0,92.37
Cameroon,2013,"Pepper (Piper spp.), raw",210.0,14.0,88.32
Cameroon,2014,"Pepper (Piper spp.), raw",41.32,7.15,93.28
Cameroon,2015,"Pepper (Piper spp.), raw",44.87,0.14,92.5
Cameroon,2016,"Pepper (Piper spp.), raw",29.28,12.54,93.93
Cameroon,2017,"Pepper (Piper spp.), raw",32.82,15.2,95.43
Cameroon,2018,"Pepper (Piper spp.), raw",54.78,17.04,96.41
Cameroon,2019,"Pepper (Piper spp.), raw",47.12,4.43,97.1
Cameroon,2020,"Pepper (Piper spp.), raw",12.14,10.17,97.69
Cameroon,2021,"Pepper (Piper spp.), raw",11.14,12.92,97.33
Canada,1993,"Pepper (Piper spp.), raw",3769.0,216.0,0.0
Canada,1994,"Pepper (Piper spp.), raw",3546.0,8.0,0.0
Canada,1995,"Pepper (Piper spp.), raw",3866.0,290.0,0.0
Canada,1996,"Pepper (Piper spp.), raw",4736.0,446.0,0.0
Canada,1997,"Pepper (Piper spp.), raw",4570.0,530.0,0.0
Canada,1998,"Pepper (Piper spp.), raw",5078.0,613.0,0.0
Canada,1999,"Pepper (Piper spp.), raw",6303.0,929.0,0.0
Canada,2000,"Pepper (Piper spp.), raw",5596.74,936.64,0.0
Canada,2001,"Pepper (Piper spp.), raw",5482.0,737.0,0.0
Canada,2002,"Pepper (Piper spp.), raw",5902.0,900.0,0.0
Canada,2003,"Pepper (Piper spp.), raw",5647.0,863.0,0.0
Canada,2004,"Pepper (Piper spp.), raw",5491.0,652.0,0.0
Canada,2005,"Pepper (Piper spp.), raw",5966.0,659.0,0.0
Canada,2006,"Pepper (Piper spp.), raw",6152.0,424.0,0.0
Canada,2007,"Pepper (Piper spp.), raw",6734.0,825.0,0.0
Canada,2008,"Pepper (Piper spp.), raw",6487.0,917.0,0.0
Canada,2009,"Pepper (Piper spp.), raw",6184.0,772.0,0.0
Canada,2010,"Pepper (Piper spp.), raw",5664.0,428.0,0.0
Canada,2011,"Pepper (Piper spp.), raw",5553.0,533.0,0.0
Canada,2012,"Pepper (Piper spp.), raw",5934.0,553.0,0.0
Canada,2013,"Pepper (Piper spp.), raw",6119.0,851.0,0.0
Canada,2014,"Pepper (Piper spp.), raw",5955.78,550.45,0.0
Canada,2015,"Pepper (Piper spp.), raw",6284.73,972.07,0.0
Canada,2016,"Pepper (Piper spp.), raw",6338.32,785.06,0.0
Canada,2017,"Pepper (Piper spp.), raw",7120.44,929.36,0.0
Canada,2018,"Pepper (Piper spp.), raw",7065.76,674.91,0.0
Canada,2019,"Pepper (Piper spp.), raw",7388.21,828.54,0.0
Canada,2020,"Pepper (Piper spp.), raw",7561.78,788.37,0.0
Canada,2021,"Pepper (Piper spp.), raw",9015.21,1083.42,0.0
Canada,2022,"Pepper (Piper spp.), raw",8366.98,1003.15,0.0
Canada,2023,"Pepper (Piper spp.), raw",8255.1,910.83,0.0
Central African Republic,1993,"Pepper (Piper spp.), raw",1.0,0.0,0.0
Central African Republic,1995,"Pepper (Piper spp.), raw",2.0,38.0,0.0
Central African Republic,1996,"Pepper (Piper spp.), raw",0.0,38.0,0.0
Central African Republic,1997,"Pepper (Piper spp.), raw",0.0,5.0,0.0
Central African Republic,1998,"Pepper (Piper spp.), raw",0.0,32.0,0.0
Central African Republic,1999,"Pepper (Piper spp.), raw",0.0,30.0,0.0
Central African Republic,2000,"Pepper (Piper spp.), raw",0.0,2.0,0.0
Central African Republic,2001,"Pepper (Piper spp.), raw",0.0,6.0,0.0
Central African Republic,2002,"Pepper (Piper spp.), raw",0.0,0.0,0.0
Central African Republic,2003,"Pepper (Piper spp.), raw",0.0,0.0,0.0
Central African Republic,2004,"Pepper (Piper spp.), raw",0.0,0.0,0.0
Central African Republic,2006,"Pepper (Piper spp.), raw",0.0,0.0,0.0
Central African Republic,2008,"Pepper (Piper spp.), raw",0.0,0.0,0.0
Central African Republic,2009,"Pepper (Piper spp.), raw",0.0,0.0,0.0
Central African Republic,2010,"Pepper (Piper spp.), raw",0.0,0.0,0.0
Central African Republic,2011,"Pepper (Piper spp.), raw",0.0,0.0,0.0
Central African Republic,2012,"Pepper (Piper spp.), raw",0.0,0.0,0.0
Central African Republic,2013,"Pepper (Piper spp.), raw",0.0,0.0,0.0
Central African Republic,2017,"Pepper (Piper spp.), raw",17.76,55.43,0.0
Central African Republic,2019,"Pepper (Piper spp.), raw",6.59,10.05,0.0
Central African Republic,2022,"Pepper (Piper spp.), raw",0.6,15.6,0.0
Chad,1993,"Pepper (Piper spp.), raw",0.0,0.0,0.0
Chad,1995,"Pepper (Piper spp.), raw",0.0,0.0,0.0
Chad,1996,"Pepper (Piper spp.), raw",1.0,0.0,0.0
Chad,1997,"Pepper (Piper spp.), raw",0.0,0.0,0.0
Chad,1998,"Pepper (Piper spp.), raw",0.0,0.0,0.0
Chad,1999,"Pepper (Piper spp.), raw",0.0,0.0,0.0
Chad,2000,"Pepper (Piper spp.), raw",0.0,0.0,0.0
Chad,2001,"Pepper (Piper spp.), raw",1.0,0.0,0.0
Chad,2002,"Pepper (Piper spp.), raw",1.0,0.0,0.0
Chad,2003,"Pepper (Piper spp.), raw",0.0,0.0,0.0
Chad,2004,"Pepper (Piper spp.), raw",0.0,0.0,0.0
Chad,2005,"Pepper (Piper spp.), raw",0.0,0.0,0.0
Chad,2006,"Pepper (Piper spp.), raw",0.0,0.0,0.0
Chad,2007,"Pepper (Piper spp.), raw",0.0,0.0,0.0
Chad,2008,"Pepper (Piper spp.), raw",0.0,0.0,0.0
Chad,2009,"Pepper (Piper spp.), raw",0.0,0.0,0.0
Chad,2010,"Pepper (Piper spp.), raw",1.0,0.0,0.0
Chad,2011,"Pepper (Piper spp.), raw",1.0,0.0,0.0
Chad,2012,"Pepper (Piper spp.), raw",1.0,0.0,0.0
Chad,2013,"Pepper (Piper spp.), raw",1.0,0.0,0.0
Chad,2014,"Pepper (Piper spp.), raw",0.65,0.0,0.0
Chad,2015,"Pepper (Piper spp.), raw",0.4,0.0,0.0
Chad,2016,"Pepper (Piper spp.), raw",1.79,0.0,0.0
Chad,2017,"Pepper (Piper spp.), raw",43.85,0.0,0.0
Chad,2019,"Pepper (Piper spp.), raw",1.02,0.0,0.0
Chad,2020,"Pepper (Piper spp.), raw",3.74,0.0,0.0
Chad,2021,"Pepper (Piper spp.), raw",0.23,0.0,0.0
Chad,2023,"Pepper (Piper spp.), raw",0.97,0.0,0.0
Chile,1993,"Pepper (Piper spp.), raw",126.0,1.0,0.0
Chile,1994,"Pepper (Piper spp.), raw",174.0,3.0,0.0
Chile,1995,"Pepper (Piper spp.), raw",227.0,4.0,0.0
Chile,1996,"Pepper (Piper spp.), raw",219.0,5.0,0.0
Chile,1997,"Pepper (Piper spp.), raw",235.0,1.0,0.0
Chile,1998,"Pepper (Piper spp.), raw",149.0,5.0,0.0
Chile,1999,"Pepper (Piper spp.), raw",158.98,1.37,0.0
Chile,2000,"Pepper (Piper spp.), raw",276.72,11.76,0.0
Chile,2001,"Pepper (Piper spp.), raw",228.0,15.0,0.0
Chile,2003,"Pepper (Piper spp.), raw",216.0,1.0,0.0
Chile,2004,"Pepper (Piper spp.), raw",220.0,2.0,0.0
Chile,2005,"Pepper (Piper spp.), raw",276.0,0.0,0.0
Chile,2006,"Pepper (Piper spp.), raw",206.0,0.0,0.0
Chile,2007,"Pepper (Piper spp.), raw",426.0,1.0,0.0
Chile,2009,"Pepper (Piper spp.), raw",427.0,0.0,0.0
Chile,2010,"Pepper (Piper spp.), raw",227.0,1.0,0.0
Chile,2011,"Pepper (Piper spp.), raw",266.0,1.0,0.0
Chile,2012,"Pepper (Piper spp.), raw",259.0,0.0,0.0
Chile,2013,"Pepper (Piper spp.), raw",278.0,1.0,0.0
Chile,2014,"Pepper (Piper spp.), raw",264.94,0.13,0.0
Chile,2015,"Pepper (Piper spp.), raw",336.55,0.24,0.0
Chile,2016,"Pepper (Piper spp.), raw",296.5,0.54,0.0
Chile,2017,"Pepper (Piper spp.), raw",467.92,3.59,0.0
Chile,2018,"Pepper (Piper spp.), raw",516.14,17.67,0.0
Chile,2019,"Pepper (Piper spp.), raw",625.88,19.04,0.0
Chile,2020,"Pepper (Piper spp.), raw",781.58,8.98,0.0
Chile,2021,"Pepper (Piper spp.), raw",915.12,8.51,0.0
Chile,2022,"Pepper (Piper spp.), raw",598.6,6.33,0.0
China,1993,"Pepper (Piper spp.), raw",4752.0,5043.0,12126.77
China,1995,"Pepper (Piper spp.), raw",4119.0,2648.0,12141.35
China,1996,"Pepper (Piper spp.), raw",4154.0,2201.0,14150.0
China,1997,"Pepper (Piper spp.), raw",6236.0,6306.0,15154.58
China,1998,"Pepper (Piper spp.), raw",3289.0,2248.0,17160.0
China,1999,"Pepper (Piper spp.), raw",5474.0,5230.0,18163.01
China,2001,"Pepper (Piper spp.), raw",7246.0,3689.0,18673.49
China,2002,"Pepper (Piper spp.), raw",7755.0,7829.0,20680.0
China,2003,"Pepper (Piper spp.), raw",4781.0,5298.0,21684.65
China,2004,"Pepper (Piper spp.), raw",5346.0,3881.0,22189.18
China,2005,"Pepper (Piper spp.), raw",5684.0,2875.0,22693.9
China,2007,"Pepper (Piper spp.), raw",6112.0,5152.0,26210.0
China,2008,"Pepper (Piper spp.), raw",6020.0,6987.0,27208.43
China,2009,"Pepper (Piper spp.), raw",7205.0,2515.0,28209.88
China,2010,"Pepper (Piper spp.), raw",7580.0,5324.0,30210.0
China,2011,"Pepper (Piper spp.), raw",8228.0,5471.0,29205.86
China,2012,"Pepper (Piper spp.), raw",6945.0,3241.0,31200.0
China,2013,"Pepper (Piper spp.), raw",7249.0,2185.0,31410.0
China,2014,"Pepper (Piper spp.), raw",9790.53,1503.01,32940.09
China,2015,"Pepper (Piper spp.), raw",8675.93,2206.81,34223.75
China,2016,"Pepper (Piper spp.), raw",8651.79,1894.87,32858.85
China,2017,"Pepper (Piper spp.), raw",8393.18,1846.31,33340.05
China,2018,"Pepper (Piper spp.), raw",10591.67,3159.24,35061.88
China,2019,"Pepper (Piper spp.), raw",18599.18,3208.39,33754.07
China,2020,"Pepper (Piper spp.), raw",27043.01,3106.33,34055.87
China,2021,"Pepper (Piper spp.), raw",18865.29,3596.62,34293.92
China,2022,"Pepper (Piper spp.), raw",13325.54,3915.31,34037.44
China,2023,"Pepper (Piper spp.), raw",13445.34,4254.99,34131.17
"China, Hong Kong SAR",1993,"Pepper (Piper spp.), raw",2591.0,2586.0,0.0
"China, Hong Kong SAR",1995,"Pepper (Piper spp.), raw",1843.0,1650.0,0.0
"China, Hong Kong SAR",1996,"Pepper (Piper spp.), raw",1513.0,771.0,0.0
"China, Hong Kong SAR",1997,"Pepper (Piper spp.), raw",2703.0,2280.0,0.0
"China, Hong Kong SAR",1998,"Pepper (Piper spp.), raw",1137.0,555.0,0.0
"China, Hong Kong SAR",1999,"Pepper (Piper spp.), raw",2038.0,1511.0,0.0
"China, Hong Kong SAR",2001,"Pepper (Piper spp.), raw",1991.0,1610.0,0.0
"China, Hong Kong SAR",2002,"Pepper (Piper spp.), raw",2454.0,1939.0,0.0
"China, Hong Kong SAR",2003,"Pepper (Piper spp.), raw",1446.0,735.0,0.0
"China, Hong Kong SAR",2004,"Pepper (Piper spp.), raw",1022.0,398.0,0.0
"China, Hong Kong SAR",2005,"Pepper (Piper spp.), raw",842.0,341.0,0.0
"China, Hong Kong SAR",2006,"Pepper (Piper spp.), raw",894.0,426.0,0.0
"China, Hong Kong SAR",2007,"Pepper (Piper spp.), raw",1067.0,351.0,0.0
"China, Hong Kong SAR",2008,"Pepper (Piper spp.), raw",1092.0,365.0,0.0
"China, Hong Kong SAR",2009,"Pepper (Piper spp.), raw",967.0,363.0,0.0
"China, Hong Kong SAR",2010,"Pepper (Piper spp.), raw",1029.0,702.0,0.0
"China, Hong Kong SAR",2011,"Pepper (Piper spp.), raw",1155.0,766.0,0.0
"China, Hong Kong SAR",2012,"Pepper (Piper spp.), raw",1068.0,556.0,0.0
"China, Hong Kong SAR",2013,"Pepper (Piper spp.), raw",1308.0,501.0,0.0
"China, Hong Kong SAR",2014,"Pepper (Piper spp.), raw",1326.33,365.21,0.0
"China, Hong Kong SAR",2015,"Pepper (Piper spp.), raw",1172.63,389.91,0.0
"China, Hong Kong SAR",2016,"Pepper (Piper spp.), raw",1140.39,293.17,0.0
"China, Hong Kong SAR",2017,"Pepper (Piper spp.), raw",1165.55,299.07,0.0
"China, Hong Kong SAR",2018,"Pepper (Piper spp.), raw",1293.79,492.38,0.0
"China, Hong Kong SAR",2019,"Pepper (Piper spp.), raw",1314.37,415.07,0.0
"China, Hong Kong SAR",2020,"Pepper (Piper spp.), raw",1124.31,200.03,0.0
"China, Hong Kong SAR",2021,"Pepper (Piper spp.), raw",1254.04,169.51,0.0
"China, Hong Kong SAR",2022,"Pepper (Piper spp.), raw",984.69,154.1,0.0
"China, Hong Kong SAR",2023,"Pepper (Piper spp.), raw",873.72,107.21,0.0
"China, Macao SAR",1993,"Pepper (Piper spp.), raw",18.0,0.0,126.77
"China, Macao SAR",1995,"Pepper (Piper spp.), raw",19.0,0.0,141.35
"China, Macao SAR",1996,"Pepper (Piper spp.), raw",13.0,0.0,150.0
"China, Macao SAR",1997,"Pepper (Piper spp.), raw",15.0,0.0,154.58
"China, Macao SAR",1998,"Pepper (Piper spp.), raw",15.0,0.0,160.0
"China, Macao SAR",1999,"Pepper (Piper spp.), raw",18.0,0.0,163.01
"China, Macao SAR",2000,"Pepper (Piper spp.), raw",22.42,0.0,165.0
"China, Macao SAR",2001,"Pepper (Piper spp.), raw",44.0,0.0,173.49
"China, Macao SAR",2002,"Pepper (Piper spp.), raw",56.0,0.0,180.0
"China, Macao SAR",2003,"Pepper (Piper spp.), raw",59.0,0.0,184.65
"China, Macao SAR",2004,"Pepper (Piper spp.), raw",65.0,4.0,189.18
"China, Macao SAR",2005,"Pepper (Piper spp.), raw",65.0,4.0,193.9
"China, Macao SAR",2006,"Pepper (Piper spp.), raw",53.0,0.0,200.0
"China, Macao SAR",2007,"Pepper (Piper spp.), raw",73.0,0.0,210.0
"China, Macao SAR",2008,"Pepper (Piper spp.), raw",37.0,2.0,208.43
"China, Macao SAR",2009,"Pepper (Piper spp.), raw",25.0,0.0,209.88
"China, Macao SAR",2010,"Pepper (Piper spp.), raw",25.0,0.0,210.0
"China, Macao SAR",2011,"Pepper (Piper spp.), raw",31.0,0.0,205.86
"China, Macao SAR",2013,"Pepper (Piper spp.), raw",30.0,0.0,210.0
"China, Macao SAR",2014,"Pepper (Piper spp.), raw",38.16,0.0,216.97
"China, Macao SAR",2015,"Pepper (Piper spp.), raw",41.79,0.0,216.0
"China, Macao SAR",2016,"Pepper (Piper spp.), raw",43.5,0.0,215.23
"China, Macao SAR",2017,"Pepper (Piper spp.), raw",48.78,0.0,215.21
"China, Macao SAR",2018,"Pepper (Piper spp.), raw",71.35,0.0,215.33
"China, Macao SAR",2020,"Pepper (Piper spp.), raw",46.13,0.0,219.3
"China, Macao SAR",2021,"Pepper (Piper spp.), raw",45.55,0.0,220.1
"China, Macao SAR",2022,"Pepper (Piper spp.), raw",38.1,0.0,221.2
"China, Macao SAR",2023,"Pepper (Piper spp.), raw",37.04,0.0,222.29
"China, mainland",1993,"Pepper (Piper spp.), raw",371.0,2441.0,12000.0
"China, mainland",1994,"Pepper (Piper spp.), raw",301.0,7761.0,13000.0
"China, mainland",1996,"Pepper (Piper spp.), raw",386.0,1409.0,14000.0
"China, mainland",1997,"Pepper (Piper spp.), raw",351.0,3990.0,15000.0
"China, mainland",1998,"Pepper (Piper spp.), raw",443.0,989.0,17000.0
"China, mainland",1999,"Pepper (Piper spp.), raw",1090.0,3461.0,18000.0
"China, mainland",2000,"Pepper (Piper spp.), raw",2321.25,976.22,17500.0
"China, mainland",2001,"Pepper (Piper spp.), raw",2851.0,592.0,18500.0
"China, mainland",2002,"Pepper (Piper spp.), raw",1920.0,4770.0,20500.0
"China, mainland",2003,"Pepper (Piper spp.), raw",808.0,3761.0,21500.0
"China, mainland",2004,"Pepper (Piper spp.), raw",806.0,3425.0,22000.0
"China, mainland",2005,"Pepper (Piper spp.), raw",1535.0,2491.0,22500.0
"China, mainland",2007,"Pepper (Piper spp.), raw",2076.0,4736.0,26000.0
"China, mainland",2008,"Pepper (Piper spp.), raw",2651.0,6509.0,27000.0
"China, mainland",2009,"Pepper (Piper spp.), raw",2667.0,2083.0,28000.0
"China, mainland",2010,"Pepper (Piper spp.), raw",3356.0,4569.0,30000.0
"China, mainland",2011,"Pepper (Piper spp.), raw",3275.0,4447.0,29000.0
"China, mainland",2012,"Pepper (Piper spp.), raw",3169.0,2563.0,31000.0
"China, mainland",2013,"Pepper (Piper spp.), raw",2891.0,1605.0,31200.0
"China, mainland",2014,"Pepper (Piper spp.), raw",4863.27,1040.82,32723.12
"China, mainland",2015,"Pepper (Piper spp.), raw",4486.74,1706.94,34007.75
"China, mainland",2016,"Pepper (Piper spp.), raw",4488.39,1420.4,32643.63
"China, mainland",2017,"Pepper (Piper spp.), raw",3863.89,1332.06,33124.83
"China, mainland",2018,"Pepper (Piper spp.), raw",5872.44,2522.79,34846.54
"China, mainland",2019,"Pepper (Piper spp.), raw",12779.79,2683.61,33538.33
"China, mainland",2021,"Pepper (Piper spp.), raw",13638.74,3329.91,34073.82
"China, mainland",2022,"Pepper (Piper spp.), raw",8787.74,3679.63,33816.24
"China, mainland",2023,"Pepper (Piper spp.), raw",9184.41,4053.87,33908.88
"China, Taiwan Province of",1993,"Pepper (Piper spp.), raw",1772.0,16.0,0.0
"China, Taiwan Province of",1994,"Pepper (Piper spp.), raw",1551.0,5.0,0.0
"China, Taiwan Province of",1995,"Pepper (Piper spp.), raw",1494.0,5.0,0.0
"China, Taiwan Province of",1996,"Pepper (Piper spp.), raw",2242.0,21.0,0.0
"China, Taiwan Province of",1997,"Pepper (Piper spp.), raw",3167.0,36.0,0.0
"China, Taiwan Province of",1998,"Pepper (Piper spp.), raw",1694.0,704.0,0.0
"China, Taiwan Province of",1999,"Pepper (Piper spp.), raw",2328.0,258.0,0.0
"China, Taiwan Province of",2000,"Pepper (Piper spp.), raw",2359.46,436.99,0.0
"China, Taiwan Province of",2001,"Pepper (Piper spp.), raw",2360.0,1487.0,0.0
"China, Taiwan Province of",2002,"Pepper (Piper spp.), raw",3325.0,1120.0,0.0
"China, Taiwan Province of",2003,"Pepper (Piper spp.), raw",2468.0,802.0,0.0
"China, Taiwan Province of",2004,"Pepper (Piper spp.), raw",3453.0,54.0,0.0
"China, Taiwan Province of",2005,"Pepper (Piper spp.), raw",3242.0,39.0,0.0
"China, Taiwan Province of",2006,"Pepper (Piper spp.), raw",4006.0,40.0,0.0
"China, Taiwan Province of",2007,"Pepper (Piper spp.), raw",2896.0,65.0,0.0
"China, Taiwan Province of",2008,"Pepper (Piper spp.), raw",2240.0,111.0,0.0
"China, Taiwan Province of",2009,"Pepper (Piper spp.), raw",3546.0,69.0,0.0
"China, Taiwan Province of",2010,"Pepper (Piper spp.), raw",3170.0,53.0,0.0
"China, Taiwan Province of",2012,"Pepper (Piper spp.), raw",2679.0,122.0,0.0
"China, Taiwan Province of",2013,"Pepper (Piper spp.), raw",3020.0,79.0,0.0
"China, Taiwan Province of",2014,"Pepper (Piper spp.), raw",3562.78,96.98,0.0
"China, Taiwan Province of",2015,"Pepper (Piper spp.), raw",2974.77,109.95,0.0
"China, Taiwan Province of",2016,"Pepper (Piper spp.), raw",2979.51,181.3,0.0
"China, Taiwan Province of",2017,"Pepper (Piper spp.), raw",3314.95,215.19,0.0
"China, Taiwan Province of",2018,"Pepper (Piper spp.), raw",3354.09,144.07,0.0
"China, Taiwan Province of",2019,"Pepper (Piper spp.), raw",4405.85,109.71,0.0
"China, Taiwan Province of",2020,"Pepper (Piper spp.), raw",3778.99,69.38,0.0
"China, Taiwan Province of",2021,"Pepper (Piper spp.), raw",3926.96,97.21,0.0
"China, Taiwan Province of",2022,"Pepper (Piper spp.), raw",3515.0,81.58,0.0
"China, Taiwan Province of",2023,"Pepper (Piper spp.), raw",3350.16,93.91,0.0
Colombia,1993,"Pepper (Piper spp.), raw",314.0,159.0,0.0
Colombia,1994,"Pepper (Piper spp.), raw",356.0,162.0,0.0
Colombia,1995,"Pepper (Piper spp.), raw",482.0,109.0,0.0
Colombia,1996,"Pepper (Piper spp.), raw",480.0,118.0,0.0
Colombia,1997,"Pepper (Piper spp.), raw",275.0,16.0,0.0
Colombia,1998,"Pepper (Piper spp.), raw",349.0,182.0,0.0
Colombia,1999,"Pepper (Piper spp.), raw",309.0,0.0,0.0
Colombia,2000,"Pepper (Piper spp.), raw",258.68,61.64,0.0
Colombia,2001,"Pepper (Piper spp.), raw",317.0,74.0,0.0
Colombia,2003,"Pepper (Piper spp.), raw",332.0,0.0,0.0
Colombia,2004,"Pepper (Piper spp.), raw",268.0,0.0,0.0
Colombia,2005,"Pepper (Piper spp.), raw",326.0,9.0,0.0
Colombia,2006,"Pepper (Piper spp.), raw",251.0,17.0,0.0
Colombia,2008,"Pepper (Piper spp.), raw",332.0,50.0,0.0
Colombia,2009,"Pepper (Piper spp.), raw",303.0,0.0,0.0
Colombia,2010,"Pepper (Piper spp.), raw",336.0,0.0,0.0
Colombia,2011,"Pepper (Piper spp.), raw",258.0,0.0,0.0
Colombia,2013,"Pepper (Piper spp.), raw",275.0,1.0,0.0
Colombia,2014,"Pepper (Piper spp.), raw",331.59,0.02,0.0
Colombia,2015,"Pepper (Piper spp.), raw",263.55,0.0,0.0
Colombia,2016,"Pepper (Piper spp.), raw",329.06,1.28,0.0
Colombia,2017,"Pepper (Piper spp.), raw",341.37,1.21,0.0
Colombia,2019,"Pepper (Piper spp.), raw",349.87,0.82,0.0
Colombia,2020,"Pepper (Piper spp.), raw",459.75,1.04,0.0
Colombia,2021,"Pepper (Piper spp.), raw",587.62,0.04,0.0
Colombia,2022,"Pepper (Piper spp.), raw",602.49,0.4,0.0
Comoros,1996,"Pepper (Piper spp.), raw",1.0,0.0,0.0
Comoros,1998,"Pepper (Piper spp.), raw",0.0,0.0,0.0
Comoros,1999,"Pepper (Piper spp.), raw",0.0,0.0,0.0
Comoros,2000,"Pepper (Piper spp.), raw",0.06,0.03,0.0
Comoros,2001,"Pepper (Piper spp.), raw",0.0,0.0,0.0
Comoros,2002,"Pepper (Piper spp.), raw",5.0,0.0,0.0
Comoros,2003,"Pepper (Piper spp.), raw",1.0,0.0,0.0
Comoros,2004,"Pepper (Piper spp.), raw",12.0,0.0,0.0
Comoros,2005,"Pepper (Piper spp.), raw",9.0,0.0,0.0
Comoros,2006,"Pepper (Piper spp.), raw",5.0,0.0,0.0
Comoros,2007,"Pepper (Piper spp.), raw",6.0,0.0,0.0
Comoros,2008,"Pepper (Piper spp.), raw",6.0,0.0,0.0
Comoros,2009,"Pepper (Piper spp.), raw",2.0,0.0,0.0
Comoros,2010,"Pepper (Piper spp.), raw",2.0,0.0,0.0
Comoros,2011,"Pepper (Piper spp.), raw",3.0,0.0,0.0
Comoros,2012,"Pepper (Piper spp.), raw",1.0,0.0,0.0
Comoros,2013,"Pepper (Piper spp.), raw",1.0,0.0,0.0
Comoros,2014,"Pepper (Piper spp.), raw",0.5,0.0,0.0
Comoros,2015,"Pepper (Piper spp.), raw",0.02,0.76,0.0
Comoros,2016,"Pepper (Piper spp.), raw",4.23,0.0,0.0
Comoros,2017,"Pepper (Piper spp.), raw",2.88,0.0,0.0
Comoros,2019,"Pepper (Piper spp.), raw",4.62,0.0,0.0
Comoros,2020,"Pepper (Piper spp.), raw",6.9,0.0,0.0
Comoros,2021,"Pepper (Piper spp.), raw",2.69,0.0,0.0
Comoros,2022,"Pepper (Piper spp.), raw",12.04,0.0,0.0
Comoros,2023,"Pepper (Piper spp.), raw",12.02,0.0,0.0
Congo,1993,"Pepper (Piper spp.), raw",3.0,0.0,0.0
Congo,1994,"Pepper (Piper spp.), raw",1.0,0.0,0.0
Congo,1996,"Pepper (Piper spp.), raw",0.0,0.0,0.0
Congo,1997,"Pepper (Piper spp.), raw",0.0,0.0,0.0
Congo,1998,"Pepper (Piper spp.), raw",0.0,0.0,0.0
Congo,1999,"Pepper (Piper spp.), raw",0.0,0.0,0.0
Congo,2000,"Pepper (Piper spp.), raw",0.0,0.0,0.0
Congo,2001,"Pepper (Piper spp.), raw",0.0,0.0,0.0
Congo,2002,"Pepper (Piper spp.), raw",0.0,0.0,0.0
Congo,2003,"Pepper (Piper spp.), raw",0.0,0.0,0.0
Congo,2004,"Pepper (Piper spp.), raw",1.0,0.0,0.0
Congo,2005,"Pepper (Piper spp.), raw",2.0,0.0,0.0
Congo,2006,"Pepper (Piper spp.), raw",5.0,0.0,0.0
Congo,2007,"Pepper (Piper spp.), raw",4.0,0.0,0.0
Congo,2009,"Pepper (Piper spp.), raw",33.0,0.0,0.0
Congo,2010,"Pepper (Piper spp.), raw",34.0,0.0,0.0
Congo,2011,"Pepper (Piper spp.), raw",34.0,1.0,0.0
Congo,2012,"Pepper (Piper spp.), raw",106.0,0.0,0.0
Congo,2013,"Pepper (Piper spp.), raw",79.0,0.0,0.0
Congo,2014,"Pepper (Piper spp.), raw",67.61,0.09,0.0
Congo,2015,"Pepper (Piper spp.), raw",90.53,0.0,0.0
Congo,2017,"Pepper (Piper spp.), raw",80.35,0.0,0.0
Congo,2018,"Pepper (Piper spp.), raw",73.75,0.0,0.0
Congo,2019,"Pepper (Piper spp.), raw",76.98,2.4,0.0
Congo,2020,"Pepper (Piper spp.), raw",116.05,0.0,0.0
Congo,2021,"Pepper (Piper spp.), raw",99.99,0.5,0.0
Congo,2023,"Pepper (Piper spp.), raw",37.6,0.0,0.0
Cook Islands,2014,"Pepper (Piper spp.), raw",2.09,0.0,0.0
Cook Islands,2015,"Pepper (Piper spp.), raw",1.69,0.0,0.0
Cook Islands,2016,"Pepper (Piper spp.), raw",1.27,0.0,0.0
Cook Islands,2017,"Pepper (Piper spp.), raw",0.89,0.0,0.0
Cook Islands,2018,"Pepper (Piper spp.), raw",1.15,0.0,0.0
Cook Islands,2019,"Pepper (Piper spp.), raw",1.55,0.0,0.0
Cook Islands,2020,"Pepper (Piper spp.), raw",2.28,0.0,0.0
Cook Islands,2021,"Pepper (Piper spp.), raw",3.14,0.0,0.0
Cook Islands,2022,"Pepper (Piper spp.), raw",2.9,0.0,0.0
Cook Islands,2023,"Pepper (Piper spp.), raw",2.99,0.0,0.0
Costa Rica,1994,"Pepper (Piper spp.), raw",57.0,201.0,1944.0
Costa Rica,1995,"Pepper (Piper spp.), raw",78.0,173.0,2000.0
Costa Rica,1996,"Pepper (Piper spp.), raw",35.0,89.0,2000.0
Costa Rica,1997,"Pepper (Piper spp.), raw",124.0,101.0,2000.0
Costa Rica,1998,"Pepper (Piper spp.), raw",137.0,209.0,504.0
Costa Rica,1999,"Pepper (Piper spp.), raw",116.71,67.19,564.0
Costa Rica,2000,"Pepper (Piper spp.), raw",100.38,55.37,373.0
Costa Rica,2001,"Pepper (Piper spp.), raw",138.0,88.0,258.0
Costa Rica,2002,"Pepper (Piper spp.), raw",139.0,101.0,281.0
Costa Rica,2003,"Pepper (Piper spp.), raw",104.0,82.0,1240.0
Costa Rica,2004,"Pepper (Piper spp.), raw",173.0,33.0,960.0
Costa Rica,2005,"Pepper (Piper spp.), raw",182.0,23.0,964.82
Costa Rica,2006,"Pepper (Piper spp.), raw",352.0,26.0,995.0
Costa Rica,2007,"Pepper (Piper spp.), raw",178.0,11.0,995.0
Costa Rica,2008,"Pepper (Piper spp.), raw",250.0,17.0,995.0
Costa Rica,2009,"Pepper (Piper spp.), raw",259.0,38.0,1040.0
Costa Rica,2010,"Pepper (Piper spp.), raw",292.0,65.0,1040.0
Costa Rica,2011,"Pepper (Piper spp.), raw",356.0,43.0,1040.0
Costa Rica,2013,"Pepper (Piper spp.), raw",351.0,62.0,1040.0
Costa Rica,2014,"Pepper (Piper spp.), raw",313.31,127.15,1960.0
Costa Rica,2015,"Pepper (Piper spp.), raw",355.47,102.74,2028.0
Costa Rica,2018,"Pepper (Piper spp.), raw",354.2,198.72,1806.0
Costa Rica,2019,"Pepper (Piper spp.), raw",309.54,113.3,1544.67
Costa Rica,2020,"Pepper (Piper spp.), raw",266.19,166.6,1680.22
Costa Rica,2021,"Pepper (Piper spp.), raw",337.82,135.73,1676.96
Costa Rica,2022,"Pepper (Piper spp.), raw",345.36,24.32,1633.95
Côte d'Ivoire,1993,"Pepper (Piper spp.), raw",30.0,50.0,1488.84
Côte d'Ivoire,1994,"Pepper (Piper spp.), raw",30.0,60.0,1430.33
Côte d'Ivoire,1995,"Pepper (Piper spp.), raw",132.0,14.0,1371.81
Côte d'Ivoire,1996,"Pepper (Piper spp.), raw",94.0,17.0,1313.3
Côte d'Ivoire,1997,"Pepper (Piper spp.), raw",108.3,25.0,1254.79
Côte d'Ivoire,1998,"Pepper (Piper spp.), raw",85.03,0.3,1196.28
Côte d'Ivoire,1999,"Pepper (Piper spp.), raw",124.06,6.82,1137.77
Côte d'Ivoire,2000,"Pepper (Piper spp.), raw",152.0,6.0,1079.26
Côte d'Ivoire,2002,"Pepper (Piper spp.), raw",176.0,16.0,962.23
Côte d'Ivoire,2003,"Pepper (Piper spp.), raw",78.0,5.0,903.72
Côte d'Ivoire,2004,"Pepper (Piper spp.), raw",12.0,5.0,845.21
Côte d'Ivoire,2005,"Pepper (Piper spp.), raw",58.0,2.0,854.0
Côte d'Ivoire,2006,"Pepper (Piper spp.), raw",67.0,22.0,740.02
Côte d'Ivoire,2008,"Pepper (Piper spp.), raw",30.0,7.0,734.61
Côte d'Ivoire,2009,"Pepper (Piper spp.), raw",166.0,9.0,500.0
Côte d'Ivoire,2010,"Pepper (Piper spp.), raw",84.0,6.0,480.33
Côte d'Ivoire,2011,"Pepper (Piper spp.), raw",34.0,25.0,418.18
Côte d'Ivoire,2012,"Pepper (Piper spp.), raw",161.0,56.0,325.0
Côte d'Ivoire,2013,"Pepper (Piper spp.), raw",78.0,109.0,325.0
Côte d'Ivoire,2014,"Pepper (Piper spp.), raw",98.81,92.05,302.42
Côte d'Ivoire,2015,"Pepper (Piper spp.), raw",52.71,84.56,266.95
Côte d'Ivoire,2016,"Pepper (Piper spp.), raw",66.53,49.83,230.0
Côte d'Ivoire,2017,"Pepper (Piper spp.), raw",83.35,15.3,250.0
Côte d'Ivoire,2018,"Pepper (Piper spp.), raw",94.23,2.87,248.98
Côte d'Ivoire,2019,"Pepper (Piper spp.), raw",907.07,37.01,242.99
Côte d'Ivoire,2020,"Pepper (Piper spp.), raw",316.39,61.68,247.33
Côte d'Ivoire,2021,"Pepper (Piper spp.), raw",581.1,109.23,246.43
Côte d'Ivoire,2022,"Pepper (Piper spp.), raw",790.95,80.62,245.58
Côte d'Ivoire,2023,"Pepper (Piper spp.), raw",513.25,195.14,246.45
Croatia,1993,"Pepper (Piper spp.), raw",282.0,17.0,0.0
Croatia,1994,"Pepper (Piper spp.), raw",498.0,27.0,0.0
Croatia,1995,"Pepper (Piper spp.), raw",503.0,34.0,0.0
Croatia,1997,"Pepper (Piper spp.), raw",531.0,28.0,0.0
Croatia,1999,"Pepper (Piper spp.), raw",530.0,47.0,0.0
Croatia,2000,"Pepper (Piper spp.), raw",511.0,57.0,0.0
Croatia,2001,"Pepper (Piper spp.), raw",550.0,66.0,0.0
Croatia,2002,"Pepper (Piper spp.), raw",569.0,88.0,0.0
Croatia,2003,"Pepper (Piper spp.), raw",521.0,55.0,0.0
Croatia,2004,"Pepper (Piper spp.), raw",506.0,39.0,0.0
Croatia,2005,"Pepper (Piper spp.), raw",521.0,37.0,0.0
Croatia,2006,"Pepper (Piper spp.), raw",535.0,37.0,0.0
Croatia,2007,"Pepper (Piper spp.), raw",555.0,39.0,0.0
Croatia,2008,"Pepper (Piper spp.), raw",563.0,58.0,0.0
Croatia,2009,"Pepper (Piper spp.), raw",485.0,58.0,0.0
Croatia,2011,"Pepper (Piper spp.), raw",488.0,41.0,0.0
Croatia,2012,"Pepper (Piper spp.), raw",472.0,50.0,0.0
Croatia,2013,"Pepper (Piper spp.), raw",455.0,51.0,0.0
Croatia,2014,"Pepper (Piper spp.), raw",537.27,53.33,0.0
Croatia,2015,"Pepper (Piper spp.), raw",562.94,79.66,0.0
Croatia,2016,"Pepper (Piper spp.), raw",552.91,76.3,0.0
Croatia,2017,"Pepper (Piper spp.), raw",601.44,88.25,0.0
Croatia,2018,"Pepper (Piper spp.), raw",642.52,74.2,0.0
Croatia,2019,"Pepper (Piper spp.), raw",669.27,90.57,0.0
Croatia,2020,"Pepper (Piper spp.), raw",563.79,125.32,0.0
Croatia,2021,"Pepper (Piper spp.), raw",769.28,186.6,0.0
Croatia,2022,"Pepper (Piper spp.), raw",666.92,194.48,0.0
Croatia,2023,"Pepper (Piper spp.), raw",710.24,145.42,0.0
Cuba,1993,"Pepper (Piper spp.), raw",200.0,0.0,0.0
Cuba,1994,"Pepper (Piper spp.), raw",200.0,0.0,0.0
Cuba,1995,"Pepper (Piper spp.), raw",200.0,0.0,0.0
Cuba,1996,"Pepper (Piper spp.), raw",200.0,0.0,0.0
Cuba,1997,"Pepper (Piper spp.), raw",200.0,0.0,0.0
Cuba,1998,"Pepper (Piper spp.), raw",200.0,0.0,0.0
Cuba,1999,"Pepper (Piper spp.), raw",46.0,0.0,0.0
Cuba,2000,"Pepper (Piper spp.), raw",40.0,0.0,0.0
Cuba,2001,"Pepper (Piper spp.), raw",40.0,0.0,0.0
Cuba,2002,"Pepper (Piper spp.), raw",48.0,0.0,0.0
Cuba,2003,"Pepper (Piper spp.), raw",62.0,0.0,0.0
Cuba,2004,"Pepper (Piper spp.), raw",41.0,0.0,0.0
Cuba,2005,"Pepper (Piper spp.), raw",101.0,0.0,0.0
Cuba,2006,"Pepper (Piper spp.), raw",34.0,0.0,0.0
Cuba,2007,"Pepper (Piper spp.), raw",106.0,0.0,0.0
Cuba,2008,"Pepper (Piper spp.), raw",16.0,0.0,0.0
Cuba,2009,"Pepper (Piper spp.), raw",4.0,0.0,0.0
Cuba,2010,"Pepper (Piper spp.), raw",7.0,0.0,0.0
Cuba,2011,"Pepper (Piper spp.), raw",30.0,0.0,0.0
Cuba,2012,"Pepper (Piper spp.), raw",35.0,0.0,0.0
Cuba,2013,"Pepper (Piper spp.), raw",40.0,0.0,0.0
Cuba,2014,"Pepper (Piper spp.), raw",56.93,0.79,0.0
Cuba,2015,"Pepper (Piper spp.), raw",96.84,13.47,0.0
Cuba,2016,"Pepper (Piper spp.), raw",77.15,11.13,0.0
Cuba,2017,"Pepper (Piper spp.), raw",51.45,0.0,0.0
Cuba,2018,"Pepper (Piper spp.), raw",137.0,0.62,0.0
Cuba,2019,"Pepper (Piper spp.), raw",144.28,3.51,0.0
Cuba,2020,"Pepper (Piper spp.), raw",116.44,22.9,0.0
Cuba,2021,"Pepper (Piper spp.), raw",87.87,18.82,0.0
Cuba,2022,"Pepper (Piper spp.), raw",57.99,1.99,0.0
Cuba,2023,"Pepper (Piper spp.), raw",59.14,1.35,0.0
Cyprus,1993,"Pepper (Piper spp.), raw",34.0,1.0,0.0
Cyprus,1994,"Pepper (Piper spp.), raw",27.0,0.0,0.0
Cyprus,1995,"Pepper (Piper spp.), raw",59.0,0.0,0.0
Cyprus,1996,"Pepper (Piper spp.), raw",49.0,2.0,0.0
Cyprus,1997,"Pepper (Piper spp.), raw",16.0,1.0,0.0
Cyprus,1999,"Pepper (Piper spp.), raw",36.0,1.0,0.0
Cyprus,2000,"Pepper (Piper spp.), raw",55.52,0.0,0.0
Cyprus,2001,"Pepper (Piper spp.), raw",58.0,0.0,0.0
Cyprus,2002,"Pepper (Piper spp.), raw",65.0,0.0,0.0
Cyprus,2003,"Pepper (Piper spp.), raw",57.0,0.0,0.0
Cyprus,2004,"Pepper (Piper spp.), raw",90.0,1.0,0.0
Cyprus,2006,"Pepper (Piper spp.), raw",82.0,0.0,0.0
Cyprus,2007,"Pepper (Piper spp.), raw",69.0,0.0,0.0
Cyprus,2008,"Pepper (Piper spp.), raw",51.0,0.0,0.0
Cyprus,2009,"Pepper (Piper spp.), raw",57.0,0.0,0.0
Cyprus,2010,"Pepper (Piper spp.), raw",54.0,0.0,0.0
Cyprus,2011,"Pepper (Piper spp.), raw",75.0,0.0,0.0
Cyprus,2012,"Pepper (Piper spp.), raw",95.0,0.0,0.0
Cyprus,2014,"Pepper (Piper spp.), raw",96.91,0.0,0.0
Cyprus,2015,"Pepper (Piper spp.), raw",156.08,0.0,0.0
Cyprus,2016,"Pepper (Piper spp.), raw",148.66,0.0,0.0
Cyprus,2018,"Pepper (Piper spp.), raw",238.9,0.0,0.0
Cyprus,2019,"Pepper (Piper spp.), raw",204.73,3.54,0.0
Cyprus,2020,"Pepper (Piper spp.), raw",183.21,0.0,0.0
Cyprus,2021,"Pepper (Piper spp.), raw",176.44,1.95,0.0
Cyprus,2022,"Pepper (Piper spp.), raw",218.75,0.11,0.0
Cyprus,2023,"Pepper (Piper spp.), raw",277.03,0.02,0.0
Czechia,1993,"Pepper (Piper spp.), raw",1251.0,365.0,0.0
Czechia,1994,"Pepper (Piper spp.), raw",805.0,192.0,0.0
Czechia,1995,"Pepper (Piper spp.), raw",1162.0,135.0,0.0
Czechia,1996,"Pepper (Piper spp.), raw",809.0,113.0,0.0
Czechia,1997,"Pepper (Piper spp.), raw",1044.0,88.0,0.0
Czechia,1998,"Pepper (Piper spp.), raw",721.0,53.0,0.0
Czechia,1999,"Pepper (Piper spp.), raw",738.0,124.0,0.0
Czechia,2000,"Pepper (Piper spp.), raw",868.05,146.26,0.0
Czechia,2001,"Pepper (Piper spp.), raw",810.0,99.0,0.0
Czechia,2002,"Pepper (Piper spp.), raw",800.0,83.0,0.0
Czechia,2003,"Pepper (Piper spp.), raw",919.0,128.0,0.0
Czechia,2004,"Pepper (Piper spp.), raw",1006.0,132.0,0.0
Czechia,2005,"Pepper (Piper spp.), raw",1097.0,115.0,0.0
Czechia,2006,"Pepper (Piper spp.), raw",1092.0,193.0,0.0
Czechia,2009,"Pepper (Piper spp.), raw",1155.0,153.0,0.0
Czechia,2010,"Pepper (Piper spp.), raw",1056.0,140.0,0.0
Czechia,2011,"Pepper (Piper spp.), raw",1160.0,132.0,0.0
Czechia,2013,"Pepper (Piper spp.), raw",1153.0,282.0,0.0
Czechia,2014,"Pepper (Piper spp.), raw",1002.14,283.2,0.0
Czechia,2015,"Pepper (Piper spp.), raw",1090.84,315.32,0.0
Czechia,2016,"Pepper (Piper spp.), raw",1170.27,352.97,0.0
Czechia,2017,"Pepper (Piper spp.), raw",1288.47,568.82,0.0
Czechia,2018,"Pepper (Piper spp.), raw",1295.16,483.82,0.0
Czechia,2019,"Pepper (Piper spp.), raw",1262.31,490.23,0.0
Czechia,2020,"Pepper (Piper spp.), raw",1562.65,688.0,0.0
Czechia,2021,"Pepper (Piper spp.), raw",1849.57,881.61,0.0
Czechia,2022,"Pepper (Piper spp.), raw",1928.69,795.64,0.0
Czechia,2023,"Pepper (Piper spp.), raw",2029.07,888.06,0.0
Democratic People's Republic of Korea,1993,"Pepper (Piper spp.), raw",0.0,0.0,0.0
Democratic People's Republic of Korea,1994,"Pepper (Piper spp.), raw",0.0,0.0,0.0
Democratic People's Republic of Korea,1995,"Pepper (Piper spp.), raw",4.0,0.0,0.0
Democratic People's Republic of Korea,1997,"Pepper (Piper spp.), raw",1.0,0.0,0.0
Democratic People's Republic of Korea,1998,"Pepper (Piper spp.), raw",1.0,0.0,0.0
Democratic People's Republic of Korea,1999,"Pepper (Piper spp.), raw",20.0,0.0,0.0
Democratic People's Republic of Korea,2000,"Pepper (Piper spp.), raw",15.0,0.0,0.0
Democratic People's Republic of Korea,2001,"Pepper (Piper spp.), raw",20.0,0.0,0.0
Democratic People's Republic of Korea,2002,"Pepper (Piper spp.), raw",1.0,0.0,0.0
Democratic People's Republic of Korea,2003,"Pepper (Piper spp.), raw",8.0,0.0,0.0
Democratic People's Republic of Korea,2005,"Pepper (Piper spp.), raw",6.0,0.0,0.0
Democratic People's Republic of Korea,2006,"Pepper (Piper spp.), raw",5.0,0.0,0.0
Democratic People's Republic of Korea,2007,"Pepper (Piper spp.), raw",8.0,0.0,0.0
Democratic People's Republic of Korea,2008,"Pepper (Piper spp.), raw",8.0,0.0,0.0
Democratic People's Republic of Korea,2009,"Pepper (Piper spp.), raw",4.0,0.0,0.0
Democratic People's Republic of Korea,2010,"Pepper (Piper spp.), raw",13.0,0.0,0.0
Democratic People's Republic of Korea,2011,"Pepper (Piper spp.), raw",34.0,0.0,0.0
Democratic People's Republic of Korea,2012,"Pepper (Piper spp.), raw",18.0,0.0,0.0
Democratic People's Republic of Korea,2013,"Pepper (Piper spp.), raw",0.0,0.0,0.0
Democratic People's Republic of Korea,2014,"Pepper (Piper spp.), raw",28.74,0.01,0.0
Democratic People's Republic of Korea,2015,"Pepper (Piper spp.), raw",30.63,0.0,0.0
Democratic People's Republic of Korea,2016,"Pepper (Piper spp.), raw",25.4,0.01,0.0
Democratic People's Republic of Korea,2019,"Pepper (Piper spp.), raw",515.44,0.0,0.0
Democratic People's Republic of Korea,2020,"Pepper (Piper spp.), raw",90.55,0.0,0.0
Democratic People's Republic of Korea,2022,"Pepper (Piper spp.), raw",574.85,0.0,0.0
Democratic People's Republic of Korea,2023,"Pepper (Piper spp.), raw",478.23,0.0,0.0
Democratic Republic of the Congo,1993,"Pepper (Piper spp.), raw",0.0,0.0,0.0
Democratic Republic of the Congo,1994,"Pepper (Piper spp.), raw",0.0,0.0,0.0
Democratic Republic of the Congo,1995,"Pepper (Piper spp.), raw",0.0,0.0,0.0
Democratic Republic of the Congo,1996,"Pepper (Piper spp.), raw",18.0,0.0,0.0
Democratic Republic of the Congo,1997,"Pepper (Piper spp.), raw",23.0,0.0,0.0
Democratic Republic of the Congo,1998,"Pepper (Piper spp.), raw",4.0,0.0,0.0
Democratic Republic of the Congo,1999,"Pepper (Piper spp.), raw",3.0,0.0,0.0
Democratic Republic of the Congo,2000,"Pepper (Piper spp.), raw",1.0,0.0,0.0
Democratic Republic of the Congo,2001,"Pepper (Piper spp.), raw",1.0,0.0,0.0
Democratic Republic of the Congo,2002,"Pepper (Piper spp.), raw",4.0,0.0,0.0
Democratic Republic of the Congo,2003,"Pepper (Piper spp.), raw",23.0,0.0,0.0
Democratic Republic of the Congo,2004,"Pepper (Piper spp.), raw",30.0,0.0,0.0
Democratic Republic of the Congo,2005,"Pepper (Piper spp.), raw",1.0,0.0,0.0
Democratic Republic of the Congo,2006,"Pepper (Piper spp.), raw",9.0,0.0,0.0
Democratic Republic of the Congo,2007,"Pepper (Piper spp.), raw",12.0,0.0,0.0
Democratic Republic of the Congo,2008,"Pepper (Piper spp.), raw",15.0,0.0,0.0
Democratic Republic of the Congo,2009,"Pepper (Piper spp.), raw",29.0,0.0,0.0
Democratic Republic of the Congo,2010,"Pepper (Piper spp.), raw",26.0,0.0,0.0
Democratic Republic of the Congo,2011,"Pepper (Piper spp.), raw",19.0,0.0,0.0
Democratic Republic of the Congo,2012,"Pepper (Piper spp.), raw",21.0,0.0,0.0
Democratic Republic of the Congo,2013,"Pepper (Piper spp.), raw",27.0,0.0,0.0
Democratic Republic of the Congo,2014,"Pepper (Piper spp.), raw",25.52,1.44,0.0
Democratic Republic of the Congo,2015,"Pepper (Piper spp.), raw",15.24,1.32,0.0
Democratic Republic of the Congo,2016,"Pepper (Piper spp.), raw",23.88,87.0,0.0
Democratic Republic of the Congo,2017,"Pepper (Piper spp.), raw",22.19,52.0,0.0
Democratic Republic of the Congo,2018,"Pepper (Piper spp.), raw",19.63,46.27,0.0
Democratic Republic of the Congo,2019,"Pepper (Piper spp.), raw",28.4,6.75,0.0
Democratic Republic of the Congo,2020,"Pepper (Piper spp.), raw",48.87,0.0,0.0
Democratic Republic of the Congo,2021,"Pepper (Piper spp.), raw",49.48,0.0,0.0
Democratic Republic of the Congo,2022,"Pepper (Piper spp.), raw",47.56,116.14,0.0
Denmark,1993,"Pepper (Piper spp.), raw",1318.0,38.0,0.0
Denmark,1994,"Pepper (Piper spp.), raw",1313.0,48.0,0.0
Denmark,1996,"Pepper (Piper spp.), raw",1315.0,89.0,0.0
Denmark,1997,"Pepper (Piper spp.), raw",1291.0,119.0,0.0
Denmark,1998,"Pepper (Piper spp.), raw",1023.0,82.0,0.0
Denmark,1999,"Pepper (Piper spp.), raw",1604.0,103.0,0.0
Denmark,2000,"Pepper (Piper spp.), raw",1393.0,97.0,0.0
Denmark,2001,"Pepper (Piper spp.), raw",1000.0,91.0,0.0
Denmark,2002,"Pepper (Piper spp.), raw",1062.0,68.0,0.0
Denmark,2003,"Pepper (Piper spp.), raw",1030.0,119.0,0.0
Denmark,2004,"Pepper (Piper spp.), raw",1423.0,107.0,0.0
Denmark,2005,"Pepper (Piper spp.), raw",1017.0,130.0,0.0
Denmark,2006,"Pepper (Piper spp.), raw",1206.0,129.0,0.0
Denmark,2007,"Pepper (Piper spp.), raw",1186.0,79.0,0.0
Denmark,2008,"Pepper (Piper spp.), raw",950.0,112.0,0.0
Denmark,2009,"Pepper (Piper spp.), raw",880.0,37.0,0.0
Denmark,2010,"Pepper (Piper spp.), raw",997.0,40.0,0.0
Denmark,2011,"Pepper (Piper spp.), raw",1049.0,36.0,0.0
Denmark,2012,"Pepper (Piper spp.), raw",911.0,71.0,0.0
Denmark,2013,"Pepper (Piper spp.), raw",1023.0,55.0,0.0
Denmark,2014,"Pepper (Piper spp.), raw",1039.57,87.41,0.0
Denmark,2015,"Pepper (Piper spp.), raw",920.87,115.1,0.0
Denmark,2016,"Pepper (Piper spp.), raw",1151.03,140.53,0.0
Denmark,2017,"Pepper (Piper spp.), raw",1121.93,176.66,0.0
Denmark,2018,"Pepper (Piper spp.), raw",1078.8,253.81,0.0
Denmark,2019,"Pepper (Piper spp.), raw",1031.37,240.45,0.0
Denmark,2020,"Pepper (Piper spp.), raw",1018.55,166.74,0.0
Denmark,2021,"Pepper (Piper spp.), raw",905.72,112.05,0.0
Denmark,2022,"Pepper (Piper spp.), raw",907.9,115.94,0.0
Denmark,2023,"Pepper (Piper spp.), raw",887.64,106.28,0.0
Djibouti,1993,"Pepper (Piper spp.), raw",20.0,0.0,0.0
Djibouti,1994,"Pepper (Piper spp.), raw",15.0,0.0,0.0
Djibouti,1995,"Pepper (Piper spp.), raw",30.0,0.0,0.0
Djibouti,1996,"Pepper (Piper spp.), raw",20.0,0.0,0.0
Djibouti,1997,"Pepper (Piper spp.), raw",33.0,0.0,0.0
Djibouti,1998,"Pepper (Piper spp.), raw",40.0,0.0,0.0
Djibouti,1999,"Pepper (Piper spp.), raw",30.0,0.0,0.0
Djibouti,2000,"Pepper (Piper spp.), raw",10.0,0.0,0.0
Djibouti,2001,"Pepper (Piper spp.), raw",13.0,0.0,0.0
Djibouti,2002,"Pepper (Piper spp.), raw",72.0,0.0,0.0
Djibouti,2004,"Pepper (Piper spp.), raw",1.0,0.0,0.0
Djibouti,2005,"Pepper (Piper spp.), raw",95.0,0.0,0.0
Djibouti,2006,"Pepper (Piper spp.), raw",80.0,0.0,0.0
Djibouti,2007,"Pepper (Piper spp.), raw",235.0,0.0,0.0
Djibouti,2008,"Pepper (Piper spp.), raw",9.0,0.0,0.0
Djibouti,2009,"Pepper (Piper spp.), raw",26.0,0.0,0.0
Djibouti,2010,"Pepper (Piper spp.), raw",145.0,0.0,0.0
Djibouti,2011,"Pepper (Piper spp.), raw",145.0,0.0,0.0
Djibouti,2012,"Pepper (Piper spp.), raw",1111.0,0.0,0.0
Djibouti,2013,"Pepper (Piper spp.), raw",1222.0,0.0,0.0
Djibouti,2014,"Pepper (Piper spp.), raw",322.91,0.0,0.0
Djibouti,2015,"Pepper (Piper spp.), raw",337.73,10.0,0.0
Djibouti,2016,"Pepper (Piper spp.), raw",385.74,19.36,0.0
Djibouti,2017,"Pepper (Piper spp.), raw",300.0,10.57,0.0
Djibouti,2018,"Pepper (Piper spp.), raw",195.4,0.0,0.0
Djibouti,2019,"Pepper (Piper spp.), raw",78.1,0.0,0.0
Djibouti,2020,"Pepper (Piper spp.), raw",136.64,0.0,0.0
Djibouti,2022,"Pepper (Piper spp.), raw",222.19,436.0,0.0
Djibouti,2023,"Pepper (Piper spp.), raw",106.16,52.6,0.0
Dominica,1997,"Pepper (Piper spp.), raw",2.0,145.0,0.0
Dominica,1998,"Pepper (Piper spp.), raw",2.0,145.0,0.0
Dominica,1999,"Pepper (Piper spp.), raw",2.0,145.0,0.0
Dominica,2000,"Pepper (Piper spp.), raw",227.0,23.0,0.0
Dominica,2001,"Pepper (Piper spp.), raw",83.0,25.0,0.0
Dominica,2002,"Pepper (Piper spp.), raw",244.0,51.0,0.0
Dominica,2003,"Pepper (Piper spp.), raw",246.0,89.0,0.0
Dominica,2004,"Pepper (Piper spp.), raw",48.0,98.0,0.0
Dominica,2005,"Pepper (Piper spp.), raw",92.0,37.0,0.0
Dominica,2006,"Pepper (Piper spp.), raw",83.0,21.0,0.0
Dominica,2007,"Pepper (Piper spp.), raw",66.0,9.0,0.0
Dominica,2008,"Pepper (Piper spp.), raw",94.0,19.0,0.0
Dominica,2009,"Pepper (Piper spp.), raw",90.0,1.0,0.0
Dominica,2010,"Pepper (Piper spp.), raw",90.0,8.0,0.0
Dominica,2011,"Pepper (Piper spp.), raw",34.0,3.0,0.0
Dominica,2012,"Pepper (Piper spp.), raw",4.0,5.0,0.0
Dominica,2013,"Pepper (Piper spp.), raw",77.0,2.0,0.0
Dominica,2014,"Pepper (Piper spp.), raw",11.0,3.65,0.0
Dominica,2015,"Pepper (Piper spp.), raw",0.36,0.0,0.0
Dominica,2016,"Pepper (Piper spp.), raw",0.11,0.0,0.0
Dominica,2017,"Pepper (Piper spp.), raw",0.05,0.64,0.0
Dominica,2018,"Pepper (Piper spp.), raw",0.52,1.73,0.0
Dominica,2019,"Pepper (Piper spp.), raw",6.7,5.59,0.0
Dominica,2020,"Pepper (Piper spp.), raw",6.25,10.27,0.0
Dominica,2021,"Pepper (Piper spp.), raw",5.58,11.82,0.0
Dominica,2022,"Pepper (Piper spp.), raw",6.13,9.83,0.0
Dominican Republic,1993,"Pepper (Piper spp.), raw",120.0,0.0,0.0
Dominican Republic,1994,"Pepper (Piper spp.), raw",430.0,0.0,0.0
Dominican Republic,1995,"Pepper (Piper spp.), raw",420.0,0.0,0.0
Dominican Republic,1996,"Pepper (Piper spp.), raw",240.0,0.0,0.0
Dominican Republic,1997,"Pepper (Piper spp.), raw",180.0,0.0,0.0
Dominican Republic,1998,"Pepper (Piper spp.), raw",350.0,0.0,0.0
Dominican Republic,1999,"Pepper (Piper spp.), raw",280.0,0.0,0.0
Dominican Republic,2000,"Pepper (Piper spp.), raw",200.0,0.0,0.0
Dominican Republic,2001,"Pepper (Piper spp.), raw",200.0,0.0,0.0
Dominican Republic,2002,"Pepper (Piper spp.), raw",234.0,0.0,0.0
Dominican Republic,2003,"Pepper (Piper spp.), raw",257.0,0.0,0.0
Dominican Republic,2004,"Pepper (Piper spp.), raw",439.0,0.0,0.0
Dominican Republic,2005,"Pepper (Piper spp.), raw",411.0,0.0,0.0
Dominican Republic,2006,"Pepper (Piper spp.), raw",457.0,0.0,0.0
Dominican Republic,2007,"Pepper (Piper spp.), raw",351.0,0.0,0.0
Dominican Republic,2008,"Pepper (Piper spp.), raw",560.0,0.0,0.0
Dominican Republic,2009,"Pepper (Piper spp.), raw",578.0,0.0,0.0
Dominican Republic,2010,"Pepper (Piper spp.), raw",403.0,0.0,0.0
Dominican Republic,2011,"Pepper (Piper spp.), raw",357.0,0.0,0.0
Dominican Republic,2013,"Pepper (Piper spp.), raw",357.0,14.0,0.0
Dominican Republic,2014,"Pepper (Piper spp.), raw",611.44,2.61,0.0
Dominican Republic,2015,"Pepper (Piper spp.), raw",628.68,24.26,0.0
Dominican Republic,2016,"Pepper (Piper spp.), raw",776.4,4.33,0.0
Dominican Republic,2017,"Pepper (Piper spp.), raw",793.45,8.2,0.0
Dominican Republic,2018,"Pepper (Piper spp.), raw",988.33,4.35,0.0
Dominican Republic,2019,"Pepper (Piper spp.), raw",815.79,3.13,0.0
Dominican Republic,2021,"Pepper (Piper spp.), raw",1031.97,44.65,0.0
Dominican Republic,2022,"Pepper (Piper spp.), raw",963.03,8.39,0.0
Dominican Republic,2023,"Pepper (Piper spp.), raw",1103.24,12.17,0.0
Ecuador,1993,"Pepper (Piper spp.), raw",83.0,0.0,0.0
Ecuador,1994,"Pepper (Piper spp.), raw",89.0,2.0,0.0
Ecuador,1997,"Pepper (Piper spp.), raw",82.0,2.0,0.0
Ecuador,1998,"Pepper (Piper spp.), raw",76.0,5.0,0.0
Ecuador,1999,"Pepper (Piper spp.), raw",30.0,44.0,3600.0
Ecuador,2000,"Pepper (Piper spp.), raw",61.42,62.05,3700.0
Ecuador,2001,"Pepper (Piper spp.), raw",59.0,351.0,4100.0
Ecuador,2002,"Pepper (Piper spp.), raw",48.0,2262.0,4000.0
Ecuador,2003,"Pepper (Piper spp.), raw",71.0,3258.0,4200.0
Ecuador,2004,"Pepper (Piper spp.), raw",82.0,3757.0,5250.0
Ecuador,2005,"Pepper (Piper spp.), raw",76.0,2646.0,3062.0
Ecuador,2006,"Pepper (Piper spp.), raw",104.0,1916.0,3075.0
Ecuador,2007,"Pepper (Piper spp.), raw",55.0,1134.0,3100.0
Ecuador,2008,"Pepper (Piper spp.), raw",132.0,997.0,3200.0
Ecuador,2009,"Pepper (Piper spp.), raw",64.0,739.0,3300.0
Ecuador,2011,"Pepper (Piper spp.), raw",108.0,638.0,2860.27
Ecuador,2012,"Pepper (Piper spp.), raw",91.0,696.0,2400.0
Ecuador,2013,"Pepper (Piper spp.), raw",135.0,664.0,2565.31
Ecuador,2014,"Pepper (Piper spp.), raw",59.57,1017.46,2512.4
Ecuador,2015,"Pepper (Piper spp.), raw",165.17,1364.86,2478.43
Ecuador,2016,"Pepper (Piper spp.), raw",145.77,2357.91,3400.0
Ecuador,2017,"Pepper (Piper spp.), raw",108.21,4000.84,4300.0
Ecuador,2018,"Pepper (Piper spp.), raw",135.06,4431.61,4700.0
Ecuador,2019,"Pepper (Piper spp.), raw",152.77,4372.02,4600.0
Ecuador,2020,"Pepper (Piper spp.), raw",193.59,3050.06,4152.04
Ecuador,2021,"Pepper (Piper spp.), raw",154.14,1920.15,3581.19
Ecuador,2022,"Pepper (Piper spp.), raw",144.56,1404.6,3515.28
Egypt,1993,"Pepper (Piper spp.), raw",3020.0,17.0,0.0
Egypt,1994,"Pepper (Piper spp.), raw",3891.0,167.0,0.0
Egypt,1996,"Pepper (Piper spp.), raw",4147.0,81.0,0.0
Egypt,1997,"Pepper (Piper spp.), raw",2917.0,44.0,0.0
Egypt,1998,"Pepper (Piper spp.), raw",3523.0,35.0,0.0
Egypt,1999,"Pepper (Piper spp.), raw",2931.0,31.0,0.0
Egypt,2000,"Pepper (Piper spp.), raw",4949.03,10.7,0.0
Egypt,2001,"Pepper (Piper spp.), raw",5948.0,10.7,0.0
Egypt,2002,"Pepper (Piper spp.), raw",5531.0,3.0,0.0
Egypt,2003,"Pepper (Piper spp.), raw",4312.0,18.0,0.0
Egypt,2005,"Pepper (Piper spp.), raw",6776.0,12.0,0.0
Egypt,2006,"Pepper (Piper spp.), raw",5942.0,77.0,0.0
Egypt,2007,"Pepper (Piper spp.), raw",5959.0,73.0,0.0
Egypt,2008,"Pepper (Piper spp.), raw",3659.0,73.0,0.0
Egypt,2010,"Pepper (Piper spp.), raw",3872.0,58.0,0.0
Egypt,2011,"Pepper (Piper spp.), raw",7955.0,283.0,0.0
Egypt,2012,"Pepper (Piper spp.), raw",3617.0,52.0,0.0
Egypt,2014,"Pepper (Piper spp.), raw",7303.0,68.87,0.0
Egypt,2015,"Pepper (Piper spp.), raw",7300.0,103.38,0.0
Egypt,2016,"Pepper (Piper spp.), raw",5500.0,205.44,0.0
Egypt,2017,"Pepper (Piper spp.), raw",7123.0,399.54,0.0
Egypt,2018,"Pepper (Piper spp.), raw",6687.23,170.7,0.0
Egypt,2019,"Pepper (Piper spp.), raw",13782.4,444.6,0.0
Egypt,2021,"Pepper (Piper spp.), raw",10978.06,350.66,0.0
Egypt,2022,"Pepper (Piper spp.), raw",9176.69,326.66,0.0
Egypt,2023,"Pepper (Piper spp.), raw",7244.01,482.92,0.0
El Salvador,1993,"Pepper (Piper spp.), raw",62.0,12.0,0.0
El Salvador,1994,"Pepper (Piper spp.), raw",71.0,14.0,0.0
El Salvador,1995,"Pepper (Piper spp.), raw",58.0,15.0,0.0
El Salvador,1996,"Pepper (Piper spp.), raw",89.0,19.0,0.0
El Salvador,1997,"Pepper (Piper spp.), raw",78.0,22.0,0.0
El Salvador,1998,"Pepper (Piper spp.), raw",69.0,24.0,0.0
El Salvador,1999,"Pepper (Piper spp.), raw",122.0,61.0,0.0
El Salvador,2000,"Pepper (Piper spp.), raw",203.94,122.96,0.0
El Salvador,2001,"Pepper (Piper spp.), raw",302.0,192.0,0.0
El Salvador,2002,"Pepper (Piper spp.), raw",135.0,162.0,0.0
El Salvador,2003,"Pepper (Piper spp.), raw",222.0,149.0,0.0
El Salvador,2004,"Pepper (Piper spp.), raw",290.0,215.0,0.0
El Salvador,2005,"Pepper (Piper spp.), raw",324.0,273.0,0.0
El Salvador,2007,"Pepper (Piper spp.), raw",250.0,269.0,0.0
El Salvador,2008,"Pepper (Piper spp.), raw",238.0,144.0,0.0
El Salvador,2009,"Pepper (Piper spp.), raw",260.0,192.0,0.0
El Salvador,2010,"Pepper (Piper spp.), raw",178.0,106.0,0.0
El Salvador,2011,"Pepper (Piper spp.), raw",324.0,225.0,0.0
El Salvador,2012,"Pepper (Piper spp.), raw",157.0,72.0,0.0
El Salvador,2013,"Pepper (Piper spp.), raw",121.0,26.0,0.0
El Salvador,2014,"Pepper (Piper spp.), raw",158.16,87.62,0.0
El Salvador,2015,"Pepper (Piper spp.), raw",143.49,68.52,0.0
El Salvador,2016,"Pepper (Piper spp.), raw",118.02,36.47,0.0
El Salvador,2017,"Pepper (Piper spp.), raw",141.79,22.61,0.0
El Salvador,2018,"Pepper (Piper spp.), raw",145.23,38.78,0.0
El Salvador,2019,"Pepper (Piper spp.), raw",181.05,24.09,0.0
El Salvador,2020,"Pepper (Piper spp.), raw",175.85,25.0,0.0
El Salvador,2021,"Pepper (Piper spp.), raw",196.08,27.89,0.0
El Salvador,2022,"Pepper (Piper spp.), raw",195.72,24.03,0.0
Equatorial Guinea,2014,"Pepper (Piper spp.), raw",0.96,0.0,0.0
Equatorial Guinea,2015,"Pepper (Piper spp.), raw",1.64,0.0,0.0
Equatorial Guinea,2016,"Pepper (Piper spp.), raw",0.52,0.0,0.0
Equatorial Guinea,2017,"Pepper (Piper spp.), raw",3.49,0.0,0.0
Equatorial Guinea,2018,"Pepper (Piper spp.), raw",2.76,0.0,0.0
Equatorial Guinea,2019,"Pepper (Piper spp.), raw",1.61,0.0,0.0
Equatorial Guinea,2020,"Pepper (Piper spp.), raw",0.82,0.0,0.0
Equatorial Guinea,2021,"Pepper (Piper spp.), raw",0.87,0.0,0.0
Equatorial Guinea,2023,"Pepper (Piper spp.), raw",3.33,0.0,0.0
Eritrea,2014,"Pepper (Piper spp.), raw",2.0,0.01,0.0
Eritrea,2015,"Pepper (Piper spp.), raw",20.07,0.01,0.0
Eritrea,2016,"Pepper (Piper spp.), raw",60.0,0.5,0.0
Eritrea,2017,"Pepper (Piper spp.), raw",0.01,106.22,0.0
Eritrea,2018,"Pepper (Piper spp.), raw",1.06,164.75,0.0
Eritrea,2020,"Pepper (Piper spp.), raw",0.33,47.45,0.0
Eritrea,2021,"Pepper (Piper spp.), raw",0.3,0.01,0.0
Eritrea,2022,"Pepper (Piper spp.), raw",1.41,0.0,0.0
Eritrea,2023,"Pepper (Piper spp.), raw",0.34,0.0,0.0
Estonia,1994,"Pepper (Piper spp.), raw",50.0,3.0,0.0
Estonia,1995,"Pepper (Piper spp.), raw",44.0,10.0,0.0
Estonia,1996,"Pepper (Piper spp.), raw",53.0,1.0,0.0
Estonia,1997,"Pepper (Piper spp.), raw",106.0,10.0,0.0
Estonia,1998,"Pepper (Piper spp.), raw",99.0,35.0,0.0
Estonia,1999,"Pepper (Piper spp.), raw",156.0,46.0,0.0
Estonia,2000,"Pepper (Piper spp.), raw",200.0,44.0,0.0
Estonia,2001,"Pepper (Piper spp.), raw",220.0,66.0,0.0
Estonia,2002,"Pepper (Piper spp.), raw",195.0,42.0,0.0
Estonia,2003,"Pepper (Piper spp.), raw",251.0,114.0,0.0
Estonia,2004,"Pepper (Piper spp.), raw",289.0,113.0,0.0
Estonia,2005,"Pepper (Piper spp.), raw",302.0,139.0,0.0
Estonia,2006,"Pepper (Piper spp.), raw",427.0,185.0,0.0
Estonia,2007,"Pepper (Piper spp.), raw",471.0,163.0,0.0
Estonia,2008,"Pepper (Piper spp.), raw",459.0,148.0,0.0
Estonia,2009,"Pepper (Piper spp.), raw",424.0,153.0,0.0
Estonia,2010,"Pepper (Piper spp.), raw",374.0,198.0,0.0
Estonia,2011,"Pepper (Piper spp.), raw",629.0,287.0,0.0
Estonia,2012,"Pepper (Piper spp.), raw",595.0,358.0,0.0
Estonia,2013,"Pepper (Piper spp.), raw",705.0,405.0,0.0
Estonia,2014,"Pepper (Piper spp.), raw",719.0,374.9,0.0
Estonia,2015,"Pepper (Piper spp.), raw",550.36,238.32,0.0
Estonia,2016,"Pepper (Piper spp.), raw",652.65,207.42,0.0
Estonia,2017,"Pepper (Piper spp.), raw",665.18,302.39,0.0
Estonia,2018,"Pepper (Piper spp.), raw",578.45,309.72,0.0
Estonia,2019,"Pepper (Piper spp.), raw",614.0,296.9,0.0
Estonia,2020,"Pepper (Piper spp.), raw",617.89,282.22,0.0
Estonia,2021,"Pepper (Piper spp.), raw",666.31,281.15,0.0
Estonia,2022,"Pepper (Piper spp.), raw",578.7,267.05,0.0
Estonia,2023,"Pepper (Piper spp.), raw",476.83,254.75,0.0
Eswatini,1998,"Pepper (Piper spp.), raw",33.0,1.0,0.0
Eswatini,1999,"Pepper (Piper spp.), raw",36.0,2.0,0.0
Eswatini,2000,"Pepper (Piper spp.), raw",37.77,0.27,0.0
Eswatini,2001,"Pepper (Piper spp.), raw",29.0,3.0,0.0
Eswatini,2002,"Pepper (Piper spp.), raw",17.0,4.0,0.0
Eswatini,2003,"Pepper (Piper spp.), raw",66.0,1.0,0.0
Eswatini,2004,"Pepper (Piper spp.), raw",90.0,0.0,0.0
Eswatini,2005,"Pepper (Piper spp.), raw",21.0,1.0,0.0
Eswatini,2006,"Pepper (Piper spp.), raw",31.0,0.0,0.0
Eswatini,2008,"Pepper (Piper spp.), raw",18.0,0.0,0.0
Eswatini,2009,"Pepper (Piper spp.), raw",18.0,0.0,0.0
Eswatini,2010,"Pepper (Piper spp.), raw",18.0,0.0,0.0
Eswatini,2011,"Pepper (Piper spp.), raw",18.0,0.0,0.0
Eswatini,2012,"Pepper (Piper spp.), raw",0.0,0.0,0.0
Eswatini,2013,"Pepper (Piper spp.), raw",49.0,0.0,0.0
Eswatini,2015,"Pepper (Piper spp.), raw",3.71,0.29,0.0
Eswatini,2016,"Pepper (Piper spp.), raw",80.85,0.0,0.0
Eswatini,2017,"Pepper (Piper spp.), raw",7.03,0.0,0.0
Eswatini,2018,"Pepper (Piper spp.), raw",14.51,0.0,0.0
Eswatini,2019,"Pepper (Piper spp.), raw",19.56,0.46,0.0
Eswatini,2020,"Pepper (Piper spp.), raw",8.12,0.02,0.0
Eswatini,2021,"Pepper (Piper spp.), raw",14.08,0.0,0.0
Eswatini,2022,"Pepper (Piper spp.), raw",9.52,0.96,0.0
Eswatini,2023,"Pepper (Piper spp.), raw",8.58,0.01,0.0
Ethiopia,1995,"Pepper (Piper spp.), raw",77.0,8.0,450.0
Ethiopia,1996,"Pepper (Piper spp.), raw",77.0,8.0,500.0
Ethiopia,1997,"Pepper (Piper spp.), raw",77.0,8.0,550.0
Ethiopia,1998,"Pepper (Piper spp.), raw",1.0,150.0,600.0
Ethiopia,1999,"Pepper (Piper spp.), raw",5.0,89.0,650.0
Ethiopia,2000,"Pepper (Piper spp.), raw",3.78,162.45,700.0
Ethiopia,2001,"Pepper (Piper spp.), raw",4.0,82.0,750.0
Ethiopia,2002,"Pepper (Piper spp.), raw",68.0,231.0,800.0
Ethiopia,2003,"Pepper (Piper spp.), raw",70.0,551.0,850.0
Ethiopia,2004,"Pepper (Piper spp.), raw",77.0,250.0,900.0
Ethiopia,2005,"Pepper (Piper spp.), raw",82.0,688.0,950.0
Ethiopia,2006,"Pepper (Piper spp.), raw",93.0,258.0,1000.0
Ethiopia,2007,"Pepper (Piper spp.), raw",214.0,416.0,1061.22
Ethiopia,2009,"Pepper (Piper spp.), raw",319.0,197.0,1500.0
Ethiopia,2010,"Pepper (Piper spp.), raw",154.0,459.0,2100.0
Ethiopia,2011,"Pepper (Piper spp.), raw",84.0,2835.0,3100.0
Ethiopia,2012,"Pepper (Piper spp.), raw",131.0,3856.0,3800.0
Ethiopia,2013,"Pepper (Piper spp.), raw",100.0,4786.0,3800.0
Ethiopia,2014,"Pepper (Piper spp.), raw",130.38,3853.95,4086.62
Ethiopia,2016,"Pepper (Piper spp.), raw",232.05,4789.55,4600.0
Ethiopia,2017,"Pepper (Piper spp.), raw",322.71,4287.69,4342.34
Ethiopia,2018,"Pepper (Piper spp.), raw",154.34,1767.61,4427.58
Ethiopia,2019,"Pepper (Piper spp.), raw",211.69,1509.07,4541.87
Ethiopia,2020,"Pepper (Piper spp.), raw",883.72,1215.01,4437.26
Ethiopia,2022,"Pepper (Piper spp.), raw",329.28,536.62,4482.68
Ethiopia,2023,"Pepper (Piper spp.), raw",196.63,362.87,4462.95
Faroe Islands,1993,"Pepper (Piper spp.), raw",2.0,0.0,0.0
Faroe Islands,1994,"Pepper (Piper spp.), raw",2.0,0.0,0.0
Faroe Islands,1995,"Pepper (Piper spp.), raw",2.0,0.0,0.0
Faroe Islands,1996,"Pepper (Piper spp.), raw",3.0,0.0,0.0
Faroe Islands,1997,"Pepper (Piper spp.), raw",2.0,0.0,0.0
Faroe Islands,1998,"Pepper (Piper spp.), raw",14.0,0.0,0.0
Faroe Islands,1999,"Pepper (Piper spp.), raw",2.0,0.0,0.0
Faroe Islands,2000,"Pepper (Piper spp.), raw",2.0,0.0,0.0
Faroe Islands,2001,"Pepper (Piper spp.), raw",15.0,0.0,0.0
Faroe Islands,2002,"Pepper (Piper spp.), raw",0.0,0.0,0.0
Faroe Islands,2003,"Pepper (Piper spp.), raw",0.0,0.0,0.0
Faroe Islands,2004,"Pepper (Piper spp.), raw",2.0,0.0,0.0
Faroe Islands,2005,"Pepper (Piper spp.), raw",1.0,0.0,0.0
Faroe Islands,2006,"Pepper (Piper spp.), raw",1.0,0.0,0.0
Faroe Islands,2007,"Pepper (Piper spp.), raw",2.0,0.0,0.0
Faroe Islands,2008,"Pepper (Piper spp.), raw",1.0,0.0,0.0
Faroe Islands,2009,"Pepper (Piper spp.), raw",2.0,0.0,0.0
Faroe Islands,2010,"Pepper (Piper spp.), raw",2.0,0.0,0.0
Faroe Islands,2011,"Pepper (Piper spp.), raw",2.0,0.0,0.0
Faroe Islands,2012,"Pepper (Piper spp.), raw",2.0,0.0,0.0
Faroe Islands,2013,"Pepper (Piper spp.), raw",3.0,0.0,0.0
Faroe Islands,2014,"Pepper (Piper spp.), raw",3.87,0.0,0.0
Faroe Islands,2016,"Pepper (Piper spp.), raw",3.56,0.0,0.0
Faroe Islands,2017,"Pepper (Piper spp.), raw",4.54,0.0,0.0
Faroe Islands,2018,"Pepper (Piper spp.), raw",4.0,0.0,0.0
Faroe Islands,2019,"Pepper (Piper spp.), raw",6.14,0.0,0.0
Faroe Islands,2020,"Pepper (Piper spp.), raw",6.25,0.0,0.0
Faroe Islands,2021,"Pepper (Piper spp.), raw",3.64,0.0,0.0
Faroe Islands,2022,"Pepper (Piper spp.), raw",5.9,0.0,0.0
Fiji,1994,"Pepper (Piper spp.), raw",16.0,7.0,150.0
Fiji,1995,"Pepper (Piper spp.), raw",10.0,7.0,146.33
Fiji,1996,"Pepper (Piper spp.), raw",30.0,7.0,140.0
Fiji,1997,"Pepper (Piper spp.), raw",10.0,7.0,140.49
Fiji,2001,"Pepper (Piper spp.), raw",15.0,5.0,160.0
Fiji,2002,"Pepper (Piper spp.), raw",12.0,6.0,160.0
Fiji,2003,"Pepper (Piper spp.), raw",18.0,12.0,160.0
Fiji,2004,"Pepper (Piper spp.), raw",15.0,11.0,160.0
Fiji,2005,"Pepper (Piper spp.), raw",24.0,3.0,160.0
Fiji,2006,"Pepper (Piper spp.), raw",27.0,0.0,160.0
Fiji,2008,"Pepper (Piper spp.), raw",28.0,2.0,160.0
Fiji,2009,"Pepper (Piper spp.), raw",29.0,1.0,152.63
Fiji,2010,"Pepper (Piper spp.), raw",27.0,5.0,145.37
Fiji,2011,"Pepper (Piper spp.), raw",28.0,4.0,137.87
Fiji,2012,"Pepper (Piper spp.), raw",53.0,1.0,120.0
Fiji,2013,"Pepper (Piper spp.), raw",70.0,4.0,124.6
Fiji,2014,"Pepper (Piper spp.), raw",52.79,2.38,123.94
Fiji,2016,"Pepper (Piper spp.), raw",72.82,5.99,120.16
Fiji,2017,"Pepper (Piper spp.), raw",57.64,0.85,122.77
Fiji,2018,"Pepper (Piper spp.), raw",48.34,0.51,123.85
Fiji,2019,"Pepper (Piper spp.), raw",51.32,0.89,124.71
Fiji,2020,"Pepper (Piper spp.), raw",41.34,2.13,119.83
Fiji,2021,"Pepper (Piper spp.), raw",38.11,2.3,118.8
Fiji,2022,"Pepper (Piper spp.), raw",57.87,1.57,117.9
Fiji,2023,"Pepper (Piper spp.), raw",82.72,3.49,117.0
Finland,1993,"Pepper (Piper spp.), raw",365.0,31.0,0.0
Finland,1994,"Pepper (Piper spp.), raw",382.0,25.0,0.0
Finland,1995,"Pepper (Piper spp.), raw",418.0,29.0,0.0
Finland,1996,"Pepper (Piper spp.), raw",536.0,53.0,0.0
Finland,1997,"Pepper (Piper spp.), raw",593.0,91.0,0.0
Finland,1998,"Pepper (Piper spp.), raw",554.0,70.0,0.0
Finland,1999,"Pepper (Piper spp.), raw",480.0,49.0,0.0
Finland,2000,"Pepper (Piper spp.), raw",485.0,4.0,0.0
Finland,2001,"Pepper (Piper spp.), raw",426.0,4.0,0.0
Finland,2002,"Pepper (Piper spp.), raw",448.0,7.0,0.0
Finland,2003,"Pepper (Piper spp.), raw",450.0,15.0,0.0
Finland,2004,"Pepper (Piper spp.), raw",438.0,9.0,0.0
Finland,2005,"Pepper (Piper spp.), raw",454.0,8.0,0.0
Finland,2007,"Pepper (Piper spp.), raw",500.0,12.0,0.0
Finland,2008,"Pepper (Piper spp.), raw",447.0,2.0,0.0
Finland,2010,"Pepper (Piper spp.), raw",448.0,2.0,0.0
Finland,2011,"Pepper (Piper spp.), raw",527.0,2.0,0.0
Finland,2012,"Pepper (Piper spp.), raw",489.0,3.0,0.0
Finland,2013,"Pepper (Piper spp.), raw",540.0,10.0,0.0
Finland,2015,"Pepper (Piper spp.), raw",445.06,29.34,0.0
Finland,2016,"Pepper (Piper spp.), raw",489.46,8.79,0.0
Finland,2017,"Pepper (Piper spp.), raw",500.44,3.39,0.0
Finland,2018,"Pepper (Piper spp.), raw",531.62,3.85,0.0
Finland,2019,"Pepper (Piper spp.), raw",654.51,4.22,0.0
Finland,2020,"Pepper (Piper spp.), raw",630.31,5.18,0.0
Finland,2021,"Pepper (Piper spp.), raw",500.25,16.07,0.0
Finland,2022,"Pepper (Piper spp.), raw",518.56,6.68,0.0
Finland,2023,"Pepper (Piper spp.), raw",547.69,17.72,0.0
France,1994,"Pepper (Piper spp.), raw",7932.0,694.0,0.0
France,1995,"Pepper (Piper spp.), raw",8859.0,918.0,0.0
France,1996,"Pepper (Piper spp.), raw",8592.0,966.0,0.0
France,1997,"Pepper (Piper spp.), raw",8334.0,1222.0,0.0
France,1998,"Pepper (Piper spp.), raw",8082.0,1448.0,0.0
France,1999,"Pepper (Piper spp.), raw",8566.0,1381.0,0.0
France,2001,"Pepper (Piper spp.), raw",8587.0,1241.0,0.0
France,2002,"Pepper (Piper spp.), raw",10517.0,1539.0,0.0
France,2003,"Pepper (Piper spp.), raw",10479.0,1086.0,0.0
France,2004,"Pepper (Piper spp.), raw",8693.0,942.0,0.0
France,2005,"Pepper (Piper spp.), raw",9210.0,1301.0,0.0
France,2006,"Pepper (Piper spp.), raw",9439.0,1375.0,0.0
France,2007,"Pepper (Piper spp.), raw",8656.0,1711.0,0.0
France,2008,"Pepper (Piper spp.), raw",8812.0,2449.0,0.0
France,2009,"Pepper (Piper spp.), raw",8357.0,2966.0,0.0
France,2011,"Pepper (Piper spp.), raw",8827.0,3721.0,0.0
France,2012,"Pepper (Piper spp.), raw",7882.0,3914.0,0.0
France,2013,"Pepper (Piper spp.), raw",8690.0,3126.0,0.0
France,2014,"Pepper (Piper spp.), raw",9564.24,3860.74,0.0
France,2015,"Pepper (Piper spp.), raw",10203.39,4773.97,0.0
France,2016,"Pepper (Piper spp.), raw",11504.67,5479.68,0.0
France,2017,"Pepper (Piper spp.), raw",10814.43,5784.52,0.0
France,2018,"Pepper (Piper spp.), raw",11372.26,5905.86,0.0
France,2019,"Pepper (Piper spp.), raw",11264.48,6552.77,0.0
France,2020,"Pepper (Piper spp.), raw",12044.28,6243.99,0.0
France,2022,"Pepper (Piper spp.), raw",11162.02,5170.2,0.0
France,2023,"Pepper (Piper spp.), raw",10663.46,4764.57,0.0
French Polynesia,1993,"Pepper (Piper spp.), raw",19.0,0.0,0.0
French Polynesia,1994,"Pepper (Piper spp.), raw",16.0,0.0,0.0
French Polynesia,1995,"Pepper (Piper spp.), raw",20.0,0.0,0.0
French Polynesia,1996,"Pepper (Piper spp.), raw",20.0,0.0,0.0
French Polynesia,1997,"Pepper (Piper spp.), raw",16.0,0.0,0.0
French Polynesia,1998,"Pepper (Piper spp.), raw",20.0,0.0,0.0
French Polynesia,1999,"Pepper (Piper spp.), raw",19.0,0.0,0.0
French Polynesia,2000,"Pepper (Piper spp.), raw",16.0,0.0,0.0
French Polynesia,2002,"Pepper (Piper spp.), raw",20.0,0.0,0.0
French Polynesia,2003,"Pepper (Piper spp.), raw",20.0,0.0,0.0
French Polynesia,2004,"Pepper (Piper spp.), raw",15.0,0.0,0.0
French Polynesia,2005,"Pepper (Piper spp.), raw",18.0,0.0,0.0
French Polynesia,2006,"Pepper (Piper spp.), raw",21.0,0.0,0.0
French Polynesia,2007,"Pepper (Piper spp.), raw",16.0,0.0,0.0
French Polynesia,2008,"Pepper (Piper spp.), raw",18.0,0.0,0.0
French Polynesia,2009,"Pepper (Piper spp.), raw",14.0,0.0,0.0
French Polynesia,2010,"Pepper (Piper spp.), raw",16.0,0.0,0.0
French Polynesia,2011,"Pepper (Piper spp.), raw",18.0,0.0,0.0
French Polynesia,2012,"Pepper (Piper spp.), raw",21.0,0.0,0.0
French Polynesia,2013,"Pepper (Piper spp.), raw",16.0,0.0,0.0
French Polynesia,2014,"Pepper (Piper spp.), raw",16.27,0.0,0.0
French Polynesia,2015,"Pepper (Piper spp.), raw",18.84,0.0,0.0
French Polynesia,2016,"Pepper (Piper spp.), raw",17.54,0.0,0.0
French Polynesia,2017,"Pepper (Piper spp.), raw",17.87,0.0,0.0
French Polynesia,2018,"Pepper (Piper spp.), raw",18.47,0.0,68.0
French Polynesia,2019,"Pepper (Piper spp.), raw",19.2,0.0,99.0
French Polynesia,2020,"Pepper (Piper spp.), raw",18.84,0.0,85.0
French Polynesia,2022,"Pepper (Piper spp.), raw",22.34,0.0,69.0
French Polynesia,2023,"Pepper (Piper spp.), raw",29.81,0.0,74.86
Gabon,1994,"Pepper (Piper spp.), raw",6.0,0.0,0.0
Gabon,1996,"Pepper (Piper spp.), raw",6.0,0.0,0.0
Gabon,1997,"Pepper (Piper spp.), raw",6.0,0.0,0.0
Gabon,1998,"Pepper (Piper spp.), raw",7.0,0.0,0.0
Gabon,1999,"Pepper (Piper spp.), raw",21.0,0.0,0.0
Gabon,2000,"Pepper (Piper spp.), raw",14.0,0.0,0.0
Gabon,2001,"Pepper (Piper spp.), raw",15.0,0.0,0.0
Gabon,2002,"Pepper (Piper spp.), raw",12.0,0.0,0.0
Gabon,2003,"Pepper (Piper spp.), raw",12.0,0.0,0.0
Gabon,2004,"Pepper (Piper spp.), raw",26.0,0.0,0.0
Gabon,2005,"Pepper (Piper spp.), raw",21.0,0.0,0.0
Gabon,2006,"Pepper (Piper spp.), raw",20.0,0.0,0.0
Gabon,2007,"Pepper (Piper spp.), raw",1.0,0.0,0.0
Gabon,2008,"Pepper (Piper spp.), raw",1.0,0.0,0.0
Gabon,2009,"Pepper (Piper spp.), raw",4.0,0.0,0.0
Gabon,2010,"Pepper (Piper spp.), raw",7.0,0.0,0.0
Gabon,2011,"Pepper (Piper spp.), raw",4.0,0.0,0.0
Gabon,2012,"Pepper (Piper spp.), raw",4.0,0.0,0.0
Gabon,2013,"Pepper (Piper spp.), raw",2.0,0.0,0.0
Gabon,2014,"Pepper (Piper spp.), raw",16.95,0.0,0.0
Gabon,2015,"Pepper (Piper spp.), raw",35.12,0.0,0.0
Gabon,2016,"Pepper (Piper spp.), raw",9.65,0.0,0.0
Gabon,2017,"Pepper (Piper spp.), raw",32.98,0.0,0.0
Gabon,2018,"Pepper (Piper spp.), raw",22.99,0.0,0.0
Gabon,2019,"Pepper (Piper spp.), raw",30.35,0.0,0.0
Gabon,2021,"Pepper (Piper spp.), raw",31.78,0.0,0.0
Gabon,2023,"Pepper (Piper spp.), raw",44.93,0.0,0.0
Gambia,1993,"Pepper (Piper spp.), raw",150.0,0.0,0.0
Gambia,1994,"Pepper (Piper spp.), raw",230.0,0.0,0.0
Gambia,1995,"Pepper (Piper spp.), raw",65.0,0.0,0.0
Gambia,1996,"Pepper (Piper spp.), raw",200.0,0.0,0.0
Gambia,1997,"Pepper (Piper spp.), raw",160.0,0.0,0.0
Gambia,1998,"Pepper (Piper spp.), raw",260.0,0.0,0.0
Gambia,1999,"Pepper (Piper spp.), raw",46.0,0.0,0.0
Gambia,2001,"Pepper (Piper spp.), raw",59.0,1.0,0.0
Gambia,2002,"Pepper (Piper spp.), raw",20.0,9.0,0.0
Gambia,2003,"Pepper (Piper spp.), raw",45.0,0.0,0.0
Gambia,2004,"Pepper (Piper spp.), raw",422.0,0.0,0.0
Gambia,2005,"Pepper (Piper spp.), raw",322.0,0.0,0.0
Gambia,2006,"Pepper (Piper spp.), raw",466.0,2.0,0.0
Gambia,2008,"Pepper (Piper spp.), raw",99.0,0.0,0.0
Gambia,2009,"Pepper (Piper spp.), raw",65.0,14.0,0.0
Gambia,2010,"Pepper (Piper spp.), raw",156.0,5.0,0.0
Gambia,2011,"Pepper (Piper spp.), raw",84.0,172.0,0.0
Gambia,2012,"Pepper (Piper spp.), raw",80.0,194.0,0.0
Gambia,2013,"Pepper (Piper spp.), raw",40.0,57.0,0.0
Gambia,2014,"Pepper (Piper spp.), raw",447.0,46.05,0.0
Gambia,2015,"Pepper (Piper spp.), raw",390.21,5.93,0.0
Gambia,2016,"Pepper (Piper spp.), raw",358.39,0.37,0.0
Gambia,2017,"Pepper (Piper spp.), raw",775.4,6.54,0.0
Gambia,2018,"Pepper (Piper spp.), raw",660.52,0.92,0.0
Gambia,2019,"Pepper (Piper spp.), raw",864.78,3.34,0.0
Gambia,2020,"Pepper (Piper spp.), raw",640.2,7.86,0.0
Gambia,2021,"Pepper (Piper spp.), raw",629.92,0.83,0.0
Gambia,2022,"Pepper (Piper spp.), raw",202.88,0.01,0.0
Gambia,2023,"Pepper (Piper spp.), raw",27.22,0.97,0.0
Georgia,2000,"Pepper (Piper spp.), raw",38.0,0.0,50.0
Georgia,2001,"Pepper (Piper spp.), raw",23.0,0.0,55.0
Georgia,2002,"Pepper (Piper spp.), raw",25.0,0.0,50.0
Georgia,2003,"Pepper (Piper spp.), raw",35.0,0.0,0.0
Georgia,2004,"Pepper (Piper spp.), raw",87.0,0.0,0.0
Georgia,2005,"Pepper (Piper spp.), raw",152.0,0.0,50.0
Georgia,2006,"Pepper (Piper spp.), raw",105.0,0.0,50.0
Georgia,2007,"Pepper (Piper spp.), raw",153.0,0.0,50.0
Georgia,2008,"Pepper (Piper spp.), raw",238.0,0.0,50.0
Georgia,2009,"Pepper (Piper spp.), raw",185.0,0.0,50.0
Georgia,2010,"Pepper (Piper spp.), raw",219.0,0.0,0.0
Georgia,2011,"Pepper (Piper spp.), raw",117.0,0.0,0.0
Georgia,2012,"Pepper (Piper spp.), raw",293.0,10.0,0.0
Georgia,2014,"Pepper (Piper spp.), raw",175.67,3.11,0.0
Georgia,2015,"Pepper (Piper spp.), raw",216.85,0.13,0.0
Georgia,2016,"Pepper (Piper spp.), raw",232.19,1.3,0.0
Georgia,2017,"Pepper (Piper spp.), raw",209.3,0.6,0.0
Georgia,2019,"Pepper (Piper spp.), raw",230.5,1.08,0.0
Georgia,2020,"Pepper (Piper spp.), raw",249.63,1.37,0.0
Georgia,2021,"Pepper (Piper spp.), raw",227.25,21.53,0.0
Georgia,2022,"Pepper (Piper spp.), raw",346.08,2.69,0.0
Georgia,2023,"Pepper (Piper spp.), raw",323.25,22.09,0.0
Germany,1993,"Pepper (Piper spp.), raw",17065.0,1573.0,0.0
Germany,1994,"Pepper (Piper spp.), raw",16990.0,1838.0,0.0
Germany,1995,"Pepper (Piper spp.), raw",17487.0,2377.0,0.0
Germany,1996,"Pepper (Piper spp.), raw",16236.0,2903.0,0.0
Germany,1997,"Pepper (Piper spp.), raw",19384.0,4115.0,0.0
Germany,1998,"Pepper (Piper spp.), raw",14810.0,4443.0,0.0
Germany,1999,"Pepper (Piper spp.), raw",19554.0,4597.0,0.0
Germany,2000,"Pepper (Piper spp.), raw",17834.0,3628.0,0.0
Germany,2001,"Pepper (Piper spp.), raw",19950.0,3833.0,0.0
Germany,2002,"Pepper (Piper spp.), raw",21491.0,4757.0,0.0
Germany,2003,"Pepper (Piper spp.), raw",22996.0,7804.0,0.0
Germany,2004,"Pepper (Piper spp.), raw",27459.0,8736.0,0.0
Germany,2005,"Pepper (Piper spp.), raw",22731.0,8092.0,0.0
Germany,2006,"Pepper (Piper spp.), raw",26031.0,9802.0,0.0
Germany,2007,"Pepper (Piper spp.), raw",31460.0,9387.0,0.0
Germany,2009,"Pepper (Piper spp.), raw",26219.0,10850.0,0.0
Germany,2010,"Pepper (Piper spp.), raw",28948.0,11128.0,0.0
Germany,2011,"Pepper (Piper spp.), raw",25480.0,11031.0,0.0
Germany,2012,"Pepper (Piper spp.), raw",27653.0,10915.0,0.0
Germany,2013,"Pepper (Piper spp.), raw",30706.0,13310.0,0.0
Germany,2014,"Pepper (Piper spp.), raw",25977.97,11709.26,0.0
Germany,2015,"Pepper (Piper spp.), raw",29239.06,14066.84,0.0
Germany,2016,"Pepper (Piper spp.), raw",29451.98,14840.62,0.0
Germany,2017,"Pepper (Piper spp.), raw",32630.36,15482.11,0.0
Germany,2018,"Pepper (Piper spp.), raw",30764.52,15304.05,0.0
Germany,2019,"Pepper (Piper spp.), raw",33955.46,13964.19,0.0
Germany,2020,"Pepper (Piper spp.), raw",32862.26,13724.24,0.0
Germany,2021,"Pepper (Piper spp.), raw",32812.21,15726.2,0.0
Germany,2022,"Pepper (Piper spp.), raw",26779.5,13109.51,0.0
Germany,2023,"Pepper (Piper spp.), raw",20601.09,13044.67,0.0
Ghana,1994,"Pepper (Piper spp.), raw",10.0,0.0,0.0
Ghana,1995,"Pepper (Piper spp.), raw",10.0,0.0,0.0
Ghana,1996,"Pepper (Piper spp.), raw",10.0,1451.0,1500.0
Ghana,1997,"Pepper (Piper spp.), raw",7.0,1366.0,1764.76
Ghana,1998,"Pepper (Piper spp.), raw",18.0,1855.0,2000.0
Ghana,1999,"Pepper (Piper spp.), raw",17.0,1751.0,2210.41
Ghana,2000,"Pepper (Piper spp.), raw",15.84,2424.82,2500.0
Ghana,2001,"Pepper (Piper spp.), raw",49.0,1894.0,2555.85
Ghana,2002,"Pepper (Piper spp.), raw",118.0,2000.0,2700.0
Ghana,2003,"Pepper (Piper spp.), raw",83.0,2977.0,2900.0
Ghana,2004,"Pepper (Piper spp.), raw",183.0,1500.0,2700.0
Ghana,2005,"Pepper (Piper spp.), raw",31.0,2005.0,2900.0
Ghana,2006,"Pepper (Piper spp.), raw",202.0,1500.0,3000.0
Ghana,2007,"Pepper (Piper spp.), raw",67.0,1522.0,3100.0
Ghana,2008,"Pepper (Piper spp.), raw",67.0,1372.0,3190.91
Ghana,2009,"Pepper (Piper spp.), raw",40.0,91.0,3257.91
Ghana,2010,"Pepper (Piper spp.), raw",74.0,27.0,3335.52
Ghana,2011,"Pepper (Piper spp.), raw",217.0,27.0,3412.6
Ghana,2012,"Pepper (Piper spp.), raw",305.0,755.0,3500.0
Ghana,2014,"Pepper (Piper spp.), raw",59.99,68.24,3625.38
Ghana,2015,"Pepper (Piper spp.), raw",105.61,42.59,3857.44
Ghana,2017,"Pepper (Piper spp.), raw",1324.14,50.64,3728.0
Ghana,2018,"Pepper (Piper spp.), raw",1240.59,59.75,3752.16
Ghana,2020,"Pepper (Piper spp.), raw",1009.99,177.18,3756.1
Ghana,2021,"Pepper (Piper spp.), raw",1262.45,150.02,3765.47
Ghana,2023,"Pepper (Piper spp.), raw",1769.08,102.31,3763.83
Greece,1993,"Pepper (Piper spp.), raw",1425.0,225.0,0.0
Greece,1994,"Pepper (Piper spp.), raw",1089.0,347.0,0.0
Greece,1995,"Pepper (Piper spp.), raw",1088.0,432.0,0.0
Greece,1996,"Pepper (Piper spp.), raw",1528.0,306.0,0.0
Greece,1997,"Pepper (Piper spp.), raw",1152.0,174.0,0.0
Greece,1998,"Pepper (Piper spp.), raw",822.0,242.0,0.0
Greece,1999,"Pepper (Piper spp.), raw",1022.0,131.0,0.0
Greece,2001,"Pepper (Piper spp.), raw",1212.0,188.0,0.0
Greece,2002,"Pepper (Piper spp.), raw",1121.0,123.0,0.0
Greece,2003,"Pepper (Piper spp.), raw",1042.0,163.0,0.0
Greece,2004,"Pepper (Piper spp.), raw",1404.0,164.0,0.0
Greece,2005,"Pepper (Piper spp.), raw",1318.0,162.0,0.0
Greece,2006,"Pepper (Piper spp.), raw",1525.0,72.0,0.0
Greece,2007,"Pepper (Piper spp.), raw",1249.0,47.0,0.0
Greece,2008,"Pepper (Piper spp.), raw",1151.0,63.0,0.0
Greece,2009,"Pepper (Piper spp.), raw",1480.0,77.0,0.0
Greece,2010,"Pepper (Piper spp.), raw",1242.0,46.0,0.0
Greece,2011,"Pepper (Piper spp.), raw",1023.0,9.0,0.0
Greece,2012,"Pepper (Piper spp.), raw",1007.0,34.0,0.0
Greece,2013,"Pepper (Piper spp.), raw",1034.0,21.0,0.0
Greece,2014,"Pepper (Piper spp.), raw",1058.95,25.38,0.0
Greece,2015,"Pepper (Piper spp.), raw",1392.11,88.62,0.0
Greece,2016,"Pepper (Piper spp.), raw",1321.67,88.68,0.0
Greece,2017,"Pepper (Piper spp.), raw",1670.65,26.12,0.0
Greece,2018,"Pepper (Piper spp.), raw",1492.97,54.28,0.0
Greece,2019,"Pepper (Piper spp.), raw",1600.78,69.08,0.0
Greece,2020,"Pepper (Piper spp.), raw",1187.8,132.25,0.0
Greece,2021,"Pepper (Piper spp.), raw",1293.89,85.08,0.0
Greece,2022,"Pepper (Piper spp.), raw",1264.89,134.84,0.0
Greece,2023,"Pepper (Piper spp.), raw",1380.14,134.91,0.0
Grenada,1993,"Pepper (Piper spp.), raw",9.0,0.0,0.0
Grenada,1994,"Pepper (Piper spp.), raw",5.0,0.0,0.0
Grenada,1995,"Pepper (Piper spp.), raw",3.0,0.0,0.0
Grenada,1996,"Pepper (Piper spp.), raw",2.0,0.0,0.0
Grenada,1997,"Pepper (Piper spp.), raw",3.0,0.0,0.0
Grenada,1998,"Pepper (Piper spp.), raw",6.0,0.0,0.0
Grenada,1999,"Pepper (Piper spp.), raw",10.0,0.0,0.0
Grenada,2000,"Pepper (Piper spp.), raw",1.0,0.0,0.0
Grenada,2001,"Pepper (Piper spp.), raw",1.0,0.0,0.0
Grenada,2003,"Pepper (Piper spp.), raw",1.0,0.0,0.0
Grenada,2004,"Pepper (Piper spp.), raw",9.0,1.0,0.0
Grenada,2005,"Pepper (Piper spp.), raw",9.0,0.0,0.0
Grenada,2006,"Pepper (Piper spp.), raw",10.0,0.0,0.0
Grenada,2007,"Pepper (Piper spp.), raw",21.0,0.0,0.0
Grenada,2008,"Pepper (Piper spp.), raw",0.0,1.0,0.0
Grenada,2009,"Pepper (Piper spp.), raw",24.0,1.0,0.0
Grenada,2010,"Pepper (Piper spp.), raw",0.0,1.0,0.0
Grenada,2011,"Pepper (Piper spp.), raw",9.0,0.0,0.0
Grenada,2012,"Pepper (Piper spp.), raw",0.0,0.0,0.0
Grenada,2013,"Pepper (Piper spp.), raw",0.0,0.0,0.0
Grenada,2014,"Pepper (Piper spp.), raw",0.11,0.0,0.0
Grenada,2015,"Pepper (Piper spp.), raw",0.71,0.0,0.0
Grenada,2016,"Pepper (Piper spp.), raw",26.34,0.18,604.0
Grenada,2017,"Pepper (Piper spp.), raw",26.41,1.1,606.5
Grenada,2020,"Pepper (Piper spp.), raw",16.43,0.14,505.5
Grenada,2021,"Pepper (Piper spp.), raw",18.64,0.04,372.3
Grenada,2022,"Pepper (Piper spp.), raw",26.42,0.97,330.7
Grenada,2023,"Pepper (Piper spp.), raw",21.34,0.06,187.7
Guatemala,1993,"Pepper (Piper spp.), raw",102.0,285.0,380.0
Guatemala,1994,"Pepper (Piper spp.), raw",138.0,173.0,374.22
Guatemala,1995,"Pepper (Piper spp.), raw",119.0,365.0,390.0
Guatemala,1996,"Pepper (Piper spp.), raw",288.0,421.0,400.0
Guatemala,1997,"Pepper (Piper spp.), raw",122.0,523.0,410.0
Guatemala,1998,"Pepper (Piper spp.), raw",183.0,108.0,409.91
Guatemala,1999,"Pepper (Piper spp.), raw",198.72,545.52,400.0
Guatemala,2000,"Pepper (Piper spp.), raw",150.34,268.76,424.16
Guatemala,2001,"Pepper (Piper spp.), raw",190.0,425.0,390.0
Guatemala,2002,"Pepper (Piper spp.), raw",181.0,220.0,444.8
Guatemala,2003,"Pepper (Piper spp.), raw",211.0,130.0,459.92
Guatemala,2004,"Pepper (Piper spp.), raw",171.0,433.0,472.38
Guatemala,2005,"Pepper (Piper spp.), raw",201.0,352.0,483.25
Guatemala,2007,"Pepper (Piper spp.), raw",233.0,302.0,491.14
Guatemala,2008,"Pepper (Piper spp.), raw",263.0,298.0,502.23
Guatemala,2009,"Pepper (Piper spp.), raw",230.0,528.0,491.59
Guatemala,2010,"Pepper (Piper spp.), raw",189.0,488.0,350.0
Guatemala,2011,"Pepper (Piper spp.), raw",275.0,957.0,750.0
Guatemala,2012,"Pepper (Piper spp.), raw",271.0,764.0,750.0
Guatemala,2013,"Pepper (Piper spp.), raw",226.0,841.0,660.0
Guatemala,2015,"Pepper (Piper spp.), raw",306.65,633.63,783.72
Guatemala,2016,"Pepper (Piper spp.), raw",460.43,1131.59,761.7
Guatemala,2017,"Pepper (Piper spp.), raw",417.27,1843.87,769.4
Guatemala,2018,"Pepper (Piper spp.), raw",549.4,1701.92,779.09
Guatemala,2019,"Pepper (Piper spp.), raw",475.47,1559.41,791.0
Guatemala,2020,"Pepper (Piper spp.), raw",532.28,1108.74,779.83
Guatemala,2021,"Pepper (Piper spp.), raw",598.79,1707.2,783.31
Guatemala,2022,"Pepper (Piper spp.), raw",675.2,834.91,784.71
Guatemala,2023,"Pepper (Piper spp.), raw",559.93,1200.95,782.62
Guinea,1996,"Pepper (Piper spp.), raw",1.0,0.0,0.0
Guinea,1997,"Pepper (Piper spp.), raw",0.0,0.0,0.0
Guinea,1998,"Pepper (Piper spp.), raw",2.0,0.0,0.0
Guinea,1999,"Pepper (Piper spp.), raw",1.0,0.0,0.0
Guinea,2000,"Pepper (Piper spp.), raw",0.75,0.0,0.0
Guinea,2001,"Pepper (Piper spp.), raw",1.0,0.0,0.0
Guinea,2002,"Pepper (Piper spp.), raw",2.0,0.0,0.0
Guinea,2003,"Pepper (Piper spp.), raw",9.0,0.0,0.0
Guinea,2004,"Pepper (Piper spp.), raw",0.0,0.0,0.0
Guinea,2005,"Pepper (Piper spp.), raw",0.0,0.0,0.0
Guinea,2006,"Pepper (Piper spp.), raw",57.0,0.0,0.0
Guinea,2007,"Pepper (Piper spp.), raw",26.0,0.0,0.0
Guinea,2008,"Pepper (Piper spp.), raw",30.0,0.0,0.0
Guinea,2009,"Pepper (Piper spp.), raw",30.0,0.0,0.0
Guinea,2010,"Pepper (Piper spp.), raw",1.0,0.0,0.0
Guinea,2011,"Pepper (Piper spp.), raw",82.0,0.0,0.0
Guinea,2012,"Pepper (Piper spp.), raw",15.0,0.0,0.0
Guinea,2013,"Pepper (Piper spp.), raw",42.0,0.0,0.0
Guinea,2014,"Pepper (Piper spp.), raw",85.12,0.0,0.0
Guinea,2015,"Pepper (Piper spp.), raw",57.18,0.0,0.0
Guinea,2016,"Pepper (Piper spp.), raw",87.59,0.0,0.0
Guinea,2019,"Pepper (Piper spp.), raw",80.66,0.16,0.0
Guinea,2020,"Pepper (Piper spp.), raw",61.51,0.26,0.0
Guinea,2021,"Pepper (Piper spp.), raw",102.45,0.03,0.0
Guinea,2022,"Pepper (Piper spp.), raw",30.84,0.05,0.0
Guinea,2023,"Pepper (Piper spp.), raw",24.8,0.1,0.0
Guinea-Bissau,2014,"Pepper (Piper spp.), raw",0.2,0.0,0.0
Guinea-Bissau,2016,"Pepper (Piper spp.), raw",0.45,0.0,0.0
Guinea-Bissau,2017,"Pepper (Piper spp.), raw",0.3,0.0,0.0
Guinea-Bissau,2020,"Pepper (Piper spp.), raw",0.84,0.0,0.0
Guinea-Bissau,2021,"Pepper (Piper spp.), raw",3.39,0.0,0.0
Guinea-Bissau,2022,"Pepper (Piper spp.), raw",1.19,0.05,0.0
Guinea-Bissau,2023,"Pepper (Piper spp.), raw",0.44,0.0,0.0
Guyana,1994,"Pepper (Piper spp.), raw",0.0,0.0,0.0
Guyana,1995,"Pepper (Piper spp.), raw",14.0,0.0,0.0
Guyana,1996,"Pepper (Piper spp.), raw",20.0,0.0,0.0
Guyana,1997,"Pepper (Piper spp.), raw",22.0,142.0,170.0
Guyana,1998,"Pepper (Piper spp.), raw",18.0,127.0,186.28
Guyana,1999,"Pepper (Piper spp.), raw",21.0,119.0,197.56
Guyana,2002,"Pepper (Piper spp.), raw",25.0,324.0,350.0
Guyana,2003,"Pepper (Piper spp.), raw",27.0,328.0,360.0
Guyana,2004,"Pepper (Piper spp.), raw",26.0,300.0,368.86
Guyana,2005,"Pepper (Piper spp.), raw",38.0,253.0,381.49
Guyana,2006,"Pepper (Piper spp.), raw",22.0,254.0,393.6
Guyana,2008,"Pepper (Piper spp.), raw",28.0,193.0,450.0
Guyana,2009,"Pepper (Piper spp.), raw",28.0,193.0,423.48
Guyana,2010,"Pepper (Piper spp.), raw",30.0,214.0,300.0
Guyana,2011,"Pepper (Piper spp.), raw",35.0,141.0,297.58
Guyana,2012,"Pepper (Piper spp.), raw",57.0,187.0,260.0
Guyana,2013,"Pepper (Piper spp.), raw",61.0,194.0,344.09
Guyana,2014,"Pepper (Piper spp.), raw",64.41,157.86,381.32
Guyana,2015,"Pepper (Piper spp.), raw",58.2,132.42,316.85
Guyana,2016,"Pepper (Piper spp.), raw",70.6,354.52,347.42
Guyana,2017,"Pepper (Piper spp.), raw",73.56,304.98,348.25
Guyana,2018,"Pepper (Piper spp.), raw",52.75,295.56,346.05
Guyana,2019,"Pepper (Piper spp.), raw",56.98,143.2,339.08
Guyana,2020,"Pepper (Piper spp.), raw",91.84,61.8,344.46
Guyana,2021,"Pepper (Piper spp.), raw",33.35,49.95,343.2
Guyana,2022,"Pepper (Piper spp.), raw",75.27,51.13,342.24
Guyana,2023,"Pepper (Piper spp.), raw",66.42,77.94,343.3
Haiti,1993,"Pepper (Piper spp.), raw",100.0,0.0,0.0
Haiti,1994,"Pepper (Piper spp.), raw",27.0,0.0,0.0
Haiti,1995,"Pepper (Piper spp.), raw",45.0,0.0,0.0
Haiti,1996,"Pepper (Piper spp.), raw",1.0,0.0,0.0
Haiti,1997,"Pepper (Piper spp.), raw",0.0,0.0,0.0
Haiti,1998,"Pepper (Piper spp.), raw",1.0,0.0,0.0
Haiti,1999,"Pepper (Piper spp.), raw",20.0,0.0,0.0
Haiti,2000,"Pepper (Piper spp.), raw",20.0,0.0,0.0
Haiti,2002,"Pepper (Piper spp.), raw",33.0,0.0,0.0
Haiti,2003,"Pepper (Piper spp.), raw",0.0,0.0,0.0
Haiti,2004,"Pepper (Piper spp.), raw",2.0,0.0,0.0
Haiti,2005,"Pepper (Piper spp.), raw",4.0,0.0,0.0
Haiti,2006,"Pepper (Piper spp.), raw",5.0,0.0,0.0
Haiti,2008,"Pepper (Piper spp.), raw",2.0,0.0,0.0
Haiti,2009,"Pepper (Piper spp.), raw",0.0,0.0,0.0
Haiti,2010,"Pepper (Piper spp.), raw",1.0,0.0,0.0
Haiti,2011,"Pepper (Piper spp.), raw",1.0,0.0,0.0
Haiti,2012,"Pepper (Piper spp.), raw",1.0,0.0,0.0
Haiti,2013,"Pepper (Piper spp.), raw",1.0,0.0,0.0
Haiti,2014,"Pepper (Piper spp.), raw",5.63,0.57,0.0
Haiti,2015,"Pepper (Piper spp.), raw",3.65,0.71,0.0
Haiti,2016,"Pepper (Piper spp.), raw",5.19,0.0,0.0
Haiti,2017,"Pepper (Piper spp.), raw",29.19,0.0,0.0
Haiti,2018,"Pepper (Piper spp.), raw",14.1,0.0,0.0
Haiti,2019,"Pepper (Piper spp.), raw",1.38,0.0,0.0
Haiti,2021,"Pepper (Piper spp.), raw",29.82,0.0,0.0
Haiti,2022,"Pepper (Piper spp.), raw",21.74,0.0,0.0
Haiti,2023,"Pepper (Piper spp.), raw",11.39,0.0,0.0
Honduras,1993,"Pepper (Piper spp.), raw",102.0,188.0,213.0
Honduras,1995,"Pepper (Piper spp.), raw",52.0,100.0,200.0
Honduras,1996,"Pepper (Piper spp.), raw",110.0,214.0,282.57
Honduras,1997,"Pepper (Piper spp.), raw",161.0,2.0,282.69
Honduras,1998,"Pepper (Piper spp.), raw",110.0,66.0,310.62
Honduras,1999,"Pepper (Piper spp.), raw",197.0,59.0,325.04
Honduras,2000,"Pepper (Piper spp.), raw",387.0,321.0,343.13
Honduras,2001,"Pepper (Piper spp.), raw",289.0,638.0,360.0
Honduras,2002,"Pepper (Piper spp.), raw",124.0,240.0,401.14
Honduras,2003,"Pepper (Piper spp.), raw",94.0,542.0,460.0
Honduras,2004,"Pepper (Piper spp.), raw",125.0,495.0,471.37
Honduras,2005,"Pepper (Piper spp.), raw",145.0,451.0,500.58
Honduras,2007,"Pepper (Piper spp.), raw",242.0,444.0,600.0
Honduras,2008,"Pepper (Piper spp.), raw",255.0,384.0,520.55
Honduras,2009,"Pepper (Piper spp.), raw",122.0,568.0,511.55
Honduras,2010,"Pepper (Piper spp.), raw",117.0,129.0,503.05
Honduras,2011,"Pepper (Piper spp.), raw",97.0,129.0,495.07
Honduras,2013,"Pepper (Piper spp.), raw",65.0,34.0,516.87
Honduras,2014,"Pepper (Piper spp.), raw",146.44,419.48,568.02
Honduras,2016,"Pepper (Piper spp.), raw",170.6,199.81,553.0
Honduras,2017,"Pepper (Piper spp.), raw",156.76,879.65,600.0
Honduras,2018,"Pepper (Piper spp.), raw",135.37,1048.51,550.0
Honduras,2019,"Pepper (Piper spp.), raw",130.39,676.57,636.96
Honduras,2020,"Pepper (Piper spp.), raw",173.94,628.44,670.19
Honduras,2021,"Pepper (Piper spp.), raw",224.24,1016.34,800.0
Honduras,2023,"Pepper (Piper spp.), raw",234.57,609.0,729.28
Hungary,1995,"Pepper (Piper spp.), raw",1338.0,25.0,0.0
Hungary,1996,"Pepper (Piper spp.), raw",1338.0,6.0,0.0
Hungary,1997,"Pepper (Piper spp.), raw",1400.0,10.0,0.0
Hungary,1998,"Pepper (Piper spp.), raw",1154.0,12.0,0.0
Hungary,1999,"Pepper (Piper spp.), raw",1141.0,33.0,0.0
Hungary,2000,"Pepper (Piper spp.), raw",1143.4,51.4,0.0
Hungary,2001,"Pepper (Piper spp.), raw",1055.0,45.0,0.0
Hungary,2002,"Pepper (Piper spp.), raw",1201.0,17.0,0.0
Hungary,2003,"Pepper (Piper spp.), raw",1231.0,24.0,0.0
Hungary,2004,"Pepper (Piper spp.), raw",1008.0,34.0,0.0
Hungary,2005,"Pepper (Piper spp.), raw",991.0,29.0,0.0
Hungary,2006,"Pepper (Piper spp.), raw",1175.0,12.0,0.0
Hungary,2007,"Pepper (Piper spp.), raw",1080.0,85.0,0.0
Hungary,2008,"Pepper (Piper spp.), raw",1098.0,94.0,0.0
Hungary,2009,"Pepper (Piper spp.), raw",891.0,22.0,0.0
Hungary,2010,"Pepper (Piper spp.), raw",980.0,33.0,0.0
Hungary,2011,"Pepper (Piper spp.), raw",1035.0,14.0,0.0
Hungary,2012,"Pepper (Piper spp.), raw",915.0,16.0,0.0
Hungary,2013,"Pepper (Piper spp.), raw",1035.0,21.0,0.0
Hungary,2014,"Pepper (Piper spp.), raw",1135.64,24.47,0.0
Hungary,2015,"Pepper (Piper spp.), raw",995.13,32.29,0.0
Hungary,2016,"Pepper (Piper spp.), raw",1122.85,26.38,0.0
Hungary,2017,"Pepper (Piper spp.), raw",1110.3,34.27,0.0
Hungary,2018,"Pepper (Piper spp.), raw",1079.49,34.98,0.0
Hungary,2019,"Pepper (Piper spp.), raw",1085.44,107.63,0.0
Hungary,2020,"Pepper (Piper spp.), raw",1203.39,123.42,0.0
Hungary,2021,"Pepper (Piper spp.), raw",1323.75,142.23,0.0
Hungary,2022,"Pepper (Piper spp.), raw",1248.15,142.47,0.0
Hungary,2023,"Pepper (Piper spp.), raw",1032.14,106.01,0.0
Iceland,1993,"Pepper (Piper spp.), raw",23.0,0.0,0.0
Iceland,1994,"Pepper (Piper spp.), raw",22.0,0.0,0.0
Iceland,1995,"Pepper (Piper spp.), raw",24.0,0.0,0.0
Iceland,1996,"Pepper (Piper spp.), raw",29.0,0.0,0.0
Iceland,1997,"Pepper (Piper spp.), raw",22.0,0.0,0.0
Iceland,1998,"Pepper (Piper spp.), raw",25.0,0.0,0.0
Iceland,1999,"Pepper (Piper spp.), raw",29.0,0.0,0.0
Iceland,2000,"Pepper (Piper spp.), raw",29.63,0.0,0.0
Iceland,2001,"Pepper (Piper spp.), raw",31.0,0.0,0.0
Iceland,2002,"Pepper (Piper spp.), raw",29.0,0.0,0.0
Iceland,2003,"Pepper (Piper spp.), raw",34.0,0.0,0.0
Iceland,2004,"Pepper (Piper spp.), raw",33.0,0.0,0.0
Iceland,2005,"Pepper (Piper spp.), raw",38.0,0.0,0.0
Iceland,2006,"Pepper (Piper spp.), raw",28.0,0.0,0.0
Iceland,2007,"Pepper (Piper spp.), raw",31.0,0.0,0.0
Iceland,2008,"Pepper (Piper spp.), raw",40.0,0.0,0.0
Iceland,2009,"Pepper (Piper spp.), raw",38.0,0.0,0.0
Iceland,2010,"Pepper (Piper spp.), raw",58.0,0.0,0.0
Iceland,2011,"Pepper (Piper spp.), raw",56.0,0.0,0.0
Iceland,2012,"Pepper (Piper spp.), raw",67.0,0.0,0.0
Iceland,2013,"Pepper (Piper spp.), raw",68.0,0.0,0.0
Iceland,2014,"Pepper (Piper spp.), raw",68.95,0.0,0.0
Iceland,2015,"Pepper (Piper spp.), raw",85.33,0.02,0.0
Iceland,2016,"Pepper (Piper spp.), raw",95.71,0.02,0.0
Iceland,2017,"Pepper (Piper spp.), raw",84.38,0.0,0.0
Iceland,2018,"Pepper (Piper spp.), raw",73.85,0.0,0.0
Iceland,2020,"Pepper (Piper spp.), raw",78.15,0.01,0.0
Iceland,2021,"Pepper (Piper spp.), raw",76.55,0.01,0.0
Iceland,2022,"Pepper (Piper spp.), raw",63.37,0.0,0.0
Iceland,2023,"Pepper (Piper spp.), raw",62.04,0.0,0.0
India,1994,"Pepper (Piper spp.), raw",2413.0,36536.0,51300.0
India,1995,"Pepper (Piper spp.), raw",2186.0,25270.0,60700.0
India,1996,"Pepper (Piper spp.), raw",2279.0,47211.0,61580.0
India,1997,"Pepper (Piper spp.), raw",2153.0,35403.0,56000.0
India,1998,"Pepper (Piper spp.), raw",3551.0,32859.0,57000.0
India,2000,"Pepper (Piper spp.), raw",6045.0,19125.0,59000.0
India,2001,"Pepper (Piper spp.), raw",6325.0,19641.0,64000.0
India,2002,"Pepper (Piper spp.), raw",15635.0,21066.0,62000.0
India,2003,"Pepper (Piper spp.), raw",14584.0,15319.0,64000.0
India,2004,"Pepper (Piper spp.), raw",15695.0,15429.0,73190.0
India,2005,"Pepper (Piper spp.), raw",18858.0,21470.0,73020.0
India,2006,"Pepper (Piper spp.), raw",16897.0,35499.0,92900.0
India,2007,"Pepper (Piper spp.), raw",13301.0,47464.0,69000.0
India,2008,"Pepper (Piper spp.), raw",11567.0,39645.0,47010.0
India,2009,"Pepper (Piper spp.), raw",17444.0,26281.0,47400.0
India,2010,"Pepper (Piper spp.), raw",11913.0,25847.0,51020.0
India,2011,"Pepper (Piper spp.), raw",13548.0,37419.0,52000.0
India,2013,"Pepper (Piper spp.), raw",15919.0,38576.0,53000.0
India,2014,"Pepper (Piper spp.), raw",23067.99,27415.29,51000.0
India,2015,"Pepper (Piper spp.), raw",21460.07,34800.5,65000.0
India,2016,"Pepper (Piper spp.), raw",23483.99,23862.95,55000.0
India,2017,"Pepper (Piper spp.), raw",30431.28,18268.83,72000.0
India,2018,"Pepper (Piper spp.), raw",26009.28,16726.31,66000.0
India,2019,"Pepper (Piper spp.), raw",29357.03,19642.24,66000.0
India,2020,"Pepper (Piper spp.), raw",27440.71,17488.97,66000.0
India,2021,"Pepper (Piper spp.), raw",38058.51,21970.97,64768.36
India,2022,"Pepper (Piper spp.), raw",43475.42,19968.48,64746.48
India,2023,"Pepper (Piper spp.), raw",34971.13,15437.27,65739.64
Indonesia,1993,"Pepper (Piper spp.), raw",27.0,27684.0,65782.0
Indonesia,1996,"Pepper (Piper spp.), raw",29.0,36849.0,52168.0
Indonesia,1997,"Pepper (Piper spp.), raw",1033.0,33386.0,46600.0
Indonesia,1998,"Pepper (Piper spp.), raw",16.0,38723.0,64500.0
Indonesia,1999,"Pepper (Piper spp.), raw",2372.0,36293.0,61200.0
Indonesia,2000,"Pepper (Piper spp.), raw",707.44,47502.23,69087.0
Indonesia,2001,"Pepper (Piper spp.), raw",3274.0,53432.0,82078.0
Indonesia,2002,"Pepper (Piper spp.), raw",2283.0,63214.0,90181.0
Indonesia,2003,"Pepper (Piper spp.), raw",139.0,51546.0,90740.0
Indonesia,2004,"Pepper (Piper spp.), raw",343.0,32364.0,77008.0
Indonesia,2005,"Pepper (Piper spp.), raw",844.0,34531.0,78328.0
Indonesia,2006,"Pepper (Piper spp.), raw",1042.0,36953.0,77534.0
Indonesia,2007,"Pepper (Piper spp.), raw",1393.0,38447.0,80420.0
Indonesia,2008,"Pepper (Piper spp.), raw",1255.0,52407.0,80420.0
Indonesia,2009,"Pepper (Piper spp.), raw",3327.0,50642.0,82834.0
Indonesia,2010,"Pepper (Piper spp.), raw",3312.0,62599.0,83700.0
Indonesia,2011,"Pepper (Piper spp.), raw",4100.0,36487.0,87100.0
Indonesia,2012,"Pepper (Piper spp.), raw",4254.0,62608.0,87841.0
Indonesia,2013,"Pepper (Piper spp.), raw",743.0,47908.0,91000.0
Indonesia,2014,"Pepper (Piper spp.), raw",6028.95,34732.74,87400.0
Indonesia,2016,"Pepper (Piper spp.), raw",2759.05,53099.62,86334.0
Indonesia,2017,"Pepper (Piper spp.), raw",820.62,45779.9,87991.0
Indonesia,2018,"Pepper (Piper spp.), raw",844.03,47613.82,88949.0
Indonesia,2019,"Pepper (Piper spp.), raw",613.89,64177.24,87619.0
Indonesia,2020,"Pepper (Piper spp.), raw",603.64,58378.4,86083.0
Indonesia,2021,"Pepper (Piper spp.), raw",318.68,37738.3,83316.0
Indonesia,2022,"Pepper (Piper spp.), raw",561.69,29580.46,75205.0
Indonesia,2023,"Pepper (Piper spp.), raw",449.67,23817.95,70169.0
Iran (Islamic Republic of),1993,"Pepper (Piper spp.), raw",0.0,0.0,0.0
Iran (Islamic Republic of),1994,"Pepper (Piper spp.), raw",108.0,435.0,0.0
Iran (Islamic Republic of),1995,"Pepper (Piper spp.), raw",230.0,0.0,0.0
Iran (Islamic Republic of),1996,"Pepper (Piper spp.), raw",120.0,0.0,0.0
Iran (Islamic Republic of),1997,"Pepper (Piper spp.), raw",5.0,251.0,0.0
Iran (Islamic Republic of),1999,"Pepper (Piper spp.), raw",172.0,194.0,0.0
Iran (Islamic Republic of),2000,"Pepper (Piper spp.), raw",277.49,182.78,0.0
Iran (Islamic Republic of),2001,"Pepper (Piper spp.), raw",1385.0,200.0,0.0
Iran (Islamic Republic of),2003,"Pepper (Piper spp.), raw",1647.0,43.0,0.0
Iran (Islamic Republic of),2004,"Pepper (Piper spp.), raw",1627.0,48.0,0.0
Iran (Islamic Republic of),2005,"Pepper (Piper spp.), raw",2051.0,38.0,0.0
Iran (Islamic Republic of),2006,"Pepper (Piper spp.), raw",1903.0,130.0,0.0
Iran (Islamic Republic of),2007,"Pepper (Piper spp.), raw",2271.0,186.0,0.0
Iran (Islamic Republic of),2008,"Pepper (Piper spp.), raw",2932.0,148.0,0.0
Iran (Islamic Republic of),2009,"Pepper (Piper spp.), raw",2500.0,6.0,0.0
Iran (Islamic Republic of),2010,"Pepper (Piper spp.), raw",3171.0,111.0,0.0
Iran (Islamic Republic of),2011,"Pepper (Piper spp.), raw",3810.0,116.0,0.0
Iran (Islamic Republic of),2012,"Pepper (Piper spp.), raw",4593.0,38.0,0.0
Iran (Islamic Republic of),2015,"Pepper (Piper spp.), raw",6749.98,238.68,0.0
Iran (Islamic Republic of),2016,"Pepper (Piper spp.), raw",3215.45,46.16,0.0
Iran (Islamic Republic of),2017,"Pepper (Piper spp.), raw",5340.68,32.59,0.0
Iran (Islamic Republic of),2018,"Pepper (Piper spp.), raw",3288.56,63.34,0.0
Iran (Islamic Republic of),2019,"Pepper (Piper spp.), raw",2895.07,157.88,0.0
Iran (Islamic Republic of),2020,"Pepper (Piper spp.), raw",4920.65,219.84,0.0
Iran (Islamic Republic of),2021,"Pepper (Piper spp.), raw",5807.68,85.15,0.0
Iran (Islamic Republic of),2022,"Pepper (Piper spp.), raw",2715.78,914.12,0.0
Iran (Islamic Republic of),2023,"Pepper (Piper spp.), raw",2871.0,869.04,0.0
Iraq,1993,"Pepper (Piper spp.), raw",0.0,0.0,0.0
Iraq,1994,"Pepper (Piper spp.), raw",0.0,0.0,0.0
Iraq,1995,"Pepper (Piper spp.), raw",0.0,0.0,0.0
Iraq,1996,"Pepper (Piper spp.), raw",0.0,0.0,0.0
Iraq,1997,"Pepper (Piper spp.), raw",0.0,0.0,0.0
Iraq,1998,"Pepper (Piper spp.), raw",0.0,0.0,0.0
Iraq,1999,"Pepper (Piper spp.), raw",0.0,0.0,0.0
Iraq,2000,"Pepper (Piper spp.), raw",0.0,0.0,0.0
Iraq,2001,"Pepper (Piper spp.), raw",0.0,0.0,0.0
Iraq,2002,"Pepper (Piper spp.), raw",2.0,0.0,0.0
Iraq,2003,"Pepper (Piper spp.), raw",10.0,0.0,0.0
Iraq,2004,"Pepper (Piper spp.), raw",4.0,0.0,0.0
Iraq,2005,"Pepper (Piper spp.), raw",284.0,0.0,0.0
Iraq,2006,"Pepper (Piper spp.), raw",10.0,0.0,0.0
Iraq,2007,"Pepper (Piper spp.), raw",420.0,0.0,0.0
Iraq,2008,"Pepper (Piper spp.), raw",255.0,0.0,0.0
Iraq,2009,"Pepper (Piper spp.), raw",12.0,0.0,0.0
Iraq,2010,"Pepper (Piper spp.), raw",22.0,0.0,0.0
Iraq,2011,"Pepper (Piper spp.), raw",38.0,0.0,0.0
Iraq,2012,"Pepper (Piper spp.), raw",38.0,0.0,0.0
Iraq,2013,"Pepper (Piper spp.), raw",205.0,0.0,0.0
Iraq,2014,"Pepper (Piper spp.), raw",1000.0,0.0,0.0
Iraq,2015,"Pepper (Piper spp.), raw",1246.13,0.0,0.0
Iraq,2016,"Pepper (Piper spp.), raw",874.15,0.0,15488.0
Iraq,2017,"Pepper (Piper spp.), raw",1440.22,0.16,12584.0
Iraq,2018,"Pepper (Piper spp.), raw",1485.9,0.0,21931.0
Iraq,2019,"Pepper (Piper spp.), raw",2019.84,0.2,22034.0
Iraq,2020,"Pepper (Piper spp.), raw",2583.26,0.03,46130.0
Iraq,2021,"Pepper (Piper spp.), raw",2514.98,4.28,58781.0
Iraq,2022,"Pepper (Piper spp.), raw",1886.36,0.27,43528.0
Iraq,2023,"Pepper (Piper spp.), raw",2103.03,2.87,48584.57
Ireland,1993,"Pepper (Piper spp.), raw",454.0,1.0,0.0
Ireland,1994,"Pepper (Piper spp.), raw",555.0,0.0,0.0
Ireland,1996,"Pepper (Piper spp.), raw",228.0,0.0,0.0
Ireland,1997,"Pepper (Piper spp.), raw",290.0,0.0,0.0
Ireland,1998,"Pepper (Piper spp.), raw",297.0,0.0,0.0
Ireland,1999,"Pepper (Piper spp.), raw",228.0,2.0,0.0
Ireland,2000,"Pepper (Piper spp.), raw",307.0,0.0,0.0
Ireland,2001,"Pepper (Piper spp.), raw",285.0,0.0,0.0
Ireland,2002,"Pepper (Piper spp.), raw",308.0,3.0,0.0
Ireland,2003,"Pepper (Piper spp.), raw",465.0,1.0,0.0
Ireland,2004,"Pepper (Piper spp.), raw",458.0,3.0,0.0
Ireland,2005,"Pepper (Piper spp.), raw",443.0,6.0,0.0
Ireland,2006,"Pepper (Piper spp.), raw",604.0,13.0,0.0
Ireland,2007,"Pepper (Piper spp.), raw",546.0,12.0,0.0
Ireland,2008,"Pepper (Piper spp.), raw",582.0,10.0,0.0
Ireland,2009,"Pepper (Piper spp.), raw",656.0,13.0,0.0
Ireland,2010,"Pepper (Piper spp.), raw",559.0,18.0,0.0
Ireland,2011,"Pepper (Piper spp.), raw",658.0,20.0,0.0
Ireland,2012,"Pepper (Piper spp.), raw",634.0,17.0,0.0
Ireland,2013,"Pepper (Piper spp.), raw",897.0,17.0,0.0
Ireland,2014,"Pepper (Piper spp.), raw",680.39,16.7,0.0
Ireland,2015,"Pepper (Piper spp.), raw",941.89,28.3,0.0
Ireland,2016,"Pepper (Piper spp.), raw",891.25,23.28,0.0
Ireland,2017,"Pepper (Piper spp.), raw",994.9,21.19,0.0
Ireland,2018,"Pepper (Piper spp.), raw",1196.98,34.75,0.0
Ireland,2019,"Pepper (Piper spp.), raw",1357.85,39.21,0.0
Ireland,2020,"Pepper (Piper spp.), raw",1080.6,35.81,0.0
Ireland,2021,"Pepper (Piper spp.), raw",1234.43,40.77,0.0
Ireland,2022,"Pepper (Piper spp.), raw",1378.86,44.2,0.0
Ireland,2023,"Pepper (Piper spp.), raw",1319.37,60.82,0.0
Israel,1993,"Pepper (Piper spp.), raw",1000.0,110.0,0.0
Israel,1994,"Pepper (Piper spp.), raw",800.0,100.0,0.0
Israel,1995,"Pepper (Piper spp.), raw",730.0,70.0,0.0
Israel,1996,"Pepper (Piper spp.), raw",620.0,35.0,0.0
Israel,1997,"Pepper (Piper spp.), raw",760.0,65.0,0.0
Israel,1998,"Pepper (Piper spp.), raw",900.0,8.0,0.0
Israel,1999,"Pepper (Piper spp.), raw",1100.0,20.0,0.0
Israel,2000,"Pepper (Piper spp.), raw",1200.0,20.0,0.0
Israel,2001,"Pepper (Piper spp.), raw",1046.0,5.0,0.0
Israel,2002,"Pepper (Piper spp.), raw",790.0,5.0,0.0
Israel,2003,"Pepper (Piper spp.), raw",787.0,1.0,0.0
Israel,2004,"Pepper (Piper spp.), raw",829.0,3.0,0.0
Israel,2005,"Pepper (Piper spp.), raw",843.0,135.0,0.0
Israel,2006,"Pepper (Piper spp.), raw",906.0,27.0,0.0
Israel,2007,"Pepper (Piper spp.), raw",941.0,91.0,0.0
Israel,2008,"Pepper (Piper spp.), raw",879.0,157.0,0.0
Israel,2009,"Pepper (Piper spp.), raw",664.0,214.0,0.0
Israel,2010,"Pepper (Piper spp.), raw",960.0,846.0,0.0
Israel,2011,"Pepper (Piper spp.), raw",738.0,1055.0,0.0
Israel,2012,"Pepper (Piper spp.), raw",993.0,1111.0,0.0
Israel,2013,"Pepper (Piper spp.), raw",1058.0,517.0,0.0
Israel,2014,"Pepper (Piper spp.), raw",851.61,150.25,0.0
Israel,2015,"Pepper (Piper spp.), raw",942.95,175.87,0.0
Israel,2016,"Pepper (Piper spp.), raw",1138.17,1668.34,0.0
Israel,2017,"Pepper (Piper spp.), raw",1411.01,1208.43,0.0
Israel,2018,"Pepper (Piper spp.), raw",1387.98,13.63,0.0
Israel,2019,"Pepper (Piper spp.), raw",1506.68,8.52,0.0
Israel,2020,"Pepper (Piper spp.), raw",1692.09,2.97,0.0
Israel,2021,"Pepper (Piper spp.), raw",1746.94,4.76,0.0
Israel,2023,"Pepper (Piper spp.), raw",971.84,20.68,0.0
Italy,1994,"Pepper (Piper spp.), raw",3229.0,74.0,0.0
Italy,1995,"Pepper (Piper spp.), raw",3456.0,127.0,0.0
Italy,1996,"Pepper (Piper spp.), raw",3265.0,126.0,0.0
Italy,1997,"Pepper (Piper spp.), raw",3538.0,233.0,0.0
Italy,1998,"Pepper (Piper spp.), raw",3231.0,345.0,0.0
Italy,1999,"Pepper (Piper spp.), raw",3610.0,172.0,0.0
Italy,2000,"Pepper (Piper spp.), raw",3754.0,275.0,0.0
Italy,2001,"Pepper (Piper spp.), raw",3473.0,591.0,0.0
Italy,2002,"Pepper (Piper spp.), raw",3768.0,534.0,0.0
Italy,2003,"Pepper (Piper spp.), raw",3420.0,700.0,0.0
Italy,2004,"Pepper (Piper spp.), raw",4022.0,786.0,0.0
Italy,2005,"Pepper (Piper spp.), raw",3646.0,617.0,0.0
Italy,2006,"Pepper (Piper spp.), raw",3886.0,693.0,0.0
Italy,2007,"Pepper (Piper spp.), raw",3606.0,603.0,0.0
Italy,2008,"Pepper (Piper spp.), raw",3430.0,745.0,0.0
Italy,2009,"Pepper (Piper spp.), raw",3473.0,641.0,0.0
Italy,2010,"Pepper (Piper spp.), raw",3532.0,572.0,0.0
Italy,2011,"Pepper (Piper spp.), raw",3591.0,682.0,0.0
Italy,2013,"Pepper (Piper spp.), raw",3569.0,1513.0,0.0
Italy,2014,"Pepper (Piper spp.), raw",3902.75,725.88,0.0
Italy,2015,"Pepper (Piper spp.), raw",4316.01,730.56,0.0
Italy,2016,"Pepper (Piper spp.), raw",4533.5,793.81,0.0
Italy,2018,"Pepper (Piper spp.), raw",4485.96,773.95,0.0
Italy,2019,"Pepper (Piper spp.), raw",4508.95,714.8,0.0
Italy,2020,"Pepper (Piper spp.), raw",4784.99,859.14,0.0
Italy,2021,"Pepper (Piper spp.), raw",4950.09,831.22,0.0
Italy,2022,"Pepper (Piper spp.), raw",5125.25,859.83,0.0
Jamaica,1993,"Pepper (Piper spp.), raw",411.0,55.0,0.0
Jamaica,1994,"Pepper (Piper spp.), raw",392.0,44.0,0.0
Jamaica,1996,"Pepper (Piper spp.), raw",427.0,47.0,0.0
Jamaica,1997,"Pepper (Piper spp.), raw",446.0,36.0,0.0
Jamaica,1998,"Pepper (Piper spp.), raw",400.0,36.0,0.0
Jamaica,1999,"Pepper (Piper spp.), raw",527.0,29.0,0.0
Jamaica,2000,"Pepper (Piper spp.), raw",570.0,36.0,0.0
Jamaica,2001,"Pepper (Piper spp.), raw",486.0,33.0,0.0
Jamaica,2003,"Pepper (Piper spp.), raw",340.0,26.0,0.0
Jamaica,2004,"Pepper (Piper spp.), raw",539.0,32.0,0.0
Jamaica,2005,"Pepper (Piper spp.), raw",1036.0,15.0,0.0
Jamaica,2006,"Pepper (Piper spp.), raw",244.0,9.0,0.0
Jamaica,2007,"Pepper (Piper spp.), raw",496.0,22.0,0.0
Jamaica,2008,"Pepper (Piper spp.), raw",819.0,30.0,0.0
Jamaica,2009,"Pepper (Piper spp.), raw",456.0,115.0,0.0
Jamaica,2010,"Pepper (Piper spp.), raw",329.0,131.0,0.0
Jamaica,2011,"Pepper (Piper spp.), raw",207.0,131.0,0.0
Jamaica,2012,"Pepper (Piper spp.), raw",371.0,86.0,0.0
Jamaica,2013,"Pepper (Piper spp.), raw",289.0,58.0,0.0
Jamaica,2014,"Pepper (Piper spp.), raw",291.92,58.74,0.0
Jamaica,2015,"Pepper (Piper spp.), raw",371.88,64.85,0.0
Jamaica,2016,"Pepper (Piper spp.), raw",411.2,240.35,0.0
Jamaica,2017,"Pepper (Piper spp.), raw",510.85,361.71,0.0
Jamaica,2018,"Pepper (Piper spp.), raw",501.96,223.49,0.0
Jamaica,2019,"Pepper (Piper spp.), raw",380.86,127.47,0.0
Jamaica,2020,"Pepper (Piper spp.), raw",427.24,280.4,0.0
Jamaica,2021,"Pepper (Piper spp.), raw",586.67,152.75,0.0
Jamaica,2022,"Pepper (Piper spp.), raw",423.97,161.83,0.0
Jamaica,2023,"Pepper (Piper spp.), raw",457.32,91.33,0.0
Japan,1993,"Pepper (Piper spp.), raw",7159.0,14.0,0.0
Japan,1994,"Pepper (Piper spp.), raw",7283.0,41.0,0.0
Japan,1995,"Pepper (Piper spp.), raw",7539.0,45.0,0.0
Japan,1996,"Pepper (Piper spp.), raw",7115.0,62.0,0.0
Japan,1998,"Pepper (Piper spp.), raw",7186.0,48.0,0.0
Japan,1999,"Pepper (Piper spp.), raw",8023.0,31.0,0.0
Japan,2000,"Pepper (Piper spp.), raw",7765.67,27.58,0.0
Japan,2001,"Pepper (Piper spp.), raw",8294.0,29.0,0.0
Japan,2002,"Pepper (Piper spp.), raw",8667.0,60.0,0.0
Japan,2003,"Pepper (Piper spp.), raw",8579.0,58.0,0.0
Japan,2004,"Pepper (Piper spp.), raw",8146.0,61.0,0.0
Japan,2005,"Pepper (Piper spp.), raw",8993.0,84.0,0.0
Japan,2006,"Pepper (Piper spp.), raw",9208.0,120.0,0.0
Japan,2007,"Pepper (Piper spp.), raw",9108.0,134.0,0.0
Japan,2009,"Pepper (Piper spp.), raw",8785.0,97.0,0.0
Japan,2010,"Pepper (Piper spp.), raw",8908.0,105.0,0.0
Japan,2011,"Pepper (Piper spp.), raw",8855.0,72.0,0.0
Japan,2013,"Pepper (Piper spp.), raw",8514.0,47.0,0.0
Japan,2014,"Pepper (Piper spp.), raw",8833.36,41.18,0.0
Japan,2016,"Pepper (Piper spp.), raw",8740.67,35.05,0.0
Japan,2017,"Pepper (Piper spp.), raw",8193.42,35.72,0.0
Japan,2018,"Pepper (Piper spp.), raw",9484.89,37.29,0.0
Japan,2019,"Pepper (Piper spp.), raw",9714.41,30.14,0.0
Japan,2020,"Pepper (Piper spp.), raw",9428.26,32.26,0.0
Japan,2023,"Pepper (Piper spp.), raw",9481.19,38.4,0.0
Jordan,1993,"Pepper (Piper spp.), raw",21.0,33.0,0.0
Jordan,1994,"Pepper (Piper spp.), raw",187.0,21.0,0.0
Jordan,1995,"Pepper (Piper spp.), raw",205.0,53.0,0.0
Jordan,1996,"Pepper (Piper spp.), raw",103.0,24.0,0.0
Jordan,1997,"Pepper (Piper spp.), raw",105.0,85.0,0.0
Jordan,1998,"Pepper (Piper spp.), raw",339.0,30.0,0.0
Jordan,1999,"Pepper (Piper spp.), raw",220.0,13.0,0.0
Jordan,2000,"Pepper (Piper spp.), raw",505.83,65.96,0.0
Jordan,2001,"Pepper (Piper spp.), raw",382.0,63.0,0.0
Jordan,2002,"Pepper (Piper spp.), raw",470.0,42.0,0.0
Jordan,2003,"Pepper (Piper spp.), raw",307.0,36.0,0.0
Jordan,2004,"Pepper (Piper spp.), raw",590.0,60.0,0.0
Jordan,2005,"Pepper (Piper spp.), raw",602.0,54.0,0.0
Jordan,2006,"Pepper (Piper spp.), raw",479.0,28.0,0.0
Jordan,2007,"Pepper (Piper spp.), raw",386.0,3.0,0.0
Jordan,2008,"Pepper (Piper spp.), raw",873.0,173.0,0.0
Jordan,2009,"Pepper (Piper spp.), raw",716.0,40.0,0.0
Jordan,2010,"Pepper (Piper spp.), raw",426.0,120.0,0.0
Jordan,2011,"Pepper (Piper spp.), raw",210.0,70.0,0.0
Jordan,2012,"Pepper (Piper spp.), raw",300.0,533.0,0.0
Jordan,2013,"Pepper (Piper spp.), raw",375.0,1112.0,0.0
Jordan,2014,"Pepper (Piper spp.), raw",300.41,996.5,0.0
Jordan,2015,"Pepper (Piper spp.), raw",716.45,367.04,0.0
Jordan,2016,"Pepper (Piper spp.), raw",574.1,522.15,0.0
Jordan,2017,"Pepper (Piper spp.), raw",1215.84,315.87,0.0
Jordan,2018,"Pepper (Piper spp.), raw",1519.5,303.06,0.0
Jordan,2019,"Pepper (Piper spp.), raw",1480.36,266.78,0.0
Jordan,2020,"Pepper (Piper spp.), raw",1363.56,185.93,0.0
Jordan,2021,"Pepper (Piper spp.), raw",882.22,40.07,0.0
Jordan,2022,"Pepper (Piper spp.), raw",933.05,77.36,0.0
Jordan,2023,"Pepper (Piper spp.), raw",1024.39,58.73,0.0
Kazakhstan,1994,"Pepper (Piper spp.), raw",40.0,0.0,0.0
Kazakhstan,1995,"Pepper (Piper spp.), raw",71.0,0.0,0.0
Kazakhstan,1996,"Pepper (Piper spp.), raw",23.0,0.0,0.0
Kazakhstan,1997,"Pepper (Piper spp.), raw",33.0,13.0,0.0
Kazakhstan,1998,"Pepper (Piper spp.), raw",63.0,4.0,0.0
Kazakhstan,2000,"Pepper (Piper spp.), raw",132.0,8.0,0.0
Kazakhstan,2001,"Pepper (Piper spp.), raw",160.0,10.0,0.0
Kazakhstan,2002,"Pepper (Piper spp.), raw",238.0,2.0,0.0
Kazakhstan,2003,"Pepper (Piper spp.), raw",471.0,0.0,0.0
Kazakhstan,2004,"Pepper (Piper spp.), raw",525.0,0.0,0.0
Kazakhstan,2005,"Pepper (Piper spp.), raw",608.0,0.0,0.0
Kazakhstan,2006,"Pepper (Piper spp.), raw",711.0,0.0,0.0
Kazakhstan,2008,"Pepper (Piper spp.), raw",508.0,4.0,0.0
Kazakhstan,2009,"Pepper (Piper spp.), raw",907.0,0.0,0.0
Kazakhstan,2010,"Pepper (Piper spp.), raw",800.0,0.0,0.0
Kazakhstan,2011,"Pepper (Piper spp.), raw",723.0,4.0,0.0
Kazakhstan,2012,"Pepper (Piper spp.), raw",924.0,0.0,0.0
Kazakhstan,2013,"Pepper (Piper spp.), raw",1081.0,0.0,0.0
Kazakhstan,2015,"Pepper (Piper spp.), raw",917.42,0.67,0.0
Kazakhstan,2016,"Pepper (Piper spp.), raw",804.04,0.86,0.0
Kazakhstan,2017,"Pepper (Piper spp.), raw",1003.8,9.16,0.0
Kazakhstan,2018,"Pepper (Piper spp.), raw",1031.55,39.57,0.0
Kazakhstan,2019,"Pepper (Piper spp.), raw",1346.16,38.3,0.0
Kazakhstan,2020,"Pepper (Piper spp.), raw",1493.17,18.07,0.0
Kazakhstan,2021,"Pepper (Piper spp.), raw",1195.96,71.66,0.0
Kazakhstan,2022,"Pepper (Piper spp.), raw",1326.44,15.19,0.0
Kazakhstan,2023,"Pepper (Piper spp.), raw",1587.02,68.41,0.0
Kenya,1994,"Pepper (Piper spp.), raw",3.0,131.0,300.0
Kenya,1995,"Pepper (Piper spp.), raw",5.0,51.0,281.88
Kenya,1996,"Pepper (Piper spp.), raw",12.0,2.0,314.61
Kenya,1997,"Pepper (Piper spp.), raw",16.0,0.0,332.39
Kenya,2000,"Pepper (Piper spp.), raw",9.0,31.0,300.0
Kenya,2001,"Pepper (Piper spp.), raw",42.0,0.0,299.34
Kenya,2002,"Pepper (Piper spp.), raw",63.0,19.0,302.8
Kenya,2003,"Pepper (Piper spp.), raw",64.0,22.0,310.54
Kenya,2004,"Pepper (Piper spp.), raw",49.0,13.0,320.09
Kenya,2005,"Pepper (Piper spp.), raw",41.0,51.0,330.71
Kenya,2006,"Pepper (Piper spp.), raw",47.0,82.0,341.7
Kenya,2007,"Pepper (Piper spp.), raw",23.0,144.0,387.81
Kenya,2008,"Pepper (Piper spp.), raw",74.0,115.0,398.48
Kenya,2009,"Pepper (Piper spp.), raw",47.0,82.0,340.53
Kenya,2011,"Pepper (Piper spp.), raw",22.0,104.0,299.0
Kenya,2012,"Pepper (Piper spp.), raw",61.0,96.0,240.0
Kenya,2013,"Pepper (Piper spp.), raw",90.0,217.0,245.0
Kenya,2014,"Pepper (Piper spp.), raw",75.32,103.6,279.53
Kenya,2015,"Pepper (Piper spp.), raw",54.08,207.79,309.97
Kenya,2016,"Pepper (Piper spp.), raw",85.08,496.23,278.17
Kenya,2017,"Pepper (Piper spp.), raw",116.2,620.19,341.13
Kenya,2018,"Pepper (Piper spp.), raw",69.47,655.61,445.44
Kenya,2019,"Pepper (Piper spp.), raw",99.47,662.01,600.0
Kenya,2020,"Pepper (Piper spp.), raw",110.89,990.76,900.0
Kenya,2021,"Pepper (Piper spp.), raw",149.76,1585.41,1166.0
Kenya,2022,"Pepper (Piper spp.), raw",84.51,1844.47,758.31
Kenya,2023,"Pepper (Piper spp.), raw",155.67,1598.87,790.78
Kiribati,2005,"Pepper (Piper spp.), raw",0.0,0.0,0.0
Kiribati,2006,"Pepper (Piper spp.), raw",12.0,0.0,0.0
Kiribati,2007,"Pepper (Piper spp.), raw",24.0,0.0,0.0
Kiribati,2008,"Pepper (Piper spp.), raw",24.0,0.0,0.0
Kiribati,2009,"Pepper (Piper spp.), raw",0.0,0.0,0.0
Kiribati,2010,"Pepper (Piper spp.), raw",0.0,0.0,0.0
Kiribati,2011,"Pepper (Piper spp.), raw",0.0,0.0,0.0
Kiribati,2012,"Pepper (Piper spp.), raw",0.0,0.0,0.0
Kiribati,2013,"Pepper (Piper spp.), raw",0.0,0.0,0.0
Kiribati,2014,"Pepper (Piper spp.), raw",0.28,0.0,0.0
Kiribati,2015,"Pepper (Piper spp.), raw",0.65,0.0,0.0
Kiribati,2016,"Pepper (Piper spp.), raw",0.12,0.0,0.0
Kiribati,2017,"Pepper (Piper spp.), raw",1.5,0.0,0.0
Kiribati,2018,"Pepper (Piper spp.), raw",1.0,0.0,0.0
Kiribati,2019,"Pepper (Piper spp.), raw",0.07,0.0,0.0
Kiribati,2020,"Pepper (Piper spp.), raw",0.16,0.0,0.0
Kiribati,2021,"Pepper (Piper spp.), raw",0.42,0.0,0.0
Kiribati,2022,"Pepper (Piper spp.), raw",0.09,0.0,0.0
Kiribati,2023,"Pepper (Piper spp.), raw",0.57,0.0,0.0
Kuwait,1993,"Pepper (Piper spp.), raw",286.0,0.0,0.0
Kuwait,1994,"Pepper (Piper spp.), raw",313.0,2.0,0.0
Kuwait,1996,"Pepper (Piper spp.), raw",429.0,3.0,0.0
Kuwait,1997,"Pepper (Piper spp.), raw",201.0,5.0,0.0
Kuwait,1998,"Pepper (Piper spp.), raw",415.0,2.0,0.0
Kuwait,1999,"Pepper (Piper spp.), raw",267.0,5.0,0.0
Kuwait,2000,"Pepper (Piper spp.), raw",443.0,3.0,0.0
Kuwait,2001,"Pepper (Piper spp.), raw",400.0,0.0,0.0
Kuwait,2002,"Pepper (Piper spp.), raw",172.0,1.0,0.0
Kuwait,2003,"Pepper (Piper spp.), raw",142.0,1.0,0.0
Kuwait,2004,"Pepper (Piper spp.), raw",105.0,1.0,0.0
Kuwait,2006,"Pepper (Piper spp.), raw",117.0,0.0,0.0
Kuwait,2007,"Pepper (Piper spp.), raw",121.0,0.0,0.0
Kuwait,2008,"Pepper (Piper spp.), raw",227.0,0.0,0.0
Kuwait,2010,"Pepper (Piper spp.), raw",545.0,0.0,0.0
Kuwait,2011,"Pepper (Piper spp.), raw",1055.0,0.0,0.0
Kuwait,2012,"Pepper (Piper spp.), raw",276.0,0.0,0.0
Kuwait,2013,"Pepper (Piper spp.), raw",950.0,99.0,0.0
Kuwait,2014,"Pepper (Piper spp.), raw",897.37,90.75,0.0
Kuwait,2015,"Pepper (Piper spp.), raw",1067.41,93.34,0.0
Kuwait,2016,"Pepper (Piper spp.), raw",1082.78,42.16,0.0
Kuwait,2017,"Pepper (Piper spp.), raw",1168.96,75.97,0.0
Kuwait,2018,"Pepper (Piper spp.), raw",1266.93,75.53,0.0
Kuwait,2019,"Pepper (Piper spp.), raw",1248.84,12.33,0.0
Kuwait,2020,"Pepper (Piper spp.), raw",1306.9,9.25,0.0
Kuwait,2021,"Pepper (Piper spp.), raw",958.95,68.45,0.0
Kuwait,2022,"Pepper (Piper spp.), raw",998.34,31.6,0.0
Kuwait,2023,"Pepper (Piper spp.), raw",884.95,60.93,0.0
Kyrgyzstan,1998,"Pepper (Piper spp.), raw",1.0,4.0,126.56
Kyrgyzstan,2000,"Pepper (Piper spp.), raw",1.0,0.0,134.84
Kyrgyzstan,2001,"Pepper (Piper spp.), raw",0.0,0.0,138.93
Kyrgyzstan,2002,"Pepper (Piper spp.), raw",2.0,0.0,142.98
Kyrgyzstan,2003,"Pepper (Piper spp.), raw",8.0,28.0,147.01
Kyrgyzstan,2005,"Pepper (Piper spp.), raw",16.0,7.0,154.98
Kyrgyzstan,2007,"Pepper (Piper spp.), raw",12.0,0.0,186.12
Kyrgyzstan,2008,"Pepper (Piper spp.), raw",12.0,26.0,166.47
Kyrgyzstan,2010,"Pepper (Piper spp.), raw",8.0,0.0,173.69
Kyrgyzstan,2011,"Pepper (Piper spp.), raw",9.0,0.0,177.3
Kyrgyzstan,2012,"Pepper (Piper spp.), raw",15.0,0.0,180.0
Kyrgyzstan,2013,"Pepper (Piper spp.), raw",14.0,0.0,184.57
Kyrgyzstan,2014,"Pepper (Piper spp.), raw",16.83,0.49,180.0
Kyrgyzstan,2015,"Pepper (Piper spp.), raw",16.76,0.37,186.4
Kyrgyzstan,2016,"Pepper (Piper spp.), raw",122.23,39.0,191.0
Kyrgyzstan,2018,"Pepper (Piper spp.), raw",247.31,0.0,197.88
Kyrgyzstan,2019,"Pepper (Piper spp.), raw",265.26,0.05,200.65
Kyrgyzstan,2020,"Pepper (Piper spp.), raw",277.15,0.0,197.76
Kyrgyzstan,2023,"Pepper (Piper spp.), raw",282.77,14.0,198.53
Lao People's Democratic Republic,2014,"Pepper (Piper spp.), raw",18.97,3.2,0.0
Lao People's Democratic Republic,2015,"Pepper (Piper spp.), raw",8.4,7.68,0.0
Lao People's Democratic Republic,2016,"Pepper (Piper spp.), raw",1.25,0.23,0.0
Lao People's Democratic Republic,2017,"Pepper (Piper spp.), raw",11.62,14.27,0.0
Lao People's Democratic Republic,2018,"Pepper (Piper spp.), raw",3.46,117.06,0.0
Lao People's Democratic Republic,2019,"Pepper (Piper spp.), raw",0.32,24.22,0.0
Lao People's Democratic Republic,2021,"Pepper (Piper spp.), raw",83.66,131.33,0.0
Lao People's Democratic Republic,2022,"Pepper (Piper spp.), raw",50.26,0.58,0.0
Lao People's Democratic Republic,2023,"Pepper (Piper spp.), raw",25.22,1.25,0.0
Latvia,1993,"Pepper (Piper spp.), raw",25.0,25.0,0.0
Latvia,1994,"Pepper (Piper spp.), raw",69.0,14.0,0.0
Latvia,1995,"Pepper (Piper spp.), raw",37.0,5.0,0.0
Latvia,1996,"Pepper (Piper spp.), raw",128.0,11.0,0.0
Latvia,1997,"Pepper (Piper spp.), raw",103.0,3.0,0.0
Latvia,1998,"Pepper (Piper spp.), raw",96.0,4.0,0.0
Latvia,1999,"Pepper (Piper spp.), raw",106.0,17.0,0.0
Latvia,2000,"Pepper (Piper spp.), raw",101.0,18.0,0.0
Latvia,2001,"Pepper (Piper spp.), raw",104.0,21.0,0.0
Latvia,2002,"Pepper (Piper spp.), raw",106.0,20.0,0.0
Latvia,2003,"Pepper (Piper spp.), raw",134.0,23.0,0.0
Latvia,2004,"Pepper (Piper spp.), raw",119.0,23.0,0.0
Latvia,2005,"Pepper (Piper spp.), raw",125.0,15.0,0.0
Latvia,2006,"Pepper (Piper spp.), raw",216.0,32.0,0.0
Latvia,2007,"Pepper (Piper spp.), raw",191.0,57.0,0.0
Latvia,2008,"Pepper (Piper spp.), raw",101.0,36.0,0.0
Latvia,2009,"Pepper (Piper spp.), raw",149.0,84.0,0.0
Latvia,2010,"Pepper (Piper spp.), raw",183.0,95.0,0.0
Latvia,2011,"Pepper (Piper spp.), raw",342.0,244.0,0.0
Latvia,2012,"Pepper (Piper spp.), raw",535.0,270.0,0.0
Latvia,2013,"Pepper (Piper spp.), raw",316.0,259.0,0.0
Latvia,2014,"Pepper (Piper spp.), raw",322.35,261.87,0.0
Latvia,2015,"Pepper (Piper spp.), raw",489.28,316.91,0.0
Latvia,2016,"Pepper (Piper spp.), raw",458.31,468.36,0.0
Latvia,2017,"Pepper (Piper spp.), raw",556.3,592.16,0.0
Latvia,2018,"Pepper (Piper spp.), raw",703.1,609.23,0.0
Latvia,2019,"Pepper (Piper spp.), raw",578.7,529.39,0.0
Latvia,2020,"Pepper (Piper spp.), raw",870.06,586.26,0.0
Latvia,2021,"Pepper (Piper spp.), raw",1150.93,880.69,0.0
Latvia,2022,"Pepper (Piper spp.), raw",1059.45,1051.22,0.0
Latvia,2023,"Pepper (Piper spp.), raw",837.16,817.01,0.0
Lebanon,1993,"Pepper (Piper spp.), raw",100.0,0.0,0.0
Lebanon,1994,"Pepper (Piper spp.), raw",100.0,0.0,0.0
Lebanon,1995,"Pepper (Piper spp.), raw",230.0,0.0,0.0
Lebanon,1996,"Pepper (Piper spp.), raw",120.0,0.0,0.0
Lebanon,1997,"Pepper (Piper spp.), raw",169.0,1.0,0.0
Lebanon,1998,"Pepper (Piper spp.), raw",163.0,1.0,0.0
Lebanon,1999,"Pepper (Piper spp.), raw",260.0,1.0,0.0
Lebanon,2000,"Pepper (Piper spp.), raw",174.0,1.0,0.0
Lebanon,2002,"Pepper (Piper spp.), raw",248.0,2.0,0.0
Lebanon,2003,"Pepper (Piper spp.), raw",155.0,1.0,0.0
Lebanon,2004,"Pepper (Piper spp.), raw",314.0,1.0,0.0
Lebanon,2005,"Pepper (Piper spp.), raw",183.0,5.0,0.0
Lebanon,2006,"Pepper (Piper spp.), raw",222.0,8.0,0.0
Lebanon,2007,"Pepper (Piper spp.), raw",234.0,0.0,0.0
Lebanon,2008,"Pepper (Piper spp.), raw",321.0,3.0,0.0
Lebanon,2010,"Pepper (Piper spp.), raw",184.0,3.0,0.0
Lebanon,2011,"Pepper (Piper spp.), raw",372.0,3.0,0.0
Lebanon,2012,"Pepper (Piper spp.), raw",442.0,2.0,0.0
Lebanon,2013,"Pepper (Piper spp.), raw",549.0,6.0,0.0
Lebanon,2014,"Pepper (Piper spp.), raw",508.84,19.71,0.0
Lebanon,2015,"Pepper (Piper spp.), raw",603.45,10.47,0.0
Lebanon,2016,"Pepper (Piper spp.), raw",428.79,10.97,0.0
Lebanon,2017,"Pepper (Piper spp.), raw",639.19,14.72,0.0
Lebanon,2018,"Pepper (Piper spp.), raw",942.46,2.35,0.0
Lebanon,2019,"Pepper (Piper spp.), raw",845.75,6.25,0.0
Lebanon,2020,"Pepper (Piper spp.), raw",405.71,24.91,0.0
Lebanon,2021,"Pepper (Piper spp.), raw",578.62,27.36,0.0
Lebanon,2023,"Pepper (Piper spp.), raw",789.14,39.0,0.0
Lesotho,2015,"Pepper (Piper spp.), raw",56.68,0.1,0.0
Lesotho,2016,"Pepper (Piper spp.), raw",249.96,0.0,0.0
Lesotho,2017,"Pepper (Piper spp.), raw",301.72,0.0,0.0
Lesotho,2018,"Pepper (Piper spp.), raw",144.76,0.0,0.0
Lesotho,2019,"Pepper (Piper spp.), raw",192.59,0.0,0.0
Lesotho,2020,"Pepper (Piper spp.), raw",358.11,0.01,0.0
Lesotho,2021,"Pepper (Piper spp.), raw",508.06,0.01,0.0
Lesotho,2022,"Pepper (Piper spp.), raw",598.36,0.0,0.0
Lesotho,2023,"Pepper (Piper spp.), raw",258.5,0.0,0.0
Liberia,1993,"Pepper (Piper spp.), raw",0.0,0.0,0.0
Liberia,1994,"Pepper (Piper spp.), raw",1.0,0.0,0.0
Liberia,1996,"Pepper (Piper spp.), raw",1.0,0.0,0.0
Liberia,1997,"Pepper (Piper spp.), raw",1.0,0.0,0.0
Liberia,1998,"Pepper (Piper spp.), raw",1.0,0.0,0.0
Liberia,1999,"Pepper (Piper spp.), raw",1.0,0.0,0.0
Liberia,2000,"Pepper (Piper spp.), raw",1.0,0.0,0.0
Liberia,2001,"Pepper (Piper spp.), raw",3.0,0.0,0.0
Liberia,2002,"Pepper (Piper spp.), raw",2.0,0.0,0.0
Liberia,2003,"Pepper (Piper spp.), raw",5.0,0.0,0.0
Liberia,2004,"Pepper (Piper spp.), raw",19.0,0.0,0.0
Liberia,2005,"Pepper (Piper spp.), raw",11.0,0.0,0.0
Liberia,2006,"Pepper (Piper spp.), raw",5.0,0.0,0.0
Liberia,2007,"Pepper (Piper spp.), raw",14.0,0.0,0.0
Liberia,2008,"Pepper (Piper spp.), raw",15.0,0.0,0.0
Liberia,2009,"Pepper (Piper spp.), raw",10.0,0.0,0.0
Liberia,2010,"Pepper (Piper spp.), raw",12.0,0.0,0.0
Liberia,2011,"Pepper (Piper spp.), raw",17.0,0.0,0.0
Liberia,2012,"Pepper (Piper spp.), raw",29.0,0.0,0.0
Liberia,2013,"Pepper (Piper spp.), raw",12.0,0.0,0.0
Liberia,2014,"Pepper (Piper spp.), raw",10.9,0.0,0.0
Liberia,2015,"Pepper (Piper spp.), raw",41.3,0.0,0.0
Liberia,2016,"Pepper (Piper spp.), raw",53.29,0.0,0.0
Liberia,2017,"Pepper (Piper spp.), raw",7.41,0.0,0.0
Liberia,2018,"Pepper (Piper spp.), raw",19.25,0.0,0.0
Liberia,2020,"Pepper (Piper spp.), raw",68.29,0.23,0.0
Liberia,2021,"Pepper (Piper spp.), raw",52.81,0.03,0.0
Liberia,2022,"Pepper (Piper spp.), raw",76.43,0.1,0.0
Liberia,2023,"Pepper (Piper spp.), raw",76.29,0.03,0.0
Libya,1994,"Pepper (Piper spp.), raw",180.0,0.0,0.0
Libya,1995,"Pepper (Piper spp.), raw",152.0,0.0,0.0
Libya,1996,"Pepper (Piper spp.), raw",152.0,0.0,0.0
Libya,1997,"Pepper (Piper spp.), raw",152.0,0.0,0.0
Libya,1998,"Pepper (Piper spp.), raw",40.0,0.0,0.0
Libya,1999,"Pepper (Piper spp.), raw",195.0,0.0,0.0
Libya,2000,"Pepper (Piper spp.), raw",0.0,0.0,0.0
Libya,2001,"Pepper (Piper spp.), raw",0.0,0.0,0.0
Libya,2002,"Pepper (Piper spp.), raw",63.0,0.0,0.0
Libya,2003,"Pepper (Piper spp.), raw",151.0,0.0,0.0
Libya,2004,"Pepper (Piper spp.), raw",74.0,0.0,0.0
Libya,2005,"Pepper (Piper spp.), raw",25.0,0.0,0.0
Libya,2006,"Pepper (Piper spp.), raw",1.0,0.0,0.0
Libya,2007,"Pepper (Piper spp.), raw",26.0,0.0,0.0
Libya,2008,"Pepper (Piper spp.), raw",92.0,0.0,0.0
Libya,2009,"Pepper (Piper spp.), raw",92.0,0.0,0.0
Libya,2010,"Pepper (Piper spp.), raw",1.0,0.0,0.0
Libya,2011,"Pepper (Piper spp.), raw",16.0,0.0,0.0
Libya,2012,"Pepper (Piper spp.), raw",16.0,0.0,0.0
Libya,2013,"Pepper (Piper spp.), raw",95.0,0.0,0.0
Libya,2015,"Pepper (Piper spp.), raw",200.95,0.0,0.0
Libya,2016,"Pepper (Piper spp.), raw",109.13,0.28,0.0
Libya,2017,"Pepper (Piper spp.), raw",103.75,0.28,0.0
Libya,2018,"Pepper (Piper spp.), raw",192.66,0.0,0.0
Libya,2019,"Pepper (Piper spp.), raw",178.24,0.0,0.0
Libya,2020,"Pepper (Piper spp.), raw",206.82,0.03,0.0
Libya,2021,"Pepper (Piper spp.), raw",451.49,0.0,0.0
Libya,2022,"Pepper (Piper spp.), raw",581.07,0.0,0.0
Lithuania,1994,"Pepper (Piper spp.), raw",60.0,4.0,0.0
Lithuania,1995,"Pepper (Piper spp.), raw",138.0,9.0,0.0
Lithuania,1996,"Pepper (Piper spp.), raw",191.0,77.0,0.0
Lithuania,1998,"Pepper (Piper spp.), raw",488.0,305.0,0.0
Lithuania,1999,"Pepper (Piper spp.), raw",217.0,41.0,0.0
Lithuania,2000,"Pepper (Piper spp.), raw",185.0,7.0,0.0
Lithuania,2001,"Pepper (Piper spp.), raw",209.0,13.0,0.0
Lithuania,2002,"Pepper (Piper spp.), raw",197.0,28.0,0.0
Lithuania,2003,"Pepper (Piper spp.), raw",357.0,42.0,0.0
Lithuania,2004,"Pepper (Piper spp.), raw",342.0,74.0,0.0
Lithuania,2005,"Pepper (Piper spp.), raw",384.0,71.0,0.0
Lithuania,2006,"Pepper (Piper spp.), raw",466.0,105.0,0.0
Lithuania,2007,"Pepper (Piper spp.), raw",335.0,78.0,0.0
Lithuania,2008,"Pepper (Piper spp.), raw",351.0,53.0,0.0
Lithuania,2009,"Pepper (Piper spp.), raw",414.0,50.0,0.0
Lithuania,2010,"Pepper (Piper spp.), raw",321.0,59.0,0.0
Lithuania,2011,"Pepper (Piper spp.), raw",363.0,66.0,0.0
Lithuania,2012,"Pepper (Piper spp.), raw",367.0,86.0,0.0
Lithuania,2013,"Pepper (Piper spp.), raw",419.0,97.0,0.0
Lithuania,2014,"Pepper (Piper spp.), raw",425.02,90.56,0.0
Lithuania,2015,"Pepper (Piper spp.), raw",401.28,80.48,0.0
Lithuania,2016,"Pepper (Piper spp.), raw",431.16,87.63,0.0
Lithuania,2017,"Pepper (Piper spp.), raw",420.12,84.21,0.0
Lithuania,2018,"Pepper (Piper spp.), raw",464.8,116.92,0.0
Lithuania,2019,"Pepper (Piper spp.), raw",409.43,92.72,0.0
Lithuania,2020,"Pepper (Piper spp.), raw",495.11,110.92,0.0
Lithuania,2021,"Pepper (Piper spp.), raw",497.92,106.41,0.0
Lithuania,2022,"Pepper (Piper spp.), raw",461.12,90.07,0.0
Lithuania,2023,"Pepper (Piper spp.), raw",443.84,76.12,0.0
Luxembourg,2000,"Pepper (Piper spp.), raw",60.0,0.0,0.0
Luxembourg,2002,"Pepper (Piper spp.), raw",59.0,0.0,0.0
Luxembourg,2003,"Pepper (Piper spp.), raw",64.0,0.0,0.0
Luxembourg,2004,"Pepper (Piper spp.), raw",67.0,0.0,0.0
Luxembourg,2005,"Pepper (Piper spp.), raw",55.0,1.0,0.0
Luxembourg,2006,"Pepper (Piper spp.), raw",62.0,1.0,0.0
Luxembourg,2007,"Pepper (Piper spp.), raw",64.0,1.0,0.0
Luxembourg,2008,"Pepper (Piper spp.), raw",61.0,1.0,0.0
Luxembourg,2009,"Pepper (Piper spp.), raw",53.0,1.0,0.0
Luxembourg,2010,"Pepper (Piper spp.), raw",65.0,4.0,0.0
Luxembourg,2011,"Pepper (Piper spp.), raw",65.0,3.0,0.0
Luxembourg,2012,"Pepper (Piper spp.), raw",56.0,2.0,0.0
Luxembourg,2013,"Pepper (Piper spp.), raw",59.0,3.0,0.0
Luxembourg,2014,"Pepper (Piper spp.), raw",54.78,3.17,0.0
Luxembourg,2015,"Pepper (Piper spp.), raw",57.18,3.3,0.0
Luxembourg,2016,"Pepper (Piper spp.), raw",55.91,3.27,0.0
Luxembourg,2017,"Pepper (Piper spp.), raw",57.54,3.65,0.0
Luxembourg,2018,"Pepper (Piper spp.), raw",64.25,3.79,0.0
Luxembourg,2019,"Pepper (Piper spp.), raw",64.64,3.57,0.0
Luxembourg,2021,"Pepper (Piper spp.), raw",62.65,3.34,0.0
Luxembourg,2022,"Pepper (Piper spp.), raw",54.72,3.71,0.0
Luxembourg,2023,"Pepper (Piper spp.), raw",55.39,4.11,0.0
Madagascar,1993,"Pepper (Piper spp.), raw",0.0,2001.0,2300.0
Madagascar,1994,"Pepper (Piper spp.), raw",0.0,2066.0,2400.0
Madagascar,1996,"Pepper (Piper spp.), raw",0.0,1570.0,2100.0
Madagascar,1997,"Pepper (Piper spp.), raw",0.0,894.0,1500.0
Madagascar,1998,"Pepper (Piper spp.), raw",0.0,339.0,1700.0
Madagascar,1999,"Pepper (Piper spp.), raw",0.0,619.0,1620.0
Madagascar,2000,"Pepper (Piper spp.), raw",0.33,587.99,1570.0
Madagascar,2001,"Pepper (Piper spp.), raw",4.0,811.0,1595.0
Madagascar,2002,"Pepper (Piper spp.), raw",1.0,880.0,1605.0
Madagascar,2003,"Pepper (Piper spp.), raw",2.0,863.0,1600.0
Madagascar,2004,"Pepper (Piper spp.), raw",2.0,1243.0,4498.0
Madagascar,2005,"Pepper (Piper spp.), raw",1.0,1229.0,4948.0
Madagascar,2006,"Pepper (Piper spp.), raw",7.0,1776.0,5443.0
Madagascar,2007,"Pepper (Piper spp.), raw",2.0,1892.0,5450.0
Madagascar,2008,"Pepper (Piper spp.), raw",4.0,1209.0,5455.0
Madagascar,2010,"Pepper (Piper spp.), raw",3.0,1864.0,5011.96
Madagascar,2011,"Pepper (Piper spp.), raw",2.0,1806.0,4837.76
Madagascar,2012,"Pepper (Piper spp.), raw",1.0,1408.0,4824.28
Madagascar,2013,"Pepper (Piper spp.), raw",1.0,1979.0,4894.17
Madagascar,2014,"Pepper (Piper spp.), raw",1.35,2149.07,4465.0
Madagascar,2015,"Pepper (Piper spp.), raw",6.79,1932.2,6881.0
Madagascar,2016,"Pepper (Piper spp.), raw",22.47,2026.85,6183.0
Madagascar,2017,"Pepper (Piper spp.), raw",19.38,2038.44,5559.0
Madagascar,2018,"Pepper (Piper spp.), raw",17.67,3353.94,5000.0
Madagascar,2019,"Pepper (Piper spp.), raw",3.3,3695.75,4500.0
Madagascar,2020,"Pepper (Piper spp.), raw",3.13,4718.1,4387.98
Madagascar,2021,"Pepper (Piper spp.), raw",11.55,3711.32,5075.87
Madagascar,2022,"Pepper (Piper spp.), raw",12.24,3540.8,4997.76
Madagascar,2023,"Pepper (Piper spp.), raw",8.31,4899.21,5016.24
Malawi,1993,"Pepper (Piper spp.), raw",3.0,247.0,800.0
Malawi,1994,"Pepper (Piper spp.), raw",13.0,305.0,900.0
Malawi,1995,"Pepper (Piper spp.), raw",57.0,603.0,1100.0
Malawi,1996,"Pepper (Piper spp.), raw",57.0,603.0,1300.0
Malawi,1998,"Pepper (Piper spp.), raw",1.0,855.0,1300.0
Malawi,1999,"Pepper (Piper spp.), raw",10.0,855.0,1200.0
Malawi,2001,"Pepper (Piper spp.), raw",23.0,273.0,1207.29
Malawi,2002,"Pepper (Piper spp.), raw",37.0,714.0,1226.67
Malawi,2004,"Pepper (Piper spp.), raw",1.0,52.0,1273.42
Malawi,2005,"Pepper (Piper spp.), raw",2.0,91.0,1298.14
Malawi,2006,"Pepper (Piper spp.), raw",4.0,139.0,1321.81
Malawi,2007,"Pepper (Piper spp.), raw",12.0,263.0,994.12
Malawi,2008,"Pepper (Piper spp.), raw",9.0,856.0,1436.34
Malawi,2009,"Pepper (Piper spp.), raw",58.0,694.0,1545.22
Malawi,2010,"Pepper (Piper spp.), raw",32.0,710.0,1658.07
Malawi,2011,"Pepper (Piper spp.), raw",25.0,484.0,1966.0
Malawi,2012,"Pepper (Piper spp.), raw",6.0,216.0,1858.0
Malawi,2013,"Pepper (Piper spp.), raw",11.0,1478.0,1858.0
Malawi,2014,"Pepper (Piper spp.), raw",5.17,977.28,1627.99
Malawi,2015,"Pepper (Piper spp.), raw",15.12,544.33,1077.78
Malawi,2016,"Pepper (Piper spp.), raw",10.32,1178.84,681.34
Malawi,2017,"Pepper (Piper spp.), raw",13.95,691.22,294.0
Malawi,2018,"Pepper (Piper spp.), raw",13.29,624.58,292.0
Malawi,2019,"Pepper (Piper spp.), raw",8.04,353.24,400.0
Malawi,2020,"Pepper (Piper spp.), raw",13.61,108.0,481.86
Malawi,2021,"Pepper (Piper spp.), raw",4.14,233.65,492.19
Malawi,2022,"Pepper (Piper spp.), raw",1.2,293.64,459.96
Malaysia,1995,"Pepper (Piper spp.), raw",1309.0,14869.0,15796.0
Malaysia,1996,"Pepper (Piper spp.), raw",1276.0,28124.0,16042.0
Malaysia,1997,"Pepper (Piper spp.), raw",1276.0,29000.0,18035.0
Malaysia,1998,"Pepper (Piper spp.), raw",903.0,18717.0,19093.0
Malaysia,1999,"Pepper (Piper spp.), raw",1504.0,21804.0,21620.0
Malaysia,2000,"Pepper (Piper spp.), raw",2806.0,23684.0,24114.0
Malaysia,2001,"Pepper (Piper spp.), raw",2560.0,25537.0,27100.0
Malaysia,2002,"Pepper (Piper spp.), raw",2779.0,22840.0,24092.0
Malaysia,2003,"Pepper (Piper spp.), raw",2965.0,18346.0,21108.0
Malaysia,2004,"Pepper (Piper spp.), raw",4606.0,19788.0,20098.0
Malaysia,2005,"Pepper (Piper spp.), raw",4969.0,18097.0,19099.0
Malaysia,2006,"Pepper (Piper spp.), raw",7512.0,16610.0,19092.0
Malaysia,2007,"Pepper (Piper spp.), raw",3914.0,15165.0,20090.0
Malaysia,2008,"Pepper (Piper spp.), raw",3133.0,13592.0,22218.0
Malaysia,2009,"Pepper (Piper spp.), raw",5759.0,13153.0,21915.0
Malaysia,2010,"Pepper (Piper spp.), raw",5958.0,14107.0,24227.0
Malaysia,2011,"Pepper (Piper spp.), raw",4682.0,14237.0,25600.0
Malaysia,2012,"Pepper (Piper spp.), raw",3951.0,10613.0,26000.0
Malaysia,2013,"Pepper (Piper spp.), raw",3521.0,12099.0,26500.0
Malaysia,2014,"Pepper (Piper spp.), raw",3967.37,13633.94,27500.0
Malaysia,2015,"Pepper (Piper spp.), raw",3045.31,13910.14,28300.0
Malaysia,2016,"Pepper (Piper spp.), raw",3478.11,12549.31,29245.0
Malaysia,2017,"Pepper (Piper spp.), raw",3419.97,12184.08,30433.0
Malaysia,2018,"Pepper (Piper spp.), raw",2868.68,11777.24,32292.0
Malaysia,2019,"Pepper (Piper spp.), raw",3262.9,9859.61,33940.0
Malaysia,2020,"Pepper (Piper spp.), raw",2705.91,8517.9,30804.0
Malaysia,2021,"Pepper (Piper spp.), raw",4286.53,7451.24,31636.0
Malaysia,2022,"Pepper (Piper spp.), raw",4520.32,6794.59,38169.0
Malaysia,2023,"Pepper (Piper spp.), raw",4058.29,5852.98,40675.31
Maldives,1993,"Pepper (Piper spp.), raw",25.0,0.0,0.0
Maldives,1994,"Pepper (Piper spp.), raw",30.0,0.0,0.0
Maldives,1995,"Pepper (Piper spp.), raw",25.0,0.0,0.0
Maldives,1996,"Pepper (Piper spp.), raw",20.0,0.0,0.0
Maldives,1997,"Pepper (Piper spp.), raw",33.0,0.0,0.0
Maldives,1998,"Pepper (Piper spp.), raw",33.0,0.0,0.0
Maldives,1999,"Pepper (Piper spp.), raw",30.0,0.0,0.0
Maldives,2001,"Pepper (Piper spp.), raw",33.0,0.0,0.0
Maldives,2002,"Pepper (Piper spp.), raw",30.0,0.0,0.0
Maldives,2003,"Pepper (Piper spp.), raw",38.0,0.0,0.0
Maldives,2004,"Pepper (Piper spp.), raw",40.0,0.0,0.0
Maldives,2005,"Pepper (Piper spp.), raw",37.0,0.0,0.0
Maldives,2006,"Pepper (Piper spp.), raw",47.0,0.0,0.0
Maldives,2007,"Pepper (Piper spp.), raw",55.0,0.0,0.0
Maldives,2008,"Pepper (Piper spp.), raw",53.0,0.0,0.0
Maldives,2010,"Pepper (Piper spp.), raw",59.0,0.0,0.0
Maldives,2011,"Pepper (Piper spp.), raw",56.0,0.0,0.0
Maldives,2013,"Pepper (Piper spp.), raw",52.0,0.0,0.0
Maldives,2014,"Pepper (Piper spp.), raw",114.3,0.0,0.0
Maldives,2015,"Pepper (Piper spp.), raw",86.28,0.0,0.0
Maldives,2016,"Pepper (Piper spp.), raw",124.14,0.0,0.0
Maldives,2017,"Pepper (Piper spp.), raw",130.39,0.0,0.0
Maldives,2018,"Pepper (Piper spp.), raw",129.42,0.0,0.0
Maldives,2019,"Pepper (Piper spp.), raw",173.32,0.0,0.0
Maldives,2020,"Pepper (Piper spp.), raw",129.61,0.0,0.0
Maldives,2021,"Pepper (Piper spp.), raw",161.3,0.0,0.0
Maldives,2022,"Pepper (Piper spp.), raw",154.69,0.0,0.0
Maldives,2023,"Pepper (Piper spp.), raw",183.69,0.0,0.0
Mali,1993,"Pepper (Piper spp.), raw",40.0,0.0,0.0
Mali,1995,"Pepper (Piper spp.), raw",30.0,0.0,0.0
Mali,1996,"Pepper (Piper spp.), raw",72.0,0.0,0.0
Mali,1997,"Pepper (Piper spp.), raw",62.68,0.0,0.0
Mali,1998,"Pepper (Piper spp.), raw",131.54,0.0,0.0
Mali,1999,"Pepper (Piper spp.), raw",89.17,0.0,0.0
Mali,2000,"Pepper (Piper spp.), raw",100.3,0.0,0.0
Mali,2001,"Pepper (Piper spp.), raw",128.0,1.0,0.0
Mali,2002,"Pepper (Piper spp.), raw",185.0,3.0,0.0
Mali,2003,"Pepper (Piper spp.), raw",293.0,9.0,0.0
Mali,2004,"Pepper (Piper spp.), raw",462.0,4.0,0.0
Mali,2005,"Pepper (Piper spp.), raw",517.0,12.0,0.0
Mali,2006,"Pepper (Piper spp.), raw",764.0,4.0,0.0
Mali,2007,"Pepper (Piper spp.), raw",475.0,1.0,0.0
Mali,2009,"Pepper (Piper spp.), raw",170.0,0.0,0.0
Mali,2010,"Pepper (Piper spp.), raw",53.0,0.0,0.0
Mali,2011,"Pepper (Piper spp.), raw",28.0,0.0,0.0
Mali,2013,"Pepper (Piper spp.), raw",254.0,0.0,0.0
Mali,2014,"Pepper (Piper spp.), raw",108.36,18.09,0.0
Mali,2015,"Pepper (Piper spp.), raw",70.3,6.07,0.0
Mali,2016,"Pepper (Piper spp.), raw",543.28,62.0,0.0
Mali,2017,"Pepper (Piper spp.), raw",1100.36,70.0,0.0
Mali,2019,"Pepper (Piper spp.), raw",1896.13,49.83,0.0
Mali,2020,"Pepper (Piper spp.), raw",210.01,72.98,0.0
Mali,2021,"Pepper (Piper spp.), raw",184.4,54.22,0.0
Mali,2022,"Pepper (Piper spp.), raw",278.96,55.68,0.0
Mali,2023,"Pepper (Piper spp.), raw",46.3,118.88,0.0
Malta,1993,"Pepper (Piper spp.), raw",34.0,0.0,0.0
Malta,1994,"Pepper (Piper spp.), raw",30.0,0.0,0.0
Malta,1995,"Pepper (Piper spp.), raw",53.0,0.0,0.0
Malta,1996,"Pepper (Piper spp.), raw",29.0,0.0,0.0
Malta,1997,"Pepper (Piper spp.), raw",42.0,0.0,0.0
Malta,1998,"Pepper (Piper spp.), raw",62.0,0.0,0.0
Malta,1999,"Pepper (Piper spp.), raw",41.0,0.0,0.0
Malta,2000,"Pepper (Piper spp.), raw",60.0,1.0,0.0
Malta,2001,"Pepper (Piper spp.), raw",96.0,0.0,0.0
Malta,2002,"Pepper (Piper spp.), raw",84.0,0.0,0.0
Malta,2003,"Pepper (Piper spp.), raw",68.0,1.0,0.0
Malta,2004,"Pepper (Piper spp.), raw",50.0,0.0,0.0
Malta,2005,"Pepper (Piper spp.), raw",57.0,0.0,0.0
Malta,2006,"Pepper (Piper spp.), raw",76.0,0.0,0.0
Malta,2007,"Pepper (Piper spp.), raw",69.0,0.0,0.0
Malta,2008,"Pepper (Piper spp.), raw",58.0,0.0,0.0
Malta,2009,"Pepper (Piper spp.), raw",60.0,0.0,0.0
Malta,2010,"Pepper (Piper spp.), raw",46.0,0.0,0.0
Malta,2011,"Pepper (Piper spp.), raw",38.0,0.0,0.0
Malta,2012,"Pepper (Piper spp.), raw",50.0,0.0,0.0
Malta,2013,"Pepper (Piper spp.), raw",63.0,0.0,0.0
Malta,2014,"Pepper (Piper spp.), raw",58.5,0.0,0.0
Malta,2015,"Pepper (Piper spp.), raw",67.3,0.0,0.0
Malta,2016,"Pepper (Piper spp.), raw",69.42,0.0,0.0
Malta,2017,"Pepper (Piper spp.), raw",81.42,0.0,0.0
Malta,2019,"Pepper (Piper spp.), raw",47.28,0.0,0.0
Malta,2020,"Pepper (Piper spp.), raw",76.29,0.0,0.0
Malta,2021,"Pepper (Piper spp.), raw",36.79,0.0,0.0
Malta,2023,"Pepper (Piper spp.), raw",50.73,0.0,0.0
Mauritania,1993,"Pepper (Piper spp.), raw",1.0,0.0,0.0
Mauritania,1994,"Pepper (Piper spp.), raw",0.0,0.0,0.0
Mauritania,1995,"Pepper (Piper spp.), raw",75.0,0.0,0.0
Mauritania,1996,"Pepper (Piper spp.), raw",0.0,0.0,0.0
Mauritania,1997,"Pepper (Piper spp.), raw",80.0,0.0,0.0
Mauritania,1998,"Pepper (Piper spp.), raw",0.0,0.0,0.0
Mauritania,1999,"Pepper (Piper spp.), raw",40.0,0.0,0.0
Mauritania,2000,"Pepper (Piper spp.), raw",72.0,0.0,0.0
Mauritania,2001,"Pepper (Piper spp.), raw",26.0,0.0,0.0
Mauritania,2002,"Pepper (Piper spp.), raw",0.0,0.0,0.0
Mauritania,2003,"Pepper (Piper spp.), raw",2.0,0.0,0.0
Mauritania,2004,"Pepper (Piper spp.), raw",0.0,0.0,0.0
Mauritania,2005,"Pepper (Piper spp.), raw",7.0,0.0,0.0
Mauritania,2006,"Pepper (Piper spp.), raw",1.0,0.0,0.0
Mauritania,2007,"Pepper (Piper spp.), raw",21.0,0.0,0.0
Mauritania,2008,"Pepper (Piper spp.), raw",175.0,0.0,0.0
Mauritania,2009,"Pepper (Piper spp.), raw",70.0,0.0,0.0
Mauritania,2010,"Pepper (Piper spp.), raw",72.0,0.0,0.0
Mauritania,2011,"Pepper (Piper spp.), raw",174.0,0.0,0.0
Mauritania,2012,"Pepper (Piper spp.), raw",305.0,0.0,0.0
Mauritania,2013,"Pepper (Piper spp.), raw",197.0,0.0,0.0
Mauritania,2014,"Pepper (Piper spp.), raw",265.2,0.0,0.0
Mauritania,2016,"Pepper (Piper spp.), raw",363.62,0.0,0.0
Mauritania,2017,"Pepper (Piper spp.), raw",243.84,0.0,0.0
Mauritania,2018,"Pepper (Piper spp.), raw",234.19,0.0,0.0
Mauritania,2019,"Pepper (Piper spp.), raw",557.69,0.0,0.0
Mauritania,2020,"Pepper (Piper spp.), raw",507.95,0.0,0.0
Mauritania,2021,"Pepper (Piper spp.), raw",1365.96,0.0,0.0
Mauritania,2022,"Pepper (Piper spp.), raw",1385.83,0.0,0.0
Mauritania,2023,"Pepper (Piper spp.), raw",919.52,0.0,0.0
Mauritius,1993,"Pepper (Piper spp.), raw",37.0,44.0,0.0
Mauritius,1994,"Pepper (Piper spp.), raw",99.0,39.0,0.0
Mauritius,1995,"Pepper (Piper spp.), raw",90.0,77.0,0.0
Mauritius,1996,"Pepper (Piper spp.), raw",66.0,55.0,0.0
Mauritius,1997,"Pepper (Piper spp.), raw",66.0,36.0,0.0
Mauritius,1998,"Pepper (Piper spp.), raw",96.0,65.0,0.0
Mauritius,1999,"Pepper (Piper spp.), raw",72.0,23.0,0.0
Mauritius,2000,"Pepper (Piper spp.), raw",96.58,59.1,0.0
Mauritius,2001,"Pepper (Piper spp.), raw",103.0,28.0,0.0
Mauritius,2002,"Pepper (Piper spp.), raw",117.0,45.0,0.0
Mauritius,2003,"Pepper (Piper spp.), raw",80.0,18.0,0.0
Mauritius,2004,"Pepper (Piper spp.), raw",97.0,31.0,0.0
Mauritius,2005,"Pepper (Piper spp.), raw",102.0,19.0,0.0
Mauritius,2006,"Pepper (Piper spp.), raw",77.0,112.0,0.0
Mauritius,2007,"Pepper (Piper spp.), raw",83.0,54.0,0.0
Mauritius,2008,"Pepper (Piper spp.), raw",110.0,102.0,0.0
Mauritius,2009,"Pepper (Piper spp.), raw",108.0,54.0,0.0
Mauritius,2010,"Pepper (Piper spp.), raw",72.0,0.0,0.0
Mauritius,2011,"Pepper (Piper spp.), raw",68.0,6.0,0.0
Mauritius,2013,"Pepper (Piper spp.), raw",92.0,45.0,0.0
Mauritius,2014,"Pepper (Piper spp.), raw",100.15,21.68,0.0
Mauritius,2015,"Pepper (Piper spp.), raw",122.23,27.67,0.0
Mauritius,2016,"Pepper (Piper spp.), raw",147.94,21.55,0.0
Mauritius,2017,"Pepper (Piper spp.), raw",154.46,9.93,0.0
Mauritius,2018,"Pepper (Piper spp.), raw",147.85,13.64,0.0
Mauritius,2019,"Pepper (Piper spp.), raw",146.73,36.75,0.0
Mauritius,2020,"Pepper (Piper spp.), raw",113.27,47.0,0.0
Mauritius,2021,"Pepper (Piper spp.), raw",79.74,43.83,0.0
Mauritius,2022,"Pepper (Piper spp.), raw",167.77,37.06,0.0
Mauritius,2023,"Pepper (Piper spp.), raw",99.73,24.4,0.0
Mexico,1993,"Pepper (Piper spp.), raw",1272.0,2430.0,734.0
Mexico,1994,"Pepper (Piper spp.), raw",1313.0,2615.0,940.0
Mexico,1995,"Pepper (Piper spp.), raw",981.0,3085.0,3599.0
Mexico,1996,"Pepper (Piper spp.), raw",1816.0,4200.0,4120.0
Mexico,1997,"Pepper (Piper spp.), raw",1572.0,4210.0,1761.0
Mexico,1998,"Pepper (Piper spp.), raw",3228.0,3365.0,4554.0
Mexico,2000,"Pepper (Piper spp.), raw",2479.04,4533.86,4893.0
Mexico,2001,"Pepper (Piper spp.), raw",4488.0,4658.0,5017.0
Mexico,2002,"Pepper (Piper spp.), raw",2906.0,4344.0,5117.0
Mexico,2003,"Pepper (Piper spp.), raw",1851.0,3861.0,5596.0
Mexico,2004,"Pepper (Piper spp.), raw",3263.0,5785.0,6128.0
Mexico,2005,"Pepper (Piper spp.), raw",2813.0,4485.0,3883.0
Mexico,2006,"Pepper (Piper spp.), raw",2696.0,6593.0,4915.0
Mexico,2007,"Pepper (Piper spp.), raw",1865.0,4081.0,6854.0
Mexico,2008,"Pepper (Piper spp.), raw",3302.0,5376.0,6653.0
Mexico,2009,"Pepper (Piper spp.), raw",2184.0,6175.0,6269.0
Mexico,2010,"Pepper (Piper spp.), raw",1968.0,6590.0,3640.0
Mexico,2011,"Pepper (Piper spp.), raw",2649.0,5998.0,3453.0
Mexico,2012,"Pepper (Piper spp.), raw",2691.0,6122.0,3025.0
Mexico,2013,"Pepper (Piper spp.), raw",2764.0,7434.0,3199.0
Mexico,2014,"Pepper (Piper spp.), raw",3244.26,7175.57,3308.76
Mexico,2015,"Pepper (Piper spp.), raw",2671.93,8216.23,3566.95
Mexico,2016,"Pepper (Piper spp.), raw",3183.64,8555.6,5205.91
Mexico,2017,"Pepper (Piper spp.), raw",5021.84,6478.26,7951.06
Mexico,2018,"Pepper (Piper spp.), raw",5002.82,8414.66,9141.07
Mexico,2019,"Pepper (Piper spp.), raw",5553.86,3524.69,9384.33
Mexico,2020,"Pepper (Piper spp.), raw",3500.99,3103.71,10399.48
Mexico,2021,"Pepper (Piper spp.), raw",3761.33,2366.66,9841.23
Mexico,2022,"Pepper (Piper spp.), raw",3411.3,1764.06,10265.34
Mongolia,1996,"Pepper (Piper spp.), raw",7.0,0.0,0.0
Mongolia,1997,"Pepper (Piper spp.), raw",1.0,0.0,0.0
Mongolia,1998,"Pepper (Piper spp.), raw",3.0,0.0,0.0
Mongolia,1999,"Pepper (Piper spp.), raw",4.0,0.0,0.0
Mongolia,2000,"Pepper (Piper spp.), raw",5.0,0.0,0.0
Mongolia,2001,"Pepper (Piper spp.), raw",6.0,0.0,0.0
Mongolia,2002,"Pepper (Piper spp.), raw",4.0,0.0,0.0
Mongolia,2003,"Pepper (Piper spp.), raw",3.0,0.0,0.0
Mongolia,2004,"Pepper (Piper spp.), raw",11.0,0.0,0.0
Mongolia,2005,"Pepper (Piper spp.), raw",23.0,0.0,0.0
Mongolia,2006,"Pepper (Piper spp.), raw",5.0,0.0,0.0
Mongolia,2008,"Pepper (Piper spp.), raw",13.0,0.0,0.0
Mongolia,2009,"Pepper (Piper spp.), raw",15.0,0.0,0.0
Mongolia,2010,"Pepper (Piper spp.), raw",16.0,0.0,0.0
Mongolia,2011,"Pepper (Piper spp.), raw",18.0,0.0,0.0
Mongolia,2012,"Pepper (Piper spp.), raw",31.0,0.0,0.0
Mongolia,2013,"Pepper (Piper spp.), raw",79.0,0.0,0.0
Mongolia,2014,"Pepper (Piper spp.), raw",53.14,0.0,0.0
Mongolia,2015,"Pepper (Piper spp.), raw",80.04,0.02,0.0
Mongolia,2017,"Pepper (Piper spp.), raw",112.99,0.0,0.0
Mongolia,2018,"Pepper (Piper spp.), raw",102.8,0.0,0.0
Mongolia,2019,"Pepper (Piper spp.), raw",94.44,0.0,0.0
Mongolia,2020,"Pepper (Piper spp.), raw",78.62,0.0,0.0
Mongolia,2021,"Pepper (Piper spp.), raw",166.81,0.0,0.0
Mongolia,2022,"Pepper (Piper spp.), raw",145.25,0.0,0.0
Mongolia,2023,"Pepper (Piper spp.), raw",45.99,0.0,0.0
Montenegro,2006,"Pepper (Piper spp.), raw",20.0,0.0,0.0
Montenegro,2007,"Pepper (Piper spp.), raw",18.0,0.0,0.0
Montenegro,2008,"Pepper (Piper spp.), raw",22.0,0.0,0.0
Montenegro,2009,"Pepper (Piper spp.), raw",22.0,0.0,0.0
Montenegro,2010,"Pepper (Piper spp.), raw",25.0,0.0,0.0
Montenegro,2011,"Pepper (Piper spp.), raw",23.0,0.0,0.0
Montenegro,2012,"Pepper (Piper spp.), raw",26.0,0.0,0.0
Montenegro,2013,"Pepper (Piper spp.), raw",25.0,0.0,0.0
Montenegro,2014,"Pepper (Piper spp.), raw",25.81,0.01,0.0
Montenegro,2015,"Pepper (Piper spp.), raw",21.77,0.0,0.0
Montenegro,2016,"Pepper (Piper spp.), raw",27.68,0.0,0.0
Montenegro,2018,"Pepper (Piper spp.), raw",32.77,0.0,0.0
Montenegro,2019,"Pepper (Piper spp.), raw",33.32,0.0,0.0
Montenegro,2021,"Pepper (Piper spp.), raw",35.53,0.0,0.0
Montenegro,2022,"Pepper (Piper spp.), raw",37.63,0.0,0.0
Montenegro,2023,"Pepper (Piper spp.), raw",41.55,0.0,0.0
Morocco,1993,"Pepper (Piper spp.), raw",3883.0,10.0,0.0
Morocco,1995,"Pepper (Piper spp.), raw",1002.0,14.0,0.0
Morocco,1996,"Pepper (Piper spp.), raw",2067.0,22.0,0.0
Morocco,1997,"Pepper (Piper spp.), raw",565.0,0.0,0.0
Morocco,1998,"Pepper (Piper spp.), raw",167.0,1.0,0.0
Morocco,1999,"Pepper (Piper spp.), raw",282.0,8.0,0.0
Morocco,2000,"Pepper (Piper spp.), raw",441.0,8.0,0.0
Morocco,2001,"Pepper (Piper spp.), raw",1276.0,8.0,0.0
Morocco,2002,"Pepper (Piper spp.), raw",848.0,13.0,0.0
Morocco,2003,"Pepper (Piper spp.), raw",2095.0,93.0,0.0
Morocco,2004,"Pepper (Piper spp.), raw",903.0,75.0,0.0
Morocco,2005,"Pepper (Piper spp.), raw",1344.0,60.0,0.0
Morocco,2006,"Pepper (Piper spp.), raw",1521.0,43.0,0.0
Morocco,2007,"Pepper (Piper spp.), raw",1077.0,95.0,0.0
Morocco,2008,"Pepper (Piper spp.), raw",1481.0,54.0,0.0
Morocco,2009,"Pepper (Piper spp.), raw",1835.0,125.0,0.0
Morocco,2010,"Pepper (Piper spp.), raw",1314.0,139.0,0.0
Morocco,2011,"Pepper (Piper spp.), raw",667.0,89.0,0.0
Morocco,2012,"Pepper (Piper spp.), raw",336.0,30.0,0.0
Morocco,2013,"Pepper (Piper spp.), raw",445.0,48.0,0.0
Morocco,2014,"Pepper (Piper spp.), raw",146.08,93.7,0.0
Morocco,2015,"Pepper (Piper spp.), raw",164.49,26.83,0.0
Morocco,2016,"Pepper (Piper spp.), raw",145.44,30.7,0.0
Morocco,2017,"Pepper (Piper spp.), raw",1993.96,28.63,0.0
Morocco,2019,"Pepper (Piper spp.), raw",8103.73,34.05,0.0
Morocco,2020,"Pepper (Piper spp.), raw",8431.53,47.74,0.0
Morocco,2021,"Pepper (Piper spp.), raw",4737.4,23.21,0.0
Morocco,2022,"Pepper (Piper spp.), raw",6575.8,41.85,0.0
Morocco,2023,"Pepper (Piper spp.), raw",7615.88,30.79,0.0
Mozambique,1993,"Pepper (Piper spp.), raw",0.0,0.0,0.0
Mozambique,1994,"Pepper (Piper spp.), raw",0.0,0.0,0.0
Mozambique,1995,"Pepper (Piper spp.), raw",0.0,0.0,0.0
Mozambique,1996,"Pepper (Piper spp.), raw",0.0,0.0,0.0
Mozambique,1997,"Pepper (Piper spp.), raw",0.0,0.0,0.0
Mozambique,1998,"Pepper (Piper spp.), raw",0.0,0.0,0.0
Mozambique,1999,"Pepper (Piper spp.), raw",0.0,0.0,0.0
Mozambique,2000,"Pepper (Piper spp.), raw",0.0,0.0,0.0
Mozambique,2001,"Pepper (Piper spp.), raw",0.0,0.0,0.0
Mozambique,2002,"Pepper (Piper spp.), raw",2.0,0.0,0.0
Mozambique,2003,"Pepper (Piper spp.), raw",6.0,0.0,0.0
Mozambique,2004,"Pepper (Piper spp.), raw",13.0,0.0,0.0
Mozambique,2005,"Pepper (Piper spp.), raw",3.0,0.0,0.0
Mozambique,2007,"Pepper (Piper spp.), raw",22.0,0.0,0.0
Mozambique,2008,"Pepper (Piper spp.), raw",5.0,0.0,0.0
Mozambique,2009,"Pepper (Piper spp.), raw",7.0,0.0,0.0
Mozambique,2010,"Pepper (Piper spp.), raw",8.0,0.0,0.0
Mozambique,2011,"Pepper (Piper spp.), raw",40.0,0.0,0.0
Mozambique,2012,"Pepper (Piper spp.), raw",21.0,11.0,0.0
Mozambique,2014,"Pepper (Piper spp.), raw",51.27,51.02,0.0
Mozambique,2015,"Pepper (Piper spp.), raw",48.56,1.0,0.0
Mozambique,2016,"Pepper (Piper spp.), raw",46.34,48.18,0.0
Mozambique,2017,"Pepper (Piper spp.), raw",614.1,6.27,0.0
Mozambique,2018,"Pepper (Piper spp.), raw",771.08,0.02,0.0
Mozambique,2019,"Pepper (Piper spp.), raw",1614.65,0.03,0.0
Mozambique,2020,"Pepper (Piper spp.), raw",2238.32,0.15,0.0
Mozambique,2021,"Pepper (Piper spp.), raw",1292.61,0.28,0.0
Mozambique,2022,"Pepper (Piper spp.), raw",63.75,0.29,0.0
Myanmar,1993,"Pepper (Piper spp.), raw",0.0,0.0,0.0
Myanmar,1995,"Pepper (Piper spp.), raw",75.0,0.0,0.0
Myanmar,1997,"Pepper (Piper spp.), raw",30.0,0.0,0.0
Myanmar,1998,"Pepper (Piper spp.), raw",34.0,0.0,0.0
Myanmar,1999,"Pepper (Piper spp.), raw",70.0,0.0,0.0
Myanmar,2000,"Pepper (Piper spp.), raw",332.0,0.0,0.0
Myanmar,2001,"Pepper (Piper spp.), raw",264.0,0.0,0.0
Myanmar,2002,"Pepper (Piper spp.), raw",1.0,0.0,0.0
Myanmar,2004,"Pepper (Piper spp.), raw",7.0,27.0,0.0
Myanmar,2005,"Pepper (Piper spp.), raw",0.0,40.0,0.0
Myanmar,2006,"Pepper (Piper spp.), raw",0.0,27.0,0.0
Myanmar,2008,"Pepper (Piper spp.), raw",7.0,0.0,0.0
Myanmar,2009,"Pepper (Piper spp.), raw",2.0,0.0,0.0
Myanmar,2010,"Pepper (Piper spp.), raw",41.0,1.0,0.0
Myanmar,2011,"Pepper (Piper spp.), raw",3.0,1.0,0.0
Myanmar,2012,"Pepper (Piper spp.), raw",56.0,7.0,0.0
Myanmar,2013,"Pepper (Piper spp.), raw",53.0,5.0,0.0
Myanmar,2014,"Pepper (Piper spp.), raw",76.06,73.65,0.0
Myanmar,2015,"Pepper (Piper spp.), raw",54.17,20.93,0.0
Myanmar,2016,"Pepper (Piper spp.), raw",156.71,81.51,0.0
Myanmar,2017,"Pepper (Piper spp.), raw",1753.64,522.56,0.0
Myanmar,2018,"Pepper (Piper spp.), raw",3800.27,2627.56,0.0
Myanmar,2019,"Pepper (Piper spp.), raw",3892.33,5495.59,0.0
Myanmar,2020,"Pepper (Piper spp.), raw",4975.77,3836.5,0.0
Myanmar,2021,"Pepper (Piper spp.), raw",2.05,1121.67,0.0
Myanmar,2022,"Pepper (Piper spp.), raw",290.71,478.9,0.0
Myanmar,2023,"Pepper (Piper spp.), raw",249.6,0.0,0.0
Namibia,1997,"Pepper (Piper spp.), raw",97.0,1.0,0.0
Namibia,1998,"Pepper (Piper spp.), raw",105.0,17.0,0.0
Namibia,1999,"Pepper (Piper spp.), raw",56.0,1.0,0.0
Namibia,2000,"Pepper (Piper spp.), raw",88.0,9.0,0.0
Namibia,2001,"Pepper (Piper spp.), raw",122.0,0.0,0.0
Namibia,2002,"Pepper (Piper spp.), raw",52.0,9.0,0.0
Namibia,2003,"Pepper (Piper spp.), raw",264.0,34.0,0.0
Namibia,2004,"Pepper (Piper spp.), raw",359.0,34.0,0.0
Namibia,2005,"Pepper (Piper spp.), raw",417.0,34.0,0.0
Namibia,2006,"Pepper (Piper spp.), raw",187.0,0.0,0.0
Namibia,2007,"Pepper (Piper spp.), raw",228.0,0.0,0.0
Namibia,2008,"Pepper (Piper spp.), raw",496.0,0.0,0.0
Namibia,2009,"Pepper (Piper spp.), raw",496.0,0.0,0.0
Namibia,2010,"Pepper (Piper spp.), raw",496.0,0.0,0.0
Namibia,2011,"Pepper (Piper spp.), raw",496.0,0.0,0.0
Namibia,2013,"Pepper (Piper spp.), raw",572.0,57.0,0.0
Namibia,2014,"Pepper (Piper spp.), raw",684.04,143.95,200.0
Namibia,2015,"Pepper (Piper spp.), raw",459.34,60.22,200.0
Namibia,2016,"Pepper (Piper spp.), raw",449.26,94.81,200.0
Namibia,2017,"Pepper (Piper spp.), raw",529.51,195.05,300.0
Namibia,2019,"Pepper (Piper spp.), raw",451.79,2.55,482.53
Namibia,2020,"Pepper (Piper spp.), raw",139.16,0.22,437.46
Namibia,2021,"Pepper (Piper spp.), raw",103.77,27.7,392.39
Namibia,2022,"Pepper (Piper spp.), raw",204.15,42.28,364.15
Namibia,2023,"Pepper (Piper spp.), raw",115.69,2.9,470.48
Nauru,2014,"Pepper (Piper spp.), raw",0.38,0.0,0.0
Nauru,2015,"Pepper (Piper spp.), raw",0.56,0.0,0.0
Nauru,2016,"Pepper (Piper spp.), raw",0.44,0.0,0.0
Nauru,2017,"Pepper (Piper spp.), raw",0.08,0.0,0.0
Nauru,2019,"Pepper (Piper spp.), raw",0.04,0.0,0.0
Nauru,2020,"Pepper (Piper spp.), raw",0.05,0.0,0.0
Nauru,2021,"Pepper (Piper spp.), raw",0.04,0.0,0.0
Nauru,2022,"Pepper (Piper spp.), raw",0.46,0.0,0.0
Nauru,2023,"Pepper (Piper spp.), raw",1.28,0.0,0.0
Nepal,1993,"Pepper (Piper spp.), raw",300.0,0.0,0.0
Nepal,1994,"Pepper (Piper spp.), raw",330.0,0.0,0.0
Nepal,1995,"Pepper (Piper spp.), raw",130.0,0.0,0.0
Nepal,1996,"Pepper (Piper spp.), raw",145.0,0.0,0.0
Nepal,1997,"Pepper (Piper spp.), raw",285.0,0.0,0.0
Nepal,1998,"Pepper (Piper spp.), raw",25.0,0.0,0.0
Nepal,1999,"Pepper (Piper spp.), raw",305.0,0.0,0.0
Nepal,2000,"Pepper (Piper spp.), raw",290.0,0.0,0.0
Nepal,2001,"Pepper (Piper spp.), raw",980.0,4.0,0.0
Nepal,2002,"Pepper (Piper spp.), raw",1000.0,0.0,0.0
Nepal,2003,"Pepper (Piper spp.), raw",1917.0,0.0,0.0
Nepal,2004,"Pepper (Piper spp.), raw",2400.0,32.0,0.0
Nepal,2005,"Pepper (Piper spp.), raw",1140.0,32.0,0.0
Nepal,2006,"Pepper (Piper spp.), raw",312.0,32.0,0.0
Nepal,2007,"Pepper (Piper spp.), raw",440.0,32.0,0.0
Nepal,2008,"Pepper (Piper spp.), raw",404.0,2.0,0.0
Nepal,2009,"Pepper (Piper spp.), raw",1741.0,0.0,0.0
Nepal,2010,"Pepper (Piper spp.), raw",966.0,2.0,0.0
Nepal,2011,"Pepper (Piper spp.), raw",1645.0,2.0,0.0
Nepal,2012,"Pepper (Piper spp.), raw",683.0,6.0,0.0
Nepal,2013,"Pepper (Piper spp.), raw",1468.0,4.0,0.0
Nepal,2015,"Pepper (Piper spp.), raw",961.57,2.56,0.0
Nepal,2016,"Pepper (Piper spp.), raw",1993.26,2.13,0.0
Nepal,2017,"Pepper (Piper spp.), raw",6202.28,3.44,0.0
Nepal,2018,"Pepper (Piper spp.), raw",16110.05,5.94,0.0
Nepal,2019,"Pepper (Piper spp.), raw",14652.33,0.45,0.0
Nepal,2020,"Pepper (Piper spp.), raw",6178.2,0.0,0.0
Nepal,2021,"Pepper (Piper spp.), raw",2940.81,1.61,0.0
Nepal,2022,"Pepper (Piper spp.), raw",933.9,35.56,0.0
Nepal,2023,"Pepper (Piper spp.), raw",339.01,19.85,0.0
Netherlands (Kingdom of the),1993,"Pepper (Piper spp.), raw",9492.0,7641.0,0.0
Netherlands (Kingdom of the),1994,"Pepper (Piper spp.), raw",13722.0,8716.0,0.0
Netherlands (Kingdom of the),1995,"Pepper (Piper spp.), raw",12349.0,9559.0,0.0
Netherlands (Kingdom of the),1996,"Pepper (Piper spp.), raw",13766.0,8397.0,0.0
Netherlands (Kingdom of the),1997,"Pepper (Piper spp.), raw",17308.0,13055.0,0.0
Netherlands (Kingdom of the),1998,"Pepper (Piper spp.), raw",15511.0,12354.0,0.0
Netherlands (Kingdom of the),1999,"Pepper (Piper spp.), raw",19420.0,13956.0,0.0
Netherlands (Kingdom of the),2000,"Pepper (Piper spp.), raw",18517.0,12114.0,0.0
Netherlands (Kingdom of the),2002,"Pepper (Piper spp.), raw",20764.0,15007.0,0.0
Netherlands (Kingdom of the),2003,"Pepper (Piper spp.), raw",18936.0,12899.0,0.0
Netherlands (Kingdom of the),2004,"Pepper (Piper spp.), raw",14226.0,10357.0,0.0
Netherlands (Kingdom of the),2005,"Pepper (Piper spp.), raw",13183.0,10417.0,0.0
Netherlands (Kingdom of the),2006,"Pepper (Piper spp.), raw",15409.0,11655.0,0.0
Netherlands (Kingdom of the),2007,"Pepper (Piper spp.), raw",14745.0,11342.0,0.0
Netherlands (Kingdom of the),2008,"Pepper (Piper spp.), raw",13090.0,9705.0,0.0
Netherlands (Kingdom of the),2009,"Pepper (Piper spp.), raw",15765.0,9974.0,0.0
Netherlands (Kingdom of the),2010,"Pepper (Piper spp.), raw",19856.0,9153.0,0.0
Netherlands (Kingdom of the),2011,"Pepper (Piper spp.), raw",18331.0,10848.0,0.0
Netherlands (Kingdom of the),2012,"Pepper (Piper spp.), raw",16950.0,13903.0,0.0
Netherlands (Kingdom of the),2013,"Pepper (Piper spp.), raw",15077.0,10526.0,0.0
Netherlands (Kingdom of the),2014,"Pepper (Piper spp.), raw",15862.49,12857.88,0.0
Netherlands (Kingdom of the),2015,"Pepper (Piper spp.), raw",13629.7,10114.82,0.0
Netherlands (Kingdom of the),2016,"Pepper (Piper spp.), raw",12450.23,9282.87,0.0
Netherlands (Kingdom of the),2017,"Pepper (Piper spp.), raw",13063.45,9915.7,0.0
Netherlands (Kingdom of the),2018,"Pepper (Piper spp.), raw",14218.69,8582.08,0.0
Netherlands (Kingdom of the),2019,"Pepper (Piper spp.), raw",15215.28,8499.52,0.0
Netherlands (Kingdom of the),2020,"Pepper (Piper spp.), raw",12387.92,8004.53,0.0
Netherlands (Kingdom of the),2021,"Pepper (Piper spp.), raw",15809.23,10481.68,0.0
Netherlands (Kingdom of the),2022,"Pepper (Piper spp.), raw",17235.19,13423.4,0.0
Netherlands (Kingdom of the),2023,"Pepper (Piper spp.), raw",12347.2,12857.61,0.0
New Caledonia,1993,"Pepper (Piper spp.), raw",18.0,0.0,0.0
New Caledonia,1994,"Pepper (Piper spp.), raw",22.0,0.0,0.0
New Caledonia,1995,"Pepper (Piper spp.), raw",20.0,0.0,0.0
New Caledonia,1996,"Pepper (Piper spp.), raw",31.0,0.0,0.0
New Caledonia,1997,"Pepper (Piper spp.), raw",30.0,0.0,0.0
New Caledonia,1998,"Pepper (Piper spp.), raw",29.0,0.0,0.0
New Caledonia,1999,"Pepper (Piper spp.), raw",10.0,0.0,0.0
New Caledonia,2000,"Pepper (Piper spp.), raw",10.0,0.0,0.0
New Caledonia,2001,"Pepper (Piper spp.), raw",52.0,0.0,0.0
New Caledonia,2002,"Pepper (Piper spp.), raw",35.0,0.0,0.0
New Caledonia,2003,"Pepper (Piper spp.), raw",30.0,0.0,0.0
New Caledonia,2004,"Pepper (Piper spp.), raw",24.0,0.0,0.0
New Caledonia,2005,"Pepper (Piper spp.), raw",31.0,0.0,0.0
New Caledonia,2006,"Pepper (Piper spp.), raw",23.0,0.0,0.0
New Caledonia,2007,"Pepper (Piper spp.), raw",30.0,0.0,0.0
New Caledonia,2009,"Pepper (Piper spp.), raw",37.0,0.0,0.0
New Caledonia,2010,"Pepper (Piper spp.), raw",37.0,0.0,0.0
New Caledonia,2011,"Pepper (Piper spp.), raw",43.0,0.0,0.0
New Caledonia,2012,"Pepper (Piper spp.), raw",38.0,0.0,0.0
New Caledonia,2013,"Pepper (Piper spp.), raw",32.0,0.0,0.0
New Caledonia,2014,"Pepper (Piper spp.), raw",35.23,0.15,0.0
New Caledonia,2017,"Pepper (Piper spp.), raw",43.82,0.0,0.0
New Caledonia,2018,"Pepper (Piper spp.), raw",44.94,0.0,0.0
New Caledonia,2019,"Pepper (Piper spp.), raw",36.6,0.0,0.0
New Caledonia,2020,"Pepper (Piper spp.), raw",14.71,0.0,0.0
New Caledonia,2021,"Pepper (Piper spp.), raw",31.05,0.0,0.0
New Caledonia,2022,"Pepper (Piper spp.), raw",25.97,0.0,0.0
New Zealand,1993,"Pepper (Piper spp.), raw",262.0,4.0,0.0
New Zealand,1994,"Pepper (Piper spp.), raw",307.0,6.0,0.0
New Zealand,1995,"Pepper (Piper spp.), raw",323.0,8.0,0.0
New Zealand,1997,"Pepper (Piper spp.), raw",394.0,8.0,0.0
New Zealand,1999,"Pepper (Piper spp.), raw",343.0,7.0,0.0
New Zealand,2001,"Pepper (Piper spp.), raw",349.0,5.0,0.0
New Zealand,2002,"Pepper (Piper spp.), raw",319.0,4.0,0.0
New Zealand,2003,"Pepper (Piper spp.), raw",440.0,5.0,0.0
New Zealand,2004,"Pepper (Piper spp.), raw",395.0,9.0,0.0
New Zealand,2005,"Pepper (Piper spp.), raw",424.0,14.0,0.0
New Zealand,2006,"Pepper (Piper spp.), raw",404.0,18.0,0.0
New Zealand,2007,"Pepper (Piper spp.), raw",437.0,11.0,0.0
New Zealand,2008,"Pepper (Piper spp.), raw",394.0,9.0,0.0
New Zealand,2009,"Pepper (Piper spp.), raw",416.0,18.0,0.0
New Zealand,2010,"Pepper (Piper spp.), raw",470.0,12.0,0.0
New Zealand,2011,"Pepper (Piper spp.), raw",377.0,4.0,0.0
New Zealand,2012,"Pepper (Piper spp.), raw",467.0,13.0,0.0
New Zealand,2013,"Pepper (Piper spp.), raw",526.0,15.0,0.0
New Zealand,2014,"Pepper (Piper spp.), raw",541.75,17.28,0.0
New Zealand,2015,"Pepper (Piper spp.), raw",711.6,19.3,0.0
New Zealand,2017,"Pepper (Piper spp.), raw",596.53,16.16,0.0
New Zealand,2018,"Pepper (Piper spp.), raw",571.06,16.84,0.0
New Zealand,2019,"Pepper (Piper spp.), raw",698.8,22.81,0.0
New Zealand,2020,"Pepper (Piper spp.), raw",640.02,16.61,0.0
New Zealand,2021,"Pepper (Piper spp.), raw",831.64,20.79,0.0
New Zealand,2022,"Pepper (Piper spp.), raw",721.0,25.03,0.0
New Zealand,2023,"Pepper (Piper spp.), raw",768.9,21.38,0.0
Nicaragua,1994,"Pepper (Piper spp.), raw",50.0,0.0,0.0
Nicaragua,1995,"Pepper (Piper spp.), raw",48.0,0.0,0.0
Nicaragua,1996,"Pepper (Piper spp.), raw",49.0,0.0,0.0
Nicaragua,1997,"Pepper (Piper spp.), raw",50.0,0.0,0.0
Nicaragua,1998,"Pepper (Piper spp.), raw",60.0,0.0,0.0
Nicaragua,1999,"Pepper (Piper spp.), raw",65.0,1.0,0.0
Nicaragua,2000,"Pepper (Piper spp.), raw",87.06,0.0,0.0
Nicaragua,2001,"Pepper (Piper spp.), raw",87.0,20.0,0.0
Nicaragua,2003,"Pepper (Piper spp.), raw",98.0,41.0,0.0
Nicaragua,2004,"Pepper (Piper spp.), raw",72.0,2.0,0.0
Nicaragua,2005,"Pepper (Piper spp.), raw",115.0,0.0,0.0
Nicaragua,2006,"Pepper (Piper spp.), raw",110.0,0.0,0.0
Nicaragua,2007,"Pepper (Piper spp.), raw",155.0,0.0,0.0
Nicaragua,2008,"Pepper (Piper spp.), raw",117.0,0.0,0.0
Nicaragua,2009,"Pepper (Piper spp.), raw",135.0,0.0,0.0
Nicaragua,2010,"Pepper (Piper spp.), raw",146.0,0.0,0.0
Nicaragua,2012,"Pepper (Piper spp.), raw",67.0,0.0,0.0
Nicaragua,2013,"Pepper (Piper spp.), raw",64.0,0.0,0.0
Nicaragua,2014,"Pepper (Piper spp.), raw",67.41,0.05,0.0
Nicaragua,2015,"Pepper (Piper spp.), raw",85.24,0.07,0.0
Nicaragua,2016,"Pepper (Piper spp.), raw",80.64,0.02,0.0
Nicaragua,2017,"Pepper (Piper spp.), raw",112.43,0.09,0.0
Nicaragua,2018,"Pepper (Piper spp.), raw",75.62,0.12,0.0
Nicaragua,2019,"Pepper (Piper spp.), raw",85.13,0.04,0.0
Nicaragua,2020,"Pepper (Piper spp.), raw",106.42,3.4,0.0
Nicaragua,2022,"Pepper (Piper spp.), raw",69.98,0.68,0.0
Nicaragua,2023,"Pepper (Piper spp.), raw",107.0,0.03,0.0
Niger,1993,"Pepper (Piper spp.), raw",0.0,0.0,700.0
Niger,1994,"Pepper (Piper spp.), raw",20.0,0.0,800.0
Niger,1995,"Pepper (Piper spp.), raw",12.0,14.0,900.0
Niger,1996,"Pepper (Piper spp.), raw",5.0,1.0,1000.0
Niger,1997,"Pepper (Piper spp.), raw",2.0,8.0,1100.0
Niger,1998,"Pepper (Piper spp.), raw",5.0,22.0,1200.0
Niger,1999,"Pepper (Piper spp.), raw",4.0,182.0,1300.0
Niger,2000,"Pepper (Piper spp.), raw",12.0,1381.0,1400.0
Niger,2001,"Pepper (Piper spp.), raw",8.0,1167.0,1468.12
Niger,2002,"Pepper (Piper spp.), raw",4.0,1349.0,1537.63
Niger,2003,"Pepper (Piper spp.), raw",10.0,801.0,1600.0
Niger,2004,"Pepper (Piper spp.), raw",18.0,236.0,1702.16
Niger,2005,"Pepper (Piper spp.), raw",14.0,514.0,1800.0
Niger,2006,"Pepper (Piper spp.), raw",14.0,832.0,1885.95
Niger,2007,"Pepper (Piper spp.), raw",12.0,376.0,2000.0
Niger,2008,"Pepper (Piper spp.), raw",13.0,802.0,1850.0
Niger,2009,"Pepper (Piper spp.), raw",13.0,802.0,1720.0
Niger,2011,"Pepper (Piper spp.), raw",20.0,505.0,1105.0
Niger,2012,"Pepper (Piper spp.), raw",17.0,859.0,1200.0
Niger,2013,"Pepper (Piper spp.), raw",49.0,926.0,1105.0
Niger,2014,"Pepper (Piper spp.), raw",7.92,310.49,1105.0
Niger,2015,"Pepper (Piper spp.), raw",25.61,335.66,1040.54
Niger,2016,"Pepper (Piper spp.), raw",85.54,66.38,1083.51
Niger,2017,"Pepper (Piper spp.), raw",61.0,256.0,1055.28
Niger,2018,"Pepper (Piper spp.), raw",73.26,144.23,1821.4
Niger,2019,"Pepper (Piper spp.), raw",177.2,260.63,2744.86
Niger,2020,"Pepper (Piper spp.), raw",154.38,121.56,3739.68
Niger,2021,"Pepper (Piper spp.), raw",51.79,135.71,3816.51
Niger,2022,"Pepper (Piper spp.), raw",44.03,145.37,3987.55
Nigeria,1993,"Pepper (Piper spp.), raw",274.0,0.0,0.0
Nigeria,1995,"Pepper (Piper spp.), raw",209.0,0.0,0.0
Nigeria,1996,"Pepper (Piper spp.), raw",209.0,0.0,0.0
Nigeria,1997,"Pepper (Piper spp.), raw",209.0,0.0,0.0
Nigeria,1998,"Pepper (Piper spp.), raw",209.0,0.0,0.0
Nigeria,1999,"Pepper (Piper spp.), raw",209.0,0.0,0.0
Nigeria,2000,"Pepper (Piper spp.), raw",18.76,0.0,0.0
Nigeria,2001,"Pepper (Piper spp.), raw",120.0,0.0,0.0
Nigeria,2002,"Pepper (Piper spp.), raw",7.0,0.0,0.0
Nigeria,2003,"Pepper (Piper spp.), raw",775.0,0.0,0.0
Nigeria,2004,"Pepper (Piper spp.), raw",98.0,0.0,0.0
Nigeria,2005,"Pepper (Piper spp.), raw",536.0,0.0,0.0
Nigeria,2006,"Pepper (Piper spp.), raw",865.0,0.0,0.0
Nigeria,2007,"Pepper (Piper spp.), raw",36.0,0.0,0.0
Nigeria,2008,"Pepper (Piper spp.), raw",575.0,0.0,0.0
Nigeria,2009,"Pepper (Piper spp.), raw",575.0,0.0,0.0
Nigeria,2010,"Pepper (Piper spp.), raw",266.0,0.0,0.0
Nigeria,2011,"Pepper (Piper spp.), raw",842.0,0.0,0.0
Nigeria,2012,"Pepper (Piper spp.), raw",1408.0,0.0,0.0
Nigeria,2013,"Pepper (Piper spp.), raw",1483.0,0.0,0.0
Nigeria,2014,"Pepper (Piper spp.), raw",564.47,17.86,0.0
Nigeria,2015,"Pepper (Piper spp.), raw",659.42,46.56,0.0
Nigeria,2017,"Pepper (Piper spp.), raw",562.26,95.88,0.0
Nigeria,2018,"Pepper (Piper spp.), raw",495.44,84.66,0.0
Nigeria,2019,"Pepper (Piper spp.), raw",580.93,129.05,0.0
Nigeria,2020,"Pepper (Piper spp.), raw",557.71,126.95,0.0
Nigeria,2021,"Pepper (Piper spp.), raw",475.89,189.35,0.0
Nigeria,2022,"Pepper (Piper spp.), raw",287.52,198.11,0.0
Nigeria,2023,"Pepper (Piper spp.), raw",274.79,206.09,0.0
Niue,2014,"Pepper (Piper spp.), raw",0.13,0.0,0.0
Niue,2015,"Pepper (Piper spp.), raw",0.01,0.0,0.0
Niue,2016,"Pepper (Piper spp.), raw",0.07,0.0,0.0
Niue,2017,"Pepper (Piper spp.), raw",0.03,0.0,0.0
Niue,2018,"Pepper (Piper spp.), raw",0.03,0.0,0.0
Niue,2019,"Pepper (Piper spp.), raw",0.05,0.0,0.0
Niue,2020,"Pepper (Piper spp.), raw",0.04,0.0,0.0
Niue,2021,"Pepper (Piper spp.), raw",0.03,0.0,0.0
Niue,2022,"Pepper (Piper spp.), raw",0.04,0.0,0.0
North Macedonia,1993,"Pepper (Piper spp.), raw",16.0,33.0,0.0
North Macedonia,1994,"Pepper (Piper spp.), raw",92.0,23.0,0.0
North Macedonia,1995,"Pepper (Piper spp.), raw",64.0,18.0,0.0
North Macedonia,1996,"Pepper (Piper spp.), raw",75.0,1.0,0.0
North Macedonia,1997,"Pepper (Piper spp.), raw",59.0,27.0,0.0
North Macedonia,1998,"Pepper (Piper spp.), raw",35.0,27.0,0.0
North Macedonia,1999,"Pepper (Piper spp.), raw",78.0,10.0,0.0
North Macedonia,2000,"Pepper (Piper spp.), raw",116.0,16.0,0.0
North Macedonia,2001,"Pepper (Piper spp.), raw",134.0,20.0,0.0
North Macedonia,2002,"Pepper (Piper spp.), raw",76.0,11.0,0.0
North Macedonia,2003,"Pepper (Piper spp.), raw",91.0,10.0,0.0
North Macedonia,2004,"Pepper (Piper spp.), raw",123.0,3.0,0.0
North Macedonia,2005,"Pepper (Piper spp.), raw",149.0,24.0,0.0
North Macedonia,2006,"Pepper (Piper spp.), raw",124.0,3.0,0.0
North Macedonia,2008,"Pepper (Piper spp.), raw",121.0,15.0,0.0
North Macedonia,2009,"Pepper (Piper spp.), raw",162.0,30.0,0.0
North Macedonia,2010,"Pepper (Piper spp.), raw",161.0,19.0,0.0
North Macedonia,2011,"Pepper (Piper spp.), raw",175.0,30.0,0.0
North Macedonia,2012,"Pepper (Piper spp.), raw",176.0,34.0,0.0
North Macedonia,2013,"Pepper (Piper spp.), raw",174.0,15.0,0.0
North Macedonia,2014,"Pepper (Piper spp.), raw",130.6,11.24,0.0
North Macedonia,2015,"Pepper (Piper spp.), raw",123.79,9.33,0.0
North Macedonia,2016,"Pepper (Piper spp.), raw",163.31,12.47,0.0
North Macedonia,2018,"Pepper (Piper spp.), raw",196.5,10.52,0.0
North Macedonia,2019,"Pepper (Piper spp.), raw",252.22,8.29,0.0
North Macedonia,2020,"Pepper (Piper spp.), raw",147.04,16.16,0.0
North Macedonia,2021,"Pepper (Piper spp.), raw",139.36,7.93,0.0
North Macedonia,2023,"Pepper (Piper spp.), raw",259.0,0.83,0.0
Norway,1993,"Pepper (Piper spp.), raw",341.0,1.0,0.0
Norway,1994,"Pepper (Piper spp.), raw",418.0,1.0,0.0
Norway,1995,"Pepper (Piper spp.), raw",384.0,12.0,0.0
Norway,1996,"Pepper (Piper spp.), raw",645.0,16.0,0.0
Norway,1997,"Pepper (Piper spp.), raw",495.0,18.0,0.0
Norway,1998,"Pepper (Piper spp.), raw",461.0,5.0,0.0
Norway,1999,"Pepper (Piper spp.), raw",516.0,10.0,0.0
Norway,2000,"Pepper (Piper spp.), raw",429.32,1.18,0.0
Norway,2001,"Pepper (Piper spp.), raw",473.0,2.0,0.0
Norway,2002,"Pepper (Piper spp.), raw",545.0,4.0,0.0
Norway,2003,"Pepper (Piper spp.), raw",571.0,12.0,0.0
Norway,2004,"Pepper (Piper spp.), raw",578.0,7.0,0.0
Norway,2005,"Pepper (Piper spp.), raw",588.0,8.0,0.0
Norway,2006,"Pepper (Piper spp.), raw",625.0,12.0,0.0
Norway,2007,"Pepper (Piper spp.), raw",672.0,15.0,0.0
Norway,2008,"Pepper (Piper spp.), raw",669.0,15.0,0.0
Norway,2009,"Pepper (Piper spp.), raw",377.0,5.0,0.0
Norway,2010,"Pepper (Piper spp.), raw",394.0,3.0,0.0
Norway,2011,"Pepper (Piper spp.), raw",414.0,8.0,0.0
Norway,2012,"Pepper (Piper spp.), raw",448.0,7.0,0.0
Norway,2013,"Pepper (Piper spp.), raw",457.0,3.0,0.0
Norway,2014,"Pepper (Piper spp.), raw",457.27,6.17,0.0
Norway,2015,"Pepper (Piper spp.), raw",480.16,2.82,0.0
Norway,2016,"Pepper (Piper spp.), raw",448.08,1.07,0.0
Norway,2017,"Pepper (Piper spp.), raw",492.5,1.53,0.0
Norway,2018,"Pepper (Piper spp.), raw",471.65,0.63,0.0
Norway,2019,"Pepper (Piper spp.), raw",498.29,2.64,0.0
Norway,2020,"Pepper (Piper spp.), raw",563.45,1.81,0.0
Norway,2021,"Pepper (Piper spp.), raw",584.68,2.67,0.0
Norway,2023,"Pepper (Piper spp.), raw",527.83,2.0,0.0
Oman,1993,"Pepper (Piper spp.), raw",195.0,10.0,0.0
Oman,1994,"Pepper (Piper spp.), raw",97.0,0.0,0.0
Oman,1995,"Pepper (Piper spp.), raw",188.0,2.0,0.0
Oman,1996,"Pepper (Piper spp.), raw",73.0,0.0,0.0
Oman,1998,"Pepper (Piper spp.), raw",163.0,0.0,0.0
Oman,1999,"Pepper (Piper spp.), raw",115.0,1.0,0.0
Oman,2000,"Pepper (Piper spp.), raw",91.0,0.0,0.0
Oman,2002,"Pepper (Piper spp.), raw",147.0,7.0,0.0
Oman,2003,"Pepper (Piper spp.), raw",221.0,0.0,0.0
Oman,2004,"Pepper (Piper spp.), raw",320.0,0.0,0.0
Oman,2005,"Pepper (Piper spp.), raw",275.0,5.0,0.0
Oman,2006,"Pepper (Piper spp.), raw",251.0,0.0,0.0
Oman,2007,"Pepper (Piper spp.), raw",391.0,0.0,0.0
Oman,2008,"Pepper (Piper spp.), raw",468.0,1.0,0.0
Oman,2009,"Pepper (Piper spp.), raw",563.0,14.0,0.0
Oman,2010,"Pepper (Piper spp.), raw",382.0,17.0,0.0
Oman,2012,"Pepper (Piper spp.), raw",588.0,57.0,0.0
Oman,2013,"Pepper (Piper spp.), raw",947.0,2.0,0.0
Oman,2014,"Pepper (Piper spp.), raw",851.76,3.06,0.0
Oman,2015,"Pepper (Piper spp.), raw",784.43,2.98,0.0
Oman,2016,"Pepper (Piper spp.), raw",754.68,40.28,0.0
Oman,2017,"Pepper (Piper spp.), raw",1180.7,149.35,0.0
Oman,2018,"Pepper (Piper spp.), raw",1329.27,140.61,0.0
Oman,2019,"Pepper (Piper spp.), raw",1404.49,241.2,0.0
Oman,2020,"Pepper (Piper spp.), raw",1316.18,375.03,0.0
Oman,2021,"Pepper (Piper spp.), raw",1085.69,299.98,0.0
Oman,2022,"Pepper (Piper spp.), raw",940.51,15.85,0.0
Oman,2023,"Pepper (Piper spp.), raw",713.69,14.13,0.0
Pakistan,1993,"Pepper (Piper spp.), raw",3759.0,0.0,0.0
Pakistan,1994,"Pepper (Piper spp.), raw",2975.0,0.0,0.0
Pakistan,1996,"Pepper (Piper spp.), raw",746.0,0.0,0.0
Pakistan,1997,"Pepper (Piper spp.), raw",1918.0,0.0,0.0
Pakistan,1998,"Pepper (Piper spp.), raw",874.0,15.0,0.0
Pakistan,1999,"Pepper (Piper spp.), raw",1626.0,15.0,0.0
Pakistan,2000,"Pepper (Piper spp.), raw",863.13,0.0,0.0
Pakistan,2001,"Pepper (Piper spp.), raw",2435.0,0.0,0.0
Pakistan,2003,"Pepper (Piper spp.), raw",5161.0,0.0,0.0
Pakistan,2004,"Pepper (Piper spp.), raw",6814.0,0.0,0.0
Pakistan,2005,"Pepper (Piper spp.), raw",5165.0,0.0,0.0
Pakistan,2006,"Pepper (Piper spp.), raw",6424.0,0.0,0.0
Pakistan,2007,"Pepper (Piper spp.), raw",5332.0,15.0,0.0
Pakistan,2009,"Pepper (Piper spp.), raw",6564.0,31.0,0.0
Pakistan,2010,"Pepper (Piper spp.), raw",7267.0,20.0,0.0
Pakistan,2011,"Pepper (Piper spp.), raw",8893.0,30.0,0.0
Pakistan,2012,"Pepper (Piper spp.), raw",5691.0,118.0,0.0
Pakistan,2013,"Pepper (Piper spp.), raw",6602.0,205.0,0.0
Pakistan,2014,"Pepper (Piper spp.), raw",8105.28,139.49,0.0
Pakistan,2015,"Pepper (Piper spp.), raw",7118.54,110.86,0.0
Pakistan,2017,"Pepper (Piper spp.), raw",8932.25,118.48,0.0
Pakistan,2018,"Pepper (Piper spp.), raw",8239.5,218.29,0.0
Pakistan,2019,"Pepper (Piper spp.), raw",11187.3,113.43,0.0
Pakistan,2020,"Pepper (Piper spp.), raw",13302.12,103.9,0.0
Pakistan,2022,"Pepper (Piper spp.), raw",9754.48,99.02,0.0
Palestine,1996,"Pepper (Piper spp.), raw",179.0,1.0,0.0
Palestine,1997,"Pepper (Piper spp.), raw",173.0,1.0,0.0
Palestine,1999,"Pepper (Piper spp.), raw",109.0,0.0,0.0
Palestine,2000,"Pepper (Piper spp.), raw",68.0,0.0,0.0
Palestine,2001,"Pepper (Piper spp.), raw",40.0,0.0,0.0
Palestine,2002,"Pepper (Piper spp.), raw",15.0,0.0,0.0
Palestine,2003,"Pepper (Piper spp.), raw",50.0,0.0,0.0
Palestine,2004,"Pepper (Piper spp.), raw",50.0,0.0,0.0
Palestine,2005,"Pepper (Piper spp.), raw",10.0,0.0,0.0
Palestine,2006,"Pepper (Piper spp.), raw",1.0,0.0,0.0
Palestine,2007,"Pepper (Piper spp.), raw",1.0,0.0,0.0
Palestine,2008,"Pepper (Piper spp.), raw",1.0,0.0,0.0
Palestine,2009,"Pepper (Piper spp.), raw",1.0,0.0,0.0
Palestine,2010,"Pepper (Piper spp.), raw",1.0,0.0,0.0
Palestine,2011,"Pepper (Piper spp.), raw",1.0,0.0,0.0
Palestine,2012,"Pepper (Piper spp.), raw",1.0,0.0,0.0
Palestine,2013,"Pepper (Piper spp.), raw",1.0,0.0,0.0
Palestine,2022,"Pepper (Piper spp.), raw",13.72,1.61,0.0
Palestine,2023,"Pepper (Piper spp.), raw",13.14,0.31,0.0
Panama,1993,"Pepper (Piper spp.), raw",186.0,0.0,0.0
Panama,1994,"Pepper (Piper spp.), raw",231.0,0.0,0.0
Panama,1995,"Pepper (Piper spp.), raw",277.0,0.0,0.0
Panama,1996,"Pepper (Piper spp.), raw",266.0,5.0,0.0
Panama,1997,"Pepper (Piper spp.), raw",185.0,16.0,0.0
Panama,1998,"Pepper (Piper spp.), raw",238.0,31.0,0.0
Panama,1999,"Pepper (Piper spp.), raw",196.0,22.0,0.0
Panama,2000,"Pepper (Piper spp.), raw",252.02,35.75,0.0
Panama,2001,"Pepper (Piper spp.), raw",244.0,27.0,0.0
Panama,2002,"Pepper (Piper spp.), raw",250.0,10.0,0.0
Panama,2003,"Pepper (Piper spp.), raw",239.0,19.0,0.0
Panama,2004,"Pepper (Piper spp.), raw",162.0,24.0,0.0
Panama,2005,"Pepper (Piper spp.), raw",130.0,0.0,0.0
Panama,2006,"Pepper (Piper spp.), raw",141.0,0.0,0.0
Panama,2007,"Pepper (Piper spp.), raw",136.0,0.0,0.0
Panama,2008,"Pepper (Piper spp.), raw",189.0,0.0,0.0
Panama,2009,"Pepper (Piper spp.), raw",157.0,0.0,0.0
Panama,2010,"Pepper (Piper spp.), raw",102.0,0.0,0.0
Panama,2011,"Pepper (Piper spp.), raw",190.0,0.0,0.0
Panama,2012,"Pepper (Piper spp.), raw",198.0,0.0,0.0
Panama,2013,"Pepper (Piper spp.), raw",191.0,0.0,0.0
Panama,2015,"Pepper (Piper spp.), raw",190.74,0.43,0.0
Panama,2016,"Pepper (Piper spp.), raw",187.02,0.68,0.0
Panama,2017,"Pepper (Piper spp.), raw",275.19,4.8,0.0
Panama,2018,"Pepper (Piper spp.), raw",279.52,10.29,0.0
Panama,2019,"Pepper (Piper spp.), raw",278.34,1.14,0.0
Panama,2020,"Pepper (Piper spp.), raw",307.59,5.34,0.0
Panama,2022,"Pepper (Piper spp.), raw",320.53,0.0,0.0
Panama,2023,"Pepper (Piper spp.), raw",295.76,6.93,0.0
Papua New Guinea,1993,"Pepper (Piper spp.), raw",0.0,0.0,0.0
Papua New Guinea,1994,"Pepper (Piper spp.), raw",0.0,0.0,0.0
Papua New Guinea,1995,"Pepper (Piper spp.), raw",0.0,0.0,0.0
Papua New Guinea,1997,"Pepper (Piper spp.), raw",0.0,0.0,0.0
Papua New Guinea,1999,"Pepper (Piper spp.), raw",0.0,0.0,0.0
Papua New Guinea,2000,"Pepper (Piper spp.), raw",1.0,0.0,0.0
Papua New Guinea,2002,"Pepper (Piper spp.), raw",4.0,0.0,0.0
Papua New Guinea,2003,"Pepper (Piper spp.), raw",4.0,0.0,0.0
Papua New Guinea,2004,"Pepper (Piper spp.), raw",2.0,0.0,0.0
Papua New Guinea,2005,"Pepper (Piper spp.), raw",2.0,0.0,0.0
Papua New Guinea,2006,"Pepper (Piper spp.), raw",2.0,0.0,0.0
Papua New Guinea,2008,"Pepper (Piper spp.), raw",2.0,0.0,0.0
Papua New Guinea,2009,"Pepper (Piper spp.), raw",2.0,0.0,0.0
Papua New Guinea,2010,"Pepper (Piper spp.), raw",3.0,0.0,0.0
Papua New Guinea,2011,"Pepper (Piper spp.), raw",2.0,0.0,0.0
Papua New Guinea,2012,"Pepper (Piper spp.), raw",5.0,0.0,0.0
Papua New Guinea,2013,"Pepper (Piper spp.), raw",4.0,0.0,0.0
Papua New Guinea,2014,"Pepper (Piper spp.), raw",2.49,0.0,0.0
Papua New Guinea,2015,"Pepper (Piper spp.), raw",2.38,0.0,0.0
Papua New Guinea,2016,"Pepper (Piper spp.), raw",3637.78,0.0,0.0
Papua New Guinea,2018,"Pepper (Piper spp.), raw",9.0,0.0,0.0
Papua New Guinea,2019,"Pepper (Piper spp.), raw",3.0,0.0,0.0
Papua New Guinea,2020,"Pepper (Piper spp.), raw",80.35,8.76,0.0
Papua New Guinea,2021,"Pepper (Piper spp.), raw",77.29,11.01,0.0
Papua New Guinea,2022,"Pepper (Piper spp.), raw",18.91,0.0,0.0
Papua New Guinea,2023,"Pepper (Piper spp.), raw",14.21,0.0,0.0
Paraguay,1993,"Pepper (Piper spp.), raw",25.0,0.0,0.0
Paraguay,1994,"Pepper (Piper spp.), raw",38.0,0.0,0.0
Paraguay,1995,"Pepper (Piper spp.), raw",53.0,0.0,0.0
Paraguay,1996,"Pepper (Piper spp.), raw",24.0,0.0,0.0
Paraguay,1997,"Pepper (Piper spp.), raw",15.0,0.0,0.0
Paraguay,1998,"Pepper (Piper spp.), raw",32.0,0.0,0.0
Paraguay,1999,"Pepper (Piper spp.), raw",32.0,0.0,0.0
Paraguay,2000,"Pepper (Piper spp.), raw",7.0,0.0,0.0
Paraguay,2001,"Pepper (Piper spp.), raw",35.0,0.0,0.0
Paraguay,2002,"Pepper (Piper spp.), raw",12.0,0.0,0.0
Paraguay,2004,"Pepper (Piper spp.), raw",18.0,0.0,0.0
Paraguay,2005,"Pepper (Piper spp.), raw",18.0,0.0,0.0
Paraguay,2006,"Pepper (Piper spp.), raw",20.0,0.0,0.0
Paraguay,2008,"Pepper (Piper spp.), raw",22.0,0.0,0.0
Paraguay,2009,"Pepper (Piper spp.), raw",16.0,0.0,0.0
Paraguay,2010,"Pepper (Piper spp.), raw",24.0,0.0,0.0
Paraguay,2011,"Pepper (Piper spp.), raw",22.0,0.0,0.0
Paraguay,2012,"Pepper (Piper spp.), raw",37.0,0.0,0.0
Paraguay,2013,"Pepper (Piper spp.), raw",50.0,0.0,0.0
Paraguay,2014,"Pepper (Piper spp.), raw",58.87,0.0,0.0
Paraguay,2015,"Pepper (Piper spp.), raw",56.61,0.0,0.0
Paraguay,2016,"Pepper (Piper spp.), raw",34.82,0.0,0.0
Paraguay,2017,"Pepper (Piper spp.), raw",40.52,0.0,0.0
Paraguay,2018,"Pepper (Piper spp.), raw",44.12,0.0,0.0
Paraguay,2019,"Pepper (Piper spp.), raw",32.98,0.0,0.0
Paraguay,2020,"Pepper (Piper spp.), raw",84.69,0.0,0.0
Paraguay,2021,"Pepper (Piper spp.), raw",69.26,0.04,0.0
Paraguay,2022,"Pepper (Piper spp.), raw",85.84,0.0,0.0
Paraguay,2023,"Pepper (Piper spp.), raw",96.49,0.03,0.0
Peru,1993,"Pepper (Piper spp.), raw",635.0,0.0,0.0
Peru,1994,"Pepper (Piper spp.), raw",898.0,0.0,0.0
Peru,1995,"Pepper (Piper spp.), raw",808.0,0.0,0.0
Peru,1996,"Pepper (Piper spp.), raw",742.0,0.0,0.0
Peru,1997,"Pepper (Piper spp.), raw",563.0,0.0,0.0
Peru,1998,"Pepper (Piper spp.), raw",367.0,4.0,0.0
Peru,1999,"Pepper (Piper spp.), raw",373.0,11.0,0.0
Peru,2000,"Pepper (Piper spp.), raw",268.49,128.15,0.0
Peru,2002,"Pepper (Piper spp.), raw",216.0,166.0,0.0
Peru,2003,"Pepper (Piper spp.), raw",353.0,62.0,314.0
Peru,2004,"Pepper (Piper spp.), raw",354.0,168.0,368.0
Peru,2005,"Pepper (Piper spp.), raw",378.0,103.0,122.0
Peru,2006,"Pepper (Piper spp.), raw",405.0,213.0,402.0
Peru,2007,"Pepper (Piper spp.), raw",393.0,108.0,210.0
Peru,2008,"Pepper (Piper spp.), raw",768.0,12.0,308.5
Peru,2009,"Pepper (Piper spp.), raw",595.0,32.0,345.0
Peru,2010,"Pepper (Piper spp.), raw",848.0,38.0,314.0
Peru,2012,"Pepper (Piper spp.), raw",840.0,119.0,369.0
Peru,2013,"Pepper (Piper spp.), raw",812.0,5.0,356.31
Peru,2014,"Pepper (Piper spp.), raw",825.02,21.93,315.0
Peru,2016,"Pepper (Piper spp.), raw",722.72,41.47,210.4
Peru,2017,"Pepper (Piper spp.), raw",876.94,29.08,221.24
Peru,2019,"Pepper (Piper spp.), raw",1316.07,755.94,142.0
Peru,2020,"Pepper (Piper spp.), raw",1480.57,23.07,166.0
Peru,2021,"Pepper (Piper spp.), raw",1152.52,30.4,322.0
Peru,2022,"Pepper (Piper spp.), raw",1290.87,27.34,344.51
Peru,2023,"Pepper (Piper spp.), raw",1211.42,17.07,404.56
Philippines,1993,"Pepper (Piper spp.), raw",262.0,55.0,4349.0
Philippines,1994,"Pepper (Piper spp.), raw",563.0,41.0,2808.0
Philippines,1996,"Pepper (Piper spp.), raw",949.0,67.0,4899.0
Philippines,1997,"Pepper (Piper spp.), raw",617.0,33.0,4581.0
Philippines,1998,"Pepper (Piper spp.), raw",637.0,33.0,4467.0
Philippines,1999,"Pepper (Piper spp.), raw",593.0,66.0,4537.0
Philippines,2000,"Pepper (Piper spp.), raw",736.43,41.2,4541.0
Philippines,2001,"Pepper (Piper spp.), raw",1142.0,31.0,4720.0
Philippines,2002,"Pepper (Piper spp.), raw",1088.0,21.0,4693.0
Philippines,2003,"Pepper (Piper spp.), raw",663.0,13.0,4587.0
Philippines,2004,"Pepper (Piper spp.), raw",2135.0,14.0,4547.0
Philippines,2005,"Pepper (Piper spp.), raw",2744.0,18.0,4418.0
Philippines,2006,"Pepper (Piper spp.), raw",1937.0,20.0,3678.0
Philippines,2007,"Pepper (Piper spp.), raw",2301.0,22.0,3270.0
Philippines,2008,"Pepper (Piper spp.), raw",3461.0,130.0,3426.0
Philippines,2009,"Pepper (Piper spp.), raw",2902.0,92.0,3432.0
Philippines,2010,"Pepper (Piper spp.), raw",3090.0,118.0,3348.0
Philippines,2011,"Pepper (Piper spp.), raw",2910.0,104.0,3369.0
Philippines,2012,"Pepper (Piper spp.), raw",2651.0,174.0,3248.0
Philippines,2013,"Pepper (Piper spp.), raw",2775.0,72.0,2716.0
Philippines,2014,"Pepper (Piper spp.), raw",2773.29,125.26,2563.37
Philippines,2015,"Pepper (Piper spp.), raw",3977.8,69.25,1847.12
Philippines,2016,"Pepper (Piper spp.), raw",4393.05,94.88,1435.76
Philippines,2017,"Pepper (Piper spp.), raw",5443.95,104.26,1368.67
Philippines,2018,"Pepper (Piper spp.), raw",5794.5,91.19,1307.6
Philippines,2019,"Pepper (Piper spp.), raw",6424.42,94.61,1131.93
Philippines,2020,"Pepper (Piper spp.), raw",7406.16,219.62,1027.56
Philippines,2021,"Pepper (Piper spp.), raw",7883.12,168.29,964.55
Philippines,2022,"Pepper (Piper spp.), raw",7228.95,63.74,1004.58
Philippines,2023,"Pepper (Piper spp.), raw",6408.94,13.39,889.86
Poland,1993,"Pepper (Piper spp.), raw",3356.0,25.0,0.0
Poland,1994,"Pepper (Piper spp.), raw",3331.0,250.0,0.0
Poland,1995,"Pepper (Piper spp.), raw",3712.0,115.0,0.0
Poland,1996,"Pepper (Piper spp.), raw",3517.0,215.0,0.0
Poland,1998,"Pepper (Piper spp.), raw",3850.0,321.0,0.0
Poland,1999,"Pepper (Piper spp.), raw",3183.0,495.0,0.0
Poland,2000,"Pepper (Piper spp.), raw",3393.84,221.59,0.0
Poland,2001,"Pepper (Piper spp.), raw",3286.0,257.0,0.0
Poland,2002,"Pepper (Piper spp.), raw",3579.0,142.0,0.0
Poland,2003,"Pepper (Piper spp.), raw",4611.0,228.0,0.0
Poland,2004,"Pepper (Piper spp.), raw",4575.0,474.0,0.0
Poland,2005,"Pepper (Piper spp.), raw",5682.0,1128.0,0.0
Poland,2006,"Pepper (Piper spp.), raw",5637.0,1274.0,0.0
Poland,2007,"Pepper (Piper spp.), raw",5863.0,1444.0,0.0
Poland,2008,"Pepper (Piper spp.), raw",5034.0,1519.0,0.0
Poland,2009,"Pepper (Piper spp.), raw",5520.0,1400.0,0.0
Poland,2010,"Pepper (Piper spp.), raw",6278.0,1364.0,0.0
Poland,2011,"Pepper (Piper spp.), raw",6594.0,1324.0,0.0
Poland,2012,"Pepper (Piper spp.), raw",5806.0,1632.0,0.0
Poland,2013,"Pepper (Piper spp.), raw",6284.0,1682.0,0.0
Poland,2015,"Pepper (Piper spp.), raw",6094.02,1944.78,0.0
Poland,2016,"Pepper (Piper spp.), raw",6157.29,1707.8,0.0
Poland,2017,"Pepper (Piper spp.), raw",6214.51,1770.9,0.0
Poland,2018,"Pepper (Piper spp.), raw",7250.91,1640.05,0.0
Poland,2020,"Pepper (Piper spp.), raw",7228.8,1797.29,0.0
Poland,2021,"Pepper (Piper spp.), raw",7795.42,1774.46,0.0
Poland,2022,"Pepper (Piper spp.), raw",7456.31,1757.19,0.0
Poland,2023,"Pepper (Piper spp.), raw",6431.09,1688.42,0.0
Portugal,1993,"Pepper (Piper spp.), raw",403.0,28.0,0.0
Portugal,1994,"Pepper (Piper spp.), raw",331.0,22.0,0.0
Portugal,1995,"Pepper (Piper spp.), raw",394.0,6.0,0.0
Portugal,1996,"Pepper (Piper spp.), raw",375.0,7.0,0.0
Portugal,1997,"Pepper (Piper spp.), raw",332.0,12.0,0.0
Portugal,1999,"Pepper (Piper spp.), raw",319.0,5.0,0.0
Portugal,2000,"Pepper (Piper spp.), raw",502.0,12.0,0.0
Portugal,2001,"Pepper (Piper spp.), raw",503.0,7.0,0.0
Portugal,2002,"Pepper (Piper spp.), raw",423.0,15.0,0.0
Portugal,2003,"Pepper (Piper spp.), raw",483.0,20.0,0.0
Portugal,2004,"Pepper (Piper spp.), raw",387.0,33.0,0.0
Portugal,2005,"Pepper (Piper spp.), raw",307.0,15.0,0.0
Portugal,2006,"Pepper (Piper spp.), raw",416.0,17.0,0.0
Portugal,2007,"Pepper (Piper spp.), raw",290.0,39.0,0.0
Portugal,2008,"Pepper (Piper spp.), raw",308.0,27.0,0.0
Portugal,2009,"Pepper (Piper spp.), raw",261.0,27.0,0.0
Portugal,2010,"Pepper (Piper spp.), raw",392.0,22.0,0.0
Portugal,2011,"Pepper (Piper spp.), raw",409.0,54.0,0.0
Portugal,2012,"Pepper (Piper spp.), raw",432.0,80.0,0.0
Portugal,2013,"Pepper (Piper spp.), raw",375.0,50.0,0.0
Portugal,2014,"Pepper (Piper spp.), raw",371.1,58.43,0.0
Portugal,2015,"Pepper (Piper spp.), raw",458.75,43.85,0.0
Portugal,2016,"Pepper (Piper spp.), raw",473.31,36.53,0.0
Portugal,2017,"Pepper (Piper spp.), raw",465.01,54.96,0.0
Portugal,2018,"Pepper (Piper spp.), raw",526.72,64.28,0.0
Portugal,2019,"Pepper (Piper spp.), raw",516.11,127.79,0.0
Portugal,2020,"Pepper (Piper spp.), raw",544.14,147.03,0.0
Portugal,2021,"Pepper (Piper spp.), raw",556.59,142.65,0.0
Portugal,2022,"Pepper (Piper spp.), raw",556.73,138.46,0.0
Qatar,1993,"Pepper (Piper spp.), raw",72.0,0.0,0.0
Qatar,1994,"Pepper (Piper spp.), raw",98.0,0.0,0.0
Qatar,1995,"Pepper (Piper spp.), raw",345.0,0.0,0.0
Qatar,1996,"Pepper (Piper spp.), raw",345.0,0.0,0.0
Qatar,1997,"Pepper (Piper spp.), raw",345.0,0.0,0.0
Qatar,1998,"Pepper (Piper spp.), raw",345.0,0.0,0.0
Qatar,1999,"Pepper (Piper spp.), raw",345.0,0.0,0.0
Qatar,2001,"Pepper (Piper spp.), raw",151.0,0.0,0.0
Qatar,2002,"Pepper (Piper spp.), raw",163.0,0.0,0.0
Qatar,2003,"Pepper (Piper spp.), raw",154.0,0.0,0.0
Qatar,2005,"Pepper (Piper spp.), raw",132.0,0.0,0.0
Qatar,2006,"Pepper (Piper spp.), raw",214.0,1.0,0.0
Qatar,2007,"Pepper (Piper spp.), raw",231.0,0.0,0.0
Qatar,2008,"Pepper (Piper spp.), raw",345.0,0.0,0.0
Qatar,2009,"Pepper (Piper spp.), raw",345.0,0.0,0.0
Qatar,2010,"Pepper (Piper spp.), raw",413.0,0.0,0.0
Qatar,2011,"Pepper (Piper spp.), raw",780.0,0.0,0.0
Qatar,2012,"Pepper (Piper spp.), raw",1147.0,0.0,0.0
Qatar,2013,"Pepper (Piper spp.), raw",1514.0,0.0,0.0
Qatar,2014,"Pepper (Piper spp.), raw",974.9,0.0,0.0
Qatar,2016,"Pepper (Piper spp.), raw",1416.02,0.0,0.0
Qatar,2017,"Pepper (Piper spp.), raw",1478.4,0.0,0.0
Qatar,2018,"Pepper (Piper spp.), raw",680.51,0.0,0.0
Qatar,2019,"Pepper (Piper spp.), raw",631.42,0.0,0.0
Qatar,2020,"Pepper (Piper spp.), raw",986.16,0.0,0.0
Qatar,2021,"Pepper (Piper spp.), raw",526.39,0.0,0.0
Qatar,2022,"Pepper (Piper spp.), raw",753.04,0.0,0.0
Qatar,2023,"Pepper (Piper spp.), raw",655.16,0.0,0.0
Republic of Korea,1993,"Pepper (Piper spp.), raw",3138.0,1.0,0.0
Republic of Korea,1994,"Pepper (Piper spp.), raw",3037.0,16.0,0.0
Republic of Korea,1995,"Pepper (Piper spp.), raw",2725.0,25.0,0.0
Republic of Korea,1996,"Pepper (Piper spp.), raw",3266.0,64.0,0.0
Republic of Korea,1997,"Pepper (Piper spp.), raw",3384.0,41.0,0.0
Republic of Korea,1999,"Pepper (Piper spp.), raw",3010.0,49.0,0.0
Republic of Korea,2000,"Pepper (Piper spp.), raw",3176.61,72.21,0.0
Republic of Korea,2001,"Pepper (Piper spp.), raw",3648.0,80.0,0.0
Republic of Korea,2002,"Pepper (Piper spp.), raw",3378.0,117.0,0.0
Republic of Korea,2003,"Pepper (Piper spp.), raw",3576.0,42.0,0.0
Republic of Korea,2004,"Pepper (Piper spp.), raw",3584.0,74.0,0.0
Republic of Korea,2005,"Pepper (Piper spp.), raw",4065.0,39.0,0.0
Republic of Korea,2006,"Pepper (Piper spp.), raw",4526.0,98.0,0.0
Republic of Korea,2007,"Pepper (Piper spp.), raw",3320.0,23.0,0.0
Republic of Korea,2008,"Pepper (Piper spp.), raw",4007.0,24.0,0.0
Republic of Korea,2009,"Pepper (Piper spp.), raw",3927.0,11.0,0.0
Republic of Korea,2011,"Pepper (Piper spp.), raw",4337.0,9.0,0.0
Republic of Korea,2012,"Pepper (Piper spp.), raw",4455.0,23.0,0.0
Republic of Korea,2013,"Pepper (Piper spp.), raw",4334.0,28.0,0.0
Republic of Korea,2014,"Pepper (Piper spp.), raw",4785.87,40.93,0.0
Republic of Korea,2015,"Pepper (Piper spp.), raw",5397.08,45.16,0.0
Republic of Korea,2016,"Pepper (Piper spp.), raw",5470.35,38.08,0.0
Republic of Korea,2017,"Pepper (Piper spp.), raw",6152.57,86.38,0.0
Republic of Korea,2018,"Pepper (Piper spp.), raw",5607.11,95.07,0.0
Republic of Korea,2019,"Pepper (Piper spp.), raw",6566.89,76.3,0.0
Republic of Korea,2020,"Pepper (Piper spp.), raw",7758.7,146.37,0.0
Republic of Korea,2021,"Pepper (Piper spp.), raw",6881.72,95.88,0.0
Republic of Korea,2022,"Pepper (Piper spp.), raw",7191.73,89.04,0.0
Republic of Moldova,1994,"Pepper (Piper spp.), raw",20.0,0.0,0.0
Republic of Moldova,1995,"Pepper (Piper spp.), raw",27.0,6.0,0.0
Republic of Moldova,1996,"Pepper (Piper spp.), raw",10.0,3.0,0.0
Republic of Moldova,1997,"Pepper (Piper spp.), raw",7.0,0.0,0.0
Republic of Moldova,1999,"Pepper (Piper spp.), raw",5.0,0.0,0.0
Republic of Moldova,2000,"Pepper (Piper spp.), raw",8.0,0.0,0.0
Republic of Moldova,2001,"Pepper (Piper spp.), raw",19.0,0.0,0.0
Republic of Moldova,2002,"Pepper (Piper spp.), raw",25.0,0.0,0.0
Republic of Moldova,2003,"Pepper (Piper spp.), raw",65.0,0.0,0.0
Republic of Moldova,2004,"Pepper (Piper spp.), raw",128.0,0.0,0.0
Republic of Moldova,2005,"Pepper (Piper spp.), raw",130.0,0.0,0.0
Republic of Moldova,2006,"Pepper (Piper spp.), raw",157.0,0.0,0.0
Republic of Moldova,2007,"Pepper (Piper spp.), raw",113.0,0.0,0.0
Republic of Moldova,2008,"Pepper (Piper spp.), raw",130.0,0.0,0.0
Republic of Moldova,2009,"Pepper (Piper spp.), raw",144.0,0.0,0.0
Republic of Moldova,2010,"Pepper (Piper spp.), raw",140.0,0.0,0.0
Republic of Moldova,2012,"Pepper (Piper spp.), raw",154.0,0.0,0.0
Republic of Moldova,2013,"Pepper (Piper spp.), raw",121.0,0.0,0.0
Republic of Moldova,2014,"Pepper (Piper spp.), raw",138.69,0.0,0.0
Republic of Moldova,2015,"Pepper (Piper spp.), raw",161.95,0.02,0.0
Republic of Moldova,2017,"Pepper (Piper spp.), raw",119.34,0.14,0.0
Republic of Moldova,2018,"Pepper (Piper spp.), raw",155.19,4.32,0.0
Republic of Moldova,2019,"Pepper (Piper spp.), raw",194.74,0.0,0.0
Republic of Moldova,2020,"Pepper (Piper spp.), raw",167.4,1.95,0.0
Republic of Moldova,2021,"Pepper (Piper spp.), raw",199.51,0.23,0.0
Republic of Moldova,2022,"Pepper (Piper spp.), raw",168.89,0.86,0.0
Romania,1993,"Pepper (Piper spp.), raw",953.0,0.0,0.0
Romania,1994,"Pepper (Piper spp.), raw",391.0,0.0,0.0
Romania,1995,"Pepper (Piper spp.), raw",1193.0,0.0,0.0
Romania,1996,"Pepper (Piper spp.), raw",563.0,3.0,0.0
Romania,1997,"Pepper (Piper spp.), raw",978.0,0.0,0.0
Romania,1998,"Pepper (Piper spp.), raw",1256.0,0.0,0.0
Romania,1999,"Pepper (Piper spp.), raw",742.0,6.0,0.0
Romania,2000,"Pepper (Piper spp.), raw",1276.0,10.0,0.0
Romania,2001,"Pepper (Piper spp.), raw",1130.0,0.0,0.0
Romania,2002,"Pepper (Piper spp.), raw",1381.0,2.0,0.0
Romania,2003,"Pepper (Piper spp.), raw",1606.0,10.0,0.0
Romania,2004,"Pepper (Piper spp.), raw",1795.0,14.0,0.0
Romania,2005,"Pepper (Piper spp.), raw",1719.0,2.0,0.0
Romania,2006,"Pepper (Piper spp.), raw",1862.0,5.0,0.0
Romania,2007,"Pepper (Piper spp.), raw",1132.0,3.0,0.0
Romania,2008,"Pepper (Piper spp.), raw",1367.0,5.0,0.0
Romania,2009,"Pepper (Piper spp.), raw",1442.0,64.0,0.0
Romania,2010,"Pepper (Piper spp.), raw",1430.0,21.0,0.0
Romania,2012,"Pepper (Piper spp.), raw",1476.0,61.0,0.0
Romania,2013,"Pepper (Piper spp.), raw",1345.0,62.0,0.0
Romania,2014,"Pepper (Piper spp.), raw",1524.4,127.67,0.0
Romania,2015,"Pepper (Piper spp.), raw",1632.41,112.99,0.0
Romania,2016,"Pepper (Piper spp.), raw",2032.24,343.67,0.0
Romania,2017,"Pepper (Piper spp.), raw",1970.48,358.66,0.0
Romania,2018,"Pepper (Piper spp.), raw",2042.89,398.5,0.0
Romania,2019,"Pepper (Piper spp.), raw",2062.98,257.32,0.0
Romania,2020,"Pepper (Piper spp.), raw",2326.7,549.24,0.0
Romania,2021,"Pepper (Piper spp.), raw",2676.37,670.39,0.0
Romania,2022,"Pepper (Piper spp.), raw",2407.03,510.37,0.0
Romania,2023,"Pepper (Piper spp.), raw",2391.25,865.45,0.0
Russian Federation,1993,"Pepper (Piper spp.), raw",7100.0,0.0,0.0
Russian Federation,1994,"Pepper (Piper spp.), raw",6800.0,0.0,0.0
Russian Federation,1995,"Pepper (Piper spp.), raw",5025.0,120.0,0.0
Russian Federation,1996,"Pepper (Piper spp.), raw",4664.0,87.0,0.0
Russian Federation,1997,"Pepper (Piper spp.), raw",5000.0,350.0,0.0
Russian Federation,1998,"Pepper (Piper spp.), raw",4729.0,85.0,0.0
Russian Federation,1999,"Pepper (Piper spp.), raw",4915.0,82.0,0.0
Russian Federation,2001,"Pepper (Piper spp.), raw",5330.0,230.0,0.0
Russian Federation,2002,"Pepper (Piper spp.), raw",7194.0,282.0,0.0
Russian Federation,2003,"Pepper (Piper spp.), raw",6956.0,255.0,0.0
Russian Federation,2004,"Pepper (Piper spp.), raw",7698.0,296.0,0.0
Russian Federation,2005,"Pepper (Piper spp.), raw",9356.0,299.0,0.0
Russian Federation,2006,"Pepper (Piper spp.), raw",10099.0,281.0,0.0
Russian Federation,2007,"Pepper (Piper spp.), raw",7473.0,287.0,0.0
Russian Federation,2008,"Pepper (Piper spp.), raw",9589.0,271.0,0.0
Russian Federation,2009,"Pepper (Piper spp.), raw",9358.0,210.0,0.0
Russian Federation,2010,"Pepper (Piper spp.), raw",10244.0,112.0,0.0
Russian Federation,2011,"Pepper (Piper spp.), raw",8603.0,56.0,0.0
Russian Federation,2012,"Pepper (Piper spp.), raw",9705.0,383.0,0.0
Russian Federation,2013,"Pepper (Piper spp.), raw",9797.0,476.0,0.0
Russian Federation,2014,"Pepper (Piper spp.), raw",7995.53,558.63,0.0
Russian Federation,2015,"Pepper (Piper spp.), raw",6922.29,498.59,0.0
Russian Federation,2016,"Pepper (Piper spp.), raw",7699.38,532.07,0.0
Russian Federation,2017,"Pepper (Piper spp.), raw",8204.25,601.18,0.0
Russian Federation,2018,"Pepper (Piper spp.), raw",8047.45,632.9,0.0
Russian Federation,2019,"Pepper (Piper spp.), raw",10305.86,728.13,0.0
Russian Federation,2020,"Pepper (Piper spp.), raw",9867.0,979.19,0.0
Russian Federation,2021,"Pepper (Piper spp.), raw",9269.99,1463.48,0.0
Russian Federation,2022,"Pepper (Piper spp.), raw",1959.61,445.51,0.0
Russian Federation,2023,"Pepper (Piper spp.), raw",1596.11,368.86,0.0
Rwanda,1993,"Pepper (Piper spp.), raw",0.0,0.0,0.0
Rwanda,1994,"Pepper (Piper spp.), raw",0.0,0.0,0.0
Rwanda,1995,"Pepper (Piper spp.), raw",0.0,0.0,0.0
Rwanda,1997,"Pepper (Piper spp.), raw",0.0,0.0,0.0
Rwanda,1998,"Pepper (Piper spp.), raw",0.0,0.0,0.0
Rwanda,2000,"Pepper (Piper spp.), raw",0.0,0.0,1000.0
Rwanda,2001,"Pepper (Piper spp.), raw",0.0,0.0,1200.0
Rwanda,2002,"Pepper (Piper spp.), raw",0.0,0.0,1400.0
Rwanda,2003,"Pepper (Piper spp.), raw",0.0,0.0,1600.0
Rwanda,2004,"Pepper (Piper spp.), raw",0.0,0.0,1800.0
Rwanda,2005,"Pepper (Piper spp.), raw",0.0,0.0,2000.0
Rwanda,2006,"Pepper (Piper spp.), raw",0.0,6.0,2200.0
Rwanda,2007,"Pepper (Piper spp.), raw",0.0,0.0,2400.0
Rwanda,2008,"Pepper (Piper spp.), raw",0.0,1.0,2600.0
Rwanda,2010,"Pepper (Piper spp.), raw",4.0,14.0,2500.0
Rwanda,2011,"Pepper (Piper spp.), raw",9.0,6.0,2750.0
Rwanda,2012,"Pepper (Piper spp.), raw",77.0,6.0,2800.0
Rwanda,2013,"Pepper (Piper spp.), raw",50.0,4.0,2512.71
Rwanda,2014,"Pepper (Piper spp.), raw",74.46,2.87,2531.7
Rwanda,2015,"Pepper (Piper spp.), raw",14.59,87.42,2584.18
Rwanda,2016,"Pepper (Piper spp.), raw",40.51,95.77,2534.83
Rwanda,2017,"Pepper (Piper spp.), raw",26.91,112.56,2509.89
Rwanda,2018,"Pepper (Piper spp.), raw",24.9,232.05,2539.7
Rwanda,2019,"Pepper (Piper spp.), raw",8.59,453.0,2583.95
Rwanda,2020,"Pepper (Piper spp.), raw",3.81,869.19,2596.91
Rwanda,2023,"Pepper (Piper spp.), raw",5.39,0.33,2820.13
Saint Kitts and Nevis,1993,"Pepper (Piper spp.), raw",0.0,0.0,0.0
Saint Kitts and Nevis,1994,"Pepper (Piper spp.), raw",0.0,0.0,0.0
Saint Kitts and Nevis,1995,"Pepper (Piper spp.), raw",3.0,0.0,0.0
Saint Kitts and Nevis,1996,"Pepper (Piper spp.), raw",3.0,0.0,0.0
Saint Kitts and Nevis,1997,"Pepper (Piper spp.), raw",2.0,0.0,0.0
Saint Kitts and Nevis,1998,"Pepper (Piper spp.), raw",2.0,0.0,0.0
Saint Kitts and Nevis,1999,"Pepper (Piper spp.), raw",2.0,0.0,0.0
Saint Kitts and Nevis,2000,"Pepper (Piper spp.), raw",4.0,0.0,0.0
Saint Kitts and Nevis,2001,"Pepper (Piper spp.), raw",5.0,0.0,0.0
Saint Kitts and Nevis,2002,"Pepper (Piper spp.), raw",4.0,0.0,0.0
Saint Kitts and Nevis,2003,"Pepper (Piper spp.), raw",5.0,0.0,0.0
Saint Kitts and Nevis,2004,"Pepper (Piper spp.), raw",5.0,0.0,0.0
Saint Kitts and Nevis,2005,"Pepper (Piper spp.), raw",4.0,0.0,0.0
Saint Kitts and Nevis,2006,"Pepper (Piper spp.), raw",6.0,0.0,0.0
Saint Kitts and Nevis,2007,"Pepper (Piper spp.), raw",6.0,0.0,0.0
Saint Kitts and Nevis,2009,"Pepper (Piper spp.), raw",1.0,0.0,0.0
Saint Kitts and Nevis,2010,"Pepper (Piper spp.), raw",1.0,0.0,0.0
Saint Kitts and Nevis,2011,"Pepper (Piper spp.), raw",0.0,0.0,0.0
Saint Kitts and Nevis,2012,"Pepper (Piper spp.), raw",0.0,0.0,0.0
Saint Kitts and Nevis,2013,"Pepper (Piper spp.), raw",0.0,0.0,0.0
Saint Kitts and Nevis,2015,"Pepper (Piper spp.), raw",8.4,0.0,0.0
Saint Kitts and Nevis,2016,"Pepper (Piper spp.), raw",19.19,0.0,0.0
Saint Kitts and Nevis,2017,"Pepper (Piper spp.), raw",18.29,0.0,0.0
Saint Kitts and Nevis,2018,"Pepper (Piper spp.), raw",3.89,0.0,0.0
Saint Kitts and Nevis,2019,"Pepper (Piper spp.), raw",4.95,0.0,0.0
Saint Kitts and Nevis,2020,"Pepper (Piper spp.), raw",5.84,0.0,0.0
Saint Kitts and Nevis,2021,"Pepper (Piper spp.), raw",4.31,0.0,0.0
Saint Kitts and Nevis,2022,"Pepper (Piper spp.), raw",5.46,0.0,0.0
Saint Kitts and Nevis,2023,"Pepper (Piper spp.), raw",0.16,0.0,0.0
Saint Lucia,1993,"Pepper (Piper spp.), raw",15.0,95.0,100.0
Saint Lucia,1994,"Pepper (Piper spp.), raw",9.0,167.0,160.0
Saint Lucia,1995,"Pepper (Piper spp.), raw",13.0,233.0,263.0
Saint Lucia,1996,"Pepper (Piper spp.), raw",11.0,141.0,196.0
Saint Lucia,1997,"Pepper (Piper spp.), raw",8.0,184.0,200.0
Saint Lucia,1998,"Pepper (Piper spp.), raw",5.0,217.0,250.0
Saint Lucia,1999,"Pepper (Piper spp.), raw",7.0,142.0,250.0
Saint Lucia,2000,"Pepper (Piper spp.), raw",10.0,149.0,250.0
Saint Lucia,2001,"Pepper (Piper spp.), raw",4.0,306.0,350.0
Saint Lucia,2002,"Pepper (Piper spp.), raw",3.0,249.0,450.0
Saint Lucia,2003,"Pepper (Piper spp.), raw",9.0,157.0,350.0
Saint Lucia,2004,"Pepper (Piper spp.), raw",7.0,144.0,279.0
Saint Lucia,2005,"Pepper (Piper spp.), raw",6.0,44.0,140.0
Saint Lucia,2006,"Pepper (Piper spp.), raw",8.0,45.0,110.0
Saint Lucia,2007,"Pepper (Piper spp.), raw",9.0,41.0,121.0
Saint Lucia,2008,"Pepper (Piper spp.), raw",11.0,27.0,172.0
Saint Lucia,2009,"Pepper (Piper spp.), raw",5.0,26.0,190.0
Saint Lucia,2010,"Pepper (Piper spp.), raw",4.0,26.0,185.7
Saint Lucia,2011,"Pepper (Piper spp.), raw",8.0,18.0,182.97
Saint Lucia,2012,"Pepper (Piper spp.), raw",2.0,8.0,178.5
Saint Lucia,2013,"Pepper (Piper spp.), raw",3.0,12.0,179.7
Saint Lucia,2014,"Pepper (Piper spp.), raw",20.52,16.2,180.43
Saint Lucia,2015,"Pepper (Piper spp.), raw",5.48,9.51,180.8
Saint Lucia,2017,"Pepper (Piper spp.), raw",22.01,25.86,64.9
Saint Lucia,2018,"Pepper (Piper spp.), raw",20.16,19.11,1.3
Saint Lucia,2019,"Pepper (Piper spp.), raw",20.15,7.52,1.7
Saint Lucia,2020,"Pepper (Piper spp.), raw",16.1,15.84,1.6
Saint Lucia,2021,"Pepper (Piper spp.), raw",3.0,12.45,4.0
Saint Lucia,2023,"Pepper (Piper spp.), raw",1.94,10.65,11.0
Saint Vincent and the Grenadines,1993,"Pepper (Piper spp.), raw",11.0,0.0,0.0
Saint Vincent and the Grenadines,1994,"Pepper (Piper spp.), raw",10.0,0.0,0.0
Saint Vincent and the Grenadines,1995,"Pepper (Piper spp.), raw",5.0,0.0,0.0
Saint Vincent and the Grenadines,1996,"Pepper (Piper spp.), raw",8.0,1.0,0.0
Saint Vincent and the Grenadines,1998,"Pepper (Piper spp.), raw",10.0,0.0,0.0
Saint Vincent and the Grenadines,1999,"Pepper (Piper spp.), raw",10.0,0.0,0.0
Saint Vincent and the Grenadines,2000,"Pepper (Piper spp.), raw",0.0,0.0,0.0
Saint Vincent and the Grenadines,2001,"Pepper (Piper spp.), raw",4.0,0.0,0.0
Saint Vincent and the Grenadines,2002,"Pepper (Piper spp.), raw",10.0,208.0,0.0
Saint Vincent and the Grenadines,2003,"Pepper (Piper spp.), raw",10.0,518.0,0.0
Saint Vincent and the Grenadines,2004,"Pepper (Piper spp.), raw",9.0,238.0,0.0
Saint Vincent and the Grenadines,2005,"Pepper (Piper spp.), raw",7.0,27.0,0.0
Saint Vincent and the Grenadines,2007,"Pepper (Piper spp.), raw",10.0,8.0,0.0
Saint Vincent and the Grenadines,2008,"Pepper (Piper spp.), raw",18.0,0.0,0.0
Saint Vincent and the Grenadines,2009,"Pepper (Piper spp.), raw",15.0,0.0,0.0
Saint Vincent and the Grenadines,2010,"Pepper (Piper spp.), raw",12.0,0.0,0.0
Saint Vincent and the Grenadines,2011,"Pepper (Piper spp.), raw",0.0,0.0,0.0
Saint Vincent and the Grenadines,2012,"Pepper (Piper spp.), raw",0.0,0.0,0.0
Saint Vincent and the Grenadines,2013,"Pepper (Piper spp.), raw",0.0,0.0,0.0
Saint Vincent and the Grenadines,2014,"Pepper (Piper spp.), raw",13.03,0.76,0.0
Saint Vincent and the Grenadines,2015,"Pepper (Piper spp.), raw",13.69,0.0,0.0
Saint Vincent and the Grenadines,2016,"Pepper (Piper spp.), raw",14.61,0.3,0.0
Saint Vincent and the Grenadines,2017,"Pepper (Piper spp.), raw",4.39,11.41,0.0
Saint Vincent and the Grenadines,2019,"Pepper (Piper spp.), raw",10.85,0.81,0.0
Saint Vincent and the Grenadines,2020,"Pepper (Piper spp.), raw",6.06,5.93,0.0
Saint Vincent and the Grenadines,2021,"Pepper (Piper spp.), raw",6.18,0.52,0.0
Saint Vincent and the Grenadines,2022,"Pepper (Piper spp.), raw",0.82,10.47,0.0
Saint Vincent and the Grenadines,2023,"Pepper (Piper spp.), raw",0.27,17.17,0.0
Samoa,1993,"Pepper (Piper spp.), raw",3.0,0.0,6.0
Samoa,1994,"Pepper (Piper spp.), raw",3.0,0.0,6.0
Samoa,1995,"Pepper (Piper spp.), raw",1.0,0.0,6.0
Samoa,1997,"Pepper (Piper spp.), raw",0.0,0.0,6.07
Samoa,1998,"Pepper (Piper spp.), raw",3.0,0.0,6.13
Samoa,1999,"Pepper (Piper spp.), raw",2.0,0.0,6.2
Samoa,2000,"Pepper (Piper spp.), raw",1.0,0.0,6.23
Samoa,2001,"Pepper (Piper spp.), raw",1.0,0.0,7.0
Samoa,2002,"Pepper (Piper spp.), raw",2.0,0.0,8.0
Samoa,2003,"Pepper (Piper spp.), raw",2.0,0.0,8.0
Samoa,2004,"Pepper (Piper spp.), raw",4.0,0.0,7.0
Samoa,2005,"Pepper (Piper spp.), raw",18.0,0.0,7.0
Samoa,2006,"Pepper (Piper spp.), raw",18.0,0.0,10.0
Samoa,2007,"Pepper (Piper spp.), raw",30.0,0.0,10.0
Samoa,2008,"Pepper (Piper spp.), raw",26.0,0.0,10.0
Samoa,2010,"Pepper (Piper spp.), raw",5.0,0.0,10.0
Samoa,2011,"Pepper (Piper spp.), raw",10.0,0.0,10.0
Samoa,2012,"Pepper (Piper spp.), raw",21.0,0.0,10.0
Samoa,2013,"Pepper (Piper spp.), raw",26.0,0.0,10.46
Samoa,2014,"Pepper (Piper spp.), raw",40.81,0.0,10.99
Samoa,2016,"Pepper (Piper spp.), raw",22.93,0.0,10.95
Samoa,2017,"Pepper (Piper spp.), raw",11.99,0.0,11.13
Samoa,2018,"Pepper (Piper spp.), raw",15.88,0.0,11.49
Samoa,2020,"Pepper (Piper spp.), raw",7.04,0.0,11.27
Samoa,2021,"Pepper (Piper spp.), raw",5.04,0.0,11.32
Samoa,2022,"Pepper (Piper spp.), raw",4.0,0.0,11.26
Samoa,2023,"Pepper (Piper spp.), raw",5.38,0.0,11.28
Sao Tome and Principe,2003,"Pepper (Piper spp.), raw",2.0,0.0,0.0
Sao Tome and Principe,2005,"Pepper (Piper spp.), raw",2.0,0.0,0.0
Sao Tome and Principe,2006,"Pepper (Piper spp.), raw",1.0,0.0,0.0
Sao Tome and Principe,2007,"Pepper (Piper spp.), raw",1.0,0.0,0.0
Sao Tome and Principe,2008,"Pepper (Piper spp.), raw",2.0,0.0,0.0
Sao Tome and Principe,2009,"Pepper (Piper spp.), raw",1.0,0.0,0.0
Sao Tome and Principe,2010,"Pepper (Piper spp.), raw",3.0,0.0,0.0
Sao Tome and Principe,2011,"Pepper (Piper spp.), raw",1.0,0.0,0.0
Sao Tome and Principe,2012,"Pepper (Piper spp.), raw",3.0,8.0,0.0
Sao Tome and Principe,2013,"Pepper (Piper spp.), raw",2.0,2.0,0.0
Sao Tome and Principe,2014,"Pepper (Piper spp.), raw",2.28,9.71,0.0
Sao Tome and Principe,2015,"Pepper (Piper spp.), raw",0.61,0.39,0.0
Sao Tome and Principe,2016,"Pepper (Piper spp.), raw",1.67,12.01,0.0
Sao Tome and Principe,2017,"Pepper (Piper spp.), raw",0.64,13.89,0.0
Sao Tome and Principe,2019,"Pepper (Piper spp.), raw",0.92,20.23,0.0
Sao Tome and Principe,2020,"Pepper (Piper spp.), raw",0.54,15.74,0.0
Sao Tome and Principe,2021,"Pepper (Piper spp.), raw",0.75,0.0,0.0
Sao Tome and Principe,2022,"Pepper (Piper spp.), raw",0.41,0.16,0.0
Sao Tome and Principe,2023,"Pepper (Piper spp.), raw",1.17,0.01,0.0
Saudi Arabia,1993,"Pepper (Piper spp.), raw",1807.0,54.0,0.0
Saudi Arabia,1994,"Pepper (Piper spp.), raw",1705.0,30.0,0.0
Saudi Arabia,1995,"Pepper (Piper spp.), raw",3595.0,26.0,0.0
Saudi Arabia,1996,"Pepper (Piper spp.), raw",3545.0,85.0,0.0
Saudi Arabia,1997,"Pepper (Piper spp.), raw",3441.0,85.0,0.0
Saudi Arabia,1998,"Pepper (Piper spp.), raw",3561.0,66.0,0.0
Saudi Arabia,2000,"Pepper (Piper spp.), raw",3797.26,62.09,0.0
Saudi Arabia,2001,"Pepper (Piper spp.), raw",1858.0,69.0,0.0
Saudi Arabia,2002,"Pepper (Piper spp.), raw",3099.0,171.0,0.0
Saudi Arabia,2003,"Pepper (Piper spp.), raw",2669.0,172.0,0.0
Saudi Arabia,2004,"Pepper (Piper spp.), raw",3362.0,282.0,0.0
Saudi Arabia,2006,"Pepper (Piper spp.), raw",3522.0,124.0,0.0
Saudi Arabia,2007,"Pepper (Piper spp.), raw",4394.0,108.0,0.0
Saudi Arabia,2008,"Pepper (Piper spp.), raw",1834.0,45.0,0.0
Saudi Arabia,2009,"Pepper (Piper spp.), raw",2209.0,45.0,0.0
Saudi Arabia,2010,"Pepper (Piper spp.), raw",5780.0,254.0,0.0
Saudi Arabia,2011,"Pepper (Piper spp.), raw",6321.0,574.0,0.0
Saudi Arabia,2012,"Pepper (Piper spp.), raw",8110.0,614.0,0.0
Saudi Arabia,2013,"Pepper (Piper spp.), raw",6632.0,1205.0,0.0
Saudi Arabia,2014,"Pepper (Piper spp.), raw",7318.0,971.0,0.0
Saudi Arabia,2016,"Pepper (Piper spp.), raw",10416.0,74.0,0.0
Saudi Arabia,2017,"Pepper (Piper spp.), raw",10683.66,290.23,0.0
Saudi Arabia,2019,"Pepper (Piper spp.), raw",9404.49,10.11,0.0
Saudi Arabia,2020,"Pepper (Piper spp.), raw",9287.15,60.9,0.0
Saudi Arabia,2021,"Pepper (Piper spp.), raw",9322.45,138.64,0.0
Senegal,1993,"Pepper (Piper spp.), raw",1433.0,73.0,0.0
Senegal,1994,"Pepper (Piper spp.), raw",1000.0,45.0,0.0
Senegal,1995,"Pepper (Piper spp.), raw",885.0,28.0,0.0
Senegal,1996,"Pepper (Piper spp.), raw",766.0,28.0,0.0
Senegal,1997,"Pepper (Piper spp.), raw",238.0,10.0,0.0
Senegal,1998,"Pepper (Piper spp.), raw",75.0,9.0,0.0
Senegal,1999,"Pepper (Piper spp.), raw",206.0,14.0,0.0
Senegal,2000,"Pepper (Piper spp.), raw",303.37,8.03,0.0
Senegal,2001,"Pepper (Piper spp.), raw",551.0,2.0,0.0
Senegal,2002,"Pepper (Piper spp.), raw",1178.0,1.0,0.0
Senegal,2003,"Pepper (Piper spp.), raw",1470.0,0.0,0.0
Senegal,2004,"Pepper (Piper spp.), raw",1630.0,3.0,0.0
Senegal,2005,"Pepper (Piper spp.), raw",2452.0,1.0,0.0
Senegal,2006,"Pepper (Piper spp.), raw",1811.0,55.0,0.0
Senegal,2007,"Pepper (Piper spp.), raw",1070.0,66.0,0.0
Senegal,2008,"Pepper (Piper spp.), raw",1945.0,27.0,0.0
Senegal,2009,"Pepper (Piper spp.), raw",1803.0,0.0,0.0
Senegal,2010,"Pepper (Piper spp.), raw",845.0,0.0,0.0
Senegal,2011,"Pepper (Piper spp.), raw",1083.0,70.0,0.0
Senegal,2012,"Pepper (Piper spp.), raw",696.0,0.0,0.0
Senegal,2013,"Pepper (Piper spp.), raw",641.0,37.0,0.0
Senegal,2014,"Pepper (Piper spp.), raw",824.81,22.96,0.0
Senegal,2015,"Pepper (Piper spp.), raw",1259.35,13.64,0.0
Senegal,2016,"Pepper (Piper spp.), raw",1604.11,15.35,0.0
Senegal,2017,"Pepper (Piper spp.), raw",3094.08,195.03,0.0
Senegal,2018,"Pepper (Piper spp.), raw",3195.21,302.88,0.0
Senegal,2019,"Pepper (Piper spp.), raw",3028.77,167.2,0.0
Senegal,2020,"Pepper (Piper spp.), raw",1800.69,98.97,0.0
Senegal,2021,"Pepper (Piper spp.), raw",1016.52,67.36,0.0
Senegal,2022,"Pepper (Piper spp.), raw",729.27,44.91,0.0
Senegal,2023,"Pepper (Piper spp.), raw",1224.0,10.61,0.0
Serbia,2008,"Pepper (Piper spp.), raw",497.0,56.0,0.0
Serbia,2009,"Pepper (Piper spp.), raw",337.0,46.0,0.0
Serbia,2010,"Pepper (Piper spp.), raw",460.0,59.0,0.0
Serbia,2011,"Pepper (Piper spp.), raw",315.0,79.0,0.0
Serbia,2012,"Pepper (Piper spp.), raw",426.0,86.0,0.0
Serbia,2013,"Pepper (Piper spp.), raw",432.0,58.0,0.0
Serbia,2014,"Pepper (Piper spp.), raw",344.8,63.22,0.0
Serbia,2015,"Pepper (Piper spp.), raw",353.24,71.56,0.0
Serbia,2016,"Pepper (Piper spp.), raw",347.61,80.65,0.0
Serbia,2017,"Pepper (Piper spp.), raw",324.85,56.26,0.0
Serbia,2018,"Pepper (Piper spp.), raw",325.43,100.55,0.0
Serbia,2019,"Pepper (Piper spp.), raw",351.97,73.56,0.0
Serbia,2020,"Pepper (Piper spp.), raw",339.59,41.9,0.0
Serbia,2021,"Pepper (Piper spp.), raw",351.5,46.1,0.0
Serbia,2022,"Pepper (Piper spp.), raw",288.78,46.05,0.0
Serbia,2023,"Pepper (Piper spp.), raw",307.3,42.36,0.0
Serbia and Montenegro,1993,"Pepper (Piper spp.), raw",0.0,0.0,0.0
Serbia and Montenegro,1994,"Pepper (Piper spp.), raw",0.0,0.0,0.0
Serbia and Montenegro,1995,"Pepper (Piper spp.), raw",0.0,0.0,0.0
Serbia and Montenegro,1997,"Pepper (Piper spp.), raw",441.0,1.0,0.0
Serbia and Montenegro,1998,"Pepper (Piper spp.), raw",578.0,0.0,0.0
Serbia and Montenegro,2000,"Pepper (Piper spp.), raw",397.0,11.0,0.0
Serbia and Montenegro,2001,"Pepper (Piper spp.), raw",530.0,10.0,0.0
Serbia and Montenegro,2002,"Pepper (Piper spp.), raw",360.0,24.0,0.0
Serbia and Montenegro,2003,"Pepper (Piper spp.), raw",197.0,5.0,0.0
Serbia and Montenegro,2004,"Pepper (Piper spp.), raw",506.0,19.0,0.0
Seychelles,1994,"Pepper (Piper spp.), raw",18.0,0.0,0.0
Seychelles,1995,"Pepper (Piper spp.), raw",11.0,0.0,0.0
Seychelles,1996,"Pepper (Piper spp.), raw",15.0,0.0,0.0
Seychelles,1997,"Pepper (Piper spp.), raw",18.0,0.0,0.0
Seychelles,1998,"Pepper (Piper spp.), raw",20.0,1.0,0.0
Seychelles,1999,"Pepper (Piper spp.), raw",20.0,1.0,0.0
Seychelles,2000,"Pepper (Piper spp.), raw",14.57,0.0,0.0
Seychelles,2001,"Pepper (Piper spp.), raw",4.0,0.0,0.0
Seychelles,2002,"Pepper (Piper spp.), raw",10.0,0.0,0.0
Seychelles,2003,"Pepper (Piper spp.), raw",17.0,0.0,0.0
Seychelles,2004,"Pepper (Piper spp.), raw",12.0,0.0,0.0
Seychelles,2005,"Pepper (Piper spp.), raw",15.0,0.0,0.0
Seychelles,2006,"Pepper (Piper spp.), raw",18.0,0.0,0.0
Seychelles,2007,"Pepper (Piper spp.), raw",24.0,0.0,0.0
Seychelles,2008,"Pepper (Piper spp.), raw",13.0,0.0,0.0
Seychelles,2009,"Pepper (Piper spp.), raw",5.0,0.0,0.0
Seychelles,2010,"Pepper (Piper spp.), raw",4.0,0.0,0.0
Seychelles,2011,"Pepper (Piper spp.), raw",4.0,0.0,0.0
Seychelles,2012,"Pepper (Piper spp.), raw",2.0,0.0,0.0
Seychelles,2013,"Pepper (Piper spp.), raw",4.0,0.0,0.0
Seychelles,2014,"Pepper (Piper spp.), raw",18.38,0.0,0.0
Seychelles,2015,"Pepper (Piper spp.), raw",41.44,0.0,0.0
Seychelles,2016,"Pepper (Piper spp.), raw",44.1,0.0,0.0
Seychelles,2018,"Pepper (Piper spp.), raw",46.8,0.0,0.0
Seychelles,2020,"Pepper (Piper spp.), raw",38.17,0.0,0.0
Seychelles,2021,"Pepper (Piper spp.), raw",55.11,0.0,0.0
Seychelles,2022,"Pepper (Piper spp.), raw",51.49,0.0,0.0
Seychelles,2023,"Pepper (Piper spp.), raw",62.17,0.0,0.0
Sierra Leone,1993,"Pepper (Piper spp.), raw",0.0,0.0,0.0
Sierra Leone,1994,"Pepper (Piper spp.), raw",0.0,0.0,0.0
Sierra Leone,1995,"Pepper (Piper spp.), raw",0.0,0.0,0.0
Sierra Leone,1996,"Pepper (Piper spp.), raw",0.0,0.0,0.0
Sierra Leone,1997,"Pepper (Piper spp.), raw",0.0,0.0,0.0
Sierra Leone,1998,"Pepper (Piper spp.), raw",0.0,0.0,0.0
Sierra Leone,1999,"Pepper (Piper spp.), raw",0.0,0.0,0.0
Sierra Leone,2000,"Pepper (Piper spp.), raw",0.0,0.0,0.0
Sierra Leone,2001,"Pepper (Piper spp.), raw",0.0,0.0,0.0
Sierra Leone,2002,"Pepper (Piper spp.), raw",8.0,0.0,0.0
Sierra Leone,2003,"Pepper (Piper spp.), raw",2.0,0.0,0.0
Sierra Leone,2004,"Pepper (Piper spp.), raw",0.0,0.0,0.0
Sierra Leone,2006,"Pepper (Piper spp.), raw",0.0,0.0,0.0
Sierra Leone,2007,"Pepper (Piper spp.), raw",0.0,0.0,0.0
Sierra Leone,2008,"Pepper (Piper spp.), raw",0.0,0.0,0.0
Sierra Leone,2009,"Pepper (Piper spp.), raw",0.0,0.0,0.0
Sierra Leone,2010,"Pepper (Piper spp.), raw",0.0,0.0,0.0
Sierra Leone,2011,"Pepper (Piper spp.), raw",0.0,0.0,0.0
Sierra Leone,2012,"Pepper (Piper spp.), raw",0.0,0.0,0.0
Sierra Leone,2013,"Pepper (Piper spp.), raw",1.0,0.0,0.0
Sierra Leone,2014,"Pepper (Piper spp.), raw",0.79,0.0,0.0
Sierra Leone,2015,"Pepper (Piper spp.), raw",2.22,0.89,0.0
Sierra Leone,2016,"Pepper (Piper spp.), raw",1.08,0.05,0.0
Sierra Leone,2017,"Pepper (Piper spp.), raw",4.52,0.0,0.0
Sierra Leone,2019,"Pepper (Piper spp.), raw",3.93,15.01,0.0
Sierra Leone,2020,"Pepper (Piper spp.), raw",0.37,0.1,0.0
Sierra Leone,2021,"Pepper (Piper spp.), raw",2.79,0.11,0.0
Sierra Leone,2022,"Pepper (Piper spp.), raw",1.13,11.56,0.0
Sierra Leone,2023,"Pepper (Piper spp.), raw",0.47,0.02,0.0
Singapore,1993,"Pepper (Piper spp.), raw",21671.0,33092.0,0.0
Singapore,1994,"Pepper (Piper spp.), raw",25898.0,35396.0,0.0
Singapore,1995,"Pepper (Piper spp.), raw",17123.0,46834.0,0.0
Singapore,1996,"Pepper (Piper spp.), raw",27322.0,38398.0,0.0
Singapore,1997,"Pepper (Piper spp.), raw",31149.0,48909.0,0.0
Singapore,1998,"Pepper (Piper spp.), raw",21187.0,41714.0,0.0
Singapore,1999,"Pepper (Piper spp.), raw",29371.0,45681.0,0.0
Singapore,2000,"Pepper (Piper spp.), raw",23110.77,50082.71,0.0
Singapore,2001,"Pepper (Piper spp.), raw",11164.0,41025.0,0.0
Singapore,2002,"Pepper (Piper spp.), raw",10613.0,32095.0,0.0
Singapore,2003,"Pepper (Piper spp.), raw",11350.0,23267.0,0.0
Singapore,2004,"Pepper (Piper spp.), raw",10316.0,17659.0,0.0
Singapore,2005,"Pepper (Piper spp.), raw",12936.0,12190.0,0.0
Singapore,2007,"Pepper (Piper spp.), raw",13154.0,16007.0,0.0
Singapore,2008,"Pepper (Piper spp.), raw",13144.0,12363.0,0.0
Singapore,2009,"Pepper (Piper spp.), raw",12437.0,9570.0,0.0
Singapore,2010,"Pepper (Piper spp.), raw",10130.0,9777.0,0.0
Singapore,2011,"Pepper (Piper spp.), raw",11923.0,9119.0,0.0
Singapore,2012,"Pepper (Piper spp.), raw",11936.0,12504.0,0.0
Singapore,2013,"Pepper (Piper spp.), raw",20254.0,18603.0,0.0
Singapore,2014,"Pepper (Piper spp.), raw",27004.58,25405.41,0.0
Singapore,2015,"Pepper (Piper spp.), raw",20177.16,19088.11,0.0
Singapore,2016,"Pepper (Piper spp.), raw",6452.02,5485.38,0.0
Singapore,2017,"Pepper (Piper spp.), raw",5583.21,3858.69,0.0
Singapore,2018,"Pepper (Piper spp.), raw",5783.52,4807.48,0.0
Singapore,2019,"Pepper (Piper spp.), raw",2752.74,2022.72,0.0
Singapore,2020,"Pepper (Piper spp.), raw",3568.41,1731.06,0.0
Singapore,2021,"Pepper (Piper spp.), raw",2863.83,1528.8,0.0
Singapore,2022,"Pepper (Piper spp.), raw",2474.49,1243.58,0.0
Singapore,2023,"Pepper (Piper spp.), raw",2428.37,1359.42,0.0
Slovakia,1993,"Pepper (Piper spp.), raw",493.0,78.0,0.0
Slovakia,1994,"Pepper (Piper spp.), raw",548.0,70.0,0.0
Slovakia,1995,"Pepper (Piper spp.), raw",495.0,38.0,0.0
Slovakia,1996,"Pepper (Piper spp.), raw",526.0,8.0,0.0
Slovakia,1997,"Pepper (Piper spp.), raw",534.0,48.0,0.0
Slovakia,1998,"Pepper (Piper spp.), raw",408.0,12.0,0.0
Slovakia,1999,"Pepper (Piper spp.), raw",492.0,11.0,0.0
Slovakia,2000,"Pepper (Piper spp.), raw",450.0,2.0,0.0
Slovakia,2001,"Pepper (Piper spp.), raw",485.0,23.0,0.0
Slovakia,2002,"Pepper (Piper spp.), raw",447.0,64.0,0.0
Slovakia,2003,"Pepper (Piper spp.), raw",570.0,59.0,0.0
Slovakia,2004,"Pepper (Piper spp.), raw",581.0,92.0,0.0
Slovakia,2005,"Pepper (Piper spp.), raw",562.0,142.0,0.0
Slovakia,2006,"Pepper (Piper spp.), raw",615.0,82.0,0.0
Slovakia,2008,"Pepper (Piper spp.), raw",552.0,127.0,0.0
Slovakia,2009,"Pepper (Piper spp.), raw",578.0,33.0,0.0
Slovakia,2010,"Pepper (Piper spp.), raw",491.0,192.0,0.0
Slovakia,2011,"Pepper (Piper spp.), raw",740.0,279.0,0.0
Slovakia,2012,"Pepper (Piper spp.), raw",707.0,203.0,0.0
Slovakia,2014,"Pepper (Piper spp.), raw",766.6,275.56,0.0
Slovakia,2015,"Pepper (Piper spp.), raw",745.43,249.2,0.0
Slovakia,2016,"Pepper (Piper spp.), raw",611.56,141.91,0.0
Slovakia,2017,"Pepper (Piper spp.), raw",738.49,214.6,0.0
Slovakia,2018,"Pepper (Piper spp.), raw",526.27,140.34,0.0
Slovakia,2019,"Pepper (Piper spp.), raw",437.21,110.95,0.0
Slovakia,2020,"Pepper (Piper spp.), raw",768.88,130.65,0.0
Slovakia,2021,"Pepper (Piper spp.), raw",527.97,184.37,0.0
Slovakia,2022,"Pepper (Piper spp.), raw",817.08,254.66,0.0
Slovakia,2023,"Pepper (Piper spp.), raw",389.75,241.14,0.0
Slovenia,1993,"Pepper (Piper spp.), raw",302.0,64.0,0.0
Slovenia,1994,"Pepper (Piper spp.), raw",270.0,36.0,0.0
Slovenia,1995,"Pepper (Piper spp.), raw",200.0,38.0,0.0
Slovenia,1996,"Pepper (Piper spp.), raw",311.0,46.0,0.0
Slovenia,1998,"Pepper (Piper spp.), raw",227.0,33.0,0.0
Slovenia,1999,"Pepper (Piper spp.), raw",170.0,26.0,0.0
Slovenia,2001,"Pepper (Piper spp.), raw",226.0,17.0,0.0
Slovenia,2002,"Pepper (Piper spp.), raw",243.0,22.0,0.0
Slovenia,2003,"Pepper (Piper spp.), raw",206.0,10.0,0.0
Slovenia,2004,"Pepper (Piper spp.), raw",231.0,13.0,0.0
Slovenia,2005,"Pepper (Piper spp.), raw",181.0,26.0,0.0
Slovenia,2006,"Pepper (Piper spp.), raw",195.0,11.0,0.0
Slovenia,2007,"Pepper (Piper spp.), raw",217.0,27.0,0.0
Slovenia,2008,"Pepper (Piper spp.), raw",190.0,29.0,0.0
Slovenia,2009,"Pepper (Piper spp.), raw",171.0,7.0,0.0
Slovenia,2010,"Pepper (Piper spp.), raw",181.0,5.0,0.0
Slovenia,2011,"Pepper (Piper spp.), raw",211.0,24.0,0.0
Slovenia,2012,"Pepper (Piper spp.), raw",180.0,45.0,0.0
Slovenia,2013,"Pepper (Piper spp.), raw",319.0,148.0,0.0
Slovenia,2014,"Pepper (Piper spp.), raw",283.36,131.18,0.0
Slovenia,2015,"Pepper (Piper spp.), raw",274.1,78.98,0.0
Slovenia,2016,"Pepper (Piper spp.), raw",373.41,219.95,0.0
Slovenia,2017,"Pepper (Piper spp.), raw",322.79,152.57,0.0
Slovenia,2018,"Pepper (Piper spp.), raw",305.14,132.12,0.0
Slovenia,2019,"Pepper (Piper spp.), raw",396.29,212.8,0.0
Slovenia,2021,"Pepper (Piper spp.), raw",257.6,75.7,0.0
Slovenia,2022,"Pepper (Piper spp.), raw",409.16,200.34,0.0
Slovenia,2023,"Pepper (Piper spp.), raw",368.35,165.79,0.0
Solomon Islands,2004,"Pepper (Piper spp.), raw",1.0,0.0,0.0
Solomon Islands,2005,"Pepper (Piper spp.), raw",1.0,0.0,0.0
Solomon Islands,2006,"Pepper (Piper spp.), raw",0.0,0.0,0.0
Solomon Islands,2008,"Pepper (Piper spp.), raw",0.0,0.0,0.0
Solomon Islands,2009,"Pepper (Piper spp.), raw",0.0,0.0,0.0
Solomon Islands,2010,"Pepper (Piper spp.), raw",0.0,0.0,0.0
Solomon Islands,2011,"Pepper (Piper spp.), raw",1.0,0.0,0.0
Solomon Islands,2012,"Pepper (Piper spp.), raw",2.0,0.0,0.0
Solomon Islands,2013,"Pepper (Piper spp.), raw",1.0,0.0,0.0
Solomon Islands,2014,"Pepper (Piper spp.), raw",0.01,0.0,0.0
Solomon Islands,2015,"Pepper (Piper spp.), raw",0.09,0.0,0.0
Solomon Islands,2016,"Pepper (Piper spp.), raw",0.18,0.0,0.0
Solomon Islands,2017,"Pepper (Piper spp.), raw",0.21,0.0,0.0
Solomon Islands,2018,"Pepper (Piper spp.), raw",0.77,0.0,0.0
Solomon Islands,2019,"Pepper (Piper spp.), raw",0.74,0.0,0.0
Solomon Islands,2020,"Pepper (Piper spp.), raw",0.3,0.0,0.0
Solomon Islands,2021,"Pepper (Piper spp.), raw",0.23,0.0,0.0
Solomon Islands,2023,"Pepper (Piper spp.), raw",1.53,0.0,0.0
Somalia,2014,"Pepper (Piper spp.), raw",34.31,0.0,0.0
Somalia,2015,"Pepper (Piper spp.), raw",191.14,0.0,0.0
Somalia,2016,"Pepper (Piper spp.), raw",165.93,0.0,0.0
Somalia,2017,"Pepper (Piper spp.), raw",223.62,0.0,0.0
Somalia,2018,"Pepper (Piper spp.), raw",151.24,0.0,0.0
Somalia,2019,"Pepper (Piper spp.), raw",149.69,1.4,0.0
Somalia,2020,"Pepper (Piper spp.), raw",778.54,0.53,0.0
Somalia,2021,"Pepper (Piper spp.), raw",698.91,1.4,0.0
Somalia,2022,"Pepper (Piper spp.), raw",664.69,0.0,0.0
Somalia,2023,"Pepper (Piper spp.), raw",546.91,0.4,0.0
South Africa,1993,"Pepper (Piper spp.), raw",1559.0,22.0,0.0
South Africa,1994,"Pepper (Piper spp.), raw",1440.0,54.0,0.0
South Africa,1995,"Pepper (Piper spp.), raw",1422.0,99.0,0.0
South Africa,1996,"Pepper (Piper spp.), raw",1521.0,1453.0,0.0
South Africa,1998,"Pepper (Piper spp.), raw",1384.0,4546.0,0.0
South Africa,1999,"Pepper (Piper spp.), raw",1285.0,1852.0,0.0
South Africa,2000,"Pepper (Piper spp.), raw",1246.69,614.29,0.0
South Africa,2001,"Pepper (Piper spp.), raw",1355.0,136.0,0.0
South Africa,2002,"Pepper (Piper spp.), raw",1439.0,373.0,0.0
South Africa,2003,"Pepper (Piper spp.), raw",1429.0,501.0,0.0
South Africa,2004,"Pepper (Piper spp.), raw",2174.0,380.0,0.0
South Africa,2005,"Pepper (Piper spp.), raw",2389.0,565.0,0.0
South Africa,2006,"Pepper (Piper spp.), raw",2284.0,947.0,0.0
South Africa,2007,"Pepper (Piper spp.), raw",2377.0,942.0,0.0
South Africa,2008,"Pepper (Piper spp.), raw",2521.0,956.0,0.0
South Africa,2009,"Pepper (Piper spp.), raw",2601.0,1159.0,0.0
South Africa,2010,"Pepper (Piper spp.), raw",3012.0,1411.0,0.0
South Africa,2011,"Pepper (Piper spp.), raw",3323.0,1581.0,0.0
South Africa,2012,"Pepper (Piper spp.), raw",3444.0,1749.0,0.0
South Africa,2013,"Pepper (Piper spp.), raw",4067.0,2291.0,0.0
South Africa,2014,"Pepper (Piper spp.), raw",3928.22,4307.35,0.0
South Africa,2015,"Pepper (Piper spp.), raw",4063.44,4328.05,0.0
South Africa,2016,"Pepper (Piper spp.), raw",3780.56,4459.42,0.0
South Africa,2018,"Pepper (Piper spp.), raw",3736.72,4626.21,0.0
South Africa,2019,"Pepper (Piper spp.), raw",4297.59,4463.46,0.0
South Africa,2020,"Pepper (Piper spp.), raw",4577.15,4737.44,0.0
South Africa,2021,"Pepper (Piper spp.), raw",4523.13,3047.17,0.0
South Africa,2022,"Pepper (Piper spp.), raw",4453.97,2255.63,0.0
South Sudan,2012,"Pepper (Piper spp.), raw",0.0,0.0,0.0
South Sudan,2013,"Pepper (Piper spp.), raw",0.0,0.0,0.0
South Sudan,2014,"Pepper (Piper spp.), raw",44.72,0.0,0.0
South Sudan,2015,"Pepper (Piper spp.), raw",55.18,0.0,0.0
South Sudan,2016,"Pepper (Piper spp.), raw",20.26,0.0,0.0
South Sudan,2017,"Pepper (Piper spp.), raw",14.02,0.0,0.0
South Sudan,2018,"Pepper (Piper spp.), raw",13.82,0.0,0.0
South Sudan,2019,"Pepper (Piper spp.), raw",14.62,0.0,0.0
South Sudan,2020,"Pepper (Piper spp.), raw",13.15,0.0,0.0
South Sudan,2021,"Pepper (Piper spp.), raw",638.39,0.0,0.0
South Sudan,2022,"Pepper (Piper spp.), raw",455.11,0.0,0.0
South Sudan,2023,"Pepper (Piper spp.), raw",92.9,0.0,0.0
Spain,1993,"Pepper (Piper spp.), raw",2480.0,131.0,0.0
Spain,1994,"Pepper (Piper spp.), raw",4239.0,134.0,0.0
Spain,1995,"Pepper (Piper spp.), raw",5455.0,128.0,0.0
Spain,1996,"Pepper (Piper spp.), raw",4576.0,199.0,0.0
Spain,1997,"Pepper (Piper spp.), raw",2095.0,223.0,0.0
Spain,1998,"Pepper (Piper spp.), raw",1855.0,347.0,0.0
Spain,1999,"Pepper (Piper spp.), raw",2381.0,405.0,0.0
Spain,2000,"Pepper (Piper spp.), raw",2391.0,438.0,0.0
Spain,2001,"Pepper (Piper spp.), raw",3051.0,453.0,0.0
Spain,2002,"Pepper (Piper spp.), raw",3027.0,420.0,0.0
Spain,2003,"Pepper (Piper spp.), raw",3485.0,652.0,0.0
Spain,2004,"Pepper (Piper spp.), raw",3394.0,650.0,0.0
Spain,2005,"Pepper (Piper spp.), raw",3191.0,583.0,0.0
Spain,2006,"Pepper (Piper spp.), raw",3485.0,476.0,0.0
Spain,2008,"Pepper (Piper spp.), raw",3117.0,415.0,0.0
Spain,2009,"Pepper (Piper spp.), raw",3305.0,580.0,0.0
Spain,2010,"Pepper (Piper spp.), raw",3333.0,618.0,0.0
Spain,2011,"Pepper (Piper spp.), raw",3399.0,837.0,0.0
Spain,2012,"Pepper (Piper spp.), raw",3880.0,1844.0,0.0
Spain,2013,"Pepper (Piper spp.), raw",4389.0,2220.0,0.0
Spain,2014,"Pepper (Piper spp.), raw",4861.31,3143.47,0.0
Spain,2015,"Pepper (Piper spp.), raw",5947.77,3344.61,0.0
Spain,2017,"Pepper (Piper spp.), raw",4377.49,3676.65,0.0
Spain,2018,"Pepper (Piper spp.), raw",5280.59,3304.12,0.0
Spain,2019,"Pepper (Piper spp.), raw",5800.25,3198.32,0.0
Spain,2020,"Pepper (Piper spp.), raw",6398.22,3003.57,0.0
Spain,2021,"Pepper (Piper spp.), raw",6477.62,3271.03,0.0
Spain,2023,"Pepper (Piper spp.), raw",4791.18,3193.87,0.0
Sri Lanka,1994,"Pepper (Piper spp.), raw",3.0,1850.0,14712.0
Sri Lanka,1995,"Pepper (Piper spp.), raw",3.0,2082.0,16000.0
Sri Lanka,1996,"Pepper (Piper spp.), raw",6.0,2612.0,16890.0
Sri Lanka,1997,"Pepper (Piper spp.), raw",6.0,3485.0,17270.0
Sri Lanka,1998,"Pepper (Piper spp.), raw",79.0,5493.0,17810.0
Sri Lanka,1999,"Pepper (Piper spp.), raw",30.0,3754.0,17270.0
Sri Lanka,2000,"Pepper (Piper spp.), raw",52.9,4855.08,16860.0
Sri Lanka,2001,"Pepper (Piper spp.), raw",12.0,2161.0,17090.0
Sri Lanka,2002,"Pepper (Piper spp.), raw",31.0,7915.0,17700.0
Sri Lanka,2004,"Pepper (Piper spp.), raw",34.0,4852.0,18560.0
Sri Lanka,2005,"Pepper (Piper spp.), raw",44.0,8131.0,18290.0
Sri Lanka,2006,"Pepper (Piper spp.), raw",50.0,7596.0,18600.0
Sri Lanka,2007,"Pepper (Piper spp.), raw",47.0,6940.0,19390.0
Sri Lanka,2009,"Pepper (Piper spp.), raw",62.0,6576.0,25300.0
Sri Lanka,2010,"Pepper (Piper spp.), raw",62.0,12236.0,26620.0
Sri Lanka,2011,"Pepper (Piper spp.), raw",35.0,5057.0,25770.0
Sri Lanka,2012,"Pepper (Piper spp.), raw",5.0,10488.0,24950.0
Sri Lanka,2013,"Pepper (Piper spp.), raw",31.0,21330.0,26730.0
Sri Lanka,2014,"Pepper (Piper spp.), raw",367.11,7929.61,27847.0
Sri Lanka,2015,"Pepper (Piper spp.), raw",79.61,16656.64,31225.64
Sri Lanka,2016,"Pepper (Piper spp.), raw",598.96,7875.55,32145.0
Sri Lanka,2017,"Pepper (Piper spp.), raw",1398.08,13312.08,35142.0
Sri Lanka,2019,"Pepper (Piper spp.), raw",152.59,7812.93,41429.0
Sri Lanka,2020,"Pepper (Piper spp.), raw",5.76,9760.92,43557.1
Sri Lanka,2021,"Pepper (Piper spp.), raw",59.21,17959.37,42485.3
Sri Lanka,2022,"Pepper (Piper spp.), raw",51.55,11415.72,44090.0
Sri Lanka,2023,"Pepper (Piper spp.), raw",43.54,14270.02,45166.0
Sudan,2012,"Pepper (Piper spp.), raw",786.0,0.0,0.0
Sudan,2013,"Pepper (Piper spp.), raw",3293.0,0.0,0.0
Sudan,2014,"Pepper (Piper spp.), raw",3172.17,0.0,0.0
Sudan,2015,"Pepper (Piper spp.), raw",770.55,20.08,0.0
Sudan,2017,"Pepper (Piper spp.), raw",409.0,0.3,0.0
Sudan,2018,"Pepper (Piper spp.), raw",822.09,0.0,0.0
Sudan,2019,"Pepper (Piper spp.), raw",1299.92,5.95,0.0
Sudan,2020,"Pepper (Piper spp.), raw",903.14,0.25,0.0
Sudan,2021,"Pepper (Piper spp.), raw",870.85,9.56,0.0
Sudan,2022,"Pepper (Piper spp.), raw",1315.79,0.89,0.0
Sudan,2023,"Pepper (Piper spp.), raw",535.66,0.4,0.0
Sudan (former),1993,"Pepper (Piper spp.), raw",170.0,0.0,0.0
Sudan (former),1994,"Pepper (Piper spp.), raw",100.0,0.0,0.0
Sudan (former),1995,"Pepper (Piper spp.), raw",40.0,0.0,0.0
Sudan (former),1996,"Pepper (Piper spp.), raw",70.0,0.0,0.0
Sudan (former),1997,"Pepper (Piper spp.), raw",328.0,0.0,0.0
Sudan (former),1999,"Pepper (Piper spp.), raw",169.0,0.0,0.0
Sudan (former),2000,"Pepper (Piper spp.), raw",364.0,0.0,0.0
Sudan (former),2001,"Pepper (Piper spp.), raw",573.0,0.0,0.0
Sudan (former),2002,"Pepper (Piper spp.), raw",503.0,0.0,0.0
Sudan (former),2003,"Pepper (Piper spp.), raw",174.0,0.0,0.0
Sudan (former),2004,"Pepper (Piper spp.), raw",95.0,0.0,0.0
Sudan (former),2005,"Pepper (Piper spp.), raw",432.0,0.0,0.0
Sudan (former),2006,"Pepper (Piper spp.), raw",140.0,0.0,0.0
Sudan (former),2007,"Pepper (Piper spp.), raw",90.0,0.0,0.0
Sudan (former),2008,"Pepper (Piper spp.), raw",515.0,0.0,0.0
Sudan (former),2010,"Pepper (Piper spp.), raw",75.0,0.0,0.0
Sudan (former),2011,"Pepper (Piper spp.), raw",1185.0,0.0,0.0
Suriname,1993,"Pepper (Piper spp.), raw",0.0,30.0,0.0
Suriname,1994,"Pepper (Piper spp.), raw",0.0,0.0,0.0
Suriname,1996,"Pepper (Piper spp.), raw",25.0,0.0,0.0
Suriname,1997,"Pepper (Piper spp.), raw",15.0,1.0,0.0
Suriname,1998,"Pepper (Piper spp.), raw",11.0,1.0,0.0
Suriname,1999,"Pepper (Piper spp.), raw",10.0,1.0,0.0
Suriname,2000,"Pepper (Piper spp.), raw",10.0,1.0,0.0
Suriname,2002,"Pepper (Piper spp.), raw",11.0,1.0,0.0
Suriname,2003,"Pepper (Piper spp.), raw",19.0,0.0,0.0
Suriname,2004,"Pepper (Piper spp.), raw",22.0,2.0,0.0
Suriname,2005,"Pepper (Piper spp.), raw",54.0,0.0,0.0
Suriname,2006,"Pepper (Piper spp.), raw",67.0,0.0,0.0
Suriname,2007,"Pepper (Piper spp.), raw",63.0,0.0,0.0
Suriname,2008,"Pepper (Piper spp.), raw",32.0,0.0,0.0
Suriname,2009,"Pepper (Piper spp.), raw",22.0,0.0,0.0
Suriname,2010,"Pepper (Piper spp.), raw",15.0,2.0,0.0
Suriname,2012,"Pepper (Piper spp.), raw",11.0,0.0,0.0
Suriname,2013,"Pepper (Piper spp.), raw",18.0,0.0,0.0
Suriname,2015,"Pepper (Piper spp.), raw",5.58,0.78,0.0
Suriname,2016,"Pepper (Piper spp.), raw",14.53,0.0,0.0
Suriname,2017,"Pepper (Piper spp.), raw",18.25,0.63,0.0
Suriname,2019,"Pepper (Piper spp.), raw",13.38,0.0,0.0
Suriname,2020,"Pepper (Piper spp.), raw",8.72,0.0,0.0
Suriname,2021,"Pepper (Piper spp.), raw",11.35,0.0,0.0
Suriname,2022,"Pepper (Piper spp.), raw",35.7,0.0,0.0
Suriname,2023,"Pepper (Piper spp.), raw",24.24,0.0,0.0
Sweden,1993,"Pepper (Piper spp.), raw",1110.0,103.0,0.0
Sweden,1994,"Pepper (Piper spp.), raw",1252.0,110.0,0.0
Sweden,1996,"Pepper (Piper spp.), raw",1351.0,89.0,0.0
Sweden,1997,"Pepper (Piper spp.), raw",1481.0,138.0,0.0
Sweden,1998,"Pepper (Piper spp.), raw",1441.0,149.0,0.0
Sweden,1999,"Pepper (Piper spp.), raw",1573.0,181.0,0.0
Sweden,2000,"Pepper (Piper spp.), raw",1533.0,151.0,0.0
Sweden,2001,"Pepper (Piper spp.), raw",1388.0,120.0,0.0
Sweden,2002,"Pepper (Piper spp.), raw",1637.0,105.0,0.0
Sweden,2003,"Pepper (Piper spp.), raw",1442.0,237.0,0.0
Sweden,2004,"Pepper (Piper spp.), raw",1495.0,229.0,0.0
Sweden,2005,"Pepper (Piper spp.), raw",1343.0,200.0,0.0
Sweden,2006,"Pepper (Piper spp.), raw",1540.0,261.0,0.0
Sweden,2007,"Pepper (Piper spp.), raw",1866.0,354.0,0.0
Sweden,2008,"Pepper (Piper spp.), raw",1781.0,358.0,0.0
Sweden,2009,"Pepper (Piper spp.), raw",1734.0,322.0,0.0
Sweden,2010,"Pepper (Piper spp.), raw",1946.0,509.0,0.0
Sweden,2011,"Pepper (Piper spp.), raw",2250.0,393.0,0.0
Sweden,2012,"Pepper (Piper spp.), raw",1967.0,481.0,0.0
Sweden,2013,"Pepper (Piper spp.), raw",1992.0,499.0,0.0
Sweden,2014,"Pepper (Piper spp.), raw",2055.24,464.25,0.0
Sweden,2016,"Pepper (Piper spp.), raw",1951.95,464.36,0.0
Sweden,2017,"Pepper (Piper spp.), raw",1803.71,504.85,0.0
Sweden,2018,"Pepper (Piper spp.), raw",2059.84,504.47,0.0
Sweden,2019,"Pepper (Piper spp.), raw",2213.63,509.95,0.0
Sweden,2020,"Pepper (Piper spp.), raw",2179.42,635.29,0.0
Sweden,2021,"Pepper (Piper spp.), raw",2406.01,724.04,0.0
Sweden,2022,"Pepper (Piper spp.), raw",2359.69,655.37,0.0
Sweden,2023,"Pepper (Piper spp.), raw",1936.76,602.91,0.0
Switzerland,1993,"Pepper (Piper spp.), raw",777.0,29.0,0.0
Switzerland,1994,"Pepper (Piper spp.), raw",773.0,29.0,0.0
Switzerland,1996,"Pepper (Piper spp.), raw",731.0,21.0,0.0
Switzerland,1997,"Pepper (Piper spp.), raw",795.0,27.0,0.0
Switzerland,1999,"Pepper (Piper spp.), raw",815.0,24.0,0.0
Switzerland,2000,"Pepper (Piper spp.), raw",849.14,30.04,0.0
Switzerland,2001,"Pepper (Piper spp.), raw",1004.0,45.0,0.0
Switzerland,2002,"Pepper (Piper spp.), raw",1018.0,26.0,0.0
Switzerland,2003,"Pepper (Piper spp.), raw",904.0,60.0,0.0
Switzerland,2005,"Pepper (Piper spp.), raw",840.0,332.0,0.0
Switzerland,2006,"Pepper (Piper spp.), raw",763.0,117.0,0.0
Switzerland,2007,"Pepper (Piper spp.), raw",869.0,94.0,0.0
Switzerland,2008,"Pepper (Piper spp.), raw",783.0,83.0,0.0
Switzerland,2009,"Pepper (Piper spp.), raw",818.0,99.0,0.0
Switzerland,2010,"Pepper (Piper spp.), raw",1008.0,96.0,0.0
Switzerland,2011,"Pepper (Piper spp.), raw",949.0,87.0,0.0
Switzerland,2012,"Pepper (Piper spp.), raw",790.0,119.0,0.0
Switzerland,2013,"Pepper (Piper spp.), raw",936.0,124.0,0.0
Switzerland,2014,"Pepper (Piper spp.), raw",1025.03,127.69,0.0
Switzerland,2015,"Pepper (Piper spp.), raw",894.57,101.56,0.0
Switzerland,2016,"Pepper (Piper spp.), raw",859.8,137.25,0.0
Switzerland,2017,"Pepper (Piper spp.), raw",860.4,116.98,0.0
Switzerland,2018,"Pepper (Piper spp.), raw",930.07,114.34,0.0
Switzerland,2019,"Pepper (Piper spp.), raw",1001.13,108.93,0.0
Switzerland,2020,"Pepper (Piper spp.), raw",940.0,117.88,0.0
Switzerland,2021,"Pepper (Piper spp.), raw",1006.58,134.86,0.0
Switzerland,2022,"Pepper (Piper spp.), raw",927.82,147.17,0.0
Switzerland,2023,"Pepper (Piper spp.), raw",892.95,92.18,0.0
Syrian Arab Republic,1993,"Pepper (Piper spp.), raw",333.0,13.0,0.0
Syrian Arab Republic,1995,"Pepper (Piper spp.), raw",296.0,15.0,0.0
Syrian Arab Republic,1996,"Pepper (Piper spp.), raw",191.0,39.0,0.0
Syrian Arab Republic,1997,"Pepper (Piper spp.), raw",344.0,72.0,0.0
Syrian Arab Republic,1998,"Pepper (Piper spp.), raw",531.0,18.0,0.0
Syrian Arab Republic,1999,"Pepper (Piper spp.), raw",410.0,20.0,0.0
Syrian Arab Republic,2000,"Pepper (Piper spp.), raw",667.0,50.0,0.0
Syrian Arab Republic,2001,"Pepper (Piper spp.), raw",276.0,25.0,0.0
Syrian Arab Republic,2002,"Pepper (Piper spp.), raw",966.0,11.0,0.0
Syrian Arab Republic,2003,"Pepper (Piper spp.), raw",869.0,26.0,0.0
Syrian Arab Republic,2006,"Pepper (Piper spp.), raw",733.0,140.0,0.0
Syrian Arab Republic,2007,"Pepper (Piper spp.), raw",736.0,0.0,0.0
Syrian Arab Republic,2008,"Pepper (Piper spp.), raw",1062.0,27.0,0.0
Syrian Arab Republic,2010,"Pepper (Piper spp.), raw",966.0,45.0,0.0
Syrian Arab Republic,2011,"Pepper (Piper spp.), raw",546.0,26.0,0.0
Syrian Arab Republic,2012,"Pepper (Piper spp.), raw",270.0,9.0,0.0
Syrian Arab Republic,2013,"Pepper (Piper spp.), raw",340.0,12.0,0.0
Syrian Arab Republic,2014,"Pepper (Piper spp.), raw",514.6,66.0,0.0
Syrian Arab Republic,2015,"Pepper (Piper spp.), raw",585.2,78.8,0.0
Syrian Arab Republic,2016,"Pepper (Piper spp.), raw",785.1,99.02,0.0
Syrian Arab Republic,2018,"Pepper (Piper spp.), raw",98.36,110.67,0.0
Syrian Arab Republic,2019,"Pepper (Piper spp.), raw",452.24,250.88,0.0
Syrian Arab Republic,2020,"Pepper (Piper spp.), raw",232.85,125.94,0.0
Syrian Arab Republic,2021,"Pepper (Piper spp.), raw",158.38,267.97,0.0
Syrian Arab Republic,2022,"Pepper (Piper spp.), raw",447.21,288.6,0.0
Syrian Arab Republic,2023,"Pepper (Piper spp.), raw",405.58,144.35,0.0
Tajikistan,1993,"Pepper (Piper spp.), raw",165.0,0.0,0.0
Tajikistan,1994,"Pepper (Piper spp.), raw",0.0,0.0,0.0
Tajikistan,1995,"Pepper (Piper spp.), raw",0.0,0.0,0.0
Tajikistan,2002,"Pepper (Piper spp.), raw",0.0,5.0,159.82
Tajikistan,2004,"Pepper (Piper spp.), raw",1.0,4.0,179.68
Tajikistan,2005,"Pepper (Piper spp.), raw",1.0,5.0,200.0
Tajikistan,2006,"Pepper (Piper spp.), raw",1.0,3.0,220.0
Tajikistan,2007,"Pepper (Piper spp.), raw",1.0,1.0,170.0
Tajikistan,2008,"Pepper (Piper spp.), raw",6.0,1.0,200.0
Tajikistan,2009,"Pepper (Piper spp.), raw",6.0,4.0,275.07
Tajikistan,2010,"Pepper (Piper spp.), raw",7.0,18.0,309.06
Tajikistan,2011,"Pepper (Piper spp.), raw",8.0,5.0,316.46
Tajikistan,2013,"Pepper (Piper spp.), raw",6.0,5.0,216.43
Tajikistan,2014,"Pepper (Piper spp.), raw",30.6,5.26,868.15
Tajikistan,2015,"Pepper (Piper spp.), raw",32.51,4.96,280.0
Tajikistan,2016,"Pepper (Piper spp.), raw",7.61,0.0,1074.8
Tajikistan,2017,"Pepper (Piper spp.), raw",25.52,0.0,3046.0
Tajikistan,2018,"Pepper (Piper spp.), raw",26.05,0.0,33847.1
Tajikistan,2019,"Pepper (Piper spp.), raw",9.16,0.0,47106.8
Tajikistan,2020,"Pepper (Piper spp.), raw",17.96,0.0,29347.3
Tajikistan,2021,"Pepper (Piper spp.), raw",19.06,0.0,21206.9
Thailand,1994,"Pepper (Piper spp.), raw",102.0,1124.0,9000.0
Thailand,1995,"Pepper (Piper spp.), raw",111.0,877.0,8000.0
Thailand,1996,"Pepper (Piper spp.), raw",133.0,339.0,7000.0
Thailand,1997,"Pepper (Piper spp.), raw",294.0,802.0,5000.0
Thailand,1998,"Pepper (Piper spp.), raw",576.0,502.0,5000.0
Thailand,1999,"Pepper (Piper spp.), raw",204.0,857.0,7000.0
Thailand,2000,"Pepper (Piper spp.), raw",538.0,620.0,6534.0
Thailand,2001,"Pepper (Piper spp.), raw",724.0,437.0,8824.0
Thailand,2002,"Pepper (Piper spp.), raw",832.0,639.0,10197.0
Thailand,2003,"Pepper (Piper spp.), raw",1194.0,756.0,12810.0
Thailand,2004,"Pepper (Piper spp.), raw",74.0,1384.0,12952.0
Thailand,2005,"Pepper (Piper spp.), raw",125.0,1385.0,13837.0
Thailand,2006,"Pepper (Piper spp.), raw",210.0,689.0,12156.0
Thailand,2007,"Pepper (Piper spp.), raw",631.0,1089.0,10419.0
Thailand,2008,"Pepper (Piper spp.), raw",431.0,1633.0,5852.0
Thailand,2009,"Pepper (Piper spp.), raw",584.0,2489.0,6730.0
Thailand,2010,"Pepper (Piper spp.), raw",2133.0,3180.0,6391.0
Thailand,2011,"Pepper (Piper spp.), raw",1539.0,518.0,4395.0
Thailand,2012,"Pepper (Piper spp.), raw",1447.0,238.0,2241.0
Thailand,2013,"Pepper (Piper spp.), raw",2538.0,210.0,1332.0
Thailand,2014,"Pepper (Piper spp.), raw",2908.69,248.12,1174.0
Thailand,2015,"Pepper (Piper spp.), raw",2919.8,290.57,1405.0
Thailand,2016,"Pepper (Piper spp.), raw",3381.55,322.1,1409.0
Thailand,2017,"Pepper (Piper spp.), raw",3821.17,278.11,2536.0
Thailand,2018,"Pepper (Piper spp.), raw",4778.01,454.52,2005.0
Thailand,2019,"Pepper (Piper spp.), raw",4812.99,649.38,2219.0
Thailand,2020,"Pepper (Piper spp.), raw",5990.73,741.4,1031.0
Thailand,2021,"Pepper (Piper spp.), raw",6593.74,924.78,1034.0
Thailand,2022,"Pepper (Piper spp.), raw",6453.18,973.56,742.0
Thailand,2023,"Pepper (Piper spp.), raw",6535.27,947.25,392.0
Timor-Leste,1993,"Pepper (Piper spp.), raw",0.0,0.0,0.0
Timor-Leste,1994,"Pepper (Piper spp.), raw",0.0,0.0,0.0
Timor-Leste,1995,"Pepper (Piper spp.), raw",0.0,0.0,0.0
Timor-Leste,1996,"Pepper (Piper spp.), raw",0.0,0.0,0.0
Timor-Leste,1997,"Pepper (Piper spp.), raw",0.0,0.0,0.0
Timor-Leste,1998,"Pepper (Piper spp.), raw",0.0,0.0,0.0
Timor-Leste,1999,"Pepper (Piper spp.), raw",0.0,0.0,0.0
Timor-Leste,2000,"Pepper (Piper spp.), raw",0.0,0.0,0.0
Timor-Leste,2001,"Pepper (Piper spp.), raw",0.0,0.0,0.0
Timor-Leste,2002,"Pepper (Piper spp.), raw",0.0,0.0,0.0
Timor-Leste,2004,"Pepper (Piper spp.), raw",0.0,0.0,0.0
Timor-Leste,2005,"Pepper (Piper spp.), raw",0.0,0.0,0.0
Timor-Leste,2006,"Pepper (Piper spp.), raw",0.0,0.0,0.0
Timor-Leste,2007,"Pepper (Piper spp.), raw",0.0,0.0,0.0
Timor-Leste,2008,"Pepper (Piper spp.), raw",0.0,0.0,0.0
Timor-Leste,2009,"Pepper (Piper spp.), raw",0.0,0.0,0.0
Timor-Leste,2010,"Pepper (Piper spp.), raw",0.0,0.0,0.0
Timor-Leste,2011,"Pepper (Piper spp.), raw",0.0,0.0,0.0
Timor-Leste,2012,"Pepper (Piper spp.), raw",0.0,0.0,0.0
Timor-Leste,2013,"Pepper (Piper spp.), raw",0.0,0.0,0.0
Timor-Leste,2014,"Pepper (Piper spp.), raw",63.53,0.0,0.0
Timor-Leste,2016,"Pepper (Piper spp.), raw",33.04,0.12,0.0
Timor-Leste,2017,"Pepper (Piper spp.), raw",11.47,0.02,0.0
Timor-Leste,2018,"Pepper (Piper spp.), raw",30.0,0.0,0.0
Timor-Leste,2019,"Pepper (Piper spp.), raw",19.57,0.0,0.0
Timor-Leste,2020,"Pepper (Piper spp.), raw",46.21,0.0,0.0
Timor-Leste,2021,"Pepper (Piper spp.), raw",37.43,0.0,0.0
Timor-Leste,2022,"Pepper (Piper spp.), raw",56.99,0.0,0.0
Timor-Leste,2023,"Pepper (Piper spp.), raw",41.66,0.0,0.0
Togo,1993,"Pepper (Piper spp.), raw",0.0,0.0,0.0
Togo,1995,"Pepper (Piper spp.), raw",25.0,0.0,0.0
Togo,1996,"Pepper (Piper spp.), raw",21.0,0.0,0.0
Togo,1997,"Pepper (Piper spp.), raw",6.0,0.0,0.0
Togo,1998,"Pepper (Piper spp.), raw",28.0,8.0,0.0
Togo,1999,"Pepper (Piper spp.), raw",13.85,10.37,0.0
Togo,2000,"Pepper (Piper spp.), raw",12.65,10.23,0.0
Togo,2001,"Pepper (Piper spp.), raw",3.0,0.0,0.0
Togo,2002,"Pepper (Piper spp.), raw",0.0,0.0,0.0
Togo,2004,"Pepper (Piper spp.), raw",0.0,0.0,0.0
Togo,2005,"Pepper (Piper spp.), raw",0.0,0.0,0.0
Togo,2006,"Pepper (Piper spp.), raw",5.0,1.0,0.0
Togo,2007,"Pepper (Piper spp.), raw",0.0,0.0,0.0
Togo,2008,"Pepper (Piper spp.), raw",33.0,0.0,0.0
Togo,2009,"Pepper (Piper spp.), raw",48.0,0.0,0.0
Togo,2010,"Pepper (Piper spp.), raw",55.0,0.0,0.0
Togo,2011,"Pepper (Piper spp.), raw",21.0,0.0,0.0
Togo,2012,"Pepper (Piper spp.), raw",24.0,0.0,0.0
Togo,2013,"Pepper (Piper spp.), raw",42.0,0.0,0.0
Togo,2014,"Pepper (Piper spp.), raw",30.57,0.0,0.0
Togo,2016,"Pepper (Piper spp.), raw",407.23,9.8,0.0
Togo,2017,"Pepper (Piper spp.), raw",443.25,0.0,0.0
Togo,2018,"Pepper (Piper spp.), raw",466.58,0.0,0.0
Togo,2019,"Pepper (Piper spp.), raw",500.0,0.0,0.0
Togo,2020,"Pepper (Piper spp.), raw",499.59,0.0,0.0
Togo,2021,"Pepper (Piper spp.), raw",572.67,30.0,0.0
Togo,2022,"Pepper (Piper spp.), raw",629.25,0.0,0.0
Togo,2023,"Pepper (Piper spp.), raw",722.97,17.5,0.0
Tonga,1993,"Pepper (Piper spp.), raw",28.0,0.0,0.0
Tonga,1994,"Pepper (Piper spp.), raw",46.0,0.0,0.0
Tonga,1995,"Pepper (Piper spp.), raw",40.0,0.0,0.0
Tonga,1996,"Pepper (Piper spp.), raw",0.0,0.0,0.0
Tonga,1997,"Pepper (Piper spp.), raw",0.0,0.0,0.0
Tonga,1998,"Pepper (Piper spp.), raw",0.0,0.0,0.0
Tonga,2000,"Pepper (Piper spp.), raw",3.0,0.0,0.0
Tonga,2001,"Pepper (Piper spp.), raw",3.0,0.0,0.0
Tonga,2002,"Pepper (Piper spp.), raw",3.0,0.0,0.0
Tonga,2003,"Pepper (Piper spp.), raw",4.0,0.0,0.0
Tonga,2004,"Pepper (Piper spp.), raw",2.0,0.0,0.0
Tonga,2005,"Pepper (Piper spp.), raw",5.0,0.0,0.0
Tonga,2006,"Pepper (Piper spp.), raw",4.0,0.0,0.0
Tonga,2007,"Pepper (Piper spp.), raw",12.0,0.0,0.0
Tonga,2008,"Pepper (Piper spp.), raw",12.0,0.0,0.0
Tonga,2009,"Pepper (Piper spp.), raw",12.0,0.0,0.0
Tonga,2010,"Pepper (Piper spp.), raw",14.0,0.0,0.0
Tonga,2011,"Pepper (Piper spp.), raw",14.0,0.0,0.0
Tonga,2012,"Pepper (Piper spp.), raw",17.0,0.0,0.0
Tonga,2013,"Pepper (Piper spp.), raw",3.0,0.0,0.0
Tonga,2014,"Pepper (Piper spp.), raw",1.84,0.0,0.0
Tonga,2015,"Pepper (Piper spp.), raw",0.96,0.0,0.0
Tonga,2016,"Pepper (Piper spp.), raw",0.42,0.0,0.0
Tonga,2017,"Pepper (Piper spp.), raw",0.62,0.0,0.0
Tonga,2018,"Pepper (Piper spp.), raw",0.26,0.0,0.0
Tonga,2019,"Pepper (Piper spp.), raw",0.81,0.0,0.0
Tonga,2020,"Pepper (Piper spp.), raw",1.18,0.0,0.0
Tonga,2022,"Pepper (Piper spp.), raw",0.16,0.0,0.0
Tonga,2023,"Pepper (Piper spp.), raw",0.31,0.0,0.0
Trinidad and Tobago,1993,"Pepper (Piper spp.), raw",75.0,57.0,0.0
Trinidad and Tobago,1994,"Pepper (Piper spp.), raw",55.0,9.0,0.0
Trinidad and Tobago,1995,"Pepper (Piper spp.), raw",164.0,17.0,0.0
Trinidad and Tobago,1996,"Pepper (Piper spp.), raw",58.0,30.0,0.0
Trinidad and Tobago,1997,"Pepper (Piper spp.), raw",92.0,28.0,0.0
Trinidad and Tobago,1998,"Pepper (Piper spp.), raw",114.0,38.0,0.0
Trinidad and Tobago,1999,"Pepper (Piper spp.), raw",140.0,46.0,0.0
Trinidad and Tobago,2001,"Pepper (Piper spp.), raw",143.0,24.0,0.0
Trinidad and Tobago,2002,"Pepper (Piper spp.), raw",121.0,42.0,0.0
Trinidad and Tobago,2003,"Pepper (Piper spp.), raw",129.0,20.0,0.0
Trinidad and Tobago,2004,"Pepper (Piper spp.), raw",145.0,16.0,0.0
Trinidad and Tobago,2005,"Pepper (Piper spp.), raw",386.0,12.0,0.0
Trinidad and Tobago,2006,"Pepper (Piper spp.), raw",303.0,25.0,0.0
Trinidad and Tobago,2007,"Pepper (Piper spp.), raw",344.0,33.0,0.0
Trinidad and Tobago,2008,"Pepper (Piper spp.), raw",67.0,6.0,0.0
Trinidad and Tobago,2009,"Pepper (Piper spp.), raw",403.0,12.0,0.0
Trinidad and Tobago,2010,"Pepper (Piper spp.), raw",359.0,12.0,0.0
Trinidad and Tobago,2011,"Pepper (Piper spp.), raw",146.0,6.0,0.0
Trinidad and Tobago,2012,"Pepper (Piper spp.), raw",112.0,15.0,0.0
Trinidad and Tobago,2013,"Pepper (Piper spp.), raw",157.0,12.0,0.0
Trinidad and Tobago,2014,"Pepper (Piper spp.), raw",100.32,15.05,0.0
Trinidad and Tobago,2015,"Pepper (Piper spp.), raw",681.94,48.68,0.0
Trinidad and Tobago,2016,"Pepper (Piper spp.), raw",471.36,66.07,0.0
Trinidad and Tobago,2017,"Pepper (Piper spp.), raw",447.11,29.69,0.0
Trinidad and Tobago,2018,"Pepper (Piper spp.), raw",563.06,18.09,0.0
Trinidad and Tobago,2019,"Pepper (Piper spp.), raw",329.01,20.15,0.0
Trinidad and Tobago,2020,"Pepper (Piper spp.), raw",323.36,26.64,0.0
Trinidad and Tobago,2021,"Pepper (Piper spp.), raw",314.2,29.33,0.0
Trinidad and Tobago,2022,"Pepper (Piper spp.), raw",295.52,28.73,0.0
Tunisia,1993,"Pepper (Piper spp.), raw",678.0,368.0,0.0
Tunisia,1994,"Pepper (Piper spp.), raw",1146.0,354.0,0.0
Tunisia,1995,"Pepper (Piper spp.), raw",911.0,86.0,0.0
Tunisia,1996,"Pepper (Piper spp.), raw",886.0,28.0,0.0
Tunisia,1997,"Pepper (Piper spp.), raw",485.0,15.0,0.0
Tunisia,1998,"Pepper (Piper spp.), raw",738.0,50.0,0.0
Tunisia,1999,"Pepper (Piper spp.), raw",455.0,34.0,0.0
Tunisia,2000,"Pepper (Piper spp.), raw",736.0,38.0,0.0
Tunisia,2002,"Pepper (Piper spp.), raw",537.0,47.0,0.0
Tunisia,2003,"Pepper (Piper spp.), raw",622.0,37.0,0.0
Tunisia,2004,"Pepper (Piper spp.), raw",804.0,16.0,0.0
Tunisia,2005,"Pepper (Piper spp.), raw",663.0,10.0,0.0
Tunisia,2006,"Pepper (Piper spp.), raw",126.0,1.0,0.0
Tunisia,2007,"Pepper (Piper spp.), raw",227.0,0.0,0.0
Tunisia,2008,"Pepper (Piper spp.), raw",953.0,20.0,0.0
Tunisia,2009,"Pepper (Piper spp.), raw",1038.0,0.0,0.0
Tunisia,2011,"Pepper (Piper spp.), raw",759.0,26.0,0.0
Tunisia,2012,"Pepper (Piper spp.), raw",940.0,25.0,0.0
Tunisia,2013,"Pepper (Piper spp.), raw",951.0,11.0,0.0
Tunisia,2014,"Pepper (Piper spp.), raw",844.3,35.41,0.0
Tunisia,2015,"Pepper (Piper spp.), raw",783.82,8.58,0.0
Tunisia,2016,"Pepper (Piper spp.), raw",1091.68,14.5,0.0
Tunisia,2017,"Pepper (Piper spp.), raw",930.19,28.43,0.0
Tunisia,2018,"Pepper (Piper spp.), raw",1021.96,10.12,0.0
Tunisia,2019,"Pepper (Piper spp.), raw",1104.23,11.12,0.0
Tunisia,2020,"Pepper (Piper spp.), raw",1067.44,1.92,0.0
Tunisia,2021,"Pepper (Piper spp.), raw",1171.37,2.3,0.0
Tunisia,2022,"Pepper (Piper spp.), raw",1004.12,0.17,0.0
Türkiye,1993,"Pepper (Piper spp.), raw",2202.0,95.0,0.0
Türkiye,1994,"Pepper (Piper spp.), raw",1243.0,144.0,0.0
Türkiye,1995,"Pepper (Piper spp.), raw",1730.0,46.0,0.0
Türkiye,1996,"Pepper (Piper spp.), raw",2058.0,50.0,0.0
Türkiye,1997,"Pepper (Piper spp.), raw",1746.0,55.0,0.0
Türkiye,1998,"Pepper (Piper spp.), raw",1214.0,49.0,0.0
Türkiye,1999,"Pepper (Piper spp.), raw",457.0,65.0,0.0
Türkiye,2000,"Pepper (Piper spp.), raw",747.08,38.04,0.0
Türkiye,2001,"Pepper (Piper spp.), raw",1518.0,56.0,0.0
Türkiye,2002,"Pepper (Piper spp.), raw",2639.0,36.0,0.0
Türkiye,2003,"Pepper (Piper spp.), raw",3262.0,50.0,0.0
Türkiye,2004,"Pepper (Piper spp.), raw",3095.0,70.0,0.0
Türkiye,2005,"Pepper (Piper spp.), raw",3425.0,64.0,0.0
Türkiye,2006,"Pepper (Piper spp.), raw",3526.0,61.0,0.0
Türkiye,2007,"Pepper (Piper spp.), raw",3039.0,78.0,0.0
Türkiye,2008,"Pepper (Piper spp.), raw",3343.0,68.0,0.0
Türkiye,2009,"Pepper (Piper spp.), raw",3824.0,72.0,0.0
Türkiye,2010,"Pepper (Piper spp.), raw",3541.0,101.0,0.0
Türkiye,2011,"Pepper (Piper spp.), raw",3603.0,141.0,0.0
Türkiye,2012,"Pepper (Piper spp.), raw",3420.0,90.0,0.0
Türkiye,2013,"Pepper (Piper spp.), raw",4086.0,125.0,0.0
Türkiye,2014,"Pepper (Piper spp.), raw",3286.57,150.1,0.0
Türkiye,2015,"Pepper (Piper spp.), raw",3127.22,177.59,0.0
Türkiye,2016,"Pepper (Piper spp.), raw",4186.12,152.45,0.0
Türkiye,2017,"Pepper (Piper spp.), raw",6287.7,181.76,0.0
Türkiye,2018,"Pepper (Piper spp.), raw",3763.72,194.91,0.0
Türkiye,2019,"Pepper (Piper spp.), raw",7642.27,1488.41,0.0
Türkiye,2020,"Pepper (Piper spp.), raw",6529.3,1698.23,0.0
Türkiye,2021,"Pepper (Piper spp.), raw",8674.54,1327.95,0.0
Türkiye,2022,"Pepper (Piper spp.), raw",6304.15,1427.88,0.0
Türkiye,2023,"Pepper (Piper spp.), raw",8852.42,1801.14,0.0
Turkmenistan,2014,"Pepper (Piper spp.), raw",136.54,0.0,0.0
Turkmenistan,2015,"Pepper (Piper spp.), raw",122.67,0.0,0.0
Turkmenistan,2016,"Pepper (Piper spp.), raw",142.31,0.0,0.0
Turkmenistan,2017,"Pepper (Piper spp.), raw",100.5,0.0,0.0
Turkmenistan,2018,"Pepper (Piper spp.), raw",63.83,0.0,0.0
Turkmenistan,2019,"Pepper (Piper spp.), raw",65.67,0.0,0.0
Turkmenistan,2020,"Pepper (Piper spp.), raw",226.02,0.0,0.0
Turkmenistan,2021,"Pepper (Piper spp.), raw",154.26,0.0,0.0
Turkmenistan,2022,"Pepper (Piper spp.), raw",227.25,0.0,0.0
Turkmenistan,2023,"Pepper (Piper spp.), raw",179.73,0.0,0.0
Tuvalu,2003,"Pepper (Piper spp.), raw",0.0,0.0,0.0
Tuvalu,2014,"Pepper (Piper spp.), raw",0.03,0.0,0.0
Tuvalu,2015,"Pepper (Piper spp.), raw",0.15,0.0,0.0
Tuvalu,2016,"Pepper (Piper spp.), raw",0.08,0.0,0.0
Tuvalu,2017,"Pepper (Piper spp.), raw",0.01,0.0,0.0
Tuvalu,2018,"Pepper (Piper spp.), raw",0.1,0.0,0.0
Tuvalu,2020,"Pepper (Piper spp.), raw",0.0,0.0,0.0
Tuvalu,2022,"Pepper (Piper spp.), raw",0.13,0.0,0.0
Tuvalu,2023,"Pepper (Piper spp.), raw",0.01,0.0,0.0
Uganda,1994,"Pepper (Piper spp.), raw",0.25,163.85,1900.0
Uganda,1995,"Pepper (Piper spp.), raw",0.35,58.56,1700.0
Uganda,1996,"Pepper (Piper spp.), raw",0.42,10.61,1800.0
Uganda,1997,"Pepper (Piper spp.), raw",1.13,21.57,1846.71
Uganda,2000,"Pepper (Piper spp.), raw",0.16,145.35,2100.0
Uganda,2001,"Pepper (Piper spp.), raw",0.0,395.0,2025.19
Uganda,2002,"Pepper (Piper spp.), raw",3.0,128.0,2065.18
Uganda,2003,"Pepper (Piper spp.), raw",5.0,25.0,2103.65
Uganda,2004,"Pepper (Piper spp.), raw",8.0,79.0,2142.16
Uganda,2005,"Pepper (Piper spp.), raw",13.0,152.0,2178.77
Uganda,2006,"Pepper (Piper spp.), raw",10.0,75.0,2213.54
Uganda,2008,"Pepper (Piper spp.), raw",6.0,111.0,2274.72
Uganda,2009,"Pepper (Piper spp.), raw",4.0,127.0,2224.23
Uganda,2010,"Pepper (Piper spp.), raw",6.0,66.0,2170.35
Uganda,2011,"Pepper (Piper spp.), raw",13.0,278.0,2114.2
Uganda,2013,"Pepper (Piper spp.), raw",18.0,400.0,2036.29
Uganda,2014,"Pepper (Piper spp.), raw",24.83,176.3,2127.99
Uganda,2015,"Pepper (Piper spp.), raw",30.9,250.64,2097.71
Uganda,2017,"Pepper (Piper spp.), raw",26.5,819.58,2116.82
Uganda,2018,"Pepper (Piper spp.), raw",26.95,771.87,2148.88
Uganda,2019,"Pepper (Piper spp.), raw",26.67,162.78,2179.54
Uganda,2020,"Pepper (Piper spp.), raw",32.14,254.59,2194.79
Uganda,2021,"Pepper (Piper spp.), raw",38.13,536.23,2185.64
Uganda,2022,"Pepper (Piper spp.), raw",36.43,139.44,2193.73
Uganda,2023,"Pepper (Piper spp.), raw",38.69,135.67,2201.83
Ukraine,1993,"Pepper (Piper spp.), raw",1750.0,0.0,0.0
Ukraine,1994,"Pepper (Piper spp.), raw",1624.0,218.0,0.0
Ukraine,1995,"Pepper (Piper spp.), raw",2166.0,105.0,0.0
Ukraine,1996,"Pepper (Piper spp.), raw",2863.0,292.0,0.0
Ukraine,1997,"Pepper (Piper spp.), raw",3467.0,651.0,0.0
Ukraine,1998,"Pepper (Piper spp.), raw",2672.0,413.0,0.0
Ukraine,1999,"Pepper (Piper spp.), raw",1711.0,23.0,0.0
Ukraine,2000,"Pepper (Piper spp.), raw",2183.0,71.0,0.0
Ukraine,2001,"Pepper (Piper spp.), raw",2730.0,67.0,0.0
Ukraine,2002,"Pepper (Piper spp.), raw",3237.0,106.0,0.0
Ukraine,2003,"Pepper (Piper spp.), raw",2621.0,96.0,0.0
Ukraine,2004,"Pepper (Piper spp.), raw",3865.0,90.0,0.0
Ukraine,2005,"Pepper (Piper spp.), raw",3908.0,106.0,0.0
Ukraine,2006,"Pepper (Piper spp.), raw",3211.0,125.0,0.0
Ukraine,2007,"Pepper (Piper spp.), raw",3297.0,120.0,0.0
Ukraine,2008,"Pepper (Piper spp.), raw",3646.0,136.0,0.0
Ukraine,2009,"Pepper (Piper spp.), raw",3354.0,142.0,0.0
Ukraine,2011,"Pepper (Piper spp.), raw",3408.0,93.0,0.0
Ukraine,2012,"Pepper (Piper spp.), raw",3375.0,118.0,0.0
Ukraine,2013,"Pepper (Piper spp.), raw",3429.0,158.0,0.0
Ukraine,2014,"Pepper (Piper spp.), raw",2899.38,158.17,0.0
Ukraine,2015,"Pepper (Piper spp.), raw",2148.65,137.03,0.0
Ukraine,2016,"Pepper (Piper spp.), raw",2248.65,105.23,0.0
Ukraine,2017,"Pepper (Piper spp.), raw",2523.1,115.82,0.0
Ukraine,2018,"Pepper (Piper spp.), raw",3133.15,94.49,0.0
Ukraine,2019,"Pepper (Piper spp.), raw",2664.47,93.71,0.0
Ukraine,2020,"Pepper (Piper spp.), raw",3228.05,144.73,0.0
Ukraine,2021,"Pepper (Piper spp.), raw",2812.58,114.18,0.0
Ukraine,2022,"Pepper (Piper spp.), raw",2636.07,86.33,0.0
Ukraine,2023,"Pepper (Piper spp.), raw",2435.95,74.6,0.0
United Arab Emirates,1993,"Pepper (Piper spp.), raw",805.0,123.0,0.0
United Arab Emirates,1994,"Pepper (Piper spp.), raw",4652.0,1000.0,0.0
United Arab Emirates,1996,"Pepper (Piper spp.), raw",9272.0,3924.0,0.0
United Arab Emirates,1997,"Pepper (Piper spp.), raw",3224.0,1300.0,0.0
United Arab Emirates,1998,"Pepper (Piper spp.), raw",4072.0,1600.0,0.0
United Arab Emirates,1999,"Pepper (Piper spp.), raw",11350.0,1700.0,0.0
United Arab Emirates,2000,"Pepper (Piper spp.), raw",14268.0,1000.0,0.0
United Arab Emirates,2001,"Pepper (Piper spp.), raw",13000.0,1000.0,0.0
United Arab Emirates,2002,"Pepper (Piper spp.), raw",7416.0,3703.0,0.0
United Arab Emirates,2003,"Pepper (Piper spp.), raw",10359.0,5924.0,0.0
United Arab Emirates,2004,"Pepper (Piper spp.), raw",1514.0,1864.0,0.0
United Arab Emirates,2005,"Pepper (Piper spp.), raw",510.0,5083.0,0.0
United Arab Emirates,2006,"Pepper (Piper spp.), raw",3422.0,843.0,0.0
United Arab Emirates,2007,"Pepper (Piper spp.), raw",10071.0,6268.0,0.0
United Arab Emirates,2008,"Pepper (Piper spp.), raw",10782.0,5901.0,0.0
United Arab Emirates,2009,"Pepper (Piper spp.), raw",1643.0,1002.0,0.0
United Arab Emirates,2010,"Pepper (Piper spp.), raw",4000.0,3191.0,0.0
United Arab Emirates,2011,"Pepper (Piper spp.), raw",2572.0,981.0,0.0
United Arab Emirates,2012,"Pepper (Piper spp.), raw",6013.0,1102.0,0.0
United Arab Emirates,2013,"Pepper (Piper spp.), raw",18467.0,1154.0,0.0
United Arab Emirates,2014,"Pepper (Piper spp.), raw",19967.4,19245.35,0.0
United Arab Emirates,2015,"Pepper (Piper spp.), raw",18363.22,18571.7,0.0
United Arab Emirates,2017,"Pepper (Piper spp.), raw",19360.86,14965.31,0.0
United Arab Emirates,2018,"Pepper (Piper spp.), raw",17256.93,12604.78,0.0
United Arab Emirates,2019,"Pepper (Piper spp.), raw",27003.29,16154.17,0.0
United Arab Emirates,2020,"Pepper (Piper spp.), raw",35358.69,17272.69,0.0
United Arab Emirates,2021,"Pepper (Piper spp.), raw",46663.9,28693.21,0.0
United Arab Emirates,2022,"Pepper (Piper spp.), raw",27613.57,30361.68,0.0
United Arab Emirates,2023,"Pepper (Piper spp.), raw",20012.48,19745.7,0.0
United Kingdom of Great Britain and Northern Ireland,1994,"Pepper (Piper spp.), raw",5828.0,562.0,0.0
United Kingdom of Great Britain and Northern Ireland,1995,"Pepper (Piper spp.), raw",6695.0,579.0,0.0
United Kingdom of Great Britain and Northern Ireland,1996,"Pepper (Piper spp.), raw",5826.0,543.0,0.0
United Kingdom of Great Britain and Northern Ireland,1997,"Pepper (Piper spp.), raw",7225.0,624.0,0.0
United Kingdom of Great Britain and Northern Ireland,1998,"Pepper (Piper spp.), raw",5744.0,1096.0,0.0
United Kingdom of Great Britain and Northern Ireland,1999,"Pepper (Piper spp.), raw",5485.0,545.0,0.0
United Kingdom of Great Britain and Northern Ireland,2000,"Pepper (Piper spp.), raw",5472.0,660.0,0.0
United Kingdom of Great Britain and Northern Ireland,2001,"Pepper (Piper spp.), raw",4910.0,1131.0,0.0
United Kingdom of Great Britain and Northern Ireland,2002,"Pepper (Piper spp.), raw",4978.0,805.0,0.0
United Kingdom of Great Britain and Northern Ireland,2003,"Pepper (Piper spp.), raw",5846.0,764.0,0.0
United Kingdom of Great Britain and Northern Ireland,2004,"Pepper (Piper spp.), raw",5464.0,641.0,0.0
United Kingdom of Great Britain and Northern Ireland,2005,"Pepper (Piper spp.), raw",6840.0,528.0,0.0
United Kingdom of Great Britain and Northern Ireland,2006,"Pepper (Piper spp.), raw",9105.0,564.0,0.0
United Kingdom of Great Britain and Northern Ireland,2007,"Pepper (Piper spp.), raw",7201.0,704.0,0.0
United Kingdom of Great Britain and Northern Ireland,2008,"Pepper (Piper spp.), raw",8066.0,656.0,0.0
United Kingdom of Great Britain and Northern Ireland,2009,"Pepper (Piper spp.), raw",7761.0,765.0,0.0
United Kingdom of Great Britain and Northern Ireland,2010,"Pepper (Piper spp.), raw",10269.0,823.0,0.0
United Kingdom of Great Britain and Northern Ireland,2011,"Pepper (Piper spp.), raw",10799.0,923.0,0.0
United Kingdom of Great Britain and Northern Ireland,2012,"Pepper (Piper spp.), raw",11944.0,923.0,0.0
United Kingdom of Great Britain and Northern Ireland,2013,"Pepper (Piper spp.), raw",12946.0,852.0,0.0
United Kingdom of Great Britain and Northern Ireland,2014,"Pepper (Piper spp.), raw",10936.39,786.0,0.0
United Kingdom of Great Britain and Northern Ireland,2015,"Pepper (Piper spp.), raw",12037.65,813.18,0.0
United Kingdom of Great Britain and Northern Ireland,2016,"Pepper (Piper spp.), raw",14270.3,980.53,0.0
United Kingdom of Great Britain and Northern Ireland,2017,"Pepper (Piper spp.), raw",12963.05,1047.78,0.0
United Kingdom of Great Britain and Northern Ireland,2018,"Pepper (Piper spp.), raw",11771.49,847.03,0.0
United Kingdom of Great Britain and Northern Ireland,2019,"Pepper (Piper spp.), raw",12721.93,980.53,0.0
United Kingdom of Great Britain and Northern Ireland,2020,"Pepper (Piper spp.), raw",13609.19,1064.24,0.0
United Kingdom of Great Britain and Northern Ireland,2021,"Pepper (Piper spp.), raw",13454.14,1077.75,0.0
United Kingdom of Great Britain and Northern Ireland,2022,"Pepper (Piper spp.), raw",12221.15,1084.57,0.0
United Republic of Tanzania,1995,"Pepper (Piper spp.), raw",4.0,0.0,0.0
United Republic of Tanzania,1996,"Pepper (Piper spp.), raw",3.0,0.0,0.0
United Republic of Tanzania,1997,"Pepper (Piper spp.), raw",1.0,6.0,20.0
United Republic of Tanzania,1998,"Pepper (Piper spp.), raw",5.0,111.0,120.0
United Republic of Tanzania,1999,"Pepper (Piper spp.), raw",1.0,187.0,200.0
United Republic of Tanzania,2000,"Pepper (Piper spp.), raw",2.0,293.0,300.0
United Republic of Tanzania,2001,"Pepper (Piper spp.), raw",4.0,232.0,386.75
United Republic of Tanzania,2002,"Pepper (Piper spp.), raw",7.0,431.0,450.0
United Republic of Tanzania,2003,"Pepper (Piper spp.), raw",23.0,259.0,400.0
United Republic of Tanzania,2004,"Pepper (Piper spp.), raw",21.0,331.0,405.07
United Republic of Tanzania,2006,"Pepper (Piper spp.), raw",20.0,0.0,450.0
United Republic of Tanzania,2007,"Pepper (Piper spp.), raw",24.0,30.0,525.26
United Republic of Tanzania,2008,"Pepper (Piper spp.), raw",42.0,26.0,535.01
United Republic of Tanzania,2009,"Pepper (Piper spp.), raw",21.0,44.0,537.53
United Republic of Tanzania,2010,"Pepper (Piper spp.), raw",40.0,59.0,490.93
United Republic of Tanzania,2012,"Pepper (Piper spp.), raw",43.0,146.0,400.0
United Republic of Tanzania,2013,"Pepper (Piper spp.), raw",46.0,92.0,400.0
United Republic of Tanzania,2015,"Pepper (Piper spp.), raw",23.41,118.62,502.32
United Republic of Tanzania,2016,"Pepper (Piper spp.), raw",33.96,188.68,433.39
United Republic of Tanzania,2017,"Pepper (Piper spp.), raw",43.55,122.44,444.52
United Republic of Tanzania,2018,"Pepper (Piper spp.), raw",19.28,186.42,437.54
United Republic of Tanzania,2019,"Pepper (Piper spp.), raw",43.29,297.88,435.81
United Republic of Tanzania,2020,"Pepper (Piper spp.), raw",50.03,332.69,439.29
United Republic of Tanzania,2021,"Pepper (Piper spp.), raw",46.79,184.58,437.55
United Republic of Tanzania,2022,"Pepper (Piper spp.), raw",53.78,348.68,437.55
United States of America,1993,"Pepper (Piper spp.), raw",42120.0,1750.0,0.0
United States of America,1994,"Pepper (Piper spp.), raw",49639.0,2330.0,0.0
United States of America,1995,"Pepper (Piper spp.), raw",40901.0,2581.0,0.0
United States of America,1996,"Pepper (Piper spp.), raw",48486.0,2828.0,0.0
United States of America,1997,"Pepper (Piper spp.), raw",52046.0,2874.0,0.0
United States of America,1998,"Pepper (Piper spp.), raw",43304.0,4221.0,0.0
United States of America,1999,"Pepper (Piper spp.), raw",56464.0,4568.0,0.0
United States of America,2000,"Pepper (Piper spp.), raw",53824.19,4364.69,0.0
United States of America,2001,"Pepper (Piper spp.), raw",57813.0,3564.0,0.0
United States of America,2002,"Pepper (Piper spp.), raw",60749.0,3337.0,0.0
United States of America,2003,"Pepper (Piper spp.), raw",63868.0,4282.0,0.0
United States of America,2004,"Pepper (Piper spp.), raw",65990.0,4370.0,0.0
United States of America,2005,"Pepper (Piper spp.), raw",66895.0,4601.0,0.0
United States of America,2007,"Pepper (Piper spp.), raw",63941.0,5310.0,0.0
United States of America,2008,"Pepper (Piper spp.), raw",64789.0,5364.0,0.0
United States of America,2009,"Pepper (Piper spp.), raw",65855.0,5472.0,0.0
United States of America,2010,"Pepper (Piper spp.), raw",70470.0,5605.0,0.0
United States of America,2011,"Pepper (Piper spp.), raw",68489.0,7110.0,0.0
United States of America,2012,"Pepper (Piper spp.), raw",62458.0,9213.0,0.0
United States of America,2013,"Pepper (Piper spp.), raw",71741.0,9730.0,0.0
United States of America,2014,"Pepper (Piper spp.), raw",68987.18,11790.17,0.0
United States of America,2015,"Pepper (Piper spp.), raw",80356.89,15933.18,0.0
United States of America,2016,"Pepper (Piper spp.), raw",75178.26,14129.47,0.0
United States of America,2017,"Pepper (Piper spp.), raw",78287.05,12947.12,0.0
United States of America,2018,"Pepper (Piper spp.), raw",74922.79,9292.37,0.0
United States of America,2019,"Pepper (Piper spp.), raw",84312.28,7890.91,0.0
United States of America,2020,"Pepper (Piper spp.), raw",86550.01,7958.63,0.0
United States of America,2021,"Pepper (Piper spp.), raw",94174.48,8620.38,0.0
United States of America,2022,"Pepper (Piper spp.), raw",87619.36,8927.16,0.0
Uruguay,1993,"Pepper (Piper spp.), raw",52.0,0.0,0.0
Uruguay,1994,"Pepper (Piper spp.), raw",91.0,0.0,0.0
Uruguay,1995,"Pepper (Piper spp.), raw",158.0,0.0,0.0
Uruguay,1996,"Pepper (Piper spp.), raw",79.0,0.0,0.0
Uruguay,1997,"Pepper (Piper spp.), raw",111.0,0.0,0.0
Uruguay,1998,"Pepper (Piper spp.), raw",123.0,0.0,0.0
Uruguay,1999,"Pepper (Piper spp.), raw",103.0,0.0,0.0
Uruguay,2000,"Pepper (Piper spp.), raw",128.44,0.0,0.0
Uruguay,2001,"Pepper (Piper spp.), raw",92.0,0.0,0.0
Uruguay,2002,"Pepper (Piper spp.), raw",102.0,0.0,0.0
Uruguay,2003,"Pepper (Piper spp.), raw",99.0,0.0,0.0
Uruguay,2004,"Pepper (Piper spp.), raw",88.0,0.0,0.0
Uruguay,2005,"Pepper (Piper spp.), raw",139.0,0.0,0.0
Uruguay,2006,"Pepper (Piper spp.), raw",95.0,0.0,0.0
Uruguay,2007,"Pepper (Piper spp.), raw",97.0,0.0,0.0
Uruguay,2008,"Pepper (Piper spp.), raw",148.0,0.0,0.0
Uruguay,2009,"Pepper (Piper spp.), raw",123.0,0.0,0.0
Uruguay,2010,"Pepper (Piper spp.), raw",146.0,0.0,0.0
Uruguay,2011,"Pepper (Piper spp.), raw",135.0,0.0,0.0
Uruguay,2012,"Pepper (Piper spp.), raw",147.0,0.0,0.0
Uruguay,2015,"Pepper (Piper spp.), raw",140.73,0.09,0.0
Uruguay,2016,"Pepper (Piper spp.), raw",146.09,0.05,0.0
Uruguay,2018,"Pepper (Piper spp.), raw",134.16,0.15,0.0
Uruguay,2019,"Pepper (Piper spp.), raw",150.67,0.38,0.0
Uruguay,2020,"Pepper (Piper spp.), raw",165.22,0.45,0.0
Uruguay,2021,"Pepper (Piper spp.), raw",145.72,0.1,0.0
Uruguay,2022,"Pepper (Piper spp.), raw",174.83,0.0,0.0
Uruguay,2023,"Pepper (Piper spp.), raw",125.64,0.11,0.0
Uzbekistan,2001,"Pepper (Piper spp.), raw",3.0,50.0,141.16
Uzbekistan,2002,"Pepper (Piper spp.), raw",0.0,28.0,146.41
Uzbekistan,2003,"Pepper (Piper spp.), raw",1.0,6.0,137.72
Uzbekistan,2004,"Pepper (Piper spp.), raw",1.0,17.0,163.7
Uzbekistan,2006,"Pepper (Piper spp.), raw",13.0,47.0,184.98
Uzbekistan,2007,"Pepper (Piper spp.), raw",1.0,127.0,200.0
Uzbekistan,2008,"Pepper (Piper spp.), raw",1.0,231.0,250.0
Uzbekistan,2010,"Pepper (Piper spp.), raw",0.0,220.0,200.0
Uzbekistan,2011,"Pepper (Piper spp.), raw",0.0,68.0,204.44
Uzbekistan,2012,"Pepper (Piper spp.), raw",5.0,80.0,200.0
Uzbekistan,2013,"Pepper (Piper spp.), raw",13.0,80.0,200.0
Uzbekistan,2014,"Pepper (Piper spp.), raw",368.74,9.67,200.0
Uzbekistan,2015,"Pepper (Piper spp.), raw",232.02,3.63,208.65
Uzbekistan,2016,"Pepper (Piper spp.), raw",245.03,90.25,202.88
Uzbekistan,2017,"Pepper (Piper spp.), raw",298.8,143.59,206.79
Uzbekistan,2018,"Pepper (Piper spp.), raw",415.95,225.66,214.51
Uzbekistan,2019,"Pepper (Piper spp.), raw",575.96,317.38,208.06
Uzbekistan,2020,"Pepper (Piper spp.), raw",539.64,380.86,209.79
Uzbekistan,2021,"Pepper (Piper spp.), raw",608.48,56.82,210.79
Uzbekistan,2022,"Pepper (Piper spp.), raw",800.5,124.89,209.55
Uzbekistan,2023,"Pepper (Piper spp.), raw",998.32,26.18,210.04
Vanuatu,1993,"Pepper (Piper spp.), raw",0.0,0.0,0.0
Vanuatu,1994,"Pepper (Piper spp.), raw",3.0,10.0,0.0
Vanuatu,1996,"Pepper (Piper spp.), raw",3.0,0.0,0.0
Vanuatu,2006,"Pepper (Piper spp.), raw",8.0,0.0,0.0
Vanuatu,2007,"Pepper (Piper spp.), raw",7.0,0.0,0.0
Vanuatu,2008,"Pepper (Piper spp.), raw",11.0,0.0,0.0
Vanuatu,2010,"Pepper (Piper spp.), raw",9.0,0.0,0.0
Vanuatu,2011,"Pepper (Piper spp.), raw",11.0,0.0,0.0
Vanuatu,2012,"Pepper (Piper spp.), raw",11.0,0.0,0.0
Vanuatu,2013,"Pepper (Piper spp.), raw",11.0,0.0,0.0
Vanuatu,2014,"Pepper (Piper spp.), raw",0.77,1.87,0.0
Vanuatu,2015,"Pepper (Piper spp.), raw",1.4,1.58,0.0
Vanuatu,2016,"Pepper (Piper spp.), raw",2.02,0.69,0.0
Vanuatu,2017,"Pepper (Piper spp.), raw",1.28,0.09,0.0
Vanuatu,2018,"Pepper (Piper spp.), raw",1.78,0.01,0.0
Vanuatu,2019,"Pepper (Piper spp.), raw",1.54,0.11,0.0
Vanuatu,2021,"Pepper (Piper spp.), raw",1.85,0.11,0.0
Vanuatu,2023,"Pepper (Piper spp.), raw",2.92,0.3,1.7
Venezuela (Bolivarian Republic of),1993,"Pepper (Piper spp.), raw",182.0,43.0,0.0
Venezuela (Bolivarian Republic of),1994,"Pepper (Piper spp.), raw",156.0,141.0,0.0
Venezuela (Bolivarian Republic of),1996,"Pepper (Piper spp.), raw",202.0,8.0,0.0
Venezuela (Bolivarian Republic of),1997,"Pepper (Piper spp.), raw",168.0,4.0,0.0
Venezuela (Bolivarian Republic of),1998,"Pepper (Piper spp.), raw",213.0,2.0,0.0
Venezuela (Bolivarian Republic of),1999,"Pepper (Piper spp.), raw",223.0,0.0,0.0
Venezuela (Bolivarian Republic of),2001,"Pepper (Piper spp.), raw",279.0,0.0,0.0
Venezuela (Bolivarian Republic of),2002,"Pepper (Piper spp.), raw",158.0,0.0,0.0
Venezuela (Bolivarian Republic of),2003,"Pepper (Piper spp.), raw",141.0,1.0,0.0
Venezuela (Bolivarian Republic of),2004,"Pepper (Piper spp.), raw",239.0,0.0,0.0
Venezuela (Bolivarian Republic of),2005,"Pepper (Piper spp.), raw",281.0,0.0,0.0
Venezuela (Bolivarian Republic of),2006,"Pepper (Piper spp.), raw",313.0,3.0,0.0
Venezuela (Bolivarian Republic of),2007,"Pepper (Piper spp.), raw",579.0,0.0,0.0
Venezuela (Bolivarian Republic of),2008,"Pepper (Piper spp.), raw",420.0,2.0,0.0
Venezuela (Bolivarian Republic of),2009,"Pepper (Piper spp.), raw",335.0,0.0,0.0
Venezuela (Bolivarian Republic of),2010,"Pepper (Piper spp.), raw",522.0,0.0,0.0
Venezuela (Bolivarian Republic of),2011,"Pepper (Piper spp.), raw",515.0,0.0,0.0
Venezuela (Bolivarian Republic of),2013,"Pepper (Piper spp.), raw",372.0,0.0,0.0
Venezuela (Bolivarian Republic of),2014,"Pepper (Piper spp.), raw",135.12,0.01,0.0
Venezuela (Bolivarian Republic of),2015,"Pepper (Piper spp.), raw",71.32,0.0,0.0
Venezuela (Bolivarian Republic of),2016,"Pepper (Piper spp.), raw",49.56,0.0,0.0
Venezuela (Bolivarian Republic of),2017,"Pepper (Piper spp.), raw",58.7,0.0,0.0
Venezuela (Bolivarian Republic of),2018,"Pepper (Piper spp.), raw",65.0,0.0,0.0
Venezuela (Bolivarian Republic of),2019,"Pepper (Piper spp.), raw",61.8,0.0,0.0
Venezuela (Bolivarian Republic of),2020,"Pepper (Piper spp.), raw",70.92,0.0,0.0
Venezuela (Bolivarian Republic of),2021,"Pepper (Piper spp.), raw",125.45,1.23,0.0
Venezuela (Bolivarian Republic of),2023,"Pepper (Piper spp.), raw",121.82,0.15,0.0
Viet Nam,2012,"Pepper (Piper spp.), raw",16874.0,116842.0,120276.0
Viet Nam,2013,"Pepper (Piper spp.), raw",14466.0,132763.0,125023.0
Viet Nam,2014,"Pepper (Piper spp.), raw",8865.06,155036.3,151761.0
Viet Nam,2015,"Pepper (Piper spp.), raw",22128.51,131544.21,176788.6
Viet Nam,2016,"Pepper (Piper spp.), raw",14391.86,178133.87,216432.03
Viet Nam,2017,"Pepper (Piper spp.), raw",12837.94,215048.58,252575.72
Viet Nam,2018,"Pepper (Piper spp.), raw",8918.0,190143.41,262658.45
Viet Nam,2019,"Pepper (Piper spp.), raw",15366.59,262917.01,264853.73
Viet Nam,2020,"Pepper (Piper spp.), raw",18943.41,259299.53,261981.46
Viet Nam,2021,"Pepper (Piper spp.), raw",15079.45,249342.28,275744.68
Viet Nam,2023,"Pepper (Piper spp.), raw",22097.82,172051.05,257427.11
Yemen,1993,"Pepper (Piper spp.), raw",1000.0,0.0,0.0
Yemen,1994,"Pepper (Piper spp.), raw",1000.0,0.0,0.0
Yemen,1995,"Pepper (Piper spp.), raw",1100.0,0.0,0.0
Yemen,1996,"Pepper (Piper spp.), raw",1100.0,0.0,0.0
Yemen,1997,"Pepper (Piper spp.), raw",0.0,0.0,0.0
Yemen,1998,"Pepper (Piper spp.), raw",463.0,0.0,0.0
Yemen,1999,"Pepper (Piper spp.), raw",419.0,15.0,0.0
Yemen,2000,"Pepper (Piper spp.), raw",387.0,57.0,0.0
Yemen,2001,"Pepper (Piper spp.), raw",600.0,80.0,0.0
Yemen,2003,"Pepper (Piper spp.), raw",547.0,51.0,0.0
Yemen,2004,"Pepper (Piper spp.), raw",388.0,328.0,0.0
Yemen,2005,"Pepper (Piper spp.), raw",1252.0,106.0,0.0
Yemen,2006,"Pepper (Piper spp.), raw",1016.0,180.0,0.0
Yemen,2007,"Pepper (Piper spp.), raw",1042.0,403.0,0.0
Yemen,2009,"Pepper (Piper spp.), raw",1828.0,177.0,0.0
Yemen,2010,"Pepper (Piper spp.), raw",84.0,0.0,0.0
Yemen,2011,"Pepper (Piper spp.), raw",659.0,146.0,0.0
Yemen,2012,"Pepper (Piper spp.), raw",927.0,125.0,0.0
Yemen,2013,"Pepper (Piper spp.), raw",1286.0,74.0,0.0
Yemen,2014,"Pepper (Piper spp.), raw",588.58,67.57,0.0
Yemen,2015,"Pepper (Piper spp.), raw",431.51,95.71,0.0
Yemen,2016,"Pepper (Piper spp.), raw",1138.97,26.23,0.0
Yemen,2017,"Pepper (Piper spp.), raw",1522.34,55.17,0.0
Yemen,2018,"Pepper (Piper spp.), raw",229.81,0.0,0.0
Yemen,2019,"Pepper (Piper spp.), raw",1550.85,1.6,0.0
Yemen,2020,"Pepper (Piper spp.), raw",3780.65,21.14,0.0
Yemen,2022,"Pepper (Piper spp.), raw",4719.61,4.84,0.0
Yemen,2023,"Pepper (Piper spp.), raw",2852.71,8.36,0.0
Zambia,1993,"Pepper (Piper spp.), raw",1.0,45.0,110.0
Zambia,1994,"Pepper (Piper spp.), raw",3.0,30.0,115.0
Zambia,1995,"Pepper (Piper spp.), raw",1.0,0.0,120.0
Zambia,1996,"Pepper (Piper spp.), raw",3.0,30.0,110.0
Zambia,1997,"Pepper (Piper spp.), raw",8.0,4.0,120.0
Zambia,1998,"Pepper (Piper spp.), raw",13.0,4.0,130.0
Zambia,1999,"Pepper (Piper spp.), raw",0.0,0.0,135.0
Zambia,2000,"Pepper (Piper spp.), raw",4.0,553.0,140.0
Zambia,2001,"Pepper (Piper spp.), raw",20.0,24.0,145.0
Zambia,2002,"Pepper (Piper spp.), raw",15.0,516.0,150.0
Zambia,2003,"Pepper (Piper spp.), raw",4.0,103.0,155.0
Zambia,2004,"Pepper (Piper spp.), raw",6.0,2.0,145.0
Zambia,2005,"Pepper (Piper spp.), raw",15.0,8.0,100.44
Zambia,2006,"Pepper (Piper spp.), raw",32.0,66.0,60.0
Zambia,2007,"Pepper (Piper spp.), raw",10.0,82.0,65.97
Zambia,2009,"Pepper (Piper spp.), raw",22.0,65.0,69.07
Zambia,2010,"Pepper (Piper spp.), raw",26.0,2.0,70.74
Zambia,2011,"Pepper (Piper spp.), raw",27.0,107.0,90.0
Zambia,2012,"Pepper (Piper spp.), raw",33.0,6.0,85.0
Zambia,2013,"Pepper (Piper spp.), raw",74.0,25.0,85.0
Zambia,2014,"Pepper (Piper spp.), raw",52.94,26.84,81.36
Zambia,2015,"Pepper (Piper spp.), raw",40.73,5.78,50.72
Zambia,2017,"Pepper (Piper spp.), raw",62.49,9.14,68.15
Zambia,2018,"Pepper (Piper spp.), raw",44.86,0.0,63.74
Zambia,2019,"Pepper (Piper spp.), raw",27.8,247.23,68.08
Zambia,2020,"Pepper (Piper spp.), raw",60.66,0.27,66.29
Zambia,2021,"Pepper (Piper spp.), raw",24.65,272.22,66.05
Zambia,2022,"Pepper (Piper spp.), raw",21.31,552.48,65.69
Zambia,2023,"Pepper (Piper spp.), raw",17.92,1601.97,65.33
Zimbabwe,1993,"Pepper (Piper spp.), raw",7.0,881.0,2478.62
Zimbabwe,1994,"Pepper (Piper spp.), raw",37.0,1591.0,2965.46
Zimbabwe,1995,"Pepper (Piper spp.), raw",30.0,579.0,3341.18
Zimbabwe,1996,"Pepper (Piper spp.), raw",37.0,1894.0,3695.21
Zimbabwe,1997,"Pepper (Piper spp.), raw",43.0,1989.0,4049.78
Zimbabwe,1998,"Pepper (Piper spp.), raw",53.0,1127.0,4409.73
Zimbabwe,1999,"Pepper (Piper spp.), raw",70.0,539.0,4776.88
Zimbabwe,2000,"Pepper (Piper spp.), raw",54.94,1180.55,5152.72
Zimbabwe,2001,"Pepper (Piper spp.), raw",105.0,57.0,5538.89
Zimbabwe,2002,"Pepper (Piper spp.), raw",46.0,2115.0,5937.34
Zimbabwe,2003,"Pepper (Piper spp.), raw",10.0,1000.0,6350.38
Zimbabwe,2004,"Pepper (Piper spp.), raw",132.0,1692.0,6780.74
Zimbabwe,2005,"Pepper (Piper spp.), raw",10.0,663.0,7830.52
Zimbabwe,2006,"Pepper (Piper spp.), raw",13.0,89.0,8390.7
Zimbabwe,2007,"Pepper (Piper spp.), raw",3.0,70.0,8975.63
Zimbabwe,2008,"Pepper (Piper spp.), raw",24.0,194.0,9583.24
Zimbabwe,2009,"Pepper (Piper spp.), raw",34.0,101.0,10211.46
Zimbabwe,2010,"Pepper (Piper spp.), raw",351.0,300.0,10865.43
Zimbabwe,2011,"Pepper (Piper spp.), raw",24.0,154.0,12426.51
Zimbabwe,2012,"Pepper (Piper spp.), raw",540.0,279.0,13230.8
Zimbabwe,2013,"Pepper (Piper spp.), raw",339.0,428.0,14047.19
Zimbabwe,2014,"Pepper (Piper spp.), raw",65.52,380.85,14873.92
Zimbabwe,2015,"Pepper (Piper spp.), raw",92.76,610.6,15708.94
Zimbabwe,2016,"Pepper (Piper spp.), raw",96.55,630.71,16550.15
Zimbabwe,2018,"Pepper (Piper spp.), raw",11.17,885.54,19194.0
Zimbabwe,2019,"Pepper (Piper spp.), raw",10.32,319.97,23584.0
Zimbabwe,2020,"Pepper (Piper spp.), raw",12.61,418.68,29152.0
Zimbabwe,2021,"Pepper (Piper spp.), raw",34.66,443.94,22468.44
Zimbabwe,2023,"Pepper (Piper spp.), raw",24.43,630.46,23123.52
