Area,Year,Item,Import,Export,Production
Afghanistan,2014,"Chillies and peppers, dry (Capsicum spp., Pimenta spp.), raw",4.08,11.01,0.0
Afghanistan,2015,"Chillies and peppers, dry (Capsicum spp., Pimenta spp.), raw",4.66,0.0,0.0
Afghanistan,2016,"Chillies and peppers, dry (Capsicum spp., Pimenta spp.), raw",5.43,2.0,0.0
Afghanistan,2018,"Chillies and peppers, dry (Capsicum spp., Pimenta spp.), raw",41.93,1.91,0.0
Afghanistan,2021,"Chillies and peppers, dry (Capsicum spp., Pimenta spp.), raw",759.94,314.13,0.0
Afghanistan,2022,"Chillies and peppers, dry (Capsicum spp., Pimenta spp.), raw",347.0,461.2,0.0
Afghanistan,2023,"Chillies and peppers, dry (Capsicum spp., Pimenta spp.), raw",61.6,222.24,0.0
Albania,1996,"Chillies and peppers, dry (Capsicum spp., Pimenta spp.), raw",5.0,0.0,0.0
Albania,1997,"Chillies and peppers, dry (Capsicum spp., Pimenta spp.), raw",2.0,0.0,0.0
Albania,1998,"Chillies and peppers, dry (Capsicum spp., Pimenta spp.), raw",11.0,0.0,0.0
Albania,1999,"Chillies and peppers, dry (Capsicum spp., Pimenta spp.), raw",24.0,0.0,0.0
Albania,2001,"Chillies and peppers, dry (Capsicum spp., Pimenta spp.), raw",6.0,2.0,0.0
Albania,2002,"Chillies and peppers, dry (Capsicum spp., Pimenta spp.), raw",8.0,15.0,0.0
Albania,2003,"Chillies and peppers, dry (Capsicum spp., Pimenta spp.), raw",9.0,0.0,0.0
Albania,2004,"Chillies and peppers, dry (Capsicum spp., Pimenta spp.), raw",20.0,0.0,0.0
Albania,2005,"Chillies and peppers, dry (Capsicum spp., Pimenta spp.), raw",9.0,0.0,0.0
Albania,2006,"Chillies and peppers, dry (Capsicum spp., Pimenta spp.), raw",18.0,0.0,0.0
Albania,2007,"Chillies and peppers, dry (Capsicum spp., Pimenta spp.), raw",11.0,0.0,0.0
Albania,2008,"Chillies and peppers, dry (Capsicum spp., Pimenta spp.), raw",13.0,0.0,0.0
Albania,2009,"Chillies and peppers, dry (Capsicum spp., Pimenta spp.), raw",10.0,0.0,0.0
Albania,2011,"Chillies and peppers, dry (Capsicum spp., Pimenta spp.), raw",13.0,0.0,0.0
Albania,2012,"Chillies and peppers, dry (Capsicum spp., Pimenta spp.), raw",9.0,0.0,0.0
Albania,2013,"Chillies and peppers, dry (Capsicum spp., Pimenta spp.), raw",21.0,0.0,0.0
Albania,2015,"Chillies and peppers, dry (Capsicum spp., Pimenta spp.), raw",7.31,0.0,0.0
Albania,2016,"Chillies and peppers, dry (Capsicum spp., Pimenta spp.), raw",15.1,0.0,0.0
Albania,2017,"Chillies and peppers, dry (Capsicum spp., Pimenta spp.), raw",4.23,0.0,0.0
Albania,2018,"Chillies and peppers, dry (Capsicum spp., Pimenta spp.), raw",23.25,0.0,0.0
Albania,2019,"Chillies and peppers, dry (Capsicum spp., Pimenta spp.), raw",4.31,0.0,0.0
Albania,2020,"Chillies and peppers, dry (Capsicum spp., Pimenta spp.), raw",26.17,0.0,0.0
Albania,2021,"Chillies and peppers, dry (Capsicum spp., Pimenta spp.), raw",18.02,0.0,0.0
Albania,2022,"Chillies and peppers, dry (Capsicum spp., Pimenta spp.), raw",674.14,4.51,0.0
Albania,2023,"Chillies and peppers, dry (Capsicum spp., Pimenta spp.), raw",836.94,3.12,0.0
Algeria,1994,"Chillies and peppers, dry (Capsicum spp., Pimenta spp.), raw",505.0,0.0,7000.0
Algeria,1995,"Chillies and peppers, dry (Capsicum spp., Pimenta spp.), raw",1044.0,0.0,7037.25
Algeria,1996,"Chillies and peppers, dry (Capsicum spp., Pimenta spp.), raw",998.0,0.0,7100.0
Algeria,1997,"Chillies and peppers, dry (Capsicum spp., Pimenta spp.), raw",1884.0,0.0,7200.0
Algeria,1998,"Chillies and peppers, dry (Capsicum spp., Pimenta spp.), raw",1920.0,0.0,7300.0
Algeria,1999,"Chillies and peppers, dry (Capsicum spp., Pimenta spp.), raw",1406.0,0.0,7400.0
Algeria,2000,"Chillies and peppers, dry (Capsicum spp., Pimenta spp.), raw",1339.0,0.0,7500.0
Algeria,2001,"Chillies and peppers, dry (Capsicum spp., Pimenta spp.), raw",1750.0,0.0,7500.0
Algeria,2002,"Chillies and peppers, dry (Capsicum spp., Pimenta spp.), raw",1289.0,0.0,7600.0
Algeria,2004,"Chillies and peppers, dry (Capsicum spp., Pimenta spp.), raw",1845.0,0.0,7678.07
Algeria,2005,"Chillies and peppers, dry (Capsicum spp., Pimenta spp.), raw",2287.0,0.0,7700.0
Algeria,2006,"Chillies and peppers, dry (Capsicum spp., Pimenta spp.), raw",1573.0,0.0,7754.81
Algeria,2007,"Chillies and peppers, dry (Capsicum spp., Pimenta spp.), raw",780.0,0.0,7740.59
Algeria,2008,"Chillies and peppers, dry (Capsicum spp., Pimenta spp.), raw",5083.0,0.0,7800.0
Algeria,2009,"Chillies and peppers, dry (Capsicum spp., Pimenta spp.), raw",5305.0,0.0,9145.03
Algeria,2010,"Chillies and peppers, dry (Capsicum spp., Pimenta spp.), raw",4809.0,0.0,10598.31
Algeria,2013,"Chillies and peppers, dry (Capsicum spp., Pimenta spp.), raw",5280.0,0.0,14500.0
Algeria,2014,"Chillies and peppers, dry (Capsicum spp., Pimenta spp.), raw",4060.87,0.0,15114.08
Algeria,2015,"Chillies and peppers, dry (Capsicum spp., Pimenta spp.), raw",5858.92,0.08,14295.7
Algeria,2016,"Chillies and peppers, dry (Capsicum spp., Pimenta spp.), raw",3866.89,0.01,14636.59
Algeria,2017,"Chillies and peppers, dry (Capsicum spp., Pimenta spp.), raw",6634.36,0.11,14839.44
Algeria,2018,"Chillies and peppers, dry (Capsicum spp., Pimenta spp.), raw",4443.72,1.19,15006.78
Algeria,2019,"Chillies and peppers, dry (Capsicum spp., Pimenta spp.), raw",4260.74,3.09,15111.19
Algeria,2020,"Chillies and peppers, dry (Capsicum spp., Pimenta spp.), raw",4123.86,18.84,15193.64
Algeria,2022,"Chillies and peppers, dry (Capsicum spp., Pimenta spp.), raw",4264.99,40.54,15348.29
Angola,1993,"Chillies and peppers, dry (Capsicum spp., Pimenta spp.), raw",0.0,0.0,0.0
Angola,1994,"Chillies and peppers, dry (Capsicum spp., Pimenta spp.), raw",0.0,0.0,0.0
Angola,1995,"Chillies and peppers, dry (Capsicum spp., Pimenta spp.), raw",0.0,0.0,0.0
Angola,1996,"Chillies and peppers, dry (Capsicum spp., Pimenta spp.), raw",0.0,0.0,0.0
Angola,1997,"Chillies and peppers, dry (Capsicum spp., Pimenta spp.), raw",0.0,0.0,0.0
Angola,1998,"Chillies and peppers, dry (Capsicum spp., Pimenta spp.), raw",0.0,0.0,0.0
Angola,1999,"Chillies and peppers, dry (Capsicum spp., Pimenta spp.), raw",0.0,0.0,0.0
Angola,2000,"Chillies and peppers, dry (Capsicum spp., Pimenta spp.), raw",0.0,0.0,0.0
Angola,2001,"Chillies and peppers, dry (Capsicum spp., Pimenta spp.), raw",0.0,0.0,0.0
Angola,2003,"Chillies and peppers, dry (Capsicum spp., Pimenta spp.), raw",4.0,0.0,0.0
Angola,2004,"Chillies and peppers, dry (Capsicum spp., Pimenta spp.), raw",38.0,0.0,0.0
Angola,2005,"Chillies and peppers, dry (Capsicum spp., Pimenta spp.), raw",4.0,0.0,0.0
Angola,2006,"Chillies and peppers, dry (Capsicum spp., Pimenta spp.), raw",8.0,0.0,0.0
Angola,2007,"Chillies and peppers, dry (Capsicum spp., Pimenta spp.), raw",15.0,0.0,0.0
Angola,2008,"Chillies and peppers, dry (Capsicum spp., Pimenta spp.), raw",11.0,0.0,0.0
Angola,2009,"Chillies and peppers, dry (Capsicum spp., Pimenta spp.), raw",24.0,0.0,0.0
Angola,2010,"Chillies and peppers, dry (Capsicum spp., Pimenta spp.), raw",36.0,0.0,0.0
Angola,2011,"Chillies and peppers, dry (Capsicum spp., Pimenta spp.), raw",24.0,0.0,0.0
Angola,2012,"Chillies and peppers, dry (Capsicum spp., Pimenta spp.), raw",30.0,0.0,0.0
Angola,2013,"Chillies and peppers, dry (Capsicum spp., Pimenta spp.), raw",17.0,0.0,0.0
Angola,2015,"Chillies and peppers, dry (Capsicum spp., Pimenta spp.), raw",19.94,0.0,0.0
Angola,2017,"Chillies and peppers, dry (Capsicum spp., Pimenta spp.), raw",30.85,0.0,0.0
Angola,2018,"Chillies and peppers, dry (Capsicum spp., Pimenta spp.), raw",41.88,0.0,0.0
Angola,2019,"Chillies and peppers, dry (Capsicum spp., Pimenta spp.), raw",101.16,0.0,0.0
Angola,2020,"Chillies and peppers, dry (Capsicum spp., Pimenta spp.), raw",59.89,0.0,0.0
Angola,2021,"Chillies and peppers, dry (Capsicum spp., Pimenta spp.), raw",74.85,0.03,0.0
Angola,2022,"Chillies and peppers, dry (Capsicum spp., Pimenta spp.), raw",66.29,0.0,0.0
Angola,2023,"Chillies and peppers, dry (Capsicum spp., Pimenta spp.), raw",62.83,0.02,0.0
Antigua and Barbuda,2005,"Chillies and peppers, dry (Capsicum spp., Pimenta spp.), raw",7.0,0.0,0.0
Antigua and Barbuda,2006,"Chillies and peppers, dry (Capsicum spp., Pimenta spp.), raw",1.0,0.0,0.0
Antigua and Barbuda,2007,"Chillies and peppers, dry (Capsicum spp., Pimenta spp.), raw",4.0,0.0,0.0
Antigua and Barbuda,2008,"Chillies and peppers, dry (Capsicum spp., Pimenta spp.), raw",1.0,0.0,0.0
Antigua and Barbuda,2009,"Chillies and peppers, dry (Capsicum spp., Pimenta spp.), raw",1.0,0.0,0.0
Antigua and Barbuda,2010,"Chillies and peppers, dry (Capsicum spp., Pimenta spp.), raw",0.0,0.0,0.0
Antigua and Barbuda,2011,"Chillies and peppers, dry (Capsicum spp., Pimenta spp.), raw",9.0,0.0,0.0
Antigua and Barbuda,2013,"Chillies and peppers, dry (Capsicum spp., Pimenta spp.), raw",16.0,0.0,0.0
Antigua and Barbuda,2014,"Chillies and peppers, dry (Capsicum spp., Pimenta spp.), raw",8.44,0.0,0.0
Antigua and Barbuda,2015,"Chillies and peppers, dry (Capsicum spp., Pimenta spp.), raw",11.78,0.0,0.0
Antigua and Barbuda,2016,"Chillies and peppers, dry (Capsicum spp., Pimenta spp.), raw",9.23,0.0,0.0
Antigua and Barbuda,2017,"Chillies and peppers, dry (Capsicum spp., Pimenta spp.), raw",22.49,0.0,0.0
Antigua and Barbuda,2019,"Chillies and peppers, dry (Capsicum spp., Pimenta spp.), raw",19.32,0.0,0.0
Antigua and Barbuda,2020,"Chillies and peppers, dry (Capsicum spp., Pimenta spp.), raw",20.14,0.0,0.0
Antigua and Barbuda,2021,"Chillies and peppers, dry (Capsicum spp., Pimenta spp.), raw",20.37,0.0,0.0
Antigua and Barbuda,2023,"Chillies and peppers, dry (Capsicum spp., Pimenta spp.), raw",18.86,0.0,0.0
Argentina,1993,"Chillies and peppers, dry (Capsicum spp., Pimenta spp.), raw",1069.0,97.0,3100.0
Argentina,1994,"Chillies and peppers, dry (Capsicum spp., Pimenta spp.), raw",643.0,191.0,3084.99
Argentina,1995,"Chillies and peppers, dry (Capsicum spp., Pimenta spp.), raw",770.0,199.0,3164.08
Argentina,1996,"Chillies and peppers, dry (Capsicum spp., Pimenta spp.), raw",522.0,132.0,3125.5
Argentina,1997,"Chillies and peppers, dry (Capsicum spp., Pimenta spp.), raw",897.0,160.0,3137.41
Argentina,1998,"Chillies and peppers, dry (Capsicum spp., Pimenta spp.), raw",524.0,92.0,3148.65
Argentina,1999,"Chillies and peppers, dry (Capsicum spp., Pimenta spp.), raw",503.0,233.0,3200.0
Argentina,2000,"Chillies and peppers, dry (Capsicum spp., Pimenta spp.), raw",458.25,80.25,3100.0
Argentina,2001,"Chillies and peppers, dry (Capsicum spp., Pimenta spp.), raw",388.0,222.0,3155.79
Argentina,2002,"Chillies and peppers, dry (Capsicum spp., Pimenta spp.), raw",91.0,165.0,3200.0
Argentina,2003,"Chillies and peppers, dry (Capsicum spp., Pimenta spp.), raw",77.0,175.0,3166.94
Argentina,2004,"Chillies and peppers, dry (Capsicum spp., Pimenta spp.), raw",82.0,160.0,3167.0
Argentina,2005,"Chillies and peppers, dry (Capsicum spp., Pimenta spp.), raw",110.0,240.0,3168.84
Argentina,2006,"Chillies and peppers, dry (Capsicum spp., Pimenta spp.), raw",79.0,288.0,3200.0
Argentina,2008,"Chillies and peppers, dry (Capsicum spp., Pimenta spp.), raw",703.0,62.0,3196.43
Argentina,2009,"Chillies and peppers, dry (Capsicum spp., Pimenta spp.), raw",588.0,53.0,3177.53
Argentina,2010,"Chillies and peppers, dry (Capsicum spp., Pimenta spp.), raw",84.0,53.0,3164.9
Argentina,2011,"Chillies and peppers, dry (Capsicum spp., Pimenta spp.), raw",556.0,64.0,3152.06
Argentina,2013,"Chillies and peppers, dry (Capsicum spp., Pimenta spp.), raw",636.0,55.0,3167.29
Argentina,2014,"Chillies and peppers, dry (Capsicum spp., Pimenta spp.), raw",374.43,38.62,3191.85
Argentina,2015,"Chillies and peppers, dry (Capsicum spp., Pimenta spp.), raw",827.34,41.71,3171.41
Argentina,2016,"Chillies and peppers, dry (Capsicum spp., Pimenta spp.), raw",1067.25,39.89,3174.18
Argentina,2017,"Chillies and peppers, dry (Capsicum spp., Pimenta spp.), raw",900.32,45.76,3180.98
Argentina,2018,"Chillies and peppers, dry (Capsicum spp., Pimenta spp.), raw",1101.79,27.08,3187.25
Argentina,2019,"Chillies and peppers, dry (Capsicum spp., Pimenta spp.), raw",1450.06,20.38,3190.13
Argentina,2020,"Chillies and peppers, dry (Capsicum spp., Pimenta spp.), raw",2036.58,36.36,3186.04
Argentina,2022,"Chillies and peppers, dry (Capsicum spp., Pimenta spp.), raw",1662.35,19.61,3181.53
Argentina,2023,"Chillies and peppers, dry (Capsicum spp., Pimenta spp.), raw",1896.28,18.11,3182.56
Armenia,1999,"Chillies and peppers, dry (Capsicum spp., Pimenta spp.), raw",0.0,0.0,0.0
Armenia,2000,"Chillies and peppers, dry (Capsicum spp., Pimenta spp.), raw",11.0,0.0,0.0
Armenia,2001,"Chillies and peppers, dry (Capsicum spp., Pimenta spp.), raw",18.0,0.0,0.0
Armenia,2002,"Chillies and peppers, dry (Capsicum spp., Pimenta spp.), raw",34.0,0.0,0.0
Armenia,2004,"Chillies and peppers, dry (Capsicum spp., Pimenta spp.), raw",44.0,1.0,0.0
Armenia,2006,"Chillies and peppers, dry (Capsicum spp., Pimenta spp.), raw",23.0,0.0,0.0
Armenia,2007,"Chillies and peppers, dry (Capsicum spp., Pimenta spp.), raw",22.0,0.0,0.0
Armenia,2008,"Chillies and peppers, dry (Capsicum spp., Pimenta spp.), raw",27.0,0.0,0.0
Armenia,2009,"Chillies and peppers, dry (Capsicum spp., Pimenta spp.), raw",40.0,0.0,0.0
Armenia,2010,"Chillies and peppers, dry (Capsicum spp., Pimenta spp.), raw",49.0,0.0,0.0
Armenia,2011,"Chillies and peppers, dry (Capsicum spp., Pimenta spp.), raw",56.0,3.0,0.0
Armenia,2012,"Chillies and peppers, dry (Capsicum spp., Pimenta spp.), raw",45.0,2.0,0.0
Armenia,2013,"Chillies and peppers, dry (Capsicum spp., Pimenta spp.), raw",47.0,1.0,0.0
Armenia,2014,"Chillies and peppers, dry (Capsicum spp., Pimenta spp.), raw",55.93,0.04,0.0
Armenia,2015,"Chillies and peppers, dry (Capsicum spp., Pimenta spp.), raw",265.08,0.77,0.0
Armenia,2016,"Chillies and peppers, dry (Capsicum spp., Pimenta spp.), raw",136.0,0.0,0.0
Armenia,2017,"Chillies and peppers, dry (Capsicum spp., Pimenta spp.), raw",232.04,0.02,0.0
Armenia,2018,"Chillies and peppers, dry (Capsicum spp., Pimenta spp.), raw",197.76,0.7,0.0
Armenia,2019,"Chillies and peppers, dry (Capsicum spp., Pimenta spp.), raw",152.01,0.16,0.0
Armenia,2020,"Chillies and peppers, dry (Capsicum spp., Pimenta spp.), raw",338.46,2.94,0.0
Armenia,2021,"Chillies and peppers, dry (Capsicum spp., Pimenta spp.), raw",264.31,1.67,0.0
Armenia,2022,"Chillies and peppers, dry (Capsicum spp., Pimenta spp.), raw",375.6,3.33,0.0
Armenia,2023,"Chillies and peppers, dry (Capsicum spp., Pimenta spp.), raw",445.6,1.33,0.0
Australia,1993,"Chillies and peppers, dry (Capsicum spp., Pimenta spp.), raw",1054.0,26.0,0.0
Australia,1994,"Chillies and peppers, dry (Capsicum spp., Pimenta spp.), raw",1205.0,8.0,0.0
Australia,1995,"Chillies and peppers, dry (Capsicum spp., Pimenta spp.), raw",1000.0,5.0,0.0
Australia,1996,"Chillies and peppers, dry (Capsicum spp., Pimenta spp.), raw",1597.0,211.0,0.0
Australia,1997,"Chillies and peppers, dry (Capsicum spp., Pimenta spp.), raw",1000.0,43.0,0.0
Australia,1998,"Chillies and peppers, dry (Capsicum spp., Pimenta spp.), raw",890.0,10.0,0.0
Australia,1999,"Chillies and peppers, dry (Capsicum spp., Pimenta spp.), raw",1475.0,217.0,0.0
Australia,2000,"Chillies and peppers, dry (Capsicum spp., Pimenta spp.), raw",1585.0,269.0,0.0
Australia,2001,"Chillies and peppers, dry (Capsicum spp., Pimenta spp.), raw",1826.0,132.0,0.0
Australia,2002,"Chillies and peppers, dry (Capsicum spp., Pimenta spp.), raw",1927.0,43.0,0.0
Australia,2003,"Chillies and peppers, dry (Capsicum spp., Pimenta spp.), raw",1855.0,51.0,0.0
Australia,2004,"Chillies and peppers, dry (Capsicum spp., Pimenta spp.), raw",2036.0,54.0,0.0
Australia,2005,"Chillies and peppers, dry (Capsicum spp., Pimenta spp.), raw",2105.0,34.0,0.0
Australia,2006,"Chillies and peppers, dry (Capsicum spp., Pimenta spp.), raw",2378.0,18.0,0.0
Australia,2007,"Chillies and peppers, dry (Capsicum spp., Pimenta spp.), raw",2551.0,24.0,0.0
Australia,2008,"Chillies and peppers, dry (Capsicum spp., Pimenta spp.), raw",2486.0,50.0,0.0
Australia,2009,"Chillies and peppers, dry (Capsicum spp., Pimenta spp.), raw",2748.0,45.0,0.0
Australia,2010,"Chillies and peppers, dry (Capsicum spp., Pimenta spp.), raw",2624.0,36.0,0.0
Australia,2011,"Chillies and peppers, dry (Capsicum spp., Pimenta spp.), raw",2718.0,80.0,0.0
Australia,2012,"Chillies and peppers, dry (Capsicum spp., Pimenta spp.), raw",3423.0,62.0,0.0
Australia,2013,"Chillies and peppers, dry (Capsicum spp., Pimenta spp.), raw",3340.0,26.0,0.0
Australia,2014,"Chillies and peppers, dry (Capsicum spp., Pimenta spp.), raw",4927.04,22.67,0.0
Australia,2015,"Chillies and peppers, dry (Capsicum spp., Pimenta spp.), raw",5729.11,59.88,0.0
Australia,2016,"Chillies and peppers, dry (Capsicum spp., Pimenta spp.), raw",6233.03,173.44,0.0
Australia,2017,"Chillies and peppers, dry (Capsicum spp., Pimenta spp.), raw",4190.25,116.55,0.0
Australia,2018,"Chillies and peppers, dry (Capsicum spp., Pimenta spp.), raw",4502.85,172.18,0.0
Australia,2019,"Chillies and peppers, dry (Capsicum spp., Pimenta spp.), raw",4671.2,220.15,0.0
Australia,2020,"Chillies and peppers, dry (Capsicum spp., Pimenta spp.), raw",4842.12,157.83,0.0
Australia,2021,"Chillies and peppers, dry (Capsicum spp., Pimenta spp.), raw",5392.71,212.6,0.0
Australia,2022,"Chillies and peppers, dry (Capsicum spp., Pimenta spp.), raw",5657.72,177.52,0.0
Australia,2023,"Chillies and peppers, dry (Capsicum spp., Pimenta spp.), raw",5187.74,131.96,0.0
Austria,1993,"Chillies and peppers, dry (Capsicum spp., Pimenta spp.), raw",1574.0,90.0,0.0
Austria,1994,"Chillies and peppers, dry (Capsicum spp., Pimenta spp.), raw",1750.0,101.0,0.0
Austria,1995,"Chillies and peppers, dry (Capsicum spp., Pimenta spp.), raw",1773.0,314.0,0.0
Austria,1996,"Chillies and peppers, dry (Capsicum spp., Pimenta spp.), raw",2296.0,149.0,0.0
Austria,1997,"Chillies and peppers, dry (Capsicum spp., Pimenta spp.), raw",2946.0,681.0,0.0
Austria,1998,"Chillies and peppers, dry (Capsicum spp., Pimenta spp.), raw",3042.0,508.0,0.0
Austria,1999,"Chillies and peppers, dry (Capsicum spp., Pimenta spp.), raw",3019.0,465.0,0.0
Austria,2001,"Chillies and peppers, dry (Capsicum spp., Pimenta spp.), raw",2642.0,619.0,0.0
Austria,2002,"Chillies and peppers, dry (Capsicum spp., Pimenta spp.), raw",2788.0,766.0,0.0
Austria,2003,"Chillies and peppers, dry (Capsicum spp., Pimenta spp.), raw",2903.0,785.0,0.0
Austria,2004,"Chillies and peppers, dry (Capsicum spp., Pimenta spp.), raw",3158.0,701.0,0.0
Austria,2005,"Chillies and peppers, dry (Capsicum spp., Pimenta spp.), raw",2935.0,582.0,0.0
Austria,2006,"Chillies and peppers, dry (Capsicum spp., Pimenta spp.), raw",3165.0,689.0,0.0
Austria,2007,"Chillies and peppers, dry (Capsicum spp., Pimenta spp.), raw",2907.0,709.0,0.0
Austria,2008,"Chillies and peppers, dry (Capsicum spp., Pimenta spp.), raw",3223.0,992.0,0.0
Austria,2009,"Chillies and peppers, dry (Capsicum spp., Pimenta spp.), raw",3276.0,977.0,0.0
Austria,2010,"Chillies and peppers, dry (Capsicum spp., Pimenta spp.), raw",3458.0,1036.0,0.0
Austria,2012,"Chillies and peppers, dry (Capsicum spp., Pimenta spp.), raw",2960.0,955.0,0.0
Austria,2013,"Chillies and peppers, dry (Capsicum spp., Pimenta spp.), raw",3163.0,1053.0,0.0
Austria,2014,"Chillies and peppers, dry (Capsicum spp., Pimenta spp.), raw",3386.56,1026.58,0.0
Austria,2015,"Chillies and peppers, dry (Capsicum spp., Pimenta spp.), raw",3240.04,863.72,0.0
Austria,2016,"Chillies and peppers, dry (Capsicum spp., Pimenta spp.), raw",3384.3,1072.88,0.0
Austria,2017,"Chillies and peppers, dry (Capsicum spp., Pimenta spp.), raw",3381.48,1125.64,0.0
Austria,2018,"Chillies and peppers, dry (Capsicum spp., Pimenta spp.), raw",3891.46,1170.15,0.0
Austria,2019,"Chillies and peppers, dry (Capsicum spp., Pimenta spp.), raw",3906.36,1354.88,0.0
Austria,2020,"Chillies and peppers, dry (Capsicum spp., Pimenta spp.), raw",4408.27,1515.36,0.0
Austria,2021,"Chillies and peppers, dry (Capsicum spp., Pimenta spp.), raw",4354.11,1634.91,0.0
Austria,2023,"Chillies and peppers, dry (Capsicum spp., Pimenta spp.), raw",4628.39,1967.01,0.0
Azerbaijan,1999,"Chillies and peppers, dry (Capsicum spp., Pimenta spp.), raw",4.0,0.0,0.0
Azerbaijan,2000,"Chillies and peppers, dry (Capsicum spp., Pimenta spp.), raw",0.0,0.0,0.0
Azerbaijan,2001,"Chillies and peppers, dry (Capsicum spp., Pimenta spp.), raw",0.0,0.0,0.0
Azerbaijan,2002,"Chillies and peppers, dry (Capsicum spp., Pimenta spp.), raw",2.0,0.0,0.0
Azerbaijan,2003,"Chillies and peppers, dry (Capsicum spp., Pimenta spp.), raw",5.0,0.0,0.0
Azerbaijan,2004,"Chillies and peppers, dry (Capsicum spp., Pimenta spp.), raw",2.0,0.0,0.0
Azerbaijan,2006,"Chillies and peppers, dry (Capsicum spp., Pimenta spp.), raw",4.0,13.0,0.0
Azerbaijan,2007,"Chillies and peppers, dry (Capsicum spp., Pimenta spp.), raw",53.0,0.0,0.0
Azerbaijan,2008,"Chillies and peppers, dry (Capsicum spp., Pimenta spp.), raw",9.0,0.0,0.0
Azerbaijan,2009,"Chillies and peppers, dry (Capsicum spp., Pimenta spp.), raw",23.0,0.0,0.0
Azerbaijan,2010,"Chillies and peppers, dry (Capsicum spp., Pimenta spp.), raw",23.0,0.0,0.0
Azerbaijan,2011,"Chillies and peppers, dry (Capsicum spp., Pimenta spp.), raw",45.0,0.0,0.0
Azerbaijan,2012,"Chillies and peppers, dry (Capsicum spp., Pimenta spp.), raw",63.0,0.0,0.0
Azerbaijan,2013,"Chillies and peppers, dry (Capsicum spp., Pimenta spp.), raw",33.0,0.0,0.0
Azerbaijan,2014,"Chillies and peppers, dry (Capsicum spp., Pimenta spp.), raw",46.7,0.0,0.0
Azerbaijan,2015,"Chillies and peppers, dry (Capsicum spp., Pimenta spp.), raw",106.6,0.0,0.0
Azerbaijan,2016,"Chillies and peppers, dry (Capsicum spp., Pimenta spp.), raw",146.27,0.0,0.0
Azerbaijan,2018,"Chillies and peppers, dry (Capsicum spp., Pimenta spp.), raw",142.85,0.0,0.0
Azerbaijan,2019,"Chillies and peppers, dry (Capsicum spp., Pimenta spp.), raw",149.41,0.0,0.0
Azerbaijan,2020,"Chillies and peppers, dry (Capsicum spp., Pimenta spp.), raw",172.8,0.0,0.0
Azerbaijan,2022,"Chillies and peppers, dry (Capsicum spp., Pimenta spp.), raw",292.43,0.0,0.0
Azerbaijan,2023,"Chillies and peppers, dry (Capsicum spp., Pimenta spp.), raw",429.74,0.0,0.0
Bahamas,2000,"Chillies and peppers, dry (Capsicum spp., Pimenta spp.), raw",1.0,0.0,0.0
Bahamas,2001,"Chillies and peppers, dry (Capsicum spp., Pimenta spp.), raw",2.0,0.0,0.0
Bahamas,2002,"Chillies and peppers, dry (Capsicum spp., Pimenta spp.), raw",1.0,0.0,0.0
Bahamas,2003,"Chillies and peppers, dry (Capsicum spp., Pimenta spp.), raw",2.0,0.0,0.0
Bahamas,2005,"Chillies and peppers, dry (Capsicum spp., Pimenta spp.), raw",1.0,0.0,0.0
Bahamas,2006,"Chillies and peppers, dry (Capsicum spp., Pimenta spp.), raw",2.0,0.0,0.0
Bahamas,2007,"Chillies and peppers, dry (Capsicum spp., Pimenta spp.), raw",2.0,0.0,0.0
Bahamas,2008,"Chillies and peppers, dry (Capsicum spp., Pimenta spp.), raw",1.0,0.0,0.0
Bahamas,2009,"Chillies and peppers, dry (Capsicum spp., Pimenta spp.), raw",1.0,0.0,0.0
Bahamas,2010,"Chillies and peppers, dry (Capsicum spp., Pimenta spp.), raw",1.0,0.0,0.0
Bahamas,2012,"Chillies and peppers, dry (Capsicum spp., Pimenta spp.), raw",3.0,0.0,0.0
Bahamas,2013,"Chillies and peppers, dry (Capsicum spp., Pimenta spp.), raw",1.0,0.0,0.0
Bahamas,2014,"Chillies and peppers, dry (Capsicum spp., Pimenta spp.), raw",0.42,0.0,0.0
Bahamas,2015,"Chillies and peppers, dry (Capsicum spp., Pimenta spp.), raw",3.54,0.0,0.0
Bahamas,2016,"Chillies and peppers, dry (Capsicum spp., Pimenta spp.), raw",3.03,0.0,0.0
Bahamas,2017,"Chillies and peppers, dry (Capsicum spp., Pimenta spp.), raw",5.29,0.0,0.0
Bahamas,2018,"Chillies and peppers, dry (Capsicum spp., Pimenta spp.), raw",9.59,0.0,0.0
Bahamas,2019,"Chillies and peppers, dry (Capsicum spp., Pimenta spp.), raw",8.1,0.0,0.0
Bahamas,2020,"Chillies and peppers, dry (Capsicum spp., Pimenta spp.), raw",3.05,0.0,0.0
Bahamas,2021,"Chillies and peppers, dry (Capsicum spp., Pimenta spp.), raw",3.13,0.0,0.0
Bahamas,2022,"Chillies and peppers, dry (Capsicum spp., Pimenta spp.), raw",15.99,0.0,0.0
Bahamas,2023,"Chillies and peppers, dry (Capsicum spp., Pimenta spp.), raw",16.98,0.0,0.0
Bahrain,1993,"Chillies and peppers, dry (Capsicum spp., Pimenta spp.), raw",0.0,0.0,0.0
Bahrain,1994,"Chillies and peppers, dry (Capsicum spp., Pimenta spp.), raw",0.0,0.0,0.0
Bahrain,1995,"Chillies and peppers, dry (Capsicum spp., Pimenta spp.), raw",0.0,0.0,0.0
Bahrain,1996,"Chillies and peppers, dry (Capsicum spp., Pimenta spp.), raw",0.0,0.0,0.0
Bahrain,1997,"Chillies and peppers, dry (Capsicum spp., Pimenta spp.), raw",0.0,0.0,0.0
Bahrain,1998,"Chillies and peppers, dry (Capsicum spp., Pimenta spp.), raw",0.0,0.0,0.0
Bahrain,1999,"Chillies and peppers, dry (Capsicum spp., Pimenta spp.), raw",0.0,0.0,0.0
Bahrain,2000,"Chillies and peppers, dry (Capsicum spp., Pimenta spp.), raw",61.0,0.0,0.0
Bahrain,2001,"Chillies and peppers, dry (Capsicum spp., Pimenta spp.), raw",56.0,0.0,0.0
Bahrain,2002,"Chillies and peppers, dry (Capsicum spp., Pimenta spp.), raw",66.0,0.0,0.0
Bahrain,2003,"Chillies and peppers, dry (Capsicum spp., Pimenta spp.), raw",59.0,0.0,0.0
Bahrain,2004,"Chillies and peppers, dry (Capsicum spp., Pimenta spp.), raw",59.0,0.0,0.0
Bahrain,2006,"Chillies and peppers, dry (Capsicum spp., Pimenta spp.), raw",40.0,0.0,0.0
Bahrain,2007,"Chillies and peppers, dry (Capsicum spp., Pimenta spp.), raw",97.0,0.0,0.0
Bahrain,2009,"Chillies and peppers, dry (Capsicum spp., Pimenta spp.), raw",201.0,0.0,0.0
Bahrain,2010,"Chillies and peppers, dry (Capsicum spp., Pimenta spp.), raw",329.0,0.0,0.0
Bahrain,2011,"Chillies and peppers, dry (Capsicum spp., Pimenta spp.), raw",272.0,0.0,0.0
Bahrain,2012,"Chillies and peppers, dry (Capsicum spp., Pimenta spp.), raw",424.0,0.0,0.0
Bahrain,2013,"Chillies and peppers, dry (Capsicum spp., Pimenta spp.), raw",380.0,1.0,0.0
Bahrain,2014,"Chillies and peppers, dry (Capsicum spp., Pimenta spp.), raw",523.26,9.01,0.0
Bahrain,2015,"Chillies and peppers, dry (Capsicum spp., Pimenta spp.), raw",639.83,10.36,0.0
Bahrain,2016,"Chillies and peppers, dry (Capsicum spp., Pimenta spp.), raw",749.99,7.68,0.0
Bahrain,2017,"Chillies and peppers, dry (Capsicum spp., Pimenta spp.), raw",789.95,26.04,0.0
Bahrain,2018,"Chillies and peppers, dry (Capsicum spp., Pimenta spp.), raw",793.18,43.91,0.0
Bahrain,2019,"Chillies and peppers, dry (Capsicum spp., Pimenta spp.), raw",743.02,41.08,0.0
Bahrain,2021,"Chillies and peppers, dry (Capsicum spp., Pimenta spp.), raw",828.18,71.78,0.0
Bahrain,2022,"Chillies and peppers, dry (Capsicum spp., Pimenta spp.), raw",851.89,97.64,0.0
Bahrain,2023,"Chillies and peppers, dry (Capsicum spp., Pimenta spp.), raw",815.79,77.79,0.0
Bangladesh,1994,"Chillies and peppers, dry (Capsicum spp., Pimenta spp.), raw",5296.0,5.0,53890.0
Bangladesh,1995,"Chillies and peppers, dry (Capsicum spp., Pimenta spp.), raw",768.0,64.0,52670.0
Bangladesh,1996,"Chillies and peppers, dry (Capsicum spp., Pimenta spp.), raw",10306.0,33.0,52550.0
Bangladesh,1997,"Chillies and peppers, dry (Capsicum spp., Pimenta spp.), raw",49.0,77.0,52215.0
Bangladesh,1998,"Chillies and peppers, dry (Capsicum spp., Pimenta spp.), raw",59.0,12.0,52820.0
Bangladesh,1999,"Chillies and peppers, dry (Capsicum spp., Pimenta spp.), raw",9661.0,7.0,142000.0
Bangladesh,2000,"Chillies and peppers, dry (Capsicum spp., Pimenta spp.), raw",280.0,4.0,143000.0
Bangladesh,2001,"Chillies and peppers, dry (Capsicum spp., Pimenta spp.), raw",2400.0,10.0,141000.0
Bangladesh,2002,"Chillies and peppers, dry (Capsicum spp., Pimenta spp.), raw",16012.0,2.0,136000.0
Bangladesh,2003,"Chillies and peppers, dry (Capsicum spp., Pimenta spp.), raw",14418.0,8.0,137325.0
Bangladesh,2004,"Chillies and peppers, dry (Capsicum spp., Pimenta spp.), raw",18441.0,31.0,138740.0
Bangladesh,2006,"Chillies and peppers, dry (Capsicum spp., Pimenta spp.), raw",2300.0,19.0,155430.0
Bangladesh,2007,"Chillies and peppers, dry (Capsicum spp., Pimenta spp.), raw",31704.0,103.0,153955.0
Bangladesh,2008,"Chillies and peppers, dry (Capsicum spp., Pimenta spp.), raw",2229.0,129.0,117765.0
Bangladesh,2009,"Chillies and peppers, dry (Capsicum spp., Pimenta spp.), raw",26640.0,50.0,109337.0
Bangladesh,2010,"Chillies and peppers, dry (Capsicum spp., Pimenta spp.), raw",28079.0,127.0,109350.0
Bangladesh,2012,"Chillies and peppers, dry (Capsicum spp., Pimenta spp.), raw",21878.0,237.0,126000.0
Bangladesh,2013,"Chillies and peppers, dry (Capsicum spp., Pimenta spp.), raw",28863.0,312.0,102000.0
Bangladesh,2014,"Chillies and peppers, dry (Capsicum spp., Pimenta spp.), raw",26934.95,835.16,110000.0
Bangladesh,2015,"Chillies and peppers, dry (Capsicum spp., Pimenta spp.), raw",35153.49,85.88,123207.0
Bangladesh,2017,"Chillies and peppers, dry (Capsicum spp., Pimenta spp.), raw",8672.0,627.6,136872.0
Bangladesh,2018,"Chillies and peppers, dry (Capsicum spp., Pimenta spp.), raw",3743.0,561.41,141177.0
Bangladesh,2019,"Chillies and peppers, dry (Capsicum spp., Pimenta spp.), raw",19028.03,750.62,149473.0
Bangladesh,2020,"Chillies and peppers, dry (Capsicum spp., Pimenta spp.), raw",65844.26,1134.3,157607.0
Bangladesh,2021,"Chillies and peppers, dry (Capsicum spp., Pimenta spp.), raw",47323.72,1477.48,492681.0
Bangladesh,2022,"Chillies and peppers, dry (Capsicum spp., Pimenta spp.), raw",33286.86,1081.58,624825.0
Bangladesh,2023,"Chillies and peppers, dry (Capsicum spp., Pimenta spp.), raw",71459.01,948.21,662833.0
Barbados,1994,"Chillies and peppers, dry (Capsicum spp., Pimenta spp.), raw",22.0,1.0,0.0
Barbados,1995,"Chillies and peppers, dry (Capsicum spp., Pimenta spp.), raw",32.0,1.0,0.0
Barbados,1996,"Chillies and peppers, dry (Capsicum spp., Pimenta spp.), raw",36.0,1.0,0.0
Barbados,1997,"Chillies and peppers, dry (Capsicum spp., Pimenta spp.), raw",39.0,0.0,0.0
Barbados,1998,"Chillies and peppers, dry (Capsicum spp., Pimenta spp.), raw",14.0,1.0,0.0
Barbados,1999,"Chillies and peppers, dry (Capsicum spp., Pimenta spp.), raw",44.0,0.0,0.0
Barbados,2000,"Chillies and peppers, dry (Capsicum spp., Pimenta spp.), raw",6.0,0.0,0.0
Barbados,2001,"Chillies and peppers, dry (Capsicum spp., Pimenta spp.), raw",44.0,0.0,0.0
Barbados,2002,"Chillies and peppers, dry (Capsicum spp., Pimenta spp.), raw",45.0,0.0,0.0
Barbados,2003,"Chillies and peppers, dry (Capsicum spp., Pimenta spp.), raw",44.0,0.0,0.0
Barbados,2004,"Chillies and peppers, dry (Capsicum spp., Pimenta spp.), raw",40.0,0.0,0.0
Barbados,2005,"Chillies and peppers, dry (Capsicum spp., Pimenta spp.), raw",67.0,0.0,0.0
Barbados,2006,"Chillies and peppers, dry (Capsicum spp., Pimenta spp.), raw",48.0,0.0,0.0
Barbados,2007,"Chillies and peppers, dry (Capsicum spp., Pimenta spp.), raw",62.0,0.0,0.0
Barbados,2008,"Chillies and peppers, dry (Capsicum spp., Pimenta spp.), raw",58.0,0.0,0.0
Barbados,2010,"Chillies and peppers, dry (Capsicum spp., Pimenta spp.), raw",58.0,0.0,0.0
Barbados,2011,"Chillies and peppers, dry (Capsicum spp., Pimenta spp.), raw",44.0,0.0,0.0
Barbados,2012,"Chillies and peppers, dry (Capsicum spp., Pimenta spp.), raw",57.0,0.0,0.0
Barbados,2013,"Chillies and peppers, dry (Capsicum spp., Pimenta spp.), raw",54.0,0.0,0.0
Barbados,2014,"Chillies and peppers, dry (Capsicum spp., Pimenta spp.), raw",49.56,0.0,0.0
Barbados,2015,"Chillies and peppers, dry (Capsicum spp., Pimenta spp.), raw",54.96,0.0,0.0
Barbados,2016,"Chillies and peppers, dry (Capsicum spp., Pimenta spp.), raw",74.71,0.03,0.0
Barbados,2017,"Chillies and peppers, dry (Capsicum spp., Pimenta spp.), raw",58.33,0.0,0.0
Barbados,2018,"Chillies and peppers, dry (Capsicum spp., Pimenta spp.), raw",67.16,0.0,0.0
Barbados,2020,"Chillies and peppers, dry (Capsicum spp., Pimenta spp.), raw",62.56,0.0,0.0
Barbados,2021,"Chillies and peppers, dry (Capsicum spp., Pimenta spp.), raw",53.0,0.0,0.0
Barbados,2022,"Chillies and peppers, dry (Capsicum spp., Pimenta spp.), raw",80.83,0.13,0.0
Barbados,2023,"Chillies and peppers, dry (Capsicum spp., Pimenta spp.), raw",75.64,0.1,0.0
Belarus,1998,"Chillies and peppers, dry (Capsicum spp., Pimenta spp.), raw",54.0,13.0,0.0
Belarus,1999,"Chillies and peppers, dry (Capsicum spp., Pimenta spp.), raw",38.0,21.0,0.0
Belarus,2001,"Chillies and peppers, dry (Capsicum spp., Pimenta spp.), raw",109.0,4.0,0.0
Belarus,2002,"Chillies and peppers, dry (Capsicum spp., Pimenta spp.), raw",88.0,3.0,0.0
Belarus,2003,"Chillies and peppers, dry (Capsicum spp., Pimenta spp.), raw",67.0,0.0,0.0
Belarus,2004,"Chillies and peppers, dry (Capsicum spp., Pimenta spp.), raw",83.0,0.0,0.0
Belarus,2005,"Chillies and peppers, dry (Capsicum spp., Pimenta spp.), raw",101.0,0.0,0.0
Belarus,2006,"Chillies and peppers, dry (Capsicum spp., Pimenta spp.), raw",94.0,0.0,0.0
Belarus,2007,"Chillies and peppers, dry (Capsicum spp., Pimenta spp.), raw",81.0,0.0,0.0
Belarus,2009,"Chillies and peppers, dry (Capsicum spp., Pimenta spp.), raw",119.0,0.0,0.0
Belarus,2010,"Chillies and peppers, dry (Capsicum spp., Pimenta spp.), raw",164.0,0.0,0.0
Belarus,2011,"Chillies and peppers, dry (Capsicum spp., Pimenta spp.), raw",168.0,0.0,0.0
Belarus,2012,"Chillies and peppers, dry (Capsicum spp., Pimenta spp.), raw",139.0,2.0,0.0
Belarus,2013,"Chillies and peppers, dry (Capsicum spp., Pimenta spp.), raw",156.0,1.0,0.0
Belarus,2014,"Chillies and peppers, dry (Capsicum spp., Pimenta spp.), raw",136.11,15.22,0.0
Belarus,2015,"Chillies and peppers, dry (Capsicum spp., Pimenta spp.), raw",138.0,0.09,0.0
Belarus,2016,"Chillies and peppers, dry (Capsicum spp., Pimenta spp.), raw",151.37,7.93,0.0
Belarus,2017,"Chillies and peppers, dry (Capsicum spp., Pimenta spp.), raw",202.23,5.39,0.0
Belarus,2018,"Chillies and peppers, dry (Capsicum spp., Pimenta spp.), raw",213.1,7.55,0.0
Belarus,2019,"Chillies and peppers, dry (Capsicum spp., Pimenta spp.), raw",238.87,4.78,0.0
Belarus,2020,"Chillies and peppers, dry (Capsicum spp., Pimenta spp.), raw",293.3,13.74,0.0
Belarus,2022,"Chillies and peppers, dry (Capsicum spp., Pimenta spp.), raw",56.93,6.87,0.0
Belarus,2023,"Chillies and peppers, dry (Capsicum spp., Pimenta spp.), raw",65.37,0.25,0.0
Belgium,2000,"Chillies and peppers, dry (Capsicum spp., Pimenta spp.), raw",1469.0,538.0,0.0
Belgium,2001,"Chillies and peppers, dry (Capsicum spp., Pimenta spp.), raw",1741.0,430.0,0.0
Belgium,2002,"Chillies and peppers, dry (Capsicum spp., Pimenta spp.), raw",1810.0,789.0,0.0
Belgium,2003,"Chillies and peppers, dry (Capsicum spp., Pimenta spp.), raw",1892.0,942.0,0.0
Belgium,2004,"Chillies and peppers, dry (Capsicum spp., Pimenta spp.), raw",1928.0,1078.0,0.0
Belgium,2005,"Chillies and peppers, dry (Capsicum spp., Pimenta spp.), raw",2206.0,1435.0,0.0
Belgium,2006,"Chillies and peppers, dry (Capsicum spp., Pimenta spp.), raw",2727.0,1952.0,0.0
Belgium,2007,"Chillies and peppers, dry (Capsicum spp., Pimenta spp.), raw",3984.0,3061.0,0.0
Belgium,2009,"Chillies and peppers, dry (Capsicum spp., Pimenta spp.), raw",3550.0,2443.0,0.0
Belgium,2010,"Chillies and peppers, dry (Capsicum spp., Pimenta spp.), raw",3174.0,1960.0,0.0
Belgium,2011,"Chillies and peppers, dry (Capsicum spp., Pimenta spp.), raw",3379.0,2130.0,0.0
Belgium,2012,"Chillies and peppers, dry (Capsicum spp., Pimenta spp.), raw",3295.0,1783.0,0.0
Belgium,2013,"Chillies and peppers, dry (Capsicum spp., Pimenta spp.), raw",3398.0,1999.0,0.0
Belgium,2014,"Chillies and peppers, dry (Capsicum spp., Pimenta spp.), raw",3454.57,2233.11,0.0
Belgium,2015,"Chillies and peppers, dry (Capsicum spp., Pimenta spp.), raw",3215.63,1562.2,0.0
Belgium,2016,"Chillies and peppers, dry (Capsicum spp., Pimenta spp.), raw",3351.68,1765.66,0.0
Belgium,2017,"Chillies and peppers, dry (Capsicum spp., Pimenta spp.), raw",3481.85,1882.57,0.0
Belgium,2018,"Chillies and peppers, dry (Capsicum spp., Pimenta spp.), raw",3627.57,1723.91,0.0
Belgium,2019,"Chillies and peppers, dry (Capsicum spp., Pimenta spp.), raw",3162.44,2053.51,0.0
Belgium,2020,"Chillies and peppers, dry (Capsicum spp., Pimenta spp.), raw",3104.72,1839.62,0.0
Belgium,2021,"Chillies and peppers, dry (Capsicum spp., Pimenta spp.), raw",3680.54,2068.4,0.0
Belgium,2022,"Chillies and peppers, dry (Capsicum spp., Pimenta spp.), raw",4024.25,2036.86,0.0
Belgium-Luxembourg,1993,"Chillies and peppers, dry (Capsicum spp., Pimenta spp.), raw",876.0,220.0,0.0
Belgium-Luxembourg,1994,"Chillies and peppers, dry (Capsicum spp., Pimenta spp.), raw",1081.0,453.0,0.0
Belgium-Luxembourg,1996,"Chillies and peppers, dry (Capsicum spp., Pimenta spp.), raw",1013.0,472.0,0.0
Belgium-Luxembourg,1997,"Chillies and peppers, dry (Capsicum spp., Pimenta spp.), raw",1259.0,546.0,0.0
Belgium-Luxembourg,1998,"Chillies and peppers, dry (Capsicum spp., Pimenta spp.), raw",1495.0,600.0,0.0
Belgium-Luxembourg,1999,"Chillies and peppers, dry (Capsicum spp., Pimenta spp.), raw",1123.0,310.0,0.0
Belize,1993,"Chillies and peppers, dry (Capsicum spp., Pimenta spp.), raw",5.0,0.0,0.0
Belize,1994,"Chillies and peppers, dry (Capsicum spp., Pimenta spp.), raw",5.0,0.0,0.0
Belize,1995,"Chillies and peppers, dry (Capsicum spp., Pimenta spp.), raw",5.0,0.0,0.0
Belize,1997,"Chillies and peppers, dry (Capsicum spp., Pimenta spp.), raw",12.0,0.0,0.0
Belize,1998,"Chillies and peppers, dry (Capsicum spp., Pimenta spp.), raw",11.0,0.0,0.0
Belize,1999,"Chillies and peppers, dry (Capsicum spp., Pimenta spp.), raw",11.0,0.0,0.0
Belize,2000,"Chillies and peppers, dry (Capsicum spp., Pimenta spp.), raw",5.0,0.0,0.0
Belize,2001,"Chillies and peppers, dry (Capsicum spp., Pimenta spp.), raw",11.0,0.0,0.0
Belize,2004,"Chillies and peppers, dry (Capsicum spp., Pimenta spp.), raw",0.0,0.0,0.0
Belize,2005,"Chillies and peppers, dry (Capsicum spp., Pimenta spp.), raw",13.0,0.0,0.0
Belize,2006,"Chillies and peppers, dry (Capsicum spp., Pimenta spp.), raw",15.0,0.0,0.0
Belize,2007,"Chillies and peppers, dry (Capsicum spp., Pimenta spp.), raw",16.0,0.0,0.0
Belize,2008,"Chillies and peppers, dry (Capsicum spp., Pimenta spp.), raw",18.0,0.0,0.0
Belize,2009,"Chillies and peppers, dry (Capsicum spp., Pimenta spp.), raw",18.0,0.0,0.0
Belize,2010,"Chillies and peppers, dry (Capsicum spp., Pimenta spp.), raw",32.0,0.0,0.0
Belize,2011,"Chillies and peppers, dry (Capsicum spp., Pimenta spp.), raw",35.0,0.0,0.0
Belize,2013,"Chillies and peppers, dry (Capsicum spp., Pimenta spp.), raw",17.0,0.0,0.0
Belize,2014,"Chillies and peppers, dry (Capsicum spp., Pimenta spp.), raw",38.0,0.0,0.0
Belize,2015,"Chillies and peppers, dry (Capsicum spp., Pimenta spp.), raw",17.0,0.0,0.0
Belize,2016,"Chillies and peppers, dry (Capsicum spp., Pimenta spp.), raw",22.0,0.0,0.0
Belize,2018,"Chillies and peppers, dry (Capsicum spp., Pimenta spp.), raw",0.32,0.0,0.0
Belize,2019,"Chillies and peppers, dry (Capsicum spp., Pimenta spp.), raw",10.43,0.0,0.0
Belize,2020,"Chillies and peppers, dry (Capsicum spp., Pimenta spp.), raw",13.99,0.0,0.0
Belize,2021,"Chillies and peppers, dry (Capsicum spp., Pimenta spp.), raw",35.05,0.0,0.0
Belize,2022,"Chillies and peppers, dry (Capsicum spp., Pimenta spp.), raw",20.24,0.0,0.0
Benin,1993,"Chillies and peppers, dry (Capsicum spp., Pimenta spp.), raw",0.0,0.0,15000.0
Benin,1994,"Chillies and peppers, dry (Capsicum spp., Pimenta spp.), raw",0.0,4.0,14599.0
Benin,1996,"Chillies and peppers, dry (Capsicum spp., Pimenta spp.), raw",0.0,0.0,18337.0
Benin,1997,"Chillies and peppers, dry (Capsicum spp., Pimenta spp.), raw",0.0,15.0,16000.0
Benin,1998,"Chillies and peppers, dry (Capsicum spp., Pimenta spp.), raw",1.0,4.0,15000.0
Benin,2000,"Chillies and peppers, dry (Capsicum spp., Pimenta spp.), raw",0.0,29.0,14834.38
Benin,2001,"Chillies and peppers, dry (Capsicum spp., Pimenta spp.), raw",0.0,67.0,15344.28
Benin,2002,"Chillies and peppers, dry (Capsicum spp., Pimenta spp.), raw",0.0,43.0,15554.28
Benin,2004,"Chillies and peppers, dry (Capsicum spp., Pimenta spp.), raw",1.0,41.0,14500.0
Benin,2005,"Chillies and peppers, dry (Capsicum spp., Pimenta spp.), raw",0.0,14.0,18951.84
Benin,2006,"Chillies and peppers, dry (Capsicum spp., Pimenta spp.), raw",2.0,11.0,19804.39
Benin,2007,"Chillies and peppers, dry (Capsicum spp., Pimenta spp.), raw",9.0,129.0,27384.0
Benin,2008,"Chillies and peppers, dry (Capsicum spp., Pimenta spp.), raw",7.0,116.0,44930.0
Benin,2009,"Chillies and peppers, dry (Capsicum spp., Pimenta spp.), raw",1.0,7.0,25867.0
Benin,2010,"Chillies and peppers, dry (Capsicum spp., Pimenta spp.), raw",1.0,5.0,38432.0
Benin,2011,"Chillies and peppers, dry (Capsicum spp., Pimenta spp.), raw",1.0,46.0,38542.0
Benin,2012,"Chillies and peppers, dry (Capsicum spp., Pimenta spp.), raw",5.0,15.0,46865.3
Benin,2013,"Chillies and peppers, dry (Capsicum spp., Pimenta spp.), raw",3.0,26.0,54434.53
Benin,2014,"Chillies and peppers, dry (Capsicum spp., Pimenta spp.), raw",24.9,22.91,75952.91
Benin,2015,"Chillies and peppers, dry (Capsicum spp., Pimenta spp.), raw",18.26,0.0,75721.83
Benin,2016,"Chillies and peppers, dry (Capsicum spp., Pimenta spp.), raw",89.3,6.12,88268.18
Benin,2018,"Chillies and peppers, dry (Capsicum spp., Pimenta spp.), raw",33.66,5.06,102135.71
Benin,2019,"Chillies and peppers, dry (Capsicum spp., Pimenta spp.), raw",279.25,12.0,86829.97
Benin,2020,"Chillies and peppers, dry (Capsicum spp., Pimenta spp.), raw",448.38,1.73,108933.69
Benin,2021,"Chillies and peppers, dry (Capsicum spp., Pimenta spp.), raw",245.47,8.84,137047.1
Benin,2022,"Chillies and peppers, dry (Capsicum spp., Pimenta spp.), raw",454.67,0.0,133411.51
Bhutan,1994,"Chillies and peppers, dry (Capsicum spp., Pimenta spp.), raw",11.0,117.0,99.97
Bhutan,1995,"Chillies and peppers, dry (Capsicum spp., Pimenta spp.), raw",11.0,100.0,100.06
Bhutan,1996,"Chillies and peppers, dry (Capsicum spp., Pimenta spp.), raw",11.0,100.0,100.14
Bhutan,1997,"Chillies and peppers, dry (Capsicum spp., Pimenta spp.), raw",23.0,34.0,100.22
Bhutan,1998,"Chillies and peppers, dry (Capsicum spp., Pimenta spp.), raw",23.0,70.0,100.29
Bhutan,1999,"Chillies and peppers, dry (Capsicum spp., Pimenta spp.), raw",23.0,70.0,100.37
Bhutan,2000,"Chillies and peppers, dry (Capsicum spp., Pimenta spp.), raw",23.0,70.0,100.44
Bhutan,2001,"Chillies and peppers, dry (Capsicum spp., Pimenta spp.), raw",23.0,70.0,100.51
Bhutan,2002,"Chillies and peppers, dry (Capsicum spp., Pimenta spp.), raw",23.0,70.0,100.57
Bhutan,2003,"Chillies and peppers, dry (Capsicum spp., Pimenta spp.), raw",23.0,70.0,100.63
Bhutan,2004,"Chillies and peppers, dry (Capsicum spp., Pimenta spp.), raw",23.0,70.0,100.58
Bhutan,2005,"Chillies and peppers, dry (Capsicum spp., Pimenta spp.), raw",23.0,70.0,100.62
Bhutan,2006,"Chillies and peppers, dry (Capsicum spp., Pimenta spp.), raw",23.0,70.0,100.69
Bhutan,2007,"Chillies and peppers, dry (Capsicum spp., Pimenta spp.), raw",23.0,70.0,100.75
Bhutan,2008,"Chillies and peppers, dry (Capsicum spp., Pimenta spp.), raw",46.0,70.0,100.81
Bhutan,2009,"Chillies and peppers, dry (Capsicum spp., Pimenta spp.), raw",46.0,70.0,100.86
Bhutan,2011,"Chillies and peppers, dry (Capsicum spp., Pimenta spp.), raw",101.0,0.0,100.95
Bhutan,2013,"Chillies and peppers, dry (Capsicum spp., Pimenta spp.), raw",110.0,0.0,101.08
Bhutan,2014,"Chillies and peppers, dry (Capsicum spp., Pimenta spp.), raw",122.99,0.0,101.17
Bhutan,2015,"Chillies and peppers, dry (Capsicum spp., Pimenta spp.), raw",170.19,0.0,100.0
Bhutan,2016,"Chillies and peppers, dry (Capsicum spp., Pimenta spp.), raw",201.86,0.0,112.0
Bhutan,2017,"Chillies and peppers, dry (Capsicum spp., Pimenta spp.), raw",429.51,0.0,128.16
Bhutan,2018,"Chillies and peppers, dry (Capsicum spp., Pimenta spp.), raw",132.73,0.0,148.73
Bhutan,2019,"Chillies and peppers, dry (Capsicum spp., Pimenta spp.), raw",184.02,0.0,169.0
Bhutan,2020,"Chillies and peppers, dry (Capsicum spp., Pimenta spp.), raw",413.68,0.0,170.0
Bhutan,2021,"Chillies and peppers, dry (Capsicum spp., Pimenta spp.), raw",469.83,0.02,171.23
Bhutan,2022,"Chillies and peppers, dry (Capsicum spp., Pimenta spp.), raw",261.66,0.03,182.72
Bhutan,2023,"Chillies and peppers, dry (Capsicum spp., Pimenta spp.), raw",279.67,0.01,193.58
Bolivia (Plurinational State of),1994,"Chillies and peppers, dry (Capsicum spp., Pimenta spp.), raw",1.0,0.0,0.0
Bolivia (Plurinational State of),1995,"Chillies and peppers, dry (Capsicum spp., Pimenta spp.), raw",2.0,1.0,0.0
Bolivia (Plurinational State of),1996,"Chillies and peppers, dry (Capsicum spp., Pimenta spp.), raw",2.0,1.0,0.0
Bolivia (Plurinational State of),1997,"Chillies and peppers, dry (Capsicum spp., Pimenta spp.), raw",1.0,0.0,0.0
Bolivia (Plurinational State of),1998,"Chillies and peppers, dry (Capsicum spp., Pimenta spp.), raw",2.0,4.0,0.0
Bolivia (Plurinational State of),1999,"Chillies and peppers, dry (Capsicum spp., Pimenta spp.), raw",3.47,15.46,0.0
Bolivia (Plurinational State of),2000,"Chillies and peppers, dry (Capsicum spp., Pimenta spp.), raw",25.1,10.12,0.0
Bolivia (Plurinational State of),2002,"Chillies and peppers, dry (Capsicum spp., Pimenta spp.), raw",2.0,13.0,0.0
Bolivia (Plurinational State of),2003,"Chillies and peppers, dry (Capsicum spp., Pimenta spp.), raw",2.0,20.0,0.0
Bolivia (Plurinational State of),2004,"Chillies and peppers, dry (Capsicum spp., Pimenta spp.), raw",1.0,31.0,0.0
Bolivia (Plurinational State of),2005,"Chillies and peppers, dry (Capsicum spp., Pimenta spp.), raw",2.0,48.0,0.0
Bolivia (Plurinational State of),2008,"Chillies and peppers, dry (Capsicum spp., Pimenta spp.), raw",7.0,29.0,0.0
Bolivia (Plurinational State of),2009,"Chillies and peppers, dry (Capsicum spp., Pimenta spp.), raw",1.0,43.0,0.0
Bolivia (Plurinational State of),2010,"Chillies and peppers, dry (Capsicum spp., Pimenta spp.), raw",12.0,39.0,0.0
Bolivia (Plurinational State of),2011,"Chillies and peppers, dry (Capsicum spp., Pimenta spp.), raw",5.0,20.0,0.0
Bolivia (Plurinational State of),2012,"Chillies and peppers, dry (Capsicum spp., Pimenta spp.), raw",14.0,10.0,0.0
Bolivia (Plurinational State of),2013,"Chillies and peppers, dry (Capsicum spp., Pimenta spp.), raw",28.0,19.0,0.0
Bolivia (Plurinational State of),2014,"Chillies and peppers, dry (Capsicum spp., Pimenta spp.), raw",37.22,9.69,0.0
Bolivia (Plurinational State of),2015,"Chillies and peppers, dry (Capsicum spp., Pimenta spp.), raw",24.54,13.28,0.0
Bolivia (Plurinational State of),2016,"Chillies and peppers, dry (Capsicum spp., Pimenta spp.), raw",346.01,10.1,0.0
Bolivia (Plurinational State of),2017,"Chillies and peppers, dry (Capsicum spp., Pimenta spp.), raw",863.38,26.32,0.0
Bolivia (Plurinational State of),2018,"Chillies and peppers, dry (Capsicum spp., Pimenta spp.), raw",814.82,33.39,0.0
Bolivia (Plurinational State of),2019,"Chillies and peppers, dry (Capsicum spp., Pimenta spp.), raw",773.79,29.97,0.0
Bolivia (Plurinational State of),2020,"Chillies and peppers, dry (Capsicum spp., Pimenta spp.), raw",592.28,66.05,0.0
Bolivia (Plurinational State of),2021,"Chillies and peppers, dry (Capsicum spp., Pimenta spp.), raw",106.49,68.9,0.0
Bolivia (Plurinational State of),2022,"Chillies and peppers, dry (Capsicum spp., Pimenta spp.), raw",40.22,75.82,0.0
Bosnia and Herzegovina,1993,"Chillies and peppers, dry (Capsicum spp., Pimenta spp.), raw",70.0,0.0,38500.0
Bosnia and Herzegovina,1994,"Chillies and peppers, dry (Capsicum spp., Pimenta spp.), raw",270.0,0.0,37804.76
Bosnia and Herzegovina,1995,"Chillies and peppers, dry (Capsicum spp., Pimenta spp.), raw",70.0,0.0,38000.0
Bosnia and Herzegovina,1996,"Chillies and peppers, dry (Capsicum spp., Pimenta spp.), raw",205.0,0.0,37000.0
Bosnia and Herzegovina,1997,"Chillies and peppers, dry (Capsicum spp., Pimenta spp.), raw",110.0,0.0,36290.64
Bosnia and Herzegovina,1998,"Chillies and peppers, dry (Capsicum spp., Pimenta spp.), raw",100.0,0.0,35783.0
Bosnia and Herzegovina,1999,"Chillies and peppers, dry (Capsicum spp., Pimenta spp.), raw",175.0,0.0,42147.0
Bosnia and Herzegovina,2000,"Chillies and peppers, dry (Capsicum spp., Pimenta spp.), raw",170.0,0.0,28817.0
Bosnia and Herzegovina,2001,"Chillies and peppers, dry (Capsicum spp., Pimenta spp.), raw",790.0,100.0,30000.0
Bosnia and Herzegovina,2002,"Chillies and peppers, dry (Capsicum spp., Pimenta spp.), raw",500.0,130.0,31681.81
Bosnia and Herzegovina,2003,"Chillies and peppers, dry (Capsicum spp., Pimenta spp.), raw",200.0,19.0,30983.52
Bosnia and Herzegovina,2004,"Chillies and peppers, dry (Capsicum spp., Pimenta spp.), raw",412.0,15.0,30321.21
Bosnia and Herzegovina,2005,"Chillies and peppers, dry (Capsicum spp., Pimenta spp.), raw",538.0,19.0,29672.33
Bosnia and Herzegovina,2006,"Chillies and peppers, dry (Capsicum spp., Pimenta spp.), raw",433.0,7.0,30795.89
Bosnia and Herzegovina,2007,"Chillies and peppers, dry (Capsicum spp., Pimenta spp.), raw",422.0,9.0,30391.54
Bosnia and Herzegovina,2008,"Chillies and peppers, dry (Capsicum spp., Pimenta spp.), raw",464.0,10.0,29977.32
Bosnia and Herzegovina,2009,"Chillies and peppers, dry (Capsicum spp., Pimenta spp.), raw",459.0,32.0,29561.78
Bosnia and Herzegovina,2010,"Chillies and peppers, dry (Capsicum spp., Pimenta spp.), raw",444.0,12.0,29129.48
Bosnia and Herzegovina,2011,"Chillies and peppers, dry (Capsicum spp., Pimenta spp.), raw",436.0,21.0,28686.9
Bosnia and Herzegovina,2012,"Chillies and peppers, dry (Capsicum spp., Pimenta spp.), raw",491.0,43.0,28000.0
Bosnia and Herzegovina,2013,"Chillies and peppers, dry (Capsicum spp., Pimenta spp.), raw",418.0,9.0,27464.97
Bosnia and Herzegovina,2014,"Chillies and peppers, dry (Capsicum spp., Pimenta spp.), raw",467.84,12.13,27000.0
Bosnia and Herzegovina,2015,"Chillies and peppers, dry (Capsicum spp., Pimenta spp.), raw",476.94,18.05,26288.95
Bosnia and Herzegovina,2016,"Chillies and peppers, dry (Capsicum spp., Pimenta spp.), raw",465.61,15.49,25760.83
Bosnia and Herzegovina,2018,"Chillies and peppers, dry (Capsicum spp., Pimenta spp.), raw",480.57,12.32,24590.12
Bosnia and Herzegovina,2020,"Chillies and peppers, dry (Capsicum spp., Pimenta spp.), raw",473.23,16.92,24225.22
Bosnia and Herzegovina,2021,"Chillies and peppers, dry (Capsicum spp., Pimenta spp.), raw",522.86,21.36,24333.57
Bosnia and Herzegovina,2022,"Chillies and peppers, dry (Capsicum spp., Pimenta spp.), raw",508.94,42.77,24248.06
Bosnia and Herzegovina,2023,"Chillies and peppers, dry (Capsicum spp., Pimenta spp.), raw",467.43,16.69,24268.95
Botswana,1993,"Chillies and peppers, dry (Capsicum spp., Pimenta spp.), raw",34.0,0.0,0.0
Botswana,1994,"Chillies and peppers, dry (Capsicum spp., Pimenta spp.), raw",21.0,0.0,0.0
Botswana,1995,"Chillies and peppers, dry (Capsicum spp., Pimenta spp.), raw",5.0,0.0,0.0
Botswana,1996,"Chillies and peppers, dry (Capsicum spp., Pimenta spp.), raw",1.0,0.0,0.0
Botswana,1997,"Chillies and peppers, dry (Capsicum spp., Pimenta spp.), raw",1.0,0.0,0.0
Botswana,1998,"Chillies and peppers, dry (Capsicum spp., Pimenta spp.), raw",1.0,0.0,0.0
Botswana,2000,"Chillies and peppers, dry (Capsicum spp., Pimenta spp.), raw",4.0,0.0,0.0
Botswana,2001,"Chillies and peppers, dry (Capsicum spp., Pimenta spp.), raw",3.0,0.0,0.0
Botswana,2002,"Chillies and peppers, dry (Capsicum spp., Pimenta spp.), raw",5.0,0.0,0.0
Botswana,2004,"Chillies and peppers, dry (Capsicum spp., Pimenta spp.), raw",1.0,1.0,0.0
Botswana,2005,"Chillies and peppers, dry (Capsicum spp., Pimenta spp.), raw",2.0,1.0,0.0
Botswana,2006,"Chillies and peppers, dry (Capsicum spp., Pimenta spp.), raw",6.0,1.0,0.0
Botswana,2008,"Chillies and peppers, dry (Capsicum spp., Pimenta spp.), raw",47.0,0.0,0.0
Botswana,2009,"Chillies and peppers, dry (Capsicum spp., Pimenta spp.), raw",11.0,0.0,0.0
Botswana,2010,"Chillies and peppers, dry (Capsicum spp., Pimenta spp.), raw",6.0,0.0,0.0
Botswana,2011,"Chillies and peppers, dry (Capsicum spp., Pimenta spp.), raw",21.0,0.0,0.0
Botswana,2012,"Chillies and peppers, dry (Capsicum spp., Pimenta spp.), raw",1.0,0.0,0.0
Botswana,2013,"Chillies and peppers, dry (Capsicum spp., Pimenta spp.), raw",22.0,0.0,0.0
Botswana,2014,"Chillies and peppers, dry (Capsicum spp., Pimenta spp.), raw",13.39,0.0,0.0
Botswana,2015,"Chillies and peppers, dry (Capsicum spp., Pimenta spp.), raw",39.46,0.02,0.0
Botswana,2016,"Chillies and peppers, dry (Capsicum spp., Pimenta spp.), raw",48.33,0.0,0.0
Botswana,2017,"Chillies and peppers, dry (Capsicum spp., Pimenta spp.), raw",43.8,0.07,0.0
Botswana,2018,"Chillies and peppers, dry (Capsicum spp., Pimenta spp.), raw",33.62,0.03,0.0
Botswana,2019,"Chillies and peppers, dry (Capsicum spp., Pimenta spp.), raw",33.19,0.06,0.0
Botswana,2020,"Chillies and peppers, dry (Capsicum spp., Pimenta spp.), raw",40.02,0.01,0.0
Botswana,2021,"Chillies and peppers, dry (Capsicum spp., Pimenta spp.), raw",37.24,0.0,0.0
Botswana,2022,"Chillies and peppers, dry (Capsicum spp., Pimenta spp.), raw",6.06,0.11,0.0
Botswana,2023,"Chillies and peppers, dry (Capsicum spp., Pimenta spp.), raw",5.14,0.0,0.0
Brazil,1993,"Chillies and peppers, dry (Capsicum spp., Pimenta spp.), raw",72.0,53.0,0.0
Brazil,1994,"Chillies and peppers, dry (Capsicum spp., Pimenta spp.), raw",163.0,80.0,0.0
Brazil,1995,"Chillies and peppers, dry (Capsicum spp., Pimenta spp.), raw",137.0,6.0,0.0
Brazil,1996,"Chillies and peppers, dry (Capsicum spp., Pimenta spp.), raw",127.0,23.0,0.0
Brazil,1997,"Chillies and peppers, dry (Capsicum spp., Pimenta spp.), raw",119.0,7.0,0.0
Brazil,1998,"Chillies and peppers, dry (Capsicum spp., Pimenta spp.), raw",711.0,547.0,0.0
Brazil,1999,"Chillies and peppers, dry (Capsicum spp., Pimenta spp.), raw",297.0,1079.0,0.0
Brazil,2000,"Chillies and peppers, dry (Capsicum spp., Pimenta spp.), raw",151.43,4071.54,0.0
Brazil,2001,"Chillies and peppers, dry (Capsicum spp., Pimenta spp.), raw",681.0,6171.0,0.0
Brazil,2002,"Chillies and peppers, dry (Capsicum spp., Pimenta spp.), raw",397.0,6085.0,0.0
Brazil,2004,"Chillies and peppers, dry (Capsicum spp., Pimenta spp.), raw",575.0,8391.0,0.0
Brazil,2005,"Chillies and peppers, dry (Capsicum spp., Pimenta spp.), raw",808.0,8948.0,0.0
Brazil,2006,"Chillies and peppers, dry (Capsicum spp., Pimenta spp.), raw",1048.0,4604.0,0.0
Brazil,2008,"Chillies and peppers, dry (Capsicum spp., Pimenta spp.), raw",1016.0,5243.0,0.0
Brazil,2009,"Chillies and peppers, dry (Capsicum spp., Pimenta spp.), raw",865.0,8624.0,0.0
Brazil,2010,"Chillies and peppers, dry (Capsicum spp., Pimenta spp.), raw",1098.0,2212.0,0.0
Brazil,2011,"Chillies and peppers, dry (Capsicum spp., Pimenta spp.), raw",992.0,377.0,0.0
Brazil,2012,"Chillies and peppers, dry (Capsicum spp., Pimenta spp.), raw",1326.0,3202.0,0.0
Brazil,2013,"Chillies and peppers, dry (Capsicum spp., Pimenta spp.), raw",1243.0,1805.0,0.0
Brazil,2014,"Chillies and peppers, dry (Capsicum spp., Pimenta spp.), raw",1359.68,1766.77,0.0
Brazil,2015,"Chillies and peppers, dry (Capsicum spp., Pimenta spp.), raw",1268.56,1488.76,0.0
Brazil,2016,"Chillies and peppers, dry (Capsicum spp., Pimenta spp.), raw",1821.89,964.36,0.0
Brazil,2017,"Chillies and peppers, dry (Capsicum spp., Pimenta spp.), raw",1732.66,2071.95,0.0
Brazil,2018,"Chillies and peppers, dry (Capsicum spp., Pimenta spp.), raw",2045.89,2081.88,0.0
Brazil,2019,"Chillies and peppers, dry (Capsicum spp., Pimenta spp.), raw",2584.77,2265.86,0.0
Brazil,2020,"Chillies and peppers, dry (Capsicum spp., Pimenta spp.), raw",3606.98,1969.33,0.0
Brazil,2021,"Chillies and peppers, dry (Capsicum spp., Pimenta spp.), raw",3647.41,1900.66,0.0
Brazil,2022,"Chillies and peppers, dry (Capsicum spp., Pimenta spp.), raw",4281.36,1689.09,0.0
Brazil,2023,"Chillies and peppers, dry (Capsicum spp., Pimenta spp.), raw",4612.59,2231.99,0.0
Brunei Darussalam,1993,"Chillies and peppers, dry (Capsicum spp., Pimenta spp.), raw",400.0,0.0,0.0
Brunei Darussalam,1994,"Chillies and peppers, dry (Capsicum spp., Pimenta spp.), raw",385.0,0.0,0.0
Brunei Darussalam,1995,"Chillies and peppers, dry (Capsicum spp., Pimenta spp.), raw",450.0,0.0,0.0
Brunei Darussalam,1996,"Chillies and peppers, dry (Capsicum spp., Pimenta spp.), raw",300.0,0.0,0.0
Brunei Darussalam,1998,"Chillies and peppers, dry (Capsicum spp., Pimenta spp.), raw",99.0,0.0,0.0
Brunei Darussalam,1999,"Chillies and peppers, dry (Capsicum spp., Pimenta spp.), raw",270.0,0.0,0.0
Brunei Darussalam,2000,"Chillies and peppers, dry (Capsicum spp., Pimenta spp.), raw",180.0,0.0,0.0
Brunei Darussalam,2001,"Chillies and peppers, dry (Capsicum spp., Pimenta spp.), raw",490.0,0.0,0.0
Brunei Darussalam,2002,"Chillies and peppers, dry (Capsicum spp., Pimenta spp.), raw",483.0,0.0,0.0
Brunei Darussalam,2003,"Chillies and peppers, dry (Capsicum spp., Pimenta spp.), raw",402.0,1.0,0.0
Brunei Darussalam,2004,"Chillies and peppers, dry (Capsicum spp., Pimenta spp.), raw",222.0,1.0,0.0
Brunei Darussalam,2005,"Chillies and peppers, dry (Capsicum spp., Pimenta spp.), raw",144.0,0.0,0.0
Brunei Darussalam,2006,"Chillies and peppers, dry (Capsicum spp., Pimenta spp.), raw",103.0,0.0,0.0
Brunei Darussalam,2007,"Chillies and peppers, dry (Capsicum spp., Pimenta spp.), raw",201.0,0.0,0.0
Brunei Darussalam,2008,"Chillies and peppers, dry (Capsicum spp., Pimenta spp.), raw",184.0,0.0,0.0
Brunei Darussalam,2009,"Chillies and peppers, dry (Capsicum spp., Pimenta spp.), raw",236.0,0.0,0.0
Brunei Darussalam,2010,"Chillies and peppers, dry (Capsicum spp., Pimenta spp.), raw",264.0,0.0,0.0
Brunei Darussalam,2011,"Chillies and peppers, dry (Capsicum spp., Pimenta spp.), raw",240.0,0.0,0.0
Brunei Darussalam,2012,"Chillies and peppers, dry (Capsicum spp., Pimenta spp.), raw",205.0,0.0,0.0
Brunei Darussalam,2014,"Chillies and peppers, dry (Capsicum spp., Pimenta spp.), raw",220.2,0.01,0.0
Brunei Darussalam,2015,"Chillies and peppers, dry (Capsicum spp., Pimenta spp.), raw",215.12,0.01,0.0
Brunei Darussalam,2016,"Chillies and peppers, dry (Capsicum spp., Pimenta spp.), raw",215.83,0.0,0.0
Brunei Darussalam,2017,"Chillies and peppers, dry (Capsicum spp., Pimenta spp.), raw",301.95,0.0,0.0
Brunei Darussalam,2019,"Chillies and peppers, dry (Capsicum spp., Pimenta spp.), raw",346.73,0.04,0.0
Brunei Darussalam,2020,"Chillies and peppers, dry (Capsicum spp., Pimenta spp.), raw",231.07,0.0,0.0
Brunei Darussalam,2021,"Chillies and peppers, dry (Capsicum spp., Pimenta spp.), raw",268.01,0.0,0.0
Brunei Darussalam,2023,"Chillies and peppers, dry (Capsicum spp., Pimenta spp.), raw",355.41,0.19,0.0
Bulgaria,1994,"Chillies and peppers, dry (Capsicum spp., Pimenta spp.), raw",245.0,283.0,510.0
Bulgaria,1995,"Chillies and peppers, dry (Capsicum spp., Pimenta spp.), raw",37.0,61.0,700.0
Bulgaria,1996,"Chillies and peppers, dry (Capsicum spp., Pimenta spp.), raw",0.0,590.0,701.47
Bulgaria,1997,"Chillies and peppers, dry (Capsicum spp., Pimenta spp.), raw",178.0,111.0,911.35
Bulgaria,1998,"Chillies and peppers, dry (Capsicum spp., Pimenta spp.), raw",87.0,7.0,904.73
Bulgaria,1999,"Chillies and peppers, dry (Capsicum spp., Pimenta spp.), raw",20.0,111.0,870.48
Bulgaria,2000,"Chillies and peppers, dry (Capsicum spp., Pimenta spp.), raw",30.0,130.0,800.0
Bulgaria,2002,"Chillies and peppers, dry (Capsicum spp., Pimenta spp.), raw",59.0,6.0,778.83
Bulgaria,2003,"Chillies and peppers, dry (Capsicum spp., Pimenta spp.), raw",137.0,2.0,795.78
Bulgaria,2004,"Chillies and peppers, dry (Capsicum spp., Pimenta spp.), raw",118.0,2.0,818.2
Bulgaria,2005,"Chillies and peppers, dry (Capsicum spp., Pimenta spp.), raw",140.0,7.0,838.33
Bulgaria,2006,"Chillies and peppers, dry (Capsicum spp., Pimenta spp.), raw",411.0,5.0,878.97
Bulgaria,2008,"Chillies and peppers, dry (Capsicum spp., Pimenta spp.), raw",977.0,437.0,950.0
Bulgaria,2009,"Chillies and peppers, dry (Capsicum spp., Pimenta spp.), raw",1499.0,18.0,1000.0
Bulgaria,2010,"Chillies and peppers, dry (Capsicum spp., Pimenta spp.), raw",1477.0,79.0,1156.44
Bulgaria,2011,"Chillies and peppers, dry (Capsicum spp., Pimenta spp.), raw",1713.0,36.0,1303.69
Bulgaria,2012,"Chillies and peppers, dry (Capsicum spp., Pimenta spp.), raw",1365.0,34.0,1500.0
Bulgaria,2013,"Chillies and peppers, dry (Capsicum spp., Pimenta spp.), raw",1824.0,38.0,1402.67
Bulgaria,2014,"Chillies and peppers, dry (Capsicum spp., Pimenta spp.), raw",2539.35,126.22,1400.0
Bulgaria,2015,"Chillies and peppers, dry (Capsicum spp., Pimenta spp.), raw",2967.91,288.64,1349.02
Bulgaria,2016,"Chillies and peppers, dry (Capsicum spp., Pimenta spp.), raw",2629.25,363.1,1275.18
Bulgaria,2017,"Chillies and peppers, dry (Capsicum spp., Pimenta spp.), raw",2838.64,251.32,1266.36
Bulgaria,2018,"Chillies and peppers, dry (Capsicum spp., Pimenta spp.), raw",2651.52,310.7,0.0
Bulgaria,2019,"Chillies and peppers, dry (Capsicum spp., Pimenta spp.), raw",2799.49,324.19,0.0
Bulgaria,2020,"Chillies and peppers, dry (Capsicum spp., Pimenta spp.), raw",2767.96,367.75,0.0
Bulgaria,2021,"Chillies and peppers, dry (Capsicum spp., Pimenta spp.), raw",2005.48,387.92,0.0
Bulgaria,2022,"Chillies and peppers, dry (Capsicum spp., Pimenta spp.), raw",2256.39,287.13,0.0
Bulgaria,2023,"Chillies and peppers, dry (Capsicum spp., Pimenta spp.), raw",2152.76,288.27,0.0
Burkina Faso,1993,"Chillies and peppers, dry (Capsicum spp., Pimenta spp.), raw",0.0,0.0,0.0
Burkina Faso,1994,"Chillies and peppers, dry (Capsicum spp., Pimenta spp.), raw",0.0,0.0,0.0
Burkina Faso,1995,"Chillies and peppers, dry (Capsicum spp., Pimenta spp.), raw",0.0,0.0,0.0
Burkina Faso,1996,"Chillies and peppers, dry (Capsicum spp., Pimenta spp.), raw",0.0,0.0,0.0
Burkina Faso,1997,"Chillies and peppers, dry (Capsicum spp., Pimenta spp.), raw",0.0,0.0,0.0
Burkina Faso,1998,"Chillies and peppers, dry (Capsicum spp., Pimenta spp.), raw",1.0,0.0,0.0
Burkina Faso,2000,"Chillies and peppers, dry (Capsicum spp., Pimenta spp.), raw",0.0,0.0,0.0
Burkina Faso,2001,"Chillies and peppers, dry (Capsicum spp., Pimenta spp.), raw",0.0,0.0,0.0
Burkina Faso,2002,"Chillies and peppers, dry (Capsicum spp., Pimenta spp.), raw",1.0,0.0,0.0
Burkina Faso,2003,"Chillies and peppers, dry (Capsicum spp., Pimenta spp.), raw",1.0,0.0,0.0
Burkina Faso,2005,"Chillies and peppers, dry (Capsicum spp., Pimenta spp.), raw",0.0,0.0,0.0
Burkina Faso,2006,"Chillies and peppers, dry (Capsicum spp., Pimenta spp.), raw",0.0,0.0,0.0
Burkina Faso,2007,"Chillies and peppers, dry (Capsicum spp., Pimenta spp.), raw",0.0,0.0,0.0
Burkina Faso,2008,"Chillies and peppers, dry (Capsicum spp., Pimenta spp.), raw",0.0,0.0,0.0
Burkina Faso,2009,"Chillies and peppers, dry (Capsicum spp., Pimenta spp.), raw",6.0,0.0,0.0
Burkina Faso,2011,"Chillies and peppers, dry (Capsicum spp., Pimenta spp.), raw",0.0,0.0,0.0
Burkina Faso,2012,"Chillies and peppers, dry (Capsicum spp., Pimenta spp.), raw",7.0,0.0,0.0
Burkina Faso,2013,"Chillies and peppers, dry (Capsicum spp., Pimenta spp.), raw",39.0,1.0,0.0
Burkina Faso,2014,"Chillies and peppers, dry (Capsicum spp., Pimenta spp.), raw",0.54,0.0,0.0
Burkina Faso,2015,"Chillies and peppers, dry (Capsicum spp., Pimenta spp.), raw",23.16,0.0,0.0
Burkina Faso,2016,"Chillies and peppers, dry (Capsicum spp., Pimenta spp.), raw",98.85,0.01,0.0
Burkina Faso,2017,"Chillies and peppers, dry (Capsicum spp., Pimenta spp.), raw",52.3,18.36,0.0
Burkina Faso,2018,"Chillies and peppers, dry (Capsicum spp., Pimenta spp.), raw",93.55,1.54,0.0
Burkina Faso,2020,"Chillies and peppers, dry (Capsicum spp., Pimenta spp.), raw",166.75,0.0,0.0
Burkina Faso,2021,"Chillies and peppers, dry (Capsicum spp., Pimenta spp.), raw",151.09,7.0,0.0
Burkina Faso,2023,"Chillies and peppers, dry (Capsicum spp., Pimenta spp.), raw",141.62,0.0,0.0
Burundi,1998,"Chillies and peppers, dry (Capsicum spp., Pimenta spp.), raw",0.0,0.07,0.0
Burundi,1999,"Chillies and peppers, dry (Capsicum spp., Pimenta spp.), raw",0.03,0.0,0.0
Burundi,2001,"Chillies and peppers, dry (Capsicum spp., Pimenta spp.), raw",0.0,0.0,0.0
Burundi,2003,"Chillies and peppers, dry (Capsicum spp., Pimenta spp.), raw",0.0,0.0,0.0
Burundi,2004,"Chillies and peppers, dry (Capsicum spp., Pimenta spp.), raw",0.0,0.0,0.0
Burundi,2006,"Chillies and peppers, dry (Capsicum spp., Pimenta spp.), raw",0.0,0.0,0.0
Burundi,2007,"Chillies and peppers, dry (Capsicum spp., Pimenta spp.), raw",0.0,0.0,0.0
Burundi,2008,"Chillies and peppers, dry (Capsicum spp., Pimenta spp.), raw",0.0,0.0,0.0
Burundi,2009,"Chillies and peppers, dry (Capsicum spp., Pimenta spp.), raw",0.0,0.0,0.0
Burundi,2010,"Chillies and peppers, dry (Capsicum spp., Pimenta spp.), raw",0.0,0.0,0.0
Burundi,2011,"Chillies and peppers, dry (Capsicum spp., Pimenta spp.), raw",0.0,0.0,0.0
Burundi,2012,"Chillies and peppers, dry (Capsicum spp., Pimenta spp.), raw",2.0,0.0,0.0
Burundi,2013,"Chillies and peppers, dry (Capsicum spp., Pimenta spp.), raw",0.0,0.0,0.0
Burundi,2014,"Chillies and peppers, dry (Capsicum spp., Pimenta spp.), raw",0.51,0.0,0.0
Burundi,2016,"Chillies and peppers, dry (Capsicum spp., Pimenta spp.), raw",0.26,0.05,0.0
Burundi,2018,"Chillies and peppers, dry (Capsicum spp., Pimenta spp.), raw",1.02,0.02,0.0
Burundi,2019,"Chillies and peppers, dry (Capsicum spp., Pimenta spp.), raw",1.7,0.0,0.0
Burundi,2020,"Chillies and peppers, dry (Capsicum spp., Pimenta spp.), raw",2.22,0.0,0.0
Burundi,2022,"Chillies and peppers, dry (Capsicum spp., Pimenta spp.), raw",0.83,22.2,0.0
Burundi,2023,"Chillies and peppers, dry (Capsicum spp., Pimenta spp.), raw",0.02,0.0,0.0
Cabo Verde,1993,"Chillies and peppers, dry (Capsicum spp., Pimenta spp.), raw",20.0,0.0,800.0
Cabo Verde,1994,"Chillies and peppers, dry (Capsicum spp., Pimenta spp.), raw",10.0,0.0,860.0
Cabo Verde,1995,"Chillies and peppers, dry (Capsicum spp., Pimenta spp.), raw",29.0,0.0,750.0
Cabo Verde,1996,"Chillies and peppers, dry (Capsicum spp., Pimenta spp.), raw",28.0,0.0,1170.0
Cabo Verde,1997,"Chillies and peppers, dry (Capsicum spp., Pimenta spp.), raw",32.0,0.0,800.0
Cabo Verde,1998,"Chillies and peppers, dry (Capsicum spp., Pimenta spp.), raw",15.0,0.0,900.0
Cabo Verde,1999,"Chillies and peppers, dry (Capsicum spp., Pimenta spp.), raw",21.0,0.0,1000.0
Cabo Verde,2000,"Chillies and peppers, dry (Capsicum spp., Pimenta spp.), raw",19.0,0.0,900.0
Cabo Verde,2001,"Chillies and peppers, dry (Capsicum spp., Pimenta spp.), raw",10.0,0.0,966.15
Cabo Verde,2002,"Chillies and peppers, dry (Capsicum spp., Pimenta spp.), raw",20.0,0.0,1000.0
Cabo Verde,2003,"Chillies and peppers, dry (Capsicum spp., Pimenta spp.), raw",24.0,0.0,1030.91
Cabo Verde,2004,"Chillies and peppers, dry (Capsicum spp., Pimenta spp.), raw",24.0,0.0,1055.16
Cabo Verde,2005,"Chillies and peppers, dry (Capsicum spp., Pimenta spp.), raw",20.0,0.0,1000.0
Cabo Verde,2006,"Chillies and peppers, dry (Capsicum spp., Pimenta spp.), raw",31.0,0.0,1100.0
Cabo Verde,2007,"Chillies and peppers, dry (Capsicum spp., Pimenta spp.), raw",32.0,0.0,1250.0
Cabo Verde,2008,"Chillies and peppers, dry (Capsicum spp., Pimenta spp.), raw",17.0,0.0,1236.09
Cabo Verde,2009,"Chillies and peppers, dry (Capsicum spp., Pimenta spp.), raw",22.0,0.0,1445.0
Cabo Verde,2010,"Chillies and peppers, dry (Capsicum spp., Pimenta spp.), raw",17.0,0.0,1323.33
Cabo Verde,2012,"Chillies and peppers, dry (Capsicum spp., Pimenta spp.), raw",22.0,0.0,1400.0
Cabo Verde,2013,"Chillies and peppers, dry (Capsicum spp., Pimenta spp.), raw",20.0,0.0,1432.22
Cabo Verde,2015,"Chillies and peppers, dry (Capsicum spp., Pimenta spp.), raw",9.23,0.01,1527.44
Cabo Verde,2016,"Chillies and peppers, dry (Capsicum spp., Pimenta spp.), raw",9.61,0.0,1477.08
Cabo Verde,2017,"Chillies and peppers, dry (Capsicum spp., Pimenta spp.), raw",7.82,0.0,1552.77
Cabo Verde,2018,"Chillies and peppers, dry (Capsicum spp., Pimenta spp.), raw",4.26,0.0,1519.1
Cabo Verde,2019,"Chillies and peppers, dry (Capsicum spp., Pimenta spp.), raw",6.34,0.0,1516.31
Cabo Verde,2021,"Chillies and peppers, dry (Capsicum spp., Pimenta spp.), raw",5.15,0.0,1521.6
Cabo Verde,2023,"Chillies and peppers, dry (Capsicum spp., Pimenta spp.), raw",5.28,0.06,1524.48
Cambodia,2001,"Chillies and peppers, dry (Capsicum spp., Pimenta spp.), raw",0.0,0.0,9800.0
Cambodia,2002,"Chillies and peppers, dry (Capsicum spp., Pimenta spp.), raw",0.0,12.0,9900.0
Cambodia,2003,"Chillies and peppers, dry (Capsicum spp., Pimenta spp.), raw",0.0,14.0,10000.0
Cambodia,2004,"Chillies and peppers, dry (Capsicum spp., Pimenta spp.), raw",1.0,0.0,9700.0
Cambodia,2005,"Chillies and peppers, dry (Capsicum spp., Pimenta spp.), raw",0.0,138.0,10000.0
Cambodia,2006,"Chillies and peppers, dry (Capsicum spp., Pimenta spp.), raw",1.0,81.0,10500.0
Cambodia,2007,"Chillies and peppers, dry (Capsicum spp., Pimenta spp.), raw",4.0,372.0,10800.0
Cambodia,2008,"Chillies and peppers, dry (Capsicum spp., Pimenta spp.), raw",2.0,1052.0,11000.0
Cambodia,2009,"Chillies and peppers, dry (Capsicum spp., Pimenta spp.), raw",4.0,582.0,11500.0
Cambodia,2010,"Chillies and peppers, dry (Capsicum spp., Pimenta spp.), raw",0.0,0.0,11517.35
Cambodia,2011,"Chillies and peppers, dry (Capsicum spp., Pimenta spp.), raw",0.0,0.0,11697.15
Cambodia,2012,"Chillies and peppers, dry (Capsicum spp., Pimenta spp.), raw",0.0,0.0,12000.0
Cambodia,2013,"Chillies and peppers, dry (Capsicum spp., Pimenta spp.), raw",55.0,0.0,12007.71
Cambodia,2014,"Chillies and peppers, dry (Capsicum spp., Pimenta spp.), raw",30.22,0.0,12177.57
Cambodia,2016,"Chillies and peppers, dry (Capsicum spp., Pimenta spp.), raw",14.7,0.25,12695.09
Cambodia,2017,"Chillies and peppers, dry (Capsicum spp., Pimenta spp.), raw",22.21,0.84,12877.92
Cambodia,2018,"Chillies and peppers, dry (Capsicum spp., Pimenta spp.), raw",30.75,0.97,13048.9
Cambodia,2019,"Chillies and peppers, dry (Capsicum spp., Pimenta spp.), raw",56.3,0.49,13259.63
Cambodia,2020,"Chillies and peppers, dry (Capsicum spp., Pimenta spp.), raw",120.45,0.3,13480.68
Cambodia,2021,"Chillies and peppers, dry (Capsicum spp., Pimenta spp.), raw",138.93,1.14,13263.07
Cambodia,2022,"Chillies and peppers, dry (Capsicum spp., Pimenta spp.), raw",249.83,0.38,13334.46
Cameroon,1993,"Chillies and peppers, dry (Capsicum spp., Pimenta spp.), raw",2.0,0.0,9000.0
Cameroon,1994,"Chillies and peppers, dry (Capsicum spp., Pimenta spp.), raw",1.0,0.0,8385.26
Cameroon,1995,"Chillies and peppers, dry (Capsicum spp., Pimenta spp.), raw",7.0,0.0,8000.0
Cameroon,1996,"Chillies and peppers, dry (Capsicum spp., Pimenta spp.), raw",2.0,0.0,7545.76
Cameroon,1997,"Chillies and peppers, dry (Capsicum spp., Pimenta spp.), raw",10.0,0.0,7000.0
Cameroon,1998,"Chillies and peppers, dry (Capsicum spp., Pimenta spp.), raw",8.0,0.0,6739.21
Cameroon,2000,"Chillies and peppers, dry (Capsicum spp., Pimenta spp.), raw",2.0,0.0,6133.0
Cameroon,2001,"Chillies and peppers, dry (Capsicum spp., Pimenta spp.), raw",3.0,0.0,6138.0
Cameroon,2002,"Chillies and peppers, dry (Capsicum spp., Pimenta spp.), raw",2.0,0.0,7000.0
Cameroon,2003,"Chillies and peppers, dry (Capsicum spp., Pimenta spp.), raw",7.0,0.0,10000.0
Cameroon,2004,"Chillies and peppers, dry (Capsicum spp., Pimenta spp.), raw",3.0,0.0,8657.0
Cameroon,2005,"Chillies and peppers, dry (Capsicum spp., Pimenta spp.), raw",6.0,1.0,14178.0
Cameroon,2006,"Chillies and peppers, dry (Capsicum spp., Pimenta spp.), raw",2.0,0.0,18228.0
Cameroon,2007,"Chillies and peppers, dry (Capsicum spp., Pimenta spp.), raw",8.0,0.0,20142.0
Cameroon,2008,"Chillies and peppers, dry (Capsicum spp., Pimenta spp.), raw",1.0,1.0,22063.0
Cameroon,2009,"Chillies and peppers, dry (Capsicum spp., Pimenta spp.), raw",3.0,1.0,23500.0
Cameroon,2010,"Chillies and peppers, dry (Capsicum spp., Pimenta spp.), raw",7.0,1.0,24907.0
Cameroon,2011,"Chillies and peppers, dry (Capsicum spp., Pimenta spp.), raw",7.0,1.0,29166.38
Cameroon,2012,"Chillies and peppers, dry (Capsicum spp., Pimenta spp.), raw",15.0,1.0,31876.93
Cameroon,2013,"Chillies and peppers, dry (Capsicum spp., Pimenta spp.), raw",0.0,1.0,34403.08
Cameroon,2014,"Chillies and peppers, dry (Capsicum spp., Pimenta spp.), raw",15.81,0.54,36884.07
Cameroon,2016,"Chillies and peppers, dry (Capsicum spp., Pimenta spp.), raw",16.16,50.1,41889.0
Cameroon,2018,"Chillies and peppers, dry (Capsicum spp., Pimenta spp.), raw",27.77,49.21,41877.79
Cameroon,2019,"Chillies and peppers, dry (Capsicum spp., Pimenta spp.), raw",5.9,13.0,42763.36
Cameroon,2020,"Chillies and peppers, dry (Capsicum spp., Pimenta spp.), raw",21.73,9.05,43024.38
Cameroon,2021,"Chillies and peppers, dry (Capsicum spp., Pimenta spp.), raw",5.71,6.34,42555.17
Cameroon,2022,"Chillies and peppers, dry (Capsicum spp., Pimenta spp.), raw",12.46,1.01,42780.97
Cameroon,2023,"Chillies and peppers, dry (Capsicum spp., Pimenta spp.), raw",0.92,2.39,42786.84
Canada,1994,"Chillies and peppers, dry (Capsicum spp., Pimenta spp.), raw",3551.0,86.0,0.0
Canada,1995,"Chillies and peppers, dry (Capsicum spp., Pimenta spp.), raw",3691.0,201.0,0.0
Canada,1996,"Chillies and peppers, dry (Capsicum spp., Pimenta spp.), raw",3559.0,117.0,0.0
Canada,1997,"Chillies and peppers, dry (Capsicum spp., Pimenta spp.), raw",3908.0,190.0,0.0
Canada,1998,"Chillies and peppers, dry (Capsicum spp., Pimenta spp.), raw",3369.0,87.0,0.0
Canada,1999,"Chillies and peppers, dry (Capsicum spp., Pimenta spp.), raw",4277.0,201.0,0.0
Canada,2000,"Chillies and peppers, dry (Capsicum spp., Pimenta spp.), raw",4110.43,298.68,0.0
Canada,2001,"Chillies and peppers, dry (Capsicum spp., Pimenta spp.), raw",4369.0,241.0,0.0
Canada,2003,"Chillies and peppers, dry (Capsicum spp., Pimenta spp.), raw",4771.0,265.0,0.0
Canada,2004,"Chillies and peppers, dry (Capsicum spp., Pimenta spp.), raw",4867.0,457.0,0.0
Canada,2005,"Chillies and peppers, dry (Capsicum spp., Pimenta spp.), raw",5074.0,304.0,0.0
Canada,2006,"Chillies and peppers, dry (Capsicum spp., Pimenta spp.), raw",7138.0,458.0,0.0
Canada,2007,"Chillies and peppers, dry (Capsicum spp., Pimenta spp.), raw",6076.0,414.0,0.0
Canada,2008,"Chillies and peppers, dry (Capsicum spp., Pimenta spp.), raw",6391.0,490.0,0.0
Canada,2009,"Chillies and peppers, dry (Capsicum spp., Pimenta spp.), raw",6740.0,402.0,0.0
Canada,2010,"Chillies and peppers, dry (Capsicum spp., Pimenta spp.), raw",6253.0,419.0,0.0
Canada,2011,"Chillies and peppers, dry (Capsicum spp., Pimenta spp.), raw",6308.0,255.0,0.0
Canada,2012,"Chillies and peppers, dry (Capsicum spp., Pimenta spp.), raw",6642.0,255.0,0.0
Canada,2013,"Chillies and peppers, dry (Capsicum spp., Pimenta spp.), raw",6374.0,231.0,0.0
Canada,2014,"Chillies and peppers, dry (Capsicum spp., Pimenta spp.), raw",6523.64,308.99,0.0
Canada,2015,"Chillies and peppers, dry (Capsicum spp., Pimenta spp.), raw",6896.77,649.1,0.0
Canada,2016,"Chillies and peppers, dry (Capsicum spp., Pimenta spp.), raw",7326.12,1087.92,0.0
Canada,2017,"Chillies and peppers, dry (Capsicum spp., Pimenta spp.), raw",7717.44,1008.17,0.0
Canada,2018,"Chillies and peppers, dry (Capsicum spp., Pimenta spp.), raw",7890.7,210.34,0.0
Canada,2019,"Chillies and peppers, dry (Capsicum spp., Pimenta spp.), raw",8867.68,221.82,0.0
Canada,2020,"Chillies and peppers, dry (Capsicum spp., Pimenta spp.), raw",9370.09,207.56,0.0
Canada,2021,"Chillies and peppers, dry (Capsicum spp., Pimenta spp.), raw",10615.46,400.71,0.0
Canada,2022,"Chillies and peppers, dry (Capsicum spp., Pimenta spp.), raw",10877.03,767.11,0.0
Canada,2023,"Chillies and peppers, dry (Capsicum spp., Pimenta spp.), raw",11562.18,1735.01,0.0
Central African Republic,2001,"Chillies and peppers, dry (Capsicum spp., Pimenta spp.), raw",0.0,2.0,101.67
Central African Republic,2002,"Chillies and peppers, dry (Capsicum spp., Pimenta spp.), raw",0.0,0.0,101.96
Central African Republic,2004,"Chillies and peppers, dry (Capsicum spp., Pimenta spp.), raw",10.0,0.0,102.58
Central African Republic,2005,"Chillies and peppers, dry (Capsicum spp., Pimenta spp.), raw",9.0,0.0,102.7
Central African Republic,2006,"Chillies and peppers, dry (Capsicum spp., Pimenta spp.), raw",9.0,0.0,100.0
Central African Republic,2007,"Chillies and peppers, dry (Capsicum spp., Pimenta spp.), raw",9.0,2.0,102.62
Central African Republic,2009,"Chillies and peppers, dry (Capsicum spp., Pimenta spp.), raw",0.0,0.0,100.0
Central African Republic,2010,"Chillies and peppers, dry (Capsicum spp., Pimenta spp.), raw",0.0,0.0,105.8
Central African Republic,2011,"Chillies and peppers, dry (Capsicum spp., Pimenta spp.), raw",0.0,0.0,108.37
Central African Republic,2013,"Chillies and peppers, dry (Capsicum spp., Pimenta spp.), raw",0.0,0.0,113.62
Central African Republic,2022,"Chillies and peppers, dry (Capsicum spp., Pimenta spp.), raw",1.41,0.0,117.96
Central African Republic,2023,"Chillies and peppers, dry (Capsicum spp., Pimenta spp.), raw",13.59,0.0,118.56
Chad,2014,"Chillies and peppers, dry (Capsicum spp., Pimenta spp.), raw",0.94,0.0,0.0
Chad,2015,"Chillies and peppers, dry (Capsicum spp., Pimenta spp.), raw",0.54,0.0,0.0
Chad,2016,"Chillies and peppers, dry (Capsicum spp., Pimenta spp.), raw",0.59,0.0,0.0
Chad,2017,"Chillies and peppers, dry (Capsicum spp., Pimenta spp.), raw",0.14,0.0,0.0
Chad,2018,"Chillies and peppers, dry (Capsicum spp., Pimenta spp.), raw",0.55,0.0,0.0
Chad,2019,"Chillies and peppers, dry (Capsicum spp., Pimenta spp.), raw",0.91,0.0,0.0
Chad,2020,"Chillies and peppers, dry (Capsicum spp., Pimenta spp.), raw",0.23,0.0,0.0
Chad,2021,"Chillies and peppers, dry (Capsicum spp., Pimenta spp.), raw",0.17,0.0,0.0
Chad,2022,"Chillies and peppers, dry (Capsicum spp., Pimenta spp.), raw",0.61,0.0,0.0
Chile,1993,"Chillies and peppers, dry (Capsicum spp., Pimenta spp.), raw",18.0,1969.0,0.0
Chile,1994,"Chillies and peppers, dry (Capsicum spp., Pimenta spp.), raw",316.0,1641.0,0.0
Chile,1995,"Chillies and peppers, dry (Capsicum spp., Pimenta spp.), raw",244.0,3927.0,0.0
Chile,1996,"Chillies and peppers, dry (Capsicum spp., Pimenta spp.), raw",414.0,3943.0,0.0
Chile,1997,"Chillies and peppers, dry (Capsicum spp., Pimenta spp.), raw",1106.0,4652.0,0.0
Chile,1999,"Chillies and peppers, dry (Capsicum spp., Pimenta spp.), raw",314.6,4489.44,0.0
Chile,2000,"Chillies and peppers, dry (Capsicum spp., Pimenta spp.), raw",25.83,4182.48,0.0
Chile,2001,"Chillies and peppers, dry (Capsicum spp., Pimenta spp.), raw",159.0,5904.0,0.0
Chile,2002,"Chillies and peppers, dry (Capsicum spp., Pimenta spp.), raw",195.0,6298.0,0.0
Chile,2003,"Chillies and peppers, dry (Capsicum spp., Pimenta spp.), raw",114.0,5194.0,0.0
Chile,2004,"Chillies and peppers, dry (Capsicum spp., Pimenta spp.), raw",403.0,7240.0,0.0
Chile,2006,"Chillies and peppers, dry (Capsicum spp., Pimenta spp.), raw",235.0,6743.0,0.0
Chile,2007,"Chillies and peppers, dry (Capsicum spp., Pimenta spp.), raw",238.0,3418.0,0.0
Chile,2008,"Chillies and peppers, dry (Capsicum spp., Pimenta spp.), raw",327.0,3322.0,0.0
Chile,2009,"Chillies and peppers, dry (Capsicum spp., Pimenta spp.), raw",449.0,2437.0,0.0
Chile,2010,"Chillies and peppers, dry (Capsicum spp., Pimenta spp.), raw",298.0,1603.0,0.0
Chile,2011,"Chillies and peppers, dry (Capsicum spp., Pimenta spp.), raw",853.0,1650.0,0.0
Chile,2012,"Chillies and peppers, dry (Capsicum spp., Pimenta spp.), raw",1070.0,1772.0,0.0
Chile,2013,"Chillies and peppers, dry (Capsicum spp., Pimenta spp.), raw",1098.0,966.0,0.0
Chile,2014,"Chillies and peppers, dry (Capsicum spp., Pimenta spp.), raw",903.64,834.97,0.0
Chile,2015,"Chillies and peppers, dry (Capsicum spp., Pimenta spp.), raw",2103.83,1138.48,0.0
Chile,2016,"Chillies and peppers, dry (Capsicum spp., Pimenta spp.), raw",1754.03,1005.93,0.0
Chile,2017,"Chillies and peppers, dry (Capsicum spp., Pimenta spp.), raw",1689.26,713.92,0.0
Chile,2018,"Chillies and peppers, dry (Capsicum spp., Pimenta spp.), raw",1482.76,688.9,0.0
Chile,2019,"Chillies and peppers, dry (Capsicum spp., Pimenta spp.), raw",1077.42,514.15,0.0
Chile,2020,"Chillies and peppers, dry (Capsicum spp., Pimenta spp.), raw",1228.78,424.61,0.0
Chile,2021,"Chillies and peppers, dry (Capsicum spp., Pimenta spp.), raw",1384.79,407.08,0.0
Chile,2022,"Chillies and peppers, dry (Capsicum spp., Pimenta spp.), raw",1543.72,326.4,0.0
Chile,2023,"Chillies and peppers, dry (Capsicum spp., Pimenta spp.), raw",1603.74,375.51,0.0
China,1993,"Chillies and peppers, dry (Capsicum spp., Pimenta spp.), raw",15208.0,59775.0,172000.0
China,1994,"Chillies and peppers, dry (Capsicum spp., Pimenta spp.), raw",14117.0,70491.0,180000.0
China,1995,"Chillies and peppers, dry (Capsicum spp., Pimenta spp.), raw",8782.0,46418.0,175000.0
China,1996,"Chillies and peppers, dry (Capsicum spp., Pimenta spp.), raw",11385.0,40481.0,180000.0
China,1997,"Chillies and peppers, dry (Capsicum spp., Pimenta spp.), raw",7143.0,57223.0,200000.0
China,1998,"Chillies and peppers, dry (Capsicum spp., Pimenta spp.), raw",6375.0,63772.0,205000.0
China,1999,"Chillies and peppers, dry (Capsicum spp., Pimenta spp.), raw",5525.0,53830.0,215000.0
China,2000,"Chillies and peppers, dry (Capsicum spp., Pimenta spp.), raw",3780.43,65365.5,212000.0
China,2001,"Chillies and peppers, dry (Capsicum spp., Pimenta spp.), raw",3400.0,85213.0,215000.0
China,2002,"Chillies and peppers, dry (Capsicum spp., Pimenta spp.), raw",3635.0,91881.0,220000.0
China,2004,"Chillies and peppers, dry (Capsicum spp., Pimenta spp.), raw",3406.0,98659.0,235000.0
China,2005,"Chillies and peppers, dry (Capsicum spp., Pimenta spp.), raw",3744.0,92509.0,240000.0
China,2006,"Chillies and peppers, dry (Capsicum spp., Pimenta spp.), raw",2812.0,93218.0,245000.0
China,2007,"Chillies and peppers, dry (Capsicum spp., Pimenta spp.), raw",5104.0,76751.0,250000.0
China,2008,"Chillies and peppers, dry (Capsicum spp., Pimenta spp.), raw",3993.0,128351.0,252000.0
China,2009,"Chillies and peppers, dry (Capsicum spp., Pimenta spp.), raw",4214.0,126776.0,260000.0
China,2010,"Chillies and peppers, dry (Capsicum spp., Pimenta spp.), raw",9526.0,74360.0,265000.0
China,2011,"Chillies and peppers, dry (Capsicum spp., Pimenta spp.), raw",10551.0,98672.0,277815.73
China,2013,"Chillies and peppers, dry (Capsicum spp., Pimenta spp.), raw",8300.0,96631.0,300000.0
China,2014,"Chillies and peppers, dry (Capsicum spp., Pimenta spp.), raw",7204.87,97151.89,307286.89
China,2015,"Chillies and peppers, dry (Capsicum spp., Pimenta spp.), raw",7082.47,117407.92,305809.44
China,2016,"Chillies and peppers, dry (Capsicum spp., Pimenta spp.), raw",7155.8,179901.32,309074.98
China,2017,"Chillies and peppers, dry (Capsicum spp., Pimenta spp.), raw",12786.54,178219.56,316117.85
China,2018,"Chillies and peppers, dry (Capsicum spp., Pimenta spp.), raw",87248.69,211085.64,323421.11
China,2019,"Chillies and peppers, dry (Capsicum spp., Pimenta spp.), raw",174208.67,208589.2,331178.57
China,2020,"Chillies and peppers, dry (Capsicum spp., Pimenta spp.), raw",173763.88,217910.1,323572.51
China,2022,"Chillies and peppers, dry (Capsicum spp., Pimenta spp.), raw",140814.08,248532.32,326936.16
China,2023,"Chillies and peppers, dry (Capsicum spp., Pimenta spp.), raw",150562.26,308937.47,325522.02
"China, Hong Kong SAR",1993,"Chillies and peppers, dry (Capsicum spp., Pimenta spp.), raw",13906.0,12978.0,0.0
"China, Hong Kong SAR",1994,"Chillies and peppers, dry (Capsicum spp., Pimenta spp.), raw",12310.0,11068.0,0.0
"China, Hong Kong SAR",1995,"Chillies and peppers, dry (Capsicum spp., Pimenta spp.), raw",6487.0,5602.0,0.0
"China, Hong Kong SAR",1996,"Chillies and peppers, dry (Capsicum spp., Pimenta spp.), raw",8560.0,6574.0,0.0
"China, Hong Kong SAR",1997,"Chillies and peppers, dry (Capsicum spp., Pimenta spp.), raw",5503.0,4148.0,0.0
"China, Hong Kong SAR",1998,"Chillies and peppers, dry (Capsicum spp., Pimenta spp.), raw",4990.0,4468.0,0.0
"China, Hong Kong SAR",1999,"Chillies and peppers, dry (Capsicum spp., Pimenta spp.), raw",3621.0,2838.0,0.0
"China, Hong Kong SAR",2000,"Chillies and peppers, dry (Capsicum spp., Pimenta spp.), raw",1801.13,1688.91,0.0
"China, Hong Kong SAR",2001,"Chillies and peppers, dry (Capsicum spp., Pimenta spp.), raw",1225.0,348.0,0.0
"China, Hong Kong SAR",2002,"Chillies and peppers, dry (Capsicum spp., Pimenta spp.), raw",1181.0,249.0,0.0
"China, Hong Kong SAR",2003,"Chillies and peppers, dry (Capsicum spp., Pimenta spp.), raw",574.0,237.0,0.0
"China, Hong Kong SAR",2004,"Chillies and peppers, dry (Capsicum spp., Pimenta spp.), raw",619.0,163.0,0.0
"China, Hong Kong SAR",2005,"Chillies and peppers, dry (Capsicum spp., Pimenta spp.), raw",252.0,194.0,0.0
"China, Hong Kong SAR",2006,"Chillies and peppers, dry (Capsicum spp., Pimenta spp.), raw",498.0,155.0,0.0
"China, Hong Kong SAR",2007,"Chillies and peppers, dry (Capsicum spp., Pimenta spp.), raw",189.0,86.0,0.0
"China, Hong Kong SAR",2008,"Chillies and peppers, dry (Capsicum spp., Pimenta spp.), raw",378.0,136.0,0.0
"China, Hong Kong SAR",2009,"Chillies and peppers, dry (Capsicum spp., Pimenta spp.), raw",247.0,10.0,0.0
"China, Hong Kong SAR",2010,"Chillies and peppers, dry (Capsicum spp., Pimenta spp.), raw",468.0,49.0,0.0
"China, Hong Kong SAR",2011,"Chillies and peppers, dry (Capsicum spp., Pimenta spp.), raw",791.0,61.0,0.0
"China, Hong Kong SAR",2012,"Chillies and peppers, dry (Capsicum spp., Pimenta spp.), raw",748.0,21.0,0.0
"China, Hong Kong SAR",2013,"Chillies and peppers, dry (Capsicum spp., Pimenta spp.), raw",692.0,36.0,0.0
"China, Hong Kong SAR",2014,"Chillies and peppers, dry (Capsicum spp., Pimenta spp.), raw",723.49,27.3,0.0
"China, Hong Kong SAR",2015,"Chillies and peppers, dry (Capsicum spp., Pimenta spp.), raw",853.95,25.23,0.0
"China, Hong Kong SAR",2016,"Chillies and peppers, dry (Capsicum spp., Pimenta spp.), raw",1321.8,29.12,0.0
"China, Hong Kong SAR",2017,"Chillies and peppers, dry (Capsicum spp., Pimenta spp.), raw",1219.83,77.94,0.0
"China, Hong Kong SAR",2018,"Chillies and peppers, dry (Capsicum spp., Pimenta spp.), raw",1453.97,233.99,0.0
"China, Hong Kong SAR",2019,"Chillies and peppers, dry (Capsicum spp., Pimenta spp.), raw",1727.7,345.54,0.0
"China, Hong Kong SAR",2020,"Chillies and peppers, dry (Capsicum spp., Pimenta spp.), raw",1515.03,381.9,0.0
"China, Hong Kong SAR",2021,"Chillies and peppers, dry (Capsicum spp., Pimenta spp.), raw",831.5,16.25,0.0
"China, Hong Kong SAR",2022,"Chillies and peppers, dry (Capsicum spp., Pimenta spp.), raw",1208.65,11.4,0.0
"China, Hong Kong SAR",2023,"Chillies and peppers, dry (Capsicum spp., Pimenta spp.), raw",2192.19,293.41,0.0
"China, Macao SAR",1993,"Chillies and peppers, dry (Capsicum spp., Pimenta spp.), raw",8.0,0.0,0.0
"China, Macao SAR",1994,"Chillies and peppers, dry (Capsicum spp., Pimenta spp.), raw",2.0,0.0,0.0
"China, Macao SAR",1995,"Chillies and peppers, dry (Capsicum spp., Pimenta spp.), raw",7.0,7.0,0.0
"China, Macao SAR",1996,"Chillies and peppers, dry (Capsicum spp., Pimenta spp.), raw",4.0,4.0,0.0
"China, Macao SAR",1997,"Chillies and peppers, dry (Capsicum spp., Pimenta spp.), raw",4.0,0.0,0.0
"China, Macao SAR",1998,"Chillies and peppers, dry (Capsicum spp., Pimenta spp.), raw",1.0,0.0,0.0
"China, Macao SAR",1999,"Chillies and peppers, dry (Capsicum spp., Pimenta spp.), raw",1.0,0.0,0.0
"China, Macao SAR",2000,"Chillies and peppers, dry (Capsicum spp., Pimenta spp.), raw",0.12,0.0,0.0
"China, Macao SAR",2001,"Chillies and peppers, dry (Capsicum spp., Pimenta spp.), raw",0.0,0.0,0.0
"China, Macao SAR",2002,"Chillies and peppers, dry (Capsicum spp., Pimenta spp.), raw",0.0,0.0,0.0
"China, Macao SAR",2003,"Chillies and peppers, dry (Capsicum spp., Pimenta spp.), raw",1.0,0.0,0.0
"China, Macao SAR",2004,"Chillies and peppers, dry (Capsicum spp., Pimenta spp.), raw",3.0,0.0,0.0
"China, Macao SAR",2006,"Chillies and peppers, dry (Capsicum spp., Pimenta spp.), raw",5.0,0.0,0.0
"China, Macao SAR",2007,"Chillies and peppers, dry (Capsicum spp., Pimenta spp.), raw",9.0,0.0,0.0
"China, Macao SAR",2008,"Chillies and peppers, dry (Capsicum spp., Pimenta spp.), raw",11.0,0.0,0.0
"China, Macao SAR",2009,"Chillies and peppers, dry (Capsicum spp., Pimenta spp.), raw",10.0,0.0,0.0
"China, Macao SAR",2010,"Chillies and peppers, dry (Capsicum spp., Pimenta spp.), raw",10.0,0.0,0.0
"China, Macao SAR",2011,"Chillies and peppers, dry (Capsicum spp., Pimenta spp.), raw",12.0,0.0,0.0
"China, Macao SAR",2012,"Chillies and peppers, dry (Capsicum spp., Pimenta spp.), raw",15.0,0.0,0.0
"China, Macao SAR",2013,"Chillies and peppers, dry (Capsicum spp., Pimenta spp.), raw",15.0,0.0,0.0
"China, Macao SAR",2014,"Chillies and peppers, dry (Capsicum spp., Pimenta spp.), raw",26.59,0.0,0.0
"China, Macao SAR",2015,"Chillies and peppers, dry (Capsicum spp., Pimenta spp.), raw",20.74,0.0,0.0
"China, Macao SAR",2016,"Chillies and peppers, dry (Capsicum spp., Pimenta spp.), raw",14.17,0.0,0.0
"China, Macao SAR",2017,"Chillies and peppers, dry (Capsicum spp., Pimenta spp.), raw",21.74,0.0,0.0
"China, Macao SAR",2018,"Chillies and peppers, dry (Capsicum spp., Pimenta spp.), raw",29.31,0.0,0.0
"China, Macao SAR",2019,"Chillies and peppers, dry (Capsicum spp., Pimenta spp.), raw",22.85,0.0,0.0
"China, Macao SAR",2020,"Chillies and peppers, dry (Capsicum spp., Pimenta spp.), raw",11.09,0.0,0.0
"China, Macao SAR",2021,"Chillies and peppers, dry (Capsicum spp., Pimenta spp.), raw",17.55,0.0,0.0
"China, Macao SAR",2022,"Chillies and peppers, dry (Capsicum spp., Pimenta spp.), raw",13.02,0.0,0.0
"China, Macao SAR",2023,"Chillies and peppers, dry (Capsicum spp., Pimenta spp.), raw",20.01,0.0,0.0
"China, mainland",1993,"Chillies and peppers, dry (Capsicum spp., Pimenta spp.), raw",310.0,46767.0,172000.0
"China, mainland",1994,"Chillies and peppers, dry (Capsicum spp., Pimenta spp.), raw",960.0,59423.0,180000.0
"China, mainland",1995,"Chillies and peppers, dry (Capsicum spp., Pimenta spp.), raw",1552.0,40809.0,175000.0
"China, mainland",1996,"Chillies and peppers, dry (Capsicum spp., Pimenta spp.), raw",1813.0,33903.0,180000.0
"China, mainland",1997,"Chillies and peppers, dry (Capsicum spp., Pimenta spp.), raw",145.0,53075.0,200000.0
"China, mainland",1998,"Chillies and peppers, dry (Capsicum spp., Pimenta spp.), raw",187.0,59304.0,205000.0
"China, mainland",1999,"Chillies and peppers, dry (Capsicum spp., Pimenta spp.), raw",204.0,50992.0,215000.0
"China, mainland",2000,"Chillies and peppers, dry (Capsicum spp., Pimenta spp.), raw",212.93,63668.69,212000.0
"China, mainland",2001,"Chillies and peppers, dry (Capsicum spp., Pimenta spp.), raw",527.0,84857.0,215000.0
"China, mainland",2002,"Chillies and peppers, dry (Capsicum spp., Pimenta spp.), raw",657.0,91612.0,220000.0
"China, mainland",2004,"Chillies and peppers, dry (Capsicum spp., Pimenta spp.), raw",785.0,98479.0,235000.0
"China, mainland",2005,"Chillies and peppers, dry (Capsicum spp., Pimenta spp.), raw",1073.0,92252.0,240000.0
"China, mainland",2006,"Chillies and peppers, dry (Capsicum spp., Pimenta spp.), raw",261.0,93038.0,245000.0
"China, mainland",2007,"Chillies and peppers, dry (Capsicum spp., Pimenta spp.), raw",2585.0,76460.0,250000.0
"China, mainland",2008,"Chillies and peppers, dry (Capsicum spp., Pimenta spp.), raw",737.0,128158.0,252000.0
"China, mainland",2009,"Chillies and peppers, dry (Capsicum spp., Pimenta spp.), raw",1124.0,126686.0,260000.0
"China, mainland",2010,"Chillies and peppers, dry (Capsicum spp., Pimenta spp.), raw",6465.0,74158.0,265000.0
"China, mainland",2011,"Chillies and peppers, dry (Capsicum spp., Pimenta spp.), raw",7024.0,98479.0,277815.73
"China, mainland",2013,"Chillies and peppers, dry (Capsicum spp., Pimenta spp.), raw",4217.0,96536.0,300000.0
"China, mainland",2014,"Chillies and peppers, dry (Capsicum spp., Pimenta spp.), raw",3256.41,97073.34,307286.89
"China, mainland",2015,"Chillies and peppers, dry (Capsicum spp., Pimenta spp.), raw",2990.07,117312.52,305809.44
"China, mainland",2016,"Chillies and peppers, dry (Capsicum spp., Pimenta spp.), raw",2111.82,179843.1,309074.98
"China, mainland",2017,"Chillies and peppers, dry (Capsicum spp., Pimenta spp.), raw",7688.57,178095.38,316117.85
"China, mainland",2018,"Chillies and peppers, dry (Capsicum spp., Pimenta spp.), raw",81811.25,210786.82,323421.11
"China, mainland",2019,"Chillies and peppers, dry (Capsicum spp., Pimenta spp.), raw",168849.79,208192.79,331178.57
"China, mainland",2020,"Chillies and peppers, dry (Capsicum spp., Pimenta spp.), raw",168187.5,217492.11,323572.51
"China, mainland",2022,"Chillies and peppers, dry (Capsicum spp., Pimenta spp.), raw",135484.84,248476.77,326936.16
"China, mainland",2023,"Chillies and peppers, dry (Capsicum spp., Pimenta spp.), raw",144435.47,308609.82,325522.02
"China, Taiwan Province of",1994,"Chillies and peppers, dry (Capsicum spp., Pimenta spp.), raw",845.0,0.0,0.0
"China, Taiwan Province of",1995,"Chillies and peppers, dry (Capsicum spp., Pimenta spp.), raw",736.0,0.0,0.0
"China, Taiwan Province of",1996,"Chillies and peppers, dry (Capsicum spp., Pimenta spp.), raw",1008.0,0.0,0.0
"China, Taiwan Province of",1997,"Chillies and peppers, dry (Capsicum spp., Pimenta spp.), raw",1491.0,0.0,0.0
"China, Taiwan Province of",1998,"Chillies and peppers, dry (Capsicum spp., Pimenta spp.), raw",1197.0,0.0,0.0
"China, Taiwan Province of",1999,"Chillies and peppers, dry (Capsicum spp., Pimenta spp.), raw",1699.0,0.0,0.0
"China, Taiwan Province of",2000,"Chillies and peppers, dry (Capsicum spp., Pimenta spp.), raw",1766.26,7.9,0.0
"China, Taiwan Province of",2001,"Chillies and peppers, dry (Capsicum spp., Pimenta spp.), raw",1648.0,8.0,0.0
"China, Taiwan Province of",2002,"Chillies and peppers, dry (Capsicum spp., Pimenta spp.), raw",1797.0,20.0,0.0
"China, Taiwan Province of",2003,"Chillies and peppers, dry (Capsicum spp., Pimenta spp.), raw",2177.0,15.0,0.0
"China, Taiwan Province of",2004,"Chillies and peppers, dry (Capsicum spp., Pimenta spp.), raw",1999.0,17.0,0.0
"China, Taiwan Province of",2005,"Chillies and peppers, dry (Capsicum spp., Pimenta spp.), raw",2408.0,62.0,0.0
"China, Taiwan Province of",2006,"Chillies and peppers, dry (Capsicum spp., Pimenta spp.), raw",2048.0,25.0,0.0
"China, Taiwan Province of",2007,"Chillies and peppers, dry (Capsicum spp., Pimenta spp.), raw",2321.0,205.0,0.0
"China, Taiwan Province of",2008,"Chillies and peppers, dry (Capsicum spp., Pimenta spp.), raw",2867.0,57.0,0.0
"China, Taiwan Province of",2009,"Chillies and peppers, dry (Capsicum spp., Pimenta spp.), raw",2833.0,80.0,0.0
"China, Taiwan Province of",2010,"Chillies and peppers, dry (Capsicum spp., Pimenta spp.), raw",2583.0,153.0,0.0
"China, Taiwan Province of",2011,"Chillies and peppers, dry (Capsicum spp., Pimenta spp.), raw",2724.0,132.0,0.0
"China, Taiwan Province of",2012,"Chillies and peppers, dry (Capsicum spp., Pimenta spp.), raw",3381.0,106.0,0.0
"China, Taiwan Province of",2013,"Chillies and peppers, dry (Capsicum spp., Pimenta spp.), raw",3376.0,59.0,0.0
"China, Taiwan Province of",2014,"Chillies and peppers, dry (Capsicum spp., Pimenta spp.), raw",3198.37,51.26,0.0
"China, Taiwan Province of",2015,"Chillies and peppers, dry (Capsicum spp., Pimenta spp.), raw",3217.71,70.17,0.0
"China, Taiwan Province of",2016,"Chillies and peppers, dry (Capsicum spp., Pimenta spp.), raw",3708.02,29.09,0.0
"China, Taiwan Province of",2017,"Chillies and peppers, dry (Capsicum spp., Pimenta spp.), raw",3856.4,46.24,0.0
"China, Taiwan Province of",2018,"Chillies and peppers, dry (Capsicum spp., Pimenta spp.), raw",3954.16,64.83,0.0
"China, Taiwan Province of",2019,"Chillies and peppers, dry (Capsicum spp., Pimenta spp.), raw",3608.33,50.87,0.0
"China, Taiwan Province of",2020,"Chillies and peppers, dry (Capsicum spp., Pimenta spp.), raw",4050.26,36.09,0.0
"China, Taiwan Province of",2022,"Chillies and peppers, dry (Capsicum spp., Pimenta spp.), raw",4107.57,44.16,0.0
"China, Taiwan Province of",2023,"Chillies and peppers, dry (Capsicum spp., Pimenta spp.), raw",3914.59,34.24,0.0
Colombia,1993,"Chillies and peppers, dry (Capsicum spp., Pimenta spp.), raw",23.0,2195.0,0.0
Colombia,1994,"Chillies and peppers, dry (Capsicum spp., Pimenta spp.), raw",34.0,863.0,0.0
Colombia,1995,"Chillies and peppers, dry (Capsicum spp., Pimenta spp.), raw",41.0,1326.0,0.0
Colombia,1996,"Chillies and peppers, dry (Capsicum spp., Pimenta spp.), raw",45.0,1836.0,0.0
Colombia,1997,"Chillies and peppers, dry (Capsicum spp., Pimenta spp.), raw",36.0,1312.0,0.0
Colombia,1998,"Chillies and peppers, dry (Capsicum spp., Pimenta spp.), raw",56.0,2911.0,0.0
Colombia,1999,"Chillies and peppers, dry (Capsicum spp., Pimenta spp.), raw",33.0,2596.0,0.0
Colombia,2000,"Chillies and peppers, dry (Capsicum spp., Pimenta spp.), raw",35.52,1318.53,0.0
Colombia,2001,"Chillies and peppers, dry (Capsicum spp., Pimenta spp.), raw",52.0,2875.0,0.0
Colombia,2002,"Chillies and peppers, dry (Capsicum spp., Pimenta spp.), raw",39.0,2387.0,0.0
Colombia,2003,"Chillies and peppers, dry (Capsicum spp., Pimenta spp.), raw",34.0,2530.0,0.0
Colombia,2005,"Chillies and peppers, dry (Capsicum spp., Pimenta spp.), raw",71.0,3116.0,0.0
Colombia,2006,"Chillies and peppers, dry (Capsicum spp., Pimenta spp.), raw",68.0,2039.0,0.0
Colombia,2007,"Chillies and peppers, dry (Capsicum spp., Pimenta spp.), raw",65.0,2257.0,0.0
Colombia,2009,"Chillies and peppers, dry (Capsicum spp., Pimenta spp.), raw",65.0,1176.0,0.0
Colombia,2010,"Chillies and peppers, dry (Capsicum spp., Pimenta spp.), raw",99.0,1657.0,0.0
Colombia,2011,"Chillies and peppers, dry (Capsicum spp., Pimenta spp.), raw",44.0,1955.0,0.0
Colombia,2012,"Chillies and peppers, dry (Capsicum spp., Pimenta spp.), raw",75.0,1666.0,0.0
Colombia,2013,"Chillies and peppers, dry (Capsicum spp., Pimenta spp.), raw",118.0,2679.0,0.0
Colombia,2014,"Chillies and peppers, dry (Capsicum spp., Pimenta spp.), raw",127.26,1717.25,0.0
Colombia,2015,"Chillies and peppers, dry (Capsicum spp., Pimenta spp.), raw",126.47,1573.13,0.0
Colombia,2016,"Chillies and peppers, dry (Capsicum spp., Pimenta spp.), raw",167.13,3686.1,0.0
Colombia,2017,"Chillies and peppers, dry (Capsicum spp., Pimenta spp.), raw",192.13,4317.4,0.0
Colombia,2018,"Chillies and peppers, dry (Capsicum spp., Pimenta spp.), raw",212.78,4168.93,0.0
Colombia,2019,"Chillies and peppers, dry (Capsicum spp., Pimenta spp.), raw",270.59,4041.84,0.0
Colombia,2020,"Chillies and peppers, dry (Capsicum spp., Pimenta spp.), raw",281.53,5790.79,0.0
Colombia,2021,"Chillies and peppers, dry (Capsicum spp., Pimenta spp.), raw",515.23,5396.02,0.0
Colombia,2022,"Chillies and peppers, dry (Capsicum spp., Pimenta spp.), raw",509.73,3224.23,0.0
Colombia,2023,"Chillies and peppers, dry (Capsicum spp., Pimenta spp.), raw",634.07,3036.91,0.0
Comoros,1995,"Chillies and peppers, dry (Capsicum spp., Pimenta spp.), raw",0.0,0.0,0.0
Comoros,1996,"Chillies and peppers, dry (Capsicum spp., Pimenta spp.), raw",0.0,0.0,0.0
Comoros,1997,"Chillies and peppers, dry (Capsicum spp., Pimenta spp.), raw",0.0,0.0,0.0
Comoros,1998,"Chillies and peppers, dry (Capsicum spp., Pimenta spp.), raw",0.0,0.0,0.0
Comoros,1999,"Chillies and peppers, dry (Capsicum spp., Pimenta spp.), raw",0.0,0.0,0.0
Comoros,2000,"Chillies and peppers, dry (Capsicum spp., Pimenta spp.), raw",0.15,0.0,0.0
Comoros,2001,"Chillies and peppers, dry (Capsicum spp., Pimenta spp.), raw",0.15,0.0,0.0
Comoros,2002,"Chillies and peppers, dry (Capsicum spp., Pimenta spp.), raw",0.15,0.0,0.0
Comoros,2003,"Chillies and peppers, dry (Capsicum spp., Pimenta spp.), raw",1.0,0.0,0.0
Comoros,2004,"Chillies and peppers, dry (Capsicum spp., Pimenta spp.), raw",0.0,0.0,0.0
Comoros,2005,"Chillies and peppers, dry (Capsicum spp., Pimenta spp.), raw",1.0,0.0,0.0
Comoros,2006,"Chillies and peppers, dry (Capsicum spp., Pimenta spp.), raw",0.0,0.0,0.0
Comoros,2007,"Chillies and peppers, dry (Capsicum spp., Pimenta spp.), raw",0.0,0.0,0.0
Comoros,2008,"Chillies and peppers, dry (Capsicum spp., Pimenta spp.), raw",0.0,0.0,0.0
Comoros,2009,"Chillies and peppers, dry (Capsicum spp., Pimenta spp.), raw",0.0,0.0,0.0
Comoros,2010,"Chillies and peppers, dry (Capsicum spp., Pimenta spp.), raw",0.0,0.0,0.0
Comoros,2011,"Chillies and peppers, dry (Capsicum spp., Pimenta spp.), raw",0.0,0.0,0.0
Comoros,2012,"Chillies and peppers, dry (Capsicum spp., Pimenta spp.), raw",0.0,0.0,0.0
Comoros,2013,"Chillies and peppers, dry (Capsicum spp., Pimenta spp.), raw",1.0,0.0,0.0
Comoros,2016,"Chillies and peppers, dry (Capsicum spp., Pimenta spp.), raw",0.68,0.0,0.0
Comoros,2017,"Chillies and peppers, dry (Capsicum spp., Pimenta spp.), raw",1.1,0.0,0.0
Comoros,2018,"Chillies and peppers, dry (Capsicum spp., Pimenta spp.), raw",0.85,0.0,0.0
Comoros,2019,"Chillies and peppers, dry (Capsicum spp., Pimenta spp.), raw",9.67,0.0,0.0
Comoros,2020,"Chillies and peppers, dry (Capsicum spp., Pimenta spp.), raw",3.1,0.0,0.0
Comoros,2021,"Chillies and peppers, dry (Capsicum spp., Pimenta spp.), raw",8.38,0.0,0.0
Comoros,2022,"Chillies and peppers, dry (Capsicum spp., Pimenta spp.), raw",1.91,0.0,0.0
Comoros,2023,"Chillies and peppers, dry (Capsicum spp., Pimenta spp.), raw",0.01,0.0,0.0
Congo,1993,"Chillies and peppers, dry (Capsicum spp., Pimenta spp.), raw",0.0,0.0,0.0
Congo,1994,"Chillies and peppers, dry (Capsicum spp., Pimenta spp.), raw",0.0,0.0,0.0
Congo,1995,"Chillies and peppers, dry (Capsicum spp., Pimenta spp.), raw",0.0,0.0,0.0
Congo,1996,"Chillies and peppers, dry (Capsicum spp., Pimenta spp.), raw",0.0,0.0,0.0
Congo,1997,"Chillies and peppers, dry (Capsicum spp., Pimenta spp.), raw",0.0,0.0,0.0
Congo,1998,"Chillies and peppers, dry (Capsicum spp., Pimenta spp.), raw",0.0,0.0,0.0
Congo,1999,"Chillies and peppers, dry (Capsicum spp., Pimenta spp.), raw",0.0,0.0,0.0
Congo,2000,"Chillies and peppers, dry (Capsicum spp., Pimenta spp.), raw",0.0,0.0,0.0
Congo,2001,"Chillies and peppers, dry (Capsicum spp., Pimenta spp.), raw",0.0,0.0,0.0
Congo,2003,"Chillies and peppers, dry (Capsicum spp., Pimenta spp.), raw",0.0,0.0,0.0
Congo,2004,"Chillies and peppers, dry (Capsicum spp., Pimenta spp.), raw",0.0,0.0,0.0
Congo,2005,"Chillies and peppers, dry (Capsicum spp., Pimenta spp.), raw",1.0,0.0,0.0
Congo,2006,"Chillies and peppers, dry (Capsicum spp., Pimenta spp.), raw",5.0,0.0,0.0
Congo,2008,"Chillies and peppers, dry (Capsicum spp., Pimenta spp.), raw",3.0,0.0,0.0
Congo,2009,"Chillies and peppers, dry (Capsicum spp., Pimenta spp.), raw",2.0,0.0,0.0
Congo,2010,"Chillies and peppers, dry (Capsicum spp., Pimenta spp.), raw",2.0,0.0,0.0
Congo,2011,"Chillies and peppers, dry (Capsicum spp., Pimenta spp.), raw",4.0,0.0,0.0
Congo,2012,"Chillies and peppers, dry (Capsicum spp., Pimenta spp.), raw",10.0,0.0,0.0
Congo,2013,"Chillies and peppers, dry (Capsicum spp., Pimenta spp.), raw",4.0,0.0,0.0
Congo,2014,"Chillies and peppers, dry (Capsicum spp., Pimenta spp.), raw",7.1,0.0,0.0
Congo,2015,"Chillies and peppers, dry (Capsicum spp., Pimenta spp.), raw",4.77,0.0,0.0
Congo,2016,"Chillies and peppers, dry (Capsicum spp., Pimenta spp.), raw",7.48,0.0,0.0
Congo,2018,"Chillies and peppers, dry (Capsicum spp., Pimenta spp.), raw",5.2,0.0,0.0
Congo,2019,"Chillies and peppers, dry (Capsicum spp., Pimenta spp.), raw",3.6,0.0,0.0
Congo,2020,"Chillies and peppers, dry (Capsicum spp., Pimenta spp.), raw",7.68,0.0,0.0
Congo,2023,"Chillies and peppers, dry (Capsicum spp., Pimenta spp.), raw",7.38,0.2,0.0
Cook Islands,1997,"Chillies and peppers, dry (Capsicum spp., Pimenta spp.), raw",1.0,0.0,0.0
Cook Islands,1998,"Chillies and peppers, dry (Capsicum spp., Pimenta spp.), raw",1.0,0.0,0.0
Cook Islands,1999,"Chillies and peppers, dry (Capsicum spp., Pimenta spp.), raw",1.0,0.0,0.0
Cook Islands,2000,"Chillies and peppers, dry (Capsicum spp., Pimenta spp.), raw",1.0,1.0,0.0
Cook Islands,2001,"Chillies and peppers, dry (Capsicum spp., Pimenta spp.), raw",0.0,1.0,0.0
Cook Islands,2002,"Chillies and peppers, dry (Capsicum spp., Pimenta spp.), raw",0.0,1.0,0.0
Cook Islands,2003,"Chillies and peppers, dry (Capsicum spp., Pimenta spp.), raw",0.0,1.0,0.0
Cook Islands,2004,"Chillies and peppers, dry (Capsicum spp., Pimenta spp.), raw",0.0,1.0,0.0
Cook Islands,2005,"Chillies and peppers, dry (Capsicum spp., Pimenta spp.), raw",1.0,1.0,0.0
Cook Islands,2006,"Chillies and peppers, dry (Capsicum spp., Pimenta spp.), raw",0.0,1.0,0.0
Cook Islands,2007,"Chillies and peppers, dry (Capsicum spp., Pimenta spp.), raw",1.0,1.0,0.0
Cook Islands,2008,"Chillies and peppers, dry (Capsicum spp., Pimenta spp.), raw",1.0,1.0,0.0
Cook Islands,2009,"Chillies and peppers, dry (Capsicum spp., Pimenta spp.), raw",1.0,1.0,0.0
Cook Islands,2010,"Chillies and peppers, dry (Capsicum spp., Pimenta spp.), raw",0.0,1.0,0.0
Cook Islands,2011,"Chillies and peppers, dry (Capsicum spp., Pimenta spp.), raw",0.0,0.0,0.0
Cook Islands,2012,"Chillies and peppers, dry (Capsicum spp., Pimenta spp.), raw",0.0,0.0,0.0
Cook Islands,2013,"Chillies and peppers, dry (Capsicum spp., Pimenta spp.), raw",0.0,0.0,0.0
Cook Islands,2014,"Chillies and peppers, dry (Capsicum spp., Pimenta spp.), raw",0.12,0.0,0.0
Cook Islands,2016,"Chillies and peppers, dry (Capsicum spp., Pimenta spp.), raw",0.17,0.0,0.0
Cook Islands,2017,"Chillies and peppers, dry (Capsicum spp., Pimenta spp.), raw",0.19,0.0,0.0
Cook Islands,2018,"Chillies and peppers, dry (Capsicum spp., Pimenta spp.), raw",0.13,0.0,0.0
Cook Islands,2019,"Chillies and peppers, dry (Capsicum spp., Pimenta spp.), raw",0.39,0.0,0.0
Cook Islands,2020,"Chillies and peppers, dry (Capsicum spp., Pimenta spp.), raw",0.44,0.0,0.0
Cook Islands,2021,"Chillies and peppers, dry (Capsicum spp., Pimenta spp.), raw",0.46,0.0,0.0
Cook Islands,2023,"Chillies and peppers, dry (Capsicum spp., Pimenta spp.), raw",0.52,0.0,0.0
Costa Rica,1994,"Chillies and peppers, dry (Capsicum spp., Pimenta spp.), raw",39.0,1479.0,0.0
Costa Rica,1995,"Chillies and peppers, dry (Capsicum spp., Pimenta spp.), raw",58.0,1568.0,0.0
Costa Rica,1996,"Chillies and peppers, dry (Capsicum spp., Pimenta spp.), raw",10.0,1827.0,0.0
Costa Rica,1997,"Chillies and peppers, dry (Capsicum spp., Pimenta spp.), raw",41.0,1885.0,0.0
Costa Rica,1998,"Chillies and peppers, dry (Capsicum spp., Pimenta spp.), raw",47.0,2137.0,0.0
Costa Rica,1999,"Chillies and peppers, dry (Capsicum spp., Pimenta spp.), raw",81.61,1809.63,0.0
Costa Rica,2000,"Chillies and peppers, dry (Capsicum spp., Pimenta spp.), raw",67.99,1439.05,0.0
Costa Rica,2001,"Chillies and peppers, dry (Capsicum spp., Pimenta spp.), raw",73.0,1353.0,0.0
Costa Rica,2002,"Chillies and peppers, dry (Capsicum spp., Pimenta spp.), raw",70.0,2307.0,0.0
Costa Rica,2003,"Chillies and peppers, dry (Capsicum spp., Pimenta spp.), raw",86.0,2402.0,0.0
Costa Rica,2004,"Chillies and peppers, dry (Capsicum spp., Pimenta spp.), raw",122.0,2483.0,0.0
Costa Rica,2006,"Chillies and peppers, dry (Capsicum spp., Pimenta spp.), raw",333.0,2668.0,0.0
Costa Rica,2007,"Chillies and peppers, dry (Capsicum spp., Pimenta spp.), raw",235.0,2465.0,0.0
Costa Rica,2008,"Chillies and peppers, dry (Capsicum spp., Pimenta spp.), raw",498.0,2196.0,0.0
Costa Rica,2010,"Chillies and peppers, dry (Capsicum spp., Pimenta spp.), raw",373.0,2197.0,0.0
Costa Rica,2012,"Chillies and peppers, dry (Capsicum spp., Pimenta spp.), raw",547.0,2292.0,0.0
Costa Rica,2013,"Chillies and peppers, dry (Capsicum spp., Pimenta spp.), raw",634.0,1522.0,0.0
Costa Rica,2014,"Chillies and peppers, dry (Capsicum spp., Pimenta spp.), raw",503.67,469.45,0.0
Costa Rica,2016,"Chillies and peppers, dry (Capsicum spp., Pimenta spp.), raw",792.42,659.45,0.0
Costa Rica,2017,"Chillies and peppers, dry (Capsicum spp., Pimenta spp.), raw",645.61,490.12,0.0
Costa Rica,2018,"Chillies and peppers, dry (Capsicum spp., Pimenta spp.), raw",745.21,603.53,0.0
Costa Rica,2019,"Chillies and peppers, dry (Capsicum spp., Pimenta spp.), raw",665.84,841.79,0.0
Costa Rica,2020,"Chillies and peppers, dry (Capsicum spp., Pimenta spp.), raw",519.8,785.15,0.0
Costa Rica,2021,"Chillies and peppers, dry (Capsicum spp., Pimenta spp.), raw",1148.38,537.22,0.0
Costa Rica,2022,"Chillies and peppers, dry (Capsicum spp., Pimenta spp.), raw",647.23,407.35,0.0
Costa Rica,2023,"Chillies and peppers, dry (Capsicum spp., Pimenta spp.), raw",1062.36,248.04,0.0
Côte d'Ivoire,1993,"Chillies and peppers, dry (Capsicum spp., Pimenta spp.), raw",0.0,0.0,17000.0
Côte d'Ivoire,1994,"Chillies and peppers, dry (Capsicum spp., Pimenta spp.), raw",0.0,0.0,17000.0
Côte d'Ivoire,1995,"Chillies and peppers, dry (Capsicum spp., Pimenta spp.), raw",59.0,229.0,17000.0
Côte d'Ivoire,1996,"Chillies and peppers, dry (Capsicum spp., Pimenta spp.), raw",20.0,331.0,17000.0
Côte d'Ivoire,1997,"Chillies and peppers, dry (Capsicum spp., Pimenta spp.), raw",58.15,288.45,17100.0
Côte d'Ivoire,1999,"Chillies and peppers, dry (Capsicum spp., Pimenta spp.), raw",6.96,255.96,17300.0
Côte d'Ivoire,2000,"Chillies and peppers, dry (Capsicum spp., Pimenta spp.), raw",10.03,55.1,18000.0
Côte d'Ivoire,2001,"Chillies and peppers, dry (Capsicum spp., Pimenta spp.), raw",1.0,276.0,21000.0
Côte d'Ivoire,2002,"Chillies and peppers, dry (Capsicum spp., Pimenta spp.), raw",5.0,210.0,28000.0
Côte d'Ivoire,2003,"Chillies and peppers, dry (Capsicum spp., Pimenta spp.), raw",1.0,2.0,35000.0
Côte d'Ivoire,2004,"Chillies and peppers, dry (Capsicum spp., Pimenta spp.), raw",8.0,5.0,45000.0
Côte d'Ivoire,2005,"Chillies and peppers, dry (Capsicum spp., Pimenta spp.), raw",4.0,7.0,50000.0
Côte d'Ivoire,2007,"Chillies and peppers, dry (Capsicum spp., Pimenta spp.), raw",12.0,5.0,70000.0
Côte d'Ivoire,2008,"Chillies and peppers, dry (Capsicum spp., Pimenta spp.), raw",6.0,12.0,80000.0
Côte d'Ivoire,2009,"Chillies and peppers, dry (Capsicum spp., Pimenta spp.), raw",5.0,2.0,85000.0
Côte d'Ivoire,2010,"Chillies and peppers, dry (Capsicum spp., Pimenta spp.), raw",9.0,7.0,95000.0
Côte d'Ivoire,2011,"Chillies and peppers, dry (Capsicum spp., Pimenta spp.), raw",6.0,2.0,115943.0
Côte d'Ivoire,2012,"Chillies and peppers, dry (Capsicum spp., Pimenta spp.), raw",20.0,105.0,118286.0
Côte d'Ivoire,2013,"Chillies and peppers, dry (Capsicum spp., Pimenta spp.), raw",30.0,174.0,115000.0
Côte d'Ivoire,2014,"Chillies and peppers, dry (Capsicum spp., Pimenta spp.), raw",55.05,82.65,114444.89
Côte d'Ivoire,2015,"Chillies and peppers, dry (Capsicum spp., Pimenta spp.), raw",59.77,31.89,140778.69
Côte d'Ivoire,2016,"Chillies and peppers, dry (Capsicum spp., Pimenta spp.), raw",4.95,116.68,123407.86
Côte d'Ivoire,2017,"Chillies and peppers, dry (Capsicum spp., Pimenta spp.), raw",9.1,135.85,131381.39
Côte d'Ivoire,2018,"Chillies and peppers, dry (Capsicum spp., Pimenta spp.), raw",11.41,311.32,134175.37
Côte d'Ivoire,2019,"Chillies and peppers, dry (Capsicum spp., Pimenta spp.), raw",107.91,523.94,129654.88
Côte d'Ivoire,2020,"Chillies and peppers, dry (Capsicum spp., Pimenta spp.), raw",772.8,585.95,131737.21
Côte d'Ivoire,2021,"Chillies and peppers, dry (Capsicum spp., Pimenta spp.), raw",904.14,639.58,131855.82
Côte d'Ivoire,2023,"Chillies and peppers, dry (Capsicum spp., Pimenta spp.), raw",631.04,1516.24,131558.56
Croatia,1993,"Chillies and peppers, dry (Capsicum spp., Pimenta spp.), raw",698.0,70.0,0.0
Croatia,1994,"Chillies and peppers, dry (Capsicum spp., Pimenta spp.), raw",763.0,254.0,0.0
Croatia,1995,"Chillies and peppers, dry (Capsicum spp., Pimenta spp.), raw",472.0,58.0,0.0
Croatia,1996,"Chillies and peppers, dry (Capsicum spp., Pimenta spp.), raw",634.0,146.0,0.0
Croatia,1997,"Chillies and peppers, dry (Capsicum spp., Pimenta spp.), raw",686.0,64.0,0.0
Croatia,1999,"Chillies and peppers, dry (Capsicum spp., Pimenta spp.), raw",701.0,78.0,0.0
Croatia,2000,"Chillies and peppers, dry (Capsicum spp., Pimenta spp.), raw",660.0,93.0,0.0
Croatia,2002,"Chillies and peppers, dry (Capsicum spp., Pimenta spp.), raw",716.0,119.0,0.0
Croatia,2003,"Chillies and peppers, dry (Capsicum spp., Pimenta spp.), raw",725.0,131.0,0.0
Croatia,2004,"Chillies and peppers, dry (Capsicum spp., Pimenta spp.), raw",717.0,162.0,0.0
Croatia,2005,"Chillies and peppers, dry (Capsicum spp., Pimenta spp.), raw",766.0,133.0,0.0
Croatia,2006,"Chillies and peppers, dry (Capsicum spp., Pimenta spp.), raw",782.0,130.0,0.0
Croatia,2007,"Chillies and peppers, dry (Capsicum spp., Pimenta spp.), raw",730.0,120.0,0.0
Croatia,2008,"Chillies and peppers, dry (Capsicum spp., Pimenta spp.), raw",851.0,114.0,0.0
Croatia,2009,"Chillies and peppers, dry (Capsicum spp., Pimenta spp.), raw",803.0,147.0,0.0
Croatia,2010,"Chillies and peppers, dry (Capsicum spp., Pimenta spp.), raw",728.0,160.0,0.0
Croatia,2011,"Chillies and peppers, dry (Capsicum spp., Pimenta spp.), raw",776.0,113.0,0.0
Croatia,2012,"Chillies and peppers, dry (Capsicum spp., Pimenta spp.), raw",721.0,98.0,0.0
Croatia,2013,"Chillies and peppers, dry (Capsicum spp., Pimenta spp.), raw",837.0,91.0,0.0
Croatia,2014,"Chillies and peppers, dry (Capsicum spp., Pimenta spp.), raw",761.96,166.03,0.0
Croatia,2015,"Chillies and peppers, dry (Capsicum spp., Pimenta spp.), raw",1085.35,281.65,0.0
Croatia,2016,"Chillies and peppers, dry (Capsicum spp., Pimenta spp.), raw",1000.0,281.97,0.0
Croatia,2017,"Chillies and peppers, dry (Capsicum spp., Pimenta spp.), raw",772.93,178.79,0.0
Croatia,2018,"Chillies and peppers, dry (Capsicum spp., Pimenta spp.), raw",974.57,225.3,0.0
Croatia,2019,"Chillies and peppers, dry (Capsicum spp., Pimenta spp.), raw",986.0,164.12,0.0
Croatia,2020,"Chillies and peppers, dry (Capsicum spp., Pimenta spp.), raw",998.07,267.11,0.0
Croatia,2021,"Chillies and peppers, dry (Capsicum spp., Pimenta spp.), raw",1105.43,311.24,0.0
Croatia,2022,"Chillies and peppers, dry (Capsicum spp., Pimenta spp.), raw",937.92,257.74,0.0
Croatia,2023,"Chillies and peppers, dry (Capsicum spp., Pimenta spp.), raw",1226.78,280.43,0.0
Cuba,1993,"Chillies and peppers, dry (Capsicum spp., Pimenta spp.), raw",100.0,0.0,0.0
Cuba,1994,"Chillies and peppers, dry (Capsicum spp., Pimenta spp.), raw",200.0,0.0,0.0
Cuba,1995,"Chillies and peppers, dry (Capsicum spp., Pimenta spp.), raw",140.0,0.0,0.0
Cuba,1996,"Chillies and peppers, dry (Capsicum spp., Pimenta spp.), raw",150.0,0.0,0.0
Cuba,1997,"Chillies and peppers, dry (Capsicum spp., Pimenta spp.), raw",65.0,0.0,0.0
Cuba,1998,"Chillies and peppers, dry (Capsicum spp., Pimenta spp.), raw",90.0,0.0,0.0
Cuba,2000,"Chillies and peppers, dry (Capsicum spp., Pimenta spp.), raw",43.0,0.0,0.0
Cuba,2001,"Chillies and peppers, dry (Capsicum spp., Pimenta spp.), raw",28.0,0.0,0.0
Cuba,2002,"Chillies and peppers, dry (Capsicum spp., Pimenta spp.), raw",84.0,0.0,0.0
Cuba,2003,"Chillies and peppers, dry (Capsicum spp., Pimenta spp.), raw",81.0,0.0,0.0
Cuba,2004,"Chillies and peppers, dry (Capsicum spp., Pimenta spp.), raw",83.0,0.0,0.0
Cuba,2005,"Chillies and peppers, dry (Capsicum spp., Pimenta spp.), raw",56.0,0.0,0.0
Cuba,2006,"Chillies and peppers, dry (Capsicum spp., Pimenta spp.), raw",73.0,0.0,0.0
Cuba,2007,"Chillies and peppers, dry (Capsicum spp., Pimenta spp.), raw",143.0,0.0,0.0
Cuba,2008,"Chillies and peppers, dry (Capsicum spp., Pimenta spp.), raw",27.0,0.0,0.0
Cuba,2009,"Chillies and peppers, dry (Capsicum spp., Pimenta spp.), raw",27.0,0.0,0.0
Cuba,2010,"Chillies and peppers, dry (Capsicum spp., Pimenta spp.), raw",26.0,0.0,0.0
Cuba,2011,"Chillies and peppers, dry (Capsicum spp., Pimenta spp.), raw",82.0,0.0,0.0
Cuba,2012,"Chillies and peppers, dry (Capsicum spp., Pimenta spp.), raw",62.0,0.0,0.0
Cuba,2013,"Chillies and peppers, dry (Capsicum spp., Pimenta spp.), raw",67.0,0.0,0.0
Cuba,2014,"Chillies and peppers, dry (Capsicum spp., Pimenta spp.), raw",144.9,0.0,0.0
Cuba,2015,"Chillies and peppers, dry (Capsicum spp., Pimenta spp.), raw",164.71,0.0,0.0
Cuba,2016,"Chillies and peppers, dry (Capsicum spp., Pimenta spp.), raw",161.37,0.0,0.0
Cuba,2018,"Chillies and peppers, dry (Capsicum spp., Pimenta spp.), raw",186.38,0.01,0.0
Cuba,2019,"Chillies and peppers, dry (Capsicum spp., Pimenta spp.), raw",154.1,0.0,0.0
Cuba,2020,"Chillies and peppers, dry (Capsicum spp., Pimenta spp.), raw",115.05,9.85,0.0
Cuba,2021,"Chillies and peppers, dry (Capsicum spp., Pimenta spp.), raw",103.54,17.55,0.0
Cuba,2022,"Chillies and peppers, dry (Capsicum spp., Pimenta spp.), raw",98.95,12.58,0.0
Cuba,2023,"Chillies and peppers, dry (Capsicum spp., Pimenta spp.), raw",99.08,6.09,0.0
Cyprus,1993,"Chillies and peppers, dry (Capsicum spp., Pimenta spp.), raw",6.0,1.0,0.0
Cyprus,1995,"Chillies and peppers, dry (Capsicum spp., Pimenta spp.), raw",7.0,0.0,0.0
Cyprus,1996,"Chillies and peppers, dry (Capsicum spp., Pimenta spp.), raw",11.0,1.0,0.0
Cyprus,1997,"Chillies and peppers, dry (Capsicum spp., Pimenta spp.), raw",9.0,0.0,0.0
Cyprus,1998,"Chillies and peppers, dry (Capsicum spp., Pimenta spp.), raw",13.0,0.0,0.0
Cyprus,1999,"Chillies and peppers, dry (Capsicum spp., Pimenta spp.), raw",12.0,0.0,0.0
Cyprus,2000,"Chillies and peppers, dry (Capsicum spp., Pimenta spp.), raw",10.3,0.0,0.0
Cyprus,2001,"Chillies and peppers, dry (Capsicum spp., Pimenta spp.), raw",18.0,0.0,0.0
Cyprus,2002,"Chillies and peppers, dry (Capsicum spp., Pimenta spp.), raw",22.0,0.0,0.0
Cyprus,2003,"Chillies and peppers, dry (Capsicum spp., Pimenta spp.), raw",21.0,0.0,0.0
Cyprus,2005,"Chillies and peppers, dry (Capsicum spp., Pimenta spp.), raw",26.0,0.0,0.0
Cyprus,2006,"Chillies and peppers, dry (Capsicum spp., Pimenta spp.), raw",19.0,0.0,0.0
Cyprus,2007,"Chillies and peppers, dry (Capsicum spp., Pimenta spp.), raw",27.0,0.0,0.0
Cyprus,2008,"Chillies and peppers, dry (Capsicum spp., Pimenta spp.), raw",35.0,0.0,0.0
Cyprus,2009,"Chillies and peppers, dry (Capsicum spp., Pimenta spp.), raw",28.0,0.0,0.0
Cyprus,2010,"Chillies and peppers, dry (Capsicum spp., Pimenta spp.), raw",20.0,0.0,0.0
Cyprus,2011,"Chillies and peppers, dry (Capsicum spp., Pimenta spp.), raw",41.0,0.0,0.0
Cyprus,2012,"Chillies and peppers, dry (Capsicum spp., Pimenta spp.), raw",36.0,0.0,0.0
Cyprus,2013,"Chillies and peppers, dry (Capsicum spp., Pimenta spp.), raw",31.0,0.0,0.0
Cyprus,2014,"Chillies and peppers, dry (Capsicum spp., Pimenta spp.), raw",35.54,0.0,0.0
Cyprus,2015,"Chillies and peppers, dry (Capsicum spp., Pimenta spp.), raw",24.84,0.0,0.0
Cyprus,2016,"Chillies and peppers, dry (Capsicum spp., Pimenta spp.), raw",37.15,0.0,0.0
Cyprus,2017,"Chillies and peppers, dry (Capsicum spp., Pimenta spp.), raw",42.54,0.0,0.0
Cyprus,2018,"Chillies and peppers, dry (Capsicum spp., Pimenta spp.), raw",43.9,0.0,0.0
Cyprus,2019,"Chillies and peppers, dry (Capsicum spp., Pimenta spp.), raw",74.26,0.0,0.0
Cyprus,2021,"Chillies and peppers, dry (Capsicum spp., Pimenta spp.), raw",139.14,0.03,0.0
Cyprus,2022,"Chillies and peppers, dry (Capsicum spp., Pimenta spp.), raw",44.95,0.03,0.0
Cyprus,2023,"Chillies and peppers, dry (Capsicum spp., Pimenta spp.), raw",110.07,0.0,0.0
Czechia,1993,"Chillies and peppers, dry (Capsicum spp., Pimenta spp.), raw",1575.0,52.0,700.0
Czechia,1994,"Chillies and peppers, dry (Capsicum spp., Pimenta spp.), raw",1638.0,95.0,2300.0
Czechia,1995,"Chillies and peppers, dry (Capsicum spp., Pimenta spp.), raw",2028.0,120.0,3700.0
Czechia,1996,"Chillies and peppers, dry (Capsicum spp., Pimenta spp.), raw",1868.0,131.0,7300.0
Czechia,1997,"Chillies and peppers, dry (Capsicum spp., Pimenta spp.), raw",1993.0,143.0,5700.0
Czechia,1999,"Chillies and peppers, dry (Capsicum spp., Pimenta spp.), raw",1975.0,120.0,1600.0
Czechia,2000,"Chillies and peppers, dry (Capsicum spp., Pimenta spp.), raw",1944.59,142.47,2400.0
Czechia,2001,"Chillies and peppers, dry (Capsicum spp., Pimenta spp.), raw",2001.0,119.0,3300.0
Czechia,2002,"Chillies and peppers, dry (Capsicum spp., Pimenta spp.), raw",2023.0,102.0,3700.0
Czechia,2003,"Chillies and peppers, dry (Capsicum spp., Pimenta spp.), raw",2159.0,189.0,4300.0
Czechia,2004,"Chillies and peppers, dry (Capsicum spp., Pimenta spp.), raw",2460.0,247.0,5300.0
Czechia,2005,"Chillies and peppers, dry (Capsicum spp., Pimenta spp.), raw",2392.0,207.0,4400.0
Czechia,2006,"Chillies and peppers, dry (Capsicum spp., Pimenta spp.), raw",2347.0,221.0,2764.0
Czechia,2007,"Chillies and peppers, dry (Capsicum spp., Pimenta spp.), raw",2351.0,289.0,2033.0
Czechia,2009,"Chillies and peppers, dry (Capsicum spp., Pimenta spp.), raw",2228.0,246.0,1513.0
Czechia,2010,"Chillies and peppers, dry (Capsicum spp., Pimenta spp.), raw",2292.0,348.0,2690.0
Czechia,2011,"Chillies and peppers, dry (Capsicum spp., Pimenta spp.), raw",2396.0,215.0,3635.0
Czechia,2012,"Chillies and peppers, dry (Capsicum spp., Pimenta spp.), raw",2243.0,211.0,2919.0
Czechia,2013,"Chillies and peppers, dry (Capsicum spp., Pimenta spp.), raw",2167.0,173.0,1500.0
Czechia,2014,"Chillies and peppers, dry (Capsicum spp., Pimenta spp.), raw",2123.21,227.83,2684.67
Czechia,2015,"Chillies and peppers, dry (Capsicum spp., Pimenta spp.), raw",2187.04,260.76,2367.89
Czechia,2016,"Chillies and peppers, dry (Capsicum spp., Pimenta spp.), raw",2363.93,300.28,2184.19
Czechia,2017,"Chillies and peppers, dry (Capsicum spp., Pimenta spp.), raw",2089.8,257.0,2412.25
Czechia,2018,"Chillies and peppers, dry (Capsicum spp., Pimenta spp.), raw",2364.41,394.47,0.0
Czechia,2019,"Chillies and peppers, dry (Capsicum spp., Pimenta spp.), raw",2339.21,376.57,0.0
Czechia,2020,"Chillies and peppers, dry (Capsicum spp., Pimenta spp.), raw",2361.08,371.39,0.0
Czechia,2021,"Chillies and peppers, dry (Capsicum spp., Pimenta spp.), raw",2654.14,384.41,0.0
Czechia,2022,"Chillies and peppers, dry (Capsicum spp., Pimenta spp.), raw",3155.61,542.47,0.0
Czechia,2023,"Chillies and peppers, dry (Capsicum spp., Pimenta spp.), raw",2911.16,670.76,0.0
Democratic People's Republic of Korea,2014,"Chillies and peppers, dry (Capsicum spp., Pimenta spp.), raw",7495.15,0.11,0.0
Democratic People's Republic of Korea,2015,"Chillies and peppers, dry (Capsicum spp., Pimenta spp.), raw",4456.21,0.05,0.0
Democratic People's Republic of Korea,2016,"Chillies and peppers, dry (Capsicum spp., Pimenta spp.), raw",4851.61,20.0,0.0
Democratic People's Republic of Korea,2018,"Chillies and peppers, dry (Capsicum spp., Pimenta spp.), raw",7032.49,0.12,0.0
Democratic People's Republic of Korea,2019,"Chillies and peppers, dry (Capsicum spp., Pimenta spp.), raw",8688.99,0.0,0.0
Democratic People's Republic of Korea,2020,"Chillies and peppers, dry (Capsicum spp., Pimenta spp.), raw",6000.0,0.0,0.0
Democratic People's Republic of Korea,2021,"Chillies and peppers, dry (Capsicum spp., Pimenta spp.), raw",5500.0,0.12,0.0
Democratic People's Republic of Korea,2022,"Chillies and peppers, dry (Capsicum spp., Pimenta spp.), raw",7000.0,0.0,0.0
Democratic People's Republic of Korea,2023,"Chillies and peppers, dry (Capsicum spp., Pimenta spp.), raw",2689.32,0.0,0.0
Democratic Republic of the Congo,1993,"Chillies and peppers, dry (Capsicum spp., Pimenta spp.), raw",0.0,0.0,31000.0
Democratic Republic of the Congo,1994,"Chillies and peppers, dry (Capsicum spp., Pimenta spp.), raw",0.0,0.0,33000.0
Democratic Republic of the Congo,1995,"Chillies and peppers, dry (Capsicum spp., Pimenta spp.), raw",0.0,0.0,34000.0
Democratic Republic of the Congo,1996,"Chillies and peppers, dry (Capsicum spp., Pimenta spp.), raw",0.0,0.0,35000.0
Democratic Republic of the Congo,1997,"Chillies and peppers, dry (Capsicum spp., Pimenta spp.), raw",16.0,0.0,32000.0
Democratic Republic of the Congo,1998,"Chillies and peppers, dry (Capsicum spp., Pimenta spp.), raw",16.0,0.0,30000.0
Democratic Republic of the Congo,1999,"Chillies and peppers, dry (Capsicum spp., Pimenta spp.), raw",16.0,0.0,31000.0
Democratic Republic of the Congo,2000,"Chillies and peppers, dry (Capsicum spp., Pimenta spp.), raw",16.0,0.0,31942.62
Democratic Republic of the Congo,2001,"Chillies and peppers, dry (Capsicum spp., Pimenta spp.), raw",16.0,0.0,32584.66
Democratic Republic of the Congo,2002,"Chillies and peppers, dry (Capsicum spp., Pimenta spp.), raw",0.0,0.0,33000.0
Democratic Republic of the Congo,2003,"Chillies and peppers, dry (Capsicum spp., Pimenta spp.), raw",1.0,0.0,31000.0
Democratic Republic of the Congo,2004,"Chillies and peppers, dry (Capsicum spp., Pimenta spp.), raw",1.0,0.0,31000.0
Democratic Republic of the Congo,2005,"Chillies and peppers, dry (Capsicum spp., Pimenta spp.), raw",0.0,0.0,32000.0
Democratic Republic of the Congo,2006,"Chillies and peppers, dry (Capsicum spp., Pimenta spp.), raw",13.0,0.0,31000.0
Democratic Republic of the Congo,2007,"Chillies and peppers, dry (Capsicum spp., Pimenta spp.), raw",18.0,0.0,32000.0
Democratic Republic of the Congo,2008,"Chillies and peppers, dry (Capsicum spp., Pimenta spp.), raw",1.0,0.0,33000.0
Democratic Republic of the Congo,2009,"Chillies and peppers, dry (Capsicum spp., Pimenta spp.), raw",3.0,0.0,34000.0
Democratic Republic of the Congo,2010,"Chillies and peppers, dry (Capsicum spp., Pimenta spp.), raw",4.0,0.0,34863.56
Democratic Republic of the Congo,2011,"Chillies and peppers, dry (Capsicum spp., Pimenta spp.), raw",1.0,0.0,35952.64
Democratic Republic of the Congo,2015,"Chillies and peppers, dry (Capsicum spp., Pimenta spp.), raw",10.48,0.0,36015.54
Democratic Republic of the Congo,2016,"Chillies and peppers, dry (Capsicum spp., Pimenta spp.), raw",11.53,0.0,35877.27
Democratic Republic of the Congo,2017,"Chillies and peppers, dry (Capsicum spp., Pimenta spp.), raw",9.15,0.0,35788.63
Democratic Republic of the Congo,2018,"Chillies and peppers, dry (Capsicum spp., Pimenta spp.), raw",11.6,0.08,35759.99
Democratic Republic of the Congo,2019,"Chillies and peppers, dry (Capsicum spp., Pimenta spp.), raw",19.72,0.09,35809.52
Democratic Republic of the Congo,2020,"Chillies and peppers, dry (Capsicum spp., Pimenta spp.), raw",1.31,0.0,36347.85
Democratic Republic of the Congo,2021,"Chillies and peppers, dry (Capsicum spp., Pimenta spp.), raw",31.17,0.0,36443.49
Democratic Republic of the Congo,2022,"Chillies and peppers, dry (Capsicum spp., Pimenta spp.), raw",27.32,1.57,36565.77
Democratic Republic of the Congo,2023,"Chillies and peppers, dry (Capsicum spp., Pimenta spp.), raw",15.22,0.93,36688.06
Denmark,1993,"Chillies and peppers, dry (Capsicum spp., Pimenta spp.), raw",381.0,11.0,0.0
Denmark,1994,"Chillies and peppers, dry (Capsicum spp., Pimenta spp.), raw",381.0,21.0,0.0
Denmark,1995,"Chillies and peppers, dry (Capsicum spp., Pimenta spp.), raw",509.0,8.0,0.0
Denmark,1996,"Chillies and peppers, dry (Capsicum spp., Pimenta spp.), raw",552.0,41.0,0.0
Denmark,1997,"Chillies and peppers, dry (Capsicum spp., Pimenta spp.), raw",691.0,39.0,0.0
Denmark,1998,"Chillies and peppers, dry (Capsicum spp., Pimenta spp.), raw",585.0,42.0,0.0
Denmark,1999,"Chillies and peppers, dry (Capsicum spp., Pimenta spp.), raw",581.0,34.0,0.0
Denmark,2000,"Chillies and peppers, dry (Capsicum spp., Pimenta spp.), raw",638.0,50.0,0.0
Denmark,2001,"Chillies and peppers, dry (Capsicum spp., Pimenta spp.), raw",773.0,60.0,0.0
Denmark,2002,"Chillies and peppers, dry (Capsicum spp., Pimenta spp.), raw",718.0,77.0,0.0
Denmark,2003,"Chillies and peppers, dry (Capsicum spp., Pimenta spp.), raw",810.0,116.0,0.0
Denmark,2004,"Chillies and peppers, dry (Capsicum spp., Pimenta spp.), raw",892.0,107.0,0.0
Denmark,2005,"Chillies and peppers, dry (Capsicum spp., Pimenta spp.), raw",807.0,71.0,0.0
Denmark,2006,"Chillies and peppers, dry (Capsicum spp., Pimenta spp.), raw",1195.0,110.0,0.0
Denmark,2007,"Chillies and peppers, dry (Capsicum spp., Pimenta spp.), raw",997.0,95.0,0.0
Denmark,2008,"Chillies and peppers, dry (Capsicum spp., Pimenta spp.), raw",1069.0,93.0,0.0
Denmark,2009,"Chillies and peppers, dry (Capsicum spp., Pimenta spp.), raw",1106.0,50.0,0.0
Denmark,2010,"Chillies and peppers, dry (Capsicum spp., Pimenta spp.), raw",831.0,87.0,0.0
Denmark,2011,"Chillies and peppers, dry (Capsicum spp., Pimenta spp.), raw",636.0,89.0,0.0
Denmark,2012,"Chillies and peppers, dry (Capsicum spp., Pimenta spp.), raw",806.0,24.0,0.0
Denmark,2013,"Chillies and peppers, dry (Capsicum spp., Pimenta spp.), raw",622.0,17.0,0.0
Denmark,2014,"Chillies and peppers, dry (Capsicum spp., Pimenta spp.), raw",884.53,21.31,0.0
Denmark,2015,"Chillies and peppers, dry (Capsicum spp., Pimenta spp.), raw",794.09,36.16,0.0
Denmark,2016,"Chillies and peppers, dry (Capsicum spp., Pimenta spp.), raw",1039.88,41.04,0.0
Denmark,2017,"Chillies and peppers, dry (Capsicum spp., Pimenta spp.), raw",902.59,47.65,0.0
Denmark,2018,"Chillies and peppers, dry (Capsicum spp., Pimenta spp.), raw",930.37,63.91,0.0
Denmark,2019,"Chillies and peppers, dry (Capsicum spp., Pimenta spp.), raw",950.73,73.4,0.0
Denmark,2020,"Chillies and peppers, dry (Capsicum spp., Pimenta spp.), raw",854.75,74.05,0.0
Denmark,2021,"Chillies and peppers, dry (Capsicum spp., Pimenta spp.), raw",1056.92,73.81,0.0
Denmark,2023,"Chillies and peppers, dry (Capsicum spp., Pimenta spp.), raw",1088.45,102.02,0.0
Djibouti,2014,"Chillies and peppers, dry (Capsicum spp., Pimenta spp.), raw",0.5,0.0,531.91
Djibouti,2016,"Chillies and peppers, dry (Capsicum spp., Pimenta spp.), raw",17.85,2.32,536.74
Djibouti,2017,"Chillies and peppers, dry (Capsicum spp., Pimenta spp.), raw",0.13,10.13,543.81
Djibouti,2018,"Chillies and peppers, dry (Capsicum spp., Pimenta spp.), raw",3.65,0.0,545.05
Djibouti,2019,"Chillies and peppers, dry (Capsicum spp., Pimenta spp.), raw",16.74,0.0,547.68
Djibouti,2020,"Chillies and peppers, dry (Capsicum spp., Pimenta spp.), raw",75.01,0.0,545.51
Djibouti,2022,"Chillies and peppers, dry (Capsicum spp., Pimenta spp.), raw",25.82,24.4,546.42
Djibouti,2023,"Chillies and peppers, dry (Capsicum spp., Pimenta spp.), raw",41.59,0.0,546.0
Dominica,1995,"Chillies and peppers, dry (Capsicum spp., Pimenta spp.), raw",0.0,0.0,0.0
Dominica,1996,"Chillies and peppers, dry (Capsicum spp., Pimenta spp.), raw",0.0,0.0,0.0
Dominica,1997,"Chillies and peppers, dry (Capsicum spp., Pimenta spp.), raw",0.0,0.0,0.0
Dominica,1998,"Chillies and peppers, dry (Capsicum spp., Pimenta spp.), raw",0.0,0.0,0.0
Dominica,1999,"Chillies and peppers, dry (Capsicum spp., Pimenta spp.), raw",0.0,0.0,0.0
Dominica,2000,"Chillies and peppers, dry (Capsicum spp., Pimenta spp.), raw",0.0,1.0,0.0
Dominica,2002,"Chillies and peppers, dry (Capsicum spp., Pimenta spp.), raw",0.0,0.0,0.0
Dominica,2003,"Chillies and peppers, dry (Capsicum spp., Pimenta spp.), raw",0.0,0.0,0.0
Dominica,2004,"Chillies and peppers, dry (Capsicum spp., Pimenta spp.), raw",0.0,0.0,0.0
Dominica,2005,"Chillies and peppers, dry (Capsicum spp., Pimenta spp.), raw",0.0,0.0,0.0
Dominica,2006,"Chillies and peppers, dry (Capsicum spp., Pimenta spp.), raw",0.0,0.0,0.0
Dominica,2007,"Chillies and peppers, dry (Capsicum spp., Pimenta spp.), raw",0.0,0.0,0.0
Dominica,2008,"Chillies and peppers, dry (Capsicum spp., Pimenta spp.), raw",0.0,0.0,0.0
Dominica,2009,"Chillies and peppers, dry (Capsicum spp., Pimenta spp.), raw",0.0,0.0,0.0
Dominica,2010,"Chillies and peppers, dry (Capsicum spp., Pimenta spp.), raw",0.0,0.0,0.0
Dominica,2011,"Chillies and peppers, dry (Capsicum spp., Pimenta spp.), raw",0.0,0.0,0.0
Dominica,2012,"Chillies and peppers, dry (Capsicum spp., Pimenta spp.), raw",1.0,1.0,0.0
Dominica,2013,"Chillies and peppers, dry (Capsicum spp., Pimenta spp.), raw",1.0,5.0,0.0
Dominica,2017,"Chillies and peppers, dry (Capsicum spp., Pimenta spp.), raw",1.02,0.35,0.0
Dominica,2018,"Chillies and peppers, dry (Capsicum spp., Pimenta spp.), raw",0.14,0.29,0.0
Dominica,2019,"Chillies and peppers, dry (Capsicum spp., Pimenta spp.), raw",0.34,0.0,0.0
Dominica,2022,"Chillies and peppers, dry (Capsicum spp., Pimenta spp.), raw",1.88,0.0,0.0
Dominica,2023,"Chillies and peppers, dry (Capsicum spp., Pimenta spp.), raw",2.26,0.0,0.0
Dominican Republic,1993,"Chillies and peppers, dry (Capsicum spp., Pimenta spp.), raw",30.0,0.0,0.0
Dominican Republic,1994,"Chillies and peppers, dry (Capsicum spp., Pimenta spp.), raw",50.0,0.0,0.0
Dominican Republic,1995,"Chillies and peppers, dry (Capsicum spp., Pimenta spp.), raw",1.0,0.0,0.0
Dominican Republic,1996,"Chillies and peppers, dry (Capsicum spp., Pimenta spp.), raw",7.0,0.0,0.0
Dominican Republic,1997,"Chillies and peppers, dry (Capsicum spp., Pimenta spp.), raw",40.0,0.0,0.0
Dominican Republic,1998,"Chillies and peppers, dry (Capsicum spp., Pimenta spp.), raw",50.0,0.0,0.0
Dominican Republic,1999,"Chillies and peppers, dry (Capsicum spp., Pimenta spp.), raw",60.0,0.0,0.0
Dominican Republic,2000,"Chillies and peppers, dry (Capsicum spp., Pimenta spp.), raw",60.0,0.0,0.0
Dominican Republic,2001,"Chillies and peppers, dry (Capsicum spp., Pimenta spp.), raw",60.0,0.0,0.0
Dominican Republic,2002,"Chillies and peppers, dry (Capsicum spp., Pimenta spp.), raw",75.0,0.0,0.0
Dominican Republic,2003,"Chillies and peppers, dry (Capsicum spp., Pimenta spp.), raw",97.0,0.0,0.0
Dominican Republic,2004,"Chillies and peppers, dry (Capsicum spp., Pimenta spp.), raw",74.0,0.0,0.0
Dominican Republic,2005,"Chillies and peppers, dry (Capsicum spp., Pimenta spp.), raw",111.0,0.0,0.0
Dominican Republic,2006,"Chillies and peppers, dry (Capsicum spp., Pimenta spp.), raw",136.0,0.0,0.0
Dominican Republic,2007,"Chillies and peppers, dry (Capsicum spp., Pimenta spp.), raw",113.0,0.0,0.0
Dominican Republic,2008,"Chillies and peppers, dry (Capsicum spp., Pimenta spp.), raw",92.0,0.0,0.0
Dominican Republic,2009,"Chillies and peppers, dry (Capsicum spp., Pimenta spp.), raw",72.0,0.0,0.0
Dominican Republic,2010,"Chillies and peppers, dry (Capsicum spp., Pimenta spp.), raw",115.0,0.0,0.0
Dominican Republic,2011,"Chillies and peppers, dry (Capsicum spp., Pimenta spp.), raw",114.0,0.0,0.0
Dominican Republic,2012,"Chillies and peppers, dry (Capsicum spp., Pimenta spp.), raw",286.0,0.0,0.0
Dominican Republic,2013,"Chillies and peppers, dry (Capsicum spp., Pimenta spp.), raw",243.0,0.0,0.0
Dominican Republic,2014,"Chillies and peppers, dry (Capsicum spp., Pimenta spp.), raw",96.84,0.0,0.0
Dominican Republic,2015,"Chillies and peppers, dry (Capsicum spp., Pimenta spp.), raw",68.96,0.0,0.0
Dominican Republic,2017,"Chillies and peppers, dry (Capsicum spp., Pimenta spp.), raw",39.72,0.31,0.0
Dominican Republic,2018,"Chillies and peppers, dry (Capsicum spp., Pimenta spp.), raw",80.14,0.17,0.0
Dominican Republic,2019,"Chillies and peppers, dry (Capsicum spp., Pimenta spp.), raw",42.26,0.03,0.0
Dominican Republic,2020,"Chillies and peppers, dry (Capsicum spp., Pimenta spp.), raw",39.36,0.08,0.0
Dominican Republic,2021,"Chillies and peppers, dry (Capsicum spp., Pimenta spp.), raw",48.52,0.0,0.0
Dominican Republic,2022,"Chillies and peppers, dry (Capsicum spp., Pimenta spp.), raw",50.91,0.07,0.0
Ecuador,1993,"Chillies and peppers, dry (Capsicum spp., Pimenta spp.), raw",1.0,0.0,0.0
Ecuador,1995,"Chillies and peppers, dry (Capsicum spp., Pimenta spp.), raw",4.0,5.0,0.0
Ecuador,1996,"Chillies and peppers, dry (Capsicum spp., Pimenta spp.), raw",3.0,5.0,0.0
Ecuador,1997,"Chillies and peppers, dry (Capsicum spp., Pimenta spp.), raw",3.0,0.0,0.0
Ecuador,1998,"Chillies and peppers, dry (Capsicum spp., Pimenta spp.), raw",6.0,0.0,0.0
Ecuador,1999,"Chillies and peppers, dry (Capsicum spp., Pimenta spp.), raw",4.0,0.0,0.0
Ecuador,2000,"Chillies and peppers, dry (Capsicum spp., Pimenta spp.), raw",3.48,1.0,0.0
Ecuador,2001,"Chillies and peppers, dry (Capsicum spp., Pimenta spp.), raw",6.0,0.0,0.0
Ecuador,2002,"Chillies and peppers, dry (Capsicum spp., Pimenta spp.), raw",8.0,4.0,0.0
Ecuador,2003,"Chillies and peppers, dry (Capsicum spp., Pimenta spp.), raw",6.0,8.0,0.0
Ecuador,2004,"Chillies and peppers, dry (Capsicum spp., Pimenta spp.), raw",6.0,8.0,0.0
Ecuador,2005,"Chillies and peppers, dry (Capsicum spp., Pimenta spp.), raw",4.0,18.0,0.0
Ecuador,2006,"Chillies and peppers, dry (Capsicum spp., Pimenta spp.), raw",5.0,7.0,0.0
Ecuador,2007,"Chillies and peppers, dry (Capsicum spp., Pimenta spp.), raw",6.0,24.0,0.0
Ecuador,2008,"Chillies and peppers, dry (Capsicum spp., Pimenta spp.), raw",4.0,13.0,0.0
Ecuador,2010,"Chillies and peppers, dry (Capsicum spp., Pimenta spp.), raw",10.0,47.0,0.0
Ecuador,2011,"Chillies and peppers, dry (Capsicum spp., Pimenta spp.), raw",10.0,60.0,0.0
Ecuador,2012,"Chillies and peppers, dry (Capsicum spp., Pimenta spp.), raw",13.0,42.0,0.0
Ecuador,2013,"Chillies and peppers, dry (Capsicum spp., Pimenta spp.), raw",10.0,41.0,0.0
Ecuador,2014,"Chillies and peppers, dry (Capsicum spp., Pimenta spp.), raw",7.3,69.05,0.0
Ecuador,2015,"Chillies and peppers, dry (Capsicum spp., Pimenta spp.), raw",13.99,56.82,0.0
Ecuador,2016,"Chillies and peppers, dry (Capsicum spp., Pimenta spp.), raw",7.38,141.3,0.0
Ecuador,2017,"Chillies and peppers, dry (Capsicum spp., Pimenta spp.), raw",14.29,41.25,0.0
Ecuador,2018,"Chillies and peppers, dry (Capsicum spp., Pimenta spp.), raw",30.43,42.76,0.0
Ecuador,2019,"Chillies and peppers, dry (Capsicum spp., Pimenta spp.), raw",38.81,141.92,0.0
Ecuador,2020,"Chillies and peppers, dry (Capsicum spp., Pimenta spp.), raw",65.5,137.46,0.0
Ecuador,2021,"Chillies and peppers, dry (Capsicum spp., Pimenta spp.), raw",117.88,66.66,0.0
Ecuador,2022,"Chillies and peppers, dry (Capsicum spp., Pimenta spp.), raw",131.09,259.8,0.0
Egypt,1993,"Chillies and peppers, dry (Capsicum spp., Pimenta spp.), raw",126.0,134.0,42000.0
Egypt,1994,"Chillies and peppers, dry (Capsicum spp., Pimenta spp.), raw",0.0,240.0,43000.0
Egypt,1995,"Chillies and peppers, dry (Capsicum spp., Pimenta spp.), raw",59.0,285.0,44000.0
Egypt,1996,"Chillies and peppers, dry (Capsicum spp., Pimenta spp.), raw",331.0,314.0,44500.0
Egypt,1997,"Chillies and peppers, dry (Capsicum spp., Pimenta spp.), raw",292.0,42.0,45000.0
Egypt,1998,"Chillies and peppers, dry (Capsicum spp., Pimenta spp.), raw",113.0,30.0,45500.0
Egypt,1999,"Chillies and peppers, dry (Capsicum spp., Pimenta spp.), raw",261.0,23.0,45600.0
Egypt,2000,"Chillies and peppers, dry (Capsicum spp., Pimenta spp.), raw",359.27,15.03,45600.0
Egypt,2001,"Chillies and peppers, dry (Capsicum spp., Pimenta spp.), raw",234.0,13.0,45600.0
Egypt,2002,"Chillies and peppers, dry (Capsicum spp., Pimenta spp.), raw",217.0,53.0,45600.0
Egypt,2003,"Chillies and peppers, dry (Capsicum spp., Pimenta spp.), raw",153.0,37.0,45600.0
Egypt,2004,"Chillies and peppers, dry (Capsicum spp., Pimenta spp.), raw",38.0,65.0,45600.0
Egypt,2005,"Chillies and peppers, dry (Capsicum spp., Pimenta spp.), raw",121.0,99.0,45600.0
Egypt,2006,"Chillies and peppers, dry (Capsicum spp., Pimenta spp.), raw",314.0,53.0,45600.0
Egypt,2007,"Chillies and peppers, dry (Capsicum spp., Pimenta spp.), raw",272.0,169.0,45600.0
Egypt,2008,"Chillies and peppers, dry (Capsicum spp., Pimenta spp.), raw",272.0,1397.0,45600.0
Egypt,2009,"Chillies and peppers, dry (Capsicum spp., Pimenta spp.), raw",1927.0,39.0,49202.5
Egypt,2010,"Chillies and peppers, dry (Capsicum spp., Pimenta spp.), raw",2715.0,1219.0,51909.94
Egypt,2011,"Chillies and peppers, dry (Capsicum spp., Pimenta spp.), raw",427.0,11.0,54106.5
Egypt,2012,"Chillies and peppers, dry (Capsicum spp., Pimenta spp.), raw",815.0,0.0,65000.0
Egypt,2013,"Chillies and peppers, dry (Capsicum spp., Pimenta spp.), raw",1863.0,37.0,57943.06
Egypt,2014,"Chillies and peppers, dry (Capsicum spp., Pimenta spp.), raw",2354.59,72.0,57060.24
Egypt,2015,"Chillies and peppers, dry (Capsicum spp., Pimenta spp.), raw",2136.9,15.0,59210.71
Egypt,2016,"Chillies and peppers, dry (Capsicum spp., Pimenta spp.), raw",2389.67,25.0,60148.03
Egypt,2018,"Chillies and peppers, dry (Capsicum spp., Pimenta spp.), raw",2171.77,12.57,61783.71
Egypt,2019,"Chillies and peppers, dry (Capsicum spp., Pimenta spp.), raw",2004.61,75.63,62060.38
Egypt,2020,"Chillies and peppers, dry (Capsicum spp., Pimenta spp.), raw",2271.35,2548.12,62397.04
Egypt,2021,"Chillies and peppers, dry (Capsicum spp., Pimenta spp.), raw",2009.74,1012.75,62997.76
Egypt,2022,"Chillies and peppers, dry (Capsicum spp., Pimenta spp.), raw",2088.0,2062.93,63486.3
Egypt,2023,"Chillies and peppers, dry (Capsicum spp., Pimenta spp.), raw",2393.42,2437.52,63974.84
El Salvador,1993,"Chillies and peppers, dry (Capsicum spp., Pimenta spp.), raw",93.0,0.0,0.0
El Salvador,1994,"Chillies and peppers, dry (Capsicum spp., Pimenta spp.), raw",84.0,0.0,0.0
El Salvador,1995,"Chillies and peppers, dry (Capsicum spp., Pimenta spp.), raw",114.0,0.0,0.0
El Salvador,1996,"Chillies and peppers, dry (Capsicum spp., Pimenta spp.), raw",80.0,0.0,0.0
El Salvador,1997,"Chillies and peppers, dry (Capsicum spp., Pimenta spp.), raw",89.0,0.0,0.0
El Salvador,1998,"Chillies and peppers, dry (Capsicum spp., Pimenta spp.), raw",153.0,0.0,0.0
El Salvador,1999,"Chillies and peppers, dry (Capsicum spp., Pimenta spp.), raw",129.0,0.0,0.0
El Salvador,2001,"Chillies and peppers, dry (Capsicum spp., Pimenta spp.), raw",143.0,0.0,0.0
El Salvador,2002,"Chillies and peppers, dry (Capsicum spp., Pimenta spp.), raw",150.0,1.0,0.0
El Salvador,2003,"Chillies and peppers, dry (Capsicum spp., Pimenta spp.), raw",146.0,0.0,0.0
El Salvador,2005,"Chillies and peppers, dry (Capsicum spp., Pimenta spp.), raw",226.0,0.0,0.0
El Salvador,2006,"Chillies and peppers, dry (Capsicum spp., Pimenta spp.), raw",236.0,1.0,0.0
El Salvador,2007,"Chillies and peppers, dry (Capsicum spp., Pimenta spp.), raw",262.0,0.0,0.0
El Salvador,2008,"Chillies and peppers, dry (Capsicum spp., Pimenta spp.), raw",249.0,1.0,0.0
El Salvador,2011,"Chillies and peppers, dry (Capsicum spp., Pimenta spp.), raw",273.0,2.0,0.0
El Salvador,2012,"Chillies and peppers, dry (Capsicum spp., Pimenta spp.), raw",285.0,1.0,0.0
El Salvador,2013,"Chillies and peppers, dry (Capsicum spp., Pimenta spp.), raw",287.0,1.0,0.0
El Salvador,2014,"Chillies and peppers, dry (Capsicum spp., Pimenta spp.), raw",330.51,2.33,0.0
El Salvador,2015,"Chillies and peppers, dry (Capsicum spp., Pimenta spp.), raw",420.47,5.1,0.0
El Salvador,2016,"Chillies and peppers, dry (Capsicum spp., Pimenta spp.), raw",324.8,5.26,0.0
El Salvador,2017,"Chillies and peppers, dry (Capsicum spp., Pimenta spp.), raw",368.82,4.55,0.0
El Salvador,2018,"Chillies and peppers, dry (Capsicum spp., Pimenta spp.), raw",370.69,4.32,0.0
El Salvador,2019,"Chillies and peppers, dry (Capsicum spp., Pimenta spp.), raw",407.84,6.07,0.0
El Salvador,2020,"Chillies and peppers, dry (Capsicum spp., Pimenta spp.), raw",417.18,8.38,0.0
El Salvador,2021,"Chillies and peppers, dry (Capsicum spp., Pimenta spp.), raw",526.28,11.13,0.0
El Salvador,2022,"Chillies and peppers, dry (Capsicum spp., Pimenta spp.), raw",643.69,9.34,0.0
El Salvador,2023,"Chillies and peppers, dry (Capsicum spp., Pimenta spp.), raw",560.4,17.72,0.0
Equatorial Guinea,2015,"Chillies and peppers, dry (Capsicum spp., Pimenta spp.), raw",1.0,0.0,0.0
Equatorial Guinea,2016,"Chillies and peppers, dry (Capsicum spp., Pimenta spp.), raw",1.08,0.0,0.0
Equatorial Guinea,2017,"Chillies and peppers, dry (Capsicum spp., Pimenta spp.), raw",1.01,0.0,0.0
Equatorial Guinea,2018,"Chillies and peppers, dry (Capsicum spp., Pimenta spp.), raw",1.25,0.0,0.0
Equatorial Guinea,2019,"Chillies and peppers, dry (Capsicum spp., Pimenta spp.), raw",1.28,0.0,0.0
Equatorial Guinea,2020,"Chillies and peppers, dry (Capsicum spp., Pimenta spp.), raw",1.25,0.0,0.0
Eritrea,2014,"Chillies and peppers, dry (Capsicum spp., Pimenta spp.), raw",15.04,0.08,0.0
Eritrea,2015,"Chillies and peppers, dry (Capsicum spp., Pimenta spp.), raw",9.0,0.07,0.0
Eritrea,2016,"Chillies and peppers, dry (Capsicum spp., Pimenta spp.), raw",8.01,0.0,0.0
Eritrea,2017,"Chillies and peppers, dry (Capsicum spp., Pimenta spp.), raw",0.01,0.04,0.0
Eritrea,2018,"Chillies and peppers, dry (Capsicum spp., Pimenta spp.), raw",0.41,0.0,0.0
Eritrea,2019,"Chillies and peppers, dry (Capsicum spp., Pimenta spp.), raw",0.59,0.0,0.0
Eritrea,2020,"Chillies and peppers, dry (Capsicum spp., Pimenta spp.), raw",1.45,0.14,0.0
Eritrea,2021,"Chillies and peppers, dry (Capsicum spp., Pimenta spp.), raw",0.91,0.07,0.0
Eritrea,2022,"Chillies and peppers, dry (Capsicum spp., Pimenta spp.), raw",0.04,0.07,0.0
Estonia,1994,"Chillies and peppers, dry (Capsicum spp., Pimenta spp.), raw",28.0,0.0,0.0
Estonia,1995,"Chillies and peppers, dry (Capsicum spp., Pimenta spp.), raw",20.0,3.0,0.0
Estonia,1996,"Chillies and peppers, dry (Capsicum spp., Pimenta spp.), raw",25.0,2.0,0.0
Estonia,1997,"Chillies and peppers, dry (Capsicum spp., Pimenta spp.), raw",114.0,8.0,0.0
Estonia,1998,"Chillies and peppers, dry (Capsicum spp., Pimenta spp.), raw",61.0,7.0,0.0
Estonia,1999,"Chillies and peppers, dry (Capsicum spp., Pimenta spp.), raw",118.0,28.0,0.0
Estonia,2000,"Chillies and peppers, dry (Capsicum spp., Pimenta spp.), raw",151.0,41.0,0.0
Estonia,2001,"Chillies and peppers, dry (Capsicum spp., Pimenta spp.), raw",168.0,35.0,0.0
Estonia,2002,"Chillies and peppers, dry (Capsicum spp., Pimenta spp.), raw",170.0,31.0,0.0
Estonia,2003,"Chillies and peppers, dry (Capsicum spp., Pimenta spp.), raw",197.0,71.0,0.0
Estonia,2004,"Chillies and peppers, dry (Capsicum spp., Pimenta spp.), raw",188.0,47.0,0.0
Estonia,2005,"Chillies and peppers, dry (Capsicum spp., Pimenta spp.), raw",256.0,43.0,0.0
Estonia,2006,"Chillies and peppers, dry (Capsicum spp., Pimenta spp.), raw",232.0,73.0,0.0
Estonia,2007,"Chillies and peppers, dry (Capsicum spp., Pimenta spp.), raw",303.0,67.0,0.0
Estonia,2008,"Chillies and peppers, dry (Capsicum spp., Pimenta spp.), raw",421.0,104.0,0.0
Estonia,2009,"Chillies and peppers, dry (Capsicum spp., Pimenta spp.), raw",564.0,104.0,0.0
Estonia,2010,"Chillies and peppers, dry (Capsicum spp., Pimenta spp.), raw",516.0,103.0,0.0
Estonia,2011,"Chillies and peppers, dry (Capsicum spp., Pimenta spp.), raw",612.0,119.0,0.0
Estonia,2012,"Chillies and peppers, dry (Capsicum spp., Pimenta spp.), raw",621.0,136.0,0.0
Estonia,2013,"Chillies and peppers, dry (Capsicum spp., Pimenta spp.), raw",746.0,125.0,0.0
Estonia,2014,"Chillies and peppers, dry (Capsicum spp., Pimenta spp.), raw",693.8,124.04,0.0
Estonia,2015,"Chillies and peppers, dry (Capsicum spp., Pimenta spp.), raw",682.95,128.67,0.0
Estonia,2016,"Chillies and peppers, dry (Capsicum spp., Pimenta spp.), raw",766.07,126.72,0.0
Estonia,2017,"Chillies and peppers, dry (Capsicum spp., Pimenta spp.), raw",774.99,172.0,0.0
Estonia,2018,"Chillies and peppers, dry (Capsicum spp., Pimenta spp.), raw",664.95,188.67,0.0
Estonia,2019,"Chillies and peppers, dry (Capsicum spp., Pimenta spp.), raw",772.41,159.15,0.0
Estonia,2020,"Chillies and peppers, dry (Capsicum spp., Pimenta spp.), raw",798.99,135.51,0.0
Estonia,2021,"Chillies and peppers, dry (Capsicum spp., Pimenta spp.), raw",766.04,141.32,0.0
Estonia,2022,"Chillies and peppers, dry (Capsicum spp., Pimenta spp.), raw",752.26,195.81,0.0
Estonia,2023,"Chillies and peppers, dry (Capsicum spp., Pimenta spp.), raw",691.64,178.21,0.0
Eswatini,1997,"Chillies and peppers, dry (Capsicum spp., Pimenta spp.), raw",49.0,0.0,0.0
Eswatini,1998,"Chillies and peppers, dry (Capsicum spp., Pimenta spp.), raw",2.0,0.0,0.0
Eswatini,1999,"Chillies and peppers, dry (Capsicum spp., Pimenta spp.), raw",1.0,0.0,0.0
Eswatini,2001,"Chillies and peppers, dry (Capsicum spp., Pimenta spp.), raw",5.0,0.0,0.0
Eswatini,2002,"Chillies and peppers, dry (Capsicum spp., Pimenta spp.), raw",1.0,0.0,0.0
Eswatini,2003,"Chillies and peppers, dry (Capsicum spp., Pimenta spp.), raw",9.0,0.0,0.0
Eswatini,2004,"Chillies and peppers, dry (Capsicum spp., Pimenta spp.), raw",3.0,0.0,0.0
Eswatini,2005,"Chillies and peppers, dry (Capsicum spp., Pimenta spp.), raw",0.0,0.0,0.0
Eswatini,2006,"Chillies and peppers, dry (Capsicum spp., Pimenta spp.), raw",0.0,0.0,0.0
Eswatini,2007,"Chillies and peppers, dry (Capsicum spp., Pimenta spp.), raw",0.0,0.0,0.0
Eswatini,2008,"Chillies and peppers, dry (Capsicum spp., Pimenta spp.), raw",0.0,0.0,0.0
Eswatini,2009,"Chillies and peppers, dry (Capsicum spp., Pimenta spp.), raw",0.0,0.0,0.0
Eswatini,2010,"Chillies and peppers, dry (Capsicum spp., Pimenta spp.), raw",0.0,0.0,0.0
Eswatini,2011,"Chillies and peppers, dry (Capsicum spp., Pimenta spp.), raw",0.0,0.0,0.0
Eswatini,2012,"Chillies and peppers, dry (Capsicum spp., Pimenta spp.), raw",0.0,0.0,0.0
Eswatini,2013,"Chillies and peppers, dry (Capsicum spp., Pimenta spp.), raw",0.0,0.0,0.0
Eswatini,2014,"Chillies and peppers, dry (Capsicum spp., Pimenta spp.), raw",4.13,0.0,0.0
Eswatini,2015,"Chillies and peppers, dry (Capsicum spp., Pimenta spp.), raw",2.34,0.0,0.0
Eswatini,2016,"Chillies and peppers, dry (Capsicum spp., Pimenta spp.), raw",2.43,0.0,0.0
Eswatini,2017,"Chillies and peppers, dry (Capsicum spp., Pimenta spp.), raw",2.25,0.0,0.0
Eswatini,2018,"Chillies and peppers, dry (Capsicum spp., Pimenta spp.), raw",5.27,0.0,0.0
Eswatini,2019,"Chillies and peppers, dry (Capsicum spp., Pimenta spp.), raw",4.11,0.0,0.0
Eswatini,2020,"Chillies and peppers, dry (Capsicum spp., Pimenta spp.), raw",4.16,0.11,0.0
Eswatini,2023,"Chillies and peppers, dry (Capsicum spp., Pimenta spp.), raw",4.8,0.44,0.0
Ethiopia,1995,"Chillies and peppers, dry (Capsicum spp., Pimenta spp.), raw",0.0,0.0,79480.23
Ethiopia,1996,"Chillies and peppers, dry (Capsicum spp., Pimenta spp.), raw",0.0,0.0,81465.03
Ethiopia,1997,"Chillies and peppers, dry (Capsicum spp., Pimenta spp.), raw",0.0,0.0,83449.83
Ethiopia,1998,"Chillies and peppers, dry (Capsicum spp., Pimenta spp.), raw",0.0,0.0,85434.63
Ethiopia,1999,"Chillies and peppers, dry (Capsicum spp., Pimenta spp.), raw",0.0,0.0,87419.43
Ethiopia,2000,"Chillies and peppers, dry (Capsicum spp., Pimenta spp.), raw",0.12,0.0,89404.23
Ethiopia,2001,"Chillies and peppers, dry (Capsicum spp., Pimenta spp.), raw",0.0,7.0,91389.02
Ethiopia,2003,"Chillies and peppers, dry (Capsicum spp., Pimenta spp.), raw",0.0,3.0,109442.01
Ethiopia,2004,"Chillies and peppers, dry (Capsicum spp., Pimenta spp.), raw",12.0,6.0,102714.77
Ethiopia,2005,"Chillies and peppers, dry (Capsicum spp., Pimenta spp.), raw",19.0,0.0,115836.81
Ethiopia,2006,"Chillies and peppers, dry (Capsicum spp., Pimenta spp.), raw",24.0,0.0,101723.0
Ethiopia,2007,"Chillies and peppers, dry (Capsicum spp., Pimenta spp.), raw",6.0,11.0,112334.46
Ethiopia,2009,"Chillies and peppers, dry (Capsicum spp., Pimenta spp.), raw",2.0,0.0,125335.86
Ethiopia,2010,"Chillies and peppers, dry (Capsicum spp., Pimenta spp.), raw",1.0,0.0,136100.06
Ethiopia,2011,"Chillies and peppers, dry (Capsicum spp., Pimenta spp.), raw",2.0,2.0,147180.76
Ethiopia,2012,"Chillies and peppers, dry (Capsicum spp., Pimenta spp.), raw",38.0,2.0,158545.61
Ethiopia,2013,"Chillies and peppers, dry (Capsicum spp., Pimenta spp.), raw",37.0,3.0,179480.06
Ethiopia,2015,"Chillies and peppers, dry (Capsicum spp., Pimenta spp.), raw",38.34,11.71,289677.22
Ethiopia,2016,"Chillies and peppers, dry (Capsicum spp., Pimenta spp.), raw",53.92,5.98,329804.0
Ethiopia,2017,"Chillies and peppers, dry (Capsicum spp., Pimenta spp.), raw",2.66,9.13,264722.53
Ethiopia,2018,"Chillies and peppers, dry (Capsicum spp., Pimenta spp.), raw",4.03,25.92,307457.11
Ethiopia,2019,"Chillies and peppers, dry (Capsicum spp., Pimenta spp.), raw",29.04,0.2,313115.43
Ethiopia,2020,"Chillies and peppers, dry (Capsicum spp., Pimenta spp.), raw",137.15,4.21,295980.51
Ethiopia,2022,"Chillies and peppers, dry (Capsicum spp., Pimenta spp.), raw",251.21,29.99,234885.79
Faroe Islands,1993,"Chillies and peppers, dry (Capsicum spp., Pimenta spp.), raw",1.0,0.0,0.0
Faroe Islands,1994,"Chillies and peppers, dry (Capsicum spp., Pimenta spp.), raw",1.0,0.0,0.0
Faroe Islands,1995,"Chillies and peppers, dry (Capsicum spp., Pimenta spp.), raw",1.0,0.0,0.0
Faroe Islands,1996,"Chillies and peppers, dry (Capsicum spp., Pimenta spp.), raw",1.0,0.0,0.0
Faroe Islands,1997,"Chillies and peppers, dry (Capsicum spp., Pimenta spp.), raw",1.0,0.0,0.0
Faroe Islands,1998,"Chillies and peppers, dry (Capsicum spp., Pimenta spp.), raw",1.0,0.0,0.0
Faroe Islands,1999,"Chillies and peppers, dry (Capsicum spp., Pimenta spp.), raw",1.0,0.0,0.0
Faroe Islands,2000,"Chillies and peppers, dry (Capsicum spp., Pimenta spp.), raw",0.0,0.0,0.0
Faroe Islands,2001,"Chillies and peppers, dry (Capsicum spp., Pimenta spp.), raw",1.0,0.0,0.0
Faroe Islands,2002,"Chillies and peppers, dry (Capsicum spp., Pimenta spp.), raw",0.0,0.0,0.0
Faroe Islands,2003,"Chillies and peppers, dry (Capsicum spp., Pimenta spp.), raw",2.0,0.0,0.0
Faroe Islands,2004,"Chillies and peppers, dry (Capsicum spp., Pimenta spp.), raw",0.0,0.0,0.0
Faroe Islands,2005,"Chillies and peppers, dry (Capsicum spp., Pimenta spp.), raw",0.0,0.0,0.0
Faroe Islands,2006,"Chillies and peppers, dry (Capsicum spp., Pimenta spp.), raw",2.0,0.0,0.0
Faroe Islands,2007,"Chillies and peppers, dry (Capsicum spp., Pimenta spp.), raw",1.0,0.0,0.0
Faroe Islands,2008,"Chillies and peppers, dry (Capsicum spp., Pimenta spp.), raw",1.0,0.0,0.0
Faroe Islands,2009,"Chillies and peppers, dry (Capsicum spp., Pimenta spp.), raw",2.0,0.0,0.0
Faroe Islands,2010,"Chillies and peppers, dry (Capsicum spp., Pimenta spp.), raw",2.0,0.0,0.0
Faroe Islands,2011,"Chillies and peppers, dry (Capsicum spp., Pimenta spp.), raw",3.0,0.0,0.0
Faroe Islands,2012,"Chillies and peppers, dry (Capsicum spp., Pimenta spp.), raw",1.0,0.0,0.0
Faroe Islands,2013,"Chillies and peppers, dry (Capsicum spp., Pimenta spp.), raw",1.0,0.0,0.0
Faroe Islands,2014,"Chillies and peppers, dry (Capsicum spp., Pimenta spp.), raw",1.24,0.0,0.0
Faroe Islands,2015,"Chillies and peppers, dry (Capsicum spp., Pimenta spp.), raw",2.11,0.0,0.0
Faroe Islands,2016,"Chillies and peppers, dry (Capsicum spp., Pimenta spp.), raw",1.55,0.0,0.0
Faroe Islands,2017,"Chillies and peppers, dry (Capsicum spp., Pimenta spp.), raw",1.66,0.0,0.0
Faroe Islands,2018,"Chillies and peppers, dry (Capsicum spp., Pimenta spp.), raw",2.32,0.0,0.0
Faroe Islands,2019,"Chillies and peppers, dry (Capsicum spp., Pimenta spp.), raw",2.94,0.0,0.0
Faroe Islands,2020,"Chillies and peppers, dry (Capsicum spp., Pimenta spp.), raw",2.0,0.0,0.0
Faroe Islands,2021,"Chillies and peppers, dry (Capsicum spp., Pimenta spp.), raw",2.51,0.0,0.0
Faroe Islands,2022,"Chillies and peppers, dry (Capsicum spp., Pimenta spp.), raw",2.63,0.0,0.0
Fiji,1994,"Chillies and peppers, dry (Capsicum spp., Pimenta spp.), raw",20.0,5.0,0.0
Fiji,1995,"Chillies and peppers, dry (Capsicum spp., Pimenta spp.), raw",10.0,5.0,0.0
Fiji,1996,"Chillies and peppers, dry (Capsicum spp., Pimenta spp.), raw",30.0,5.0,0.0
Fiji,1997,"Chillies and peppers, dry (Capsicum spp., Pimenta spp.), raw",20.0,5.0,0.0
Fiji,1998,"Chillies and peppers, dry (Capsicum spp., Pimenta spp.), raw",10.0,5.0,0.0
Fiji,1999,"Chillies and peppers, dry (Capsicum spp., Pimenta spp.), raw",40.0,5.0,0.0
Fiji,2000,"Chillies and peppers, dry (Capsicum spp., Pimenta spp.), raw",22.0,2.0,0.0
Fiji,2001,"Chillies and peppers, dry (Capsicum spp., Pimenta spp.), raw",23.0,1.0,0.0
Fiji,2002,"Chillies and peppers, dry (Capsicum spp., Pimenta spp.), raw",36.0,1.0,0.0
Fiji,2004,"Chillies and peppers, dry (Capsicum spp., Pimenta spp.), raw",39.0,1.0,0.0
Fiji,2006,"Chillies and peppers, dry (Capsicum spp., Pimenta spp.), raw",37.0,1.0,0.0
Fiji,2007,"Chillies and peppers, dry (Capsicum spp., Pimenta spp.), raw",38.0,1.0,0.0
Fiji,2008,"Chillies and peppers, dry (Capsicum spp., Pimenta spp.), raw",51.0,2.0,0.0
Fiji,2009,"Chillies and peppers, dry (Capsicum spp., Pimenta spp.), raw",44.0,3.0,0.0
Fiji,2010,"Chillies and peppers, dry (Capsicum spp., Pimenta spp.), raw",42.0,1.0,0.0
Fiji,2011,"Chillies and peppers, dry (Capsicum spp., Pimenta spp.), raw",34.0,1.0,0.0
Fiji,2013,"Chillies and peppers, dry (Capsicum spp., Pimenta spp.), raw",29.0,5.0,0.0
Fiji,2014,"Chillies and peppers, dry (Capsicum spp., Pimenta spp.), raw",25.17,2.96,0.0
Fiji,2015,"Chillies and peppers, dry (Capsicum spp., Pimenta spp.), raw",35.32,2.65,0.0
Fiji,2016,"Chillies and peppers, dry (Capsicum spp., Pimenta spp.), raw",62.06,0.42,0.0
Fiji,2017,"Chillies and peppers, dry (Capsicum spp., Pimenta spp.), raw",86.14,1.89,0.0
Fiji,2018,"Chillies and peppers, dry (Capsicum spp., Pimenta spp.), raw",59.65,0.16,0.0
Fiji,2019,"Chillies and peppers, dry (Capsicum spp., Pimenta spp.), raw",71.63,0.06,0.0
Fiji,2020,"Chillies and peppers, dry (Capsicum spp., Pimenta spp.), raw",64.63,1.13,0.0
Fiji,2021,"Chillies and peppers, dry (Capsicum spp., Pimenta spp.), raw",54.93,1.68,0.0
Fiji,2023,"Chillies and peppers, dry (Capsicum spp., Pimenta spp.), raw",54.87,1.57,0.0
Finland,1993,"Chillies and peppers, dry (Capsicum spp., Pimenta spp.), raw",394.0,31.0,0.0
Finland,1994,"Chillies and peppers, dry (Capsicum spp., Pimenta spp.), raw",459.0,18.0,0.0
Finland,1995,"Chillies and peppers, dry (Capsicum spp., Pimenta spp.), raw",383.0,42.0,0.0
Finland,1996,"Chillies and peppers, dry (Capsicum spp., Pimenta spp.), raw",491.0,59.0,0.0
Finland,1997,"Chillies and peppers, dry (Capsicum spp., Pimenta spp.), raw",479.0,73.0,0.0
Finland,1998,"Chillies and peppers, dry (Capsicum spp., Pimenta spp.), raw",476.0,67.0,0.0
Finland,1999,"Chillies and peppers, dry (Capsicum spp., Pimenta spp.), raw",473.0,44.0,0.0
Finland,2000,"Chillies and peppers, dry (Capsicum spp., Pimenta spp.), raw",391.0,5.0,0.0
Finland,2001,"Chillies and peppers, dry (Capsicum spp., Pimenta spp.), raw",433.0,10.0,0.0
Finland,2002,"Chillies and peppers, dry (Capsicum spp., Pimenta spp.), raw",421.0,35.0,0.0
Finland,2003,"Chillies and peppers, dry (Capsicum spp., Pimenta spp.), raw",455.0,6.0,0.0
Finland,2004,"Chillies and peppers, dry (Capsicum spp., Pimenta spp.), raw",448.0,2.0,0.0
Finland,2005,"Chillies and peppers, dry (Capsicum spp., Pimenta spp.), raw",410.0,2.0,0.0
Finland,2006,"Chillies and peppers, dry (Capsicum spp., Pimenta spp.), raw",419.0,15.0,0.0
Finland,2008,"Chillies and peppers, dry (Capsicum spp., Pimenta spp.), raw",376.0,2.0,0.0
Finland,2009,"Chillies and peppers, dry (Capsicum spp., Pimenta spp.), raw",401.0,5.0,0.0
Finland,2010,"Chillies and peppers, dry (Capsicum spp., Pimenta spp.), raw",398.0,3.0,0.0
Finland,2011,"Chillies and peppers, dry (Capsicum spp., Pimenta spp.), raw",381.0,1.0,0.0
Finland,2012,"Chillies and peppers, dry (Capsicum spp., Pimenta spp.), raw",422.0,1.0,0.0
Finland,2013,"Chillies and peppers, dry (Capsicum spp., Pimenta spp.), raw",383.0,1.0,0.0
Finland,2014,"Chillies and peppers, dry (Capsicum spp., Pimenta spp.), raw",364.66,26.19,0.0
Finland,2015,"Chillies and peppers, dry (Capsicum spp., Pimenta spp.), raw",403.72,21.72,0.0
Finland,2016,"Chillies and peppers, dry (Capsicum spp., Pimenta spp.), raw",421.15,2.23,0.0
Finland,2017,"Chillies and peppers, dry (Capsicum spp., Pimenta spp.), raw",403.19,1.54,0.0
Finland,2018,"Chillies and peppers, dry (Capsicum spp., Pimenta spp.), raw",493.23,6.05,0.0
Finland,2019,"Chillies and peppers, dry (Capsicum spp., Pimenta spp.), raw",504.09,10.47,0.0
Finland,2020,"Chillies and peppers, dry (Capsicum spp., Pimenta spp.), raw",490.91,3.87,0.0
Finland,2021,"Chillies and peppers, dry (Capsicum spp., Pimenta spp.), raw",502.82,3.79,0.0
Finland,2022,"Chillies and peppers, dry (Capsicum spp., Pimenta spp.), raw",583.93,15.6,0.0
Finland,2023,"Chillies and peppers, dry (Capsicum spp., Pimenta spp.), raw",572.02,3.76,0.0
France,1993,"Chillies and peppers, dry (Capsicum spp., Pimenta spp.), raw",2611.0,251.0,0.0
France,1995,"Chillies and peppers, dry (Capsicum spp., Pimenta spp.), raw",2520.0,235.0,0.0
France,1996,"Chillies and peppers, dry (Capsicum spp., Pimenta spp.), raw",2735.0,177.0,0.0
France,1997,"Chillies and peppers, dry (Capsicum spp., Pimenta spp.), raw",3071.0,236.0,0.0
France,1998,"Chillies and peppers, dry (Capsicum spp., Pimenta spp.), raw",2909.0,347.0,0.0
France,1999,"Chillies and peppers, dry (Capsicum spp., Pimenta spp.), raw",3099.0,311.0,0.0
France,2000,"Chillies and peppers, dry (Capsicum spp., Pimenta spp.), raw",3260.0,1341.0,0.0
France,2001,"Chillies and peppers, dry (Capsicum spp., Pimenta spp.), raw",3198.0,2052.0,0.0
France,2002,"Chillies and peppers, dry (Capsicum spp., Pimenta spp.), raw",3684.0,1033.0,0.0
France,2003,"Chillies and peppers, dry (Capsicum spp., Pimenta spp.), raw",3265.0,777.0,0.0
France,2004,"Chillies and peppers, dry (Capsicum spp., Pimenta spp.), raw",3287.0,293.0,0.0
France,2005,"Chillies and peppers, dry (Capsicum spp., Pimenta spp.), raw",3702.0,465.0,0.0
France,2006,"Chillies and peppers, dry (Capsicum spp., Pimenta spp.), raw",3741.0,1082.0,0.0
France,2007,"Chillies and peppers, dry (Capsicum spp., Pimenta spp.), raw",3781.0,1356.0,0.0
France,2008,"Chillies and peppers, dry (Capsicum spp., Pimenta spp.), raw",3793.0,1160.0,0.0
France,2009,"Chillies and peppers, dry (Capsicum spp., Pimenta spp.), raw",3915.0,1420.0,0.0
France,2010,"Chillies and peppers, dry (Capsicum spp., Pimenta spp.), raw",3933.0,1536.0,0.0
France,2011,"Chillies and peppers, dry (Capsicum spp., Pimenta spp.), raw",4054.0,1386.0,0.0
France,2012,"Chillies and peppers, dry (Capsicum spp., Pimenta spp.), raw",4462.0,1395.0,0.0
France,2013,"Chillies and peppers, dry (Capsicum spp., Pimenta spp.), raw",4769.0,1520.0,0.0
France,2014,"Chillies and peppers, dry (Capsicum spp., Pimenta spp.), raw",5133.86,1637.99,0.0
France,2015,"Chillies and peppers, dry (Capsicum spp., Pimenta spp.), raw",5557.22,1735.88,0.0
France,2016,"Chillies and peppers, dry (Capsicum spp., Pimenta spp.), raw",5168.34,1362.25,0.0
France,2017,"Chillies and peppers, dry (Capsicum spp., Pimenta spp.), raw",5492.45,1421.56,0.0
France,2018,"Chillies and peppers, dry (Capsicum spp., Pimenta spp.), raw",6205.36,1635.89,0.0
France,2019,"Chillies and peppers, dry (Capsicum spp., Pimenta spp.), raw",6093.7,1677.79,0.0
France,2020,"Chillies and peppers, dry (Capsicum spp., Pimenta spp.), raw",6529.94,1902.38,0.0
France,2021,"Chillies and peppers, dry (Capsicum spp., Pimenta spp.), raw",7130.61,1802.61,0.0
France,2022,"Chillies and peppers, dry (Capsicum spp., Pimenta spp.), raw",7419.55,1875.22,0.0
France,2023,"Chillies and peppers, dry (Capsicum spp., Pimenta spp.), raw",7520.36,1969.75,0.0
French Polynesia,1993,"Chillies and peppers, dry (Capsicum spp., Pimenta spp.), raw",1.0,0.0,0.0
French Polynesia,1994,"Chillies and peppers, dry (Capsicum spp., Pimenta spp.), raw",1.0,0.0,0.0
French Polynesia,1995,"Chillies and peppers, dry (Capsicum spp., Pimenta spp.), raw",1.0,0.0,0.0
French Polynesia,1996,"Chillies and peppers, dry (Capsicum spp., Pimenta spp.), raw",1.0,0.0,0.0
French Polynesia,1997,"Chillies and peppers, dry (Capsicum spp., Pimenta spp.), raw",1.0,0.0,0.0
French Polynesia,1998,"Chillies and peppers, dry (Capsicum spp., Pimenta spp.), raw",1.0,0.0,0.0
French Polynesia,1999,"Chillies and peppers, dry (Capsicum spp., Pimenta spp.), raw",1.0,0.0,0.0
French Polynesia,2000,"Chillies and peppers, dry (Capsicum spp., Pimenta spp.), raw",1.0,0.0,0.0
French Polynesia,2001,"Chillies and peppers, dry (Capsicum spp., Pimenta spp.), raw",1.0,0.0,0.0
French Polynesia,2002,"Chillies and peppers, dry (Capsicum spp., Pimenta spp.), raw",1.0,0.0,0.0
French Polynesia,2003,"Chillies and peppers, dry (Capsicum spp., Pimenta spp.), raw",1.0,0.0,0.0
French Polynesia,2004,"Chillies and peppers, dry (Capsicum spp., Pimenta spp.), raw",1.0,0.0,0.0
French Polynesia,2005,"Chillies and peppers, dry (Capsicum spp., Pimenta spp.), raw",1.0,0.0,0.0
French Polynesia,2006,"Chillies and peppers, dry (Capsicum spp., Pimenta spp.), raw",1.0,0.0,0.0
French Polynesia,2007,"Chillies and peppers, dry (Capsicum spp., Pimenta spp.), raw",1.0,0.0,0.0
French Polynesia,2008,"Chillies and peppers, dry (Capsicum spp., Pimenta spp.), raw",1.0,0.0,0.0
French Polynesia,2009,"Chillies and peppers, dry (Capsicum spp., Pimenta spp.), raw",1.0,0.0,0.0
French Polynesia,2010,"Chillies and peppers, dry (Capsicum spp., Pimenta spp.), raw",1.0,0.0,0.0
French Polynesia,2011,"Chillies and peppers, dry (Capsicum spp., Pimenta spp.), raw",1.0,0.0,0.0
French Polynesia,2012,"Chillies and peppers, dry (Capsicum spp., Pimenta spp.), raw",1.0,0.0,0.0
French Polynesia,2013,"Chillies and peppers, dry (Capsicum spp., Pimenta spp.), raw",1.0,0.0,0.0
French Polynesia,2014,"Chillies and peppers, dry (Capsicum spp., Pimenta spp.), raw",1.19,0.0,0.0
French Polynesia,2015,"Chillies and peppers, dry (Capsicum spp., Pimenta spp.), raw",1.58,0.0,0.0
French Polynesia,2016,"Chillies and peppers, dry (Capsicum spp., Pimenta spp.), raw",1.73,0.0,0.0
French Polynesia,2017,"Chillies and peppers, dry (Capsicum spp., Pimenta spp.), raw",1.87,0.0,0.0
French Polynesia,2018,"Chillies and peppers, dry (Capsicum spp., Pimenta spp.), raw",1.81,0.0,0.0
French Polynesia,2019,"Chillies and peppers, dry (Capsicum spp., Pimenta spp.), raw",2.27,0.0,0.0
French Polynesia,2020,"Chillies and peppers, dry (Capsicum spp., Pimenta spp.), raw",2.94,0.0,0.0
French Polynesia,2021,"Chillies and peppers, dry (Capsicum spp., Pimenta spp.), raw",3.58,0.0,0.0
French Polynesia,2023,"Chillies and peppers, dry (Capsicum spp., Pimenta spp.), raw",3.65,0.0,0.0
Gabon,1994,"Chillies and peppers, dry (Capsicum spp., Pimenta spp.), raw",1.0,0.0,0.0
Gabon,1995,"Chillies and peppers, dry (Capsicum spp., Pimenta spp.), raw",1.0,0.0,0.0
Gabon,1996,"Chillies and peppers, dry (Capsicum spp., Pimenta spp.), raw",1.0,0.0,0.0
Gabon,1998,"Chillies and peppers, dry (Capsicum spp., Pimenta spp.), raw",1.0,0.0,0.0
Gabon,1999,"Chillies and peppers, dry (Capsicum spp., Pimenta spp.), raw",1.0,0.0,0.0
Gabon,2000,"Chillies and peppers, dry (Capsicum spp., Pimenta spp.), raw",1.0,0.0,0.0
Gabon,2001,"Chillies and peppers, dry (Capsicum spp., Pimenta spp.), raw",2.0,0.0,0.0
Gabon,2002,"Chillies and peppers, dry (Capsicum spp., Pimenta spp.), raw",5.0,0.0,0.0
Gabon,2003,"Chillies and peppers, dry (Capsicum spp., Pimenta spp.), raw",2.0,0.0,0.0
Gabon,2004,"Chillies and peppers, dry (Capsicum spp., Pimenta spp.), raw",4.0,0.0,0.0
Gabon,2005,"Chillies and peppers, dry (Capsicum spp., Pimenta spp.), raw",5.0,0.0,0.0
Gabon,2006,"Chillies and peppers, dry (Capsicum spp., Pimenta spp.), raw",4.0,0.0,0.0
Gabon,2007,"Chillies and peppers, dry (Capsicum spp., Pimenta spp.), raw",0.0,0.0,0.0
Gabon,2008,"Chillies and peppers, dry (Capsicum spp., Pimenta spp.), raw",0.0,0.0,0.0
Gabon,2009,"Chillies and peppers, dry (Capsicum spp., Pimenta spp.), raw",0.0,0.0,0.0
Gabon,2010,"Chillies and peppers, dry (Capsicum spp., Pimenta spp.), raw",0.0,0.0,0.0
Gabon,2011,"Chillies and peppers, dry (Capsicum spp., Pimenta spp.), raw",0.0,0.0,0.0
Gabon,2012,"Chillies and peppers, dry (Capsicum spp., Pimenta spp.), raw",0.0,0.0,0.0
Gabon,2013,"Chillies and peppers, dry (Capsicum spp., Pimenta spp.), raw",2.0,0.0,0.0
Gabon,2014,"Chillies and peppers, dry (Capsicum spp., Pimenta spp.), raw",0.61,0.0,0.0
Gabon,2015,"Chillies and peppers, dry (Capsicum spp., Pimenta spp.), raw",0.36,0.0,0.0
Gabon,2016,"Chillies and peppers, dry (Capsicum spp., Pimenta spp.), raw",1.75,0.0,0.0
Gabon,2017,"Chillies and peppers, dry (Capsicum spp., Pimenta spp.), raw",1.53,0.0,0.0
Gabon,2018,"Chillies and peppers, dry (Capsicum spp., Pimenta spp.), raw",1.27,0.0,0.0
Gabon,2019,"Chillies and peppers, dry (Capsicum spp., Pimenta spp.), raw",0.77,0.0,0.0
Gabon,2021,"Chillies and peppers, dry (Capsicum spp., Pimenta spp.), raw",5.12,0.0,0.0
Gabon,2023,"Chillies and peppers, dry (Capsicum spp., Pimenta spp.), raw",2.63,0.0,0.0
Gambia,1993,"Chillies and peppers, dry (Capsicum spp., Pimenta spp.), raw",0.0,0.0,0.0
Gambia,1994,"Chillies and peppers, dry (Capsicum spp., Pimenta spp.), raw",0.0,0.0,0.0
Gambia,1995,"Chillies and peppers, dry (Capsicum spp., Pimenta spp.), raw",0.0,0.0,0.0
Gambia,1996,"Chillies and peppers, dry (Capsicum spp., Pimenta spp.), raw",0.0,0.0,0.0
Gambia,1997,"Chillies and peppers, dry (Capsicum spp., Pimenta spp.), raw",0.0,0.0,0.0
Gambia,1998,"Chillies and peppers, dry (Capsicum spp., Pimenta spp.), raw",0.0,0.0,0.0
Gambia,2000,"Chillies and peppers, dry (Capsicum spp., Pimenta spp.), raw",0.0,0.0,0.0
Gambia,2001,"Chillies and peppers, dry (Capsicum spp., Pimenta spp.), raw",0.0,0.0,0.0
Gambia,2002,"Chillies and peppers, dry (Capsicum spp., Pimenta spp.), raw",2.0,0.0,0.0
Gambia,2003,"Chillies and peppers, dry (Capsicum spp., Pimenta spp.), raw",0.0,0.0,0.0
Gambia,2004,"Chillies and peppers, dry (Capsicum spp., Pimenta spp.), raw",0.0,0.0,0.0
Gambia,2005,"Chillies and peppers, dry (Capsicum spp., Pimenta spp.), raw",0.0,0.0,0.0
Gambia,2006,"Chillies and peppers, dry (Capsicum spp., Pimenta spp.), raw",1.0,0.0,0.0
Gambia,2007,"Chillies and peppers, dry (Capsicum spp., Pimenta spp.), raw",34.0,6.0,0.0
Gambia,2008,"Chillies and peppers, dry (Capsicum spp., Pimenta spp.), raw",47.0,0.0,0.0
Gambia,2010,"Chillies and peppers, dry (Capsicum spp., Pimenta spp.), raw",1.0,0.0,0.0
Gambia,2011,"Chillies and peppers, dry (Capsicum spp., Pimenta spp.), raw",5.0,0.0,0.0
Gambia,2012,"Chillies and peppers, dry (Capsicum spp., Pimenta spp.), raw",2.0,0.0,0.0
Gambia,2013,"Chillies and peppers, dry (Capsicum spp., Pimenta spp.), raw",0.0,0.0,0.0
Gambia,2014,"Chillies and peppers, dry (Capsicum spp., Pimenta spp.), raw",1.33,0.0,0.0
Gambia,2015,"Chillies and peppers, dry (Capsicum spp., Pimenta spp.), raw",0.03,0.0,0.0
Gambia,2018,"Chillies and peppers, dry (Capsicum spp., Pimenta spp.), raw",1.0,0.0,0.0
Gambia,2021,"Chillies and peppers, dry (Capsicum spp., Pimenta spp.), raw",214.86,0.0,0.0
Gambia,2022,"Chillies and peppers, dry (Capsicum spp., Pimenta spp.), raw",87.96,0.0,0.0
Gambia,2023,"Chillies and peppers, dry (Capsicum spp., Pimenta spp.), raw",102.53,0.22,0.0
Georgia,2000,"Chillies and peppers, dry (Capsicum spp., Pimenta spp.), raw",18.0,0.0,0.0
Georgia,2001,"Chillies and peppers, dry (Capsicum spp., Pimenta spp.), raw",30.0,0.0,0.0
Georgia,2002,"Chillies and peppers, dry (Capsicum spp., Pimenta spp.), raw",60.0,0.0,0.0
Georgia,2003,"Chillies and peppers, dry (Capsicum spp., Pimenta spp.), raw",118.0,0.0,0.0
Georgia,2004,"Chillies and peppers, dry (Capsicum spp., Pimenta spp.), raw",89.0,0.0,0.0
Georgia,2005,"Chillies and peppers, dry (Capsicum spp., Pimenta spp.), raw",97.0,0.0,0.0
Georgia,2006,"Chillies and peppers, dry (Capsicum spp., Pimenta spp.), raw",44.0,0.0,0.0
Georgia,2007,"Chillies and peppers, dry (Capsicum spp., Pimenta spp.), raw",263.0,0.0,0.0
Georgia,2008,"Chillies and peppers, dry (Capsicum spp., Pimenta spp.), raw",209.0,0.0,0.0
Georgia,2009,"Chillies and peppers, dry (Capsicum spp., Pimenta spp.), raw",174.0,0.0,0.0
Georgia,2010,"Chillies and peppers, dry (Capsicum spp., Pimenta spp.), raw",238.0,0.0,0.0
Georgia,2011,"Chillies and peppers, dry (Capsicum spp., Pimenta spp.), raw",248.0,0.0,0.0
Georgia,2012,"Chillies and peppers, dry (Capsicum spp., Pimenta spp.), raw",337.0,0.0,0.0
Georgia,2013,"Chillies and peppers, dry (Capsicum spp., Pimenta spp.), raw",257.0,2.0,0.0
Georgia,2014,"Chillies and peppers, dry (Capsicum spp., Pimenta spp.), raw",317.97,2.01,0.0
Georgia,2015,"Chillies and peppers, dry (Capsicum spp., Pimenta spp.), raw",292.23,0.02,0.0
Georgia,2016,"Chillies and peppers, dry (Capsicum spp., Pimenta spp.), raw",420.25,1.21,0.0
Georgia,2017,"Chillies and peppers, dry (Capsicum spp., Pimenta spp.), raw",445.52,0.49,0.0
Georgia,2018,"Chillies and peppers, dry (Capsicum spp., Pimenta spp.), raw",415.87,0.62,0.0
Georgia,2019,"Chillies and peppers, dry (Capsicum spp., Pimenta spp.), raw",297.39,1.02,0.0
Georgia,2020,"Chillies and peppers, dry (Capsicum spp., Pimenta spp.), raw",354.99,2.38,0.0
Georgia,2021,"Chillies and peppers, dry (Capsicum spp., Pimenta spp.), raw",338.99,3.86,0.0
Georgia,2022,"Chillies and peppers, dry (Capsicum spp., Pimenta spp.), raw",390.76,1.86,0.0
Georgia,2023,"Chillies and peppers, dry (Capsicum spp., Pimenta spp.), raw",426.92,2.01,0.0
Germany,1993,"Chillies and peppers, dry (Capsicum spp., Pimenta spp.), raw",13087.0,2406.0,0.0
Germany,1997,"Chillies and peppers, dry (Capsicum spp., Pimenta spp.), raw",14158.0,2386.0,0.0
Germany,1998,"Chillies and peppers, dry (Capsicum spp., Pimenta spp.), raw",12966.0,2379.0,0.0
Germany,1999,"Chillies and peppers, dry (Capsicum spp., Pimenta spp.), raw",13361.0,2028.0,0.0
Germany,2000,"Chillies and peppers, dry (Capsicum spp., Pimenta spp.), raw",13639.0,2311.0,0.0
Germany,2001,"Chillies and peppers, dry (Capsicum spp., Pimenta spp.), raw",15973.0,2888.0,0.0
Germany,2002,"Chillies and peppers, dry (Capsicum spp., Pimenta spp.), raw",16743.0,3180.0,0.0
Germany,2003,"Chillies and peppers, dry (Capsicum spp., Pimenta spp.), raw",17372.0,3526.0,0.0
Germany,2004,"Chillies and peppers, dry (Capsicum spp., Pimenta spp.), raw",16086.0,3962.0,0.0
Germany,2005,"Chillies and peppers, dry (Capsicum spp., Pimenta spp.), raw",18897.0,4100.0,0.0
Germany,2007,"Chillies and peppers, dry (Capsicum spp., Pimenta spp.), raw",18768.0,4193.0,0.0
Germany,2008,"Chillies and peppers, dry (Capsicum spp., Pimenta spp.), raw",19054.0,4474.0,0.0
Germany,2009,"Chillies and peppers, dry (Capsicum spp., Pimenta spp.), raw",20655.0,4008.0,0.0
Germany,2010,"Chillies and peppers, dry (Capsicum spp., Pimenta spp.), raw",19861.0,5204.0,0.0
Germany,2011,"Chillies and peppers, dry (Capsicum spp., Pimenta spp.), raw",20228.0,5480.0,0.0
Germany,2012,"Chillies and peppers, dry (Capsicum spp., Pimenta spp.), raw",19201.0,4424.0,0.0
Germany,2013,"Chillies and peppers, dry (Capsicum spp., Pimenta spp.), raw",19615.0,4953.0,0.0
Germany,2014,"Chillies and peppers, dry (Capsicum spp., Pimenta spp.), raw",20611.77,5363.67,0.0
Germany,2015,"Chillies and peppers, dry (Capsicum spp., Pimenta spp.), raw",20348.19,5524.36,0.0
Germany,2016,"Chillies and peppers, dry (Capsicum spp., Pimenta spp.), raw",22534.23,5987.55,0.0
Germany,2017,"Chillies and peppers, dry (Capsicum spp., Pimenta spp.), raw",23600.26,7521.44,0.0
Germany,2018,"Chillies and peppers, dry (Capsicum spp., Pimenta spp.), raw",23671.65,7373.59,0.0
Germany,2019,"Chillies and peppers, dry (Capsicum spp., Pimenta spp.), raw",23274.63,6954.36,0.0
Germany,2020,"Chillies and peppers, dry (Capsicum spp., Pimenta spp.), raw",26445.1,7616.79,0.0
Germany,2021,"Chillies and peppers, dry (Capsicum spp., Pimenta spp.), raw",26371.49,7776.36,0.0
Germany,2022,"Chillies and peppers, dry (Capsicum spp., Pimenta spp.), raw",25434.44,7475.7,0.0
Germany,2023,"Chillies and peppers, dry (Capsicum spp., Pimenta spp.), raw",23966.63,7877.39,0.0
Ghana,1997,"Chillies and peppers, dry (Capsicum spp., Pimenta spp.), raw",0.0,0.0,24735.27
Ghana,1998,"Chillies and peppers, dry (Capsicum spp., Pimenta spp.), raw",0.0,0.0,30549.46
Ghana,1999,"Chillies and peppers, dry (Capsicum spp., Pimenta spp.), raw",1.0,0.0,35000.0
Ghana,2001,"Chillies and peppers, dry (Capsicum spp., Pimenta spp.), raw",0.0,0.0,45000.0
Ghana,2003,"Chillies and peppers, dry (Capsicum spp., Pimenta spp.), raw",2.0,3.0,55000.0
Ghana,2004,"Chillies and peppers, dry (Capsicum spp., Pimenta spp.), raw",1.0,8.0,60000.0
Ghana,2005,"Chillies and peppers, dry (Capsicum spp., Pimenta spp.), raw",2.0,0.0,68640.0
Ghana,2006,"Chillies and peppers, dry (Capsicum spp., Pimenta spp.), raw",4.0,3.0,78000.0
Ghana,2007,"Chillies and peppers, dry (Capsicum spp., Pimenta spp.), raw",1.0,1.0,81000.0
Ghana,2008,"Chillies and peppers, dry (Capsicum spp., Pimenta spp.), raw",4.0,0.0,82740.68
Ghana,2009,"Chillies and peppers, dry (Capsicum spp., Pimenta spp.), raw",1.0,0.0,86484.58
Ghana,2010,"Chillies and peppers, dry (Capsicum spp., Pimenta spp.), raw",2.0,0.0,90000.0
Ghana,2011,"Chillies and peppers, dry (Capsicum spp., Pimenta spp.), raw",3.0,0.0,88000.0
Ghana,2012,"Chillies and peppers, dry (Capsicum spp., Pimenta spp.), raw",3.0,0.0,100000.0
Ghana,2013,"Chillies and peppers, dry (Capsicum spp., Pimenta spp.), raw",3.0,0.0,102802.85
Ghana,2014,"Chillies and peppers, dry (Capsicum spp., Pimenta spp.), raw",2.5,13.59,107429.51
Ghana,2016,"Chillies and peppers, dry (Capsicum spp., Pimenta spp.), raw",16.98,0.07,106895.58
Ghana,2017,"Chillies and peppers, dry (Capsicum spp., Pimenta spp.), raw",16.74,0.0,107858.04
Ghana,2018,"Chillies and peppers, dry (Capsicum spp., Pimenta spp.), raw",19.74,0.18,108958.23
Ghana,2019,"Chillies and peppers, dry (Capsicum spp., Pimenta spp.), raw",22.3,1.78,110312.55
Ghana,2020,"Chillies and peppers, dry (Capsicum spp., Pimenta spp.), raw",39.7,431.54,109042.94
Ghana,2021,"Chillies and peppers, dry (Capsicum spp., Pimenta spp.), raw",414.09,253.52,109437.91
Ghana,2022,"Chillies and peppers, dry (Capsicum spp., Pimenta spp.), raw",601.49,885.6,109597.8
Ghana,2023,"Chillies and peppers, dry (Capsicum spp., Pimenta spp.), raw",5.78,0.13,109359.55
Greece,1993,"Chillies and peppers, dry (Capsicum spp., Pimenta spp.), raw",453.0,124.0,300.0
Greece,1994,"Chillies and peppers, dry (Capsicum spp., Pimenta spp.), raw",433.0,101.0,315.16
Greece,1995,"Chillies and peppers, dry (Capsicum spp., Pimenta spp.), raw",633.0,93.0,324.51
Greece,1996,"Chillies and peppers, dry (Capsicum spp., Pimenta spp.), raw",531.0,22.0,334.43
Greece,1997,"Chillies and peppers, dry (Capsicum spp., Pimenta spp.), raw",473.0,53.0,344.59
Greece,1998,"Chillies and peppers, dry (Capsicum spp., Pimenta spp.), raw",562.0,111.0,354.87
Greece,2000,"Chillies and peppers, dry (Capsicum spp., Pimenta spp.), raw",866.0,5.0,342.98
Greece,2001,"Chillies and peppers, dry (Capsicum spp., Pimenta spp.), raw",1203.0,23.0,347.54
Greece,2002,"Chillies and peppers, dry (Capsicum spp., Pimenta spp.), raw",1558.0,37.0,352.71
Greece,2003,"Chillies and peppers, dry (Capsicum spp., Pimenta spp.), raw",1881.0,60.0,353.89
Greece,2004,"Chillies and peppers, dry (Capsicum spp., Pimenta spp.), raw",678.0,64.0,357.3
Greece,2005,"Chillies and peppers, dry (Capsicum spp., Pimenta spp.), raw",629.0,59.0,362.89
Greece,2006,"Chillies and peppers, dry (Capsicum spp., Pimenta spp.), raw",601.0,40.0,369.1
Greece,2007,"Chillies and peppers, dry (Capsicum spp., Pimenta spp.), raw",663.0,35.0,350.0
Greece,2008,"Chillies and peppers, dry (Capsicum spp., Pimenta spp.), raw",864.0,43.0,386.75
Greece,2009,"Chillies and peppers, dry (Capsicum spp., Pimenta spp.), raw",692.0,38.0,398.56
Greece,2010,"Chillies and peppers, dry (Capsicum spp., Pimenta spp.), raw",651.0,53.0,410.47
Greece,2011,"Chillies and peppers, dry (Capsicum spp., Pimenta spp.), raw",792.0,32.0,422.44
Greece,2013,"Chillies and peppers, dry (Capsicum spp., Pimenta spp.), raw",674.0,11.0,440.86
Greece,2014,"Chillies and peppers, dry (Capsicum spp., Pimenta spp.), raw",683.11,59.92,438.26
Greece,2015,"Chillies and peppers, dry (Capsicum spp., Pimenta spp.), raw",780.12,151.91,451.21
Greece,2016,"Chillies and peppers, dry (Capsicum spp., Pimenta spp.), raw",842.78,142.52,458.91
Greece,2017,"Chillies and peppers, dry (Capsicum spp., Pimenta spp.), raw",948.52,50.59,465.64
Greece,2019,"Chillies and peppers, dry (Capsicum spp., Pimenta spp.), raw",952.7,86.75,0.0
Greece,2020,"Chillies and peppers, dry (Capsicum spp., Pimenta spp.), raw",879.75,37.65,0.0
Greece,2021,"Chillies and peppers, dry (Capsicum spp., Pimenta spp.), raw",987.8,55.52,0.0
Greece,2022,"Chillies and peppers, dry (Capsicum spp., Pimenta spp.), raw",1043.94,90.28,0.0
Greece,2023,"Chillies and peppers, dry (Capsicum spp., Pimenta spp.), raw",1200.14,92.6,0.0
Grenada,1993,"Chillies and peppers, dry (Capsicum spp., Pimenta spp.), raw",0.0,0.0,70.0
Grenada,1994,"Chillies and peppers, dry (Capsicum spp., Pimenta spp.), raw",0.0,0.0,77.0
Grenada,1995,"Chillies and peppers, dry (Capsicum spp., Pimenta spp.), raw",1.0,0.0,77.0
Grenada,1996,"Chillies and peppers, dry (Capsicum spp., Pimenta spp.), raw",1.0,0.0,70.0
Grenada,1997,"Chillies and peppers, dry (Capsicum spp., Pimenta spp.), raw",1.0,0.0,65.41
Grenada,1998,"Chillies and peppers, dry (Capsicum spp., Pimenta spp.), raw",1.0,0.0,63.52
Grenada,1999,"Chillies and peppers, dry (Capsicum spp., Pimenta spp.), raw",0.0,0.0,61.16
Grenada,2000,"Chillies and peppers, dry (Capsicum spp., Pimenta spp.), raw",0.0,0.0,58.99
Grenada,2001,"Chillies and peppers, dry (Capsicum spp., Pimenta spp.), raw",0.0,0.0,56.64
Grenada,2003,"Chillies and peppers, dry (Capsicum spp., Pimenta spp.), raw",0.0,0.0,52.72
Grenada,2004,"Chillies and peppers, dry (Capsicum spp., Pimenta spp.), raw",0.0,0.0,50.73
Grenada,2005,"Chillies and peppers, dry (Capsicum spp., Pimenta spp.), raw",1.0,0.0,48.06
Grenada,2008,"Chillies and peppers, dry (Capsicum spp., Pimenta spp.), raw",0.0,0.0,42.34
Grenada,2009,"Chillies and peppers, dry (Capsicum spp., Pimenta spp.), raw",4.0,0.0,40.48
Grenada,2010,"Chillies and peppers, dry (Capsicum spp., Pimenta spp.), raw",4.0,0.0,38.67
Grenada,2011,"Chillies and peppers, dry (Capsicum spp., Pimenta spp.), raw",4.0,0.0,36.76
Grenada,2012,"Chillies and peppers, dry (Capsicum spp., Pimenta spp.), raw",4.0,0.0,35.03
Grenada,2013,"Chillies and peppers, dry (Capsicum spp., Pimenta spp.), raw",4.0,0.0,33.01
Grenada,2016,"Chillies and peppers, dry (Capsicum spp., Pimenta spp.), raw",4.57,0.0,22.3
Grenada,2018,"Chillies and peppers, dry (Capsicum spp., Pimenta spp.), raw",10.84,0.13,25.8
Grenada,2019,"Chillies and peppers, dry (Capsicum spp., Pimenta spp.), raw",9.05,0.0,10.2
Grenada,2020,"Chillies and peppers, dry (Capsicum spp., Pimenta spp.), raw",4.91,0.21,22.5
Grenada,2021,"Chillies and peppers, dry (Capsicum spp., Pimenta spp.), raw",4.46,0.03,7.0
Grenada,2022,"Chillies and peppers, dry (Capsicum spp., Pimenta spp.), raw",6.81,0.04,14.2
Grenada,2023,"Chillies and peppers, dry (Capsicum spp., Pimenta spp.), raw",7.7,0.0,5.3
Guatemala,1993,"Chillies and peppers, dry (Capsicum spp., Pimenta spp.), raw",231.0,0.0,0.0
Guatemala,1994,"Chillies and peppers, dry (Capsicum spp., Pimenta spp.), raw",212.0,3.0,0.0
Guatemala,1995,"Chillies and peppers, dry (Capsicum spp., Pimenta spp.), raw",336.0,7.0,0.0
Guatemala,1996,"Chillies and peppers, dry (Capsicum spp., Pimenta spp.), raw",338.0,0.0,0.0
Guatemala,1997,"Chillies and peppers, dry (Capsicum spp., Pimenta spp.), raw",325.0,1.0,0.0
Guatemala,1998,"Chillies and peppers, dry (Capsicum spp., Pimenta spp.), raw",319.0,24.0,0.0
Guatemala,1999,"Chillies and peppers, dry (Capsicum spp., Pimenta spp.), raw",385.6,81.53,0.0
Guatemala,2000,"Chillies and peppers, dry (Capsicum spp., Pimenta spp.), raw",364.76,208.73,0.0
Guatemala,2001,"Chillies and peppers, dry (Capsicum spp., Pimenta spp.), raw",439.0,205.0,0.0
Guatemala,2002,"Chillies and peppers, dry (Capsicum spp., Pimenta spp.), raw",567.0,142.0,0.0
Guatemala,2003,"Chillies and peppers, dry (Capsicum spp., Pimenta spp.), raw",544.0,272.0,0.0
Guatemala,2004,"Chillies and peppers, dry (Capsicum spp., Pimenta spp.), raw",523.0,276.0,0.0
Guatemala,2005,"Chillies and peppers, dry (Capsicum spp., Pimenta spp.), raw",614.0,405.0,0.0
Guatemala,2006,"Chillies and peppers, dry (Capsicum spp., Pimenta spp.), raw",730.0,269.0,0.0
Guatemala,2007,"Chillies and peppers, dry (Capsicum spp., Pimenta spp.), raw",619.0,608.0,0.0
Guatemala,2008,"Chillies and peppers, dry (Capsicum spp., Pimenta spp.), raw",775.0,136.0,0.0
Guatemala,2009,"Chillies and peppers, dry (Capsicum spp., Pimenta spp.), raw",779.0,572.0,0.0
Guatemala,2010,"Chillies and peppers, dry (Capsicum spp., Pimenta spp.), raw",1063.0,251.0,0.0
Guatemala,2011,"Chillies and peppers, dry (Capsicum spp., Pimenta spp.), raw",1452.0,578.0,0.0
Guatemala,2012,"Chillies and peppers, dry (Capsicum spp., Pimenta spp.), raw",1413.0,990.0,0.0
Guatemala,2013,"Chillies and peppers, dry (Capsicum spp., Pimenta spp.), raw",1334.0,529.0,0.0
Guatemala,2014,"Chillies and peppers, dry (Capsicum spp., Pimenta spp.), raw",1492.49,60.79,0.0
Guatemala,2015,"Chillies and peppers, dry (Capsicum spp., Pimenta spp.), raw",1679.19,100.68,0.0
Guatemala,2016,"Chillies and peppers, dry (Capsicum spp., Pimenta spp.), raw",1597.77,75.36,0.0
Guatemala,2017,"Chillies and peppers, dry (Capsicum spp., Pimenta spp.), raw",1201.03,91.04,0.0
Guatemala,2018,"Chillies and peppers, dry (Capsicum spp., Pimenta spp.), raw",1475.03,90.98,0.0
Guatemala,2019,"Chillies and peppers, dry (Capsicum spp., Pimenta spp.), raw",1126.49,163.03,0.0
Guatemala,2020,"Chillies and peppers, dry (Capsicum spp., Pimenta spp.), raw",1759.06,106.71,0.0
Guatemala,2021,"Chillies and peppers, dry (Capsicum spp., Pimenta spp.), raw",1892.35,216.39,0.0
Guatemala,2022,"Chillies and peppers, dry (Capsicum spp., Pimenta spp.), raw",1712.99,515.34,0.0
Guatemala,2023,"Chillies and peppers, dry (Capsicum spp., Pimenta spp.), raw",1717.72,547.39,0.0
Guinea,2008,"Chillies and peppers, dry (Capsicum spp., Pimenta spp.), raw",1.0,0.0,0.0
Guinea,2009,"Chillies and peppers, dry (Capsicum spp., Pimenta spp.), raw",1.0,0.0,0.0
Guinea,2010,"Chillies and peppers, dry (Capsicum spp., Pimenta spp.), raw",0.0,0.0,0.0
Guinea,2011,"Chillies and peppers, dry (Capsicum spp., Pimenta spp.), raw",3.0,0.0,0.0
Guinea,2012,"Chillies and peppers, dry (Capsicum spp., Pimenta spp.), raw",3.0,0.0,0.0
Guinea,2013,"Chillies and peppers, dry (Capsicum spp., Pimenta spp.), raw",4.0,0.0,0.0
Guinea,2014,"Chillies and peppers, dry (Capsicum spp., Pimenta spp.), raw",48.33,0.0,0.0
Guinea,2016,"Chillies and peppers, dry (Capsicum spp., Pimenta spp.), raw",20.57,0.0,0.0
Guinea,2018,"Chillies and peppers, dry (Capsicum spp., Pimenta spp.), raw",57.47,4.43,0.0
Guinea,2019,"Chillies and peppers, dry (Capsicum spp., Pimenta spp.), raw",59.18,0.75,0.0
Guinea,2020,"Chillies and peppers, dry (Capsicum spp., Pimenta spp.), raw",98.66,1.37,0.0
Guinea,2021,"Chillies and peppers, dry (Capsicum spp., Pimenta spp.), raw",93.63,0.14,0.0
Guinea,2022,"Chillies and peppers, dry (Capsicum spp., Pimenta spp.), raw",112.19,0.11,0.0
Guinea-Bissau,2014,"Chillies and peppers, dry (Capsicum spp., Pimenta spp.), raw",0.04,0.0,0.0
Guinea-Bissau,2015,"Chillies and peppers, dry (Capsicum spp., Pimenta spp.), raw",0.05,0.0,0.0
Guinea-Bissau,2017,"Chillies and peppers, dry (Capsicum spp., Pimenta spp.), raw",0.03,0.0,0.0
Guinea-Bissau,2018,"Chillies and peppers, dry (Capsicum spp., Pimenta spp.), raw",0.13,0.0,0.0
Guinea-Bissau,2020,"Chillies and peppers, dry (Capsicum spp., Pimenta spp.), raw",0.13,0.0,0.0
Guinea-Bissau,2022,"Chillies and peppers, dry (Capsicum spp., Pimenta spp.), raw",0.28,0.0,0.0
Guinea-Bissau,2023,"Chillies and peppers, dry (Capsicum spp., Pimenta spp.), raw",0.39,0.0,0.0
Guyana,1993,"Chillies and peppers, dry (Capsicum spp., Pimenta spp.), raw",0.0,0.0,0.0
Guyana,1994,"Chillies and peppers, dry (Capsicum spp., Pimenta spp.), raw",0.0,0.0,0.0
Guyana,1995,"Chillies and peppers, dry (Capsicum spp., Pimenta spp.), raw",0.0,0.0,0.0
Guyana,1996,"Chillies and peppers, dry (Capsicum spp., Pimenta spp.), raw",0.0,0.0,0.0
Guyana,1997,"Chillies and peppers, dry (Capsicum spp., Pimenta spp.), raw",1.0,1.0,0.0
Guyana,1998,"Chillies and peppers, dry (Capsicum spp., Pimenta spp.), raw",1.0,5.0,0.0
Guyana,2000,"Chillies and peppers, dry (Capsicum spp., Pimenta spp.), raw",1.0,7.0,0.0
Guyana,2001,"Chillies and peppers, dry (Capsicum spp., Pimenta spp.), raw",12.0,5.0,0.0
Guyana,2003,"Chillies and peppers, dry (Capsicum spp., Pimenta spp.), raw",0.0,1.0,0.0
Guyana,2004,"Chillies and peppers, dry (Capsicum spp., Pimenta spp.), raw",0.0,2.0,0.0
Guyana,2005,"Chillies and peppers, dry (Capsicum spp., Pimenta spp.), raw",0.0,1.0,0.0
Guyana,2006,"Chillies and peppers, dry (Capsicum spp., Pimenta spp.), raw",0.0,2.0,0.0
Guyana,2007,"Chillies and peppers, dry (Capsicum spp., Pimenta spp.), raw",1.0,4.0,0.0
Guyana,2008,"Chillies and peppers, dry (Capsicum spp., Pimenta spp.), raw",3.0,3.0,0.0
Guyana,2010,"Chillies and peppers, dry (Capsicum spp., Pimenta spp.), raw",2.0,6.0,0.0
Guyana,2011,"Chillies and peppers, dry (Capsicum spp., Pimenta spp.), raw",2.0,0.0,0.0
Guyana,2012,"Chillies and peppers, dry (Capsicum spp., Pimenta spp.), raw",2.0,0.0,0.0
Guyana,2013,"Chillies and peppers, dry (Capsicum spp., Pimenta spp.), raw",5.0,0.0,0.0
Guyana,2014,"Chillies and peppers, dry (Capsicum spp., Pimenta spp.), raw",6.94,0.7,0.0
Guyana,2015,"Chillies and peppers, dry (Capsicum spp., Pimenta spp.), raw",9.44,0.51,0.0
Guyana,2016,"Chillies and peppers, dry (Capsicum spp., Pimenta spp.), raw",6.32,0.45,0.0
Guyana,2017,"Chillies and peppers, dry (Capsicum spp., Pimenta spp.), raw",20.33,0.21,0.0
Guyana,2018,"Chillies and peppers, dry (Capsicum spp., Pimenta spp.), raw",15.2,1.8,0.0
Guyana,2019,"Chillies and peppers, dry (Capsicum spp., Pimenta spp.), raw",10.46,7.14,0.0
Guyana,2020,"Chillies and peppers, dry (Capsicum spp., Pimenta spp.), raw",24.82,9.31,0.0
Guyana,2021,"Chillies and peppers, dry (Capsicum spp., Pimenta spp.), raw",24.57,1.14,0.0
Guyana,2022,"Chillies and peppers, dry (Capsicum spp., Pimenta spp.), raw",26.15,3.21,0.0
Haiti,2015,"Chillies and peppers, dry (Capsicum spp., Pimenta spp.), raw",0.3,0.15,0.0
Haiti,2016,"Chillies and peppers, dry (Capsicum spp., Pimenta spp.), raw",3.66,0.01,0.0
Haiti,2017,"Chillies and peppers, dry (Capsicum spp., Pimenta spp.), raw",0.47,0.11,0.0
Haiti,2018,"Chillies and peppers, dry (Capsicum spp., Pimenta spp.), raw",44.83,0.0,0.0
Haiti,2019,"Chillies and peppers, dry (Capsicum spp., Pimenta spp.), raw",0.42,0.0,0.0
Haiti,2020,"Chillies and peppers, dry (Capsicum spp., Pimenta spp.), raw",16.66,0.0,0.0
Haiti,2022,"Chillies and peppers, dry (Capsicum spp., Pimenta spp.), raw",252.34,0.0,0.0
Haiti,2023,"Chillies and peppers, dry (Capsicum spp., Pimenta spp.), raw",148.88,0.0,0.0
Honduras,1994,"Chillies and peppers, dry (Capsicum spp., Pimenta spp.), raw",42.0,0.0,0.0
Honduras,1995,"Chillies and peppers, dry (Capsicum spp., Pimenta spp.), raw",32.0,20.0,0.0
Honduras,1998,"Chillies and peppers, dry (Capsicum spp., Pimenta spp.), raw",30.0,16.0,0.0
Honduras,1999,"Chillies and peppers, dry (Capsicum spp., Pimenta spp.), raw",37.0,18.0,0.0
Honduras,2000,"Chillies and peppers, dry (Capsicum spp., Pimenta spp.), raw",47.0,75.0,0.0
Honduras,2001,"Chillies and peppers, dry (Capsicum spp., Pimenta spp.), raw",106.0,16.0,0.0
Honduras,2002,"Chillies and peppers, dry (Capsicum spp., Pimenta spp.), raw",115.0,7.0,0.0
Honduras,2004,"Chillies and peppers, dry (Capsicum spp., Pimenta spp.), raw",34.0,80.0,0.0
Honduras,2005,"Chillies and peppers, dry (Capsicum spp., Pimenta spp.), raw",39.0,56.0,0.0
Honduras,2006,"Chillies and peppers, dry (Capsicum spp., Pimenta spp.), raw",54.0,107.0,0.0
Honduras,2007,"Chillies and peppers, dry (Capsicum spp., Pimenta spp.), raw",44.0,239.0,0.0
Honduras,2008,"Chillies and peppers, dry (Capsicum spp., Pimenta spp.), raw",46.0,236.0,0.0
Honduras,2009,"Chillies and peppers, dry (Capsicum spp., Pimenta spp.), raw",43.0,494.0,0.0
Honduras,2010,"Chillies and peppers, dry (Capsicum spp., Pimenta spp.), raw",61.0,906.0,0.0
Honduras,2012,"Chillies and peppers, dry (Capsicum spp., Pimenta spp.), raw",81.0,356.0,0.0
Honduras,2014,"Chillies and peppers, dry (Capsicum spp., Pimenta spp.), raw",54.84,446.29,0.0
Honduras,2015,"Chillies and peppers, dry (Capsicum spp., Pimenta spp.), raw",64.29,1264.84,0.0
Honduras,2016,"Chillies and peppers, dry (Capsicum spp., Pimenta spp.), raw",66.11,465.46,0.0
Honduras,2017,"Chillies and peppers, dry (Capsicum spp., Pimenta spp.), raw",56.3,431.89,0.0
Honduras,2018,"Chillies and peppers, dry (Capsicum spp., Pimenta spp.), raw",60.01,476.94,0.0
Honduras,2019,"Chillies and peppers, dry (Capsicum spp., Pimenta spp.), raw",91.23,497.31,0.0
Honduras,2020,"Chillies and peppers, dry (Capsicum spp., Pimenta spp.), raw",92.69,355.56,0.0
Honduras,2022,"Chillies and peppers, dry (Capsicum spp., Pimenta spp.), raw",81.13,1131.73,0.0
Honduras,2023,"Chillies and peppers, dry (Capsicum spp., Pimenta spp.), raw",117.59,1506.08,0.0
Hungary,1993,"Chillies and peppers, dry (Capsicum spp., Pimenta spp.), raw",78.0,3628.0,34000.0
Hungary,1994,"Chillies and peppers, dry (Capsicum spp., Pimenta spp.), raw",101.0,3955.0,40654.0
Hungary,1995,"Chillies and peppers, dry (Capsicum spp., Pimenta spp.), raw",45.0,5038.0,40793.0
Hungary,1996,"Chillies and peppers, dry (Capsicum spp., Pimenta spp.), raw",34.0,5320.0,52105.0
Hungary,1997,"Chillies and peppers, dry (Capsicum spp., Pimenta spp.), raw",227.0,4356.0,45323.0
Hungary,1998,"Chillies and peppers, dry (Capsicum spp., Pimenta spp.), raw",230.0,4835.0,64619.0
Hungary,1999,"Chillies and peppers, dry (Capsicum spp., Pimenta spp.), raw",218.0,5712.0,33105.0
Hungary,2000,"Chillies and peppers, dry (Capsicum spp., Pimenta spp.), raw",448.3,4557.0,40000.0
Hungary,2001,"Chillies and peppers, dry (Capsicum spp., Pimenta spp.), raw",306.0,5204.0,59737.0
Hungary,2002,"Chillies and peppers, dry (Capsicum spp., Pimenta spp.), raw",277.0,5177.0,57059.0
Hungary,2003,"Chillies and peppers, dry (Capsicum spp., Pimenta spp.), raw",975.0,5443.0,37094.0
Hungary,2004,"Chillies and peppers, dry (Capsicum spp., Pimenta spp.), raw",2147.0,3254.0,52377.0
Hungary,2005,"Chillies and peppers, dry (Capsicum spp., Pimenta spp.), raw",1330.0,2047.0,49383.0
Hungary,2006,"Chillies and peppers, dry (Capsicum spp., Pimenta spp.), raw",2061.0,2825.0,32633.0
Hungary,2007,"Chillies and peppers, dry (Capsicum spp., Pimenta spp.), raw",2547.0,2922.0,13771.0
Hungary,2008,"Chillies and peppers, dry (Capsicum spp., Pimenta spp.), raw",3991.0,2676.0,12115.0
Hungary,2009,"Chillies and peppers, dry (Capsicum spp., Pimenta spp.), raw",3366.0,2263.0,19982.0
Hungary,2010,"Chillies and peppers, dry (Capsicum spp., Pimenta spp.), raw",2944.0,2420.0,14460.0
Hungary,2011,"Chillies and peppers, dry (Capsicum spp., Pimenta spp.), raw",3156.0,2342.0,20792.0
Hungary,2012,"Chillies and peppers, dry (Capsicum spp., Pimenta spp.), raw",2350.0,2001.0,21860.0
Hungary,2013,"Chillies and peppers, dry (Capsicum spp., Pimenta spp.), raw",2946.0,2138.0,13620.0
Hungary,2014,"Chillies and peppers, dry (Capsicum spp., Pimenta spp.), raw",3690.02,2355.21,21010.0
Hungary,2015,"Chillies and peppers, dry (Capsicum spp., Pimenta spp.), raw",3413.78,2189.6,21513.0
Hungary,2016,"Chillies and peppers, dry (Capsicum spp., Pimenta spp.), raw",3525.01,2322.49,19736.0
Hungary,2017,"Chillies and peppers, dry (Capsicum spp., Pimenta spp.), raw",3785.81,2129.08,20094.0
Hungary,2018,"Chillies and peppers, dry (Capsicum spp., Pimenta spp.), raw",4183.28,2185.16,0.0
Hungary,2019,"Chillies and peppers, dry (Capsicum spp., Pimenta spp.), raw",4432.94,2206.27,0.0
Hungary,2020,"Chillies and peppers, dry (Capsicum spp., Pimenta spp.), raw",4170.68,2309.56,0.0
Hungary,2021,"Chillies and peppers, dry (Capsicum spp., Pimenta spp.), raw",4169.15,2443.41,0.0
Hungary,2022,"Chillies and peppers, dry (Capsicum spp., Pimenta spp.), raw",4056.14,2057.9,0.0
Hungary,2023,"Chillies and peppers, dry (Capsicum spp., Pimenta spp.), raw",3726.24,1911.25,0.0
Iceland,1993,"Chillies and peppers, dry (Capsicum spp., Pimenta spp.), raw",8.0,0.0,0.0
Iceland,1994,"Chillies and peppers, dry (Capsicum spp., Pimenta spp.), raw",10.0,0.0,0.0
Iceland,1995,"Chillies and peppers, dry (Capsicum spp., Pimenta spp.), raw",10.0,0.0,0.0
Iceland,1996,"Chillies and peppers, dry (Capsicum spp., Pimenta spp.), raw",12.0,0.0,0.0
Iceland,1997,"Chillies and peppers, dry (Capsicum spp., Pimenta spp.), raw",13.0,0.0,0.0
Iceland,1998,"Chillies and peppers, dry (Capsicum spp., Pimenta spp.), raw",14.0,0.0,0.0
Iceland,1999,"Chillies and peppers, dry (Capsicum spp., Pimenta spp.), raw",15.0,0.0,0.0
Iceland,2000,"Chillies and peppers, dry (Capsicum spp., Pimenta spp.), raw",13.99,0.0,0.0
Iceland,2001,"Chillies and peppers, dry (Capsicum spp., Pimenta spp.), raw",12.0,0.0,0.0
Iceland,2002,"Chillies and peppers, dry (Capsicum spp., Pimenta spp.), raw",13.0,0.0,0.0
Iceland,2003,"Chillies and peppers, dry (Capsicum spp., Pimenta spp.), raw",13.0,0.0,0.0
Iceland,2004,"Chillies and peppers, dry (Capsicum spp., Pimenta spp.), raw",10.0,0.0,0.0
Iceland,2005,"Chillies and peppers, dry (Capsicum spp., Pimenta spp.), raw",14.0,0.0,0.0
Iceland,2006,"Chillies and peppers, dry (Capsicum spp., Pimenta spp.), raw",11.0,0.0,0.0
Iceland,2007,"Chillies and peppers, dry (Capsicum spp., Pimenta spp.), raw",13.0,0.0,0.0
Iceland,2008,"Chillies and peppers, dry (Capsicum spp., Pimenta spp.), raw",14.0,0.0,0.0
Iceland,2009,"Chillies and peppers, dry (Capsicum spp., Pimenta spp.), raw",10.0,0.0,0.0
Iceland,2010,"Chillies and peppers, dry (Capsicum spp., Pimenta spp.), raw",15.0,0.0,0.0
Iceland,2011,"Chillies and peppers, dry (Capsicum spp., Pimenta spp.), raw",20.0,0.0,0.0
Iceland,2012,"Chillies and peppers, dry (Capsicum spp., Pimenta spp.), raw",19.0,0.0,0.0
Iceland,2013,"Chillies and peppers, dry (Capsicum spp., Pimenta spp.), raw",18.0,0.0,0.0
Iceland,2014,"Chillies and peppers, dry (Capsicum spp., Pimenta spp.), raw",18.72,0.0,0.0
Iceland,2015,"Chillies and peppers, dry (Capsicum spp., Pimenta spp.), raw",18.41,0.0,0.0
Iceland,2016,"Chillies and peppers, dry (Capsicum spp., Pimenta spp.), raw",22.51,0.0,0.0
Iceland,2018,"Chillies and peppers, dry (Capsicum spp., Pimenta spp.), raw",24.1,0.0,0.0
Iceland,2019,"Chillies and peppers, dry (Capsicum spp., Pimenta spp.), raw",24.75,0.0,0.0
Iceland,2020,"Chillies and peppers, dry (Capsicum spp., Pimenta spp.), raw",24.12,0.0,0.0
Iceland,2021,"Chillies and peppers, dry (Capsicum spp., Pimenta spp.), raw",33.15,0.0,0.0
Iceland,2022,"Chillies and peppers, dry (Capsicum spp., Pimenta spp.), raw",29.28,0.1,0.0
Iceland,2023,"Chillies and peppers, dry (Capsicum spp., Pimenta spp.), raw",34.58,0.22,0.0
India,1993,"Chillies and peppers, dry (Capsicum spp., Pimenta spp.), raw",0.0,30483.0,800100.0
India,1994,"Chillies and peppers, dry (Capsicum spp., Pimenta spp.), raw",6.0,19979.0,794700.0
India,1995,"Chillies and peppers, dry (Capsicum spp., Pimenta spp.), raw",114.0,55864.0,810000.0
India,1996,"Chillies and peppers, dry (Capsicum spp., Pimenta spp.), raw",1.0,48736.0,1066000.0
India,1997,"Chillies and peppers, dry (Capsicum spp., Pimenta spp.), raw",56.0,41903.0,870100.0
India,1998,"Chillies and peppers, dry (Capsicum spp., Pimenta spp.), raw",276.0,42555.0,1043200.0
India,1999,"Chillies and peppers, dry (Capsicum spp., Pimenta spp.), raw",209.16,58997.83,1052800.0
India,2000,"Chillies and peppers, dry (Capsicum spp., Pimenta spp.), raw",138.0,53333.0,983700.0
India,2001,"Chillies and peppers, dry (Capsicum spp., Pimenta spp.), raw",1111.0,66029.0,1069000.0
India,2002,"Chillies and peppers, dry (Capsicum spp., Pimenta spp.), raw",1447.0,86209.0,896900.0
India,2003,"Chillies and peppers, dry (Capsicum spp., Pimenta spp.), raw",2117.0,85879.0,1235700.0
India,2004,"Chillies and peppers, dry (Capsicum spp., Pimenta spp.), raw",556.0,128716.0,1185500.0
India,2005,"Chillies and peppers, dry (Capsicum spp., Pimenta spp.), raw",1072.0,121249.0,1014600.0
India,2006,"Chillies and peppers, dry (Capsicum spp., Pimenta spp.), raw",1641.0,161706.0,1234100.0
India,2007,"Chillies and peppers, dry (Capsicum spp., Pimenta spp.), raw",878.0,220168.0,1294150.0
India,2008,"Chillies and peppers, dry (Capsicum spp., Pimenta spp.), raw",1168.0,188551.0,1269850.0
India,2009,"Chillies and peppers, dry (Capsicum spp., Pimenta spp.), raw",1684.0,203502.0,1202940.0
India,2010,"Chillies and peppers, dry (Capsicum spp., Pimenta spp.), raw",593.0,270148.0,1223400.0
India,2011,"Chillies and peppers, dry (Capsicum spp., Pimenta spp.), raw",1803.0,260485.0,1276301.0
India,2012,"Chillies and peppers, dry (Capsicum spp., Pimenta spp.), raw",1808.0,369279.0,1304000.0
India,2013,"Chillies and peppers, dry (Capsicum spp., Pimenta spp.), raw",915.0,290448.0,1492000.0
India,2014,"Chillies and peppers, dry (Capsicum spp., Pimenta spp.), raw",408.63,336668.94,1492000.0
India,2015,"Chillies and peppers, dry (Capsicum spp., Pimenta spp.), raw",185.02,323091.46,1605000.0
India,2016,"Chillies and peppers, dry (Capsicum spp., Pimenta spp.), raw",1148.62,303972.2,1520390.0
India,2017,"Chillies and peppers, dry (Capsicum spp., Pimenta spp.), raw",1412.88,466703.78,2096000.0
India,2018,"Chillies and peppers, dry (Capsicum spp., Pimenta spp.), raw",1360.66,386276.95,2149000.0
India,2019,"Chillies and peppers, dry (Capsicum spp., Pimenta spp.), raw",1452.73,458865.97,1743000.0
India,2020,"Chillies and peppers, dry (Capsicum spp., Pimenta spp.), raw",1322.12,512586.58,1835000.0
India,2021,"Chillies and peppers, dry (Capsicum spp., Pimenta spp.), raw",2770.88,556574.85,2049000.0
India,2022,"Chillies and peppers, dry (Capsicum spp., Pimenta spp.), raw",2252.41,406063.21,1874000.0
India,2023,"Chillies and peppers, dry (Capsicum spp., Pimenta spp.), raw",5689.36,479158.64,2782000.0
Indonesia,1993,"Chillies and peppers, dry (Capsicum spp., Pimenta spp.), raw",2849.0,221.0,0.0
Indonesia,1994,"Chillies and peppers, dry (Capsicum spp., Pimenta spp.), raw",4869.0,328.0,0.0
Indonesia,1995,"Chillies and peppers, dry (Capsicum spp., Pimenta spp.), raw",1566.0,592.0,0.0
Indonesia,1996,"Chillies and peppers, dry (Capsicum spp., Pimenta spp.), raw",1946.0,672.0,0.0
Indonesia,1997,"Chillies and peppers, dry (Capsicum spp., Pimenta spp.), raw",4168.0,390.0,0.0
Indonesia,1999,"Chillies and peppers, dry (Capsicum spp., Pimenta spp.), raw",3235.0,605.0,0.0
Indonesia,2000,"Chillies and peppers, dry (Capsicum spp., Pimenta spp.), raw",5700.19,612.66,0.0
Indonesia,2001,"Chillies and peppers, dry (Capsicum spp., Pimenta spp.), raw",6512.0,1002.0,0.0
Indonesia,2002,"Chillies and peppers, dry (Capsicum spp., Pimenta spp.), raw",7316.0,450.0,0.0
Indonesia,2003,"Chillies and peppers, dry (Capsicum spp., Pimenta spp.), raw",6596.0,467.0,0.0
Indonesia,2004,"Chillies and peppers, dry (Capsicum spp., Pimenta spp.), raw",7407.0,917.0,0.0
Indonesia,2005,"Chillies and peppers, dry (Capsicum spp., Pimenta spp.), raw",6581.0,636.0,0.0
Indonesia,2006,"Chillies and peppers, dry (Capsicum spp., Pimenta spp.), raw",9793.0,1439.0,0.0
Indonesia,2007,"Chillies and peppers, dry (Capsicum spp., Pimenta spp.), raw",11439.0,958.0,0.0
Indonesia,2008,"Chillies and peppers, dry (Capsicum spp., Pimenta spp.), raw",14891.0,557.0,0.0
Indonesia,2009,"Chillies and peppers, dry (Capsicum spp., Pimenta spp.), raw",15516.0,1538.0,0.0
Indonesia,2010,"Chillies and peppers, dry (Capsicum spp., Pimenta spp.), raw",16541.0,1688.0,0.0
Indonesia,2011,"Chillies and peppers, dry (Capsicum spp., Pimenta spp.), raw",19988.0,1263.0,0.0
Indonesia,2012,"Chillies and peppers, dry (Capsicum spp., Pimenta spp.), raw",18789.0,1226.0,0.0
Indonesia,2013,"Chillies and peppers, dry (Capsicum spp., Pimenta spp.), raw",19516.0,1051.0,0.0
Indonesia,2014,"Chillies and peppers, dry (Capsicum spp., Pimenta spp.), raw",22072.68,923.2,0.0
Indonesia,2015,"Chillies and peppers, dry (Capsicum spp., Pimenta spp.), raw",26150.78,2476.46,0.0
Indonesia,2016,"Chillies and peppers, dry (Capsicum spp., Pimenta spp.), raw",29118.72,2047.03,0.0
Indonesia,2017,"Chillies and peppers, dry (Capsicum spp., Pimenta spp.), raw",44643.91,1961.09,0.0
Indonesia,2018,"Chillies and peppers, dry (Capsicum spp., Pimenta spp.), raw",39321.69,987.4,0.0
Indonesia,2019,"Chillies and peppers, dry (Capsicum spp., Pimenta spp.), raw",47708.14,711.07,0.0
Indonesia,2020,"Chillies and peppers, dry (Capsicum spp., Pimenta spp.), raw",34812.24,2126.65,0.0
Indonesia,2021,"Chillies and peppers, dry (Capsicum spp., Pimenta spp.), raw",54289.79,1906.53,0.0
Indonesia,2022,"Chillies and peppers, dry (Capsicum spp., Pimenta spp.), raw",48165.63,915.38,0.0
Indonesia,2023,"Chillies and peppers, dry (Capsicum spp., Pimenta spp.), raw",45234.99,516.16,0.0
Iran (Islamic Republic of),1993,"Chillies and peppers, dry (Capsicum spp., Pimenta spp.), raw",0.0,20.0,2508.52
Iran (Islamic Republic of),1994,"Chillies and peppers, dry (Capsicum spp., Pimenta spp.), raw",0.0,265.0,2600.0
Iran (Islamic Republic of),1995,"Chillies and peppers, dry (Capsicum spp., Pimenta spp.), raw",0.0,200.0,2574.02
Iran (Islamic Republic of),1996,"Chillies and peppers, dry (Capsicum spp., Pimenta spp.), raw",0.0,100.0,2596.14
Iran (Islamic Republic of),1997,"Chillies and peppers, dry (Capsicum spp., Pimenta spp.), raw",0.0,0.0,2617.59
Iran (Islamic Republic of),1998,"Chillies and peppers, dry (Capsicum spp., Pimenta spp.), raw",0.0,0.0,2640.8
Iran (Islamic Republic of),1999,"Chillies and peppers, dry (Capsicum spp., Pimenta spp.), raw",0.0,0.0,2500.0
Iran (Islamic Republic of),2000,"Chillies and peppers, dry (Capsicum spp., Pimenta spp.), raw",12.06,2.03,2728.04
Iran (Islamic Republic of),2002,"Chillies and peppers, dry (Capsicum spp., Pimenta spp.), raw",0.0,0.0,2862.87
Iran (Islamic Republic of),2003,"Chillies and peppers, dry (Capsicum spp., Pimenta spp.), raw",1.0,117.0,2935.5
Iran (Islamic Republic of),2004,"Chillies and peppers, dry (Capsicum spp., Pimenta spp.), raw",0.0,25.0,3010.06
Iran (Islamic Republic of),2005,"Chillies and peppers, dry (Capsicum spp., Pimenta spp.), raw",0.0,10.0,3085.38
Iran (Islamic Republic of),2006,"Chillies and peppers, dry (Capsicum spp., Pimenta spp.), raw",10.0,77.0,3160.31
Iran (Islamic Republic of),2007,"Chillies and peppers, dry (Capsicum spp., Pimenta spp.), raw",6.0,55.0,3250.43
Iran (Islamic Republic of),2008,"Chillies and peppers, dry (Capsicum spp., Pimenta spp.), raw",23.0,5.0,3300.72
Iran (Islamic Republic of),2010,"Chillies and peppers, dry (Capsicum spp., Pimenta spp.), raw",83.0,1.0,3425.7
Iran (Islamic Republic of),2011,"Chillies and peppers, dry (Capsicum spp., Pimenta spp.), raw",28.0,2.0,3486.51
Iran (Islamic Republic of),2012,"Chillies and peppers, dry (Capsicum spp., Pimenta spp.), raw",1888.0,70.0,3600.0
Iran (Islamic Republic of),2014,"Chillies and peppers, dry (Capsicum spp., Pimenta spp.), raw",324.93,0.14,3646.05
Iran (Islamic Republic of),2015,"Chillies and peppers, dry (Capsicum spp., Pimenta spp.), raw",651.56,171.8,3735.15
Iran (Islamic Republic of),2016,"Chillies and peppers, dry (Capsicum spp., Pimenta spp.), raw",163.18,1.54,3779.37
Iran (Islamic Republic of),2017,"Chillies and peppers, dry (Capsicum spp., Pimenta spp.), raw",1424.06,0.11,3821.3
Iran (Islamic Republic of),2018,"Chillies and peppers, dry (Capsicum spp., Pimenta spp.), raw",210.08,350.3,3872.1
Iran (Islamic Republic of),2019,"Chillies and peppers, dry (Capsicum spp., Pimenta spp.), raw",1414.13,961.31,3914.2
Iran (Islamic Republic of),2020,"Chillies and peppers, dry (Capsicum spp., Pimenta spp.), raw",782.89,144.6,3990.65
Iran (Islamic Republic of),2021,"Chillies and peppers, dry (Capsicum spp., Pimenta spp.), raw",792.22,8.06,3925.65
Iran (Islamic Republic of),2022,"Chillies and peppers, dry (Capsicum spp., Pimenta spp.), raw",1490.71,1984.68,3943.5
Iran (Islamic Republic of),2023,"Chillies and peppers, dry (Capsicum spp., Pimenta spp.), raw",1712.76,1827.67,3953.27
Iraq,1993,"Chillies and peppers, dry (Capsicum spp., Pimenta spp.), raw",30.0,0.0,0.0
Iraq,1995,"Chillies and peppers, dry (Capsicum spp., Pimenta spp.), raw",20.0,0.0,0.0
Iraq,1996,"Chillies and peppers, dry (Capsicum spp., Pimenta spp.), raw",20.0,0.0,0.0
Iraq,1997,"Chillies and peppers, dry (Capsicum spp., Pimenta spp.), raw",20.0,0.0,0.0
Iraq,1998,"Chillies and peppers, dry (Capsicum spp., Pimenta spp.), raw",20.0,0.0,0.0
Iraq,1999,"Chillies and peppers, dry (Capsicum spp., Pimenta spp.), raw",20.0,0.0,0.0
Iraq,2000,"Chillies and peppers, dry (Capsicum spp., Pimenta spp.), raw",20.0,0.0,0.0
Iraq,2001,"Chillies and peppers, dry (Capsicum spp., Pimenta spp.), raw",20.0,0.0,0.0
Iraq,2002,"Chillies and peppers, dry (Capsicum spp., Pimenta spp.), raw",20.0,0.0,0.0
Iraq,2003,"Chillies and peppers, dry (Capsicum spp., Pimenta spp.), raw",2.0,0.0,0.0
Iraq,2004,"Chillies and peppers, dry (Capsicum spp., Pimenta spp.), raw",2.0,0.0,0.0
Iraq,2005,"Chillies and peppers, dry (Capsicum spp., Pimenta spp.), raw",64.0,0.0,0.0
Iraq,2006,"Chillies and peppers, dry (Capsicum spp., Pimenta spp.), raw",6.0,0.0,0.0
Iraq,2007,"Chillies and peppers, dry (Capsicum spp., Pimenta spp.), raw",191.0,0.0,0.0
Iraq,2008,"Chillies and peppers, dry (Capsicum spp., Pimenta spp.), raw",73.0,0.0,0.0
Iraq,2009,"Chillies and peppers, dry (Capsicum spp., Pimenta spp.), raw",56.0,0.0,0.0
Iraq,2010,"Chillies and peppers, dry (Capsicum spp., Pimenta spp.), raw",223.0,0.0,0.0
Iraq,2011,"Chillies and peppers, dry (Capsicum spp., Pimenta spp.), raw",94.0,0.0,0.0
Iraq,2012,"Chillies and peppers, dry (Capsicum spp., Pimenta spp.), raw",168.0,0.0,0.0
Iraq,2013,"Chillies and peppers, dry (Capsicum spp., Pimenta spp.), raw",217.0,0.0,0.0
Iraq,2014,"Chillies and peppers, dry (Capsicum spp., Pimenta spp.), raw",300.0,0.0,0.0
Iraq,2015,"Chillies and peppers, dry (Capsicum spp., Pimenta spp.), raw",515.91,0.0,0.0
Iraq,2016,"Chillies and peppers, dry (Capsicum spp., Pimenta spp.), raw",777.78,0.0,664.0
Iraq,2017,"Chillies and peppers, dry (Capsicum spp., Pimenta spp.), raw",970.29,17.6,585.0
Iraq,2019,"Chillies and peppers, dry (Capsicum spp., Pimenta spp.), raw",814.46,40.26,1078.0
Iraq,2020,"Chillies and peppers, dry (Capsicum spp., Pimenta spp.), raw",1105.6,38.43,368.0
Iraq,2023,"Chillies and peppers, dry (Capsicum spp., Pimenta spp.), raw",2147.17,43.35,544.07
Ireland,1993,"Chillies and peppers, dry (Capsicum spp., Pimenta spp.), raw",129.0,0.0,0.0
Ireland,1995,"Chillies and peppers, dry (Capsicum spp., Pimenta spp.), raw",86.0,0.0,0.0
Ireland,1996,"Chillies and peppers, dry (Capsicum spp., Pimenta spp.), raw",82.0,0.0,0.0
Ireland,1997,"Chillies and peppers, dry (Capsicum spp., Pimenta spp.), raw",84.0,0.0,0.0
Ireland,1998,"Chillies and peppers, dry (Capsicum spp., Pimenta spp.), raw",55.0,0.0,0.0
Ireland,1999,"Chillies and peppers, dry (Capsicum spp., Pimenta spp.), raw",113.0,0.0,0.0
Ireland,2000,"Chillies and peppers, dry (Capsicum spp., Pimenta spp.), raw",261.0,24.0,0.0
Ireland,2001,"Chillies and peppers, dry (Capsicum spp., Pimenta spp.), raw",552.0,2.0,0.0
Ireland,2002,"Chillies and peppers, dry (Capsicum spp., Pimenta spp.), raw",371.0,0.0,0.0
Ireland,2003,"Chillies and peppers, dry (Capsicum spp., Pimenta spp.), raw",236.0,28.0,0.0
Ireland,2004,"Chillies and peppers, dry (Capsicum spp., Pimenta spp.), raw",421.0,2.0,0.0
Ireland,2005,"Chillies and peppers, dry (Capsicum spp., Pimenta spp.), raw",300.0,2.0,0.0
Ireland,2006,"Chillies and peppers, dry (Capsicum spp., Pimenta spp.), raw",394.0,5.0,0.0
Ireland,2007,"Chillies and peppers, dry (Capsicum spp., Pimenta spp.), raw",261.0,6.0,0.0
Ireland,2008,"Chillies and peppers, dry (Capsicum spp., Pimenta spp.), raw",331.0,8.0,0.0
Ireland,2009,"Chillies and peppers, dry (Capsicum spp., Pimenta spp.), raw",357.0,7.0,0.0
Ireland,2010,"Chillies and peppers, dry (Capsicum spp., Pimenta spp.), raw",554.0,4.0,0.0
Ireland,2011,"Chillies and peppers, dry (Capsicum spp., Pimenta spp.), raw",410.0,2.0,0.0
Ireland,2012,"Chillies and peppers, dry (Capsicum spp., Pimenta spp.), raw",125.0,2.0,0.0
Ireland,2013,"Chillies and peppers, dry (Capsicum spp., Pimenta spp.), raw",100.0,31.0,0.0
Ireland,2014,"Chillies and peppers, dry (Capsicum spp., Pimenta spp.), raw",140.11,65.59,0.0
Ireland,2015,"Chillies and peppers, dry (Capsicum spp., Pimenta spp.), raw",307.5,77.5,0.0
Ireland,2016,"Chillies and peppers, dry (Capsicum spp., Pimenta spp.), raw",378.77,75.97,0.0
Ireland,2017,"Chillies and peppers, dry (Capsicum spp., Pimenta spp.), raw",423.37,73.7,0.0
Ireland,2018,"Chillies and peppers, dry (Capsicum spp., Pimenta spp.), raw",278.51,12.66,0.0
Ireland,2019,"Chillies and peppers, dry (Capsicum spp., Pimenta spp.), raw",280.17,7.4,0.0
Ireland,2020,"Chillies and peppers, dry (Capsicum spp., Pimenta spp.), raw",298.69,7.22,0.0
Ireland,2021,"Chillies and peppers, dry (Capsicum spp., Pimenta spp.), raw",564.31,13.68,0.0
Ireland,2022,"Chillies and peppers, dry (Capsicum spp., Pimenta spp.), raw",659.66,24.0,0.0
Ireland,2023,"Chillies and peppers, dry (Capsicum spp., Pimenta spp.), raw",693.25,21.87,0.0
Israel,1993,"Chillies and peppers, dry (Capsicum spp., Pimenta spp.), raw",280.0,185.0,0.0
Israel,1994,"Chillies and peppers, dry (Capsicum spp., Pimenta spp.), raw",300.0,315.0,0.0
Israel,1995,"Chillies and peppers, dry (Capsicum spp., Pimenta spp.), raw",500.0,100.0,0.0
Israel,1996,"Chillies and peppers, dry (Capsicum spp., Pimenta spp.), raw",372.0,80.0,0.0
Israel,1997,"Chillies and peppers, dry (Capsicum spp., Pimenta spp.), raw",450.0,50.0,0.0
Israel,1998,"Chillies and peppers, dry (Capsicum spp., Pimenta spp.), raw",430.0,100.0,0.0
Israel,1999,"Chillies and peppers, dry (Capsicum spp., Pimenta spp.), raw",240.0,70.0,0.0
Israel,2000,"Chillies and peppers, dry (Capsicum spp., Pimenta spp.), raw",323.92,125.25,0.0
Israel,2001,"Chillies and peppers, dry (Capsicum spp., Pimenta spp.), raw",292.0,50.0,0.0
Israel,2003,"Chillies and peppers, dry (Capsicum spp., Pimenta spp.), raw",357.0,7.0,0.0
Israel,2004,"Chillies and peppers, dry (Capsicum spp., Pimenta spp.), raw",480.0,8.0,0.0
Israel,2005,"Chillies and peppers, dry (Capsicum spp., Pimenta spp.), raw",590.0,1051.0,0.0
Israel,2006,"Chillies and peppers, dry (Capsicum spp., Pimenta spp.), raw",772.0,2669.0,0.0
Israel,2007,"Chillies and peppers, dry (Capsicum spp., Pimenta spp.), raw",727.0,3722.0,0.0
Israel,2008,"Chillies and peppers, dry (Capsicum spp., Pimenta spp.), raw",1428.0,4448.0,0.0
Israel,2009,"Chillies and peppers, dry (Capsicum spp., Pimenta spp.), raw",886.0,3146.0,0.0
Israel,2010,"Chillies and peppers, dry (Capsicum spp., Pimenta spp.), raw",680.0,703.0,0.0
Israel,2011,"Chillies and peppers, dry (Capsicum spp., Pimenta spp.), raw",2932.0,119.0,0.0
Israel,2012,"Chillies and peppers, dry (Capsicum spp., Pimenta spp.), raw",2824.0,3.0,0.0
Israel,2013,"Chillies and peppers, dry (Capsicum spp., Pimenta spp.), raw",2427.0,1494.0,0.0
Israel,2014,"Chillies and peppers, dry (Capsicum spp., Pimenta spp.), raw",2683.06,3194.17,0.0
Israel,2015,"Chillies and peppers, dry (Capsicum spp., Pimenta spp.), raw",3708.17,1150.7,0.0
Israel,2016,"Chillies and peppers, dry (Capsicum spp., Pimenta spp.), raw",3860.6,851.53,0.0
Israel,2017,"Chillies and peppers, dry (Capsicum spp., Pimenta spp.), raw",3518.46,1674.72,0.0
Israel,2018,"Chillies and peppers, dry (Capsicum spp., Pimenta spp.), raw",3217.4,2492.36,0.0
Israel,2019,"Chillies and peppers, dry (Capsicum spp., Pimenta spp.), raw",3961.25,2095.93,0.0
Israel,2020,"Chillies and peppers, dry (Capsicum spp., Pimenta spp.), raw",4947.68,2884.69,0.0
Israel,2021,"Chillies and peppers, dry (Capsicum spp., Pimenta spp.), raw",5189.08,3216.59,0.0
Italy,1993,"Chillies and peppers, dry (Capsicum spp., Pimenta spp.), raw",1276.0,144.0,0.0
Italy,1994,"Chillies and peppers, dry (Capsicum spp., Pimenta spp.), raw",1121.0,516.0,0.0
Italy,1995,"Chillies and peppers, dry (Capsicum spp., Pimenta spp.), raw",1201.0,451.0,0.0
Italy,1996,"Chillies and peppers, dry (Capsicum spp., Pimenta spp.), raw",1256.0,606.0,0.0
Italy,1997,"Chillies and peppers, dry (Capsicum spp., Pimenta spp.), raw",1461.0,887.0,0.0
Italy,1998,"Chillies and peppers, dry (Capsicum spp., Pimenta spp.), raw",1258.0,1138.0,0.0
Italy,1999,"Chillies and peppers, dry (Capsicum spp., Pimenta spp.), raw",1440.0,902.0,0.0
Italy,2001,"Chillies and peppers, dry (Capsicum spp., Pimenta spp.), raw",1459.0,1637.0,0.0
Italy,2002,"Chillies and peppers, dry (Capsicum spp., Pimenta spp.), raw",1605.0,1731.0,0.0
Italy,2003,"Chillies and peppers, dry (Capsicum spp., Pimenta spp.), raw",1899.0,1597.0,0.0
Italy,2004,"Chillies and peppers, dry (Capsicum spp., Pimenta spp.), raw",2669.0,1653.0,0.0
Italy,2005,"Chillies and peppers, dry (Capsicum spp., Pimenta spp.), raw",2255.0,1613.0,0.0
Italy,2006,"Chillies and peppers, dry (Capsicum spp., Pimenta spp.), raw",1811.0,1796.0,0.0
Italy,2007,"Chillies and peppers, dry (Capsicum spp., Pimenta spp.), raw",1930.0,1853.0,0.0
Italy,2008,"Chillies and peppers, dry (Capsicum spp., Pimenta spp.), raw",2484.0,2318.0,0.0
Italy,2009,"Chillies and peppers, dry (Capsicum spp., Pimenta spp.), raw",2309.0,2382.0,0.0
Italy,2010,"Chillies and peppers, dry (Capsicum spp., Pimenta spp.), raw",2384.0,1865.0,0.0
Italy,2011,"Chillies and peppers, dry (Capsicum spp., Pimenta spp.), raw",2479.0,2264.0,0.0
Italy,2012,"Chillies and peppers, dry (Capsicum spp., Pimenta spp.), raw",2158.0,868.0,0.0
Italy,2013,"Chillies and peppers, dry (Capsicum spp., Pimenta spp.), raw",2368.0,482.0,0.0
Italy,2014,"Chillies and peppers, dry (Capsicum spp., Pimenta spp.), raw",2647.79,365.3,0.0
Italy,2015,"Chillies and peppers, dry (Capsicum spp., Pimenta spp.), raw",2484.43,416.85,0.0
Italy,2016,"Chillies and peppers, dry (Capsicum spp., Pimenta spp.), raw",2903.71,434.38,0.0
Italy,2018,"Chillies and peppers, dry (Capsicum spp., Pimenta spp.), raw",2872.53,656.55,0.0
Italy,2019,"Chillies and peppers, dry (Capsicum spp., Pimenta spp.), raw",2717.89,565.82,0.0
Italy,2020,"Chillies and peppers, dry (Capsicum spp., Pimenta spp.), raw",2850.63,767.98,0.0
Italy,2021,"Chillies and peppers, dry (Capsicum spp., Pimenta spp.), raw",3187.67,792.66,0.0
Italy,2022,"Chillies and peppers, dry (Capsicum spp., Pimenta spp.), raw",3364.16,904.45,0.0
Italy,2023,"Chillies and peppers, dry (Capsicum spp., Pimenta spp.), raw",3563.77,1293.69,0.0
Jamaica,1995,"Chillies and peppers, dry (Capsicum spp., Pimenta spp.), raw",63.0,2072.0,8431.0
Jamaica,1996,"Chillies and peppers, dry (Capsicum spp., Pimenta spp.), raw",69.0,1684.0,9069.0
Jamaica,1997,"Chillies and peppers, dry (Capsicum spp., Pimenta spp.), raw",60.0,1254.0,6923.0
Jamaica,1998,"Chillies and peppers, dry (Capsicum spp., Pimenta spp.), raw",60.0,1400.0,6533.0
Jamaica,1999,"Chillies and peppers, dry (Capsicum spp., Pimenta spp.), raw",65.0,1541.0,6363.0
Jamaica,2000,"Chillies and peppers, dry (Capsicum spp., Pimenta spp.), raw",160.0,1122.0,4438.0
Jamaica,2001,"Chillies and peppers, dry (Capsicum spp., Pimenta spp.), raw",99.0,679.0,4926.0
Jamaica,2002,"Chillies and peppers, dry (Capsicum spp., Pimenta spp.), raw",70.0,758.0,4444.0
Jamaica,2003,"Chillies and peppers, dry (Capsicum spp., Pimenta spp.), raw",295.0,790.0,5595.0
Jamaica,2004,"Chillies and peppers, dry (Capsicum spp., Pimenta spp.), raw",95.0,368.0,4610.0
Jamaica,2005,"Chillies and peppers, dry (Capsicum spp., Pimenta spp.), raw",85.0,417.0,5722.0
Jamaica,2006,"Chillies and peppers, dry (Capsicum spp., Pimenta spp.), raw",236.0,332.0,7440.1
Jamaica,2007,"Chillies and peppers, dry (Capsicum spp., Pimenta spp.), raw",79.0,474.0,6596.0
Jamaica,2008,"Chillies and peppers, dry (Capsicum spp., Pimenta spp.), raw",87.0,532.0,5338.0
Jamaica,2009,"Chillies and peppers, dry (Capsicum spp., Pimenta spp.), raw",76.0,605.0,10565.0
Jamaica,2011,"Chillies and peppers, dry (Capsicum spp., Pimenta spp.), raw",66.0,588.0,13293.0
Jamaica,2012,"Chillies and peppers, dry (Capsicum spp., Pimenta spp.), raw",92.0,461.0,14263.0
Jamaica,2013,"Chillies and peppers, dry (Capsicum spp., Pimenta spp.), raw",79.0,424.0,15204.0
Jamaica,2014,"Chillies and peppers, dry (Capsicum spp., Pimenta spp.), raw",88.01,341.24,14101.0
Jamaica,2016,"Chillies and peppers, dry (Capsicum spp., Pimenta spp.), raw",78.15,381.45,16067.1
Jamaica,2017,"Chillies and peppers, dry (Capsicum spp., Pimenta spp.), raw",108.01,345.15,14520.0
Jamaica,2018,"Chillies and peppers, dry (Capsicum spp., Pimenta spp.), raw",110.14,312.44,15997.9
Jamaica,2019,"Chillies and peppers, dry (Capsicum spp., Pimenta spp.), raw",121.15,353.04,18106.0
Jamaica,2020,"Chillies and peppers, dry (Capsicum spp., Pimenta spp.), raw",186.11,180.24,18847.0
Jamaica,2021,"Chillies and peppers, dry (Capsicum spp., Pimenta spp.), raw",292.15,186.35,19850.0
Jamaica,2022,"Chillies and peppers, dry (Capsicum spp., Pimenta spp.), raw",203.84,214.55,20120.0
Jamaica,2023,"Chillies and peppers, dry (Capsicum spp., Pimenta spp.), raw",229.92,136.29,19563.0
Japan,1993,"Chillies and peppers, dry (Capsicum spp., Pimenta spp.), raw",9167.0,20.0,0.0
Japan,1994,"Chillies and peppers, dry (Capsicum spp., Pimenta spp.), raw",10719.0,11.0,0.0
Japan,1995,"Chillies and peppers, dry (Capsicum spp., Pimenta spp.), raw",8079.0,22.0,0.0
Japan,1996,"Chillies and peppers, dry (Capsicum spp., Pimenta spp.), raw",9236.0,38.0,0.0
Japan,1997,"Chillies and peppers, dry (Capsicum spp., Pimenta spp.), raw",11301.0,42.0,0.0
Japan,1998,"Chillies and peppers, dry (Capsicum spp., Pimenta spp.), raw",9881.0,31.0,0.0
Japan,1999,"Chillies and peppers, dry (Capsicum spp., Pimenta spp.), raw",10336.0,39.0,0.0
Japan,2000,"Chillies and peppers, dry (Capsicum spp., Pimenta spp.), raw",10982.54,40.3,0.0
Japan,2001,"Chillies and peppers, dry (Capsicum spp., Pimenta spp.), raw",11952.0,40.0,0.0
Japan,2002,"Chillies and peppers, dry (Capsicum spp., Pimenta spp.), raw",9962.0,90.0,0.0
Japan,2003,"Chillies and peppers, dry (Capsicum spp., Pimenta spp.), raw",11194.0,98.0,0.0
Japan,2004,"Chillies and peppers, dry (Capsicum spp., Pimenta spp.), raw",10900.0,66.0,0.0
Japan,2005,"Chillies and peppers, dry (Capsicum spp., Pimenta spp.), raw",12193.0,55.0,0.0
Japan,2006,"Chillies and peppers, dry (Capsicum spp., Pimenta spp.), raw",11005.0,93.0,0.0
Japan,2007,"Chillies and peppers, dry (Capsicum spp., Pimenta spp.), raw",10655.0,121.0,0.0
Japan,2008,"Chillies and peppers, dry (Capsicum spp., Pimenta spp.), raw",11869.0,98.0,0.0
Japan,2009,"Chillies and peppers, dry (Capsicum spp., Pimenta spp.), raw",13043.0,56.0,0.0
Japan,2010,"Chillies and peppers, dry (Capsicum spp., Pimenta spp.), raw",11600.0,78.0,0.0
Japan,2011,"Chillies and peppers, dry (Capsicum spp., Pimenta spp.), raw",12252.0,79.0,0.0
Japan,2012,"Chillies and peppers, dry (Capsicum spp., Pimenta spp.), raw",11475.0,94.0,0.0
Japan,2014,"Chillies and peppers, dry (Capsicum spp., Pimenta spp.), raw",11747.3,107.67,0.0
Japan,2015,"Chillies and peppers, dry (Capsicum spp., Pimenta spp.), raw",11952.35,103.54,0.0
Japan,2016,"Chillies and peppers, dry (Capsicum spp., Pimenta spp.), raw",12489.79,90.94,0.0
Japan,2017,"Chillies and peppers, dry (Capsicum spp., Pimenta spp.), raw",12399.26,80.67,0.0
Japan,2018,"Chillies and peppers, dry (Capsicum spp., Pimenta spp.), raw",14845.89,79.35,0.0
Japan,2020,"Chillies and peppers, dry (Capsicum spp., Pimenta spp.), raw",13907.25,71.53,0.0
Japan,2021,"Chillies and peppers, dry (Capsicum spp., Pimenta spp.), raw",15295.75,103.86,0.0
Japan,2022,"Chillies and peppers, dry (Capsicum spp., Pimenta spp.), raw",14666.44,97.2,0.0
Japan,2023,"Chillies and peppers, dry (Capsicum spp., Pimenta spp.), raw",15170.38,108.3,0.0
Jordan,1993,"Chillies and peppers, dry (Capsicum spp., Pimenta spp.), raw",104.0,22.0,0.0
Jordan,1995,"Chillies and peppers, dry (Capsicum spp., Pimenta spp.), raw",81.0,28.0,0.0
Jordan,1996,"Chillies and peppers, dry (Capsicum spp., Pimenta spp.), raw",14.0,22.0,0.0
Jordan,1997,"Chillies and peppers, dry (Capsicum spp., Pimenta spp.), raw",62.0,38.0,0.0
Jordan,1998,"Chillies and peppers, dry (Capsicum spp., Pimenta spp.), raw",55.0,297.0,0.0
Jordan,1999,"Chillies and peppers, dry (Capsicum spp., Pimenta spp.), raw",9.0,108.0,0.0
Jordan,2000,"Chillies and peppers, dry (Capsicum spp., Pimenta spp.), raw",31.0,17.67,0.0
Jordan,2001,"Chillies and peppers, dry (Capsicum spp., Pimenta spp.), raw",33.0,181.0,0.0
Jordan,2002,"Chillies and peppers, dry (Capsicum spp., Pimenta spp.), raw",17.0,0.0,0.0
Jordan,2003,"Chillies and peppers, dry (Capsicum spp., Pimenta spp.), raw",32.0,20.0,0.0
Jordan,2004,"Chillies and peppers, dry (Capsicum spp., Pimenta spp.), raw",20.0,234.0,0.0
Jordan,2005,"Chillies and peppers, dry (Capsicum spp., Pimenta spp.), raw",25.0,184.0,0.0
Jordan,2006,"Chillies and peppers, dry (Capsicum spp., Pimenta spp.), raw",44.0,299.0,0.0
Jordan,2008,"Chillies and peppers, dry (Capsicum spp., Pimenta spp.), raw",77.0,281.0,0.0
Jordan,2009,"Chillies and peppers, dry (Capsicum spp., Pimenta spp.), raw",215.0,245.0,0.0
Jordan,2010,"Chillies and peppers, dry (Capsicum spp., Pimenta spp.), raw",88.0,737.0,0.0
Jordan,2011,"Chillies and peppers, dry (Capsicum spp., Pimenta spp.), raw",175.0,539.0,0.0
Jordan,2012,"Chillies and peppers, dry (Capsicum spp., Pimenta spp.), raw",323.0,431.0,0.0
Jordan,2013,"Chillies and peppers, dry (Capsicum spp., Pimenta spp.), raw",239.0,1516.0,0.0
Jordan,2014,"Chillies and peppers, dry (Capsicum spp., Pimenta spp.), raw",273.21,665.5,0.0
Jordan,2015,"Chillies and peppers, dry (Capsicum spp., Pimenta spp.), raw",249.29,986.35,0.0
Jordan,2016,"Chillies and peppers, dry (Capsicum spp., Pimenta spp.), raw",322.56,994.66,0.0
Jordan,2017,"Chillies and peppers, dry (Capsicum spp., Pimenta spp.), raw",363.1,1482.13,0.0
Jordan,2018,"Chillies and peppers, dry (Capsicum spp., Pimenta spp.), raw",179.25,1281.52,0.0
Jordan,2019,"Chillies and peppers, dry (Capsicum spp., Pimenta spp.), raw",323.18,1897.13,0.0
Jordan,2020,"Chillies and peppers, dry (Capsicum spp., Pimenta spp.), raw",427.67,2354.61,0.0
Jordan,2021,"Chillies and peppers, dry (Capsicum spp., Pimenta spp.), raw",603.92,2923.48,0.0
Jordan,2022,"Chillies and peppers, dry (Capsicum spp., Pimenta spp.), raw",475.2,2168.71,0.0
Jordan,2023,"Chillies and peppers, dry (Capsicum spp., Pimenta spp.), raw",872.43,4032.79,0.0
Kazakhstan,1993,"Chillies and peppers, dry (Capsicum spp., Pimenta spp.), raw",12.0,0.0,0.0
Kazakhstan,1994,"Chillies and peppers, dry (Capsicum spp., Pimenta spp.), raw",25.0,0.0,0.0
Kazakhstan,1995,"Chillies and peppers, dry (Capsicum spp., Pimenta spp.), raw",47.0,0.0,0.0
Kazakhstan,1996,"Chillies and peppers, dry (Capsicum spp., Pimenta spp.), raw",4.0,0.0,180.0
Kazakhstan,1997,"Chillies and peppers, dry (Capsicum spp., Pimenta spp.), raw",0.0,0.0,219.74
Kazakhstan,1998,"Chillies and peppers, dry (Capsicum spp., Pimenta spp.), raw",2.0,0.0,237.05
Kazakhstan,1999,"Chillies and peppers, dry (Capsicum spp., Pimenta spp.), raw",26.0,0.0,250.0
Kazakhstan,2000,"Chillies and peppers, dry (Capsicum spp., Pimenta spp.), raw",19.0,36.0,300.0
Kazakhstan,2001,"Chillies and peppers, dry (Capsicum spp., Pimenta spp.), raw",50.0,76.0,289.55
Kazakhstan,2002,"Chillies and peppers, dry (Capsicum spp., Pimenta spp.), raw",59.0,10.0,303.24
Kazakhstan,2003,"Chillies and peppers, dry (Capsicum spp., Pimenta spp.), raw",61.0,64.0,314.19
Kazakhstan,2004,"Chillies and peppers, dry (Capsicum spp., Pimenta spp.), raw",48.0,5.0,350.0
Kazakhstan,2005,"Chillies and peppers, dry (Capsicum spp., Pimenta spp.), raw",44.0,70.0,321.81
Kazakhstan,2006,"Chillies and peppers, dry (Capsicum spp., Pimenta spp.), raw",49.0,51.0,300.0
Kazakhstan,2007,"Chillies and peppers, dry (Capsicum spp., Pimenta spp.), raw",58.0,19.0,335.73
Kazakhstan,2008,"Chillies and peppers, dry (Capsicum spp., Pimenta spp.), raw",55.0,2.0,345.54
Kazakhstan,2009,"Chillies and peppers, dry (Capsicum spp., Pimenta spp.), raw",62.0,0.0,355.68
Kazakhstan,2010,"Chillies and peppers, dry (Capsicum spp., Pimenta spp.), raw",140.0,15.0,367.43
Kazakhstan,2011,"Chillies and peppers, dry (Capsicum spp., Pimenta spp.), raw",1393.0,0.0,379.03
Kazakhstan,2012,"Chillies and peppers, dry (Capsicum spp., Pimenta spp.), raw",1252.0,2.0,400.0
Kazakhstan,2013,"Chillies and peppers, dry (Capsicum spp., Pimenta spp.), raw",288.0,10.0,398.86
Kazakhstan,2014,"Chillies and peppers, dry (Capsicum spp., Pimenta spp.), raw",1264.43,2.51,400.0
Kazakhstan,2015,"Chillies and peppers, dry (Capsicum spp., Pimenta spp.), raw",2275.93,3.06,407.39
Kazakhstan,2016,"Chillies and peppers, dry (Capsicum spp., Pimenta spp.), raw",3876.1,0.15,418.02
Kazakhstan,2017,"Chillies and peppers, dry (Capsicum spp., Pimenta spp.), raw",6544.74,50.53,427.88
Kazakhstan,2018,"Chillies and peppers, dry (Capsicum spp., Pimenta spp.), raw",13733.45,13.91,437.88
Kazakhstan,2019,"Chillies and peppers, dry (Capsicum spp., Pimenta spp.), raw",14457.97,66.92,447.91
Kazakhstan,2020,"Chillies and peppers, dry (Capsicum spp., Pimenta spp.), raw",9376.13,1.34,437.89
Kazakhstan,2022,"Chillies and peppers, dry (Capsicum spp., Pimenta spp.), raw",10315.33,1.97,442.34
Kazakhstan,2023,"Chillies and peppers, dry (Capsicum spp., Pimenta spp.), raw",21752.26,319.58,440.48
Kenya,1993,"Chillies and peppers, dry (Capsicum spp., Pimenta spp.), raw",0.0,0.0,5065.14
Kenya,1995,"Chillies and peppers, dry (Capsicum spp., Pimenta spp.), raw",0.0,1.0,5000.0
Kenya,1996,"Chillies and peppers, dry (Capsicum spp., Pimenta spp.), raw",5.0,0.0,5100.0
Kenya,1997,"Chillies and peppers, dry (Capsicum spp., Pimenta spp.), raw",33.0,0.0,5149.62
Kenya,1998,"Chillies and peppers, dry (Capsicum spp., Pimenta spp.), raw",40.0,1.0,5200.0
Kenya,1999,"Chillies and peppers, dry (Capsicum spp., Pimenta spp.), raw",82.0,0.0,5100.0
Kenya,2000,"Chillies and peppers, dry (Capsicum spp., Pimenta spp.), raw",108.0,0.0,5000.0
Kenya,2001,"Chillies and peppers, dry (Capsicum spp., Pimenta spp.), raw",57.0,0.0,5038.86
Kenya,2002,"Chillies and peppers, dry (Capsicum spp., Pimenta spp.), raw",32.0,4.0,5085.2
Kenya,2003,"Chillies and peppers, dry (Capsicum spp., Pimenta spp.), raw",10.0,111.0,5240.71
Kenya,2004,"Chillies and peppers, dry (Capsicum spp., Pimenta spp.), raw",18.0,1.0,5326.16
Kenya,2005,"Chillies and peppers, dry (Capsicum spp., Pimenta spp.), raw",30.0,235.0,5417.01
Kenya,2006,"Chillies and peppers, dry (Capsicum spp., Pimenta spp.), raw",9.0,328.0,5513.13
Kenya,2007,"Chillies and peppers, dry (Capsicum spp., Pimenta spp.), raw",56.0,177.0,5628.13
Kenya,2008,"Chillies and peppers, dry (Capsicum spp., Pimenta spp.), raw",52.0,84.0,5703.25
Kenya,2009,"Chillies and peppers, dry (Capsicum spp., Pimenta spp.), raw",40.0,265.0,5008.54
Kenya,2010,"Chillies and peppers, dry (Capsicum spp., Pimenta spp.), raw",57.0,27.0,4358.65
Kenya,2011,"Chillies and peppers, dry (Capsicum spp., Pimenta spp.), raw",83.0,62.0,3704.79
Kenya,2012,"Chillies and peppers, dry (Capsicum spp., Pimenta spp.), raw",155.0,160.0,3000.0
Kenya,2013,"Chillies and peppers, dry (Capsicum spp., Pimenta spp.), raw",97.0,97.0,3000.0
Kenya,2014,"Chillies and peppers, dry (Capsicum spp., Pimenta spp.), raw",117.73,161.75,2986.69
Kenya,2015,"Chillies and peppers, dry (Capsicum spp., Pimenta spp.), raw",103.89,98.28,3239.57
Kenya,2016,"Chillies and peppers, dry (Capsicum spp., Pimenta spp.), raw",27.78,153.01,3075.42
Kenya,2017,"Chillies and peppers, dry (Capsicum spp., Pimenta spp.), raw",73.07,46.25,3100.56
Kenya,2018,"Chillies and peppers, dry (Capsicum spp., Pimenta spp.), raw",40.48,95.98,3104.22
Kenya,2019,"Chillies and peppers, dry (Capsicum spp., Pimenta spp.), raw",38.39,124.94,3097.37
Kenya,2020,"Chillies and peppers, dry (Capsicum spp., Pimenta spp.), raw",60.91,10.03,3048.38
Kenya,2021,"Chillies and peppers, dry (Capsicum spp., Pimenta spp.), raw",65.83,92.63,3027.51
Kenya,2022,"Chillies and peppers, dry (Capsicum spp., Pimenta spp.), raw",151.21,52.2,3008.59
Kenya,2023,"Chillies and peppers, dry (Capsicum spp., Pimenta spp.), raw",161.18,56.58,2989.43
Kiribati,2014,"Chillies and peppers, dry (Capsicum spp., Pimenta spp.), raw",0.01,0.0,0.0
Kiribati,2016,"Chillies and peppers, dry (Capsicum spp., Pimenta spp.), raw",0.01,0.0,0.0
Kiribati,2017,"Chillies and peppers, dry (Capsicum spp., Pimenta spp.), raw",0.03,0.0,0.0
Kiribati,2018,"Chillies and peppers, dry (Capsicum spp., Pimenta spp.), raw",0.01,0.0,0.0
Kiribati,2020,"Chillies and peppers, dry (Capsicum spp., Pimenta spp.), raw",0.02,0.0,0.0
Kiribati,2021,"Chillies and peppers, dry (Capsicum spp., Pimenta spp.), raw",0.08,0.0,0.0
Kiribati,2022,"Chillies and peppers, dry (Capsicum spp., Pimenta spp.), raw",0.15,0.0,0.0
Kiribati,2023,"Chillies and peppers, dry (Capsicum spp., Pimenta spp.), raw",0.04,0.0,0.0
Kuwait,2000,"Chillies and peppers, dry (Capsicum spp., Pimenta spp.), raw",522.0,1.0,0.0
Kuwait,2001,"Chillies and peppers, dry (Capsicum spp., Pimenta spp.), raw",309.0,0.0,0.0
Kuwait,2013,"Chillies and peppers, dry (Capsicum spp., Pimenta spp.), raw",1148.0,3.0,0.0
Kuwait,2014,"Chillies and peppers, dry (Capsicum spp., Pimenta spp.), raw",1006.43,25.52,0.0
Kuwait,2015,"Chillies and peppers, dry (Capsicum spp., Pimenta spp.), raw",1227.48,71.22,0.0
Kuwait,2016,"Chillies and peppers, dry (Capsicum spp., Pimenta spp.), raw",1602.38,69.08,0.0
Kuwait,2017,"Chillies and peppers, dry (Capsicum spp., Pimenta spp.), raw",1555.23,71.33,0.0
Kuwait,2018,"Chillies and peppers, dry (Capsicum spp., Pimenta spp.), raw",1560.24,101.25,0.0
Kuwait,2019,"Chillies and peppers, dry (Capsicum spp., Pimenta spp.), raw",1540.54,84.24,0.0
Kuwait,2020,"Chillies and peppers, dry (Capsicum spp., Pimenta spp.), raw",2038.75,338.02,0.0
Kuwait,2021,"Chillies and peppers, dry (Capsicum spp., Pimenta spp.), raw",2182.1,265.95,0.0
Kuwait,2023,"Chillies and peppers, dry (Capsicum spp., Pimenta spp.), raw",1769.15,302.81,0.0
Kyrgyzstan,1999,"Chillies and peppers, dry (Capsicum spp., Pimenta spp.), raw",0.0,2.0,100.0
Kyrgyzstan,2000,"Chillies and peppers, dry (Capsicum spp., Pimenta spp.), raw",0.0,10.0,100.0
Kyrgyzstan,2001,"Chillies and peppers, dry (Capsicum spp., Pimenta spp.), raw",0.0,56.0,220.22
Kyrgyzstan,2002,"Chillies and peppers, dry (Capsicum spp., Pimenta spp.), raw",1.0,79.0,140.71
Kyrgyzstan,2003,"Chillies and peppers, dry (Capsicum spp., Pimenta spp.), raw",0.0,2.0,117.8
Kyrgyzstan,2004,"Chillies and peppers, dry (Capsicum spp., Pimenta spp.), raw",0.0,2.0,247.89
Kyrgyzstan,2005,"Chillies and peppers, dry (Capsicum spp., Pimenta spp.), raw",3.0,23.0,264.98
Kyrgyzstan,2006,"Chillies and peppers, dry (Capsicum spp., Pimenta spp.), raw",4.0,70.0,120.0
Kyrgyzstan,2007,"Chillies and peppers, dry (Capsicum spp., Pimenta spp.), raw",2.0,22.0,200.0
Kyrgyzstan,2008,"Chillies and peppers, dry (Capsicum spp., Pimenta spp.), raw",5.0,98.0,300.0
Kyrgyzstan,2009,"Chillies and peppers, dry (Capsicum spp., Pimenta spp.), raw",4.0,142.0,400.0
Kyrgyzstan,2011,"Chillies and peppers, dry (Capsicum spp., Pimenta spp.), raw",4.0,1.0,1000.0
Kyrgyzstan,2012,"Chillies and peppers, dry (Capsicum spp., Pimenta spp.), raw",5.0,0.0,1000.0
Kyrgyzstan,2013,"Chillies and peppers, dry (Capsicum spp., Pimenta spp.), raw",9.0,0.0,984.56
Kyrgyzstan,2014,"Chillies and peppers, dry (Capsicum spp., Pimenta spp.), raw",6.17,0.05,1000.0
Kyrgyzstan,2015,"Chillies and peppers, dry (Capsicum spp., Pimenta spp.), raw",19.99,0.29,1028.78
Kyrgyzstan,2016,"Chillies and peppers, dry (Capsicum spp., Pimenta spp.), raw",200.46,0.0,1004.45
Kyrgyzstan,2017,"Chillies and peppers, dry (Capsicum spp., Pimenta spp.), raw",1011.18,85.14,1011.08
Kyrgyzstan,2018,"Chillies and peppers, dry (Capsicum spp., Pimenta spp.), raw",1688.64,111.75,1014.77
Kyrgyzstan,2019,"Chillies and peppers, dry (Capsicum spp., Pimenta spp.), raw",1204.64,67.67,1053.12
Kyrgyzstan,2020,"Chillies and peppers, dry (Capsicum spp., Pimenta spp.), raw",2679.6,61.53,1042.68
Kyrgyzstan,2021,"Chillies and peppers, dry (Capsicum spp., Pimenta spp.), raw",2336.54,1.1,985.17
Kyrgyzstan,2022,"Chillies and peppers, dry (Capsicum spp., Pimenta spp.), raw",1415.58,11.06,988.55
Kyrgyzstan,2023,"Chillies and peppers, dry (Capsicum spp., Pimenta spp.), raw",1829.12,0.0,991.94
Lao People's Democratic Republic,1993,"Chillies and peppers, dry (Capsicum spp., Pimenta spp.), raw",0.0,0.0,4150.11
Lao People's Democratic Republic,1994,"Chillies and peppers, dry (Capsicum spp., Pimenta spp.), raw",36.0,0.0,4500.0
Lao People's Democratic Republic,1995,"Chillies and peppers, dry (Capsicum spp., Pimenta spp.), raw",48.0,0.0,4349.97
Lao People's Democratic Republic,1996,"Chillies and peppers, dry (Capsicum spp., Pimenta spp.), raw",15.0,0.0,4400.0
Lao People's Democratic Republic,1998,"Chillies and peppers, dry (Capsicum spp., Pimenta spp.), raw",32.0,0.0,4596.16
Lao People's Democratic Republic,1999,"Chillies and peppers, dry (Capsicum spp., Pimenta spp.), raw",14.0,0.0,4500.0
Lao People's Democratic Republic,2000,"Chillies and peppers, dry (Capsicum spp., Pimenta spp.), raw",0.0,0.0,3743.67
Lao People's Democratic Republic,2001,"Chillies and peppers, dry (Capsicum spp., Pimenta spp.), raw",0.0,8.0,5000.0
Lao People's Democratic Republic,2002,"Chillies and peppers, dry (Capsicum spp., Pimenta spp.), raw",0.0,8.0,6724.0
Lao People's Democratic Republic,2004,"Chillies and peppers, dry (Capsicum spp., Pimenta spp.), raw",0.0,0.0,7000.0
Lao People's Democratic Republic,2005,"Chillies and peppers, dry (Capsicum spp., Pimenta spp.), raw",0.0,0.0,9400.0
Lao People's Democratic Republic,2006,"Chillies and peppers, dry (Capsicum spp., Pimenta spp.), raw",0.0,0.0,9500.0
Lao People's Democratic Republic,2007,"Chillies and peppers, dry (Capsicum spp., Pimenta spp.), raw",10.0,0.0,9600.0
Lao People's Democratic Republic,2008,"Chillies and peppers, dry (Capsicum spp., Pimenta spp.), raw",10.0,0.0,10500.0
Lao People's Democratic Republic,2009,"Chillies and peppers, dry (Capsicum spp., Pimenta spp.), raw",2.0,0.0,11000.0
Lao People's Democratic Republic,2010,"Chillies and peppers, dry (Capsicum spp., Pimenta spp.), raw",5.0,0.0,11119.08
Lao People's Democratic Republic,2011,"Chillies and peppers, dry (Capsicum spp., Pimenta spp.), raw",5.0,0.0,11312.44
Lao People's Democratic Republic,2012,"Chillies and peppers, dry (Capsicum spp., Pimenta spp.), raw",1.0,0.0,11500.0
Lao People's Democratic Republic,2013,"Chillies and peppers, dry (Capsicum spp., Pimenta spp.), raw",14.0,0.0,11649.82
Lao People's Democratic Republic,2015,"Chillies and peppers, dry (Capsicum spp., Pimenta spp.), raw",5.33,0.0,12738.1
Lao People's Democratic Republic,2016,"Chillies and peppers, dry (Capsicum spp., Pimenta spp.), raw",1.49,0.0,12089.89
Lao People's Democratic Republic,2017,"Chillies and peppers, dry (Capsicum spp., Pimenta spp.), raw",3.81,0.0,12131.03
Lao People's Democratic Republic,2018,"Chillies and peppers, dry (Capsicum spp., Pimenta spp.), raw",50.26,0.0,12260.96
Lao People's Democratic Republic,2020,"Chillies and peppers, dry (Capsicum spp., Pimenta spp.), raw",124.04,0.0,12731.2
Lao People's Democratic Republic,2021,"Chillies and peppers, dry (Capsicum spp., Pimenta spp.), raw",895.09,0.0,12453.47
Lao People's Democratic Republic,2022,"Chillies and peppers, dry (Capsicum spp., Pimenta spp.), raw",1601.16,0.2,12517.64
Lao People's Democratic Republic,2023,"Chillies and peppers, dry (Capsicum spp., Pimenta spp.), raw",640.57,0.18,12567.43
Latvia,1993,"Chillies and peppers, dry (Capsicum spp., Pimenta spp.), raw",30.0,2.0,0.0
Latvia,1994,"Chillies and peppers, dry (Capsicum spp., Pimenta spp.), raw",6.0,1.0,0.0
Latvia,1995,"Chillies and peppers, dry (Capsicum spp., Pimenta spp.), raw",14.0,5.0,0.0
Latvia,1996,"Chillies and peppers, dry (Capsicum spp., Pimenta spp.), raw",24.0,6.0,0.0
Latvia,1997,"Chillies and peppers, dry (Capsicum spp., Pimenta spp.), raw",22.0,18.0,0.0
Latvia,1998,"Chillies and peppers, dry (Capsicum spp., Pimenta spp.), raw",26.0,21.0,0.0
Latvia,1999,"Chillies and peppers, dry (Capsicum spp., Pimenta spp.), raw",25.0,2.0,0.0
Latvia,2000,"Chillies and peppers, dry (Capsicum spp., Pimenta spp.), raw",22.0,1.0,0.0
Latvia,2001,"Chillies and peppers, dry (Capsicum spp., Pimenta spp.), raw",36.0,1.0,0.0
Latvia,2002,"Chillies and peppers, dry (Capsicum spp., Pimenta spp.), raw",45.0,1.0,0.0
Latvia,2003,"Chillies and peppers, dry (Capsicum spp., Pimenta spp.), raw",42.0,1.0,0.0
Latvia,2005,"Chillies and peppers, dry (Capsicum spp., Pimenta spp.), raw",52.0,1.0,0.0
Latvia,2006,"Chillies and peppers, dry (Capsicum spp., Pimenta spp.), raw",42.0,1.0,0.0
Latvia,2007,"Chillies and peppers, dry (Capsicum spp., Pimenta spp.), raw",34.0,3.0,0.0
Latvia,2008,"Chillies and peppers, dry (Capsicum spp., Pimenta spp.), raw",32.0,6.0,0.0
Latvia,2009,"Chillies and peppers, dry (Capsicum spp., Pimenta spp.), raw",53.0,33.0,0.0
Latvia,2010,"Chillies and peppers, dry (Capsicum spp., Pimenta spp.), raw",172.0,132.0,0.0
Latvia,2011,"Chillies and peppers, dry (Capsicum spp., Pimenta spp.), raw",183.0,147.0,0.0
Latvia,2012,"Chillies and peppers, dry (Capsicum spp., Pimenta spp.), raw",267.0,305.0,0.0
Latvia,2013,"Chillies and peppers, dry (Capsicum spp., Pimenta spp.), raw",298.0,247.0,0.0
Latvia,2014,"Chillies and peppers, dry (Capsicum spp., Pimenta spp.), raw",346.22,296.76,0.0
Latvia,2015,"Chillies and peppers, dry (Capsicum spp., Pimenta spp.), raw",320.97,341.8,0.0
Latvia,2016,"Chillies and peppers, dry (Capsicum spp., Pimenta spp.), raw",356.49,296.75,0.0
Latvia,2017,"Chillies and peppers, dry (Capsicum spp., Pimenta spp.), raw",613.55,537.2,0.0
Latvia,2018,"Chillies and peppers, dry (Capsicum spp., Pimenta spp.), raw",843.93,845.21,0.0
Latvia,2019,"Chillies and peppers, dry (Capsicum spp., Pimenta spp.), raw",661.29,639.22,0.0
Latvia,2020,"Chillies and peppers, dry (Capsicum spp., Pimenta spp.), raw",561.23,469.77,0.0
Latvia,2021,"Chillies and peppers, dry (Capsicum spp., Pimenta spp.), raw",833.09,614.5,0.0
Latvia,2022,"Chillies and peppers, dry (Capsicum spp., Pimenta spp.), raw",778.96,681.24,0.0
Latvia,2023,"Chillies and peppers, dry (Capsicum spp., Pimenta spp.), raw",524.43,590.21,0.0
Lebanon,1993,"Chillies and peppers, dry (Capsicum spp., Pimenta spp.), raw",50.0,0.0,0.0
Lebanon,1994,"Chillies and peppers, dry (Capsicum spp., Pimenta spp.), raw",70.0,0.0,0.0
Lebanon,1995,"Chillies and peppers, dry (Capsicum spp., Pimenta spp.), raw",10.0,0.0,0.0
Lebanon,1996,"Chillies and peppers, dry (Capsicum spp., Pimenta spp.), raw",10.0,0.0,0.0
Lebanon,1997,"Chillies and peppers, dry (Capsicum spp., Pimenta spp.), raw",181.0,25.0,0.0
Lebanon,1998,"Chillies and peppers, dry (Capsicum spp., Pimenta spp.), raw",109.0,17.0,0.0
Lebanon,1999,"Chillies and peppers, dry (Capsicum spp., Pimenta spp.), raw",81.0,14.0,0.0
Lebanon,2000,"Chillies and peppers, dry (Capsicum spp., Pimenta spp.), raw",129.0,11.0,0.0
Lebanon,2001,"Chillies and peppers, dry (Capsicum spp., Pimenta spp.), raw",214.0,2.0,0.0
Lebanon,2002,"Chillies and peppers, dry (Capsicum spp., Pimenta spp.), raw",129.0,1.0,0.0
Lebanon,2003,"Chillies and peppers, dry (Capsicum spp., Pimenta spp.), raw",109.0,2.0,0.0
Lebanon,2004,"Chillies and peppers, dry (Capsicum spp., Pimenta spp.), raw",188.0,1.0,0.0
Lebanon,2005,"Chillies and peppers, dry (Capsicum spp., Pimenta spp.), raw",157.0,2.0,0.0
Lebanon,2007,"Chillies and peppers, dry (Capsicum spp., Pimenta spp.), raw",178.0,1.0,0.0
Lebanon,2008,"Chillies and peppers, dry (Capsicum spp., Pimenta spp.), raw",235.0,0.0,0.0
Lebanon,2009,"Chillies and peppers, dry (Capsicum spp., Pimenta spp.), raw",281.0,0.0,0.0
Lebanon,2010,"Chillies and peppers, dry (Capsicum spp., Pimenta spp.), raw",199.0,0.0,0.0
Lebanon,2012,"Chillies and peppers, dry (Capsicum spp., Pimenta spp.), raw",317.0,0.0,0.0
Lebanon,2013,"Chillies and peppers, dry (Capsicum spp., Pimenta spp.), raw",477.0,0.0,0.0
Lebanon,2014,"Chillies and peppers, dry (Capsicum spp., Pimenta spp.), raw",469.39,0.09,0.0
Lebanon,2015,"Chillies and peppers, dry (Capsicum spp., Pimenta spp.), raw",311.33,0.77,0.0
Lebanon,2016,"Chillies and peppers, dry (Capsicum spp., Pimenta spp.), raw",316.71,1.52,0.0
Lebanon,2017,"Chillies and peppers, dry (Capsicum spp., Pimenta spp.), raw",586.13,1.91,0.0
Lebanon,2018,"Chillies and peppers, dry (Capsicum spp., Pimenta spp.), raw",546.61,0.96,0.0
Lebanon,2019,"Chillies and peppers, dry (Capsicum spp., Pimenta spp.), raw",330.54,1.61,0.0
Lebanon,2020,"Chillies and peppers, dry (Capsicum spp., Pimenta spp.), raw",407.54,13.13,0.0
Lebanon,2021,"Chillies and peppers, dry (Capsicum spp., Pimenta spp.), raw",581.93,4.66,0.0
Lebanon,2022,"Chillies and peppers, dry (Capsicum spp., Pimenta spp.), raw",520.31,18.17,0.0
Lebanon,2023,"Chillies and peppers, dry (Capsicum spp., Pimenta spp.), raw",464.68,17.8,0.0
Lesotho,2014,"Chillies and peppers, dry (Capsicum spp., Pimenta spp.), raw",2.19,0.0,0.0
Lesotho,2015,"Chillies and peppers, dry (Capsicum spp., Pimenta spp.), raw",2.26,0.0,0.0
Lesotho,2016,"Chillies and peppers, dry (Capsicum spp., Pimenta spp.), raw",5.47,0.0,0.0
Lesotho,2017,"Chillies and peppers, dry (Capsicum spp., Pimenta spp.), raw",9.31,0.0,0.0
Lesotho,2018,"Chillies and peppers, dry (Capsicum spp., Pimenta spp.), raw",11.17,0.0,0.0
Lesotho,2019,"Chillies and peppers, dry (Capsicum spp., Pimenta spp.), raw",1.32,0.0,0.0
Lesotho,2020,"Chillies and peppers, dry (Capsicum spp., Pimenta spp.), raw",14.21,0.0,0.0
Lesotho,2021,"Chillies and peppers, dry (Capsicum spp., Pimenta spp.), raw",6.07,0.0,0.0
Lesotho,2022,"Chillies and peppers, dry (Capsicum spp., Pimenta spp.), raw",7.28,0.0,0.0
Lesotho,2023,"Chillies and peppers, dry (Capsicum spp., Pimenta spp.), raw",9.14,0.0,0.0
Liberia,2014,"Chillies and peppers, dry (Capsicum spp., Pimenta spp.), raw",4.97,0.0,0.0
Liberia,2015,"Chillies and peppers, dry (Capsicum spp., Pimenta spp.), raw",3.7,0.0,0.0
Liberia,2016,"Chillies and peppers, dry (Capsicum spp., Pimenta spp.), raw",3.87,0.0,0.0
Liberia,2017,"Chillies and peppers, dry (Capsicum spp., Pimenta spp.), raw",17.26,0.0,0.0
Liberia,2018,"Chillies and peppers, dry (Capsicum spp., Pimenta spp.), raw",226.95,0.0,0.0
Liberia,2020,"Chillies and peppers, dry (Capsicum spp., Pimenta spp.), raw",19.06,0.0,0.0
Liberia,2021,"Chillies and peppers, dry (Capsicum spp., Pimenta spp.), raw",24.89,0.01,0.0
Liberia,2022,"Chillies and peppers, dry (Capsicum spp., Pimenta spp.), raw",16.9,0.0,0.0
Liberia,2023,"Chillies and peppers, dry (Capsicum spp., Pimenta spp.), raw",35.12,0.0,0.0
Libya,1993,"Chillies and peppers, dry (Capsicum spp., Pimenta spp.), raw",270.0,600.0,0.0
Libya,1994,"Chillies and peppers, dry (Capsicum spp., Pimenta spp.), raw",240.0,900.0,0.0
Libya,1996,"Chillies and peppers, dry (Capsicum spp., Pimenta spp.), raw",380.0,420.0,0.0
Libya,1997,"Chillies and peppers, dry (Capsicum spp., Pimenta spp.), raw",380.0,1000.0,0.0
Libya,1998,"Chillies and peppers, dry (Capsicum spp., Pimenta spp.), raw",151.0,320.0,0.0
Libya,1999,"Chillies and peppers, dry (Capsicum spp., Pimenta spp.), raw",180.0,360.0,0.0
Libya,2000,"Chillies and peppers, dry (Capsicum spp., Pimenta spp.), raw",62.0,1100.0,0.0
Libya,2001,"Chillies and peppers, dry (Capsicum spp., Pimenta spp.), raw",137.0,738.0,0.0
Libya,2002,"Chillies and peppers, dry (Capsicum spp., Pimenta spp.), raw",1138.0,394.0,0.0
Libya,2003,"Chillies and peppers, dry (Capsicum spp., Pimenta spp.), raw",2663.0,394.0,0.0
Libya,2004,"Chillies and peppers, dry (Capsicum spp., Pimenta spp.), raw",2278.0,394.0,0.0
Libya,2005,"Chillies and peppers, dry (Capsicum spp., Pimenta spp.), raw",1914.0,394.0,0.0
Libya,2007,"Chillies and peppers, dry (Capsicum spp., Pimenta spp.), raw",3425.0,3.0,0.0
Libya,2008,"Chillies and peppers, dry (Capsicum spp., Pimenta spp.), raw",2605.0,3.0,0.0
Libya,2009,"Chillies and peppers, dry (Capsicum spp., Pimenta spp.), raw",3282.0,3.0,0.0
Libya,2011,"Chillies and peppers, dry (Capsicum spp., Pimenta spp.), raw",3656.0,0.0,0.0
Libya,2012,"Chillies and peppers, dry (Capsicum spp., Pimenta spp.), raw",3544.0,0.0,0.0
Libya,2013,"Chillies and peppers, dry (Capsicum spp., Pimenta spp.), raw",7871.0,0.0,0.0
Libya,2015,"Chillies and peppers, dry (Capsicum spp., Pimenta spp.), raw",6126.6,0.0,0.0
Libya,2016,"Chillies and peppers, dry (Capsicum spp., Pimenta spp.), raw",4968.95,0.0,0.0
Libya,2017,"Chillies and peppers, dry (Capsicum spp., Pimenta spp.), raw",8227.34,0.0,0.0
Libya,2018,"Chillies and peppers, dry (Capsicum spp., Pimenta spp.), raw",10125.13,0.0,0.0
Libya,2020,"Chillies and peppers, dry (Capsicum spp., Pimenta spp.), raw",6364.91,0.0,0.0
Libya,2021,"Chillies and peppers, dry (Capsicum spp., Pimenta spp.), raw",10213.83,0.0,0.0
Libya,2022,"Chillies and peppers, dry (Capsicum spp., Pimenta spp.), raw",10302.61,0.0,0.0
Libya,2023,"Chillies and peppers, dry (Capsicum spp., Pimenta spp.), raw",2144.69,0.0,0.0
Lithuania,1993,"Chillies and peppers, dry (Capsicum spp., Pimenta spp.), raw",30.0,0.0,0.0
Lithuania,1994,"Chillies and peppers, dry (Capsicum spp., Pimenta spp.), raw",42.0,44.0,0.0
Lithuania,1995,"Chillies and peppers, dry (Capsicum spp., Pimenta spp.), raw",45.0,2.0,0.0
Lithuania,1996,"Chillies and peppers, dry (Capsicum spp., Pimenta spp.), raw",59.0,19.0,0.0
Lithuania,1997,"Chillies and peppers, dry (Capsicum spp., Pimenta spp.), raw",109.0,33.0,0.0
Lithuania,1998,"Chillies and peppers, dry (Capsicum spp., Pimenta spp.), raw",128.0,12.0,0.0
Lithuania,1999,"Chillies and peppers, dry (Capsicum spp., Pimenta spp.), raw",110.0,8.0,0.0
Lithuania,2000,"Chillies and peppers, dry (Capsicum spp., Pimenta spp.), raw",113.0,2.0,0.0
Lithuania,2001,"Chillies and peppers, dry (Capsicum spp., Pimenta spp.), raw",87.0,3.0,0.0
Lithuania,2002,"Chillies and peppers, dry (Capsicum spp., Pimenta spp.), raw",91.0,2.0,0.0
Lithuania,2003,"Chillies and peppers, dry (Capsicum spp., Pimenta spp.), raw",145.0,20.0,0.0
Lithuania,2004,"Chillies and peppers, dry (Capsicum spp., Pimenta spp.), raw",117.0,6.0,0.0
Lithuania,2005,"Chillies and peppers, dry (Capsicum spp., Pimenta spp.), raw",117.0,18.0,0.0
Lithuania,2006,"Chillies and peppers, dry (Capsicum spp., Pimenta spp.), raw",138.0,22.0,0.0
Lithuania,2007,"Chillies and peppers, dry (Capsicum spp., Pimenta spp.), raw",182.0,35.0,0.0
Lithuania,2009,"Chillies and peppers, dry (Capsicum spp., Pimenta spp.), raw",126.0,14.0,0.0
Lithuania,2010,"Chillies and peppers, dry (Capsicum spp., Pimenta spp.), raw",194.0,19.0,0.0
Lithuania,2011,"Chillies and peppers, dry (Capsicum spp., Pimenta spp.), raw",154.0,19.0,0.0
Lithuania,2012,"Chillies and peppers, dry (Capsicum spp., Pimenta spp.), raw",173.0,20.0,0.0
Lithuania,2013,"Chillies and peppers, dry (Capsicum spp., Pimenta spp.), raw",168.0,21.0,0.0
Lithuania,2014,"Chillies and peppers, dry (Capsicum spp., Pimenta spp.), raw",170.89,18.55,0.0
Lithuania,2015,"Chillies and peppers, dry (Capsicum spp., Pimenta spp.), raw",195.2,19.6,0.0
Lithuania,2016,"Chillies and peppers, dry (Capsicum spp., Pimenta spp.), raw",190.17,15.11,0.0
Lithuania,2017,"Chillies and peppers, dry (Capsicum spp., Pimenta spp.), raw",192.01,16.01,0.0
Lithuania,2018,"Chillies and peppers, dry (Capsicum spp., Pimenta spp.), raw",228.67,29.98,0.0
Lithuania,2019,"Chillies and peppers, dry (Capsicum spp., Pimenta spp.), raw",215.6,29.79,0.0
Lithuania,2020,"Chillies and peppers, dry (Capsicum spp., Pimenta spp.), raw",312.23,53.07,0.0
Lithuania,2021,"Chillies and peppers, dry (Capsicum spp., Pimenta spp.), raw",319.78,57.62,0.0
Lithuania,2022,"Chillies and peppers, dry (Capsicum spp., Pimenta spp.), raw",335.22,36.67,0.0
Luxembourg,2000,"Chillies and peppers, dry (Capsicum spp., Pimenta spp.), raw",13.0,0.0,0.0
Luxembourg,2001,"Chillies and peppers, dry (Capsicum spp., Pimenta spp.), raw",17.0,1.0,0.0
Luxembourg,2002,"Chillies and peppers, dry (Capsicum spp., Pimenta spp.), raw",21.0,0.0,0.0
Luxembourg,2003,"Chillies and peppers, dry (Capsicum spp., Pimenta spp.), raw",24.0,1.0,0.0
Luxembourg,2004,"Chillies and peppers, dry (Capsicum spp., Pimenta spp.), raw",18.0,1.0,0.0
Luxembourg,2005,"Chillies and peppers, dry (Capsicum spp., Pimenta spp.), raw",14.0,1.0,0.0
Luxembourg,2006,"Chillies and peppers, dry (Capsicum spp., Pimenta spp.), raw",13.0,1.0,0.0
Luxembourg,2007,"Chillies and peppers, dry (Capsicum spp., Pimenta spp.), raw",14.0,0.0,0.0
Luxembourg,2008,"Chillies and peppers, dry (Capsicum spp., Pimenta spp.), raw",22.0,1.0,0.0
Luxembourg,2009,"Chillies and peppers, dry (Capsicum spp., Pimenta spp.), raw",30.0,3.0,0.0
Luxembourg,2010,"Chillies and peppers, dry (Capsicum spp., Pimenta spp.), raw",34.0,3.0,0.0
Luxembourg,2011,"Chillies and peppers, dry (Capsicum spp., Pimenta spp.), raw",21.0,1.0,0.0
Luxembourg,2012,"Chillies and peppers, dry (Capsicum spp., Pimenta spp.), raw",22.0,1.0,0.0
Luxembourg,2013,"Chillies and peppers, dry (Capsicum spp., Pimenta spp.), raw",19.0,1.0,0.0
Luxembourg,2015,"Chillies and peppers, dry (Capsicum spp., Pimenta spp.), raw",21.16,0.94,0.0
Luxembourg,2016,"Chillies and peppers, dry (Capsicum spp., Pimenta spp.), raw",23.09,1.0,0.0
Luxembourg,2017,"Chillies and peppers, dry (Capsicum spp., Pimenta spp.), raw",24.55,0.91,0.0
Luxembourg,2018,"Chillies and peppers, dry (Capsicum spp., Pimenta spp.), raw",24.01,0.91,0.0
Luxembourg,2019,"Chillies and peppers, dry (Capsicum spp., Pimenta spp.), raw",27.36,0.96,0.0
Luxembourg,2020,"Chillies and peppers, dry (Capsicum spp., Pimenta spp.), raw",27.42,1.0,0.0
Luxembourg,2021,"Chillies and peppers, dry (Capsicum spp., Pimenta spp.), raw",30.92,1.35,0.0
Luxembourg,2022,"Chillies and peppers, dry (Capsicum spp., Pimenta spp.), raw",34.23,1.69,0.0
Luxembourg,2023,"Chillies and peppers, dry (Capsicum spp., Pimenta spp.), raw",31.02,1.86,0.0
Madagascar,1993,"Chillies and peppers, dry (Capsicum spp., Pimenta spp.), raw",0.0,20.0,3700.0
Madagascar,1994,"Chillies and peppers, dry (Capsicum spp., Pimenta spp.), raw",1.0,20.0,3500.0
Madagascar,1995,"Chillies and peppers, dry (Capsicum spp., Pimenta spp.), raw",0.0,17.0,3600.0
Madagascar,1996,"Chillies and peppers, dry (Capsicum spp., Pimenta spp.), raw",1.0,17.0,3519.78
Madagascar,1997,"Chillies and peppers, dry (Capsicum spp., Pimenta spp.), raw",1.0,18.0,3400.0
Madagascar,1998,"Chillies and peppers, dry (Capsicum spp., Pimenta spp.), raw",0.0,19.0,3430.65
Madagascar,1999,"Chillies and peppers, dry (Capsicum spp., Pimenta spp.), raw",0.0,11.0,3500.0
Madagascar,2000,"Chillies and peppers, dry (Capsicum spp., Pimenta spp.), raw",0.96,8.6,3200.0
Madagascar,2001,"Chillies and peppers, dry (Capsicum spp., Pimenta spp.), raw",0.0,27.0,3184.28
Madagascar,2002,"Chillies and peppers, dry (Capsicum spp., Pimenta spp.), raw",0.0,23.0,3220.29
Madagascar,2003,"Chillies and peppers, dry (Capsicum spp., Pimenta spp.), raw",2.0,28.0,3217.76
Madagascar,2004,"Chillies and peppers, dry (Capsicum spp., Pimenta spp.), raw",4.0,35.0,3231.62
Madagascar,2005,"Chillies and peppers, dry (Capsicum spp., Pimenta spp.), raw",2.0,21.0,3246.85
Madagascar,2006,"Chillies and peppers, dry (Capsicum spp., Pimenta spp.), raw",2.0,17.0,3300.0
Madagascar,2007,"Chillies and peppers, dry (Capsicum spp., Pimenta spp.), raw",3.0,24.0,3400.0
Madagascar,2008,"Chillies and peppers, dry (Capsicum spp., Pimenta spp.), raw",2.0,29.0,3127.36
Madagascar,2010,"Chillies and peppers, dry (Capsicum spp., Pimenta spp.), raw",5.0,40.0,2634.63
Madagascar,2011,"Chillies and peppers, dry (Capsicum spp., Pimenta spp.), raw",3.0,66.0,2382.86
Madagascar,2012,"Chillies and peppers, dry (Capsicum spp., Pimenta spp.), raw",2.0,40.0,2000.0
Madagascar,2013,"Chillies and peppers, dry (Capsicum spp., Pimenta spp.), raw",4.0,82.0,2000.0
Madagascar,2014,"Chillies and peppers, dry (Capsicum spp., Pimenta spp.), raw",1.41,66.8,1923.01
Madagascar,2015,"Chillies and peppers, dry (Capsicum spp., Pimenta spp.), raw",4.32,182.45,1932.17
Madagascar,2016,"Chillies and peppers, dry (Capsicum spp., Pimenta spp.), raw",1.79,263.06,1878.89
Madagascar,2017,"Chillies and peppers, dry (Capsicum spp., Pimenta spp.), raw",0.82,65.78,1911.36
Madagascar,2018,"Chillies and peppers, dry (Capsicum spp., Pimenta spp.), raw",2.94,217.05,1909.66
Madagascar,2019,"Chillies and peppers, dry (Capsicum spp., Pimenta spp.), raw",7.28,275.53,1900.28
Madagascar,2020,"Chillies and peppers, dry (Capsicum spp., Pimenta spp.), raw",3.33,207.09,1833.56
Madagascar,2021,"Chillies and peppers, dry (Capsicum spp., Pimenta spp.), raw",5.38,82.23,1809.8
Madagascar,2022,"Chillies and peppers, dry (Capsicum spp., Pimenta spp.), raw",4.67,140.47,1847.88
Madagascar,2023,"Chillies and peppers, dry (Capsicum spp., Pimenta spp.), raw",6.13,102.94,1830.42
Malawi,1993,"Chillies and peppers, dry (Capsicum spp., Pimenta spp.), raw",2.0,0.0,500.0
Malawi,1994,"Chillies and peppers, dry (Capsicum spp., Pimenta spp.), raw",1.0,38.0,600.0
Malawi,1995,"Chillies and peppers, dry (Capsicum spp., Pimenta spp.), raw",0.0,483.0,1000.0
Malawi,1996,"Chillies and peppers, dry (Capsicum spp., Pimenta spp.), raw",0.0,1500.0,1600.0
Malawi,1997,"Chillies and peppers, dry (Capsicum spp., Pimenta spp.), raw",0.0,865.0,1800.0
Malawi,1998,"Chillies and peppers, dry (Capsicum spp., Pimenta spp.), raw",0.0,275.0,1823.0
Malawi,1999,"Chillies and peppers, dry (Capsicum spp., Pimenta spp.), raw",0.0,770.0,1900.0
Malawi,2000,"Chillies and peppers, dry (Capsicum spp., Pimenta spp.), raw",1.0,1100.0,1800.0
Malawi,2001,"Chillies and peppers, dry (Capsicum spp., Pimenta spp.), raw",26.0,650.0,2154.75
Malawi,2002,"Chillies and peppers, dry (Capsicum spp., Pimenta spp.), raw",4.0,717.0,2387.39
Malawi,2003,"Chillies and peppers, dry (Capsicum spp., Pimenta spp.), raw",0.0,407.0,2765.66
Malawi,2004,"Chillies and peppers, dry (Capsicum spp., Pimenta spp.), raw",24.0,593.0,3232.82
Malawi,2005,"Chillies and peppers, dry (Capsicum spp., Pimenta spp.), raw",4.0,741.0,3291.13
Malawi,2007,"Chillies and peppers, dry (Capsicum spp., Pimenta spp.), raw",8.0,494.0,2917.0
Malawi,2008,"Chillies and peppers, dry (Capsicum spp., Pimenta spp.), raw",4.0,223.0,3722.0
Malawi,2009,"Chillies and peppers, dry (Capsicum spp., Pimenta spp.), raw",7.0,210.0,2388.0
Malawi,2010,"Chillies and peppers, dry (Capsicum spp., Pimenta spp.), raw",2.0,22.0,2002.0
Malawi,2011,"Chillies and peppers, dry (Capsicum spp., Pimenta spp.), raw",2.0,179.0,1397.0
Malawi,2013,"Chillies and peppers, dry (Capsicum spp., Pimenta spp.), raw",0.0,1.0,1610.0
Malawi,2016,"Chillies and peppers, dry (Capsicum spp., Pimenta spp.), raw",1.33,7.2,1300.0
Malawi,2017,"Chillies and peppers, dry (Capsicum spp., Pimenta spp.), raw",1.24,46.18,1500.0
Malawi,2018,"Chillies and peppers, dry (Capsicum spp., Pimenta spp.), raw",5.99,83.91,1228.0
Malawi,2019,"Chillies and peppers, dry (Capsicum spp., Pimenta spp.), raw",3.36,37.0,1342.67
Malawi,2020,"Chillies and peppers, dry (Capsicum spp., Pimenta spp.), raw",7.88,109.58,1356.89
Malawi,2021,"Chillies and peppers, dry (Capsicum spp., Pimenta spp.), raw",4.39,232.03,1309.19
Malawi,2022,"Chillies and peppers, dry (Capsicum spp., Pimenta spp.), raw",0.69,443.15,1336.25
Malawi,2023,"Chillies and peppers, dry (Capsicum spp., Pimenta spp.), raw",1.6,66.2,1334.11
Malaysia,1994,"Chillies and peppers, dry (Capsicum spp., Pimenta spp.), raw",21937.0,8849.0,1780.73
Malaysia,1995,"Chillies and peppers, dry (Capsicum spp., Pimenta spp.), raw",14480.0,7798.0,1800.0
Malaysia,1996,"Chillies and peppers, dry (Capsicum spp., Pimenta spp.), raw",20842.0,10005.0,1823.18
Malaysia,1997,"Chillies and peppers, dry (Capsicum spp., Pimenta spp.), raw",19000.0,10005.0,1844.78
Malaysia,1998,"Chillies and peppers, dry (Capsicum spp., Pimenta spp.), raw",26710.0,8433.0,1866.62
Malaysia,1999,"Chillies and peppers, dry (Capsicum spp., Pimenta spp.), raw",46210.0,10237.0,1888.72
Malaysia,2000,"Chillies and peppers, dry (Capsicum spp., Pimenta spp.), raw",47547.0,11293.0,1911.07
Malaysia,2001,"Chillies and peppers, dry (Capsicum spp., Pimenta spp.), raw",55824.0,16122.0,1933.68
Malaysia,2002,"Chillies and peppers, dry (Capsicum spp., Pimenta spp.), raw",64611.0,23709.0,1956.54
Malaysia,2003,"Chillies and peppers, dry (Capsicum spp., Pimenta spp.), raw",61925.0,17562.0,1979.66
Malaysia,2004,"Chillies and peppers, dry (Capsicum spp., Pimenta spp.), raw",111611.0,34515.0,2003.03
Malaysia,2005,"Chillies and peppers, dry (Capsicum spp., Pimenta spp.), raw",86919.0,28016.0,2026.67
Malaysia,2006,"Chillies and peppers, dry (Capsicum spp., Pimenta spp.), raw",89568.0,30095.0,2050.56
Malaysia,2007,"Chillies and peppers, dry (Capsicum spp., Pimenta spp.), raw",111737.0,36270.0,2074.72
Malaysia,2008,"Chillies and peppers, dry (Capsicum spp., Pimenta spp.), raw",53853.0,19565.0,2099.14
Malaysia,2009,"Chillies and peppers, dry (Capsicum spp., Pimenta spp.), raw",63057.0,24328.0,2123.83
Malaysia,2010,"Chillies and peppers, dry (Capsicum spp., Pimenta spp.), raw",75221.0,29939.0,2148.79
Malaysia,2011,"Chillies and peppers, dry (Capsicum spp., Pimenta spp.), raw",54296.0,8817.0,2174.01
Malaysia,2012,"Chillies and peppers, dry (Capsicum spp., Pimenta spp.), raw",56315.0,8372.0,2200.0
Malaysia,2013,"Chillies and peppers, dry (Capsicum spp., Pimenta spp.), raw",48501.0,3914.0,2225.28
Malaysia,2014,"Chillies and peppers, dry (Capsicum spp., Pimenta spp.), raw",42592.27,2587.12,2251.51
Malaysia,2015,"Chillies and peppers, dry (Capsicum spp., Pimenta spp.), raw",43562.46,2138.87,2278.98
Malaysia,2016,"Chillies and peppers, dry (Capsicum spp., Pimenta spp.), raw",44951.15,2390.66,2305.98
Malaysia,2017,"Chillies and peppers, dry (Capsicum spp., Pimenta spp.), raw",43695.53,1888.07,2333.04
Malaysia,2018,"Chillies and peppers, dry (Capsicum spp., Pimenta spp.), raw",42413.92,1814.43,2360.33
Malaysia,2019,"Chillies and peppers, dry (Capsicum spp., Pimenta spp.), raw",44574.19,1567.87,2387.91
Malaysia,2020,"Chillies and peppers, dry (Capsicum spp., Pimenta spp.), raw",49347.76,2434.03,2416.7
Malaysia,2021,"Chillies and peppers, dry (Capsicum spp., Pimenta spp.), raw",49636.56,2103.68,2432.05
Malaysia,2022,"Chillies and peppers, dry (Capsicum spp., Pimenta spp.), raw",51458.04,2528.06,2412.22
Malaysia,2023,"Chillies and peppers, dry (Capsicum spp., Pimenta spp.), raw",52159.75,2544.76,2420.32
Maldives,1994,"Chillies and peppers, dry (Capsicum spp., Pimenta spp.), raw",143.0,0.0,6.0
Maldives,1995,"Chillies and peppers, dry (Capsicum spp., Pimenta spp.), raw",156.0,0.0,6.0
Maldives,1996,"Chillies and peppers, dry (Capsicum spp., Pimenta spp.), raw",170.0,0.0,5.82
Maldives,1997,"Chillies and peppers, dry (Capsicum spp., Pimenta spp.), raw",168.0,0.0,5.84
Maldives,1998,"Chillies and peppers, dry (Capsicum spp., Pimenta spp.), raw",213.0,0.0,5.86
Maldives,1999,"Chillies and peppers, dry (Capsicum spp., Pimenta spp.), raw",195.0,0.0,6.0
Maldives,2000,"Chillies and peppers, dry (Capsicum spp., Pimenta spp.), raw",186.0,0.0,6.0
Maldives,2001,"Chillies and peppers, dry (Capsicum spp., Pimenta spp.), raw",206.0,0.0,6.0
Maldives,2002,"Chillies and peppers, dry (Capsicum spp., Pimenta spp.), raw",190.0,0.0,6.0
Maldives,2003,"Chillies and peppers, dry (Capsicum spp., Pimenta spp.), raw",221.0,0.0,6.0
Maldives,2004,"Chillies and peppers, dry (Capsicum spp., Pimenta spp.), raw",205.0,0.0,6.0
Maldives,2005,"Chillies and peppers, dry (Capsicum spp., Pimenta spp.), raw",208.0,0.0,5.0
Maldives,2006,"Chillies and peppers, dry (Capsicum spp., Pimenta spp.), raw",236.0,0.0,5.0
Maldives,2007,"Chillies and peppers, dry (Capsicum spp., Pimenta spp.), raw",336.0,0.0,5.0
Maldives,2008,"Chillies and peppers, dry (Capsicum spp., Pimenta spp.), raw",285.0,0.0,5.0
Maldives,2009,"Chillies and peppers, dry (Capsicum spp., Pimenta spp.), raw",418.0,0.0,5.0
Maldives,2010,"Chillies and peppers, dry (Capsicum spp., Pimenta spp.), raw",322.0,0.0,6.64
Maldives,2012,"Chillies and peppers, dry (Capsicum spp., Pimenta spp.), raw",321.0,0.0,10.0
Maldives,2013,"Chillies and peppers, dry (Capsicum spp., Pimenta spp.), raw",380.0,0.0,9.57
Maldives,2014,"Chillies and peppers, dry (Capsicum spp., Pimenta spp.), raw",383.95,0.0,10.0
Maldives,2015,"Chillies and peppers, dry (Capsicum spp., Pimenta spp.), raw",457.47,0.0,10.25
Maldives,2016,"Chillies and peppers, dry (Capsicum spp., Pimenta spp.), raw",618.43,0.0,9.94
Maldives,2017,"Chillies and peppers, dry (Capsicum spp., Pimenta spp.), raw",470.67,0.0,9.82
Maldives,2018,"Chillies and peppers, dry (Capsicum spp., Pimenta spp.), raw",722.77,0.0,9.74
Maldives,2019,"Chillies and peppers, dry (Capsicum spp., Pimenta spp.), raw",1307.76,0.0,9.67
Maldives,2020,"Chillies and peppers, dry (Capsicum spp., Pimenta spp.), raw",627.44,0.02,10.0
Maldives,2021,"Chillies and peppers, dry (Capsicum spp., Pimenta spp.), raw",553.3,0.04,10.09
Maldives,2022,"Chillies and peppers, dry (Capsicum spp., Pimenta spp.), raw",1301.33,0.03,10.17
Maldives,2023,"Chillies and peppers, dry (Capsicum spp., Pimenta spp.), raw",549.11,0.0,10.25
Mali,1993,"Chillies and peppers, dry (Capsicum spp., Pimenta spp.), raw",20.0,0.0,1200.0
Mali,1994,"Chillies and peppers, dry (Capsicum spp., Pimenta spp.), raw",0.0,0.0,1328.0
Mali,1995,"Chillies and peppers, dry (Capsicum spp., Pimenta spp.), raw",0.0,0.0,2000.0
Mali,1996,"Chillies and peppers, dry (Capsicum spp., Pimenta spp.), raw",647.0,0.0,3000.0
Mali,1997,"Chillies and peppers, dry (Capsicum spp., Pimenta spp.), raw",249.0,0.0,3500.0
Mali,1998,"Chillies and peppers, dry (Capsicum spp., Pimenta spp.), raw",349.43,0.0,3000.0
Mali,2000,"Chillies and peppers, dry (Capsicum spp., Pimenta spp.), raw",11.88,0.0,2755.66
Mali,2001,"Chillies and peppers, dry (Capsicum spp., Pimenta spp.), raw",531.0,0.0,3000.0
Mali,2002,"Chillies and peppers, dry (Capsicum spp., Pimenta spp.), raw",258.0,0.0,3008.09
Mali,2003,"Chillies and peppers, dry (Capsicum spp., Pimenta spp.), raw",104.0,0.0,3031.58
Mali,2004,"Chillies and peppers, dry (Capsicum spp., Pimenta spp.), raw",64.0,0.0,3069.73
Mali,2005,"Chillies and peppers, dry (Capsicum spp., Pimenta spp.), raw",80.0,244.0,2997.04
Mali,2006,"Chillies and peppers, dry (Capsicum spp., Pimenta spp.), raw",333.0,305.0,3110.96
Mali,2007,"Chillies and peppers, dry (Capsicum spp., Pimenta spp.), raw",572.0,385.0,3100.0
Mali,2008,"Chillies and peppers, dry (Capsicum spp., Pimenta spp.), raw",788.0,258.0,3600.0
Mali,2009,"Chillies and peppers, dry (Capsicum spp., Pimenta spp.), raw",788.0,258.0,3700.0
Mali,2010,"Chillies and peppers, dry (Capsicum spp., Pimenta spp.), raw",788.0,82.0,3767.11
Mali,2011,"Chillies and peppers, dry (Capsicum spp., Pimenta spp.), raw",788.0,154.0,4000.0
Mali,2012,"Chillies and peppers, dry (Capsicum spp., Pimenta spp.), raw",124.0,189.0,4000.0
Mali,2013,"Chillies and peppers, dry (Capsicum spp., Pimenta spp.), raw",222.0,468.0,3980.57
Mali,2014,"Chillies and peppers, dry (Capsicum spp., Pimenta spp.), raw",263.86,645.3,3987.62
Mali,2015,"Chillies and peppers, dry (Capsicum spp., Pimenta spp.), raw",228.79,1070.58,4085.69
Mali,2016,"Chillies and peppers, dry (Capsicum spp., Pimenta spp.), raw",174.45,162.0,4204.62
Mali,2017,"Chillies and peppers, dry (Capsicum spp., Pimenta spp.), raw",372.82,472.11,4283.64
Mali,2018,"Chillies and peppers, dry (Capsicum spp., Pimenta spp.), raw",824.44,743.42,4395.36
Mali,2019,"Chillies and peppers, dry (Capsicum spp., Pimenta spp.), raw",1280.89,1325.48,4507.07
Mali,2020,"Chillies and peppers, dry (Capsicum spp., Pimenta spp.), raw",70.67,422.67,4395.35
Mali,2021,"Chillies and peppers, dry (Capsicum spp., Pimenta spp.), raw",22.03,803.88,4432.59
Mali,2022,"Chillies and peppers, dry (Capsicum spp., Pimenta spp.), raw",19.46,951.97,4445.01
Mali,2023,"Chillies and peppers, dry (Capsicum spp., Pimenta spp.), raw",153.14,572.98,4424.32
Malta,1993,"Chillies and peppers, dry (Capsicum spp., Pimenta spp.), raw",2.0,0.0,0.0
Malta,1994,"Chillies and peppers, dry (Capsicum spp., Pimenta spp.), raw",2.0,0.0,0.0
Malta,1995,"Chillies and peppers, dry (Capsicum spp., Pimenta spp.), raw",5.0,0.0,0.0
Malta,1996,"Chillies and peppers, dry (Capsicum spp., Pimenta spp.), raw",6.0,0.0,0.0
Malta,1997,"Chillies and peppers, dry (Capsicum spp., Pimenta spp.), raw",4.0,0.0,0.0
Malta,1998,"Chillies and peppers, dry (Capsicum spp., Pimenta spp.), raw",5.0,0.0,0.0
Malta,1999,"Chillies and peppers, dry (Capsicum spp., Pimenta spp.), raw",3.0,0.0,0.0
Malta,2000,"Chillies and peppers, dry (Capsicum spp., Pimenta spp.), raw",7.0,0.0,0.0
Malta,2001,"Chillies and peppers, dry (Capsicum spp., Pimenta spp.), raw",7.0,0.0,0.0
Malta,2002,"Chillies and peppers, dry (Capsicum spp., Pimenta spp.), raw",8.0,0.0,0.0
Malta,2003,"Chillies and peppers, dry (Capsicum spp., Pimenta spp.), raw",8.0,0.0,0.0
Malta,2004,"Chillies and peppers, dry (Capsicum spp., Pimenta spp.), raw",10.0,0.0,0.0
Malta,2005,"Chillies and peppers, dry (Capsicum spp., Pimenta spp.), raw",7.0,0.0,0.0
Malta,2006,"Chillies and peppers, dry (Capsicum spp., Pimenta spp.), raw",17.0,0.0,0.0
Malta,2007,"Chillies and peppers, dry (Capsicum spp., Pimenta spp.), raw",12.0,0.0,0.0
Malta,2008,"Chillies and peppers, dry (Capsicum spp., Pimenta spp.), raw",15.0,0.0,0.0
Malta,2009,"Chillies and peppers, dry (Capsicum spp., Pimenta spp.), raw",20.0,0.0,0.0
Malta,2010,"Chillies and peppers, dry (Capsicum spp., Pimenta spp.), raw",24.0,0.0,0.0
Malta,2011,"Chillies and peppers, dry (Capsicum spp., Pimenta spp.), raw",24.0,0.0,0.0
Malta,2012,"Chillies and peppers, dry (Capsicum spp., Pimenta spp.), raw",26.0,0.0,0.0
Malta,2013,"Chillies and peppers, dry (Capsicum spp., Pimenta spp.), raw",16.0,0.0,0.0
Malta,2014,"Chillies and peppers, dry (Capsicum spp., Pimenta spp.), raw",17.26,0.0,0.0
Malta,2015,"Chillies and peppers, dry (Capsicum spp., Pimenta spp.), raw",16.43,0.0,0.0
Malta,2016,"Chillies and peppers, dry (Capsicum spp., Pimenta spp.), raw",15.07,0.0,0.0
Malta,2017,"Chillies and peppers, dry (Capsicum spp., Pimenta spp.), raw",22.6,0.0,0.0
Malta,2018,"Chillies and peppers, dry (Capsicum spp., Pimenta spp.), raw",28.36,0.0,0.0
Malta,2019,"Chillies and peppers, dry (Capsicum spp., Pimenta spp.), raw",51.68,0.0,0.0
Malta,2020,"Chillies and peppers, dry (Capsicum spp., Pimenta spp.), raw",26.57,0.0,0.0
Malta,2021,"Chillies and peppers, dry (Capsicum spp., Pimenta spp.), raw",21.16,0.0,0.0
Malta,2023,"Chillies and peppers, dry (Capsicum spp., Pimenta spp.), raw",44.66,0.0,0.0
Mauritania,1993,"Chillies and peppers, dry (Capsicum spp., Pimenta spp.), raw",0.0,0.0,0.0
Mauritania,1995,"Chillies and peppers, dry (Capsicum spp., Pimenta spp.), raw",0.0,0.0,0.0
Mauritania,1996,"Chillies and peppers, dry (Capsicum spp., Pimenta spp.), raw",0.0,0.0,0.0
Mauritania,1997,"Chillies and peppers, dry (Capsicum spp., Pimenta spp.), raw",0.0,0.0,0.0
Mauritania,1998,"Chillies and peppers, dry (Capsicum spp., Pimenta spp.), raw",0.0,0.0,0.0
Mauritania,1999,"Chillies and peppers, dry (Capsicum spp., Pimenta spp.), raw",0.0,0.0,0.0
Mauritania,2000,"Chillies and peppers, dry (Capsicum spp., Pimenta spp.), raw",0.0,0.0,0.0
Mauritania,2001,"Chillies and peppers, dry (Capsicum spp., Pimenta spp.), raw",0.0,0.0,0.0
Mauritania,2003,"Chillies and peppers, dry (Capsicum spp., Pimenta spp.), raw",0.0,0.0,0.0
Mauritania,2004,"Chillies and peppers, dry (Capsicum spp., Pimenta spp.), raw",2.0,0.0,0.0
Mauritania,2005,"Chillies and peppers, dry (Capsicum spp., Pimenta spp.), raw",0.0,0.0,0.0
Mauritania,2006,"Chillies and peppers, dry (Capsicum spp., Pimenta spp.), raw",0.0,0.0,0.0
Mauritania,2007,"Chillies and peppers, dry (Capsicum spp., Pimenta spp.), raw",0.0,0.0,0.0
Mauritania,2008,"Chillies and peppers, dry (Capsicum spp., Pimenta spp.), raw",0.0,0.0,0.0
Mauritania,2009,"Chillies and peppers, dry (Capsicum spp., Pimenta spp.), raw",0.0,0.0,0.0
Mauritania,2010,"Chillies and peppers, dry (Capsicum spp., Pimenta spp.), raw",0.0,0.0,0.0
Mauritania,2011,"Chillies and peppers, dry (Capsicum spp., Pimenta spp.), raw",0.0,0.0,0.0
Mauritania,2012,"Chillies and peppers, dry (Capsicum spp., Pimenta spp.), raw",0.0,0.0,0.0
Mauritania,2013,"Chillies and peppers, dry (Capsicum spp., Pimenta spp.), raw",0.0,0.0,0.0
Mauritania,2015,"Chillies and peppers, dry (Capsicum spp., Pimenta spp.), raw",25.02,0.0,0.0
Mauritania,2018,"Chillies and peppers, dry (Capsicum spp., Pimenta spp.), raw",50.0,0.0,0.0
Mauritania,2019,"Chillies and peppers, dry (Capsicum spp., Pimenta spp.), raw",119.0,0.0,0.0
Mauritania,2020,"Chillies and peppers, dry (Capsicum spp., Pimenta spp.), raw",155.1,0.0,0.0
Mauritania,2021,"Chillies and peppers, dry (Capsicum spp., Pimenta spp.), raw",119.82,0.0,0.0
Mauritania,2022,"Chillies and peppers, dry (Capsicum spp., Pimenta spp.), raw",121.51,0.0,0.0
Mauritius,1994,"Chillies and peppers, dry (Capsicum spp., Pimenta spp.), raw",265.0,0.0,0.0
Mauritius,1995,"Chillies and peppers, dry (Capsicum spp., Pimenta spp.), raw",317.0,0.0,0.0
Mauritius,1996,"Chillies and peppers, dry (Capsicum spp., Pimenta spp.), raw",239.0,0.0,0.0
Mauritius,1997,"Chillies and peppers, dry (Capsicum spp., Pimenta spp.), raw",310.0,0.0,0.0
Mauritius,1998,"Chillies and peppers, dry (Capsicum spp., Pimenta spp.), raw",213.0,3.0,0.0
Mauritius,1999,"Chillies and peppers, dry (Capsicum spp., Pimenta spp.), raw",274.0,1.0,0.0
Mauritius,2001,"Chillies and peppers, dry (Capsicum spp., Pimenta spp.), raw",240.0,2.0,0.0
Mauritius,2002,"Chillies and peppers, dry (Capsicum spp., Pimenta spp.), raw",294.0,0.0,0.0
Mauritius,2003,"Chillies and peppers, dry (Capsicum spp., Pimenta spp.), raw",316.0,1.0,0.0
Mauritius,2004,"Chillies and peppers, dry (Capsicum spp., Pimenta spp.), raw",333.0,0.0,0.0
Mauritius,2005,"Chillies and peppers, dry (Capsicum spp., Pimenta spp.), raw",329.0,0.0,0.0
Mauritius,2006,"Chillies and peppers, dry (Capsicum spp., Pimenta spp.), raw",237.0,5.0,0.0
Mauritius,2007,"Chillies and peppers, dry (Capsicum spp., Pimenta spp.), raw",398.0,8.0,0.0
Mauritius,2008,"Chillies and peppers, dry (Capsicum spp., Pimenta spp.), raw",287.0,4.0,0.0
Mauritius,2010,"Chillies and peppers, dry (Capsicum spp., Pimenta spp.), raw",336.0,0.0,0.0
Mauritius,2011,"Chillies and peppers, dry (Capsicum spp., Pimenta spp.), raw",296.0,15.0,0.0
Mauritius,2012,"Chillies and peppers, dry (Capsicum spp., Pimenta spp.), raw",323.0,0.0,0.0
Mauritius,2013,"Chillies and peppers, dry (Capsicum spp., Pimenta spp.), raw",331.0,0.0,0.0
Mauritius,2014,"Chillies and peppers, dry (Capsicum spp., Pimenta spp.), raw",275.6,54.68,0.0
Mauritius,2015,"Chillies and peppers, dry (Capsicum spp., Pimenta spp.), raw",235.03,50.76,0.0
Mauritius,2016,"Chillies and peppers, dry (Capsicum spp., Pimenta spp.), raw",366.73,21.54,0.0
Mauritius,2017,"Chillies and peppers, dry (Capsicum spp., Pimenta spp.), raw",280.27,14.78,0.0
Mauritius,2018,"Chillies and peppers, dry (Capsicum spp., Pimenta spp.), raw",386.76,16.62,0.0
Mauritius,2019,"Chillies and peppers, dry (Capsicum spp., Pimenta spp.), raw",324.48,29.95,0.0
Mauritius,2020,"Chillies and peppers, dry (Capsicum spp., Pimenta spp.), raw",372.83,0.61,0.0
Mauritius,2021,"Chillies and peppers, dry (Capsicum spp., Pimenta spp.), raw",302.58,0.14,0.0
Mauritius,2022,"Chillies and peppers, dry (Capsicum spp., Pimenta spp.), raw",342.71,0.5,0.0
Mexico,1993,"Chillies and peppers, dry (Capsicum spp., Pimenta spp.), raw",3670.0,1606.0,68848.0
Mexico,1994,"Chillies and peppers, dry (Capsicum spp., Pimenta spp.), raw",6219.0,1486.0,44154.0
Mexico,1995,"Chillies and peppers, dry (Capsicum spp., Pimenta spp.), raw",1238.0,2426.0,53797.0
Mexico,1996,"Chillies and peppers, dry (Capsicum spp., Pimenta spp.), raw",2098.0,5599.0,44825.0
Mexico,1998,"Chillies and peppers, dry (Capsicum spp., Pimenta spp.), raw",10943.0,13472.0,55000.0
Mexico,1999,"Chillies and peppers, dry (Capsicum spp., Pimenta spp.), raw",5050.0,15788.0,56273.93
Mexico,2000,"Chillies and peppers, dry (Capsicum spp., Pimenta spp.), raw",10573.16,14819.19,56539.65
Mexico,2001,"Chillies and peppers, dry (Capsicum spp., Pimenta spp.), raw",16167.0,14689.0,56896.6
Mexico,2002,"Chillies and peppers, dry (Capsicum spp., Pimenta spp.), raw",19051.0,12418.0,57305.94
Mexico,2003,"Chillies and peppers, dry (Capsicum spp., Pimenta spp.), raw",20063.0,14237.0,56500.0
Mexico,2004,"Chillies and peppers, dry (Capsicum spp., Pimenta spp.), raw",28182.0,9949.0,57000.0
Mexico,2005,"Chillies and peppers, dry (Capsicum spp., Pimenta spp.), raw",40525.0,11166.0,58000.0
Mexico,2006,"Chillies and peppers, dry (Capsicum spp., Pimenta spp.), raw",20170.0,13407.0,58200.0
Mexico,2007,"Chillies and peppers, dry (Capsicum spp., Pimenta spp.), raw",24344.0,9451.0,60000.0
Mexico,2008,"Chillies and peppers, dry (Capsicum spp., Pimenta spp.), raw",46448.0,7573.0,59236.57
Mexico,2009,"Chillies and peppers, dry (Capsicum spp., Pimenta spp.), raw",39995.0,9313.0,59509.05
Mexico,2010,"Chillies and peppers, dry (Capsicum spp., Pimenta spp.), raw",27590.0,9303.0,59786.08
Mexico,2011,"Chillies and peppers, dry (Capsicum spp., Pimenta spp.), raw",24693.0,11007.0,60059.83
Mexico,2012,"Chillies and peppers, dry (Capsicum spp., Pimenta spp.), raw",28831.0,17306.0,60000.0
Mexico,2013,"Chillies and peppers, dry (Capsicum spp., Pimenta spp.), raw",20757.0,22143.0,60000.0
Mexico,2014,"Chillies and peppers, dry (Capsicum spp., Pimenta spp.), raw",22491.75,21731.64,60140.22
Mexico,2015,"Chillies and peppers, dry (Capsicum spp., Pimenta spp.), raw",34204.29,23532.32,60382.34
Mexico,2016,"Chillies and peppers, dry (Capsicum spp., Pimenta spp.), raw",38520.54,29912.65,60383.57
Mexico,2017,"Chillies and peppers, dry (Capsicum spp., Pimenta spp.), raw",31561.97,27255.28,60372.43
Mexico,2018,"Chillies and peppers, dry (Capsicum spp., Pimenta spp.), raw",38257.65,30399.54,60611.36
Mexico,2019,"Chillies and peppers, dry (Capsicum spp., Pimenta spp.), raw",37063.3,37292.2,60737.88
Mexico,2020,"Chillies and peppers, dry (Capsicum spp., Pimenta spp.), raw",26758.1,35053.02,61003.57
Mexico,2021,"Chillies and peppers, dry (Capsicum spp., Pimenta spp.), raw",37708.55,42052.08,60809.47
Mexico,2022,"Chillies and peppers, dry (Capsicum spp., Pimenta spp.), raw",44035.1,44021.99,60949.97
Mexico,2023,"Chillies and peppers, dry (Capsicum spp., Pimenta spp.), raw",54337.34,47228.72,61090.47
Mongolia,1998,"Chillies and peppers, dry (Capsicum spp., Pimenta spp.), raw",2.0,0.0,0.0
Mongolia,1999,"Chillies and peppers, dry (Capsicum spp., Pimenta spp.), raw",1.0,0.0,0.0
Mongolia,2001,"Chillies and peppers, dry (Capsicum spp., Pimenta spp.), raw",2.0,0.0,0.0
Mongolia,2002,"Chillies and peppers, dry (Capsicum spp., Pimenta spp.), raw",0.0,0.0,0.0
Mongolia,2003,"Chillies and peppers, dry (Capsicum spp., Pimenta spp.), raw",1.0,0.0,0.0
Mongolia,2004,"Chillies and peppers, dry (Capsicum spp., Pimenta spp.), raw",4.0,0.0,0.0
Mongolia,2005,"Chillies and peppers, dry (Capsicum spp., Pimenta spp.), raw",6.0,0.0,0.0
Mongolia,2006,"Chillies and peppers, dry (Capsicum spp., Pimenta spp.), raw",2.0,0.0,0.0
Mongolia,2007,"Chillies and peppers, dry (Capsicum spp., Pimenta spp.), raw",14.0,0.0,0.0
Mongolia,2008,"Chillies and peppers, dry (Capsicum spp., Pimenta spp.), raw",7.0,0.0,0.0
Mongolia,2009,"Chillies and peppers, dry (Capsicum spp., Pimenta spp.), raw",10.0,0.0,0.0
Mongolia,2010,"Chillies and peppers, dry (Capsicum spp., Pimenta spp.), raw",9.0,0.0,0.0
Mongolia,2011,"Chillies and peppers, dry (Capsicum spp., Pimenta spp.), raw",8.0,0.0,0.0
Mongolia,2012,"Chillies and peppers, dry (Capsicum spp., Pimenta spp.), raw",5.0,0.0,0.0
Mongolia,2013,"Chillies and peppers, dry (Capsicum spp., Pimenta spp.), raw",10.0,0.0,0.0
Mongolia,2014,"Chillies and peppers, dry (Capsicum spp., Pimenta spp.), raw",12.46,0.0,0.0
Mongolia,2015,"Chillies and peppers, dry (Capsicum spp., Pimenta spp.), raw",6.96,0.0,0.0
Mongolia,2017,"Chillies and peppers, dry (Capsicum spp., Pimenta spp.), raw",9.05,0.0,0.0
Mongolia,2018,"Chillies and peppers, dry (Capsicum spp., Pimenta spp.), raw",28.28,0.0,0.0
Mongolia,2019,"Chillies and peppers, dry (Capsicum spp., Pimenta spp.), raw",61.69,0.0,0.0
Mongolia,2020,"Chillies and peppers, dry (Capsicum spp., Pimenta spp.), raw",36.99,0.0,0.0
Mongolia,2021,"Chillies and peppers, dry (Capsicum spp., Pimenta spp.), raw",153.75,0.0,0.0
Mongolia,2022,"Chillies and peppers, dry (Capsicum spp., Pimenta spp.), raw",155.14,0.0,0.0
Montenegro,2006,"Chillies and peppers, dry (Capsicum spp., Pimenta spp.), raw",50.0,0.0,0.0
Montenegro,2007,"Chillies and peppers, dry (Capsicum spp., Pimenta spp.), raw",80.0,0.0,0.0
Montenegro,2008,"Chillies and peppers, dry (Capsicum spp., Pimenta spp.), raw",76.0,0.0,0.0
Montenegro,2009,"Chillies and peppers, dry (Capsicum spp., Pimenta spp.), raw",92.0,0.0,0.0
Montenegro,2010,"Chillies and peppers, dry (Capsicum spp., Pimenta spp.), raw",104.0,0.0,0.0
Montenegro,2011,"Chillies and peppers, dry (Capsicum spp., Pimenta spp.), raw",85.0,0.0,0.0
Montenegro,2012,"Chillies and peppers, dry (Capsicum spp., Pimenta spp.), raw",107.0,0.0,0.0
Montenegro,2013,"Chillies and peppers, dry (Capsicum spp., Pimenta spp.), raw",99.0,0.0,0.0
Montenegro,2014,"Chillies and peppers, dry (Capsicum spp., Pimenta spp.), raw",94.67,0.0,0.0
Montenegro,2015,"Chillies and peppers, dry (Capsicum spp., Pimenta spp.), raw",104.84,0.0,0.0
Montenegro,2016,"Chillies and peppers, dry (Capsicum spp., Pimenta spp.), raw",110.29,0.0,0.0
Montenegro,2017,"Chillies and peppers, dry (Capsicum spp., Pimenta spp.), raw",118.44,0.0,0.0
Montenegro,2018,"Chillies and peppers, dry (Capsicum spp., Pimenta spp.), raw",117.08,0.0,0.0
Montenegro,2019,"Chillies and peppers, dry (Capsicum spp., Pimenta spp.), raw",122.15,0.0,0.0
Montenegro,2021,"Chillies and peppers, dry (Capsicum spp., Pimenta spp.), raw",127.55,2.83,0.0
Montenegro,2022,"Chillies and peppers, dry (Capsicum spp., Pimenta spp.), raw",115.64,0.0,0.0
Montenegro,2023,"Chillies and peppers, dry (Capsicum spp., Pimenta spp.), raw",128.32,0.67,0.0
Morocco,1993,"Chillies and peppers, dry (Capsicum spp., Pimenta spp.), raw",110.0,3503.0,8234.27
Morocco,1995,"Chillies and peppers, dry (Capsicum spp., Pimenta spp.), raw",182.0,9440.0,12000.0
Morocco,1996,"Chillies and peppers, dry (Capsicum spp., Pimenta spp.), raw",101.0,7319.0,11540.22
Morocco,1997,"Chillies and peppers, dry (Capsicum spp., Pimenta spp.), raw",137.0,7212.0,11906.63
Morocco,1998,"Chillies and peppers, dry (Capsicum spp., Pimenta spp.), raw",58.0,4710.0,12186.71
Morocco,2000,"Chillies and peppers, dry (Capsicum spp., Pimenta spp.), raw",70.0,1669.0,13000.0
Morocco,2001,"Chillies and peppers, dry (Capsicum spp., Pimenta spp.), raw",39.0,1505.0,13000.0
Morocco,2002,"Chillies and peppers, dry (Capsicum spp., Pimenta spp.), raw",12.0,1782.0,13000.0
Morocco,2003,"Chillies and peppers, dry (Capsicum spp., Pimenta spp.), raw",89.0,1151.0,14000.0
Morocco,2004,"Chillies and peppers, dry (Capsicum spp., Pimenta spp.), raw",134.0,603.0,14921.05
Morocco,2005,"Chillies and peppers, dry (Capsicum spp., Pimenta spp.), raw",140.0,557.0,15001.41
Morocco,2006,"Chillies and peppers, dry (Capsicum spp., Pimenta spp.), raw",121.0,711.0,13600.0
Morocco,2007,"Chillies and peppers, dry (Capsicum spp., Pimenta spp.), raw",138.0,337.0,14000.0
Morocco,2008,"Chillies and peppers, dry (Capsicum spp., Pimenta spp.), raw",58.0,241.0,16743.93
Morocco,2010,"Chillies and peppers, dry (Capsicum spp., Pimenta spp.), raw",298.0,1653.0,20392.56
Morocco,2011,"Chillies and peppers, dry (Capsicum spp., Pimenta spp.), raw",93.0,196.0,22397.08
Morocco,2012,"Chillies and peppers, dry (Capsicum spp., Pimenta spp.), raw",259.0,3200.0,30000.0
Morocco,2014,"Chillies and peppers, dry (Capsicum spp., Pimenta spp.), raw",108.6,4365.41,25787.67
Morocco,2015,"Chillies and peppers, dry (Capsicum spp., Pimenta spp.), raw",158.45,1147.91,26915.63
Morocco,2016,"Chillies and peppers, dry (Capsicum spp., Pimenta spp.), raw",233.98,956.41,27502.18
Morocco,2017,"Chillies and peppers, dry (Capsicum spp., Pimenta spp.), raw",551.66,1412.99,26735.16
Morocco,2018,"Chillies and peppers, dry (Capsicum spp., Pimenta spp.), raw",186.35,1801.08,27003.47
Morocco,2019,"Chillies and peppers, dry (Capsicum spp., Pimenta spp.), raw",266.32,1549.88,27681.91
Morocco,2020,"Chillies and peppers, dry (Capsicum spp., Pimenta spp.), raw",537.05,2427.63,27140.18
Morocco,2021,"Chillies and peppers, dry (Capsicum spp., Pimenta spp.), raw",365.09,2630.14,27275.19
Morocco,2022,"Chillies and peppers, dry (Capsicum spp., Pimenta spp.), raw",874.33,1348.09,27365.76
Morocco,2023,"Chillies and peppers, dry (Capsicum spp., Pimenta spp.), raw",296.65,2319.5,27260.38
Mozambique,2014,"Chillies and peppers, dry (Capsicum spp., Pimenta spp.), raw",41.58,358.31,0.0
Mozambique,2015,"Chillies and peppers, dry (Capsicum spp., Pimenta spp.), raw",90.79,32.07,0.0
Mozambique,2016,"Chillies and peppers, dry (Capsicum spp., Pimenta spp.), raw",79.9,287.87,0.0
Mozambique,2017,"Chillies and peppers, dry (Capsicum spp., Pimenta spp.), raw",124.52,13.3,0.0
Mozambique,2018,"Chillies and peppers, dry (Capsicum spp., Pimenta spp.), raw",144.42,27.41,0.0
Mozambique,2019,"Chillies and peppers, dry (Capsicum spp., Pimenta spp.), raw",433.14,4.51,0.0
Mozambique,2021,"Chillies and peppers, dry (Capsicum spp., Pimenta spp.), raw",557.15,30.52,0.0
Mozambique,2022,"Chillies and peppers, dry (Capsicum spp., Pimenta spp.), raw",17.25,43.62,0.0
Mozambique,2023,"Chillies and peppers, dry (Capsicum spp., Pimenta spp.), raw",28.88,31.88,0.0
Myanmar,2014,"Chillies and peppers, dry (Capsicum spp., Pimenta spp.), raw",47.79,6497.5,121400.0
Myanmar,2015,"Chillies and peppers, dry (Capsicum spp., Pimenta spp.), raw",31.31,6019.02,126800.0
Myanmar,2016,"Chillies and peppers, dry (Capsicum spp., Pimenta spp.), raw",106.67,5562.24,129361.0
Myanmar,2017,"Chillies and peppers, dry (Capsicum spp., Pimenta spp.), raw",2753.81,6871.54,130592.0
Myanmar,2018,"Chillies and peppers, dry (Capsicum spp., Pimenta spp.), raw",2692.34,8422.99,128071.63
Myanmar,2019,"Chillies and peppers, dry (Capsicum spp., Pimenta spp.), raw",6918.78,7229.68,137110.0
Myanmar,2020,"Chillies and peppers, dry (Capsicum spp., Pimenta spp.), raw",4765.2,16866.51,130293.0
Myanmar,2022,"Chillies and peppers, dry (Capsicum spp., Pimenta spp.), raw",2.35,13229.53,147928.0
Myanmar,2023,"Chillies and peppers, dry (Capsicum spp., Pimenta spp.), raw",2.0,10022.53,151787.05
Namibia,1997,"Chillies and peppers, dry (Capsicum spp., Pimenta spp.), raw",55.0,0.0,0.0
Namibia,1998,"Chillies and peppers, dry (Capsicum spp., Pimenta spp.), raw",70.0,0.0,0.0
Namibia,1999,"Chillies and peppers, dry (Capsicum spp., Pimenta spp.), raw",22.0,0.0,0.0
Namibia,2000,"Chillies and peppers, dry (Capsicum spp., Pimenta spp.), raw",17.0,14.0,0.0
Namibia,2001,"Chillies and peppers, dry (Capsicum spp., Pimenta spp.), raw",12.0,9.0,0.0
Namibia,2002,"Chillies and peppers, dry (Capsicum spp., Pimenta spp.), raw",4.0,0.0,0.0
Namibia,2004,"Chillies and peppers, dry (Capsicum spp., Pimenta spp.), raw",10.0,0.0,0.0
Namibia,2005,"Chillies and peppers, dry (Capsicum spp., Pimenta spp.), raw",12.0,0.0,0.0
Namibia,2006,"Chillies and peppers, dry (Capsicum spp., Pimenta spp.), raw",0.0,9.0,0.0
Namibia,2007,"Chillies and peppers, dry (Capsicum spp., Pimenta spp.), raw",8.0,16.0,0.0
Namibia,2008,"Chillies and peppers, dry (Capsicum spp., Pimenta spp.), raw",8.0,6.0,0.0
Namibia,2009,"Chillies and peppers, dry (Capsicum spp., Pimenta spp.), raw",8.0,6.0,0.0
Namibia,2010,"Chillies and peppers, dry (Capsicum spp., Pimenta spp.), raw",0.0,11.0,0.0
Namibia,2011,"Chillies and peppers, dry (Capsicum spp., Pimenta spp.), raw",0.0,6.0,0.0
Namibia,2012,"Chillies and peppers, dry (Capsicum spp., Pimenta spp.), raw",2.0,0.0,0.0
Namibia,2013,"Chillies and peppers, dry (Capsicum spp., Pimenta spp.), raw",1.0,0.0,0.0
Namibia,2014,"Chillies and peppers, dry (Capsicum spp., Pimenta spp.), raw",3.41,0.01,0.0
Namibia,2016,"Chillies and peppers, dry (Capsicum spp., Pimenta spp.), raw",7.05,0.07,0.0
Namibia,2017,"Chillies and peppers, dry (Capsicum spp., Pimenta spp.), raw",11.28,0.08,0.0
Namibia,2018,"Chillies and peppers, dry (Capsicum spp., Pimenta spp.), raw",18.34,0.0,0.0
Namibia,2019,"Chillies and peppers, dry (Capsicum spp., Pimenta spp.), raw",49.68,0.0,0.0
Namibia,2020,"Chillies and peppers, dry (Capsicum spp., Pimenta spp.), raw",22.49,0.04,0.0
Namibia,2021,"Chillies and peppers, dry (Capsicum spp., Pimenta spp.), raw",125.67,96.0,0.0
Namibia,2022,"Chillies and peppers, dry (Capsicum spp., Pimenta spp.), raw",31.6,3.0,0.0
Namibia,2023,"Chillies and peppers, dry (Capsicum spp., Pimenta spp.), raw",161.21,171.06,0.0
Nauru,2014,"Chillies and peppers, dry (Capsicum spp., Pimenta spp.), raw",0.11,0.0,0.0
Nauru,2015,"Chillies and peppers, dry (Capsicum spp., Pimenta spp.), raw",1.27,0.0,0.0
Nauru,2016,"Chillies and peppers, dry (Capsicum spp., Pimenta spp.), raw",0.43,0.0,0.0
Nauru,2020,"Chillies and peppers, dry (Capsicum spp., Pimenta spp.), raw",0.04,0.0,0.0
Nauru,2021,"Chillies and peppers, dry (Capsicum spp., Pimenta spp.), raw",0.08,0.0,0.0
Nauru,2022,"Chillies and peppers, dry (Capsicum spp., Pimenta spp.), raw",0.19,0.0,0.0
Nauru,2023,"Chillies and peppers, dry (Capsicum spp., Pimenta spp.), raw",0.05,0.0,0.0
Nepal,1993,"Chillies and peppers, dry (Capsicum spp., Pimenta spp.), raw",360.0,0.0,12500.0
Nepal,1994,"Chillies and peppers, dry (Capsicum spp., Pimenta spp.), raw",500.0,0.0,12608.29
Nepal,1995,"Chillies and peppers, dry (Capsicum spp., Pimenta spp.), raw",0.0,0.0,12623.7
Nepal,1996,"Chillies and peppers, dry (Capsicum spp., Pimenta spp.), raw",0.0,0.0,12739.15
Nepal,1997,"Chillies and peppers, dry (Capsicum spp., Pimenta spp.), raw",0.0,0.0,12742.78
Nepal,1998,"Chillies and peppers, dry (Capsicum spp., Pimenta spp.), raw",0.0,0.0,13000.0
Nepal,1999,"Chillies and peppers, dry (Capsicum spp., Pimenta spp.), raw",186.0,0.0,13300.0
Nepal,2000,"Chillies and peppers, dry (Capsicum spp., Pimenta spp.), raw",600.0,0.0,13477.04
Nepal,2001,"Chillies and peppers, dry (Capsicum spp., Pimenta spp.), raw",448.0,0.0,13700.0
Nepal,2002,"Chillies and peppers, dry (Capsicum spp., Pimenta spp.), raw",2177.0,0.0,13836.8
Nepal,2004,"Chillies and peppers, dry (Capsicum spp., Pimenta spp.), raw",3804.0,0.0,14100.0
Nepal,2005,"Chillies and peppers, dry (Capsicum spp., Pimenta spp.), raw",3385.0,0.0,14250.0
Nepal,2006,"Chillies and peppers, dry (Capsicum spp., Pimenta spp.), raw",4117.0,0.0,13784.0
Nepal,2007,"Chillies and peppers, dry (Capsicum spp., Pimenta spp.), raw",4528.0,37.0,15569.0
Nepal,2009,"Chillies and peppers, dry (Capsicum spp., Pimenta spp.), raw",5271.0,9.0,16000.0
Nepal,2010,"Chillies and peppers, dry (Capsicum spp., Pimenta spp.), raw",5643.0,0.0,17066.02
Nepal,2011,"Chillies and peppers, dry (Capsicum spp., Pimenta spp.), raw",5296.0,2.0,18486.54
Nepal,2012,"Chillies and peppers, dry (Capsicum spp., Pimenta spp.), raw",6154.0,2.0,20000.0
Nepal,2013,"Chillies and peppers, dry (Capsicum spp., Pimenta spp.), raw",5442.0,0.0,27429.0
Nepal,2014,"Chillies and peppers, dry (Capsicum spp., Pimenta spp.), raw",5752.75,1.02,27948.0
Nepal,2015,"Chillies and peppers, dry (Capsicum spp., Pimenta spp.), raw",4717.22,1.28,35667.72
Nepal,2016,"Chillies and peppers, dry (Capsicum spp., Pimenta spp.), raw",6484.43,3.68,41045.87
Nepal,2017,"Chillies and peppers, dry (Capsicum spp., Pimenta spp.), raw",7883.16,4.02,49718.38
Nepal,2018,"Chillies and peppers, dry (Capsicum spp., Pimenta spp.), raw",7839.59,1.0,52500.0
Nepal,2019,"Chillies and peppers, dry (Capsicum spp., Pimenta spp.), raw",7922.17,2.81,67167.0
Nepal,2020,"Chillies and peppers, dry (Capsicum spp., Pimenta spp.), raw",11421.52,2.3,68025.0
Nepal,2021,"Chillies and peppers, dry (Capsicum spp., Pimenta spp.), raw",11751.72,0.0,87731.0
Nepal,2022,"Chillies and peppers, dry (Capsicum spp., Pimenta spp.), raw",9251.12,0.0,83898.0
Nepal,2023,"Chillies and peppers, dry (Capsicum spp., Pimenta spp.), raw",9345.1,1.51,86992.04
Netherlands (Kingdom of the),1993,"Chillies and peppers, dry (Capsicum spp., Pimenta spp.), raw",5061.0,1461.0,0.0
Netherlands (Kingdom of the),1995,"Chillies and peppers, dry (Capsicum spp., Pimenta spp.), raw",5721.0,2050.0,0.0
Netherlands (Kingdom of the),1996,"Chillies and peppers, dry (Capsicum spp., Pimenta spp.), raw",4749.0,2115.0,0.0
Netherlands (Kingdom of the),1997,"Chillies and peppers, dry (Capsicum spp., Pimenta spp.), raw",5995.0,2262.0,0.0
Netherlands (Kingdom of the),1998,"Chillies and peppers, dry (Capsicum spp., Pimenta spp.), raw",5925.0,1856.0,0.0
Netherlands (Kingdom of the),1999,"Chillies and peppers, dry (Capsicum spp., Pimenta spp.), raw",6300.0,2750.0,0.0
Netherlands (Kingdom of the),2000,"Chillies and peppers, dry (Capsicum spp., Pimenta spp.), raw",7009.0,2765.0,0.0
Netherlands (Kingdom of the),2001,"Chillies and peppers, dry (Capsicum spp., Pimenta spp.), raw",4701.0,1872.0,0.0
Netherlands (Kingdom of the),2002,"Chillies and peppers, dry (Capsicum spp., Pimenta spp.), raw",6347.0,2760.0,0.0
Netherlands (Kingdom of the),2003,"Chillies and peppers, dry (Capsicum spp., Pimenta spp.), raw",7120.0,2831.0,0.0
Netherlands (Kingdom of the),2004,"Chillies and peppers, dry (Capsicum spp., Pimenta spp.), raw",9640.0,3544.0,0.0
Netherlands (Kingdom of the),2005,"Chillies and peppers, dry (Capsicum spp., Pimenta spp.), raw",8600.0,4717.0,0.0
Netherlands (Kingdom of the),2006,"Chillies and peppers, dry (Capsicum spp., Pimenta spp.), raw",6702.0,3924.0,0.0
Netherlands (Kingdom of the),2007,"Chillies and peppers, dry (Capsicum spp., Pimenta spp.), raw",8643.0,5035.0,0.0
Netherlands (Kingdom of the),2008,"Chillies and peppers, dry (Capsicum spp., Pimenta spp.), raw",8257.0,4316.0,0.0
Netherlands (Kingdom of the),2009,"Chillies and peppers, dry (Capsicum spp., Pimenta spp.), raw",12545.0,5169.0,0.0
Netherlands (Kingdom of the),2010,"Chillies and peppers, dry (Capsicum spp., Pimenta spp.), raw",9918.0,4500.0,0.0
Netherlands (Kingdom of the),2011,"Chillies and peppers, dry (Capsicum spp., Pimenta spp.), raw",9819.0,3954.0,0.0
Netherlands (Kingdom of the),2012,"Chillies and peppers, dry (Capsicum spp., Pimenta spp.), raw",7576.0,3132.0,0.0
Netherlands (Kingdom of the),2013,"Chillies and peppers, dry (Capsicum spp., Pimenta spp.), raw",8261.0,3654.0,0.0
Netherlands (Kingdom of the),2014,"Chillies and peppers, dry (Capsicum spp., Pimenta spp.), raw",9096.07,4565.2,0.0
Netherlands (Kingdom of the),2015,"Chillies and peppers, dry (Capsicum spp., Pimenta spp.), raw",9196.59,3673.45,0.0
Netherlands (Kingdom of the),2016,"Chillies and peppers, dry (Capsicum spp., Pimenta spp.), raw",9896.84,4153.66,0.0
Netherlands (Kingdom of the),2017,"Chillies and peppers, dry (Capsicum spp., Pimenta spp.), raw",10379.28,6692.59,0.0
Netherlands (Kingdom of the),2018,"Chillies and peppers, dry (Capsicum spp., Pimenta spp.), raw",10813.09,7874.64,0.0
Netherlands (Kingdom of the),2019,"Chillies and peppers, dry (Capsicum spp., Pimenta spp.), raw",11929.56,6943.27,0.0
Netherlands (Kingdom of the),2020,"Chillies and peppers, dry (Capsicum spp., Pimenta spp.), raw",15062.4,7384.17,0.0
Netherlands (Kingdom of the),2021,"Chillies and peppers, dry (Capsicum spp., Pimenta spp.), raw",15704.78,8691.73,0.0
Netherlands (Kingdom of the),2022,"Chillies and peppers, dry (Capsicum spp., Pimenta spp.), raw",15281.49,8273.89,0.0
New Caledonia,1997,"Chillies and peppers, dry (Capsicum spp., Pimenta spp.), raw",0.0,0.0,0.0
New Caledonia,1998,"Chillies and peppers, dry (Capsicum spp., Pimenta spp.), raw",0.0,0.0,0.0
New Caledonia,1999,"Chillies and peppers, dry (Capsicum spp., Pimenta spp.), raw",0.0,0.0,0.0
New Caledonia,2000,"Chillies and peppers, dry (Capsicum spp., Pimenta spp.), raw",0.0,0.0,0.0
New Caledonia,2001,"Chillies and peppers, dry (Capsicum spp., Pimenta spp.), raw",3.0,0.0,0.0
New Caledonia,2002,"Chillies and peppers, dry (Capsicum spp., Pimenta spp.), raw",4.0,0.0,0.0
New Caledonia,2003,"Chillies and peppers, dry (Capsicum spp., Pimenta spp.), raw",1.0,0.0,0.0
New Caledonia,2004,"Chillies and peppers, dry (Capsicum spp., Pimenta spp.), raw",1.0,0.0,0.0
New Caledonia,2005,"Chillies and peppers, dry (Capsicum spp., Pimenta spp.), raw",3.0,0.0,0.0
New Caledonia,2006,"Chillies and peppers, dry (Capsicum spp., Pimenta spp.), raw",5.0,0.0,0.0
New Caledonia,2007,"Chillies and peppers, dry (Capsicum spp., Pimenta spp.), raw",4.0,0.0,0.0
New Caledonia,2008,"Chillies and peppers, dry (Capsicum spp., Pimenta spp.), raw",1.0,0.0,0.0
New Caledonia,2009,"Chillies and peppers, dry (Capsicum spp., Pimenta spp.), raw",2.0,0.0,0.0
New Caledonia,2010,"Chillies and peppers, dry (Capsicum spp., Pimenta spp.), raw",4.0,0.0,0.0
New Caledonia,2011,"Chillies and peppers, dry (Capsicum spp., Pimenta spp.), raw",6.0,0.0,0.0
New Caledonia,2013,"Chillies and peppers, dry (Capsicum spp., Pimenta spp.), raw",3.0,0.0,0.0
New Caledonia,2014,"Chillies and peppers, dry (Capsicum spp., Pimenta spp.), raw",2.74,0.01,0.0
New Caledonia,2016,"Chillies and peppers, dry (Capsicum spp., Pimenta spp.), raw",3.44,0.0,0.0
New Caledonia,2017,"Chillies and peppers, dry (Capsicum spp., Pimenta spp.), raw",8.89,0.0,0.0
New Caledonia,2018,"Chillies and peppers, dry (Capsicum spp., Pimenta spp.), raw",2.26,0.0,0.0
New Caledonia,2020,"Chillies and peppers, dry (Capsicum spp., Pimenta spp.), raw",2.77,0.0,0.0
New Caledonia,2021,"Chillies and peppers, dry (Capsicum spp., Pimenta spp.), raw",11.26,0.0,0.0
New Caledonia,2022,"Chillies and peppers, dry (Capsicum spp., Pimenta spp.), raw",2.3,0.0,0.0
New Caledonia,2023,"Chillies and peppers, dry (Capsicum spp., Pimenta spp.), raw",2.26,0.0,0.0
New Zealand,1994,"Chillies and peppers, dry (Capsicum spp., Pimenta spp.), raw",178.0,1.0,0.0
New Zealand,1995,"Chillies and peppers, dry (Capsicum spp., Pimenta spp.), raw",126.0,1.0,0.0
New Zealand,1996,"Chillies and peppers, dry (Capsicum spp., Pimenta spp.), raw",121.0,1.0,0.0
New Zealand,1997,"Chillies and peppers, dry (Capsicum spp., Pimenta spp.), raw",147.0,7.0,0.0
New Zealand,1999,"Chillies and peppers, dry (Capsicum spp., Pimenta spp.), raw",198.0,2.0,0.0
New Zealand,2000,"Chillies and peppers, dry (Capsicum spp., Pimenta spp.), raw",289.48,10.75,0.0
New Zealand,2001,"Chillies and peppers, dry (Capsicum spp., Pimenta spp.), raw",309.0,2.0,0.0
New Zealand,2002,"Chillies and peppers, dry (Capsicum spp., Pimenta spp.), raw",361.0,3.0,0.0
New Zealand,2003,"Chillies and peppers, dry (Capsicum spp., Pimenta spp.), raw",304.0,2.0,0.0
New Zealand,2004,"Chillies and peppers, dry (Capsicum spp., Pimenta spp.), raw",207.0,1.0,0.0
New Zealand,2005,"Chillies and peppers, dry (Capsicum spp., Pimenta spp.), raw",256.0,5.0,0.0
New Zealand,2006,"Chillies and peppers, dry (Capsicum spp., Pimenta spp.), raw",238.0,1.0,0.0
New Zealand,2007,"Chillies and peppers, dry (Capsicum spp., Pimenta spp.), raw",265.0,11.0,0.0
New Zealand,2008,"Chillies and peppers, dry (Capsicum spp., Pimenta spp.), raw",261.0,8.0,0.0
New Zealand,2009,"Chillies and peppers, dry (Capsicum spp., Pimenta spp.), raw",287.0,6.0,0.0
New Zealand,2010,"Chillies and peppers, dry (Capsicum spp., Pimenta spp.), raw",423.0,4.0,0.0
New Zealand,2011,"Chillies and peppers, dry (Capsicum spp., Pimenta spp.), raw",258.0,1.0,0.0
New Zealand,2012,"Chillies and peppers, dry (Capsicum spp., Pimenta spp.), raw",359.0,5.0,0.0
New Zealand,2013,"Chillies and peppers, dry (Capsicum spp., Pimenta spp.), raw",378.0,2.0,0.0
New Zealand,2014,"Chillies and peppers, dry (Capsicum spp., Pimenta spp.), raw",504.39,4.76,0.0
New Zealand,2015,"Chillies and peppers, dry (Capsicum spp., Pimenta spp.), raw",576.58,2.28,0.0
New Zealand,2016,"Chillies and peppers, dry (Capsicum spp., Pimenta spp.), raw",670.29,2.25,0.0
New Zealand,2017,"Chillies and peppers, dry (Capsicum spp., Pimenta spp.), raw",556.7,0.91,0.0
New Zealand,2018,"Chillies and peppers, dry (Capsicum spp., Pimenta spp.), raw",605.75,0.66,0.0
New Zealand,2019,"Chillies and peppers, dry (Capsicum spp., Pimenta spp.), raw",658.88,3.67,0.0
New Zealand,2020,"Chillies and peppers, dry (Capsicum spp., Pimenta spp.), raw",708.21,1.06,0.0
New Zealand,2022,"Chillies and peppers, dry (Capsicum spp., Pimenta spp.), raw",819.58,6.12,0.0
New Zealand,2023,"Chillies and peppers, dry (Capsicum spp., Pimenta spp.), raw",657.03,6.83,0.0
Nicaragua,1993,"Chillies and peppers, dry (Capsicum spp., Pimenta spp.), raw",4.0,0.0,0.0
Nicaragua,1994,"Chillies and peppers, dry (Capsicum spp., Pimenta spp.), raw",4.0,40.0,0.0
Nicaragua,1995,"Chillies and peppers, dry (Capsicum spp., Pimenta spp.), raw",3.0,0.0,0.0
Nicaragua,1996,"Chillies and peppers, dry (Capsicum spp., Pimenta spp.), raw",3.0,0.0,0.0
Nicaragua,1998,"Chillies and peppers, dry (Capsicum spp., Pimenta spp.), raw",4.0,0.0,0.0
Nicaragua,1999,"Chillies and peppers, dry (Capsicum spp., Pimenta spp.), raw",4.0,2.0,0.0
Nicaragua,2000,"Chillies and peppers, dry (Capsicum spp., Pimenta spp.), raw",5.72,0.0,0.0
Nicaragua,2002,"Chillies and peppers, dry (Capsicum spp., Pimenta spp.), raw",5.0,0.0,0.0
Nicaragua,2003,"Chillies and peppers, dry (Capsicum spp., Pimenta spp.), raw",4.0,1.0,0.0
Nicaragua,2004,"Chillies and peppers, dry (Capsicum spp., Pimenta spp.), raw",3.0,22.0,0.0
Nicaragua,2005,"Chillies and peppers, dry (Capsicum spp., Pimenta spp.), raw",2.0,0.0,0.0
Nicaragua,2006,"Chillies and peppers, dry (Capsicum spp., Pimenta spp.), raw",1.0,0.0,0.0
Nicaragua,2007,"Chillies and peppers, dry (Capsicum spp., Pimenta spp.), raw",6.0,55.0,0.0
Nicaragua,2008,"Chillies and peppers, dry (Capsicum spp., Pimenta spp.), raw",3.0,48.0,0.0
Nicaragua,2009,"Chillies and peppers, dry (Capsicum spp., Pimenta spp.), raw",5.0,0.0,0.0
Nicaragua,2010,"Chillies and peppers, dry (Capsicum spp., Pimenta spp.), raw",3.0,3.0,0.0
Nicaragua,2011,"Chillies and peppers, dry (Capsicum spp., Pimenta spp.), raw",4.0,0.0,0.0
Nicaragua,2012,"Chillies and peppers, dry (Capsicum spp., Pimenta spp.), raw",2.0,0.0,0.0
Nicaragua,2013,"Chillies and peppers, dry (Capsicum spp., Pimenta spp.), raw",6.0,0.0,0.0
Nicaragua,2014,"Chillies and peppers, dry (Capsicum spp., Pimenta spp.), raw",13.1,0.0,0.0
Nicaragua,2015,"Chillies and peppers, dry (Capsicum spp., Pimenta spp.), raw",13.44,0.0,0.0
Nicaragua,2016,"Chillies and peppers, dry (Capsicum spp., Pimenta spp.), raw",21.1,0.0,0.0
Nicaragua,2017,"Chillies and peppers, dry (Capsicum spp., Pimenta spp.), raw",23.55,0.88,0.0
Nicaragua,2018,"Chillies and peppers, dry (Capsicum spp., Pimenta spp.), raw",11.59,2.41,0.0
Nicaragua,2019,"Chillies and peppers, dry (Capsicum spp., Pimenta spp.), raw",20.8,1.72,0.0
Nicaragua,2020,"Chillies and peppers, dry (Capsicum spp., Pimenta spp.), raw",16.31,0.0,0.0
Nicaragua,2021,"Chillies and peppers, dry (Capsicum spp., Pimenta spp.), raw",27.05,0.0,0.0
Nicaragua,2022,"Chillies and peppers, dry (Capsicum spp., Pimenta spp.), raw",26.94,0.0,0.0
Nicaragua,2023,"Chillies and peppers, dry (Capsicum spp., Pimenta spp.), raw",26.32,0.0,0.0
Niger,1993,"Chillies and peppers, dry (Capsicum spp., Pimenta spp.), raw",0.0,0.0,360.0
Niger,1994,"Chillies and peppers, dry (Capsicum spp., Pimenta spp.), raw",52.0,0.0,370.0
Niger,1995,"Chillies and peppers, dry (Capsicum spp., Pimenta spp.), raw",517.0,0.0,741.18
Niger,1996,"Chillies and peppers, dry (Capsicum spp., Pimenta spp.), raw",376.0,3.0,400.0
Niger,1997,"Chillies and peppers, dry (Capsicum spp., Pimenta spp.), raw",115.0,9.0,983.41
Niger,1998,"Chillies and peppers, dry (Capsicum spp., Pimenta spp.), raw",226.0,6.0,1118.61
Niger,1999,"Chillies and peppers, dry (Capsicum spp., Pimenta spp.), raw",301.0,9.0,1260.1
Niger,2001,"Chillies and peppers, dry (Capsicum spp., Pimenta spp.), raw",349.0,208.0,1595.07
Niger,2002,"Chillies and peppers, dry (Capsicum spp., Pimenta spp.), raw",245.0,102.0,1621.69
Niger,2003,"Chillies and peppers, dry (Capsicum spp., Pimenta spp.), raw",233.0,46.0,1835.01
Niger,2004,"Chillies and peppers, dry (Capsicum spp., Pimenta spp.), raw",334.0,14.0,2067.75
Niger,2005,"Chillies and peppers, dry (Capsicum spp., Pimenta spp.), raw",280.0,73.0,800.0
Niger,2006,"Chillies and peppers, dry (Capsicum spp., Pimenta spp.), raw",378.0,41.0,1100.0
Niger,2007,"Chillies and peppers, dry (Capsicum spp., Pimenta spp.), raw",653.0,14.0,1350.0
Niger,2008,"Chillies and peppers, dry (Capsicum spp., Pimenta spp.), raw",511.0,5.0,1500.0
Niger,2009,"Chillies and peppers, dry (Capsicum spp., Pimenta spp.), raw",511.0,1.0,17751.0
Niger,2011,"Chillies and peppers, dry (Capsicum spp., Pimenta spp.), raw",414.0,7.0,22113.0
Niger,2012,"Chillies and peppers, dry (Capsicum spp., Pimenta spp.), raw",290.0,6.0,10356.0
Niger,2013,"Chillies and peppers, dry (Capsicum spp., Pimenta spp.), raw",348.0,2.0,10356.0
Niger,2014,"Chillies and peppers, dry (Capsicum spp., Pimenta spp.), raw",274.22,0.79,15791.0
Niger,2015,"Chillies and peppers, dry (Capsicum spp., Pimenta spp.), raw",105.5,3.88,10308.0
Niger,2016,"Chillies and peppers, dry (Capsicum spp., Pimenta spp.), raw",192.5,0.0,10782.61
Niger,2018,"Chillies and peppers, dry (Capsicum spp., Pimenta spp.), raw",260.0,665.5,19181.6
Niger,2019,"Chillies and peppers, dry (Capsicum spp., Pimenta spp.), raw",300.46,420.58,24040.04
Niger,2020,"Chillies and peppers, dry (Capsicum spp., Pimenta spp.), raw",491.4,171.6,32859.05
Niger,2021,"Chillies and peppers, dry (Capsicum spp., Pimenta spp.), raw",644.71,9.6,31824.47
Niger,2023,"Chillies and peppers, dry (Capsicum spp., Pimenta spp.), raw",654.8,30.0,33077.94
Nigeria,1993,"Chillies and peppers, dry (Capsicum spp., Pimenta spp.), raw",0.0,12.0,46000.0
Nigeria,1995,"Chillies and peppers, dry (Capsicum spp., Pimenta spp.), raw",0.0,17.0,47000.0
Nigeria,1996,"Chillies and peppers, dry (Capsicum spp., Pimenta spp.), raw",0.0,17.0,47500.0
Nigeria,1997,"Chillies and peppers, dry (Capsicum spp., Pimenta spp.), raw",0.0,17.0,47466.58
Nigeria,1998,"Chillies and peppers, dry (Capsicum spp., Pimenta spp.), raw",0.0,17.0,47584.21
Nigeria,1999,"Chillies and peppers, dry (Capsicum spp., Pimenta spp.), raw",0.0,17.0,47685.54
Nigeria,2000,"Chillies and peppers, dry (Capsicum spp., Pimenta spp.), raw",0.2,0.0,47512.12
Nigeria,2002,"Chillies and peppers, dry (Capsicum spp., Pimenta spp.), raw",11.0,68.0,47231.2
Nigeria,2003,"Chillies and peppers, dry (Capsicum spp., Pimenta spp.), raw",60.0,315.0,47412.95
Nigeria,2004,"Chillies and peppers, dry (Capsicum spp., Pimenta spp.), raw",19.0,43.0,47620.69
Nigeria,2005,"Chillies and peppers, dry (Capsicum spp., Pimenta spp.), raw",95.0,294.0,48000.0
Nigeria,2006,"Chillies and peppers, dry (Capsicum spp., Pimenta spp.), raw",175.0,456.0,49000.0
Nigeria,2007,"Chillies and peppers, dry (Capsicum spp., Pimenta spp.), raw",142.0,756.0,49500.0
Nigeria,2008,"Chillies and peppers, dry (Capsicum spp., Pimenta spp.), raw",13.0,620.0,50000.0
Nigeria,2009,"Chillies and peppers, dry (Capsicum spp., Pimenta spp.), raw",58.0,620.0,54000.0
Nigeria,2010,"Chillies and peppers, dry (Capsicum spp., Pimenta spp.), raw",52.0,54.0,57000.0
Nigeria,2011,"Chillies and peppers, dry (Capsicum spp., Pimenta spp.), raw",209.0,463.0,59000.0
Nigeria,2012,"Chillies and peppers, dry (Capsicum spp., Pimenta spp.), raw",94.0,343.0,62000.0
Nigeria,2013,"Chillies and peppers, dry (Capsicum spp., Pimenta spp.), raw",94.0,343.0,60000.0
Nigeria,2014,"Chillies and peppers, dry (Capsicum spp., Pimenta spp.), raw",265.13,296.57,60459.15
Nigeria,2015,"Chillies and peppers, dry (Capsicum spp., Pimenta spp.), raw",1091.91,142.27,64811.06
Nigeria,2016,"Chillies and peppers, dry (Capsicum spp., Pimenta spp.), raw",1227.45,336.7,61756.74
Nigeria,2017,"Chillies and peppers, dry (Capsicum spp., Pimenta spp.), raw",1646.04,338.4,62609.76
Nigeria,2018,"Chillies and peppers, dry (Capsicum spp., Pimenta spp.), raw",1760.42,173.88,62885.82
Nigeria,2019,"Chillies and peppers, dry (Capsicum spp., Pimenta spp.), raw",1189.53,182.3,63123.15
Nigeria,2020,"Chillies and peppers, dry (Capsicum spp., Pimenta spp.), raw",1885.65,486.53,64538.42
Nigeria,2021,"Chillies and peppers, dry (Capsicum spp., Pimenta spp.), raw",2165.18,621.26,65071.39
Nigeria,2022,"Chillies and peppers, dry (Capsicum spp., Pimenta spp.), raw",1414.03,525.62,64244.32
Nigeria,2023,"Chillies and peppers, dry (Capsicum spp., Pimenta spp.), raw",1232.11,454.89,64618.04
Niue,2014,"Chillies and peppers, dry (Capsicum spp., Pimenta spp.), raw",0.2,0.0,0.0
Niue,2020,"Chillies and peppers, dry (Capsicum spp., Pimenta spp.), raw",0.0,0.0,0.0
Niue,2022,"Chillies and peppers, dry (Capsicum spp., Pimenta spp.), raw",0.0,0.0,0.0
Niue,2023,"Chillies and peppers, dry (Capsicum spp., Pimenta spp.), raw",0.22,0.0,0.0
North Macedonia,1994,"Chillies and peppers, dry (Capsicum spp., Pimenta spp.), raw",98.0,377.0,2117.0
North Macedonia,1995,"Chillies and peppers, dry (Capsicum spp., Pimenta spp.), raw",81.0,153.0,1812.0
North Macedonia,1996,"Chillies and peppers, dry (Capsicum spp., Pimenta spp.), raw",6.0,52.0,2078.0
North Macedonia,1997,"Chillies and peppers, dry (Capsicum spp., Pimenta spp.), raw",1.0,244.0,1939.0
North Macedonia,1998,"Chillies and peppers, dry (Capsicum spp., Pimenta spp.), raw",75.0,250.0,4698.0
North Macedonia,1999,"Chillies and peppers, dry (Capsicum spp., Pimenta spp.), raw",74.0,172.0,3142.0
North Macedonia,2000,"Chillies and peppers, dry (Capsicum spp., Pimenta spp.), raw",21.0,320.0,3932.0
North Macedonia,2001,"Chillies and peppers, dry (Capsicum spp., Pimenta spp.), raw",140.0,101.0,3950.0
North Macedonia,2002,"Chillies and peppers, dry (Capsicum spp., Pimenta spp.), raw",135.0,25.0,3700.0
North Macedonia,2003,"Chillies and peppers, dry (Capsicum spp., Pimenta spp.), raw",78.0,76.0,3800.0
North Macedonia,2004,"Chillies and peppers, dry (Capsicum spp., Pimenta spp.), raw",89.0,17.0,3500.0
North Macedonia,2005,"Chillies and peppers, dry (Capsicum spp., Pimenta spp.), raw",93.0,70.0,3400.0
North Macedonia,2006,"Chillies and peppers, dry (Capsicum spp., Pimenta spp.), raw",72.0,23.0,3500.0
North Macedonia,2007,"Chillies and peppers, dry (Capsicum spp., Pimenta spp.), raw",195.0,111.0,3553.53
North Macedonia,2008,"Chillies and peppers, dry (Capsicum spp., Pimenta spp.), raw",150.0,72.0,3569.77
North Macedonia,2009,"Chillies and peppers, dry (Capsicum spp., Pimenta spp.), raw",282.0,28.0,3568.67
North Macedonia,2010,"Chillies and peppers, dry (Capsicum spp., Pimenta spp.), raw",227.0,5.0,3581.63
North Macedonia,2011,"Chillies and peppers, dry (Capsicum spp., Pimenta spp.), raw",208.0,5.0,3594.6
North Macedonia,2012,"Chillies and peppers, dry (Capsicum spp., Pimenta spp.), raw",254.0,4.0,3607.57
North Macedonia,2013,"Chillies and peppers, dry (Capsicum spp., Pimenta spp.), raw",289.0,4.0,3620.54
North Macedonia,2014,"Chillies and peppers, dry (Capsicum spp., Pimenta spp.), raw",264.8,17.51,3631.74
North Macedonia,2015,"Chillies and peppers, dry (Capsicum spp., Pimenta spp.), raw",406.74,7.66,3647.94
North Macedonia,2016,"Chillies and peppers, dry (Capsicum spp., Pimenta spp.), raw",478.02,15.65,3656.1
North Macedonia,2017,"Chillies and peppers, dry (Capsicum spp., Pimenta spp.), raw",350.74,9.25,3664.13
North Macedonia,2019,"Chillies and peppers, dry (Capsicum spp., Pimenta spp.), raw",421.64,8.97,3688.63
North Macedonia,2020,"Chillies and peppers, dry (Capsicum spp., Pimenta spp.), raw",357.85,9.13,3713.19
North Macedonia,2021,"Chillies and peppers, dry (Capsicum spp., Pimenta spp.), raw",445.57,6.19,3693.78
North Macedonia,2023,"Chillies and peppers, dry (Capsicum spp., Pimenta spp.), raw",505.85,3.62,3714.52
Norway,1993,"Chillies and peppers, dry (Capsicum spp., Pimenta spp.), raw",225.0,4.0,0.0
Norway,1994,"Chillies and peppers, dry (Capsicum spp., Pimenta spp.), raw",232.0,6.0,0.0
Norway,1995,"Chillies and peppers, dry (Capsicum spp., Pimenta spp.), raw",253.0,15.0,0.0
Norway,1996,"Chillies and peppers, dry (Capsicum spp., Pimenta spp.), raw",244.0,1.0,0.0
Norway,1997,"Chillies and peppers, dry (Capsicum spp., Pimenta spp.), raw",257.0,10.0,0.0
Norway,1998,"Chillies and peppers, dry (Capsicum spp., Pimenta spp.), raw",282.0,0.0,0.0
Norway,1999,"Chillies and peppers, dry (Capsicum spp., Pimenta spp.), raw",245.0,2.0,0.0
Norway,2000,"Chillies and peppers, dry (Capsicum spp., Pimenta spp.), raw",278.05,0.08,0.0
Norway,2001,"Chillies and peppers, dry (Capsicum spp., Pimenta spp.), raw",320.0,0.0,0.0
Norway,2002,"Chillies and peppers, dry (Capsicum spp., Pimenta spp.), raw",339.0,3.0,0.0
Norway,2003,"Chillies and peppers, dry (Capsicum spp., Pimenta spp.), raw",344.0,16.0,0.0
Norway,2004,"Chillies and peppers, dry (Capsicum spp., Pimenta spp.), raw",450.0,9.0,0.0
Norway,2005,"Chillies and peppers, dry (Capsicum spp., Pimenta spp.), raw",404.0,1.0,0.0
Norway,2006,"Chillies and peppers, dry (Capsicum spp., Pimenta spp.), raw",400.0,5.0,0.0
Norway,2007,"Chillies and peppers, dry (Capsicum spp., Pimenta spp.), raw",429.0,5.0,0.0
Norway,2009,"Chillies and peppers, dry (Capsicum spp., Pimenta spp.), raw",342.0,6.0,0.0
Norway,2010,"Chillies and peppers, dry (Capsicum spp., Pimenta spp.), raw",368.0,5.0,0.0
Norway,2011,"Chillies and peppers, dry (Capsicum spp., Pimenta spp.), raw",340.0,6.0,0.0
Norway,2013,"Chillies and peppers, dry (Capsicum spp., Pimenta spp.), raw",251.0,14.0,0.0
Norway,2014,"Chillies and peppers, dry (Capsicum spp., Pimenta spp.), raw",253.51,5.91,0.0
Norway,2015,"Chillies and peppers, dry (Capsicum spp., Pimenta spp.), raw",292.89,5.93,0.0
Norway,2016,"Chillies and peppers, dry (Capsicum spp., Pimenta spp.), raw",323.06,8.38,0.0
Norway,2017,"Chillies and peppers, dry (Capsicum spp., Pimenta spp.), raw",317.45,1.81,0.0
Norway,2018,"Chillies and peppers, dry (Capsicum spp., Pimenta spp.), raw",360.21,3.1,0.0
Norway,2019,"Chillies and peppers, dry (Capsicum spp., Pimenta spp.), raw",400.51,2.17,0.0
Norway,2020,"Chillies and peppers, dry (Capsicum spp., Pimenta spp.), raw",466.35,3.07,0.0
Norway,2021,"Chillies and peppers, dry (Capsicum spp., Pimenta spp.), raw",486.69,4.16,0.0
Norway,2022,"Chillies and peppers, dry (Capsicum spp., Pimenta spp.), raw",409.98,2.5,0.0
Norway,2023,"Chillies and peppers, dry (Capsicum spp., Pimenta spp.), raw",482.45,1.87,0.0
Oman,1993,"Chillies and peppers, dry (Capsicum spp., Pimenta spp.), raw",69.0,7.0,0.0
Oman,1994,"Chillies and peppers, dry (Capsicum spp., Pimenta spp.), raw",10.0,0.0,0.0
Oman,1995,"Chillies and peppers, dry (Capsicum spp., Pimenta spp.), raw",20.0,11.0,0.0
Oman,1996,"Chillies and peppers, dry (Capsicum spp., Pimenta spp.), raw",43.0,1.0,0.0
Oman,1997,"Chillies and peppers, dry (Capsicum spp., Pimenta spp.), raw",42.0,0.0,0.0
Oman,1998,"Chillies and peppers, dry (Capsicum spp., Pimenta spp.), raw",80.0,5.0,0.0
Oman,1999,"Chillies and peppers, dry (Capsicum spp., Pimenta spp.), raw",186.0,8.0,0.0
Oman,2000,"Chillies and peppers, dry (Capsicum spp., Pimenta spp.), raw",224.0,0.0,0.0
Oman,2001,"Chillies and peppers, dry (Capsicum spp., Pimenta spp.), raw",163.0,2.0,0.0
Oman,2002,"Chillies and peppers, dry (Capsicum spp., Pimenta spp.), raw",198.0,1.0,0.0
Oman,2003,"Chillies and peppers, dry (Capsicum spp., Pimenta spp.), raw",181.0,1.0,0.0
Oman,2004,"Chillies and peppers, dry (Capsicum spp., Pimenta spp.), raw",649.0,0.0,0.0
Oman,2005,"Chillies and peppers, dry (Capsicum spp., Pimenta spp.), raw",480.0,0.0,0.0
Oman,2006,"Chillies and peppers, dry (Capsicum spp., Pimenta spp.), raw",210.0,0.0,0.0
Oman,2007,"Chillies and peppers, dry (Capsicum spp., Pimenta spp.), raw",528.0,0.0,0.0
Oman,2008,"Chillies and peppers, dry (Capsicum spp., Pimenta spp.), raw",774.0,0.0,0.0
Oman,2009,"Chillies and peppers, dry (Capsicum spp., Pimenta spp.), raw",703.0,0.0,0.0
Oman,2010,"Chillies and peppers, dry (Capsicum spp., Pimenta spp.), raw",763.0,0.0,0.0
Oman,2011,"Chillies and peppers, dry (Capsicum spp., Pimenta spp.), raw",1158.0,1.0,0.0
Oman,2012,"Chillies and peppers, dry (Capsicum spp., Pimenta spp.), raw",1392.0,38.0,0.0
Oman,2014,"Chillies and peppers, dry (Capsicum spp., Pimenta spp.), raw",2100.49,0.0,0.0
Oman,2015,"Chillies and peppers, dry (Capsicum spp., Pimenta spp.), raw",2006.8,14.05,0.0
Oman,2016,"Chillies and peppers, dry (Capsicum spp., Pimenta spp.), raw",2203.13,13.05,0.0
Oman,2017,"Chillies and peppers, dry (Capsicum spp., Pimenta spp.), raw",2700.6,102.3,0.0
Oman,2018,"Chillies and peppers, dry (Capsicum spp., Pimenta spp.), raw",2083.82,59.66,0.0
Oman,2019,"Chillies and peppers, dry (Capsicum spp., Pimenta spp.), raw",2353.67,121.85,0.0
Oman,2020,"Chillies and peppers, dry (Capsicum spp., Pimenta spp.), raw",2852.84,229.1,0.0
Oman,2021,"Chillies and peppers, dry (Capsicum spp., Pimenta spp.), raw",2736.05,246.0,0.0
Oman,2022,"Chillies and peppers, dry (Capsicum spp., Pimenta spp.), raw",2814.65,53.29,0.0
Pakistan,1993,"Chillies and peppers, dry (Capsicum spp., Pimenta spp.), raw",322.0,4226.0,141498.0
Pakistan,1996,"Chillies and peppers, dry (Capsicum spp., Pimenta spp.), raw",3911.0,0.0,140000.0
Pakistan,1997,"Chillies and peppers, dry (Capsicum spp., Pimenta spp.), raw",1312.0,821.0,140232.0
Pakistan,1998,"Chillies and peppers, dry (Capsicum spp., Pimenta spp.), raw",6202.0,1329.0,136660.0
Pakistan,2000,"Chillies and peppers, dry (Capsicum spp., Pimenta spp.), raw",7189.45,2306.98,174571.0
Pakistan,2001,"Chillies and peppers, dry (Capsicum spp., Pimenta spp.), raw",1858.0,2220.0,93256.0
Pakistan,2002,"Chillies and peppers, dry (Capsicum spp., Pimenta spp.), raw",5638.0,1285.0,98872.0
Pakistan,2003,"Chillies and peppers, dry (Capsicum spp., Pimenta spp.), raw",209.0,3592.0,96394.0
Pakistan,2004,"Chillies and peppers, dry (Capsicum spp., Pimenta spp.), raw",359.0,3775.0,90474.0
Pakistan,2005,"Chillies and peppers, dry (Capsicum spp., Pimenta spp.), raw",731.0,2968.0,122890.0
Pakistan,2006,"Chillies and peppers, dry (Capsicum spp., Pimenta spp.), raw",19.0,7408.0,69600.0
Pakistan,2007,"Chillies and peppers, dry (Capsicum spp., Pimenta spp.), raw",1010.0,6376.0,116100.0
Pakistan,2009,"Chillies and peppers, dry (Capsicum spp., Pimenta spp.), raw",3246.0,4027.0,188800.0
Pakistan,2010,"Chillies and peppers, dry (Capsicum spp., Pimenta spp.), raw",5598.0,4643.0,171700.0
Pakistan,2012,"Chillies and peppers, dry (Capsicum spp., Pimenta spp.), raw",9158.0,1882.0,147162.0
Pakistan,2013,"Chillies and peppers, dry (Capsicum spp., Pimenta spp.), raw",61.0,4899.0,145856.0
Pakistan,2014,"Chillies and peppers, dry (Capsicum spp., Pimenta spp.), raw",8757.65,2524.32,139687.0
Pakistan,2015,"Chillies and peppers, dry (Capsicum spp., Pimenta spp.), raw",7956.47,2901.81,142200.0
Pakistan,2016,"Chillies and peppers, dry (Capsicum spp., Pimenta spp.), raw",862.95,4662.88,142163.0
Pakistan,2017,"Chillies and peppers, dry (Capsicum spp., Pimenta spp.), raw",453.95,5633.09,142730.0
Pakistan,2018,"Chillies and peppers, dry (Capsicum spp., Pimenta spp.), raw",320.11,2095.77,148114.0
Pakistan,2019,"Chillies and peppers, dry (Capsicum spp., Pimenta spp.), raw",2025.17,3040.34,101659.0
Pakistan,2020,"Chillies and peppers, dry (Capsicum spp., Pimenta spp.), raw",8352.97,837.89,141541.0
Pakistan,2021,"Chillies and peppers, dry (Capsicum spp., Pimenta spp.), raw",7825.09,2565.84,105401.0
Pakistan,2022,"Chillies and peppers, dry (Capsicum spp., Pimenta spp.), raw",2749.08,2385.09,144160.0
Palestine,1996,"Chillies and peppers, dry (Capsicum spp., Pimenta spp.), raw",2.0,0.0,0.0
Palestine,1997,"Chillies and peppers, dry (Capsicum spp., Pimenta spp.), raw",2.0,0.0,0.0
Palestine,1998,"Chillies and peppers, dry (Capsicum spp., Pimenta spp.), raw",20.0,3.0,0.0
Palestine,2000,"Chillies and peppers, dry (Capsicum spp., Pimenta spp.), raw",11.0,5.0,0.0
Palestine,2014,"Chillies and peppers, dry (Capsicum spp., Pimenta spp.), raw",239.54,0.0,0.0
Palestine,2022,"Chillies and peppers, dry (Capsicum spp., Pimenta spp.), raw",17.47,1.87,0.0
Palestine,2023,"Chillies and peppers, dry (Capsicum spp., Pimenta spp.), raw",7.23,0.0,0.0
Panama,1996,"Chillies and peppers, dry (Capsicum spp., Pimenta spp.), raw",50.0,0.0,0.0
Panama,1997,"Chillies and peppers, dry (Capsicum spp., Pimenta spp.), raw",40.0,0.0,0.0
Panama,1998,"Chillies and peppers, dry (Capsicum spp., Pimenta spp.), raw",52.0,0.0,0.0
Panama,1999,"Chillies and peppers, dry (Capsicum spp., Pimenta spp.), raw",46.0,0.0,0.0
Panama,2000,"Chillies and peppers, dry (Capsicum spp., Pimenta spp.), raw",67.83,0.0,0.0
Panama,2001,"Chillies and peppers, dry (Capsicum spp., Pimenta spp.), raw",59.0,0.0,0.0
Panama,2002,"Chillies and peppers, dry (Capsicum spp., Pimenta spp.), raw",70.0,0.0,0.0
Panama,2003,"Chillies and peppers, dry (Capsicum spp., Pimenta spp.), raw",72.0,0.0,0.0
Panama,2004,"Chillies and peppers, dry (Capsicum spp., Pimenta spp.), raw",45.0,0.0,0.0
Panama,2005,"Chillies and peppers, dry (Capsicum spp., Pimenta spp.), raw",19.0,0.0,0.0
Panama,2006,"Chillies and peppers, dry (Capsicum spp., Pimenta spp.), raw",38.0,0.0,0.0
Panama,2007,"Chillies and peppers, dry (Capsicum spp., Pimenta spp.), raw",47.0,0.0,0.0
Panama,2008,"Chillies and peppers, dry (Capsicum spp., Pimenta spp.), raw",51.0,0.0,0.0
Panama,2009,"Chillies and peppers, dry (Capsicum spp., Pimenta spp.), raw",61.0,0.0,0.0
Panama,2010,"Chillies and peppers, dry (Capsicum spp., Pimenta spp.), raw",36.0,0.0,0.0
Panama,2011,"Chillies and peppers, dry (Capsicum spp., Pimenta spp.), raw",60.0,0.0,0.0
Panama,2012,"Chillies and peppers, dry (Capsicum spp., Pimenta spp.), raw",61.0,0.0,0.0
Panama,2013,"Chillies and peppers, dry (Capsicum spp., Pimenta spp.), raw",64.0,0.0,0.0
Panama,2015,"Chillies and peppers, dry (Capsicum spp., Pimenta spp.), raw",69.49,0.0,0.0
Panama,2016,"Chillies and peppers, dry (Capsicum spp., Pimenta spp.), raw",124.14,15.97,0.0
Panama,2017,"Chillies and peppers, dry (Capsicum spp., Pimenta spp.), raw",79.22,0.6,0.0
Panama,2018,"Chillies and peppers, dry (Capsicum spp., Pimenta spp.), raw",102.01,19.93,0.0
Panama,2019,"Chillies and peppers, dry (Capsicum spp., Pimenta spp.), raw",93.93,0.63,0.0
Panama,2020,"Chillies and peppers, dry (Capsicum spp., Pimenta spp.), raw",133.45,18.19,0.0
Panama,2021,"Chillies and peppers, dry (Capsicum spp., Pimenta spp.), raw",129.4,0.0,0.0
Panama,2022,"Chillies and peppers, dry (Capsicum spp., Pimenta spp.), raw",151.55,0.0,0.0
Panama,2023,"Chillies and peppers, dry (Capsicum spp., Pimenta spp.), raw",177.93,0.29,0.0
Papua New Guinea,1993,"Chillies and peppers, dry (Capsicum spp., Pimenta spp.), raw",0.0,34.0,60.0
Papua New Guinea,1994,"Chillies and peppers, dry (Capsicum spp., Pimenta spp.), raw",4.0,35.0,58.0
Papua New Guinea,1995,"Chillies and peppers, dry (Capsicum spp., Pimenta spp.), raw",0.0,40.0,60.0
Papua New Guinea,1996,"Chillies and peppers, dry (Capsicum spp., Pimenta spp.), raw",4.0,18.0,40.0
Papua New Guinea,1997,"Chillies and peppers, dry (Capsicum spp., Pimenta spp.), raw",1.0,0.0,45.0
Papua New Guinea,1998,"Chillies and peppers, dry (Capsicum spp., Pimenta spp.), raw",0.0,2.0,37.0
Papua New Guinea,1999,"Chillies and peppers, dry (Capsicum spp., Pimenta spp.), raw",0.0,15.0,40.0
Papua New Guinea,2000,"Chillies and peppers, dry (Capsicum spp., Pimenta spp.), raw",3.6,10.0,10.0
Papua New Guinea,2001,"Chillies and peppers, dry (Capsicum spp., Pimenta spp.), raw",5.0,11.0,15.0
Papua New Guinea,2002,"Chillies and peppers, dry (Capsicum spp., Pimenta spp.), raw",0.0,6.0,20.0
Papua New Guinea,2004,"Chillies and peppers, dry (Capsicum spp., Pimenta spp.), raw",3.0,5.0,30.0
Papua New Guinea,2005,"Chillies and peppers, dry (Capsicum spp., Pimenta spp.), raw",2.0,3.0,25.0
Papua New Guinea,2006,"Chillies and peppers, dry (Capsicum spp., Pimenta spp.), raw",1.0,0.0,20.0
Papua New Guinea,2007,"Chillies and peppers, dry (Capsicum spp., Pimenta spp.), raw",0.0,0.0,12.0
Papua New Guinea,2008,"Chillies and peppers, dry (Capsicum spp., Pimenta spp.), raw",0.0,0.0,8.0
Papua New Guinea,2009,"Chillies and peppers, dry (Capsicum spp., Pimenta spp.), raw",0.0,0.0,6.0
Papua New Guinea,2010,"Chillies and peppers, dry (Capsicum spp., Pimenta spp.), raw",6.0,0.0,5.0
Papua New Guinea,2011,"Chillies and peppers, dry (Capsicum spp., Pimenta spp.), raw",5.0,0.0,5.0
Papua New Guinea,2012,"Chillies and peppers, dry (Capsicum spp., Pimenta spp.), raw",9.0,0.0,5.0
Papua New Guinea,2013,"Chillies and peppers, dry (Capsicum spp., Pimenta spp.), raw",3.0,0.0,3.67
Papua New Guinea,2014,"Chillies and peppers, dry (Capsicum spp., Pimenta spp.), raw",2.49,0.0,2.62
Papua New Guinea,2015,"Chillies and peppers, dry (Capsicum spp., Pimenta spp.), raw",1.83,0.0,2.0
Papua New Guinea,2016,"Chillies and peppers, dry (Capsicum spp., Pimenta spp.), raw",0.9,0.0,2.76
Papua New Guinea,2018,"Chillies and peppers, dry (Capsicum spp., Pimenta spp.), raw",1.48,0.0,2.18
Papua New Guinea,2019,"Chillies and peppers, dry (Capsicum spp., Pimenta spp.), raw",1.04,0.0,2.24
Papua New Guinea,2022,"Chillies and peppers, dry (Capsicum spp., Pimenta spp.), raw",13.32,0.0,2.16
Papua New Guinea,2023,"Chillies and peppers, dry (Capsicum spp., Pimenta spp.), raw",4.42,0.0,2.13
Paraguay,1993,"Chillies and peppers, dry (Capsicum spp., Pimenta spp.), raw",6.0,0.0,0.0
Paraguay,1994,"Chillies and peppers, dry (Capsicum spp., Pimenta spp.), raw",13.0,0.0,0.0
Paraguay,1995,"Chillies and peppers, dry (Capsicum spp., Pimenta spp.), raw",6.0,0.0,0.0
Paraguay,1997,"Chillies and peppers, dry (Capsicum spp., Pimenta spp.), raw",7.0,0.0,0.0
Paraguay,1998,"Chillies and peppers, dry (Capsicum spp., Pimenta spp.), raw",1.0,0.0,0.0
Paraguay,1999,"Chillies and peppers, dry (Capsicum spp., Pimenta spp.), raw",8.0,0.0,0.0
Paraguay,2000,"Chillies and peppers, dry (Capsicum spp., Pimenta spp.), raw",2.0,0.0,0.0
Paraguay,2001,"Chillies and peppers, dry (Capsicum spp., Pimenta spp.), raw",3.0,0.0,0.0
Paraguay,2002,"Chillies and peppers, dry (Capsicum spp., Pimenta spp.), raw",3.0,0.0,0.0
Paraguay,2003,"Chillies and peppers, dry (Capsicum spp., Pimenta spp.), raw",2.0,0.0,0.0
Paraguay,2004,"Chillies and peppers, dry (Capsicum spp., Pimenta spp.), raw",2.0,0.0,0.0
Paraguay,2005,"Chillies and peppers, dry (Capsicum spp., Pimenta spp.), raw",1.0,0.0,0.0
Paraguay,2006,"Chillies and peppers, dry (Capsicum spp., Pimenta spp.), raw",1.0,0.0,0.0
Paraguay,2007,"Chillies and peppers, dry (Capsicum spp., Pimenta spp.), raw",1.0,9.0,0.0
Paraguay,2008,"Chillies and peppers, dry (Capsicum spp., Pimenta spp.), raw",1.0,8.0,0.0
Paraguay,2009,"Chillies and peppers, dry (Capsicum spp., Pimenta spp.), raw",1.0,0.0,0.0
Paraguay,2010,"Chillies and peppers, dry (Capsicum spp., Pimenta spp.), raw",4.0,0.0,0.0
Paraguay,2011,"Chillies and peppers, dry (Capsicum spp., Pimenta spp.), raw",30.0,0.0,0.0
Paraguay,2012,"Chillies and peppers, dry (Capsicum spp., Pimenta spp.), raw",7.0,0.0,0.0
Paraguay,2013,"Chillies and peppers, dry (Capsicum spp., Pimenta spp.), raw",19.0,0.0,0.0
Paraguay,2014,"Chillies and peppers, dry (Capsicum spp., Pimenta spp.), raw",16.65,0.0,0.0
Paraguay,2015,"Chillies and peppers, dry (Capsicum spp., Pimenta spp.), raw",9.51,0.0,0.0
Paraguay,2016,"Chillies and peppers, dry (Capsicum spp., Pimenta spp.), raw",20.81,0.0,0.0
Paraguay,2017,"Chillies and peppers, dry (Capsicum spp., Pimenta spp.), raw",13.94,0.0,0.0
Paraguay,2018,"Chillies and peppers, dry (Capsicum spp., Pimenta spp.), raw",15.73,0.0,0.0
Paraguay,2019,"Chillies and peppers, dry (Capsicum spp., Pimenta spp.), raw",12.71,0.0,0.0
Paraguay,2020,"Chillies and peppers, dry (Capsicum spp., Pimenta spp.), raw",19.07,0.0,0.0
Paraguay,2021,"Chillies and peppers, dry (Capsicum spp., Pimenta spp.), raw",17.2,0.0,0.0
Paraguay,2022,"Chillies and peppers, dry (Capsicum spp., Pimenta spp.), raw",19.03,0.0,0.0
Peru,1993,"Chillies and peppers, dry (Capsicum spp., Pimenta spp.), raw",2.0,55.0,7400.0
Peru,1994,"Chillies and peppers, dry (Capsicum spp., Pimenta spp.), raw",0.0,59.0,11000.0
Peru,1995,"Chillies and peppers, dry (Capsicum spp., Pimenta spp.), raw",1.0,35.0,11000.0
Peru,1996,"Chillies and peppers, dry (Capsicum spp., Pimenta spp.), raw",2.0,101.0,14800.0
Peru,1997,"Chillies and peppers, dry (Capsicum spp., Pimenta spp.), raw",1.0,730.0,18500.0
Peru,1998,"Chillies and peppers, dry (Capsicum spp., Pimenta spp.), raw",3.0,610.0,20000.0
Peru,2000,"Chillies and peppers, dry (Capsicum spp., Pimenta spp.), raw",16.99,3368.6,62000.0
Peru,2001,"Chillies and peppers, dry (Capsicum spp., Pimenta spp.), raw",16.0,9894.0,5222.0
Peru,2002,"Chillies and peppers, dry (Capsicum spp., Pimenta spp.), raw",27.0,15075.0,19330.0
Peru,2003,"Chillies and peppers, dry (Capsicum spp., Pimenta spp.), raw",39.0,14926.0,16860.0
Peru,2004,"Chillies and peppers, dry (Capsicum spp., Pimenta spp.), raw",57.0,27543.0,33023.0
Peru,2005,"Chillies and peppers, dry (Capsicum spp., Pimenta spp.), raw",29.0,54131.0,62343.0
Peru,2006,"Chillies and peppers, dry (Capsicum spp., Pimenta spp.), raw",30.0,49834.0,52195.0
Peru,2007,"Chillies and peppers, dry (Capsicum spp., Pimenta spp.), raw",108.0,43711.0,40103.0
Peru,2008,"Chillies and peppers, dry (Capsicum spp., Pimenta spp.), raw",51.0,58987.0,56195.0
Peru,2009,"Chillies and peppers, dry (Capsicum spp., Pimenta spp.), raw",47.0,55307.0,49543.0
Peru,2010,"Chillies and peppers, dry (Capsicum spp., Pimenta spp.), raw",114.0,43789.0,41255.0
Peru,2011,"Chillies and peppers, dry (Capsicum spp., Pimenta spp.), raw",95.0,48471.0,44965.0
Peru,2012,"Chillies and peppers, dry (Capsicum spp., Pimenta spp.), raw",6.0,49083.0,46838.0
Peru,2013,"Chillies and peppers, dry (Capsicum spp., Pimenta spp.), raw",60.0,41079.0,35882.0
Peru,2014,"Chillies and peppers, dry (Capsicum spp., Pimenta spp.), raw",11.6,36817.56,34470.0
Peru,2015,"Chillies and peppers, dry (Capsicum spp., Pimenta spp.), raw",65.66,38205.98,21378.0
Peru,2016,"Chillies and peppers, dry (Capsicum spp., Pimenta spp.), raw",71.99,37894.22,31085.0
Peru,2017,"Chillies and peppers, dry (Capsicum spp., Pimenta spp.), raw",94.98,31091.85,24213.0
Peru,2018,"Chillies and peppers, dry (Capsicum spp., Pimenta spp.), raw",273.63,29202.8,26231.58
Peru,2019,"Chillies and peppers, dry (Capsicum spp., Pimenta spp.), raw",99.23,32231.66,35312.0
Peru,2020,"Chillies and peppers, dry (Capsicum spp., Pimenta spp.), raw",77.83,38068.36,37471.0
Peru,2021,"Chillies and peppers, dry (Capsicum spp., Pimenta spp.), raw",311.14,39137.03,36384.21
Peru,2023,"Chillies and peppers, dry (Capsicum spp., Pimenta spp.), raw",740.83,45562.16,37882.77
Philippines,1994,"Chillies and peppers, dry (Capsicum spp., Pimenta spp.), raw",137.0,0.0,0.0
Philippines,1995,"Chillies and peppers, dry (Capsicum spp., Pimenta spp.), raw",146.0,0.0,0.0
Philippines,1996,"Chillies and peppers, dry (Capsicum spp., Pimenta spp.), raw",230.0,0.0,0.0
Philippines,1997,"Chillies and peppers, dry (Capsicum spp., Pimenta spp.), raw",307.0,0.0,0.0
Philippines,1998,"Chillies and peppers, dry (Capsicum spp., Pimenta spp.), raw",263.0,12.0,0.0
Philippines,1999,"Chillies and peppers, dry (Capsicum spp., Pimenta spp.), raw",318.0,12.0,0.0
Philippines,2000,"Chillies and peppers, dry (Capsicum spp., Pimenta spp.), raw",301.1,2.49,0.0
Philippines,2001,"Chillies and peppers, dry (Capsicum spp., Pimenta spp.), raw",806.0,0.0,0.0
Philippines,2002,"Chillies and peppers, dry (Capsicum spp., Pimenta spp.), raw",616.0,8.0,0.0
Philippines,2003,"Chillies and peppers, dry (Capsicum spp., Pimenta spp.), raw",522.0,1.0,0.0
Philippines,2004,"Chillies and peppers, dry (Capsicum spp., Pimenta spp.), raw",309.0,0.0,0.0
Philippines,2005,"Chillies and peppers, dry (Capsicum spp., Pimenta spp.), raw",261.0,37.0,0.0
Philippines,2006,"Chillies and peppers, dry (Capsicum spp., Pimenta spp.), raw",505.0,2.0,0.0
Philippines,2007,"Chillies and peppers, dry (Capsicum spp., Pimenta spp.), raw",761.0,7.0,0.0
Philippines,2008,"Chillies and peppers, dry (Capsicum spp., Pimenta spp.), raw",633.0,48.0,0.0
Philippines,2009,"Chillies and peppers, dry (Capsicum spp., Pimenta spp.), raw",523.0,53.0,0.0
Philippines,2010,"Chillies and peppers, dry (Capsicum spp., Pimenta spp.), raw",515.0,67.0,0.0
Philippines,2011,"Chillies and peppers, dry (Capsicum spp., Pimenta spp.), raw",597.0,112.0,0.0
Philippines,2012,"Chillies and peppers, dry (Capsicum spp., Pimenta spp.), raw",625.0,50.0,0.0
Philippines,2013,"Chillies and peppers, dry (Capsicum spp., Pimenta spp.), raw",764.0,329.0,0.0
Philippines,2014,"Chillies and peppers, dry (Capsicum spp., Pimenta spp.), raw",1426.16,398.36,0.0
Philippines,2015,"Chillies and peppers, dry (Capsicum spp., Pimenta spp.), raw",1181.51,269.54,0.0
Philippines,2016,"Chillies and peppers, dry (Capsicum spp., Pimenta spp.), raw",1306.26,157.77,0.0
Philippines,2017,"Chillies and peppers, dry (Capsicum spp., Pimenta spp.), raw",1607.74,280.42,0.0
Philippines,2018,"Chillies and peppers, dry (Capsicum spp., Pimenta spp.), raw",1785.69,170.39,0.0
Philippines,2019,"Chillies and peppers, dry (Capsicum spp., Pimenta spp.), raw",2160.44,271.6,0.0
Philippines,2020,"Chillies and peppers, dry (Capsicum spp., Pimenta spp.), raw",1897.94,376.53,0.0
Philippines,2021,"Chillies and peppers, dry (Capsicum spp., Pimenta spp.), raw",1953.65,250.85,0.0
Philippines,2022,"Chillies and peppers, dry (Capsicum spp., Pimenta spp.), raw",2062.31,79.18,0.0
Poland,1993,"Chillies and peppers, dry (Capsicum spp., Pimenta spp.), raw",1014.0,0.0,0.0
Poland,1994,"Chillies and peppers, dry (Capsicum spp., Pimenta spp.), raw",1748.0,0.0,0.0
Poland,1995,"Chillies and peppers, dry (Capsicum spp., Pimenta spp.), raw",1896.0,51.0,0.0
Poland,1996,"Chillies and peppers, dry (Capsicum spp., Pimenta spp.), raw",2066.0,99.0,0.0
Poland,1997,"Chillies and peppers, dry (Capsicum spp., Pimenta spp.), raw",2467.0,165.0,0.0
Poland,1998,"Chillies and peppers, dry (Capsicum spp., Pimenta spp.), raw",2206.0,117.0,0.0
Poland,1999,"Chillies and peppers, dry (Capsicum spp., Pimenta spp.), raw",3012.0,198.0,0.0
Poland,2000,"Chillies and peppers, dry (Capsicum spp., Pimenta spp.), raw",2483.63,107.85,0.0
Poland,2001,"Chillies and peppers, dry (Capsicum spp., Pimenta spp.), raw",3115.0,222.0,0.0
Poland,2002,"Chillies and peppers, dry (Capsicum spp., Pimenta spp.), raw",3439.0,83.0,0.0
Poland,2003,"Chillies and peppers, dry (Capsicum spp., Pimenta spp.), raw",3560.0,137.0,0.0
Poland,2004,"Chillies and peppers, dry (Capsicum spp., Pimenta spp.), raw",3826.0,436.0,0.0
Poland,2005,"Chillies and peppers, dry (Capsicum spp., Pimenta spp.), raw",4293.0,464.0,0.0
Poland,2006,"Chillies and peppers, dry (Capsicum spp., Pimenta spp.), raw",3988.0,501.0,0.0
Poland,2007,"Chillies and peppers, dry (Capsicum spp., Pimenta spp.), raw",4416.0,533.0,0.0
Poland,2008,"Chillies and peppers, dry (Capsicum spp., Pimenta spp.), raw",4678.0,819.0,0.0
Poland,2009,"Chillies and peppers, dry (Capsicum spp., Pimenta spp.), raw",4265.0,723.0,0.0
Poland,2010,"Chillies and peppers, dry (Capsicum spp., Pimenta spp.), raw",4584.0,770.0,0.0
Poland,2011,"Chillies and peppers, dry (Capsicum spp., Pimenta spp.), raw",4971.0,580.0,0.0
Poland,2012,"Chillies and peppers, dry (Capsicum spp., Pimenta spp.), raw",4933.0,691.0,0.0
Poland,2013,"Chillies and peppers, dry (Capsicum spp., Pimenta spp.), raw",4912.0,622.0,0.0
Poland,2014,"Chillies and peppers, dry (Capsicum spp., Pimenta spp.), raw",4877.72,717.16,0.0
Poland,2015,"Chillies and peppers, dry (Capsicum spp., Pimenta spp.), raw",4309.69,833.99,0.0
Poland,2016,"Chillies and peppers, dry (Capsicum spp., Pimenta spp.), raw",4642.32,627.74,0.0
Poland,2017,"Chillies and peppers, dry (Capsicum spp., Pimenta spp.), raw",5579.04,844.79,0.0
Poland,2018,"Chillies and peppers, dry (Capsicum spp., Pimenta spp.), raw",5609.92,762.22,0.0
Poland,2019,"Chillies and peppers, dry (Capsicum spp., Pimenta spp.), raw",5166.17,1027.27,0.0
Poland,2020,"Chillies and peppers, dry (Capsicum spp., Pimenta spp.), raw",6612.53,1133.16,0.0
Poland,2021,"Chillies and peppers, dry (Capsicum spp., Pimenta spp.), raw",7445.08,1380.56,0.0
Poland,2022,"Chillies and peppers, dry (Capsicum spp., Pimenta spp.), raw",7517.16,1458.19,0.0
Poland,2023,"Chillies and peppers, dry (Capsicum spp., Pimenta spp.), raw",7150.1,1364.44,0.0
Portugal,1993,"Chillies and peppers, dry (Capsicum spp., Pimenta spp.), raw",626.0,17.0,0.0
Portugal,1994,"Chillies and peppers, dry (Capsicum spp., Pimenta spp.), raw",782.0,12.0,0.0
Portugal,1995,"Chillies and peppers, dry (Capsicum spp., Pimenta spp.), raw",677.0,16.0,0.0
Portugal,1996,"Chillies and peppers, dry (Capsicum spp., Pimenta spp.), raw",1008.0,21.0,0.0
Portugal,1998,"Chillies and peppers, dry (Capsicum spp., Pimenta spp.), raw",745.0,18.0,0.0
Portugal,1999,"Chillies and peppers, dry (Capsicum spp., Pimenta spp.), raw",616.0,20.0,0.0
Portugal,2001,"Chillies and peppers, dry (Capsicum spp., Pimenta spp.), raw",763.0,42.0,0.0
Portugal,2002,"Chillies and peppers, dry (Capsicum spp., Pimenta spp.), raw",746.0,22.0,0.0
Portugal,2003,"Chillies and peppers, dry (Capsicum spp., Pimenta spp.), raw",750.0,38.0,0.0
Portugal,2004,"Chillies and peppers, dry (Capsicum spp., Pimenta spp.), raw",746.0,31.0,0.0
Portugal,2005,"Chillies and peppers, dry (Capsicum spp., Pimenta spp.), raw",712.0,43.0,0.0
Portugal,2006,"Chillies and peppers, dry (Capsicum spp., Pimenta spp.), raw",714.0,42.0,0.0
Portugal,2007,"Chillies and peppers, dry (Capsicum spp., Pimenta spp.), raw",704.0,51.0,0.0
Portugal,2010,"Chillies and peppers, dry (Capsicum spp., Pimenta spp.), raw",724.0,54.0,0.0
Portugal,2011,"Chillies and peppers, dry (Capsicum spp., Pimenta spp.), raw",772.0,118.0,0.0
Portugal,2012,"Chillies and peppers, dry (Capsicum spp., Pimenta spp.), raw",754.0,140.0,0.0
Portugal,2013,"Chillies and peppers, dry (Capsicum spp., Pimenta spp.), raw",796.0,129.0,0.0
Portugal,2014,"Chillies and peppers, dry (Capsicum spp., Pimenta spp.), raw",656.03,129.26,0.0
Portugal,2016,"Chillies and peppers, dry (Capsicum spp., Pimenta spp.), raw",729.7,131.1,0.0
Portugal,2017,"Chillies and peppers, dry (Capsicum spp., Pimenta spp.), raw",679.18,102.02,0.0
Portugal,2018,"Chillies and peppers, dry (Capsicum spp., Pimenta spp.), raw",743.18,65.04,0.0
Portugal,2019,"Chillies and peppers, dry (Capsicum spp., Pimenta spp.), raw",847.56,158.61,0.0
Portugal,2020,"Chillies and peppers, dry (Capsicum spp., Pimenta spp.), raw",942.87,205.03,0.0
Portugal,2021,"Chillies and peppers, dry (Capsicum spp., Pimenta spp.), raw",877.29,187.0,0.0
Portugal,2022,"Chillies and peppers, dry (Capsicum spp., Pimenta spp.), raw",899.76,188.39,0.0
Portugal,2023,"Chillies and peppers, dry (Capsicum spp., Pimenta spp.), raw",1129.35,192.18,0.0
Qatar,2000,"Chillies and peppers, dry (Capsicum spp., Pimenta spp.), raw",8.0,0.0,0.0
Qatar,2001,"Chillies and peppers, dry (Capsicum spp., Pimenta spp.), raw",7.0,0.0,0.0
Qatar,2002,"Chillies and peppers, dry (Capsicum spp., Pimenta spp.), raw",28.0,0.0,0.0
Qatar,2003,"Chillies and peppers, dry (Capsicum spp., Pimenta spp.), raw",18.0,0.0,0.0
Qatar,2004,"Chillies and peppers, dry (Capsicum spp., Pimenta spp.), raw",173.0,0.0,0.0
Qatar,2005,"Chillies and peppers, dry (Capsicum spp., Pimenta spp.), raw",298.0,1.0,0.0
Qatar,2006,"Chillies and peppers, dry (Capsicum spp., Pimenta spp.), raw",581.0,3.0,0.0
Qatar,2008,"Chillies and peppers, dry (Capsicum spp., Pimenta spp.), raw",1036.0,0.0,0.0
Qatar,2009,"Chillies and peppers, dry (Capsicum spp., Pimenta spp.), raw",930.0,1.0,0.0
Qatar,2010,"Chillies and peppers, dry (Capsicum spp., Pimenta spp.), raw",1015.0,1.0,0.0
Qatar,2012,"Chillies and peppers, dry (Capsicum spp., Pimenta spp.), raw",1373.0,0.0,0.0
Qatar,2013,"Chillies and peppers, dry (Capsicum spp., Pimenta spp.), raw",860.0,0.0,0.0
Qatar,2014,"Chillies and peppers, dry (Capsicum spp., Pimenta spp.), raw",906.21,0.0,0.0
Qatar,2016,"Chillies and peppers, dry (Capsicum spp., Pimenta spp.), raw",1376.47,0.0,0.0
Qatar,2017,"Chillies and peppers, dry (Capsicum spp., Pimenta spp.), raw",1487.41,0.0,0.0
Qatar,2018,"Chillies and peppers, dry (Capsicum spp., Pimenta spp.), raw",1592.13,0.0,0.0
Qatar,2019,"Chillies and peppers, dry (Capsicum spp., Pimenta spp.), raw",1678.99,0.0,0.0
Qatar,2020,"Chillies and peppers, dry (Capsicum spp., Pimenta spp.), raw",2164.97,0.0,0.0
Qatar,2021,"Chillies and peppers, dry (Capsicum spp., Pimenta spp.), raw",2005.96,0.0,0.0
Qatar,2022,"Chillies and peppers, dry (Capsicum spp., Pimenta spp.), raw",2184.07,0.0,0.0
Qatar,2023,"Chillies and peppers, dry (Capsicum spp., Pimenta spp.), raw",1965.12,0.0,0.0
Republic of Korea,1993,"Chillies and peppers, dry (Capsicum spp., Pimenta spp.), raw",516.0,370.0,0.0
Republic of Korea,1994,"Chillies and peppers, dry (Capsicum spp., Pimenta spp.), raw",456.0,437.0,0.0
Republic of Korea,1995,"Chillies and peppers, dry (Capsicum spp., Pimenta spp.), raw",4808.0,743.0,0.0
Republic of Korea,1996,"Chillies and peppers, dry (Capsicum spp., Pimenta spp.), raw",5243.0,862.0,0.0
Republic of Korea,1997,"Chillies and peppers, dry (Capsicum spp., Pimenta spp.), raw",4190.0,731.0,0.0
Republic of Korea,1998,"Chillies and peppers, dry (Capsicum spp., Pimenta spp.), raw",5412.0,496.0,0.0
Republic of Korea,1999,"Chillies and peppers, dry (Capsicum spp., Pimenta spp.), raw",6705.0,706.0,0.0
Republic of Korea,2000,"Chillies and peppers, dry (Capsicum spp., Pimenta spp.), raw",6343.07,1373.13,0.0
Republic of Korea,2001,"Chillies and peppers, dry (Capsicum spp., Pimenta spp.), raw",9001.0,1803.0,0.0
Republic of Korea,2002,"Chillies and peppers, dry (Capsicum spp., Pimenta spp.), raw",7839.0,1111.0,0.0
Republic of Korea,2003,"Chillies and peppers, dry (Capsicum spp., Pimenta spp.), raw",12107.0,1547.0,0.0
Republic of Korea,2004,"Chillies and peppers, dry (Capsicum spp., Pimenta spp.), raw",14425.0,1323.0,0.0
Republic of Korea,2005,"Chillies and peppers, dry (Capsicum spp., Pimenta spp.), raw",10377.0,1760.0,0.0
Republic of Korea,2006,"Chillies and peppers, dry (Capsicum spp., Pimenta spp.), raw",9175.0,1538.0,0.0
Republic of Korea,2007,"Chillies and peppers, dry (Capsicum spp., Pimenta spp.), raw",8982.0,1840.0,0.0
Republic of Korea,2008,"Chillies and peppers, dry (Capsicum spp., Pimenta spp.), raw",9407.0,2220.0,0.0
Republic of Korea,2009,"Chillies and peppers, dry (Capsicum spp., Pimenta spp.), raw",9015.0,1977.0,0.0
Republic of Korea,2010,"Chillies and peppers, dry (Capsicum spp., Pimenta spp.), raw",9207.0,2154.0,0.0
Republic of Korea,2012,"Chillies and peppers, dry (Capsicum spp., Pimenta spp.), raw",12292.0,2762.0,0.0
Republic of Korea,2013,"Chillies and peppers, dry (Capsicum spp., Pimenta spp.), raw",5474.0,2292.0,0.0
Republic of Korea,2014,"Chillies and peppers, dry (Capsicum spp., Pimenta spp.), raw",5241.87,2197.51,0.0
Republic of Korea,2015,"Chillies and peppers, dry (Capsicum spp., Pimenta spp.), raw",6160.12,2799.38,0.0
Republic of Korea,2016,"Chillies and peppers, dry (Capsicum spp., Pimenta spp.), raw",4093.7,2605.92,0.0
Republic of Korea,2017,"Chillies and peppers, dry (Capsicum spp., Pimenta spp.), raw",3360.99,2417.47,0.0
Republic of Korea,2018,"Chillies and peppers, dry (Capsicum spp., Pimenta spp.), raw",3977.78,2703.9,0.0
Republic of Korea,2019,"Chillies and peppers, dry (Capsicum spp., Pimenta spp.), raw",4343.33,3172.8,0.0
Republic of Korea,2020,"Chillies and peppers, dry (Capsicum spp., Pimenta spp.), raw",6080.16,3470.03,0.0
Republic of Korea,2021,"Chillies and peppers, dry (Capsicum spp., Pimenta spp.), raw",6112.16,3455.8,0.0
Republic of Korea,2022,"Chillies and peppers, dry (Capsicum spp., Pimenta spp.), raw",6742.45,3809.25,0.0
Republic of Moldova,1994,"Chillies and peppers, dry (Capsicum spp., Pimenta spp.), raw",2.0,0.0,0.0
Republic of Moldova,1995,"Chillies and peppers, dry (Capsicum spp., Pimenta spp.), raw",5.0,0.0,0.0
Republic of Moldova,1996,"Chillies and peppers, dry (Capsicum spp., Pimenta spp.), raw",1.0,0.0,0.0
Republic of Moldova,1997,"Chillies and peppers, dry (Capsicum spp., Pimenta spp.), raw",1.0,0.0,0.0
Republic of Moldova,1999,"Chillies and peppers, dry (Capsicum spp., Pimenta spp.), raw",8.0,0.0,0.0
Republic of Moldova,2000,"Chillies and peppers, dry (Capsicum spp., Pimenta spp.), raw",5.0,0.0,0.0
Republic of Moldova,2001,"Chillies and peppers, dry (Capsicum spp., Pimenta spp.), raw",5.0,0.0,0.0
Republic of Moldova,2002,"Chillies and peppers, dry (Capsicum spp., Pimenta spp.), raw",11.0,0.0,0.0
Republic of Moldova,2003,"Chillies and peppers, dry (Capsicum spp., Pimenta spp.), raw",20.0,0.0,0.0
Republic of Moldova,2004,"Chillies and peppers, dry (Capsicum spp., Pimenta spp.), raw",19.0,0.0,0.0
Republic of Moldova,2005,"Chillies and peppers, dry (Capsicum spp., Pimenta spp.), raw",21.0,0.0,0.0
Republic of Moldova,2006,"Chillies and peppers, dry (Capsicum spp., Pimenta spp.), raw",17.0,0.0,0.0
Republic of Moldova,2007,"Chillies and peppers, dry (Capsicum spp., Pimenta spp.), raw",16.0,0.0,0.0
Republic of Moldova,2008,"Chillies and peppers, dry (Capsicum spp., Pimenta spp.), raw",36.0,0.0,0.0
Republic of Moldova,2009,"Chillies and peppers, dry (Capsicum spp., Pimenta spp.), raw",22.0,0.0,0.0
Republic of Moldova,2010,"Chillies and peppers, dry (Capsicum spp., Pimenta spp.), raw",26.0,0.0,0.0
Republic of Moldova,2011,"Chillies and peppers, dry (Capsicum spp., Pimenta spp.), raw",33.0,0.0,0.0
Republic of Moldova,2012,"Chillies and peppers, dry (Capsicum spp., Pimenta spp.), raw",28.0,0.0,0.0
Republic of Moldova,2013,"Chillies and peppers, dry (Capsicum spp., Pimenta spp.), raw",28.0,0.0,0.0
Republic of Moldova,2014,"Chillies and peppers, dry (Capsicum spp., Pimenta spp.), raw",39.22,0.0,0.0
Republic of Moldova,2015,"Chillies and peppers, dry (Capsicum spp., Pimenta spp.), raw",38.83,0.04,0.0
Republic of Moldova,2017,"Chillies and peppers, dry (Capsicum spp., Pimenta spp.), raw",43.67,0.0,0.0
Republic of Moldova,2018,"Chillies and peppers, dry (Capsicum spp., Pimenta spp.), raw",62.17,0.0,0.0
Republic of Moldova,2019,"Chillies and peppers, dry (Capsicum spp., Pimenta spp.), raw",57.28,0.01,0.0
Republic of Moldova,2020,"Chillies and peppers, dry (Capsicum spp., Pimenta spp.), raw",66.67,0.27,0.0
Republic of Moldova,2021,"Chillies and peppers, dry (Capsicum spp., Pimenta spp.), raw",86.97,0.14,0.0
Republic of Moldova,2022,"Chillies and peppers, dry (Capsicum spp., Pimenta spp.), raw",110.14,0.95,0.0
Republic of Moldova,2023,"Chillies and peppers, dry (Capsicum spp., Pimenta spp.), raw",94.62,3.63,0.0
Romania,1994,"Chillies and peppers, dry (Capsicum spp., Pimenta spp.), raw",329.0,0.0,27000.0
Romania,1995,"Chillies and peppers, dry (Capsicum spp., Pimenta spp.), raw",520.0,0.0,28000.0
Romania,1996,"Chillies and peppers, dry (Capsicum spp., Pimenta spp.), raw",518.0,0.0,27000.0
Romania,1997,"Chillies and peppers, dry (Capsicum spp., Pimenta spp.), raw",372.0,4.0,26000.0
Romania,1998,"Chillies and peppers, dry (Capsicum spp., Pimenta spp.), raw",738.0,2.0,27311.27
Romania,1999,"Chillies and peppers, dry (Capsicum spp., Pimenta spp.), raw",366.0,22.0,28000.0
Romania,2001,"Chillies and peppers, dry (Capsicum spp., Pimenta spp.), raw",890.0,15.0,31048.51
Romania,2002,"Chillies and peppers, dry (Capsicum spp., Pimenta spp.), raw",743.0,7.0,31614.5
Romania,2003,"Chillies and peppers, dry (Capsicum spp., Pimenta spp.), raw",1058.0,1.0,32114.03
Romania,2005,"Chillies and peppers, dry (Capsicum spp., Pimenta spp.), raw",1247.0,0.0,32957.53
Romania,2008,"Chillies and peppers, dry (Capsicum spp., Pimenta spp.), raw",1327.0,4.0,36211.42
Romania,2009,"Chillies and peppers, dry (Capsicum spp., Pimenta spp.), raw",1240.0,52.0,38168.65
Romania,2010,"Chillies and peppers, dry (Capsicum spp., Pimenta spp.), raw",1097.0,54.0,40385.71
Romania,2011,"Chillies and peppers, dry (Capsicum spp., Pimenta spp.), raw",1550.0,65.0,42765.68
Romania,2012,"Chillies and peppers, dry (Capsicum spp., Pimenta spp.), raw",1199.0,41.0,48500.0
Romania,2013,"Chillies and peppers, dry (Capsicum spp., Pimenta spp.), raw",1295.0,33.0,47554.26
Romania,2014,"Chillies and peppers, dry (Capsicum spp., Pimenta spp.), raw",1531.75,105.7,47119.32
Romania,2015,"Chillies and peppers, dry (Capsicum spp., Pimenta spp.), raw",1458.35,170.98,48049.37
Romania,2016,"Chillies and peppers, dry (Capsicum spp., Pimenta spp.), raw",1740.44,369.36,49197.43
Romania,2017,"Chillies and peppers, dry (Capsicum spp., Pimenta spp.), raw",1969.62,340.84,50037.78
Romania,2018,"Chillies and peppers, dry (Capsicum spp., Pimenta spp.), raw",2322.76,348.42,0.0
Romania,2020,"Chillies and peppers, dry (Capsicum spp., Pimenta spp.), raw",2091.51,382.41,0.0
Romania,2021,"Chillies and peppers, dry (Capsicum spp., Pimenta spp.), raw",2456.28,447.8,0.0
Romania,2022,"Chillies and peppers, dry (Capsicum spp., Pimenta spp.), raw",2245.53,419.03,0.0
Russian Federation,1993,"Chillies and peppers, dry (Capsicum spp., Pimenta spp.), raw",130.0,0.0,0.0
Russian Federation,1994,"Chillies and peppers, dry (Capsicum spp., Pimenta spp.), raw",200.0,0.0,0.0
Russian Federation,1996,"Chillies and peppers, dry (Capsicum spp., Pimenta spp.), raw",785.0,3.0,0.0
Russian Federation,1997,"Chillies and peppers, dry (Capsicum spp., Pimenta spp.), raw",1500.0,11.0,0.0
Russian Federation,1998,"Chillies and peppers, dry (Capsicum spp., Pimenta spp.), raw",976.0,19.0,0.0
Russian Federation,1999,"Chillies and peppers, dry (Capsicum spp., Pimenta spp.), raw",1023.0,11.0,0.0
Russian Federation,2000,"Chillies and peppers, dry (Capsicum spp., Pimenta spp.), raw",1524.07,29.99,0.0
Russian Federation,2001,"Chillies and peppers, dry (Capsicum spp., Pimenta spp.), raw",2738.0,114.0,0.0
Russian Federation,2002,"Chillies and peppers, dry (Capsicum spp., Pimenta spp.), raw",3122.0,68.0,0.0
Russian Federation,2003,"Chillies and peppers, dry (Capsicum spp., Pimenta spp.), raw",3851.0,51.0,0.0
Russian Federation,2004,"Chillies and peppers, dry (Capsicum spp., Pimenta spp.), raw",4932.0,74.0,0.0
Russian Federation,2005,"Chillies and peppers, dry (Capsicum spp., Pimenta spp.), raw",4658.0,66.0,0.0
Russian Federation,2006,"Chillies and peppers, dry (Capsicum spp., Pimenta spp.), raw",4907.0,54.0,0.0
Russian Federation,2007,"Chillies and peppers, dry (Capsicum spp., Pimenta spp.), raw",5516.0,55.0,0.0
Russian Federation,2008,"Chillies and peppers, dry (Capsicum spp., Pimenta spp.), raw",6962.0,49.0,0.0
Russian Federation,2009,"Chillies and peppers, dry (Capsicum spp., Pimenta spp.), raw",6366.0,49.0,0.0
Russian Federation,2010,"Chillies and peppers, dry (Capsicum spp., Pimenta spp.), raw",7445.0,42.0,0.0
Russian Federation,2011,"Chillies and peppers, dry (Capsicum spp., Pimenta spp.), raw",6401.0,54.0,0.0
Russian Federation,2012,"Chillies and peppers, dry (Capsicum spp., Pimenta spp.), raw",6507.0,93.0,0.0
Russian Federation,2013,"Chillies and peppers, dry (Capsicum spp., Pimenta spp.), raw",5946.0,93.0,0.0
Russian Federation,2014,"Chillies and peppers, dry (Capsicum spp., Pimenta spp.), raw",6419.62,130.01,0.0
Russian Federation,2015,"Chillies and peppers, dry (Capsicum spp., Pimenta spp.), raw",6193.12,141.64,0.0
Russian Federation,2016,"Chillies and peppers, dry (Capsicum spp., Pimenta spp.), raw",7654.08,147.08,0.0
Russian Federation,2017,"Chillies and peppers, dry (Capsicum spp., Pimenta spp.), raw",6964.09,213.37,0.0
Russian Federation,2018,"Chillies and peppers, dry (Capsicum spp., Pimenta spp.), raw",7360.82,261.22,0.0
Russian Federation,2019,"Chillies and peppers, dry (Capsicum spp., Pimenta spp.), raw",8476.86,400.09,0.0
Russian Federation,2020,"Chillies and peppers, dry (Capsicum spp., Pimenta spp.), raw",9382.58,486.05,0.0
Russian Federation,2022,"Chillies and peppers, dry (Capsicum spp., Pimenta spp.), raw",9080.77,250.51,0.0
Russian Federation,2023,"Chillies and peppers, dry (Capsicum spp., Pimenta spp.), raw",10167.7,336.3,0.0
Rwanda,1997,"Chillies and peppers, dry (Capsicum spp., Pimenta spp.), raw",0.0,0.0,0.0
Rwanda,1998,"Chillies and peppers, dry (Capsicum spp., Pimenta spp.), raw",0.0,0.0,0.0
Rwanda,1999,"Chillies and peppers, dry (Capsicum spp., Pimenta spp.), raw",0.0,0.0,0.0
Rwanda,2001,"Chillies and peppers, dry (Capsicum spp., Pimenta spp.), raw",1.0,0.0,0.0
Rwanda,2002,"Chillies and peppers, dry (Capsicum spp., Pimenta spp.), raw",0.0,0.0,0.0
Rwanda,2003,"Chillies and peppers, dry (Capsicum spp., Pimenta spp.), raw",1.0,0.0,0.0
Rwanda,2004,"Chillies and peppers, dry (Capsicum spp., Pimenta spp.), raw",1.0,0.0,0.0
Rwanda,2006,"Chillies and peppers, dry (Capsicum spp., Pimenta spp.), raw",1.0,0.0,0.0
Rwanda,2007,"Chillies and peppers, dry (Capsicum spp., Pimenta spp.), raw",1.0,0.0,0.0
Rwanda,2009,"Chillies and peppers, dry (Capsicum spp., Pimenta spp.), raw",0.0,0.0,0.0
Rwanda,2010,"Chillies and peppers, dry (Capsicum spp., Pimenta spp.), raw",0.0,0.0,0.0
Rwanda,2011,"Chillies and peppers, dry (Capsicum spp., Pimenta spp.), raw",2.0,0.0,0.0
Rwanda,2012,"Chillies and peppers, dry (Capsicum spp., Pimenta spp.), raw",2.0,0.0,0.0
Rwanda,2013,"Chillies and peppers, dry (Capsicum spp., Pimenta spp.), raw",0.0,0.0,0.0
Rwanda,2015,"Chillies and peppers, dry (Capsicum spp., Pimenta spp.), raw",1.57,0.89,0.0
Rwanda,2016,"Chillies and peppers, dry (Capsicum spp., Pimenta spp.), raw",2.72,0.0,0.0
Rwanda,2017,"Chillies and peppers, dry (Capsicum spp., Pimenta spp.), raw",3.84,6.05,0.0
Rwanda,2018,"Chillies and peppers, dry (Capsicum spp., Pimenta spp.), raw",4.54,3.25,0.0
Rwanda,2019,"Chillies and peppers, dry (Capsicum spp., Pimenta spp.), raw",9.11,102.05,0.0
Rwanda,2020,"Chillies and peppers, dry (Capsicum spp., Pimenta spp.), raw",4.81,35.31,0.0
Rwanda,2021,"Chillies and peppers, dry (Capsicum spp., Pimenta spp.), raw",7.0,110.07,0.0
Rwanda,2022,"Chillies and peppers, dry (Capsicum spp., Pimenta spp.), raw",10.86,76.43,0.0
Saint Kitts and Nevis,2006,"Chillies and peppers, dry (Capsicum spp., Pimenta spp.), raw",1.0,0.0,0.0
Saint Kitts and Nevis,2008,"Chillies and peppers, dry (Capsicum spp., Pimenta spp.), raw",1.0,0.0,0.0
Saint Kitts and Nevis,2009,"Chillies and peppers, dry (Capsicum spp., Pimenta spp.), raw",1.0,0.0,0.0
Saint Kitts and Nevis,2010,"Chillies and peppers, dry (Capsicum spp., Pimenta spp.), raw",0.0,0.0,0.0
Saint Kitts and Nevis,2011,"Chillies and peppers, dry (Capsicum spp., Pimenta spp.), raw",0.0,0.0,0.0
Saint Kitts and Nevis,2012,"Chillies and peppers, dry (Capsicum spp., Pimenta spp.), raw",0.0,0.0,0.0
Saint Kitts and Nevis,2013,"Chillies and peppers, dry (Capsicum spp., Pimenta spp.), raw",0.0,0.0,0.0
Saint Kitts and Nevis,2014,"Chillies and peppers, dry (Capsicum spp., Pimenta spp.), raw",0.0,0.0,0.0
Saint Kitts and Nevis,2015,"Chillies and peppers, dry (Capsicum spp., Pimenta spp.), raw",2.06,0.0,0.0
Saint Kitts and Nevis,2016,"Chillies and peppers, dry (Capsicum spp., Pimenta spp.), raw",6.2,0.0,0.0
Saint Kitts and Nevis,2020,"Chillies and peppers, dry (Capsicum spp., Pimenta spp.), raw",0.21,0.0,0.0
Saint Kitts and Nevis,2021,"Chillies and peppers, dry (Capsicum spp., Pimenta spp.), raw",0.0,0.0,0.0
Saint Kitts and Nevis,2022,"Chillies and peppers, dry (Capsicum spp., Pimenta spp.), raw",0.39,0.0,0.0
Saint Kitts and Nevis,2023,"Chillies and peppers, dry (Capsicum spp., Pimenta spp.), raw",0.05,0.0,0.0
Saint Lucia,1998,"Chillies and peppers, dry (Capsicum spp., Pimenta spp.), raw",2.0,0.0,0.0
Saint Lucia,1999,"Chillies and peppers, dry (Capsicum spp., Pimenta spp.), raw",1.0,0.0,0.0
Saint Lucia,2000,"Chillies and peppers, dry (Capsicum spp., Pimenta spp.), raw",3.0,0.0,0.0
Saint Lucia,2001,"Chillies and peppers, dry (Capsicum spp., Pimenta spp.), raw",1.0,0.0,0.0
Saint Lucia,2002,"Chillies and peppers, dry (Capsicum spp., Pimenta spp.), raw",1.0,0.0,0.0
Saint Lucia,2003,"Chillies and peppers, dry (Capsicum spp., Pimenta spp.), raw",5.0,23.0,0.0
Saint Lucia,2004,"Chillies and peppers, dry (Capsicum spp., Pimenta spp.), raw",5.0,17.0,0.0
Saint Lucia,2005,"Chillies and peppers, dry (Capsicum spp., Pimenta spp.), raw",4.0,9.0,0.0
Saint Lucia,2006,"Chillies and peppers, dry (Capsicum spp., Pimenta spp.), raw",4.0,0.0,0.0
Saint Lucia,2008,"Chillies and peppers, dry (Capsicum spp., Pimenta spp.), raw",3.0,2.0,0.0
Saint Lucia,2010,"Chillies and peppers, dry (Capsicum spp., Pimenta spp.), raw",0.0,0.0,0.0
Saint Lucia,2011,"Chillies and peppers, dry (Capsicum spp., Pimenta spp.), raw",0.0,0.0,0.0
Saint Lucia,2012,"Chillies and peppers, dry (Capsicum spp., Pimenta spp.), raw",0.0,0.0,0.0
Saint Lucia,2013,"Chillies and peppers, dry (Capsicum spp., Pimenta spp.), raw",0.0,0.0,0.0
Saint Lucia,2015,"Chillies and peppers, dry (Capsicum spp., Pimenta spp.), raw",1.12,0.01,0.0
Saint Lucia,2016,"Chillies and peppers, dry (Capsicum spp., Pimenta spp.), raw",4.94,0.47,0.0
Saint Lucia,2017,"Chillies and peppers, dry (Capsicum spp., Pimenta spp.), raw",4.46,0.02,0.0
Saint Lucia,2018,"Chillies and peppers, dry (Capsicum spp., Pimenta spp.), raw",4.76,0.11,0.0
Saint Lucia,2019,"Chillies and peppers, dry (Capsicum spp., Pimenta spp.), raw",5.73,0.14,0.0
Saint Lucia,2020,"Chillies and peppers, dry (Capsicum spp., Pimenta spp.), raw",6.29,0.04,0.0
Saint Lucia,2021,"Chillies and peppers, dry (Capsicum spp., Pimenta spp.), raw",0.05,2.84,0.0
Saint Lucia,2022,"Chillies and peppers, dry (Capsicum spp., Pimenta spp.), raw",3.92,2.11,0.0
Saint Lucia,2023,"Chillies and peppers, dry (Capsicum spp., Pimenta spp.), raw",2.77,1.68,0.0
Saint Vincent and the Grenadines,2002,"Chillies and peppers, dry (Capsicum spp., Pimenta spp.), raw",1.0,0.0,0.0
Saint Vincent and the Grenadines,2003,"Chillies and peppers, dry (Capsicum spp., Pimenta spp.), raw",1.0,0.0,0.0
Saint Vincent and the Grenadines,2005,"Chillies and peppers, dry (Capsicum spp., Pimenta spp.), raw",1.0,0.0,0.0
Saint Vincent and the Grenadines,2006,"Chillies and peppers, dry (Capsicum spp., Pimenta spp.), raw",1.0,0.0,0.0
Saint Vincent and the Grenadines,2007,"Chillies and peppers, dry (Capsicum spp., Pimenta spp.), raw",1.0,0.0,0.0
Saint Vincent and the Grenadines,2008,"Chillies and peppers, dry (Capsicum spp., Pimenta spp.), raw",2.0,0.0,0.0
Saint Vincent and the Grenadines,2009,"Chillies and peppers, dry (Capsicum spp., Pimenta spp.), raw",2.0,0.0,0.0
Saint Vincent and the Grenadines,2010,"Chillies and peppers, dry (Capsicum spp., Pimenta spp.), raw",3.0,0.0,0.0
Saint Vincent and the Grenadines,2011,"Chillies and peppers, dry (Capsicum spp., Pimenta spp.), raw",3.0,0.0,0.0
Saint Vincent and the Grenadines,2012,"Chillies and peppers, dry (Capsicum spp., Pimenta spp.), raw",0.0,0.0,0.0
Saint Vincent and the Grenadines,2013,"Chillies and peppers, dry (Capsicum spp., Pimenta spp.), raw",0.0,0.0,0.0
Saint Vincent and the Grenadines,2014,"Chillies and peppers, dry (Capsicum spp., Pimenta spp.), raw",3.93,0.0,0.0
Saint Vincent and the Grenadines,2015,"Chillies and peppers, dry (Capsicum spp., Pimenta spp.), raw",4.08,0.0,0.0
Saint Vincent and the Grenadines,2016,"Chillies and peppers, dry (Capsicum spp., Pimenta spp.), raw",43.81,0.0,0.0
Saint Vincent and the Grenadines,2017,"Chillies and peppers, dry (Capsicum spp., Pimenta spp.), raw",2.74,0.1,0.0
Saint Vincent and the Grenadines,2019,"Chillies and peppers, dry (Capsicum spp., Pimenta spp.), raw",25.27,0.0,0.0
Saint Vincent and the Grenadines,2020,"Chillies and peppers, dry (Capsicum spp., Pimenta spp.), raw",22.56,0.0,0.0
Saint Vincent and the Grenadines,2021,"Chillies and peppers, dry (Capsicum spp., Pimenta spp.), raw",3.0,0.0,0.0
Saint Vincent and the Grenadines,2022,"Chillies and peppers, dry (Capsicum spp., Pimenta spp.), raw",0.06,0.58,0.0
Saint Vincent and the Grenadines,2023,"Chillies and peppers, dry (Capsicum spp., Pimenta spp.), raw",0.13,0.63,0.0
Samoa,2012,"Chillies and peppers, dry (Capsicum spp., Pimenta spp.), raw",3.0,0.0,0.0
Samoa,2013,"Chillies and peppers, dry (Capsicum spp., Pimenta spp.), raw",2.0,0.0,0.0
Samoa,2015,"Chillies and peppers, dry (Capsicum spp., Pimenta spp.), raw",1.27,0.0,0.0
Samoa,2016,"Chillies and peppers, dry (Capsicum spp., Pimenta spp.), raw",1.79,0.0,0.0
Samoa,2017,"Chillies and peppers, dry (Capsicum spp., Pimenta spp.), raw",0.11,0.0,0.0
Samoa,2019,"Chillies and peppers, dry (Capsicum spp., Pimenta spp.), raw",0.91,0.0,0.0
Samoa,2020,"Chillies and peppers, dry (Capsicum spp., Pimenta spp.), raw",0.51,0.0,0.0
Samoa,2022,"Chillies and peppers, dry (Capsicum spp., Pimenta spp.), raw",1.17,0.0,0.0
Samoa,2023,"Chillies and peppers, dry (Capsicum spp., Pimenta spp.), raw",0.26,0.0,0.0
Sao Tome and Principe,2014,"Chillies and peppers, dry (Capsicum spp., Pimenta spp.), raw",1.21,0.0,0.0
Sao Tome and Principe,2016,"Chillies and peppers, dry (Capsicum spp., Pimenta spp.), raw",1.38,0.0,0.0
Sao Tome and Principe,2017,"Chillies and peppers, dry (Capsicum spp., Pimenta spp.), raw",0.8,0.01,0.0
Sao Tome and Principe,2018,"Chillies and peppers, dry (Capsicum spp., Pimenta spp.), raw",0.45,0.0,0.0
Sao Tome and Principe,2019,"Chillies and peppers, dry (Capsicum spp., Pimenta spp.), raw",0.62,0.05,0.0
Sao Tome and Principe,2020,"Chillies and peppers, dry (Capsicum spp., Pimenta spp.), raw",0.45,0.0,0.0
Sao Tome and Principe,2021,"Chillies and peppers, dry (Capsicum spp., Pimenta spp.), raw",0.61,19.96,0.0
Sao Tome and Principe,2022,"Chillies and peppers, dry (Capsicum spp., Pimenta spp.), raw",0.36,15.14,0.0
Sao Tome and Principe,2023,"Chillies and peppers, dry (Capsicum spp., Pimenta spp.), raw",0.29,19.0,0.0
Saudi Arabia,1993,"Chillies and peppers, dry (Capsicum spp., Pimenta spp.), raw",521.0,0.0,0.0
Saudi Arabia,1994,"Chillies and peppers, dry (Capsicum spp., Pimenta spp.), raw",620.0,0.0,0.0
Saudi Arabia,1995,"Chillies and peppers, dry (Capsicum spp., Pimenta spp.), raw",961.0,0.0,0.0
Saudi Arabia,1996,"Chillies and peppers, dry (Capsicum spp., Pimenta spp.), raw",796.0,0.0,0.0
Saudi Arabia,1997,"Chillies and peppers, dry (Capsicum spp., Pimenta spp.), raw",527.0,0.0,0.0
Saudi Arabia,1998,"Chillies and peppers, dry (Capsicum spp., Pimenta spp.), raw",562.0,18.0,0.0
Saudi Arabia,1999,"Chillies and peppers, dry (Capsicum spp., Pimenta spp.), raw",410.0,0.0,0.0
Saudi Arabia,2000,"Chillies and peppers, dry (Capsicum spp., Pimenta spp.), raw",1034.69,57.41,0.0
Saudi Arabia,2001,"Chillies and peppers, dry (Capsicum spp., Pimenta spp.), raw",968.0,67.0,0.0
Saudi Arabia,2002,"Chillies and peppers, dry (Capsicum spp., Pimenta spp.), raw",1038.0,31.0,0.0
Saudi Arabia,2003,"Chillies and peppers, dry (Capsicum spp., Pimenta spp.), raw",1609.0,64.0,0.0
Saudi Arabia,2004,"Chillies and peppers, dry (Capsicum spp., Pimenta spp.), raw",2072.0,189.0,0.0
Saudi Arabia,2006,"Chillies and peppers, dry (Capsicum spp., Pimenta spp.), raw",1727.0,38.0,0.0
Saudi Arabia,2007,"Chillies and peppers, dry (Capsicum spp., Pimenta spp.), raw",2127.0,43.0,0.0
Saudi Arabia,2008,"Chillies and peppers, dry (Capsicum spp., Pimenta spp.), raw",5379.0,56.0,0.0
Saudi Arabia,2009,"Chillies and peppers, dry (Capsicum spp., Pimenta spp.), raw",5379.0,56.0,0.0
Saudi Arabia,2010,"Chillies and peppers, dry (Capsicum spp., Pimenta spp.), raw",2221.0,0.0,0.0
Saudi Arabia,2011,"Chillies and peppers, dry (Capsicum spp., Pimenta spp.), raw",1882.0,66.0,0.0
Saudi Arabia,2012,"Chillies and peppers, dry (Capsicum spp., Pimenta spp.), raw",2331.0,0.0,0.0
Saudi Arabia,2013,"Chillies and peppers, dry (Capsicum spp., Pimenta spp.), raw",2050.0,0.0,0.0
Saudi Arabia,2014,"Chillies and peppers, dry (Capsicum spp., Pimenta spp.), raw",2493.0,0.0,0.0
Saudi Arabia,2015,"Chillies and peppers, dry (Capsicum spp., Pimenta spp.), raw",2750.0,93.0,0.0
Saudi Arabia,2016,"Chillies and peppers, dry (Capsicum spp., Pimenta spp.), raw",1720.0,0.0,0.0
Saudi Arabia,2017,"Chillies and peppers, dry (Capsicum spp., Pimenta spp.), raw",2126.39,0.0,0.0
Saudi Arabia,2018,"Chillies and peppers, dry (Capsicum spp., Pimenta spp.), raw",2897.98,138.05,0.0
Saudi Arabia,2019,"Chillies and peppers, dry (Capsicum spp., Pimenta spp.), raw",3803.06,0.0,0.0
Saudi Arabia,2020,"Chillies and peppers, dry (Capsicum spp., Pimenta spp.), raw",4101.12,15.84,0.0
Saudi Arabia,2021,"Chillies and peppers, dry (Capsicum spp., Pimenta spp.), raw",7614.48,75.61,0.0
Saudi Arabia,2022,"Chillies and peppers, dry (Capsicum spp., Pimenta spp.), raw",10318.32,50.0,0.0
Saudi Arabia,2023,"Chillies and peppers, dry (Capsicum spp., Pimenta spp.), raw",5109.79,109.1,0.0
Senegal,1993,"Chillies and peppers, dry (Capsicum spp., Pimenta spp.), raw",263.0,0.0,2551.23
Senegal,1994,"Chillies and peppers, dry (Capsicum spp., Pimenta spp.), raw",100.0,0.0,2668.11
Senegal,1995,"Chillies and peppers, dry (Capsicum spp., Pimenta spp.), raw",197.0,1.0,2785.72
Senegal,1996,"Chillies and peppers, dry (Capsicum spp., Pimenta spp.), raw",133.0,1.0,2903.33
Senegal,1997,"Chillies and peppers, dry (Capsicum spp., Pimenta spp.), raw",94.0,0.0,3020.94
Senegal,1998,"Chillies and peppers, dry (Capsicum spp., Pimenta spp.), raw",160.0,0.0,3077.03
Senegal,1999,"Chillies and peppers, dry (Capsicum spp., Pimenta spp.), raw",129.0,0.0,3040.34
Senegal,2000,"Chillies and peppers, dry (Capsicum spp., Pimenta spp.), raw",132.96,0.0,2700.0
Senegal,2001,"Chillies and peppers, dry (Capsicum spp., Pimenta spp.), raw",142.0,4.0,2902.0
Senegal,2004,"Chillies and peppers, dry (Capsicum spp., Pimenta spp.), raw",101.0,4.0,3062.0
Senegal,2005,"Chillies and peppers, dry (Capsicum spp., Pimenta spp.), raw",150.0,3.0,4805.0
Senegal,2006,"Chillies and peppers, dry (Capsicum spp., Pimenta spp.), raw",62.0,2.0,5800.0
Senegal,2007,"Chillies and peppers, dry (Capsicum spp., Pimenta spp.), raw",188.0,8.0,2500.0
Senegal,2008,"Chillies and peppers, dry (Capsicum spp., Pimenta spp.), raw",117.0,7.0,4596.07
Senegal,2009,"Chillies and peppers, dry (Capsicum spp., Pimenta spp.), raw",186.0,1.0,4721.07
Senegal,2010,"Chillies and peppers, dry (Capsicum spp., Pimenta spp.), raw",634.0,7.0,5216.87
Senegal,2012,"Chillies and peppers, dry (Capsicum spp., Pimenta spp.), raw",520.0,141.0,4405.56
Senegal,2013,"Chillies and peppers, dry (Capsicum spp., Pimenta spp.), raw",571.0,182.0,4728.57
Senegal,2014,"Chillies and peppers, dry (Capsicum spp., Pimenta spp.), raw",672.99,226.59,4704.04
Senegal,2015,"Chillies and peppers, dry (Capsicum spp., Pimenta spp.), raw",1129.84,218.7,4761.47
Senegal,2016,"Chillies and peppers, dry (Capsicum spp., Pimenta spp.), raw",294.44,272.21,4859.17
Senegal,2017,"Chillies and peppers, dry (Capsicum spp., Pimenta spp.), raw",104.34,318.56,4911.95
Senegal,2018,"Chillies and peppers, dry (Capsicum spp., Pimenta spp.), raw",93.14,371.99,5027.65
Senegal,2019,"Chillies and peppers, dry (Capsicum spp., Pimenta spp.), raw",48.21,158.75,5104.04
Senegal,2020,"Chillies and peppers, dry (Capsicum spp., Pimenta spp.), raw",90.19,118.14,5014.54
Senegal,2021,"Chillies and peppers, dry (Capsicum spp., Pimenta spp.), raw",41.77,24.92,5048.74
Senegal,2022,"Chillies and peppers, dry (Capsicum spp., Pimenta spp.), raw",77.92,26.7,5055.78
Senegal,2023,"Chillies and peppers, dry (Capsicum spp., Pimenta spp.), raw",56.65,20.18,5039.69
Serbia,2007,"Chillies and peppers, dry (Capsicum spp., Pimenta spp.), raw",136.0,3261.0,3500.0
Serbia,2009,"Chillies and peppers, dry (Capsicum spp., Pimenta spp.), raw",116.0,2155.0,3500.0
Serbia,2010,"Chillies and peppers, dry (Capsicum spp., Pimenta spp.), raw",98.0,2721.0,3500.0
Serbia,2011,"Chillies and peppers, dry (Capsicum spp., Pimenta spp.), raw",103.0,2153.0,3500.0
Serbia,2012,"Chillies and peppers, dry (Capsicum spp., Pimenta spp.), raw",150.0,1503.0,4000.0
Serbia,2013,"Chillies and peppers, dry (Capsicum spp., Pimenta spp.), raw",191.0,1526.0,4088.61
Serbia,2014,"Chillies and peppers, dry (Capsicum spp., Pimenta spp.), raw",426.75,1662.29,3931.76
Serbia,2015,"Chillies and peppers, dry (Capsicum spp., Pimenta spp.), raw",374.33,1510.09,4030.41
Serbia,2016,"Chillies and peppers, dry (Capsicum spp., Pimenta spp.), raw",228.5,1458.96,4136.64
Serbia,2017,"Chillies and peppers, dry (Capsicum spp., Pimenta spp.), raw",333.0,1276.75,4223.3
Serbia,2018,"Chillies and peppers, dry (Capsicum spp., Pimenta spp.), raw",325.81,1022.41,4297.98
Serbia,2019,"Chillies and peppers, dry (Capsicum spp., Pimenta spp.), raw",476.12,1537.96,4405.31
Serbia,2020,"Chillies and peppers, dry (Capsicum spp., Pimenta spp.), raw",504.78,1345.86,4308.87
Serbia,2021,"Chillies and peppers, dry (Capsicum spp., Pimenta spp.), raw",752.47,1148.24,4337.39
Serbia,2022,"Chillies and peppers, dry (Capsicum spp., Pimenta spp.), raw",667.29,1131.3,4350.52
Serbia,2023,"Chillies and peppers, dry (Capsicum spp., Pimenta spp.), raw",730.1,1006.72,4332.26
Serbia and Montenegro,1993,"Chillies and peppers, dry (Capsicum spp., Pimenta spp.), raw",0.0,0.0,3161.0
Serbia and Montenegro,1994,"Chillies and peppers, dry (Capsicum spp., Pimenta spp.), raw",0.0,0.0,5655.0
Serbia and Montenegro,1995,"Chillies and peppers, dry (Capsicum spp., Pimenta spp.), raw",0.0,0.0,5188.0
Serbia and Montenegro,1996,"Chillies and peppers, dry (Capsicum spp., Pimenta spp.), raw",61.0,893.0,4600.0
Serbia and Montenegro,1997,"Chillies and peppers, dry (Capsicum spp., Pimenta spp.), raw",194.0,699.0,5697.0
Serbia and Montenegro,1998,"Chillies and peppers, dry (Capsicum spp., Pimenta spp.), raw",163.0,691.0,7632.0
Serbia and Montenegro,1999,"Chillies and peppers, dry (Capsicum spp., Pimenta spp.), raw",70.0,1100.0,6480.0
Serbia and Montenegro,2000,"Chillies and peppers, dry (Capsicum spp., Pimenta spp.), raw",337.0,1121.0,5748.0
Serbia and Montenegro,2001,"Chillies and peppers, dry (Capsicum spp., Pimenta spp.), raw",108.0,1169.0,7610.0
Serbia and Montenegro,2002,"Chillies and peppers, dry (Capsicum spp., Pimenta spp.), raw",25.0,1437.0,5979.0
Serbia and Montenegro,2003,"Chillies and peppers, dry (Capsicum spp., Pimenta spp.), raw",233.0,1070.0,7864.0
Serbia and Montenegro,2004,"Chillies and peppers, dry (Capsicum spp., Pimenta spp.), raw",539.0,1686.0,9005.0
Serbia and Montenegro,2005,"Chillies and peppers, dry (Capsicum spp., Pimenta spp.), raw",296.0,1551.0,8646.0
Seychelles,1994,"Chillies and peppers, dry (Capsicum spp., Pimenta spp.), raw",16.0,0.0,0.0
Seychelles,1995,"Chillies and peppers, dry (Capsicum spp., Pimenta spp.), raw",12.0,0.0,0.0
Seychelles,1996,"Chillies and peppers, dry (Capsicum spp., Pimenta spp.), raw",10.0,0.0,0.0
Seychelles,1997,"Chillies and peppers, dry (Capsicum spp., Pimenta spp.), raw",15.0,0.0,0.0
Seychelles,1998,"Chillies and peppers, dry (Capsicum spp., Pimenta spp.), raw",6.0,0.0,0.0
Seychelles,1999,"Chillies and peppers, dry (Capsicum spp., Pimenta spp.), raw",6.0,0.0,0.0
Seychelles,2000,"Chillies and peppers, dry (Capsicum spp., Pimenta spp.), raw",4.37,0.0,0.0
Seychelles,2001,"Chillies and peppers, dry (Capsicum spp., Pimenta spp.), raw",4.37,0.0,0.0
Seychelles,2003,"Chillies and peppers, dry (Capsicum spp., Pimenta spp.), raw",4.0,0.0,0.0
Seychelles,2004,"Chillies and peppers, dry (Capsicum spp., Pimenta spp.), raw",4.0,0.0,0.0
Seychelles,2005,"Chillies and peppers, dry (Capsicum spp., Pimenta spp.), raw",10.0,0.0,0.0
Seychelles,2006,"Chillies and peppers, dry (Capsicum spp., Pimenta spp.), raw",12.0,0.0,0.0
Seychelles,2007,"Chillies and peppers, dry (Capsicum spp., Pimenta spp.), raw",16.0,0.0,0.0
Seychelles,2008,"Chillies and peppers, dry (Capsicum spp., Pimenta spp.), raw",17.0,0.0,0.0
Seychelles,2009,"Chillies and peppers, dry (Capsicum spp., Pimenta spp.), raw",17.0,0.0,0.0
Seychelles,2011,"Chillies and peppers, dry (Capsicum spp., Pimenta spp.), raw",16.0,0.0,0.0
Seychelles,2012,"Chillies and peppers, dry (Capsicum spp., Pimenta spp.), raw",11.0,0.0,0.0
Seychelles,2013,"Chillies and peppers, dry (Capsicum spp., Pimenta spp.), raw",28.0,0.0,0.0
Seychelles,2014,"Chillies and peppers, dry (Capsicum spp., Pimenta spp.), raw",16.84,0.0,0.0
Seychelles,2015,"Chillies and peppers, dry (Capsicum spp., Pimenta spp.), raw",32.44,0.0,0.0
Seychelles,2016,"Chillies and peppers, dry (Capsicum spp., Pimenta spp.), raw",40.97,0.0,0.0
Seychelles,2017,"Chillies and peppers, dry (Capsicum spp., Pimenta spp.), raw",43.33,0.0,0.0
Seychelles,2018,"Chillies and peppers, dry (Capsicum spp., Pimenta spp.), raw",42.9,0.0,0.0
Seychelles,2019,"Chillies and peppers, dry (Capsicum spp., Pimenta spp.), raw",50.24,0.0,0.0
Seychelles,2020,"Chillies and peppers, dry (Capsicum spp., Pimenta spp.), raw",54.0,0.0,0.0
Seychelles,2021,"Chillies and peppers, dry (Capsicum spp., Pimenta spp.), raw",43.08,0.0,0.0
Seychelles,2022,"Chillies and peppers, dry (Capsicum spp., Pimenta spp.), raw",67.01,0.0,0.0
Seychelles,2023,"Chillies and peppers, dry (Capsicum spp., Pimenta spp.), raw",68.54,0.0,0.0
Sierra Leone,2014,"Chillies and peppers, dry (Capsicum spp., Pimenta spp.), raw",0.25,0.0,3963.52
Sierra Leone,2017,"Chillies and peppers, dry (Capsicum spp., Pimenta spp.), raw",0.16,0.0,4093.71
Sierra Leone,2019,"Chillies and peppers, dry (Capsicum spp., Pimenta spp.), raw",0.67,0.0,4180.0
Sierra Leone,2020,"Chillies and peppers, dry (Capsicum spp., Pimenta spp.), raw",0.43,0.0,4239.7
Sierra Leone,2021,"Chillies and peppers, dry (Capsicum spp., Pimenta spp.), raw",2.6,0.0,4241.83
Sierra Leone,2022,"Chillies and peppers, dry (Capsicum spp., Pimenta spp.), raw",0.83,0.0,4268.35
Sierra Leone,2023,"Chillies and peppers, dry (Capsicum spp., Pimenta spp.), raw",1.14,0.0,4294.87
Singapore,1994,"Chillies and peppers, dry (Capsicum spp., Pimenta spp.), raw",19157.0,12878.0,0.0
Singapore,1995,"Chillies and peppers, dry (Capsicum spp., Pimenta spp.), raw",19921.0,15794.0,0.0
Singapore,1996,"Chillies and peppers, dry (Capsicum spp., Pimenta spp.), raw",18970.0,12818.0,0.0
Singapore,1997,"Chillies and peppers, dry (Capsicum spp., Pimenta spp.), raw",19537.0,11287.0,0.0
Singapore,1998,"Chillies and peppers, dry (Capsicum spp., Pimenta spp.), raw",8841.0,4918.0,0.0
Singapore,1999,"Chillies and peppers, dry (Capsicum spp., Pimenta spp.), raw",7976.0,3540.0,0.0
Singapore,2000,"Chillies and peppers, dry (Capsicum spp., Pimenta spp.), raw",8214.21,2777.42,0.0
Singapore,2001,"Chillies and peppers, dry (Capsicum spp., Pimenta spp.), raw",6797.0,1905.0,0.0
Singapore,2002,"Chillies and peppers, dry (Capsicum spp., Pimenta spp.), raw",5991.0,1055.0,0.0
Singapore,2003,"Chillies and peppers, dry (Capsicum spp., Pimenta spp.), raw",5670.0,688.0,0.0
Singapore,2004,"Chillies and peppers, dry (Capsicum spp., Pimenta spp.), raw",5967.0,548.0,0.0
Singapore,2006,"Chillies and peppers, dry (Capsicum spp., Pimenta spp.), raw",5242.0,681.0,0.0
Singapore,2007,"Chillies and peppers, dry (Capsicum spp., Pimenta spp.), raw",5256.0,563.0,0.0
Singapore,2008,"Chillies and peppers, dry (Capsicum spp., Pimenta spp.), raw",5581.0,360.0,0.0
Singapore,2009,"Chillies and peppers, dry (Capsicum spp., Pimenta spp.), raw",5787.0,336.0,0.0
Singapore,2010,"Chillies and peppers, dry (Capsicum spp., Pimenta spp.), raw",5653.0,242.0,0.0
Singapore,2011,"Chillies and peppers, dry (Capsicum spp., Pimenta spp.), raw",5630.0,396.0,0.0
Singapore,2012,"Chillies and peppers, dry (Capsicum spp., Pimenta spp.), raw",5288.0,389.0,0.0
Singapore,2013,"Chillies and peppers, dry (Capsicum spp., Pimenta spp.), raw",5534.0,677.0,0.0
Singapore,2014,"Chillies and peppers, dry (Capsicum spp., Pimenta spp.), raw",6184.34,789.27,0.0
Singapore,2016,"Chillies and peppers, dry (Capsicum spp., Pimenta spp.), raw",6116.9,564.14,0.0
Singapore,2017,"Chillies and peppers, dry (Capsicum spp., Pimenta spp.), raw",6134.32,666.3,0.0
Singapore,2018,"Chillies and peppers, dry (Capsicum spp., Pimenta spp.), raw",6201.52,541.88,0.0
Singapore,2021,"Chillies and peppers, dry (Capsicum spp., Pimenta spp.), raw",6118.88,345.32,0.0
Singapore,2022,"Chillies and peppers, dry (Capsicum spp., Pimenta spp.), raw",5864.31,784.97,0.0
Singapore,2023,"Chillies and peppers, dry (Capsicum spp., Pimenta spp.), raw",6090.85,884.0,0.0
Slovakia,1993,"Chillies and peppers, dry (Capsicum spp., Pimenta spp.), raw",100.0,434.0,0.0
Slovakia,1994,"Chillies and peppers, dry (Capsicum spp., Pimenta spp.), raw",325.0,282.0,0.0
Slovakia,1995,"Chillies and peppers, dry (Capsicum spp., Pimenta spp.), raw",550.0,94.0,0.0
Slovakia,1996,"Chillies and peppers, dry (Capsicum spp., Pimenta spp.), raw",761.0,32.0,0.0
Slovakia,1997,"Chillies and peppers, dry (Capsicum spp., Pimenta spp.), raw",647.0,61.0,0.0
Slovakia,1998,"Chillies and peppers, dry (Capsicum spp., Pimenta spp.), raw",817.0,10.0,0.0
Slovakia,1999,"Chillies and peppers, dry (Capsicum spp., Pimenta spp.), raw",690.0,45.0,0.0
Slovakia,2000,"Chillies and peppers, dry (Capsicum spp., Pimenta spp.), raw",669.0,90.0,0.0
Slovakia,2001,"Chillies and peppers, dry (Capsicum spp., Pimenta spp.), raw",875.0,33.0,0.0
Slovakia,2002,"Chillies and peppers, dry (Capsicum spp., Pimenta spp.), raw",824.0,52.0,0.0
Slovakia,2003,"Chillies and peppers, dry (Capsicum spp., Pimenta spp.), raw",860.0,133.0,0.0
Slovakia,2005,"Chillies and peppers, dry (Capsicum spp., Pimenta spp.), raw",928.0,459.0,0.0
Slovakia,2006,"Chillies and peppers, dry (Capsicum spp., Pimenta spp.), raw",895.0,166.0,0.0
Slovakia,2007,"Chillies and peppers, dry (Capsicum spp., Pimenta spp.), raw",1170.0,224.0,0.0
Slovakia,2008,"Chillies and peppers, dry (Capsicum spp., Pimenta spp.), raw",1557.0,121.0,0.0
Slovakia,2009,"Chillies and peppers, dry (Capsicum spp., Pimenta spp.), raw",1834.0,80.0,0.0
Slovakia,2010,"Chillies and peppers, dry (Capsicum spp., Pimenta spp.), raw",1771.0,161.0,0.0
Slovakia,2011,"Chillies and peppers, dry (Capsicum spp., Pimenta spp.), raw",1661.0,129.0,0.0
Slovakia,2012,"Chillies and peppers, dry (Capsicum spp., Pimenta spp.), raw",2004.0,308.0,0.0
Slovakia,2013,"Chillies and peppers, dry (Capsicum spp., Pimenta spp.), raw",1867.0,481.0,0.0
Slovakia,2014,"Chillies and peppers, dry (Capsicum spp., Pimenta spp.), raw",1912.55,472.38,0.0
Slovakia,2015,"Chillies and peppers, dry (Capsicum spp., Pimenta spp.), raw",1347.28,449.19,0.0
Slovakia,2016,"Chillies and peppers, dry (Capsicum spp., Pimenta spp.), raw",1087.28,260.36,0.0
Slovakia,2017,"Chillies and peppers, dry (Capsicum spp., Pimenta spp.), raw",1101.92,268.01,0.0
Slovakia,2018,"Chillies and peppers, dry (Capsicum spp., Pimenta spp.), raw",1268.58,285.87,0.0
Slovakia,2019,"Chillies and peppers, dry (Capsicum spp., Pimenta spp.), raw",1161.85,354.05,0.0
Slovakia,2020,"Chillies and peppers, dry (Capsicum spp., Pimenta spp.), raw",1345.04,477.99,0.0
Slovakia,2021,"Chillies and peppers, dry (Capsicum spp., Pimenta spp.), raw",2122.68,559.26,0.0
Slovakia,2023,"Chillies and peppers, dry (Capsicum spp., Pimenta spp.), raw",1966.48,582.81,0.0
Slovenia,1993,"Chillies and peppers, dry (Capsicum spp., Pimenta spp.), raw",173.0,31.0,1090.0
Slovenia,1994,"Chillies and peppers, dry (Capsicum spp., Pimenta spp.), raw",222.0,16.0,1000.0
Slovenia,1995,"Chillies and peppers, dry (Capsicum spp., Pimenta spp.), raw",201.0,36.0,1150.0
Slovenia,1996,"Chillies and peppers, dry (Capsicum spp., Pimenta spp.), raw",187.0,35.0,1300.0
Slovenia,1997,"Chillies and peppers, dry (Capsicum spp., Pimenta spp.), raw",206.0,23.0,1280.0
Slovenia,1998,"Chillies and peppers, dry (Capsicum spp., Pimenta spp.), raw",191.0,19.0,1223.58
Slovenia,2002,"Chillies and peppers, dry (Capsicum spp., Pimenta spp.), raw",205.0,18.0,1251.45
Slovenia,2003,"Chillies and peppers, dry (Capsicum spp., Pimenta spp.), raw",226.0,25.0,1252.38
Slovenia,2004,"Chillies and peppers, dry (Capsicum spp., Pimenta spp.), raw",170.0,58.0,1253.78
Slovenia,2006,"Chillies and peppers, dry (Capsicum spp., Pimenta spp.), raw",216.0,38.0,1241.19
Slovenia,2007,"Chillies and peppers, dry (Capsicum spp., Pimenta spp.), raw",190.0,33.0,1238.87
Slovenia,2008,"Chillies and peppers, dry (Capsicum spp., Pimenta spp.), raw",377.0,18.0,1236.42
Slovenia,2009,"Chillies and peppers, dry (Capsicum spp., Pimenta spp.), raw",748.0,51.0,1233.85
Slovenia,2010,"Chillies and peppers, dry (Capsicum spp., Pimenta spp.), raw",586.0,149.0,1231.18
Slovenia,2011,"Chillies and peppers, dry (Capsicum spp., Pimenta spp.), raw",682.0,194.0,1228.45
Slovenia,2013,"Chillies and peppers, dry (Capsicum spp., Pimenta spp.), raw",1086.0,817.0,1227.05
Slovenia,2014,"Chillies and peppers, dry (Capsicum spp., Pimenta spp.), raw",875.06,630.99,1255.96
Slovenia,2015,"Chillies and peppers, dry (Capsicum spp., Pimenta spp.), raw",1557.46,1361.84,1267.14
Slovenia,2016,"Chillies and peppers, dry (Capsicum spp., Pimenta spp.), raw",1472.68,1291.29,1262.01
Slovenia,2017,"Chillies and peppers, dry (Capsicum spp., Pimenta spp.), raw",1870.45,1658.99,1265.52
Slovenia,2018,"Chillies and peppers, dry (Capsicum spp., Pimenta spp.), raw",1996.71,1748.94,0.0
Slovenia,2019,"Chillies and peppers, dry (Capsicum spp., Pimenta spp.), raw",1988.61,1765.7,0.0
Slovenia,2021,"Chillies and peppers, dry (Capsicum spp., Pimenta spp.), raw",2250.93,2022.07,0.0
Slovenia,2022,"Chillies and peppers, dry (Capsicum spp., Pimenta spp.), raw",2048.57,1449.94,0.0
Slovenia,2023,"Chillies and peppers, dry (Capsicum spp., Pimenta spp.), raw",2400.07,1406.33,0.0
Solomon Islands,2014,"Chillies and peppers, dry (Capsicum spp., Pimenta spp.), raw",0.56,0.0,0.0
Solomon Islands,2015,"Chillies and peppers, dry (Capsicum spp., Pimenta spp.), raw",0.27,0.0,0.0
Solomon Islands,2016,"Chillies and peppers, dry (Capsicum spp., Pimenta spp.), raw",0.57,0.0,0.0
Solomon Islands,2017,"Chillies and peppers, dry (Capsicum spp., Pimenta spp.), raw",0.27,0.0,0.0
Solomon Islands,2018,"Chillies and peppers, dry (Capsicum spp., Pimenta spp.), raw",0.48,0.0,0.0
Solomon Islands,2019,"Chillies and peppers, dry (Capsicum spp., Pimenta spp.), raw",0.11,0.0,0.0
Solomon Islands,2021,"Chillies and peppers, dry (Capsicum spp., Pimenta spp.), raw",2.85,0.0,0.0
Solomon Islands,2022,"Chillies and peppers, dry (Capsicum spp., Pimenta spp.), raw",1.74,0.0,0.0
Solomon Islands,2023,"Chillies and peppers, dry (Capsicum spp., Pimenta spp.), raw",1.44,0.0,0.0
Somalia,1993,"Chillies and peppers, dry (Capsicum spp., Pimenta spp.), raw",0.0,0.0,0.0
Somalia,1994,"Chillies and peppers, dry (Capsicum spp., Pimenta spp.), raw",0.0,0.0,0.0
Somalia,1995,"Chillies and peppers, dry (Capsicum spp., Pimenta spp.), raw",0.0,0.0,0.0
Somalia,1996,"Chillies and peppers, dry (Capsicum spp., Pimenta spp.), raw",0.0,0.0,0.0
Somalia,1997,"Chillies and peppers, dry (Capsicum spp., Pimenta spp.), raw",0.0,0.0,0.0
Somalia,1998,"Chillies and peppers, dry (Capsicum spp., Pimenta spp.), raw",0.0,0.0,0.0
Somalia,1999,"Chillies and peppers, dry (Capsicum spp., Pimenta spp.), raw",0.0,0.0,0.0
Somalia,2000,"Chillies and peppers, dry (Capsicum spp., Pimenta spp.), raw",0.0,0.0,0.0
Somalia,2001,"Chillies and peppers, dry (Capsicum spp., Pimenta spp.), raw",0.0,0.0,0.0
Somalia,2002,"Chillies and peppers, dry (Capsicum spp., Pimenta spp.), raw",0.0,0.0,0.0
Somalia,2003,"Chillies and peppers, dry (Capsicum spp., Pimenta spp.), raw",0.0,0.0,0.0
Somalia,2004,"Chillies and peppers, dry (Capsicum spp., Pimenta spp.), raw",0.0,0.0,0.0
Somalia,2005,"Chillies and peppers, dry (Capsicum spp., Pimenta spp.), raw",0.0,0.0,0.0
Somalia,2006,"Chillies and peppers, dry (Capsicum spp., Pimenta spp.), raw",54.0,0.0,0.0
Somalia,2007,"Chillies and peppers, dry (Capsicum spp., Pimenta spp.), raw",54.0,0.0,0.0
Somalia,2008,"Chillies and peppers, dry (Capsicum spp., Pimenta spp.), raw",54.0,0.0,0.0
Somalia,2009,"Chillies and peppers, dry (Capsicum spp., Pimenta spp.), raw",54.0,0.0,0.0
Somalia,2010,"Chillies and peppers, dry (Capsicum spp., Pimenta spp.), raw",54.0,0.0,0.0
Somalia,2011,"Chillies and peppers, dry (Capsicum spp., Pimenta spp.), raw",54.0,0.0,0.0
Somalia,2012,"Chillies and peppers, dry (Capsicum spp., Pimenta spp.), raw",54.0,0.0,0.0
Somalia,2013,"Chillies and peppers, dry (Capsicum spp., Pimenta spp.), raw",28.0,0.0,0.0
Somalia,2014,"Chillies and peppers, dry (Capsicum spp., Pimenta spp.), raw",37.24,0.0,0.0
Somalia,2015,"Chillies and peppers, dry (Capsicum spp., Pimenta spp.), raw",21.17,0.0,0.0
Somalia,2016,"Chillies and peppers, dry (Capsicum spp., Pimenta spp.), raw",1.51,0.0,0.0
Somalia,2017,"Chillies and peppers, dry (Capsicum spp., Pimenta spp.), raw",83.87,0.0,0.0
Somalia,2018,"Chillies and peppers, dry (Capsicum spp., Pimenta spp.), raw",5.82,0.53,0.0
Somalia,2019,"Chillies and peppers, dry (Capsicum spp., Pimenta spp.), raw",45.42,0.83,0.0
Somalia,2020,"Chillies and peppers, dry (Capsicum spp., Pimenta spp.), raw",6.26,0.0,0.0
Somalia,2022,"Chillies and peppers, dry (Capsicum spp., Pimenta spp.), raw",28.7,0.0,0.0
Somalia,2023,"Chillies and peppers, dry (Capsicum spp., Pimenta spp.), raw",39.44,0.04,0.0
South Africa,1995,"Chillies and peppers, dry (Capsicum spp., Pimenta spp.), raw",2157.0,5639.0,9809.99
South Africa,1996,"Chillies and peppers, dry (Capsicum spp., Pimenta spp.), raw",667.0,2832.0,9755.72
South Africa,1997,"Chillies and peppers, dry (Capsicum spp., Pimenta spp.), raw",2605.0,3784.0,9697.18
South Africa,1998,"Chillies and peppers, dry (Capsicum spp., Pimenta spp.), raw",2059.0,6243.0,9655.47
South Africa,1999,"Chillies and peppers, dry (Capsicum spp., Pimenta spp.), raw",645.0,1919.0,9500.0
South Africa,2000,"Chillies and peppers, dry (Capsicum spp., Pimenta spp.), raw",2130.56,2516.79,10000.0
South Africa,2001,"Chillies and peppers, dry (Capsicum spp., Pimenta spp.), raw",1045.0,9647.0,10177.36
South Africa,2002,"Chillies and peppers, dry (Capsicum spp., Pimenta spp.), raw",2324.0,7261.0,10352.22
South Africa,2003,"Chillies and peppers, dry (Capsicum spp., Pimenta spp.), raw",5903.0,6685.0,10505.21
South Africa,2004,"Chillies and peppers, dry (Capsicum spp., Pimenta spp.), raw",5927.0,4342.0,10646.81
South Africa,2005,"Chillies and peppers, dry (Capsicum spp., Pimenta spp.), raw",4560.0,3278.0,10853.23
South Africa,2006,"Chillies and peppers, dry (Capsicum spp., Pimenta spp.), raw",4631.0,2347.0,10948.42
South Africa,2007,"Chillies and peppers, dry (Capsicum spp., Pimenta spp.), raw",4874.0,2116.0,11000.0
South Africa,2009,"Chillies and peppers, dry (Capsicum spp., Pimenta spp.), raw",4060.0,1511.0,11000.0
South Africa,2010,"Chillies and peppers, dry (Capsicum spp., Pimenta spp.), raw",4831.0,618.0,12570.24
South Africa,2011,"Chillies and peppers, dry (Capsicum spp., Pimenta spp.), raw",4450.0,913.0,15000.0
South Africa,2012,"Chillies and peppers, dry (Capsicum spp., Pimenta spp.), raw",5753.0,675.0,16500.0
South Africa,2013,"Chillies and peppers, dry (Capsicum spp., Pimenta spp.), raw",6294.0,367.0,17025.98
South Africa,2014,"Chillies and peppers, dry (Capsicum spp., Pimenta spp.), raw",5727.99,491.84,17445.44
South Africa,2015,"Chillies and peppers, dry (Capsicum spp., Pimenta spp.), raw",6020.15,569.89,16764.29
South Africa,2016,"Chillies and peppers, dry (Capsicum spp., Pimenta spp.), raw",7220.64,529.77,17078.57
South Africa,2017,"Chillies and peppers, dry (Capsicum spp., Pimenta spp.), raw",9410.07,668.78,17411.4
South Africa,2018,"Chillies and peppers, dry (Capsicum spp., Pimenta spp.), raw",8661.2,1616.09,17670.73
South Africa,2019,"Chillies and peppers, dry (Capsicum spp., Pimenta spp.), raw",7235.91,1479.77,17926.92
South Africa,2020,"Chillies and peppers, dry (Capsicum spp., Pimenta spp.), raw",10094.36,1500.3,18187.08
South Africa,2021,"Chillies and peppers, dry (Capsicum spp., Pimenta spp.), raw",10318.83,1343.55,17928.24
South Africa,2022,"Chillies and peppers, dry (Capsicum spp., Pimenta spp.), raw",10393.48,795.02,18014.08
South Africa,2023,"Chillies and peppers, dry (Capsicum spp., Pimenta spp.), raw",9454.8,919.34,18043.13
South Sudan,2012,"Chillies and peppers, dry (Capsicum spp., Pimenta spp.), raw",0.0,0.0,5000.0
South Sudan,2013,"Chillies and peppers, dry (Capsicum spp., Pimenta spp.), raw",0.0,0.0,6000.0
South Sudan,2014,"Chillies and peppers, dry (Capsicum spp., Pimenta spp.), raw",2.43,0.0,6500.0
South Sudan,2015,"Chillies and peppers, dry (Capsicum spp., Pimenta spp.), raw",0.59,0.0,7108.91
South Sudan,2016,"Chillies and peppers, dry (Capsicum spp., Pimenta spp.), raw",8.36,0.0,6536.3
South Sudan,2017,"Chillies and peppers, dry (Capsicum spp., Pimenta spp.), raw",12.94,0.0,6785.53
South Sudan,2018,"Chillies and peppers, dry (Capsicum spp., Pimenta spp.), raw",28.83,0.0,6878.65
South Sudan,2019,"Chillies and peppers, dry (Capsicum spp., Pimenta spp.), raw",19.99,0.0,7038.04
South Sudan,2021,"Chillies and peppers, dry (Capsicum spp., Pimenta spp.), raw",14.4,0.0,6939.14
South Sudan,2022,"Chillies and peppers, dry (Capsicum spp., Pimenta spp.), raw",56.54,0.0,6959.31
South Sudan,2023,"Chillies and peppers, dry (Capsicum spp., Pimenta spp.), raw",42.58,0.0,6933.06
Spain,1993,"Chillies and peppers, dry (Capsicum spp., Pimenta spp.), raw",17756.0,15975.0,10842.0
Spain,1994,"Chillies and peppers, dry (Capsicum spp., Pimenta spp.), raw",20042.0,16226.0,7800.0
Spain,1995,"Chillies and peppers, dry (Capsicum spp., Pimenta spp.), raw",20014.0,19979.0,6883.0
Spain,1996,"Chillies and peppers, dry (Capsicum spp., Pimenta spp.), raw",15736.0,20708.0,5993.0
Spain,1997,"Chillies and peppers, dry (Capsicum spp., Pimenta spp.), raw",21905.0,20857.0,8322.0
Spain,1998,"Chillies and peppers, dry (Capsicum spp., Pimenta spp.), raw",23674.0,22688.0,11172.0
Spain,1999,"Chillies and peppers, dry (Capsicum spp., Pimenta spp.), raw",18574.0,20687.0,12091.0
Spain,2001,"Chillies and peppers, dry (Capsicum spp., Pimenta spp.), raw",27304.0,25459.0,9288.0
Spain,2002,"Chillies and peppers, dry (Capsicum spp., Pimenta spp.), raw",25493.0,25862.0,7025.0
Spain,2003,"Chillies and peppers, dry (Capsicum spp., Pimenta spp.), raw",21980.0,27982.0,6916.0
Spain,2004,"Chillies and peppers, dry (Capsicum spp., Pimenta spp.), raw",22795.0,27916.0,7896.0
Spain,2005,"Chillies and peppers, dry (Capsicum spp., Pimenta spp.), raw",33812.0,27329.0,7084.0
Spain,2006,"Chillies and peppers, dry (Capsicum spp., Pimenta spp.), raw",28478.0,28402.0,5727.0
Spain,2007,"Chillies and peppers, dry (Capsicum spp., Pimenta spp.), raw",23692.0,23953.0,4939.0
Spain,2008,"Chillies and peppers, dry (Capsicum spp., Pimenta spp.), raw",33645.0,26719.0,4928.21
Spain,2009,"Chillies and peppers, dry (Capsicum spp., Pimenta spp.), raw",40944.0,31630.0,5314.0
Spain,2010,"Chillies and peppers, dry (Capsicum spp., Pimenta spp.), raw",32708.0,31749.0,4882.0
Spain,2011,"Chillies and peppers, dry (Capsicum spp., Pimenta spp.), raw",38141.0,34879.0,5658.0
Spain,2012,"Chillies and peppers, dry (Capsicum spp., Pimenta spp.), raw",40196.0,43877.0,5652.0
Spain,2013,"Chillies and peppers, dry (Capsicum spp., Pimenta spp.), raw",38212.0,39657.0,4327.0
Spain,2014,"Chillies and peppers, dry (Capsicum spp., Pimenta spp.), raw",36898.62,44667.75,4534.94
Spain,2015,"Chillies and peppers, dry (Capsicum spp., Pimenta spp.), raw",44870.65,50994.55,4970.25
Spain,2016,"Chillies and peppers, dry (Capsicum spp., Pimenta spp.), raw",50282.65,56523.66,5726.13
Spain,2017,"Chillies and peppers, dry (Capsicum spp., Pimenta spp.), raw",52061.6,56518.55,6478.0
Spain,2018,"Chillies and peppers, dry (Capsicum spp., Pimenta spp.), raw",51822.95,60993.55,0.0
Spain,2019,"Chillies and peppers, dry (Capsicum spp., Pimenta spp.), raw",56922.08,65404.03,0.0
Spain,2020,"Chillies and peppers, dry (Capsicum spp., Pimenta spp.), raw",67952.9,74328.5,0.0
Spain,2021,"Chillies and peppers, dry (Capsicum spp., Pimenta spp.), raw",72328.9,81413.34,0.0
Spain,2022,"Chillies and peppers, dry (Capsicum spp., Pimenta spp.), raw",70340.51,82893.75,0.0
Spain,2023,"Chillies and peppers, dry (Capsicum spp., Pimenta spp.), raw",75657.45,78062.77,0.0
Sri Lanka,1993,"Chillies and peppers, dry (Capsicum spp., Pimenta spp.), raw",868.0,148.0,0.0
Sri Lanka,1994,"Chillies and peppers, dry (Capsicum spp., Pimenta spp.), raw",4426.0,25.0,0.0
Sri Lanka,1995,"Chillies and peppers, dry (Capsicum spp., Pimenta spp.), raw",6180.0,79.0,0.0
Sri Lanka,1996,"Chillies and peppers, dry (Capsicum spp., Pimenta spp.), raw",8773.0,63.0,0.0
Sri Lanka,1997,"Chillies and peppers, dry (Capsicum spp., Pimenta spp.), raw",13414.0,114.0,0.0
Sri Lanka,1998,"Chillies and peppers, dry (Capsicum spp., Pimenta spp.), raw",19203.0,86.0,0.0
Sri Lanka,1999,"Chillies and peppers, dry (Capsicum spp., Pimenta spp.), raw",20360.0,121.0,0.0
Sri Lanka,2001,"Chillies and peppers, dry (Capsicum spp., Pimenta spp.), raw",25887.0,135.0,0.0
Sri Lanka,2002,"Chillies and peppers, dry (Capsicum spp., Pimenta spp.), raw",25318.0,111.0,0.0
Sri Lanka,2003,"Chillies and peppers, dry (Capsicum spp., Pimenta spp.), raw",27723.0,119.0,0.0
Sri Lanka,2005,"Chillies and peppers, dry (Capsicum spp., Pimenta spp.), raw",27296.0,117.0,0.0
Sri Lanka,2006,"Chillies and peppers, dry (Capsicum spp., Pimenta spp.), raw",28088.0,69.0,0.0
Sri Lanka,2007,"Chillies and peppers, dry (Capsicum spp., Pimenta spp.), raw",33149.0,122.0,0.0
Sri Lanka,2008,"Chillies and peppers, dry (Capsicum spp., Pimenta spp.), raw",34914.0,165.0,0.0
Sri Lanka,2009,"Chillies and peppers, dry (Capsicum spp., Pimenta spp.), raw",36217.0,273.0,0.0
Sri Lanka,2010,"Chillies and peppers, dry (Capsicum spp., Pimenta spp.), raw",37762.0,239.0,0.0
Sri Lanka,2011,"Chillies and peppers, dry (Capsicum spp., Pimenta spp.), raw",42782.0,356.0,0.0
Sri Lanka,2012,"Chillies and peppers, dry (Capsicum spp., Pimenta spp.), raw",40666.0,338.0,0.0
Sri Lanka,2013,"Chillies and peppers, dry (Capsicum spp., Pimenta spp.), raw",44060.0,365.0,0.0
Sri Lanka,2014,"Chillies and peppers, dry (Capsicum spp., Pimenta spp.), raw",47757.32,398.08,0.0
Sri Lanka,2015,"Chillies and peppers, dry (Capsicum spp., Pimenta spp.), raw",49946.2,309.07,0.0
Sri Lanka,2016,"Chillies and peppers, dry (Capsicum spp., Pimenta spp.), raw",51040.38,549.34,0.0
Sri Lanka,2017,"Chillies and peppers, dry (Capsicum spp., Pimenta spp.), raw",51709.56,420.92,0.0
Sri Lanka,2018,"Chillies and peppers, dry (Capsicum spp., Pimenta spp.), raw",51686.05,254.96,0.0
Sri Lanka,2019,"Chillies and peppers, dry (Capsicum spp., Pimenta spp.), raw",52565.7,484.39,0.0
Sri Lanka,2020,"Chillies and peppers, dry (Capsicum spp., Pimenta spp.), raw",50785.05,528.67,0.0
Sri Lanka,2021,"Chillies and peppers, dry (Capsicum spp., Pimenta spp.), raw",50146.35,611.8,0.0
Sri Lanka,2022,"Chillies and peppers, dry (Capsicum spp., Pimenta spp.), raw",47703.82,352.82,0.0
Sri Lanka,2023,"Chillies and peppers, dry (Capsicum spp., Pimenta spp.), raw",40089.24,435.79,0.0
Sudan,2012,"Chillies and peppers, dry (Capsicum spp., Pimenta spp.), raw",10.0,0.0,8500.0
Sudan,2013,"Chillies and peppers, dry (Capsicum spp., Pimenta spp.), raw",3.0,0.0,9500.0
Sudan,2014,"Chillies and peppers, dry (Capsicum spp., Pimenta spp.), raw",19.59,0.19,10000.0
Sudan,2016,"Chillies and peppers, dry (Capsicum spp., Pimenta spp.), raw",20.23,0.0,10031.7
Sudan,2017,"Chillies and peppers, dry (Capsicum spp., Pimenta spp.), raw",25.0,1.02,10333.2
Sudan,2019,"Chillies and peppers, dry (Capsicum spp., Pimenta spp.), raw",22.5,0.28,10653.51
Sudan,2020,"Chillies and peppers, dry (Capsicum spp., Pimenta spp.), raw",108.12,1.0,10479.08
Sudan,2021,"Chillies and peppers, dry (Capsicum spp., Pimenta spp.), raw",65.78,0.78,10527.71
Sudan,2023,"Chillies and peppers, dry (Capsicum spp., Pimenta spp.), raw",151.57,2.6,10520.08
Sudan (former),1993,"Chillies and peppers, dry (Capsicum spp., Pimenta spp.), raw",0.0,0.0,7000.0
Sudan (former),1994,"Chillies and peppers, dry (Capsicum spp., Pimenta spp.), raw",0.0,0.0,7250.0
Sudan (former),1995,"Chillies and peppers, dry (Capsicum spp., Pimenta spp.), raw",0.0,0.0,7200.0
Sudan (former),1996,"Chillies and peppers, dry (Capsicum spp., Pimenta spp.), raw",0.0,29.0,7300.0
Sudan (former),1997,"Chillies and peppers, dry (Capsicum spp., Pimenta spp.), raw",0.0,29.0,7200.0
Sudan (former),1998,"Chillies and peppers, dry (Capsicum spp., Pimenta spp.), raw",0.0,17.0,7350.0
Sudan (former),2002,"Chillies and peppers, dry (Capsicum spp., Pimenta spp.), raw",0.0,0.0,7600.0
Sudan (former),2003,"Chillies and peppers, dry (Capsicum spp., Pimenta spp.), raw",2.0,0.0,7600.0
Sudan (former),2004,"Chillies and peppers, dry (Capsicum spp., Pimenta spp.), raw",1.0,0.0,7626.0
Sudan (former),2005,"Chillies and peppers, dry (Capsicum spp., Pimenta spp.), raw",20.0,0.0,7700.0
Sudan (former),2006,"Chillies and peppers, dry (Capsicum spp., Pimenta spp.), raw",108.0,0.0,7600.0
Sudan (former),2007,"Chillies and peppers, dry (Capsicum spp., Pimenta spp.), raw",45.0,0.0,7681.0
Sudan (former),2010,"Chillies and peppers, dry (Capsicum spp., Pimenta spp.), raw",14.0,0.0,7756.0
Sudan (former),2011,"Chillies and peppers, dry (Capsicum spp., Pimenta spp.), raw",14.0,0.0,7783.0
Suriname,2010,"Chillies and peppers, dry (Capsicum spp., Pimenta spp.), raw",8.0,0.0,0.0
Suriname,2012,"Chillies and peppers, dry (Capsicum spp., Pimenta spp.), raw",7.0,1.0,0.0
Suriname,2013,"Chillies and peppers, dry (Capsicum spp., Pimenta spp.), raw",10.0,1.0,0.0
Suriname,2014,"Chillies and peppers, dry (Capsicum spp., Pimenta spp.), raw",11.52,0.18,0.0
Suriname,2015,"Chillies and peppers, dry (Capsicum spp., Pimenta spp.), raw",18.41,0.01,0.0
Suriname,2016,"Chillies and peppers, dry (Capsicum spp., Pimenta spp.), raw",15.23,0.06,0.0
Suriname,2018,"Chillies and peppers, dry (Capsicum spp., Pimenta spp.), raw",19.49,0.0,0.0
Suriname,2019,"Chillies and peppers, dry (Capsicum spp., Pimenta spp.), raw",63.73,0.0,0.0
Suriname,2020,"Chillies and peppers, dry (Capsicum spp., Pimenta spp.), raw",45.45,0.0,0.0
Suriname,2021,"Chillies and peppers, dry (Capsicum spp., Pimenta spp.), raw",28.3,0.0,0.0
Suriname,2022,"Chillies and peppers, dry (Capsicum spp., Pimenta spp.), raw",17.08,0.0,0.0
Suriname,2023,"Chillies and peppers, dry (Capsicum spp., Pimenta spp.), raw",33.03,0.0,0.0
Sweden,1993,"Chillies and peppers, dry (Capsicum spp., Pimenta spp.), raw",905.0,43.0,0.0
Sweden,1995,"Chillies and peppers, dry (Capsicum spp., Pimenta spp.), raw",1174.0,53.0,0.0
Sweden,1996,"Chillies and peppers, dry (Capsicum spp., Pimenta spp.), raw",1276.0,54.0,0.0
Sweden,1998,"Chillies and peppers, dry (Capsicum spp., Pimenta spp.), raw",1283.0,84.0,0.0
Sweden,1999,"Chillies and peppers, dry (Capsicum spp., Pimenta spp.), raw",1313.0,107.0,0.0
Sweden,2000,"Chillies and peppers, dry (Capsicum spp., Pimenta spp.), raw",1279.0,61.0,0.0
Sweden,2001,"Chillies and peppers, dry (Capsicum spp., Pimenta spp.), raw",1360.0,101.0,0.0
Sweden,2002,"Chillies and peppers, dry (Capsicum spp., Pimenta spp.), raw",1312.0,95.0,0.0
Sweden,2003,"Chillies and peppers, dry (Capsicum spp., Pimenta spp.), raw",1272.0,131.0,0.0
Sweden,2004,"Chillies and peppers, dry (Capsicum spp., Pimenta spp.), raw",1368.0,103.0,0.0
Sweden,2005,"Chillies and peppers, dry (Capsicum spp., Pimenta spp.), raw",1580.0,204.0,0.0
Sweden,2006,"Chillies and peppers, dry (Capsicum spp., Pimenta spp.), raw",1528.0,123.0,0.0
Sweden,2007,"Chillies and peppers, dry (Capsicum spp., Pimenta spp.), raw",1750.0,223.0,0.0
Sweden,2008,"Chillies and peppers, dry (Capsicum spp., Pimenta spp.), raw",1726.0,244.0,0.0
Sweden,2009,"Chillies and peppers, dry (Capsicum spp., Pimenta spp.), raw",1717.0,235.0,0.0
Sweden,2010,"Chillies and peppers, dry (Capsicum spp., Pimenta spp.), raw",2098.0,189.0,0.0
Sweden,2011,"Chillies and peppers, dry (Capsicum spp., Pimenta spp.), raw",1793.0,210.0,0.0
Sweden,2012,"Chillies and peppers, dry (Capsicum spp., Pimenta spp.), raw",1898.0,249.0,0.0
Sweden,2013,"Chillies and peppers, dry (Capsicum spp., Pimenta spp.), raw",1902.0,271.0,0.0
Sweden,2014,"Chillies and peppers, dry (Capsicum spp., Pimenta spp.), raw",2062.48,321.36,0.0
Sweden,2015,"Chillies and peppers, dry (Capsicum spp., Pimenta spp.), raw",2101.13,385.27,0.0
Sweden,2016,"Chillies and peppers, dry (Capsicum spp., Pimenta spp.), raw",2317.89,415.66,0.0
Sweden,2017,"Chillies and peppers, dry (Capsicum spp., Pimenta spp.), raw",1907.29,401.68,0.0
Sweden,2018,"Chillies and peppers, dry (Capsicum spp., Pimenta spp.), raw",1929.76,358.48,0.0
Sweden,2019,"Chillies and peppers, dry (Capsicum spp., Pimenta spp.), raw",2239.42,394.93,0.0
Sweden,2020,"Chillies and peppers, dry (Capsicum spp., Pimenta spp.), raw",2186.24,344.07,0.0
Sweden,2021,"Chillies and peppers, dry (Capsicum spp., Pimenta spp.), raw",2345.42,363.73,0.0
Sweden,2023,"Chillies and peppers, dry (Capsicum spp., Pimenta spp.), raw",2469.04,394.76,0.0
Switzerland,1995,"Chillies and peppers, dry (Capsicum spp., Pimenta spp.), raw",736.0,14.0,0.0
Switzerland,1996,"Chillies and peppers, dry (Capsicum spp., Pimenta spp.), raw",758.0,17.0,0.0
Switzerland,1997,"Chillies and peppers, dry (Capsicum spp., Pimenta spp.), raw",856.0,106.0,0.0
Switzerland,1998,"Chillies and peppers, dry (Capsicum spp., Pimenta spp.), raw",890.0,58.0,0.0
Switzerland,1999,"Chillies and peppers, dry (Capsicum spp., Pimenta spp.), raw",857.0,64.0,0.0
Switzerland,2000,"Chillies and peppers, dry (Capsicum spp., Pimenta spp.), raw",841.09,64.36,0.0
Switzerland,2001,"Chillies and peppers, dry (Capsicum spp., Pimenta spp.), raw",842.0,79.0,0.0
Switzerland,2002,"Chillies and peppers, dry (Capsicum spp., Pimenta spp.), raw",950.0,39.0,0.0
Switzerland,2003,"Chillies and peppers, dry (Capsicum spp., Pimenta spp.), raw",971.0,37.0,0.0
Switzerland,2004,"Chillies and peppers, dry (Capsicum spp., Pimenta spp.), raw",1099.0,35.0,0.0
Switzerland,2005,"Chillies and peppers, dry (Capsicum spp., Pimenta spp.), raw",1199.0,11.0,0.0
Switzerland,2006,"Chillies and peppers, dry (Capsicum spp., Pimenta spp.), raw",1203.0,22.0,0.0
Switzerland,2007,"Chillies and peppers, dry (Capsicum spp., Pimenta spp.), raw",1417.0,26.0,0.0
Switzerland,2008,"Chillies and peppers, dry (Capsicum spp., Pimenta spp.), raw",1478.0,41.0,0.0
Switzerland,2009,"Chillies and peppers, dry (Capsicum spp., Pimenta spp.), raw",1553.0,41.0,0.0
Switzerland,2010,"Chillies and peppers, dry (Capsicum spp., Pimenta spp.), raw",1610.0,52.0,0.0
Switzerland,2011,"Chillies and peppers, dry (Capsicum spp., Pimenta spp.), raw",1535.0,36.0,0.0
Switzerland,2012,"Chillies and peppers, dry (Capsicum spp., Pimenta spp.), raw",1553.0,25.0,0.0
Switzerland,2013,"Chillies and peppers, dry (Capsicum spp., Pimenta spp.), raw",1561.0,25.0,0.0
Switzerland,2014,"Chillies and peppers, dry (Capsicum spp., Pimenta spp.), raw",1670.46,26.62,0.0
Switzerland,2015,"Chillies and peppers, dry (Capsicum spp., Pimenta spp.), raw",1689.82,26.52,0.0
Switzerland,2016,"Chillies and peppers, dry (Capsicum spp., Pimenta spp.), raw",1855.17,27.37,0.0
Switzerland,2017,"Chillies and peppers, dry (Capsicum spp., Pimenta spp.), raw",1880.57,29.69,0.0
Switzerland,2018,"Chillies and peppers, dry (Capsicum spp., Pimenta spp.), raw",2076.67,54.13,0.0
Switzerland,2019,"Chillies and peppers, dry (Capsicum spp., Pimenta spp.), raw",2190.96,54.58,0.0
Switzerland,2020,"Chillies and peppers, dry (Capsicum spp., Pimenta spp.), raw",2236.27,97.02,0.0
Switzerland,2021,"Chillies and peppers, dry (Capsicum spp., Pimenta spp.), raw",2457.67,109.09,0.0
Switzerland,2022,"Chillies and peppers, dry (Capsicum spp., Pimenta spp.), raw",2209.35,135.94,0.0
Switzerland,2023,"Chillies and peppers, dry (Capsicum spp., Pimenta spp.), raw",2377.6,82.8,0.0
Syrian Arab Republic,1994,"Chillies and peppers, dry (Capsicum spp., Pimenta spp.), raw",0.0,0.0,0.0
Syrian Arab Republic,1995,"Chillies and peppers, dry (Capsicum spp., Pimenta spp.), raw",0.0,0.0,0.0
Syrian Arab Republic,1996,"Chillies and peppers, dry (Capsicum spp., Pimenta spp.), raw",0.0,0.0,0.0
Syrian Arab Republic,1997,"Chillies and peppers, dry (Capsicum spp., Pimenta spp.), raw",0.0,0.0,0.0
Syrian Arab Republic,1998,"Chillies and peppers, dry (Capsicum spp., Pimenta spp.), raw",0.0,0.0,0.0
Syrian Arab Republic,1999,"Chillies and peppers, dry (Capsicum spp., Pimenta spp.), raw",0.0,0.0,500.0
Syrian Arab Republic,2000,"Chillies and peppers, dry (Capsicum spp., Pimenta spp.), raw",0.0,0.0,500.0
Syrian Arab Republic,2001,"Chillies and peppers, dry (Capsicum spp., Pimenta spp.), raw",0.0,0.0,500.0
Syrian Arab Republic,2002,"Chillies and peppers, dry (Capsicum spp., Pimenta spp.), raw",0.0,0.0,500.0
Syrian Arab Republic,2003,"Chillies and peppers, dry (Capsicum spp., Pimenta spp.), raw",14.0,20.0,500.0
Syrian Arab Republic,2004,"Chillies and peppers, dry (Capsicum spp., Pimenta spp.), raw",192.0,283.0,500.0
Syrian Arab Republic,2005,"Chillies and peppers, dry (Capsicum spp., Pimenta spp.), raw",57.0,117.0,500.0
Syrian Arab Republic,2006,"Chillies and peppers, dry (Capsicum spp., Pimenta spp.), raw",393.0,0.0,500.0
Syrian Arab Republic,2007,"Chillies and peppers, dry (Capsicum spp., Pimenta spp.), raw",354.0,123.0,500.0
Syrian Arab Republic,2008,"Chillies and peppers, dry (Capsicum spp., Pimenta spp.), raw",145.0,208.0,550.0
Syrian Arab Republic,2009,"Chillies and peppers, dry (Capsicum spp., Pimenta spp.), raw",739.0,103.0,570.0
Syrian Arab Republic,2010,"Chillies and peppers, dry (Capsicum spp., Pimenta spp.), raw",157.0,39.0,664.65
Syrian Arab Republic,2011,"Chillies and peppers, dry (Capsicum spp., Pimenta spp.), raw",39.0,31.0,744.99
Syrian Arab Republic,2012,"Chillies and peppers, dry (Capsicum spp., Pimenta spp.), raw",60.0,26.0,950.0
Syrian Arab Republic,2013,"Chillies and peppers, dry (Capsicum spp., Pimenta spp.), raw",55.0,27.0,901.8
Syrian Arab Republic,2014,"Chillies and peppers, dry (Capsicum spp., Pimenta spp.), raw",116.38,64.31,909.39
Syrian Arab Republic,2015,"Chillies and peppers, dry (Capsicum spp., Pimenta spp.), raw",77.35,104.42,945.9
Syrian Arab Republic,2016,"Chillies and peppers, dry (Capsicum spp., Pimenta spp.), raw",268.77,67.82,919.03
Syrian Arab Republic,2017,"Chillies and peppers, dry (Capsicum spp., Pimenta spp.), raw",200.61,124.16,926.51
Syrian Arab Republic,2018,"Chillies and peppers, dry (Capsicum spp., Pimenta spp.), raw",15.28,154.1,934.3
Syrian Arab Republic,2019,"Chillies and peppers, dry (Capsicum spp., Pimenta spp.), raw",142.67,441.38,945.26
Syrian Arab Republic,2020,"Chillies and peppers, dry (Capsicum spp., Pimenta spp.), raw",74.76,791.46,935.35
Syrian Arab Republic,2021,"Chillies and peppers, dry (Capsicum spp., Pimenta spp.), raw",165.1,1132.51,938.3
Syrian Arab Republic,2022,"Chillies and peppers, dry (Capsicum spp., Pimenta spp.), raw",100.56,111.1,939.64
Syrian Arab Republic,2023,"Chillies and peppers, dry (Capsicum spp., Pimenta spp.), raw",97.69,358.06,937.76
Tajikistan,2014,"Chillies and peppers, dry (Capsicum spp., Pimenta spp.), raw",5.56,35.7,0.0
Tajikistan,2015,"Chillies and peppers, dry (Capsicum spp., Pimenta spp.), raw",2.83,12.9,0.0
Tajikistan,2016,"Chillies and peppers, dry (Capsicum spp., Pimenta spp.), raw",2.8,3.99,0.0
Tajikistan,2017,"Chillies and peppers, dry (Capsicum spp., Pimenta spp.), raw",64.75,3.82,0.0
Tajikistan,2018,"Chillies and peppers, dry (Capsicum spp., Pimenta spp.), raw",129.95,0.0,0.0
Tajikistan,2019,"Chillies and peppers, dry (Capsicum spp., Pimenta spp.), raw",72.74,0.12,0.0
Tajikistan,2020,"Chillies and peppers, dry (Capsicum spp., Pimenta spp.), raw",210.38,0.0,0.0
Tajikistan,2022,"Chillies and peppers, dry (Capsicum spp., Pimenta spp.), raw",160.99,0.55,0.0
Tajikistan,2023,"Chillies and peppers, dry (Capsicum spp., Pimenta spp.), raw",122.92,0.19,0.0
Thailand,1993,"Chillies and peppers, dry (Capsicum spp., Pimenta spp.), raw",2635.0,2356.0,32000.0
Thailand,1994,"Chillies and peppers, dry (Capsicum spp., Pimenta spp.), raw",5428.0,1232.0,32000.0
Thailand,1995,"Chillies and peppers, dry (Capsicum spp., Pimenta spp.), raw",2047.0,591.0,32000.0
Thailand,1996,"Chillies and peppers, dry (Capsicum spp., Pimenta spp.), raw",3436.0,466.0,33000.0
Thailand,1997,"Chillies and peppers, dry (Capsicum spp., Pimenta spp.), raw",5080.0,1049.0,33000.0
Thailand,1998,"Chillies and peppers, dry (Capsicum spp., Pimenta spp.), raw",4079.0,479.0,38000.0
Thailand,2000,"Chillies and peppers, dry (Capsicum spp., Pimenta spp.), raw",7824.0,494.0,135470.0
Thailand,2001,"Chillies and peppers, dry (Capsicum spp., Pimenta spp.), raw",9252.0,565.0,137182.0
Thailand,2002,"Chillies and peppers, dry (Capsicum spp., Pimenta spp.), raw",14705.0,516.0,141109.0
Thailand,2003,"Chillies and peppers, dry (Capsicum spp., Pimenta spp.), raw",19042.0,655.0,145644.0
Thailand,2004,"Chillies and peppers, dry (Capsicum spp., Pimenta spp.), raw",25994.0,1081.0,150422.0
Thailand,2005,"Chillies and peppers, dry (Capsicum spp., Pimenta spp.), raw",29084.0,1746.0,152164.0
Thailand,2006,"Chillies and peppers, dry (Capsicum spp., Pimenta spp.), raw",32485.0,1141.0,156101.0
Thailand,2008,"Chillies and peppers, dry (Capsicum spp., Pimenta spp.), raw",32882.0,2596.0,162637.0
Thailand,2009,"Chillies and peppers, dry (Capsicum spp., Pimenta spp.), raw",45488.0,2877.0,165458.0
Thailand,2010,"Chillies and peppers, dry (Capsicum spp., Pimenta spp.), raw",43022.0,2147.0,158883.0
Thailand,2011,"Chillies and peppers, dry (Capsicum spp., Pimenta spp.), raw",36970.0,2928.0,188138.19
Thailand,2012,"Chillies and peppers, dry (Capsicum spp., Pimenta spp.), raw",50654.0,1982.0,215619.15
Thailand,2013,"Chillies and peppers, dry (Capsicum spp., Pimenta spp.), raw",53760.0,3457.0,243452.0
Thailand,2014,"Chillies and peppers, dry (Capsicum spp., Pimenta spp.), raw",68944.98,11293.46,321395.0
Thailand,2015,"Chillies and peppers, dry (Capsicum spp., Pimenta spp.), raw",74180.72,12603.56,348223.0
Thailand,2016,"Chillies and peppers, dry (Capsicum spp., Pimenta spp.), raw",72366.28,9086.34,304356.67
Thailand,2017,"Chillies and peppers, dry (Capsicum spp., Pimenta spp.), raw",89932.32,12213.18,324658.22
Thailand,2018,"Chillies and peppers, dry (Capsicum spp., Pimenta spp.), raw",78811.85,13894.89,339404.25
Thailand,2020,"Chillies and peppers, dry (Capsicum spp., Pimenta spp.), raw",77459.53,9569.09,328956.29
Thailand,2021,"Chillies and peppers, dry (Capsicum spp., Pimenta spp.), raw",84468.49,12024.08,330388.97
Thailand,2022,"Chillies and peppers, dry (Capsicum spp., Pimenta spp.), raw",83149.43,9579.26,327383.88
Thailand,2023,"Chillies and peppers, dry (Capsicum spp., Pimenta spp.), raw",84479.39,10989.16,328909.71
Timor-Leste,2014,"Chillies and peppers, dry (Capsicum spp., Pimenta spp.), raw",2.68,0.0,0.0
Timor-Leste,2015,"Chillies and peppers, dry (Capsicum spp., Pimenta spp.), raw",4.24,0.0,0.0
Timor-Leste,2016,"Chillies and peppers, dry (Capsicum spp., Pimenta spp.), raw",7.64,0.0,0.0
Timor-Leste,2017,"Chillies and peppers, dry (Capsicum spp., Pimenta spp.), raw",8.63,0.0,0.0
Timor-Leste,2018,"Chillies and peppers, dry (Capsicum spp., Pimenta spp.), raw",4.65,0.0,0.0
Timor-Leste,2019,"Chillies and peppers, dry (Capsicum spp., Pimenta spp.), raw",7.94,0.0,0.0
Timor-Leste,2020,"Chillies and peppers, dry (Capsicum spp., Pimenta spp.), raw",13.0,0.0,0.0
Timor-Leste,2021,"Chillies and peppers, dry (Capsicum spp., Pimenta spp.), raw",8.08,0.0,0.0
Timor-Leste,2022,"Chillies and peppers, dry (Capsicum spp., Pimenta spp.), raw",3.24,0.0,0.0
Timor-Leste,2023,"Chillies and peppers, dry (Capsicum spp., Pimenta spp.), raw",11.17,0.0,0.0
Togo,1993,"Chillies and peppers, dry (Capsicum spp., Pimenta spp.), raw",1.0,0.0,1972.4
Togo,1994,"Chillies and peppers, dry (Capsicum spp., Pimenta spp.), raw",1.0,0.0,2041.35
Togo,1995,"Chillies and peppers, dry (Capsicum spp., Pimenta spp.), raw",0.0,29.0,2110.31
Togo,1996,"Chillies and peppers, dry (Capsicum spp., Pimenta spp.), raw",0.0,58.0,2179.27
Togo,1997,"Chillies and peppers, dry (Capsicum spp., Pimenta spp.), raw",0.0,39.0,2248.23
Togo,1998,"Chillies and peppers, dry (Capsicum spp., Pimenta spp.), raw",1.0,27.0,2317.19
Togo,1999,"Chillies and peppers, dry (Capsicum spp., Pimenta spp.), raw",0.69,11.8,2395.26
Togo,2001,"Chillies and peppers, dry (Capsicum spp., Pimenta spp.), raw",0.0,28.0,2500.0
Togo,2002,"Chillies and peppers, dry (Capsicum spp., Pimenta spp.), raw",0.0,0.0,2629.77
Togo,2003,"Chillies and peppers, dry (Capsicum spp., Pimenta spp.), raw",2.0,0.0,2733.11
Togo,2004,"Chillies and peppers, dry (Capsicum spp., Pimenta spp.), raw",0.0,0.0,2820.53
Togo,2006,"Chillies and peppers, dry (Capsicum spp., Pimenta spp.), raw",0.0,9.0,2957.1
Togo,2007,"Chillies and peppers, dry (Capsicum spp., Pimenta spp.), raw",16.0,0.0,3000.0
Togo,2008,"Chillies and peppers, dry (Capsicum spp., Pimenta spp.), raw",2.0,0.0,3200.0
Togo,2009,"Chillies and peppers, dry (Capsicum spp., Pimenta spp.), raw",9.0,0.0,3150.0
Togo,2010,"Chillies and peppers, dry (Capsicum spp., Pimenta spp.), raw",8.0,0.0,3000.0
Togo,2012,"Chillies and peppers, dry (Capsicum spp., Pimenta spp.), raw",21.0,0.0,3200.0
Togo,2013,"Chillies and peppers, dry (Capsicum spp., Pimenta spp.), raw",5.0,0.0,3233.93
Togo,2014,"Chillies and peppers, dry (Capsicum spp., Pimenta spp.), raw",15.84,0.0,3298.5
Togo,2016,"Chillies and peppers, dry (Capsicum spp., Pimenta spp.), raw",15.8,10.04,3437.46
Togo,2017,"Chillies and peppers, dry (Capsicum spp., Pimenta spp.), raw",0.89,0.0,3482.41
Togo,2019,"Chillies and peppers, dry (Capsicum spp., Pimenta spp.), raw",24.0,0.0,3574.66
Togo,2020,"Chillies and peppers, dry (Capsicum spp., Pimenta spp.), raw",8.0,0.0,3656.66
Togo,2022,"Chillies and peppers, dry (Capsicum spp., Pimenta spp.), raw",0.95,0.0,3606.0
Togo,2023,"Chillies and peppers, dry (Capsicum spp., Pimenta spp.), raw",162.0,0.0,3616.45
Tonga,2012,"Chillies and peppers, dry (Capsicum spp., Pimenta spp.), raw",1.0,0.0,0.0
Tonga,2013,"Chillies and peppers, dry (Capsicum spp., Pimenta spp.), raw",0.0,0.0,0.0
Tonga,2014,"Chillies and peppers, dry (Capsicum spp., Pimenta spp.), raw",0.06,0.0,0.0
Tonga,2016,"Chillies and peppers, dry (Capsicum spp., Pimenta spp.), raw",0.01,0.0,0.0
Tonga,2017,"Chillies and peppers, dry (Capsicum spp., Pimenta spp.), raw",0.03,0.0,0.0
Tonga,2018,"Chillies and peppers, dry (Capsicum spp., Pimenta spp.), raw",0.01,0.0,0.0
Tonga,2019,"Chillies and peppers, dry (Capsicum spp., Pimenta spp.), raw",0.0,0.0,0.0
Tonga,2022,"Chillies and peppers, dry (Capsicum spp., Pimenta spp.), raw",0.1,0.0,0.0
Trinidad and Tobago,1993,"Chillies and peppers, dry (Capsicum spp., Pimenta spp.), raw",21.0,6.0,0.0
Trinidad and Tobago,1994,"Chillies and peppers, dry (Capsicum spp., Pimenta spp.), raw",15.0,0.0,0.0
Trinidad and Tobago,1995,"Chillies and peppers, dry (Capsicum spp., Pimenta spp.), raw",18.0,1.0,0.0
Trinidad and Tobago,1996,"Chillies and peppers, dry (Capsicum spp., Pimenta spp.), raw",28.0,3.0,0.0
Trinidad and Tobago,1997,"Chillies and peppers, dry (Capsicum spp., Pimenta spp.), raw",31.0,59.0,0.0
Trinidad and Tobago,1998,"Chillies and peppers, dry (Capsicum spp., Pimenta spp.), raw",38.0,10.0,0.0
Trinidad and Tobago,1999,"Chillies and peppers, dry (Capsicum spp., Pimenta spp.), raw",34.0,36.0,0.0
Trinidad and Tobago,2000,"Chillies and peppers, dry (Capsicum spp., Pimenta spp.), raw",51.72,124.65,0.0
Trinidad and Tobago,2001,"Chillies and peppers, dry (Capsicum spp., Pimenta spp.), raw",41.0,116.0,0.0
Trinidad and Tobago,2002,"Chillies and peppers, dry (Capsicum spp., Pimenta spp.), raw",28.0,28.0,0.0
Trinidad and Tobago,2003,"Chillies and peppers, dry (Capsicum spp., Pimenta spp.), raw",63.0,38.0,0.0
Trinidad and Tobago,2004,"Chillies and peppers, dry (Capsicum spp., Pimenta spp.), raw",56.0,128.0,0.0
Trinidad and Tobago,2005,"Chillies and peppers, dry (Capsicum spp., Pimenta spp.), raw",59.0,76.0,0.0
Trinidad and Tobago,2006,"Chillies and peppers, dry (Capsicum spp., Pimenta spp.), raw",62.0,8.0,0.0
Trinidad and Tobago,2007,"Chillies and peppers, dry (Capsicum spp., Pimenta spp.), raw",49.0,88.0,0.0
Trinidad and Tobago,2008,"Chillies and peppers, dry (Capsicum spp., Pimenta spp.), raw",135.0,21.0,0.0
Trinidad and Tobago,2009,"Chillies and peppers, dry (Capsicum spp., Pimenta spp.), raw",47.0,9.0,0.0
Trinidad and Tobago,2010,"Chillies and peppers, dry (Capsicum spp., Pimenta spp.), raw",54.0,1.0,0.0
Trinidad and Tobago,2011,"Chillies and peppers, dry (Capsicum spp., Pimenta spp.), raw",260.0,5.0,0.0
Trinidad and Tobago,2012,"Chillies and peppers, dry (Capsicum spp., Pimenta spp.), raw",309.0,0.0,0.0
Trinidad and Tobago,2013,"Chillies and peppers, dry (Capsicum spp., Pimenta spp.), raw",203.0,1.0,0.0
Trinidad and Tobago,2014,"Chillies and peppers, dry (Capsicum spp., Pimenta spp.), raw",95.53,0.56,0.0
Trinidad and Tobago,2015,"Chillies and peppers, dry (Capsicum spp., Pimenta spp.), raw",76.98,8.63,0.0
Trinidad and Tobago,2016,"Chillies and peppers, dry (Capsicum spp., Pimenta spp.), raw",83.57,2.51,0.0
Trinidad and Tobago,2017,"Chillies and peppers, dry (Capsicum spp., Pimenta spp.), raw",93.71,2.18,0.0
Trinidad and Tobago,2018,"Chillies and peppers, dry (Capsicum spp., Pimenta spp.), raw",113.29,6.5,0.0
Trinidad and Tobago,2019,"Chillies and peppers, dry (Capsicum spp., Pimenta spp.), raw",114.33,1.55,0.0
Trinidad and Tobago,2020,"Chillies and peppers, dry (Capsicum spp., Pimenta spp.), raw",113.3,2.43,0.0
Trinidad and Tobago,2021,"Chillies and peppers, dry (Capsicum spp., Pimenta spp.), raw",172.91,1.3,0.0
Trinidad and Tobago,2022,"Chillies and peppers, dry (Capsicum spp., Pimenta spp.), raw",152.27,3.11,0.0
Tunisia,1994,"Chillies and peppers, dry (Capsicum spp., Pimenta spp.), raw",916.0,2031.0,7000.0
Tunisia,1995,"Chillies and peppers, dry (Capsicum spp., Pimenta spp.), raw",903.0,2258.0,7000.0
Tunisia,1996,"Chillies and peppers, dry (Capsicum spp., Pimenta spp.), raw",849.0,1852.0,7000.0
Tunisia,1997,"Chillies and peppers, dry (Capsicum spp., Pimenta spp.), raw",1372.0,1649.0,7000.0
Tunisia,1998,"Chillies and peppers, dry (Capsicum spp., Pimenta spp.), raw",362.0,1513.0,7000.0
Tunisia,1999,"Chillies and peppers, dry (Capsicum spp., Pimenta spp.), raw",379.0,2225.0,7000.0
Tunisia,2000,"Chillies and peppers, dry (Capsicum spp., Pimenta spp.), raw",1113.0,2175.0,7000.0
Tunisia,2001,"Chillies and peppers, dry (Capsicum spp., Pimenta spp.), raw",775.0,2560.0,7000.0
Tunisia,2002,"Chillies and peppers, dry (Capsicum spp., Pimenta spp.), raw",740.0,3459.0,7000.0
Tunisia,2003,"Chillies and peppers, dry (Capsicum spp., Pimenta spp.), raw",517.0,5396.0,7000.0
Tunisia,2004,"Chillies and peppers, dry (Capsicum spp., Pimenta spp.), raw",1037.0,5243.0,6957.52
Tunisia,2005,"Chillies and peppers, dry (Capsicum spp., Pimenta spp.), raw",1161.0,5149.0,6920.41
Tunisia,2006,"Chillies and peppers, dry (Capsicum spp., Pimenta spp.), raw",1000.0,5000.0,6650.0
Tunisia,2007,"Chillies and peppers, dry (Capsicum spp., Pimenta spp.), raw",1355.0,8435.0,8200.0
Tunisia,2008,"Chillies and peppers, dry (Capsicum spp., Pimenta spp.), raw",1561.0,11343.0,11100.0
Tunisia,2009,"Chillies and peppers, dry (Capsicum spp., Pimenta spp.), raw",2834.0,12045.0,11100.0
Tunisia,2010,"Chillies and peppers, dry (Capsicum spp., Pimenta spp.), raw",2270.0,12515.0,11600.0
Tunisia,2011,"Chillies and peppers, dry (Capsicum spp., Pimenta spp.), raw",1453.0,17451.0,17600.0
Tunisia,2013,"Chillies and peppers, dry (Capsicum spp., Pimenta spp.), raw",2982.0,17610.0,18685.14
Tunisia,2014,"Chillies and peppers, dry (Capsicum spp., Pimenta spp.), raw",3215.62,12426.0,19634.33
Tunisia,2015,"Chillies and peppers, dry (Capsicum spp., Pimenta spp.), raw",3167.06,16749.84,20833.13
Tunisia,2016,"Chillies and peppers, dry (Capsicum spp., Pimenta spp.), raw",2654.8,10900.26,19717.53
Tunisia,2017,"Chillies and peppers, dry (Capsicum spp., Pimenta spp.), raw",3793.28,15648.62,20108.82
Tunisia,2018,"Chillies and peppers, dry (Capsicum spp., Pimenta spp.), raw",2925.94,15572.79,20448.33
Tunisia,2019,"Chillies and peppers, dry (Capsicum spp., Pimenta spp.), raw",4274.23,13668.13,20864.83
Tunisia,2020,"Chillies and peppers, dry (Capsicum spp., Pimenta spp.), raw",3783.28,11554.45,20473.99
Tunisia,2021,"Chillies and peppers, dry (Capsicum spp., Pimenta spp.), raw",2879.81,15863.48,20595.72
Tunisia,2022,"Chillies and peppers, dry (Capsicum spp., Pimenta spp.), raw",2276.98,15589.76,20644.85
Tunisia,2023,"Chillies and peppers, dry (Capsicum spp., Pimenta spp.), raw",4475.88,12049.0,20571.52
Türkiye,1993,"Chillies and peppers, dry (Capsicum spp., Pimenta spp.), raw",180.0,921.0,15000.0
Türkiye,1995,"Chillies and peppers, dry (Capsicum spp., Pimenta spp.), raw",98.0,1175.0,14000.0
Türkiye,1996,"Chillies and peppers, dry (Capsicum spp., Pimenta spp.), raw",244.0,528.0,15000.0
Türkiye,1997,"Chillies and peppers, dry (Capsicum spp., Pimenta spp.), raw",134.0,690.0,14000.0
Türkiye,1998,"Chillies and peppers, dry (Capsicum spp., Pimenta spp.), raw",107.0,2154.0,16000.0
Türkiye,1999,"Chillies and peppers, dry (Capsicum spp., Pimenta spp.), raw",79.0,2045.0,16486.86
Türkiye,2000,"Chillies and peppers, dry (Capsicum spp., Pimenta spp.), raw",160.27,1402.2,17000.0
Türkiye,2001,"Chillies and peppers, dry (Capsicum spp., Pimenta spp.), raw",127.0,2065.0,20000.0
Türkiye,2002,"Chillies and peppers, dry (Capsicum spp., Pimenta spp.), raw",166.0,1779.0,20212.47
Türkiye,2003,"Chillies and peppers, dry (Capsicum spp., Pimenta spp.), raw",421.0,2206.0,21300.91
Türkiye,2004,"Chillies and peppers, dry (Capsicum spp., Pimenta spp.), raw",468.0,1327.0,24286.44
Türkiye,2005,"Chillies and peppers, dry (Capsicum spp., Pimenta spp.), raw",542.0,1152.0,17381.11
Türkiye,2006,"Chillies and peppers, dry (Capsicum spp., Pimenta spp.), raw",491.0,997.0,17179.58
Türkiye,2007,"Chillies and peppers, dry (Capsicum spp., Pimenta spp.), raw",238.0,783.0,16570.36
Türkiye,2008,"Chillies and peppers, dry (Capsicum spp., Pimenta spp.), raw",421.0,705.0,16021.52
Türkiye,2009,"Chillies and peppers, dry (Capsicum spp., Pimenta spp.), raw",1070.0,696.0,15697.59
Türkiye,2010,"Chillies and peppers, dry (Capsicum spp., Pimenta spp.), raw",687.0,899.0,15000.0
Türkiye,2011,"Chillies and peppers, dry (Capsicum spp., Pimenta spp.), raw",638.0,936.0,15817.92
Türkiye,2012,"Chillies and peppers, dry (Capsicum spp., Pimenta spp.), raw",2053.0,797.0,16500.0
Türkiye,2014,"Chillies and peppers, dry (Capsicum spp., Pimenta spp.), raw",1697.35,1465.72,16545.45
Türkiye,2015,"Chillies and peppers, dry (Capsicum spp., Pimenta spp.), raw",2218.31,1552.97,16258.06
Türkiye,2016,"Chillies and peppers, dry (Capsicum spp., Pimenta spp.), raw",2364.67,2010.96,16304.29
Türkiye,2018,"Chillies and peppers, dry (Capsicum spp., Pimenta spp.), raw",2840.37,2265.93,16311.99
Türkiye,2019,"Chillies and peppers, dry (Capsicum spp., Pimenta spp.), raw",4178.18,2786.2,16348.34
Türkiye,2020,"Chillies and peppers, dry (Capsicum spp., Pimenta spp.), raw",4269.11,3715.89,16068.24
Türkiye,2021,"Chillies and peppers, dry (Capsicum spp., Pimenta spp.), raw",2687.08,5168.52,15769.78
Türkiye,2022,"Chillies and peppers, dry (Capsicum spp., Pimenta spp.), raw",3680.9,5047.08,15656.23
Türkiye,2023,"Chillies and peppers, dry (Capsicum spp., Pimenta spp.), raw",6503.19,4953.88,15593.17
Turkmenistan,1996,"Chillies and peppers, dry (Capsicum spp., Pimenta spp.), raw",30.0,0.0,0.0
Turkmenistan,1997,"Chillies and peppers, dry (Capsicum spp., Pimenta spp.), raw",0.0,0.0,0.0
Turkmenistan,1998,"Chillies and peppers, dry (Capsicum spp., Pimenta spp.), raw",0.0,0.0,0.0
Turkmenistan,1999,"Chillies and peppers, dry (Capsicum spp., Pimenta spp.), raw",0.0,0.0,0.0
Turkmenistan,2000,"Chillies and peppers, dry (Capsicum spp., Pimenta spp.), raw",3.0,0.0,0.0
Turkmenistan,2001,"Chillies and peppers, dry (Capsicum spp., Pimenta spp.), raw",0.0,0.0,0.0
Turkmenistan,2002,"Chillies and peppers, dry (Capsicum spp., Pimenta spp.), raw",2.0,0.0,0.0
Turkmenistan,2003,"Chillies and peppers, dry (Capsicum spp., Pimenta spp.), raw",5.0,0.0,0.0
Turkmenistan,2004,"Chillies and peppers, dry (Capsicum spp., Pimenta spp.), raw",5.0,0.0,0.0
Turkmenistan,2005,"Chillies and peppers, dry (Capsicum spp., Pimenta spp.), raw",3.0,0.0,0.0
Turkmenistan,2006,"Chillies and peppers, dry (Capsicum spp., Pimenta spp.), raw",0.0,0.0,0.0
Turkmenistan,2007,"Chillies and peppers, dry (Capsicum spp., Pimenta spp.), raw",1.0,0.0,0.0
Turkmenistan,2008,"Chillies and peppers, dry (Capsicum spp., Pimenta spp.), raw",2.0,0.0,0.0
Turkmenistan,2009,"Chillies and peppers, dry (Capsicum spp., Pimenta spp.), raw",15.0,0.0,0.0
Turkmenistan,2010,"Chillies and peppers, dry (Capsicum spp., Pimenta spp.), raw",29.0,0.0,0.0
Turkmenistan,2011,"Chillies and peppers, dry (Capsicum spp., Pimenta spp.), raw",30.0,0.0,0.0
Turkmenistan,2012,"Chillies and peppers, dry (Capsicum spp., Pimenta spp.), raw",36.0,0.0,0.0
Turkmenistan,2013,"Chillies and peppers, dry (Capsicum spp., Pimenta spp.), raw",28.0,0.0,0.0
Turkmenistan,2014,"Chillies and peppers, dry (Capsicum spp., Pimenta spp.), raw",44.44,0.0,0.0
Turkmenistan,2015,"Chillies and peppers, dry (Capsicum spp., Pimenta spp.), raw",32.8,0.0,0.0
Turkmenistan,2016,"Chillies and peppers, dry (Capsicum spp., Pimenta spp.), raw",60.5,0.0,0.0
Turkmenistan,2018,"Chillies and peppers, dry (Capsicum spp., Pimenta spp.), raw",12.43,0.0,0.0
Turkmenistan,2019,"Chillies and peppers, dry (Capsicum spp., Pimenta spp.), raw",33.25,0.0,0.0
Turkmenistan,2020,"Chillies and peppers, dry (Capsicum spp., Pimenta spp.), raw",37.22,0.0,0.0
Turkmenistan,2021,"Chillies and peppers, dry (Capsicum spp., Pimenta spp.), raw",38.41,0.0,0.0
Turkmenistan,2022,"Chillies and peppers, dry (Capsicum spp., Pimenta spp.), raw",32.4,0.0,0.0
Tuvalu,2014,"Chillies and peppers, dry (Capsicum spp., Pimenta spp.), raw",2.15,0.0,0.0
Tuvalu,2017,"Chillies and peppers, dry (Capsicum spp., Pimenta spp.), raw",0.01,0.0,0.0
Tuvalu,2018,"Chillies and peppers, dry (Capsicum spp., Pimenta spp.), raw",0.0,0.0,0.0
Tuvalu,2019,"Chillies and peppers, dry (Capsicum spp., Pimenta spp.), raw",0.0,0.0,0.0
Tuvalu,2020,"Chillies and peppers, dry (Capsicum spp., Pimenta spp.), raw",0.01,0.0,0.0
Tuvalu,2021,"Chillies and peppers, dry (Capsicum spp., Pimenta spp.), raw",0.11,0.0,0.0
Tuvalu,2023,"Chillies and peppers, dry (Capsicum spp., Pimenta spp.), raw",0.0,0.0,0.0
Uganda,1993,"Chillies and peppers, dry (Capsicum spp., Pimenta spp.), raw",0.0,0.0,3400.0
Uganda,1994,"Chillies and peppers, dry (Capsicum spp., Pimenta spp.), raw",0.28,105.21,3600.0
Uganda,1995,"Chillies and peppers, dry (Capsicum spp., Pimenta spp.), raw",0.01,21.92,3800.0
Uganda,1996,"Chillies and peppers, dry (Capsicum spp., Pimenta spp.), raw",0.02,63.9,3400.0
Uganda,1997,"Chillies and peppers, dry (Capsicum spp., Pimenta spp.), raw",0.57,34.7,3500.0
Uganda,1999,"Chillies and peppers, dry (Capsicum spp., Pimenta spp.), raw",0.0,64.0,3700.0
Uganda,2001,"Chillies and peppers, dry (Capsicum spp., Pimenta spp.), raw",0.0,13.0,3648.45
Uganda,2002,"Chillies and peppers, dry (Capsicum spp., Pimenta spp.), raw",0.0,0.0,3675.97
Uganda,2003,"Chillies and peppers, dry (Capsicum spp., Pimenta spp.), raw",3.0,0.0,3682.41
Uganda,2004,"Chillies and peppers, dry (Capsicum spp., Pimenta spp.), raw",5.0,317.0,3695.95
Uganda,2006,"Chillies and peppers, dry (Capsicum spp., Pimenta spp.), raw",3.0,144.0,3701.38
Uganda,2008,"Chillies and peppers, dry (Capsicum spp., Pimenta spp.), raw",3.0,193.0,3615.48
Uganda,2009,"Chillies and peppers, dry (Capsicum spp., Pimenta spp.), raw",1.0,193.0,3524.12
Uganda,2010,"Chillies and peppers, dry (Capsicum spp., Pimenta spp.), raw",7.0,28.0,3423.4
Uganda,2011,"Chillies and peppers, dry (Capsicum spp., Pimenta spp.), raw",4.0,36.0,3316.48
Uganda,2014,"Chillies and peppers, dry (Capsicum spp., Pimenta spp.), raw",2.89,8.24,3342.19
Uganda,2015,"Chillies and peppers, dry (Capsicum spp., Pimenta spp.), raw",5.55,8.4,3047.39
Uganda,2016,"Chillies and peppers, dry (Capsicum spp., Pimenta spp.), raw",4.49,69.74,3169.82
Uganda,2017,"Chillies and peppers, dry (Capsicum spp., Pimenta spp.), raw",8.96,132.14,3178.93
Uganda,2018,"Chillies and peppers, dry (Capsicum spp., Pimenta spp.), raw",15.74,126.66,3144.61
Uganda,2019,"Chillies and peppers, dry (Capsicum spp., Pimenta spp.), raw",9.91,26.88,3159.98
Uganda,2020,"Chillies and peppers, dry (Capsicum spp., Pimenta spp.), raw",17.81,226.37,3200.9
Uganda,2021,"Chillies and peppers, dry (Capsicum spp., Pimenta spp.), raw",21.08,227.07,3190.93
Uganda,2023,"Chillies and peppers, dry (Capsicum spp., Pimenta spp.), raw",5.78,326.4,3178.99
Ukraine,2000,"Chillies and peppers, dry (Capsicum spp., Pimenta spp.), raw",118.0,5.0,0.0
Ukraine,2001,"Chillies and peppers, dry (Capsicum spp., Pimenta spp.), raw",467.0,10.0,0.0
Ukraine,2002,"Chillies and peppers, dry (Capsicum spp., Pimenta spp.), raw",569.0,15.0,0.0
Ukraine,2003,"Chillies and peppers, dry (Capsicum spp., Pimenta spp.), raw",1148.0,64.0,0.0
Ukraine,2004,"Chillies and peppers, dry (Capsicum spp., Pimenta spp.), raw",691.0,49.0,0.0
Ukraine,2005,"Chillies and peppers, dry (Capsicum spp., Pimenta spp.), raw",1093.0,76.0,0.0
Ukraine,2006,"Chillies and peppers, dry (Capsicum spp., Pimenta spp.), raw",1018.0,16.0,0.0
Ukraine,2007,"Chillies and peppers, dry (Capsicum spp., Pimenta spp.), raw",1039.0,50.0,0.0
Ukraine,2008,"Chillies and peppers, dry (Capsicum spp., Pimenta spp.), raw",1544.0,86.0,0.0
Ukraine,2009,"Chillies and peppers, dry (Capsicum spp., Pimenta spp.), raw",1540.0,75.0,0.0
Ukraine,2010,"Chillies and peppers, dry (Capsicum spp., Pimenta spp.), raw",1229.0,64.0,0.0
Ukraine,2011,"Chillies and peppers, dry (Capsicum spp., Pimenta spp.), raw",1734.0,47.0,0.0
Ukraine,2012,"Chillies and peppers, dry (Capsicum spp., Pimenta spp.), raw",1774.0,34.0,0.0
Ukraine,2013,"Chillies and peppers, dry (Capsicum spp., Pimenta spp.), raw",1701.0,27.0,0.0
Ukraine,2014,"Chillies and peppers, dry (Capsicum spp., Pimenta spp.), raw",1460.79,17.99,0.0
Ukraine,2015,"Chillies and peppers, dry (Capsicum spp., Pimenta spp.), raw",1213.95,21.52,0.0
Ukraine,2016,"Chillies and peppers, dry (Capsicum spp., Pimenta spp.), raw",1590.54,14.76,0.0
Ukraine,2017,"Chillies and peppers, dry (Capsicum spp., Pimenta spp.), raw",1606.79,40.31,0.0
Ukraine,2018,"Chillies and peppers, dry (Capsicum spp., Pimenta spp.), raw",1912.78,34.13,0.0
Ukraine,2019,"Chillies and peppers, dry (Capsicum spp., Pimenta spp.), raw",1850.13,41.68,0.0
Ukraine,2020,"Chillies and peppers, dry (Capsicum spp., Pimenta spp.), raw",2270.69,50.95,0.0
Ukraine,2021,"Chillies and peppers, dry (Capsicum spp., Pimenta spp.), raw",2207.63,46.98,0.0
Ukraine,2022,"Chillies and peppers, dry (Capsicum spp., Pimenta spp.), raw",2174.87,21.5,0.0
Ukraine,2023,"Chillies and peppers, dry (Capsicum spp., Pimenta spp.), raw",2060.74,26.46,0.0
United Arab Emirates,1993,"Chillies and peppers, dry (Capsicum spp., Pimenta spp.), raw",3200.0,300.0,0.0
United Arab Emirates,1994,"Chillies and peppers, dry (Capsicum spp., Pimenta spp.), raw",4100.0,200.0,0.0
United Arab Emirates,1995,"Chillies and peppers, dry (Capsicum spp., Pimenta spp.), raw",4500.0,250.0,0.0
United Arab Emirates,1998,"Chillies and peppers, dry (Capsicum spp., Pimenta spp.), raw",4400.0,360.0,0.0
United Arab Emirates,1999,"Chillies and peppers, dry (Capsicum spp., Pimenta spp.), raw",4100.0,80.0,0.0
United Arab Emirates,2000,"Chillies and peppers, dry (Capsicum spp., Pimenta spp.), raw",4400.0,100.0,0.0
United Arab Emirates,2002,"Chillies and peppers, dry (Capsicum spp., Pimenta spp.), raw",5730.0,635.0,0.0
United Arab Emirates,2003,"Chillies and peppers, dry (Capsicum spp., Pimenta spp.), raw",5760.0,709.0,0.0
United Arab Emirates,2004,"Chillies and peppers, dry (Capsicum spp., Pimenta spp.), raw",5199.0,140.0,0.0
United Arab Emirates,2005,"Chillies and peppers, dry (Capsicum spp., Pimenta spp.), raw",4688.0,1255.0,0.0
United Arab Emirates,2006,"Chillies and peppers, dry (Capsicum spp., Pimenta spp.), raw",7282.0,111.0,0.0
United Arab Emirates,2007,"Chillies and peppers, dry (Capsicum spp., Pimenta spp.), raw",8049.0,459.0,0.0
United Arab Emirates,2008,"Chillies and peppers, dry (Capsicum spp., Pimenta spp.), raw",9232.0,737.0,0.0
United Arab Emirates,2009,"Chillies and peppers, dry (Capsicum spp., Pimenta spp.), raw",7451.0,737.0,0.0
United Arab Emirates,2010,"Chillies and peppers, dry (Capsicum spp., Pimenta spp.), raw",7871.0,737.0,0.0
United Arab Emirates,2011,"Chillies and peppers, dry (Capsicum spp., Pimenta spp.), raw",9300.0,170.0,0.0
United Arab Emirates,2012,"Chillies and peppers, dry (Capsicum spp., Pimenta spp.), raw",11073.0,198.0,0.0
United Arab Emirates,2013,"Chillies and peppers, dry (Capsicum spp., Pimenta spp.), raw",7768.0,598.0,0.0
United Arab Emirates,2014,"Chillies and peppers, dry (Capsicum spp., Pimenta spp.), raw",12403.8,1803.59,0.0
United Arab Emirates,2015,"Chillies and peppers, dry (Capsicum spp., Pimenta spp.), raw",13127.4,1805.45,0.0
United Arab Emirates,2016,"Chillies and peppers, dry (Capsicum spp., Pimenta spp.), raw",13933.52,1597.27,0.0
United Arab Emirates,2017,"Chillies and peppers, dry (Capsicum spp., Pimenta spp.), raw",15980.49,1800.26,0.0
United Arab Emirates,2018,"Chillies and peppers, dry (Capsicum spp., Pimenta spp.), raw",11386.65,1666.78,0.0
United Arab Emirates,2019,"Chillies and peppers, dry (Capsicum spp., Pimenta spp.), raw",12395.69,3474.17,0.0
United Arab Emirates,2020,"Chillies and peppers, dry (Capsicum spp., Pimenta spp.), raw",15024.66,4766.41,0.0
United Arab Emirates,2021,"Chillies and peppers, dry (Capsicum spp., Pimenta spp.), raw",14697.28,5015.57,0.0
United Arab Emirates,2022,"Chillies and peppers, dry (Capsicum spp., Pimenta spp.), raw",14220.98,4029.39,0.0
United Arab Emirates,2023,"Chillies and peppers, dry (Capsicum spp., Pimenta spp.), raw",13844.95,4197.65,0.0
United Kingdom of Great Britain and Northern Ireland,1993,"Chillies and peppers, dry (Capsicum spp., Pimenta spp.), raw",3996.0,231.0,0.0
United Kingdom of Great Britain and Northern Ireland,1994,"Chillies and peppers, dry (Capsicum spp., Pimenta spp.), raw",3890.0,315.0,0.0
United Kingdom of Great Britain and Northern Ireland,1996,"Chillies and peppers, dry (Capsicum spp., Pimenta spp.), raw",3940.0,249.0,0.0
United Kingdom of Great Britain and Northern Ireland,1997,"Chillies and peppers, dry (Capsicum spp., Pimenta spp.), raw",4319.0,328.0,0.0
United Kingdom of Great Britain and Northern Ireland,1999,"Chillies and peppers, dry (Capsicum spp., Pimenta spp.), raw",4667.0,406.0,0.0
United Kingdom of Great Britain and Northern Ireland,2000,"Chillies and peppers, dry (Capsicum spp., Pimenta spp.), raw",4931.0,361.0,0.0
United Kingdom of Great Britain and Northern Ireland,2001,"Chillies and peppers, dry (Capsicum spp., Pimenta spp.), raw",7281.0,403.0,0.0
United Kingdom of Great Britain and Northern Ireland,2002,"Chillies and peppers, dry (Capsicum spp., Pimenta spp.), raw",6109.0,794.0,0.0
United Kingdom of Great Britain and Northern Ireland,2003,"Chillies and peppers, dry (Capsicum spp., Pimenta spp.), raw",5822.0,583.0,0.0
United Kingdom of Great Britain and Northern Ireland,2004,"Chillies and peppers, dry (Capsicum spp., Pimenta spp.), raw",6988.0,667.0,0.0
United Kingdom of Great Britain and Northern Ireland,2005,"Chillies and peppers, dry (Capsicum spp., Pimenta spp.), raw",7527.0,620.0,0.0
United Kingdom of Great Britain and Northern Ireland,2006,"Chillies and peppers, dry (Capsicum spp., Pimenta spp.), raw",6609.0,575.0,0.0
United Kingdom of Great Britain and Northern Ireland,2007,"Chillies and peppers, dry (Capsicum spp., Pimenta spp.), raw",7577.0,596.0,0.0
United Kingdom of Great Britain and Northern Ireland,2009,"Chillies and peppers, dry (Capsicum spp., Pimenta spp.), raw",7579.0,639.0,0.0
United Kingdom of Great Britain and Northern Ireland,2010,"Chillies and peppers, dry (Capsicum spp., Pimenta spp.), raw",8171.0,663.0,0.0
United Kingdom of Great Britain and Northern Ireland,2011,"Chillies and peppers, dry (Capsicum spp., Pimenta spp.), raw",8723.0,789.0,0.0
United Kingdom of Great Britain and Northern Ireland,2012,"Chillies and peppers, dry (Capsicum spp., Pimenta spp.), raw",9405.0,840.0,0.0
United Kingdom of Great Britain and Northern Ireland,2013,"Chillies and peppers, dry (Capsicum spp., Pimenta spp.), raw",9931.0,830.0,0.0
United Kingdom of Great Britain and Northern Ireland,2014,"Chillies and peppers, dry (Capsicum spp., Pimenta spp.), raw",9031.86,834.99,0.0
United Kingdom of Great Britain and Northern Ireland,2015,"Chillies and peppers, dry (Capsicum spp., Pimenta spp.), raw",10514.54,1044.53,0.0
United Kingdom of Great Britain and Northern Ireland,2016,"Chillies and peppers, dry (Capsicum spp., Pimenta spp.), raw",11921.47,1178.02,0.0
United Kingdom of Great Britain and Northern Ireland,2017,"Chillies and peppers, dry (Capsicum spp., Pimenta spp.), raw",11864.25,1054.28,0.0
United Kingdom of Great Britain and Northern Ireland,2018,"Chillies and peppers, dry (Capsicum spp., Pimenta spp.), raw",12397.7,1059.45,0.0
United Kingdom of Great Britain and Northern Ireland,2019,"Chillies and peppers, dry (Capsicum spp., Pimenta spp.), raw",11951.0,1022.61,0.0
United Kingdom of Great Britain and Northern Ireland,2020,"Chillies and peppers, dry (Capsicum spp., Pimenta spp.), raw",16594.24,1422.59,0.0
United Kingdom of Great Britain and Northern Ireland,2022,"Chillies and peppers, dry (Capsicum spp., Pimenta spp.), raw",15658.5,844.33,0.0
United Kingdom of Great Britain and Northern Ireland,2023,"Chillies and peppers, dry (Capsicum spp., Pimenta spp.), raw",14995.38,908.08,0.0
United Republic of Tanzania,1993,"Chillies and peppers, dry (Capsicum spp., Pimenta spp.), raw",0.0,0.0,5900.0
United Republic of Tanzania,1994,"Chillies and peppers, dry (Capsicum spp., Pimenta spp.), raw",0.0,0.0,6000.0
United Republic of Tanzania,1995,"Chillies and peppers, dry (Capsicum spp., Pimenta spp.), raw",0.0,0.0,6100.0
United Republic of Tanzania,1996,"Chillies and peppers, dry (Capsicum spp., Pimenta spp.), raw",1.0,0.0,6200.0
United Republic of Tanzania,1997,"Chillies and peppers, dry (Capsicum spp., Pimenta spp.), raw",0.0,5.0,6100.0
United Republic of Tanzania,1998,"Chillies and peppers, dry (Capsicum spp., Pimenta spp.), raw",3.0,96.0,6200.0
United Republic of Tanzania,1999,"Chillies and peppers, dry (Capsicum spp., Pimenta spp.), raw",5.0,58.0,6300.0
United Republic of Tanzania,2000,"Chillies and peppers, dry (Capsicum spp., Pimenta spp.), raw",1.0,0.0,6400.0
United Republic of Tanzania,2001,"Chillies and peppers, dry (Capsicum spp., Pimenta spp.), raw",1.0,76.0,6463.95
United Republic of Tanzania,2002,"Chillies and peppers, dry (Capsicum spp., Pimenta spp.), raw",3.0,13.0,6500.0
United Republic of Tanzania,2003,"Chillies and peppers, dry (Capsicum spp., Pimenta spp.), raw",4.0,43.0,6862.24
United Republic of Tanzania,2004,"Chillies and peppers, dry (Capsicum spp., Pimenta spp.), raw",7.0,15.0,7426.34
United Republic of Tanzania,2006,"Chillies and peppers, dry (Capsicum spp., Pimenta spp.), raw",14.0,500.0,8590.01
United Republic of Tanzania,2007,"Chillies and peppers, dry (Capsicum spp., Pimenta spp.), raw",13.0,362.0,9359.51
United Republic of Tanzania,2008,"Chillies and peppers, dry (Capsicum spp., Pimenta spp.), raw",16.0,139.0,10021.84
United Republic of Tanzania,2009,"Chillies and peppers, dry (Capsicum spp., Pimenta spp.), raw",14.0,485.0,10040.9
United Republic of Tanzania,2010,"Chillies and peppers, dry (Capsicum spp., Pimenta spp.), raw",25.0,27.0,8658.27
United Republic of Tanzania,2011,"Chillies and peppers, dry (Capsicum spp., Pimenta spp.), raw",33.0,32.0,7000.0
United Republic of Tanzania,2013,"Chillies and peppers, dry (Capsicum spp., Pimenta spp.), raw",43.0,22.0,7500.0
United Republic of Tanzania,2014,"Chillies and peppers, dry (Capsicum spp., Pimenta spp.), raw",30.51,2.35,7542.28
United Republic of Tanzania,2015,"Chillies and peppers, dry (Capsicum spp., Pimenta spp.), raw",15.42,63.0,7368.9
United Republic of Tanzania,2016,"Chillies and peppers, dry (Capsicum spp., Pimenta spp.), raw",52.14,52.7,7191.29
United Republic of Tanzania,2017,"Chillies and peppers, dry (Capsicum spp., Pimenta spp.), raw",28.11,85.78,7045.32
United Republic of Tanzania,2018,"Chillies and peppers, dry (Capsicum spp., Pimenta spp.), raw",13.88,10.82,6909.72
United Republic of Tanzania,2019,"Chillies and peppers, dry (Capsicum spp., Pimenta spp.), raw",33.36,25.11,6801.11
United Republic of Tanzania,2020,"Chillies and peppers, dry (Capsicum spp., Pimenta spp.), raw",30.39,23.17,6958.62
United Republic of Tanzania,2021,"Chillies and peppers, dry (Capsicum spp., Pimenta spp.), raw",27.69,87.69,6837.78
United Republic of Tanzania,2023,"Chillies and peppers, dry (Capsicum spp., Pimenta spp.), raw",38.43,170.28,6735.39
United States of America,1994,"Chillies and peppers, dry (Capsicum spp., Pimenta spp.), raw",27840.0,3922.0,0.0
United States of America,1995,"Chillies and peppers, dry (Capsicum spp., Pimenta spp.), raw",28946.0,2981.0,0.0
United States of America,1996,"Chillies and peppers, dry (Capsicum spp., Pimenta spp.), raw",40618.0,3003.0,0.0
United States of America,1997,"Chillies and peppers, dry (Capsicum spp., Pimenta spp.), raw",37400.0,3620.0,0.0
United States of America,1998,"Chillies and peppers, dry (Capsicum spp., Pimenta spp.), raw",54252.0,4246.0,0.0
United States of America,1999,"Chillies and peppers, dry (Capsicum spp., Pimenta spp.), raw",57140.0,4152.0,0.0
United States of America,2000,"Chillies and peppers, dry (Capsicum spp., Pimenta spp.), raw",58767.73,5951.66,0.0
United States of America,2001,"Chillies and peppers, dry (Capsicum spp., Pimenta spp.), raw",66489.0,7352.0,0.0
United States of America,2002,"Chillies and peppers, dry (Capsicum spp., Pimenta spp.), raw",85197.0,6931.0,0.0
United States of America,2003,"Chillies and peppers, dry (Capsicum spp., Pimenta spp.), raw",85490.0,7588.0,0.0
United States of America,2004,"Chillies and peppers, dry (Capsicum spp., Pimenta spp.), raw",88321.0,7175.0,0.0
United States of America,2005,"Chillies and peppers, dry (Capsicum spp., Pimenta spp.), raw",88950.0,6411.0,0.0
United States of America,2006,"Chillies and peppers, dry (Capsicum spp., Pimenta spp.), raw",98094.0,3929.0,0.0
United States of America,2007,"Chillies and peppers, dry (Capsicum spp., Pimenta spp.), raw",90616.0,2828.0,0.0
United States of America,2008,"Chillies and peppers, dry (Capsicum spp., Pimenta spp.), raw",102589.0,2579.0,0.0
United States of America,2009,"Chillies and peppers, dry (Capsicum spp., Pimenta spp.), raw",104681.0,2948.0,0.0
United States of America,2010,"Chillies and peppers, dry (Capsicum spp., Pimenta spp.), raw",104566.0,3588.0,0.0
United States of America,2011,"Chillies and peppers, dry (Capsicum spp., Pimenta spp.), raw",109937.0,4802.0,0.0
United States of America,2012,"Chillies and peppers, dry (Capsicum spp., Pimenta spp.), raw",120460.0,5403.0,0.0
United States of America,2013,"Chillies and peppers, dry (Capsicum spp., Pimenta spp.), raw",115245.0,5342.0,0.0
United States of America,2014,"Chillies and peppers, dry (Capsicum spp., Pimenta spp.), raw",112276.18,5299.3,0.0
United States of America,2015,"Chillies and peppers, dry (Capsicum spp., Pimenta spp.), raw",123145.84,5566.13,0.0
United States of America,2016,"Chillies and peppers, dry (Capsicum spp., Pimenta spp.), raw",126525.96,5459.94,0.0
United States of America,2017,"Chillies and peppers, dry (Capsicum spp., Pimenta spp.), raw",127644.78,5903.8,0.0
United States of America,2018,"Chillies and peppers, dry (Capsicum spp., Pimenta spp.), raw",140262.56,7765.06,0.0
United States of America,2019,"Chillies and peppers, dry (Capsicum spp., Pimenta spp.), raw",148359.1,7240.67,0.0
United States of America,2020,"Chillies and peppers, dry (Capsicum spp., Pimenta spp.), raw",162095.95,7119.64,0.0
United States of America,2021,"Chillies and peppers, dry (Capsicum spp., Pimenta spp.), raw",176837.79,6584.34,0.0
United States of America,2022,"Chillies and peppers, dry (Capsicum spp., Pimenta spp.), raw",176351.21,7615.28,0.0
United States of America,2023,"Chillies and peppers, dry (Capsicum spp., Pimenta spp.), raw",191292.49,8800.62,0.0
Uruguay,1993,"Chillies and peppers, dry (Capsicum spp., Pimenta spp.), raw",223.0,0.0,0.0
Uruguay,1995,"Chillies and peppers, dry (Capsicum spp., Pimenta spp.), raw",244.0,0.0,0.0
Uruguay,1996,"Chillies and peppers, dry (Capsicum spp., Pimenta spp.), raw",232.0,0.0,0.0
Uruguay,1997,"Chillies and peppers, dry (Capsicum spp., Pimenta spp.), raw",227.0,0.0,0.0
Uruguay,1998,"Chillies and peppers, dry (Capsicum spp., Pimenta spp.), raw",217.0,0.0,0.0
Uruguay,2000,"Chillies and peppers, dry (Capsicum spp., Pimenta spp.), raw",204.84,0.0,0.0
Uruguay,2001,"Chillies and peppers, dry (Capsicum spp., Pimenta spp.), raw",281.0,0.0,0.0
Uruguay,2002,"Chillies and peppers, dry (Capsicum spp., Pimenta spp.), raw",228.0,0.0,0.0
Uruguay,2003,"Chillies and peppers, dry (Capsicum spp., Pimenta spp.), raw",317.0,0.0,0.0
Uruguay,2004,"Chillies and peppers, dry (Capsicum spp., Pimenta spp.), raw",231.0,1.0,0.0
Uruguay,2005,"Chillies and peppers, dry (Capsicum spp., Pimenta spp.), raw",306.0,0.0,0.0
Uruguay,2006,"Chillies and peppers, dry (Capsicum spp., Pimenta spp.), raw",258.0,1.0,0.0
Uruguay,2007,"Chillies and peppers, dry (Capsicum spp., Pimenta spp.), raw",244.0,0.0,0.0
Uruguay,2008,"Chillies and peppers, dry (Capsicum spp., Pimenta spp.), raw",265.0,0.0,0.0
Uruguay,2010,"Chillies and peppers, dry (Capsicum spp., Pimenta spp.), raw",267.0,0.0,0.0
Uruguay,2011,"Chillies and peppers, dry (Capsicum spp., Pimenta spp.), raw",237.0,0.0,0.0
Uruguay,2012,"Chillies and peppers, dry (Capsicum spp., Pimenta spp.), raw",270.0,0.0,0.0
Uruguay,2013,"Chillies and peppers, dry (Capsicum spp., Pimenta spp.), raw",247.0,0.0,0.0
Uruguay,2014,"Chillies and peppers, dry (Capsicum spp., Pimenta spp.), raw",268.84,0.05,0.0
Uruguay,2015,"Chillies and peppers, dry (Capsicum spp., Pimenta spp.), raw",218.69,0.02,0.0
Uruguay,2016,"Chillies and peppers, dry (Capsicum spp., Pimenta spp.), raw",290.23,4.15,0.0
Uruguay,2017,"Chillies and peppers, dry (Capsicum spp., Pimenta spp.), raw",227.7,0.19,0.0
Uruguay,2020,"Chillies and peppers, dry (Capsicum spp., Pimenta spp.), raw",258.25,0.23,0.0
Uruguay,2021,"Chillies and peppers, dry (Capsicum spp., Pimenta spp.), raw",266.24,10.25,0.0
Uruguay,2022,"Chillies and peppers, dry (Capsicum spp., Pimenta spp.), raw",248.27,0.26,0.0
Uruguay,2023,"Chillies and peppers, dry (Capsicum spp., Pimenta spp.), raw",265.53,16.73,0.0
Uzbekistan,2000,"Chillies and peppers, dry (Capsicum spp., Pimenta spp.), raw",6.2,936.0,3981.64
Uzbekistan,2001,"Chillies and peppers, dry (Capsicum spp., Pimenta spp.), raw",10.0,940.0,4330.22
Uzbekistan,2002,"Chillies and peppers, dry (Capsicum spp., Pimenta spp.), raw",10.0,1789.0,4267.71
Uzbekistan,2003,"Chillies and peppers, dry (Capsicum spp., Pimenta spp.), raw",0.0,2127.0,4395.2
Uzbekistan,2004,"Chillies and peppers, dry (Capsicum spp., Pimenta spp.), raw",0.0,1661.0,4519.97
Uzbekistan,2005,"Chillies and peppers, dry (Capsicum spp., Pimenta spp.), raw",2.0,1742.0,4648.4
Uzbekistan,2006,"Chillies and peppers, dry (Capsicum spp., Pimenta spp.), raw",0.0,1740.0,4778.52
Uzbekistan,2007,"Chillies and peppers, dry (Capsicum spp., Pimenta spp.), raw",0.0,1828.0,4896.76
Uzbekistan,2008,"Chillies and peppers, dry (Capsicum spp., Pimenta spp.), raw",0.0,1464.0,5034.86
Uzbekistan,2009,"Chillies and peppers, dry (Capsicum spp., Pimenta spp.), raw",0.0,1285.0,5172.74
Uzbekistan,2010,"Chillies and peppers, dry (Capsicum spp., Pimenta spp.), raw",0.0,1948.0,5000.0
Uzbekistan,2011,"Chillies and peppers, dry (Capsicum spp., Pimenta spp.), raw",0.0,3063.0,5519.15
Uzbekistan,2012,"Chillies and peppers, dry (Capsicum spp., Pimenta spp.), raw",0.0,2444.0,6000.0
Uzbekistan,2013,"Chillies and peppers, dry (Capsicum spp., Pimenta spp.), raw",0.0,1865.0,6000.0
Uzbekistan,2014,"Chillies and peppers, dry (Capsicum spp., Pimenta spp.), raw",1.37,2224.07,6000.0
Uzbekistan,2016,"Chillies and peppers, dry (Capsicum spp., Pimenta spp.), raw",0.26,5358.08,10000.0
Uzbekistan,2017,"Chillies and peppers, dry (Capsicum spp., Pimenta spp.), raw",15.16,9542.57,15000.0
Uzbekistan,2018,"Chillies and peppers, dry (Capsicum spp., Pimenta spp.), raw",1.53,18114.06,23000.0
Uzbekistan,2020,"Chillies and peppers, dry (Capsicum spp., Pimenta spp.), raw",13.97,13306.69,36198.52
Uzbekistan,2021,"Chillies and peppers, dry (Capsicum spp., Pimenta spp.), raw",17.31,17240.23,16710.49
Uzbekistan,2022,"Chillies and peppers, dry (Capsicum spp., Pimenta spp.), raw",27.49,11774.52,18126.0
Vanuatu,2007,"Chillies and peppers, dry (Capsicum spp., Pimenta spp.), raw",0.0,0.0,0.0
Vanuatu,2008,"Chillies and peppers, dry (Capsicum spp., Pimenta spp.), raw",0.0,0.0,0.0
Vanuatu,2009,"Chillies and peppers, dry (Capsicum spp., Pimenta spp.), raw",0.0,0.0,0.0
Vanuatu,2010,"Chillies and peppers, dry (Capsicum spp., Pimenta spp.), raw",0.0,0.0,0.0
Vanuatu,2011,"Chillies and peppers, dry (Capsicum spp., Pimenta spp.), raw",1.0,0.0,0.0
Vanuatu,2012,"Chillies and peppers, dry (Capsicum spp., Pimenta spp.), raw",2.0,0.0,0.0
Vanuatu,2013,"Chillies and peppers, dry (Capsicum spp., Pimenta spp.), raw",2.0,0.0,0.0
Vanuatu,2015,"Chillies and peppers, dry (Capsicum spp., Pimenta spp.), raw",0.14,0.0,0.0
Vanuatu,2016,"Chillies and peppers, dry (Capsicum spp., Pimenta spp.), raw",0.14,0.0,0.0
Vanuatu,2017,"Chillies and peppers, dry (Capsicum spp., Pimenta spp.), raw",0.1,0.0,0.0
Vanuatu,2018,"Chillies and peppers, dry (Capsicum spp., Pimenta spp.), raw",0.24,0.0,0.0
Vanuatu,2019,"Chillies and peppers, dry (Capsicum spp., Pimenta spp.), raw",0.05,0.0,0.0
Vanuatu,2020,"Chillies and peppers, dry (Capsicum spp., Pimenta spp.), raw",0.02,0.0,0.0
Vanuatu,2021,"Chillies and peppers, dry (Capsicum spp., Pimenta spp.), raw",0.23,0.0,0.0
Vanuatu,2022,"Chillies and peppers, dry (Capsicum spp., Pimenta spp.), raw",0.39,0.0,0.0
Venezuela (Bolivarian Republic of),1993,"Chillies and peppers, dry (Capsicum spp., Pimenta spp.), raw",73.0,1.0,0.0
Venezuela (Bolivarian Republic of),1995,"Chillies and peppers, dry (Capsicum spp., Pimenta spp.), raw",74.0,0.0,0.0
Venezuela (Bolivarian Republic of),1997,"Chillies and peppers, dry (Capsicum spp., Pimenta spp.), raw",87.0,0.0,0.0
Venezuela (Bolivarian Republic of),1998,"Chillies and peppers, dry (Capsicum spp., Pimenta spp.), raw",57.0,0.0,0.0
Venezuela (Bolivarian Republic of),1999,"Chillies and peppers, dry (Capsicum spp., Pimenta spp.), raw",99.0,0.0,0.0
Venezuela (Bolivarian Republic of),2000,"Chillies and peppers, dry (Capsicum spp., Pimenta spp.), raw",89.0,0.0,0.0
Venezuela (Bolivarian Republic of),2001,"Chillies and peppers, dry (Capsicum spp., Pimenta spp.), raw",68.0,0.0,0.0
Venezuela (Bolivarian Republic of),2002,"Chillies and peppers, dry (Capsicum spp., Pimenta spp.), raw",104.0,0.0,0.0
Venezuela (Bolivarian Republic of),2003,"Chillies and peppers, dry (Capsicum spp., Pimenta spp.), raw",112.0,0.0,0.0
Venezuela (Bolivarian Republic of),2005,"Chillies and peppers, dry (Capsicum spp., Pimenta spp.), raw",109.0,0.0,0.0
Venezuela (Bolivarian Republic of),2006,"Chillies and peppers, dry (Capsicum spp., Pimenta spp.), raw",121.0,0.0,0.0
Venezuela (Bolivarian Republic of),2007,"Chillies and peppers, dry (Capsicum spp., Pimenta spp.), raw",111.0,0.0,0.0
Venezuela (Bolivarian Republic of),2008,"Chillies and peppers, dry (Capsicum spp., Pimenta spp.), raw",89.0,0.0,0.0
Venezuela (Bolivarian Republic of),2009,"Chillies and peppers, dry (Capsicum spp., Pimenta spp.), raw",124.0,0.0,0.0
Venezuela (Bolivarian Republic of),2010,"Chillies and peppers, dry (Capsicum spp., Pimenta spp.), raw",76.0,0.0,0.0
Venezuela (Bolivarian Republic of),2011,"Chillies and peppers, dry (Capsicum spp., Pimenta spp.), raw",147.0,0.0,0.0
Venezuela (Bolivarian Republic of),2012,"Chillies and peppers, dry (Capsicum spp., Pimenta spp.), raw",63.0,0.0,0.0
Venezuela (Bolivarian Republic of),2013,"Chillies and peppers, dry (Capsicum spp., Pimenta spp.), raw",149.0,0.0,0.0
Venezuela (Bolivarian Republic of),2014,"Chillies and peppers, dry (Capsicum spp., Pimenta spp.), raw",24.99,23.2,0.0
Venezuela (Bolivarian Republic of),2015,"Chillies and peppers, dry (Capsicum spp., Pimenta spp.), raw",37.0,64.26,0.0
Venezuela (Bolivarian Republic of),2016,"Chillies and peppers, dry (Capsicum spp., Pimenta spp.), raw",59.59,84.93,0.0
Venezuela (Bolivarian Republic of),2017,"Chillies and peppers, dry (Capsicum spp., Pimenta spp.), raw",34.21,13.89,0.0
Venezuela (Bolivarian Republic of),2018,"Chillies and peppers, dry (Capsicum spp., Pimenta spp.), raw",16.24,0.0,0.0
Venezuela (Bolivarian Republic of),2019,"Chillies and peppers, dry (Capsicum spp., Pimenta spp.), raw",10.76,0.0,0.0
Venezuela (Bolivarian Republic of),2020,"Chillies and peppers, dry (Capsicum spp., Pimenta spp.), raw",48.42,0.0,0.0
Venezuela (Bolivarian Republic of),2021,"Chillies and peppers, dry (Capsicum spp., Pimenta spp.), raw",74.64,0.0,0.0
Venezuela (Bolivarian Republic of),2022,"Chillies and peppers, dry (Capsicum spp., Pimenta spp.), raw",91.07,0.0,0.0
Viet Nam,2014,"Chillies and peppers, dry (Capsicum spp., Pimenta spp.), raw",333.98,3376.91,94992.14
Viet Nam,2015,"Chillies and peppers, dry (Capsicum spp., Pimenta spp.), raw",279.46,2162.47,95304.13
Viet Nam,2016,"Chillies and peppers, dry (Capsicum spp., Pimenta spp.), raw",384.97,8491.1,95774.68
Viet Nam,2017,"Chillies and peppers, dry (Capsicum spp., Pimenta spp.), raw",939.18,10122.54,96423.86
Viet Nam,2018,"Chillies and peppers, dry (Capsicum spp., Pimenta spp.), raw",4723.08,20939.36,97044.54
Viet Nam,2019,"Chillies and peppers, dry (Capsicum spp., Pimenta spp.), raw",2837.72,11456.29,97672.15
Viet Nam,2020,"Chillies and peppers, dry (Capsicum spp., Pimenta spp.), raw",2309.69,18739.7,99580.35
Viet Nam,2021,"Chillies and peppers, dry (Capsicum spp., Pimenta spp.), raw",2129.19,18411.59,100312.24
Viet Nam,2022,"Chillies and peppers, dry (Capsicum spp., Pimenta spp.), raw",3956.04,6282.47,101185.66
Yemen,2004,"Chillies and peppers, dry (Capsicum spp., Pimenta spp.), raw",70.0,0.0,0.0
Yemen,2005,"Chillies and peppers, dry (Capsicum spp., Pimenta spp.), raw",77.0,122.0,0.0
Yemen,2006,"Chillies and peppers, dry (Capsicum spp., Pimenta spp.), raw",100.0,73.0,0.0
Yemen,2007,"Chillies and peppers, dry (Capsicum spp., Pimenta spp.), raw",105.0,139.0,0.0
Yemen,2009,"Chillies and peppers, dry (Capsicum spp., Pimenta spp.), raw",107.0,49.0,0.0
Yemen,2010,"Chillies and peppers, dry (Capsicum spp., Pimenta spp.), raw",0.0,0.0,0.0
Yemen,2011,"Chillies and peppers, dry (Capsicum spp., Pimenta spp.), raw",68.0,151.0,0.0
Yemen,2012,"Chillies and peppers, dry (Capsicum spp., Pimenta spp.), raw",30.0,89.0,0.0
Yemen,2013,"Chillies and peppers, dry (Capsicum spp., Pimenta spp.), raw",6.0,0.0,0.0
Yemen,2014,"Chillies and peppers, dry (Capsicum spp., Pimenta spp.), raw",58.8,17.89,0.0
Yemen,2015,"Chillies and peppers, dry (Capsicum spp., Pimenta spp.), raw",70.93,34.35,0.0
Yemen,2016,"Chillies and peppers, dry (Capsicum spp., Pimenta spp.), raw",78.46,0.08,0.0
Yemen,2017,"Chillies and peppers, dry (Capsicum spp., Pimenta spp.), raw",20.34,0.76,0.0
Yemen,2018,"Chillies and peppers, dry (Capsicum spp., Pimenta spp.), raw",15.35,0.0,0.0
Yemen,2019,"Chillies and peppers, dry (Capsicum spp., Pimenta spp.), raw",87.89,0.0,0.0
Yemen,2020,"Chillies and peppers, dry (Capsicum spp., Pimenta spp.), raw",565.05,185.39,0.0
Yemen,2021,"Chillies and peppers, dry (Capsicum spp., Pimenta spp.), raw",251.71,292.69,0.0
Yemen,2022,"Chillies and peppers, dry (Capsicum spp., Pimenta spp.), raw",848.15,35.72,0.0
Yemen,2023,"Chillies and peppers, dry (Capsicum spp., Pimenta spp.), raw",103.19,114.93,0.0
Zambia,1993,"Chillies and peppers, dry (Capsicum spp., Pimenta spp.), raw",0.0,41.0,300.0
Zambia,1994,"Chillies and peppers, dry (Capsicum spp., Pimenta spp.), raw",0.0,110.0,400.0
Zambia,1995,"Chillies and peppers, dry (Capsicum spp., Pimenta spp.), raw",0.0,30.0,350.0
Zambia,1996,"Chillies and peppers, dry (Capsicum spp., Pimenta spp.), raw",0.0,130.0,380.0
Zambia,1997,"Chillies and peppers, dry (Capsicum spp., Pimenta spp.), raw",8.0,84.0,370.0
Zambia,1999,"Chillies and peppers, dry (Capsicum spp., Pimenta spp.), raw",1.0,310.0,500.0
Zambia,2000,"Chillies and peppers, dry (Capsicum spp., Pimenta spp.), raw",7.0,0.0,590.42
Zambia,2001,"Chillies and peppers, dry (Capsicum spp., Pimenta spp.), raw",13.0,99.0,704.48
Zambia,2002,"Chillies and peppers, dry (Capsicum spp., Pimenta spp.), raw",0.0,853.0,900.0
Zambia,2003,"Chillies and peppers, dry (Capsicum spp., Pimenta spp.), raw",35.0,628.0,878.14
Zambia,2004,"Chillies and peppers, dry (Capsicum spp., Pimenta spp.), raw",1.0,696.0,850.0
Zambia,2005,"Chillies and peppers, dry (Capsicum spp., Pimenta spp.), raw",4.0,133.0,727.98
Zambia,2007,"Chillies and peppers, dry (Capsicum spp., Pimenta spp.), raw",6.0,1010.0,1558.53
Zambia,2008,"Chillies and peppers, dry (Capsicum spp., Pimenta spp.), raw",11.0,305.0,994.0
Zambia,2009,"Chillies and peppers, dry (Capsicum spp., Pimenta spp.), raw",10.0,114.0,1019.5
Zambia,2010,"Chillies and peppers, dry (Capsicum spp., Pimenta spp.), raw",4.0,91.0,535.0
Zambia,2011,"Chillies and peppers, dry (Capsicum spp., Pimenta spp.), raw",12.0,19.0,599.77
Zambia,2012,"Chillies and peppers, dry (Capsicum spp., Pimenta spp.), raw",5.0,0.0,964.63
Zambia,2013,"Chillies and peppers, dry (Capsicum spp., Pimenta spp.), raw",8.0,0.0,605.49
Zambia,2015,"Chillies and peppers, dry (Capsicum spp., Pimenta spp.), raw",17.91,0.0,317.0
Zambia,2017,"Chillies and peppers, dry (Capsicum spp., Pimenta spp.), raw",23.1,0.0,453.84
Zambia,2018,"Chillies and peppers, dry (Capsicum spp., Pimenta spp.), raw",17.53,0.0,423.3
Zambia,2019,"Chillies and peppers, dry (Capsicum spp., Pimenta spp.), raw",14.93,0.0,479.38
Zambia,2020,"Chillies and peppers, dry (Capsicum spp., Pimenta spp.), raw",9.42,1104.0,454.72
Zambia,2021,"Chillies and peppers, dry (Capsicum spp., Pimenta spp.), raw",24.96,4965.54,452.46
Zambia,2022,"Chillies and peppers, dry (Capsicum spp., Pimenta spp.), raw",7.48,5592.69,462.19
Zambia,2023,"Chillies and peppers, dry (Capsicum spp., Pimenta spp.), raw",4.76,9024.78,456.46
Zimbabwe,1993,"Chillies and peppers, dry (Capsicum spp., Pimenta spp.), raw",9.0,770.0,3500.0
Zimbabwe,1994,"Chillies and peppers, dry (Capsicum spp., Pimenta spp.), raw",7.0,1051.0,5600.0
Zimbabwe,1995,"Chillies and peppers, dry (Capsicum spp., Pimenta spp.), raw",61.0,613.0,4900.0
Zimbabwe,1996,"Chillies and peppers, dry (Capsicum spp., Pimenta spp.), raw",331.0,675.0,5433.0
Zimbabwe,1998,"Chillies and peppers, dry (Capsicum spp., Pimenta spp.), raw",86.0,18766.0,14655.0
Zimbabwe,1999,"Chillies and peppers, dry (Capsicum spp., Pimenta spp.), raw",22.0,14410.0,10718.0
Zimbabwe,2000,"Chillies and peppers, dry (Capsicum spp., Pimenta spp.), raw",17.57,8790.13,7342.0
Zimbabwe,2002,"Chillies and peppers, dry (Capsicum spp., Pimenta spp.), raw",579.0,11113.0,9825.0
Zimbabwe,2003,"Chillies and peppers, dry (Capsicum spp., Pimenta spp.), raw",13.0,8297.0,14192.0
Zimbabwe,2004,"Chillies and peppers, dry (Capsicum spp., Pimenta spp.), raw",386.0,7375.0,10877.0
Zimbabwe,2005,"Chillies and peppers, dry (Capsicum spp., Pimenta spp.), raw",1395.0,883.0,3204.0
Zimbabwe,2006,"Chillies and peppers, dry (Capsicum spp., Pimenta spp.), raw",916.0,5000.0,3821.0
Zimbabwe,2007,"Chillies and peppers, dry (Capsicum spp., Pimenta spp.), raw",1.0,5000.0,1527.0
Zimbabwe,2008,"Chillies and peppers, dry (Capsicum spp., Pimenta spp.), raw",0.0,1610.0,992.65
Zimbabwe,2009,"Chillies and peppers, dry (Capsicum spp., Pimenta spp.), raw",1.0,1054.0,811.84
Zimbabwe,2011,"Chillies and peppers, dry (Capsicum spp., Pimenta spp.), raw",2.0,772.0,770.88
Zimbabwe,2012,"Chillies and peppers, dry (Capsicum spp., Pimenta spp.), raw",0.0,807.0,814.46
Zimbabwe,2013,"Chillies and peppers, dry (Capsicum spp., Pimenta spp.), raw",6.0,386.0,541.5
Zimbabwe,2014,"Chillies and peppers, dry (Capsicum spp., Pimenta spp.), raw",0.03,279.25,177.95
Zimbabwe,2015,"Chillies and peppers, dry (Capsicum spp., Pimenta spp.), raw",0.12,68.58,160.6
Zimbabwe,2016,"Chillies and peppers, dry (Capsicum spp., Pimenta spp.), raw",1.1,39.5,170.0
Zimbabwe,2017,"Chillies and peppers, dry (Capsicum spp., Pimenta spp.), raw",1.03,128.73,128.0
Zimbabwe,2018,"Chillies and peppers, dry (Capsicum spp., Pimenta spp.), raw",4.84,587.45,168.19
Zimbabwe,2019,"Chillies and peppers, dry (Capsicum spp., Pimenta spp.), raw",3.26,836.69,251.11
Zimbabwe,2020,"Chillies and peppers, dry (Capsicum spp., Pimenta spp.), raw",1.43,1465.55,283.88
Zimbabwe,2021,"Chillies and peppers, dry (Capsicum spp., Pimenta spp.), raw",2.34,739.18,286.78
Zimbabwe,2022,"Chillies and peppers, dry (Capsicum spp., Pimenta spp.), raw",8.6,974.1,334.66
