Area,Year,Item,Import,Export,Production
Afghanistan,2015,"Anise, badian, coriander, cumin, caraway, fennel and juniper berries, raw",1000.16,17340.0,18000.0
Afghanistan,2016,"Anise, badian, coriander, cumin, caraway, fennel and juniper berries, raw",814.88,8353.0,17333.33
Afghanistan,2017,"Anise, badian, coriander, cumin, caraway, fennel and juniper berries, raw",3.67,8500.0,18234.12
Afghanistan,2018,"Anise, badian, coriander, cumin, caraway, fennel and juniper berries, raw",112.3,9456.0,17855.82
Afghanistan,2019,"Anise, badian, coriander, cumin, caraway, fennel and juniper berries, raw",16141.08,11265.16,17807.76
Afghanistan,2020,"Anise, badian, coriander, cumin, caraway, fennel and juniper berries, raw",3726.66,15271.94,17965.9
Afghanistan,2021,"Anise, badian, coriander, cumin, caraway, fennel and juniper berries, raw",9949.04,14080.51,17876.49
Afghanistan,2022,"Anise, badian, coriander, cumin, caraway, fennel and juniper berries, raw",9329.12,10407.1,17883.38
Afghanistan,2023,"Anise, badian, coriander, cumin, caraway, fennel and juniper berries, raw",2634.14,10699.94,17908.59
Albania,1996,"Anise, badian, coriander, cumin, caraway, fennel and juniper berries, raw",11.0,0.0,0.0
Albania,1997,"Anise, badian, coriander, cumin, caraway, fennel and juniper berries, raw",5.0,0.0,0.0
Albania,1998,"Anise, badian, coriander, cumin, caraway, fennel and juniper berries, raw",0.0,0.0,0.0
Albania,1999,"Anise, badian, coriander, cumin, caraway, fennel and juniper berries, raw",1.0,0.0,0.0
Albania,2001,"Anise, badian, coriander, cumin, caraway, fennel and juniper berries, raw",3.0,0.0,0.0
Albania,2002,"Anise, badian, coriander, cumin, caraway, fennel and juniper berries, raw",7.0,0.0,0.0
Albania,2003,"Anise, badian, coriander, cumin, caraway, fennel and juniper berries, raw",7.0,0.0,0.0
Albania,2004,"Anise, badian, coriander, cumin, caraway, fennel and juniper berries, raw",16.0,0.0,0.0
Albania,2005,"Anise, badian, coriander, cumin, caraway, fennel and juniper berries, raw",35.0,0.0,0.0
Albania,2006,"Anise, badian, coriander, cumin, caraway, fennel and juniper berries, raw",30.0,17.0,0.0
Albania,2008,"Anise, badian, coriander, cumin, caraway, fennel and juniper berries, raw",4.0,0.0,0.0
Albania,2009,"Anise, badian, coriander, cumin, caraway, fennel and juniper berries, raw",2.0,3.0,0.0
Albania,2010,"Anise, badian, coriander, cumin, caraway, fennel and juniper berries, raw",30.0,0.0,0.0
Albania,2011,"Anise, badian, coriander, cumin, caraway, fennel and juniper berries, raw",16.0,16.0,0.0
Albania,2012,"Anise, badian, coriander, cumin, caraway, fennel and juniper berries, raw",37.0,32.0,0.0
Albania,2013,"Anise, badian, coriander, cumin, caraway, fennel and juniper berries, raw",24.0,33.0,0.0
Albania,2015,"Anise, badian, coriander, cumin, caraway, fennel and juniper berries, raw",3.23,37.99,0.0
Albania,2016,"Anise, badian, coriander, cumin, caraway, fennel and juniper berries, raw",0.61,84.8,0.0
Albania,2018,"Anise, badian, coriander, cumin, caraway, fennel and juniper berries, raw",0.59,0.0,0.0
Albania,2019,"Anise, badian, coriander, cumin, caraway, fennel and juniper berries, raw",0.01,0.0,0.0
Albania,2020,"Anise, badian, coriander, cumin, caraway, fennel and juniper berries, raw",2.43,0.0,0.0
Albania,2021,"Anise, badian, coriander, cumin, caraway, fennel and juniper berries, raw",2.57,0.0,0.0
Albania,2022,"Anise, badian, coriander, cumin, caraway, fennel and juniper berries, raw",62.28,950.57,0.0
Albania,2023,"Anise, badian, coriander, cumin, caraway, fennel and juniper berries, raw",77.76,851.26,0.0
Algeria,1993,"Anise, badian, coriander, cumin, caraway, fennel and juniper berries, raw",2028.0,0.0,0.0
Algeria,1994,"Anise, badian, coriander, cumin, caraway, fennel and juniper berries, raw",974.0,0.0,0.0
Algeria,1995,"Anise, badian, coriander, cumin, caraway, fennel and juniper berries, raw",1200.0,0.0,0.0
Algeria,1996,"Anise, badian, coriander, cumin, caraway, fennel and juniper berries, raw",1661.0,0.0,0.0
Algeria,1997,"Anise, badian, coriander, cumin, caraway, fennel and juniper berries, raw",2677.0,0.0,0.0
Algeria,1998,"Anise, badian, coriander, cumin, caraway, fennel and juniper berries, raw",2757.0,0.0,0.0
Algeria,1999,"Anise, badian, coriander, cumin, caraway, fennel and juniper berries, raw",1801.0,0.0,0.0
Algeria,2000,"Anise, badian, coriander, cumin, caraway, fennel and juniper berries, raw",1704.0,0.0,0.0
Algeria,2001,"Anise, badian, coriander, cumin, caraway, fennel and juniper berries, raw",3303.0,0.0,0.0
Algeria,2002,"Anise, badian, coriander, cumin, caraway, fennel and juniper berries, raw",4767.0,0.0,0.0
Algeria,2003,"Anise, badian, coriander, cumin, caraway, fennel and juniper berries, raw",2787.0,0.0,0.0
Algeria,2004,"Anise, badian, coriander, cumin, caraway, fennel and juniper berries, raw",3752.0,0.0,0.0
Algeria,2005,"Anise, badian, coriander, cumin, caraway, fennel and juniper berries, raw",3304.0,0.0,0.0
Algeria,2007,"Anise, badian, coriander, cumin, caraway, fennel and juniper berries, raw",4690.0,0.0,0.0
Algeria,2008,"Anise, badian, coriander, cumin, caraway, fennel and juniper berries, raw",5822.0,0.0,0.0
Algeria,2009,"Anise, badian, coriander, cumin, caraway, fennel and juniper berries, raw",4931.0,0.0,0.0
Algeria,2011,"Anise, badian, coriander, cumin, caraway, fennel and juniper berries, raw",6054.0,0.0,0.0
Algeria,2012,"Anise, badian, coriander, cumin, caraway, fennel and juniper berries, raw",7428.0,0.0,0.0
Algeria,2013,"Anise, badian, coriander, cumin, caraway, fennel and juniper berries, raw",6447.0,0.0,0.0
Algeria,2014,"Anise, badian, coriander, cumin, caraway, fennel and juniper berries, raw",8833.27,0.0,0.0
Algeria,2016,"Anise, badian, coriander, cumin, caraway, fennel and juniper berries, raw",12416.12,0.0,0.0
Algeria,2017,"Anise, badian, coriander, cumin, caraway, fennel and juniper berries, raw",9543.55,0.68,0.0
Algeria,2018,"Anise, badian, coriander, cumin, caraway, fennel and juniper berries, raw",2353.0,2.17,0.0
Algeria,2019,"Anise, badian, coriander, cumin, caraway, fennel and juniper berries, raw",5847.56,1.74,0.0
Algeria,2020,"Anise, badian, coriander, cumin, caraway, fennel and juniper berries, raw",8267.07,0.1,0.0
Algeria,2022,"Anise, badian, coriander, cumin, caraway, fennel and juniper berries, raw",5399.85,1.11,0.0
Algeria,2023,"Anise, badian, coriander, cumin, caraway, fennel and juniper berries, raw",7619.6,1.8,0.0
Angola,1993,"Anise, badian, coriander, cumin, caraway, fennel and juniper berries, raw",0.0,0.0,0.0
Angola,1994,"Anise, badian, coriander, cumin, caraway, fennel and juniper berries, raw",0.0,0.0,0.0
Angola,1995,"Anise, badian, coriander, cumin, caraway, fennel and juniper berries, raw",0.0,0.0,0.0
Angola,1996,"Anise, badian, coriander, cumin, caraway, fennel and juniper berries, raw",0.0,0.0,0.0
Angola,1997,"Anise, badian, coriander, cumin, caraway, fennel and juniper berries, raw",0.0,0.0,0.0
Angola,1998,"Anise, badian, coriander, cumin, caraway, fennel and juniper berries, raw",0.0,0.0,0.0
Angola,1999,"Anise, badian, coriander, cumin, caraway, fennel and juniper berries, raw",0.0,0.0,0.0
Angola,2000,"Anise, badian, coriander, cumin, caraway, fennel and juniper berries, raw",0.0,0.0,0.0
Angola,2001,"Anise, badian, coriander, cumin, caraway, fennel and juniper berries, raw",0.0,0.0,0.0
Angola,2003,"Anise, badian, coriander, cumin, caraway, fennel and juniper berries, raw",2.0,0.0,0.0
Angola,2004,"Anise, badian, coriander, cumin, caraway, fennel and juniper berries, raw",5.0,0.0,0.0
Angola,2005,"Anise, badian, coriander, cumin, caraway, fennel and juniper berries, raw",4.0,0.0,0.0
Angola,2006,"Anise, badian, coriander, cumin, caraway, fennel and juniper berries, raw",1.0,0.0,0.0
Angola,2008,"Anise, badian, coriander, cumin, caraway, fennel and juniper berries, raw",2.0,0.0,0.0
Angola,2009,"Anise, badian, coriander, cumin, caraway, fennel and juniper berries, raw",3.0,0.0,0.0
Angola,2010,"Anise, badian, coriander, cumin, caraway, fennel and juniper berries, raw",3.0,0.0,0.0
Angola,2011,"Anise, badian, coriander, cumin, caraway, fennel and juniper berries, raw",3.0,0.0,0.0
Angola,2012,"Anise, badian, coriander, cumin, caraway, fennel and juniper berries, raw",5.0,0.0,0.0
Angola,2013,"Anise, badian, coriander, cumin, caraway, fennel and juniper berries, raw",6.0,0.0,0.0
Angola,2014,"Anise, badian, coriander, cumin, caraway, fennel and juniper berries, raw",7.72,0.0,0.0
Angola,2015,"Anise, badian, coriander, cumin, caraway, fennel and juniper berries, raw",4.45,0.0,0.0
Angola,2016,"Anise, badian, coriander, cumin, caraway, fennel and juniper berries, raw",11.38,1.6,0.0
Angola,2017,"Anise, badian, coriander, cumin, caraway, fennel and juniper berries, raw",12.08,4.96,0.0
Angola,2019,"Anise, badian, coriander, cumin, caraway, fennel and juniper berries, raw",69.43,0.0,0.0
Angola,2021,"Anise, badian, coriander, cumin, caraway, fennel and juniper berries, raw",93.65,0.15,0.0
Angola,2022,"Anise, badian, coriander, cumin, caraway, fennel and juniper berries, raw",148.02,0.0,0.0
Angola,2023,"Anise, badian, coriander, cumin, caraway, fennel and juniper berries, raw",27.99,0.03,0.0
Antigua and Barbuda,2005,"Anise, badian, coriander, cumin, caraway, fennel and juniper berries, raw",5.0,0.0,0.0
Antigua and Barbuda,2006,"Anise, badian, coriander, cumin, caraway, fennel and juniper berries, raw",0.0,0.0,0.0
Antigua and Barbuda,2007,"Anise, badian, coriander, cumin, caraway, fennel and juniper berries, raw",21.0,0.0,0.0
Antigua and Barbuda,2008,"Anise, badian, coriander, cumin, caraway, fennel and juniper berries, raw",21.0,0.0,0.0
Antigua and Barbuda,2009,"Anise, badian, coriander, cumin, caraway, fennel and juniper berries, raw",21.0,0.0,0.0
Antigua and Barbuda,2010,"Anise, badian, coriander, cumin, caraway, fennel and juniper berries, raw",21.0,0.0,0.0
Antigua and Barbuda,2011,"Anise, badian, coriander, cumin, caraway, fennel and juniper berries, raw",5.0,0.0,0.0
Antigua and Barbuda,2012,"Anise, badian, coriander, cumin, caraway, fennel and juniper berries, raw",29.0,0.0,0.0
Antigua and Barbuda,2013,"Anise, badian, coriander, cumin, caraway, fennel and juniper berries, raw",8.0,0.0,0.0
Antigua and Barbuda,2014,"Anise, badian, coriander, cumin, caraway, fennel and juniper berries, raw",5.82,0.0,0.0
Antigua and Barbuda,2015,"Anise, badian, coriander, cumin, caraway, fennel and juniper berries, raw",11.54,0.0,0.0
Antigua and Barbuda,2016,"Anise, badian, coriander, cumin, caraway, fennel and juniper berries, raw",5.37,0.0,0.0
Antigua and Barbuda,2017,"Anise, badian, coriander, cumin, caraway, fennel and juniper berries, raw",9.66,0.0,0.0
Antigua and Barbuda,2018,"Anise, badian, coriander, cumin, caraway, fennel and juniper berries, raw",24.97,0.0,0.0
Antigua and Barbuda,2019,"Anise, badian, coriander, cumin, caraway, fennel and juniper berries, raw",26.52,0.0,0.0
Antigua and Barbuda,2020,"Anise, badian, coriander, cumin, caraway, fennel and juniper berries, raw",13.23,0.0,0.0
Antigua and Barbuda,2021,"Anise, badian, coriander, cumin, caraway, fennel and juniper berries, raw",7.61,0.0,0.0
Antigua and Barbuda,2022,"Anise, badian, coriander, cumin, caraway, fennel and juniper berries, raw",15.38,0.0,0.0
Antigua and Barbuda,2023,"Anise, badian, coriander, cumin, caraway, fennel and juniper berries, raw",20.89,0.0,0.0
Argentina,1994,"Anise, badian, coriander, cumin, caraway, fennel and juniper berries, raw",477.0,577.0,2585.62
Argentina,1995,"Anise, badian, coriander, cumin, caraway, fennel and juniper berries, raw",463.0,687.0,2610.76
Argentina,1996,"Anise, badian, coriander, cumin, caraway, fennel and juniper berries, raw",408.0,506.0,2700.0
Argentina,1997,"Anise, badian, coriander, cumin, caraway, fennel and juniper berries, raw",598.0,229.0,2670.38
Argentina,1998,"Anise, badian, coriander, cumin, caraway, fennel and juniper berries, raw",466.0,413.0,2679.17
Argentina,1999,"Anise, badian, coriander, cumin, caraway, fennel and juniper berries, raw",348.0,360.0,2800.0
Argentina,2000,"Anise, badian, coriander, cumin, caraway, fennel and juniper berries, raw",330.44,449.87,2500.0
Argentina,2001,"Anise, badian, coriander, cumin, caraway, fennel and juniper berries, raw",299.0,629.0,2563.14
Argentina,2002,"Anise, badian, coriander, cumin, caraway, fennel and juniper berries, raw",153.0,573.0,2550.0
Argentina,2003,"Anise, badian, coriander, cumin, caraway, fennel and juniper berries, raw",247.0,390.0,2574.71
Argentina,2004,"Anise, badian, coriander, cumin, caraway, fennel and juniper berries, raw",251.0,903.0,2533.0
Argentina,2005,"Anise, badian, coriander, cumin, caraway, fennel and juniper berries, raw",196.0,911.0,2575.09
Argentina,2007,"Anise, badian, coriander, cumin, caraway, fennel and juniper berries, raw",256.0,1076.0,2600.0
Argentina,2008,"Anise, badian, coriander, cumin, caraway, fennel and juniper berries, raw",356.0,797.0,2655.8
Argentina,2009,"Anise, badian, coriander, cumin, caraway, fennel and juniper berries, raw",512.0,512.0,2700.81
Argentina,2010,"Anise, badian, coriander, cumin, caraway, fennel and juniper berries, raw",294.0,1413.0,2741.1
Argentina,2011,"Anise, badian, coriander, cumin, caraway, fennel and juniper berries, raw",438.0,2942.0,2781.45
Argentina,2012,"Anise, badian, coriander, cumin, caraway, fennel and juniper berries, raw",363.0,2945.0,2900.0
Argentina,2013,"Anise, badian, coriander, cumin, caraway, fennel and juniper berries, raw",425.0,4102.0,2852.35
Argentina,2014,"Anise, badian, coriander, cumin, caraway, fennel and juniper berries, raw",518.62,4166.83,3680.0
Argentina,2015,"Anise, badian, coriander, cumin, caraway, fennel and juniper berries, raw",498.06,7724.89,7290.0
Argentina,2016,"Anise, badian, coriander, cumin, caraway, fennel and juniper berries, raw",617.87,9254.9,8700.0
Argentina,2017,"Anise, badian, coriander, cumin, caraway, fennel and juniper berries, raw",408.82,2993.44,7620.33
Argentina,2019,"Anise, badian, coriander, cumin, caraway, fennel and juniper berries, raw",462.49,4853.2,7620.11
Argentina,2020,"Anise, badian, coriander, cumin, caraway, fennel and juniper berries, raw",880.35,4333.74,7260.15
Argentina,2021,"Anise, badian, coriander, cumin, caraway, fennel and juniper berries, raw",747.04,4681.39,7140.09
Argentina,2023,"Anise, badian, coriander, cumin, caraway, fennel and juniper berries, raw",347.73,5360.62,7577.42
Armenia,2000,"Anise, badian, coriander, cumin, caraway, fennel and juniper berries, raw",0.0,0.0,0.0
Armenia,2001,"Anise, badian, coriander, cumin, caraway, fennel and juniper berries, raw",0.0,0.0,0.0
Armenia,2002,"Anise, badian, coriander, cumin, caraway, fennel and juniper berries, raw",0.0,0.0,0.0
Armenia,2003,"Anise, badian, coriander, cumin, caraway, fennel and juniper berries, raw",21.0,0.0,0.0
Armenia,2006,"Anise, badian, coriander, cumin, caraway, fennel and juniper berries, raw",11.0,0.0,0.0
Armenia,2007,"Anise, badian, coriander, cumin, caraway, fennel and juniper berries, raw",10.0,0.0,0.0
Armenia,2008,"Anise, badian, coriander, cumin, caraway, fennel and juniper berries, raw",2.0,0.0,0.0
Armenia,2010,"Anise, badian, coriander, cumin, caraway, fennel and juniper berries, raw",5.0,0.0,0.0
Armenia,2011,"Anise, badian, coriander, cumin, caraway, fennel and juniper berries, raw",41.0,0.0,0.0
Armenia,2012,"Anise, badian, coriander, cumin, caraway, fennel and juniper berries, raw",7.0,0.0,0.0
Armenia,2013,"Anise, badian, coriander, cumin, caraway, fennel and juniper berries, raw",9.0,0.0,0.0
Armenia,2014,"Anise, badian, coriander, cumin, caraway, fennel and juniper berries, raw",30.11,0.01,0.0
Armenia,2016,"Anise, badian, coriander, cumin, caraway, fennel and juniper berries, raw",25.0,0.0,0.0
Armenia,2017,"Anise, badian, coriander, cumin, caraway, fennel and juniper berries, raw",24.89,3.85,0.0
Armenia,2018,"Anise, badian, coriander, cumin, caraway, fennel and juniper berries, raw",40.91,0.05,0.0
Armenia,2019,"Anise, badian, coriander, cumin, caraway, fennel and juniper berries, raw",36.55,0.0,0.0
Armenia,2020,"Anise, badian, coriander, cumin, caraway, fennel and juniper berries, raw",26.24,1.92,0.0
Armenia,2021,"Anise, badian, coriander, cumin, caraway, fennel and juniper berries, raw",53.47,0.67,0.0
Armenia,2022,"Anise, badian, coriander, cumin, caraway, fennel and juniper berries, raw",49.07,0.53,0.0
Armenia,2023,"Anise, badian, coriander, cumin, caraway, fennel and juniper berries, raw",66.26,0.68,0.0
Australia,1993,"Anise, badian, coriander, cumin, caraway, fennel and juniper berries, raw",345.0,3763.0,3777.0
Australia,1994,"Anise, badian, coriander, cumin, caraway, fennel and juniper berries, raw",420.0,3837.0,2502.0
Australia,1995,"Anise, badian, coriander, cumin, caraway, fennel and juniper berries, raw",410.0,2232.0,1743.0
Australia,1996,"Anise, badian, coriander, cumin, caraway, fennel and juniper berries, raw",355.0,1683.0,1162.0
Australia,1997,"Anise, badian, coriander, cumin, caraway, fennel and juniper berries, raw",400.0,2068.0,2540.0
Australia,1998,"Anise, badian, coriander, cumin, caraway, fennel and juniper berries, raw",550.0,2110.0,3596.0
Australia,1999,"Anise, badian, coriander, cumin, caraway, fennel and juniper berries, raw",527.0,1407.0,3072.0
Australia,2001,"Anise, badian, coriander, cumin, caraway, fennel and juniper berries, raw",972.0,1737.0,343.0
Australia,2002,"Anise, badian, coriander, cumin, caraway, fennel and juniper berries, raw",902.0,647.0,33.0
Australia,2003,"Anise, badian, coriander, cumin, caraway, fennel and juniper berries, raw",931.0,1028.0,113.0
Australia,2004,"Anise, badian, coriander, cumin, caraway, fennel and juniper berries, raw",797.0,1704.0,400.0
Australia,2005,"Anise, badian, coriander, cumin, caraway, fennel and juniper berries, raw",791.0,1940.0,571.0
Australia,2006,"Anise, badian, coriander, cumin, caraway, fennel and juniper berries, raw",1022.0,2187.0,1189.0
Australia,2007,"Anise, badian, coriander, cumin, caraway, fennel and juniper berries, raw",1021.0,1460.0,51.0
Australia,2009,"Anise, badian, coriander, cumin, caraway, fennel and juniper berries, raw",1305.0,420.0,987.0
Australia,2010,"Anise, badian, coriander, cumin, caraway, fennel and juniper berries, raw",1335.0,377.0,810.19
Australia,2011,"Anise, badian, coriander, cumin, caraway, fennel and juniper berries, raw",1230.0,523.0,1039.38
Australia,2012,"Anise, badian, coriander, cumin, caraway, fennel and juniper berries, raw",1570.0,289.0,1166.21
Australia,2013,"Anise, badian, coriander, cumin, caraway, fennel and juniper berries, raw",1515.0,1238.0,1200.69
Australia,2014,"Anise, badian, coriander, cumin, caraway, fennel and juniper berries, raw",2233.56,1078.53,1146.06
Australia,2015,"Anise, badian, coriander, cumin, caraway, fennel and juniper berries, raw",2808.56,1143.35,1147.69
Australia,2016,"Anise, badian, coriander, cumin, caraway, fennel and juniper berries, raw",3172.92,375.26,1164.81
Australia,2017,"Anise, badian, coriander, cumin, caraway, fennel and juniper berries, raw",2215.34,685.68,1152.85
Australia,2019,"Anise, badian, coriander, cumin, caraway, fennel and juniper berries, raw",2656.56,147.76,1143.61
Australia,2020,"Anise, badian, coriander, cumin, caraway, fennel and juniper berries, raw",3278.49,64.12,1156.9
Australia,2021,"Anise, badian, coriander, cumin, caraway, fennel and juniper berries, raw",3378.31,65.76,1137.89
Australia,2022,"Anise, badian, coriander, cumin, caraway, fennel and juniper berries, raw",3182.73,166.24,1146.14
Australia,2023,"Anise, badian, coriander, cumin, caraway, fennel and juniper berries, raw",2908.35,132.54,1146.98
Austria,1993,"Anise, badian, coriander, cumin, caraway, fennel and juniper berries, raw",1927.0,130.0,0.0
Austria,1994,"Anise, badian, coriander, cumin, caraway, fennel and juniper berries, raw",1962.0,148.0,0.0
Austria,1995,"Anise, badian, coriander, cumin, caraway, fennel and juniper berries, raw",2120.0,141.0,0.0
Austria,1996,"Anise, badian, coriander, cumin, caraway, fennel and juniper berries, raw",2057.0,275.0,0.0
Austria,1997,"Anise, badian, coriander, cumin, caraway, fennel and juniper berries, raw",2818.0,1375.0,0.0
Austria,1998,"Anise, badian, coriander, cumin, caraway, fennel and juniper berries, raw",2795.0,860.0,0.0
Austria,1999,"Anise, badian, coriander, cumin, caraway, fennel and juniper berries, raw",2005.0,842.0,0.0
Austria,2000,"Anise, badian, coriander, cumin, caraway, fennel and juniper berries, raw",2421.0,872.0,0.0
Austria,2001,"Anise, badian, coriander, cumin, caraway, fennel and juniper berries, raw",2547.0,505.0,0.0
Austria,2002,"Anise, badian, coriander, cumin, caraway, fennel and juniper berries, raw",1963.0,832.0,0.0
Austria,2003,"Anise, badian, coriander, cumin, caraway, fennel and juniper berries, raw",1596.0,743.0,0.0
Austria,2004,"Anise, badian, coriander, cumin, caraway, fennel and juniper berries, raw",1792.0,545.0,0.0
Austria,2005,"Anise, badian, coriander, cumin, caraway, fennel and juniper berries, raw",2141.0,659.0,0.0
Austria,2006,"Anise, badian, coriander, cumin, caraway, fennel and juniper berries, raw",2392.0,873.0,0.0
Austria,2007,"Anise, badian, coriander, cumin, caraway, fennel and juniper berries, raw",2388.0,989.0,0.0
Austria,2008,"Anise, badian, coriander, cumin, caraway, fennel and juniper berries, raw",2008.0,1357.0,0.0
Austria,2009,"Anise, badian, coriander, cumin, caraway, fennel and juniper berries, raw",2353.0,1583.0,0.0
Austria,2011,"Anise, badian, coriander, cumin, caraway, fennel and juniper berries, raw",2467.0,1359.0,0.0
Austria,2012,"Anise, badian, coriander, cumin, caraway, fennel and juniper berries, raw",3007.0,1595.0,0.0
Austria,2013,"Anise, badian, coriander, cumin, caraway, fennel and juniper berries, raw",3390.0,1510.0,0.0
Austria,2014,"Anise, badian, coriander, cumin, caraway, fennel and juniper berries, raw",2340.07,1986.16,0.0
Austria,2015,"Anise, badian, coriander, cumin, caraway, fennel and juniper berries, raw",2680.89,1366.88,0.0
Austria,2016,"Anise, badian, coriander, cumin, caraway, fennel and juniper berries, raw",2038.03,861.77,0.0
Austria,2017,"Anise, badian, coriander, cumin, caraway, fennel and juniper berries, raw",2354.15,1084.3,0.0
Austria,2018,"Anise, badian, coriander, cumin, caraway, fennel and juniper berries, raw",2533.06,1272.43,0.0
Austria,2019,"Anise, badian, coriander, cumin, caraway, fennel and juniper berries, raw",2619.01,1376.17,0.0
Austria,2020,"Anise, badian, coriander, cumin, caraway, fennel and juniper berries, raw",2480.62,1786.27,0.0
Austria,2021,"Anise, badian, coriander, cumin, caraway, fennel and juniper berries, raw",2801.38,2216.69,0.0
Austria,2023,"Anise, badian, coriander, cumin, caraway, fennel and juniper berries, raw",2247.88,1569.26,0.0
Azerbaijan,1994,"Anise, badian, coriander, cumin, caraway, fennel and juniper berries, raw",1.0,0.0,0.0
Azerbaijan,2002,"Anise, badian, coriander, cumin, caraway, fennel and juniper berries, raw",0.0,0.0,0.0
Azerbaijan,2003,"Anise, badian, coriander, cumin, caraway, fennel and juniper berries, raw",4.0,0.0,0.0
Azerbaijan,2004,"Anise, badian, coriander, cumin, caraway, fennel and juniper berries, raw",0.0,0.0,0.0
Azerbaijan,2005,"Anise, badian, coriander, cumin, caraway, fennel and juniper berries, raw",1.0,0.0,0.0
Azerbaijan,2007,"Anise, badian, coriander, cumin, caraway, fennel and juniper berries, raw",2.0,0.0,0.0
Azerbaijan,2008,"Anise, badian, coriander, cumin, caraway, fennel and juniper berries, raw",1.0,0.0,0.0
Azerbaijan,2009,"Anise, badian, coriander, cumin, caraway, fennel and juniper berries, raw",0.0,0.0,0.0
Azerbaijan,2010,"Anise, badian, coriander, cumin, caraway, fennel and juniper berries, raw",13.0,0.0,0.0
Azerbaijan,2011,"Anise, badian, coriander, cumin, caraway, fennel and juniper berries, raw",24.0,0.0,0.0
Azerbaijan,2013,"Anise, badian, coriander, cumin, caraway, fennel and juniper berries, raw",11.0,0.0,0.0
Azerbaijan,2014,"Anise, badian, coriander, cumin, caraway, fennel and juniper berries, raw",58.4,0.0,0.0
Azerbaijan,2015,"Anise, badian, coriander, cumin, caraway, fennel and juniper berries, raw",112.23,0.05,0.0
Azerbaijan,2016,"Anise, badian, coriander, cumin, caraway, fennel and juniper berries, raw",126.85,0.02,0.0
Azerbaijan,2017,"Anise, badian, coriander, cumin, caraway, fennel and juniper berries, raw",238.87,0.0,0.0
Azerbaijan,2018,"Anise, badian, coriander, cumin, caraway, fennel and juniper berries, raw",147.63,0.0,0.0
Azerbaijan,2019,"Anise, badian, coriander, cumin, caraway, fennel and juniper berries, raw",257.84,0.0,0.0
Azerbaijan,2020,"Anise, badian, coriander, cumin, caraway, fennel and juniper berries, raw",234.21,0.0,0.0
Azerbaijan,2021,"Anise, badian, coriander, cumin, caraway, fennel and juniper berries, raw",313.06,0.19,0.0
Azerbaijan,2022,"Anise, badian, coriander, cumin, caraway, fennel and juniper berries, raw",335.76,0.1,0.0
Azerbaijan,2023,"Anise, badian, coriander, cumin, caraway, fennel and juniper berries, raw",324.61,0.01,0.0
Bahamas,1993,"Anise, badian, coriander, cumin, caraway, fennel and juniper berries, raw",9.0,0.0,0.0
Bahamas,1994,"Anise, badian, coriander, cumin, caraway, fennel and juniper berries, raw",9.0,0.0,0.0
Bahamas,1995,"Anise, badian, coriander, cumin, caraway, fennel and juniper berries, raw",8.0,0.0,0.0
Bahamas,1996,"Anise, badian, coriander, cumin, caraway, fennel and juniper berries, raw",5.0,0.0,0.0
Bahamas,1997,"Anise, badian, coriander, cumin, caraway, fennel and juniper berries, raw",4.0,0.0,0.0
Bahamas,1998,"Anise, badian, coriander, cumin, caraway, fennel and juniper berries, raw",4.0,0.0,0.0
Bahamas,1999,"Anise, badian, coriander, cumin, caraway, fennel and juniper berries, raw",4.0,0.0,0.0
Bahamas,2000,"Anise, badian, coriander, cumin, caraway, fennel and juniper berries, raw",5.0,0.0,0.0
Bahamas,2001,"Anise, badian, coriander, cumin, caraway, fennel and juniper berries, raw",1.0,0.0,0.0
Bahamas,2002,"Anise, badian, coriander, cumin, caraway, fennel and juniper berries, raw",0.0,0.0,0.0
Bahamas,2003,"Anise, badian, coriander, cumin, caraway, fennel and juniper berries, raw",0.0,0.0,0.0
Bahamas,2004,"Anise, badian, coriander, cumin, caraway, fennel and juniper berries, raw",4.0,0.0,0.0
Bahamas,2005,"Anise, badian, coriander, cumin, caraway, fennel and juniper berries, raw",2.0,0.0,0.0
Bahamas,2006,"Anise, badian, coriander, cumin, caraway, fennel and juniper berries, raw",3.0,0.0,0.0
Bahamas,2007,"Anise, badian, coriander, cumin, caraway, fennel and juniper berries, raw",3.0,0.0,0.0
Bahamas,2008,"Anise, badian, coriander, cumin, caraway, fennel and juniper berries, raw",2.0,0.0,0.0
Bahamas,2009,"Anise, badian, coriander, cumin, caraway, fennel and juniper berries, raw",2.0,0.0,0.0
Bahamas,2010,"Anise, badian, coriander, cumin, caraway, fennel and juniper berries, raw",2.0,0.0,0.0
Bahamas,2011,"Anise, badian, coriander, cumin, caraway, fennel and juniper berries, raw",2.0,0.0,0.0
Bahamas,2012,"Anise, badian, coriander, cumin, caraway, fennel and juniper berries, raw",2.0,0.0,0.0
Bahamas,2013,"Anise, badian, coriander, cumin, caraway, fennel and juniper berries, raw",2.0,0.0,0.0
Bahamas,2014,"Anise, badian, coriander, cumin, caraway, fennel and juniper berries, raw",2.8,0.0,0.0
Bahamas,2015,"Anise, badian, coriander, cumin, caraway, fennel and juniper berries, raw",2.59,0.0,0.0
Bahamas,2016,"Anise, badian, coriander, cumin, caraway, fennel and juniper berries, raw",1.27,0.0,0.0
Bahamas,2017,"Anise, badian, coriander, cumin, caraway, fennel and juniper berries, raw",2.15,0.0,0.0
Bahamas,2018,"Anise, badian, coriander, cumin, caraway, fennel and juniper berries, raw",10.76,0.0,0.0
Bahamas,2019,"Anise, badian, coriander, cumin, caraway, fennel and juniper berries, raw",2.55,0.0,0.0
Bahamas,2020,"Anise, badian, coriander, cumin, caraway, fennel and juniper berries, raw",3.72,0.0,0.0
Bahamas,2021,"Anise, badian, coriander, cumin, caraway, fennel and juniper berries, raw",19.09,0.0,0.0
Bahamas,2022,"Anise, badian, coriander, cumin, caraway, fennel and juniper berries, raw",27.96,0.0,0.0
Bahamas,2023,"Anise, badian, coriander, cumin, caraway, fennel and juniper berries, raw",54.07,0.0,0.0
Bahrain,1993,"Anise, badian, coriander, cumin, caraway, fennel and juniper berries, raw",19.0,0.0,0.0
Bahrain,1994,"Anise, badian, coriander, cumin, caraway, fennel and juniper berries, raw",19.0,0.0,0.0
Bahrain,1995,"Anise, badian, coriander, cumin, caraway, fennel and juniper berries, raw",19.0,0.0,0.0
Bahrain,1996,"Anise, badian, coriander, cumin, caraway, fennel and juniper berries, raw",19.0,0.0,0.0
Bahrain,1997,"Anise, badian, coriander, cumin, caraway, fennel and juniper berries, raw",632.0,0.0,0.0
Bahrain,1998,"Anise, badian, coriander, cumin, caraway, fennel and juniper berries, raw",150.0,0.0,0.0
Bahrain,1999,"Anise, badian, coriander, cumin, caraway, fennel and juniper berries, raw",160.0,0.0,0.0
Bahrain,2000,"Anise, badian, coriander, cumin, caraway, fennel and juniper berries, raw",712.0,3.0,0.0
Bahrain,2001,"Anise, badian, coriander, cumin, caraway, fennel and juniper berries, raw",833.0,4.0,0.0
Bahrain,2002,"Anise, badian, coriander, cumin, caraway, fennel and juniper berries, raw",787.0,7.0,0.0
Bahrain,2004,"Anise, badian, coriander, cumin, caraway, fennel and juniper berries, raw",585.0,5.0,0.0
Bahrain,2005,"Anise, badian, coriander, cumin, caraway, fennel and juniper berries, raw",860.0,6.0,0.0
Bahrain,2006,"Anise, badian, coriander, cumin, caraway, fennel and juniper berries, raw",268.0,3.0,0.0
Bahrain,2007,"Anise, badian, coriander, cumin, caraway, fennel and juniper berries, raw",587.0,6.0,0.0
Bahrain,2008,"Anise, badian, coriander, cumin, caraway, fennel and juniper berries, raw",952.0,6.0,0.0
Bahrain,2009,"Anise, badian, coriander, cumin, caraway, fennel and juniper berries, raw",887.0,9.0,0.0
Bahrain,2010,"Anise, badian, coriander, cumin, caraway, fennel and juniper berries, raw",987.0,12.0,0.0
Bahrain,2011,"Anise, badian, coriander, cumin, caraway, fennel and juniper berries, raw",1021.0,14.0,0.0
Bahrain,2012,"Anise, badian, coriander, cumin, caraway, fennel and juniper berries, raw",1087.0,14.0,0.0
Bahrain,2013,"Anise, badian, coriander, cumin, caraway, fennel and juniper berries, raw",877.0,9.0,0.0
Bahrain,2014,"Anise, badian, coriander, cumin, caraway, fennel and juniper berries, raw",1217.27,8.79,0.0
Bahrain,2015,"Anise, badian, coriander, cumin, caraway, fennel and juniper berries, raw",1198.61,10.35,0.0
Bahrain,2016,"Anise, badian, coriander, cumin, caraway, fennel and juniper berries, raw",1331.36,12.34,0.0
Bahrain,2017,"Anise, badian, coriander, cumin, caraway, fennel and juniper berries, raw",1429.02,11.82,0.0
Bahrain,2018,"Anise, badian, coriander, cumin, caraway, fennel and juniper berries, raw",1414.95,5.87,0.0
Bahrain,2020,"Anise, badian, coriander, cumin, caraway, fennel and juniper berries, raw",1429.81,36.4,0.0
Bahrain,2021,"Anise, badian, coriander, cumin, caraway, fennel and juniper berries, raw",1390.82,41.47,0.0
Bahrain,2023,"Anise, badian, coriander, cumin, caraway, fennel and juniper berries, raw",1458.05,35.31,0.0
Bangladesh,1994,"Anise, badian, coriander, cumin, caraway, fennel and juniper berries, raw",6094.0,0.0,0.0
Bangladesh,1995,"Anise, badian, coriander, cumin, caraway, fennel and juniper berries, raw",4000.0,10.0,0.0
Bangladesh,1996,"Anise, badian, coriander, cumin, caraway, fennel and juniper berries, raw",3797.0,0.0,0.0
Bangladesh,1997,"Anise, badian, coriander, cumin, caraway, fennel and juniper berries, raw",3391.0,8.0,0.0
Bangladesh,1998,"Anise, badian, coriander, cumin, caraway, fennel and juniper berries, raw",1696.0,0.0,0.0
Bangladesh,1999,"Anise, badian, coriander, cumin, caraway, fennel and juniper berries, raw",2600.0,0.0,0.0
Bangladesh,2000,"Anise, badian, coriander, cumin, caraway, fennel and juniper berries, raw",2500.0,0.0,0.0
Bangladesh,2001,"Anise, badian, coriander, cumin, caraway, fennel and juniper berries, raw",2000.0,0.0,0.0
Bangladesh,2002,"Anise, badian, coriander, cumin, caraway, fennel and juniper berries, raw",5837.0,165.0,0.0
Bangladesh,2003,"Anise, badian, coriander, cumin, caraway, fennel and juniper berries, raw",6259.0,15.0,0.0
Bangladesh,2004,"Anise, badian, coriander, cumin, caraway, fennel and juniper berries, raw",5676.0,222.0,0.0
Bangladesh,2005,"Anise, badian, coriander, cumin, caraway, fennel and juniper berries, raw",10279.0,43.0,0.0
Bangladesh,2006,"Anise, badian, coriander, cumin, caraway, fennel and juniper berries, raw",12515.0,43.0,0.0
Bangladesh,2007,"Anise, badian, coriander, cumin, caraway, fennel and juniper berries, raw",16029.0,29.0,0.0
Bangladesh,2009,"Anise, badian, coriander, cumin, caraway, fennel and juniper berries, raw",6398.0,2111.0,0.0
Bangladesh,2010,"Anise, badian, coriander, cumin, caraway, fennel and juniper berries, raw",5559.0,265.0,0.0
Bangladesh,2011,"Anise, badian, coriander, cumin, caraway, fennel and juniper berries, raw",6239.0,550.0,0.0
Bangladesh,2012,"Anise, badian, coriander, cumin, caraway, fennel and juniper berries, raw",3786.0,150.0,0.0
Bangladesh,2013,"Anise, badian, coriander, cumin, caraway, fennel and juniper berries, raw",5761.0,1127.0,0.0
Bangladesh,2014,"Anise, badian, coriander, cumin, caraway, fennel and juniper berries, raw",9952.36,1178.68,0.0
Bangladesh,2015,"Anise, badian, coriander, cumin, caraway, fennel and juniper berries, raw",15733.93,375.44,0.0
Bangladesh,2016,"Anise, badian, coriander, cumin, caraway, fennel and juniper berries, raw",16191.49,813.56,0.0
Bangladesh,2017,"Anise, badian, coriander, cumin, caraway, fennel and juniper berries, raw",20781.34,820.34,0.0
Bangladesh,2018,"Anise, badian, coriander, cumin, caraway, fennel and juniper berries, raw",33301.56,923.64,0.0
Bangladesh,2019,"Anise, badian, coriander, cumin, caraway, fennel and juniper berries, raw",38225.85,839.31,0.0
Bangladesh,2020,"Anise, badian, coriander, cumin, caraway, fennel and juniper berries, raw",50922.4,1228.88,0.0
Bangladesh,2021,"Anise, badian, coriander, cumin, caraway, fennel and juniper berries, raw",43299.83,1328.68,0.0
Bangladesh,2022,"Anise, badian, coriander, cumin, caraway, fennel and juniper berries, raw",45152.35,723.22,0.0
Bangladesh,2023,"Anise, badian, coriander, cumin, caraway, fennel and juniper berries, raw",46587.42,867.5,0.0
Barbados,1993,"Anise, badian, coriander, cumin, caraway, fennel and juniper berries, raw",19.0,10.0,0.0
Barbados,1994,"Anise, badian, coriander, cumin, caraway, fennel and juniper berries, raw",28.0,12.0,0.0
Barbados,1995,"Anise, badian, coriander, cumin, caraway, fennel and juniper berries, raw",40.0,16.0,0.0
Barbados,1996,"Anise, badian, coriander, cumin, caraway, fennel and juniper berries, raw",23.0,3.0,0.0
Barbados,1997,"Anise, badian, coriander, cumin, caraway, fennel and juniper berries, raw",35.0,7.0,0.0
Barbados,1998,"Anise, badian, coriander, cumin, caraway, fennel and juniper berries, raw",2.0,6.0,0.0
Barbados,1999,"Anise, badian, coriander, cumin, caraway, fennel and juniper berries, raw",12.0,6.0,0.0
Barbados,2000,"Anise, badian, coriander, cumin, caraway, fennel and juniper berries, raw",2.0,0.0,0.0
Barbados,2001,"Anise, badian, coriander, cumin, caraway, fennel and juniper berries, raw",8.0,0.0,0.0
Barbados,2002,"Anise, badian, coriander, cumin, caraway, fennel and juniper berries, raw",9.0,0.0,0.0
Barbados,2003,"Anise, badian, coriander, cumin, caraway, fennel and juniper berries, raw",23.0,0.0,0.0
Barbados,2004,"Anise, badian, coriander, cumin, caraway, fennel and juniper berries, raw",14.0,0.0,0.0
Barbados,2005,"Anise, badian, coriander, cumin, caraway, fennel and juniper berries, raw",26.0,0.0,0.0
Barbados,2006,"Anise, badian, coriander, cumin, caraway, fennel and juniper berries, raw",28.0,0.0,0.0
Barbados,2007,"Anise, badian, coriander, cumin, caraway, fennel and juniper berries, raw",53.0,0.0,0.0
Barbados,2008,"Anise, badian, coriander, cumin, caraway, fennel and juniper berries, raw",43.0,0.0,0.0
Barbados,2009,"Anise, badian, coriander, cumin, caraway, fennel and juniper berries, raw",42.0,0.0,0.0
Barbados,2010,"Anise, badian, coriander, cumin, caraway, fennel and juniper berries, raw",33.0,0.0,0.0
Barbados,2011,"Anise, badian, coriander, cumin, caraway, fennel and juniper berries, raw",33.0,0.0,0.0
Barbados,2012,"Anise, badian, coriander, cumin, caraway, fennel and juniper berries, raw",24.0,0.0,0.0
Barbados,2013,"Anise, badian, coriander, cumin, caraway, fennel and juniper berries, raw",28.0,0.0,0.0
Barbados,2014,"Anise, badian, coriander, cumin, caraway, fennel and juniper berries, raw",29.69,0.05,0.0
Barbados,2015,"Anise, badian, coriander, cumin, caraway, fennel and juniper berries, raw",40.72,0.0,0.0
Barbados,2017,"Anise, badian, coriander, cumin, caraway, fennel and juniper berries, raw",32.07,0.0,0.0
Barbados,2018,"Anise, badian, coriander, cumin, caraway, fennel and juniper berries, raw",33.33,0.0,0.0
Barbados,2019,"Anise, badian, coriander, cumin, caraway, fennel and juniper berries, raw",32.17,0.0,0.0
Barbados,2021,"Anise, badian, coriander, cumin, caraway, fennel and juniper berries, raw",30.99,0.0,0.0
Barbados,2022,"Anise, badian, coriander, cumin, caraway, fennel and juniper berries, raw",35.98,0.0,0.0
Barbados,2023,"Anise, badian, coriander, cumin, caraway, fennel and juniper berries, raw",41.28,0.0,0.0
Belarus,1998,"Anise, badian, coriander, cumin, caraway, fennel and juniper berries, raw",221.0,43.0,0.0
Belarus,1999,"Anise, badian, coriander, cumin, caraway, fennel and juniper berries, raw",261.0,29.0,0.0
Belarus,2000,"Anise, badian, coriander, cumin, caraway, fennel and juniper berries, raw",297.0,35.0,0.0
Belarus,2001,"Anise, badian, coriander, cumin, caraway, fennel and juniper berries, raw",145.0,63.0,0.0
Belarus,2002,"Anise, badian, coriander, cumin, caraway, fennel and juniper berries, raw",367.0,31.0,0.0
Belarus,2003,"Anise, badian, coriander, cumin, caraway, fennel and juniper berries, raw",341.0,8.0,0.0
Belarus,2004,"Anise, badian, coriander, cumin, caraway, fennel and juniper berries, raw",353.0,1.0,0.0
Belarus,2005,"Anise, badian, coriander, cumin, caraway, fennel and juniper berries, raw",299.0,2.0,0.0
Belarus,2006,"Anise, badian, coriander, cumin, caraway, fennel and juniper berries, raw",145.0,0.0,0.0
Belarus,2007,"Anise, badian, coriander, cumin, caraway, fennel and juniper berries, raw",192.0,2.0,0.0
Belarus,2009,"Anise, badian, coriander, cumin, caraway, fennel and juniper berries, raw",230.0,0.0,0.0
Belarus,2010,"Anise, badian, coriander, cumin, caraway, fennel and juniper berries, raw",248.0,0.0,0.0
Belarus,2011,"Anise, badian, coriander, cumin, caraway, fennel and juniper berries, raw",223.0,0.0,0.0
Belarus,2012,"Anise, badian, coriander, cumin, caraway, fennel and juniper berries, raw",243.0,3.0,0.0
Belarus,2013,"Anise, badian, coriander, cumin, caraway, fennel and juniper berries, raw",232.0,1.0,0.0
Belarus,2014,"Anise, badian, coriander, cumin, caraway, fennel and juniper berries, raw",220.37,22.4,0.0
Belarus,2015,"Anise, badian, coriander, cumin, caraway, fennel and juniper berries, raw",300.58,0.76,0.0
Belarus,2016,"Anise, badian, coriander, cumin, caraway, fennel and juniper berries, raw",361.92,13.63,0.0
Belarus,2017,"Anise, badian, coriander, cumin, caraway, fennel and juniper berries, raw",336.78,5.49,0.0
Belarus,2018,"Anise, badian, coriander, cumin, caraway, fennel and juniper berries, raw",406.03,22.59,0.0
Belarus,2019,"Anise, badian, coriander, cumin, caraway, fennel and juniper berries, raw",393.43,76.93,0.0
Belarus,2020,"Anise, badian, coriander, cumin, caraway, fennel and juniper berries, raw",294.06,49.94,0.0
Belarus,2021,"Anise, badian, coriander, cumin, caraway, fennel and juniper berries, raw",544.49,81.37,0.0
Belarus,2022,"Anise, badian, coriander, cumin, caraway, fennel and juniper berries, raw",40.7,20.39,0.0
Belarus,2023,"Anise, badian, coriander, cumin, caraway, fennel and juniper berries, raw",22.05,0.45,0.0
Belgium,2000,"Anise, badian, coriander, cumin, caraway, fennel and juniper berries, raw",665.0,330.0,0.0
Belgium,2001,"Anise, badian, coriander, cumin, caraway, fennel and juniper berries, raw",573.0,198.0,0.0
Belgium,2002,"Anise, badian, coriander, cumin, caraway, fennel and juniper berries, raw",592.0,255.0,0.0
Belgium,2003,"Anise, badian, coriander, cumin, caraway, fennel and juniper berries, raw",859.0,393.0,0.0
Belgium,2004,"Anise, badian, coriander, cumin, caraway, fennel and juniper berries, raw",1035.0,645.0,0.0
Belgium,2005,"Anise, badian, coriander, cumin, caraway, fennel and juniper berries, raw",995.0,537.0,0.0
Belgium,2006,"Anise, badian, coriander, cumin, caraway, fennel and juniper berries, raw",1024.0,644.0,0.0
Belgium,2007,"Anise, badian, coriander, cumin, caraway, fennel and juniper berries, raw",1207.0,806.0,0.0
Belgium,2009,"Anise, badian, coriander, cumin, caraway, fennel and juniper berries, raw",1022.0,691.0,0.0
Belgium,2010,"Anise, badian, coriander, cumin, caraway, fennel and juniper berries, raw",832.0,450.0,0.0
Belgium,2011,"Anise, badian, coriander, cumin, caraway, fennel and juniper berries, raw",866.0,447.0,0.0
Belgium,2012,"Anise, badian, coriander, cumin, caraway, fennel and juniper berries, raw",679.0,524.0,0.0
Belgium,2013,"Anise, badian, coriander, cumin, caraway, fennel and juniper berries, raw",655.0,625.0,0.0
Belgium,2014,"Anise, badian, coriander, cumin, caraway, fennel and juniper berries, raw",985.79,620.1,0.0
Belgium,2015,"Anise, badian, coriander, cumin, caraway, fennel and juniper berries, raw",752.49,476.65,0.0
Belgium,2016,"Anise, badian, coriander, cumin, caraway, fennel and juniper berries, raw",871.29,551.82,0.0
Belgium,2017,"Anise, badian, coriander, cumin, caraway, fennel and juniper berries, raw",1078.89,630.71,0.0
Belgium,2018,"Anise, badian, coriander, cumin, caraway, fennel and juniper berries, raw",833.31,568.43,0.0
Belgium,2019,"Anise, badian, coriander, cumin, caraway, fennel and juniper berries, raw",1054.63,687.05,0.0
Belgium,2020,"Anise, badian, coriander, cumin, caraway, fennel and juniper berries, raw",1229.93,794.67,0.0
Belgium,2021,"Anise, badian, coriander, cumin, caraway, fennel and juniper berries, raw",1611.51,1117.12,0.0
Belgium,2022,"Anise, badian, coriander, cumin, caraway, fennel and juniper berries, raw",1698.76,935.96,0.0
Belgium,2023,"Anise, badian, coriander, cumin, caraway, fennel and juniper berries, raw",1208.0,883.23,0.0
Belgium-Luxembourg,1993,"Anise, badian, coriander, cumin, caraway, fennel and juniper berries, raw",456.0,221.0,0.0
Belgium-Luxembourg,1994,"Anise, badian, coriander, cumin, caraway, fennel and juniper berries, raw",405.0,115.0,0.0
Belgium-Luxembourg,1995,"Anise, badian, coriander, cumin, caraway, fennel and juniper berries, raw",331.0,263.0,0.0
Belgium-Luxembourg,1996,"Anise, badian, coriander, cumin, caraway, fennel and juniper berries, raw",458.0,311.0,0.0
Belgium-Luxembourg,1998,"Anise, badian, coriander, cumin, caraway, fennel and juniper berries, raw",594.0,267.0,0.0
Belgium-Luxembourg,1999,"Anise, badian, coriander, cumin, caraway, fennel and juniper berries, raw",605.0,285.0,0.0
Belize,1993,"Anise, badian, coriander, cumin, caraway, fennel and juniper berries, raw",2.0,0.0,0.0
Belize,1994,"Anise, badian, coriander, cumin, caraway, fennel and juniper berries, raw",3.0,0.0,0.0
Belize,1995,"Anise, badian, coriander, cumin, caraway, fennel and juniper berries, raw",2.0,0.0,0.0
Belize,1996,"Anise, badian, coriander, cumin, caraway, fennel and juniper berries, raw",5.0,0.0,0.0
Belize,1997,"Anise, badian, coriander, cumin, caraway, fennel and juniper berries, raw",4.0,0.0,0.0
Belize,1998,"Anise, badian, coriander, cumin, caraway, fennel and juniper berries, raw",4.0,0.0,0.0
Belize,2000,"Anise, badian, coriander, cumin, caraway, fennel and juniper berries, raw",3.0,0.0,0.0
Belize,2005,"Anise, badian, coriander, cumin, caraway, fennel and juniper berries, raw",6.0,0.0,0.0
Belize,2006,"Anise, badian, coriander, cumin, caraway, fennel and juniper berries, raw",5.0,0.0,0.0
Belize,2007,"Anise, badian, coriander, cumin, caraway, fennel and juniper berries, raw",5.0,0.0,0.0
Belize,2008,"Anise, badian, coriander, cumin, caraway, fennel and juniper berries, raw",5.0,0.0,0.0
Belize,2010,"Anise, badian, coriander, cumin, caraway, fennel and juniper berries, raw",5.0,0.0,0.0
Belize,2011,"Anise, badian, coriander, cumin, caraway, fennel and juniper berries, raw",5.0,0.0,0.0
Belize,2012,"Anise, badian, coriander, cumin, caraway, fennel and juniper berries, raw",5.0,0.0,0.0
Belize,2013,"Anise, badian, coriander, cumin, caraway, fennel and juniper berries, raw",5.0,0.0,0.0
Belize,2014,"Anise, badian, coriander, cumin, caraway, fennel and juniper berries, raw",3.65,0.0,0.0
Belize,2016,"Anise, badian, coriander, cumin, caraway, fennel and juniper berries, raw",2.75,0.0,0.0
Belize,2017,"Anise, badian, coriander, cumin, caraway, fennel and juniper berries, raw",3.64,0.0,0.0
Belize,2018,"Anise, badian, coriander, cumin, caraway, fennel and juniper berries, raw",3.49,0.0,0.0
Belize,2019,"Anise, badian, coriander, cumin, caraway, fennel and juniper berries, raw",2.28,0.0,0.0
Belize,2020,"Anise, badian, coriander, cumin, caraway, fennel and juniper berries, raw",0.41,0.0,0.0
Belize,2021,"Anise, badian, coriander, cumin, caraway, fennel and juniper berries, raw",5.96,0.0,0.0
Belize,2022,"Anise, badian, coriander, cumin, caraway, fennel and juniper berries, raw",13.98,0.0,0.0
Belize,2023,"Anise, badian, coriander, cumin, caraway, fennel and juniper berries, raw",0.37,0.0,0.0
Benin,1994,"Anise, badian, coriander, cumin, caraway, fennel and juniper berries, raw",0.0,0.0,0.0
Benin,1995,"Anise, badian, coriander, cumin, caraway, fennel and juniper berries, raw",0.0,0.0,0.0
Benin,1997,"Anise, badian, coriander, cumin, caraway, fennel and juniper berries, raw",0.0,0.0,0.0
Benin,1999,"Anise, badian, coriander, cumin, caraway, fennel and juniper berries, raw",0.0,0.0,0.0
Benin,2000,"Anise, badian, coriander, cumin, caraway, fennel and juniper berries, raw",1.0,0.0,0.0
Benin,2001,"Anise, badian, coriander, cumin, caraway, fennel and juniper berries, raw",6.0,0.0,0.0
Benin,2002,"Anise, badian, coriander, cumin, caraway, fennel and juniper berries, raw",4.0,0.0,0.0
Benin,2003,"Anise, badian, coriander, cumin, caraway, fennel and juniper berries, raw",9.0,0.0,0.0
Benin,2004,"Anise, badian, coriander, cumin, caraway, fennel and juniper berries, raw",11.0,0.0,0.0
Benin,2005,"Anise, badian, coriander, cumin, caraway, fennel and juniper berries, raw",2.0,0.0,0.0
Benin,2006,"Anise, badian, coriander, cumin, caraway, fennel and juniper berries, raw",1.0,0.0,0.0
Benin,2007,"Anise, badian, coriander, cumin, caraway, fennel and juniper berries, raw",0.0,0.0,0.0
Benin,2009,"Anise, badian, coriander, cumin, caraway, fennel and juniper berries, raw",2.0,0.0,0.0
Benin,2010,"Anise, badian, coriander, cumin, caraway, fennel and juniper berries, raw",0.0,0.0,0.0
Benin,2011,"Anise, badian, coriander, cumin, caraway, fennel and juniper berries, raw",3.0,0.0,0.0
Benin,2013,"Anise, badian, coriander, cumin, caraway, fennel and juniper berries, raw",0.0,0.0,0.0
Benin,2014,"Anise, badian, coriander, cumin, caraway, fennel and juniper berries, raw",0.03,0.0,0.0
Benin,2016,"Anise, badian, coriander, cumin, caraway, fennel and juniper berries, raw",0.01,0.0,0.0
Benin,2017,"Anise, badian, coriander, cumin, caraway, fennel and juniper berries, raw",0.08,0.0,0.0
Benin,2018,"Anise, badian, coriander, cumin, caraway, fennel and juniper berries, raw",0.53,0.0,0.0
Benin,2019,"Anise, badian, coriander, cumin, caraway, fennel and juniper berries, raw",9.23,0.0,0.0
Benin,2020,"Anise, badian, coriander, cumin, caraway, fennel and juniper berries, raw",7.97,0.0,0.0
Benin,2021,"Anise, badian, coriander, cumin, caraway, fennel and juniper berries, raw",8.06,0.0,0.0
Benin,2022,"Anise, badian, coriander, cumin, caraway, fennel and juniper berries, raw",7.12,0.0,0.0
Benin,2023,"Anise, badian, coriander, cumin, caraway, fennel and juniper berries, raw",7.25,0.0,0.0
Bhutan,1994,"Anise, badian, coriander, cumin, caraway, fennel and juniper berries, raw",3.0,0.0,0.0
Bhutan,1995,"Anise, badian, coriander, cumin, caraway, fennel and juniper berries, raw",3.0,0.0,0.0
Bhutan,1996,"Anise, badian, coriander, cumin, caraway, fennel and juniper berries, raw",3.0,0.0,0.0
Bhutan,1997,"Anise, badian, coriander, cumin, caraway, fennel and juniper berries, raw",0.0,0.0,0.0
Bhutan,1998,"Anise, badian, coriander, cumin, caraway, fennel and juniper berries, raw",0.0,0.0,0.0
Bhutan,1999,"Anise, badian, coriander, cumin, caraway, fennel and juniper berries, raw",0.0,0.0,0.0
Bhutan,2000,"Anise, badian, coriander, cumin, caraway, fennel and juniper berries, raw",0.0,0.0,0.0
Bhutan,2001,"Anise, badian, coriander, cumin, caraway, fennel and juniper berries, raw",0.0,0.0,0.0
Bhutan,2002,"Anise, badian, coriander, cumin, caraway, fennel and juniper berries, raw",0.0,0.0,0.0
Bhutan,2003,"Anise, badian, coriander, cumin, caraway, fennel and juniper berries, raw",0.0,0.0,0.0
Bhutan,2004,"Anise, badian, coriander, cumin, caraway, fennel and juniper berries, raw",0.0,0.0,0.0
Bhutan,2005,"Anise, badian, coriander, cumin, caraway, fennel and juniper berries, raw",0.0,0.0,0.0
Bhutan,2006,"Anise, badian, coriander, cumin, caraway, fennel and juniper berries, raw",0.0,0.0,0.0
Bhutan,2007,"Anise, badian, coriander, cumin, caraway, fennel and juniper berries, raw",0.0,0.0,0.0
Bhutan,2008,"Anise, badian, coriander, cumin, caraway, fennel and juniper berries, raw",0.0,0.0,0.0
Bhutan,2009,"Anise, badian, coriander, cumin, caraway, fennel and juniper berries, raw",0.0,0.0,0.0
Bhutan,2010,"Anise, badian, coriander, cumin, caraway, fennel and juniper berries, raw",0.0,0.0,0.0
Bhutan,2011,"Anise, badian, coriander, cumin, caraway, fennel and juniper berries, raw",0.0,0.0,0.0
Bhutan,2012,"Anise, badian, coriander, cumin, caraway, fennel and juniper berries, raw",0.0,0.0,0.0
Bhutan,2013,"Anise, badian, coriander, cumin, caraway, fennel and juniper berries, raw",0.0,0.0,0.0
Bhutan,2014,"Anise, badian, coriander, cumin, caraway, fennel and juniper berries, raw",0.01,0.0,0.0
Bhutan,2017,"Anise, badian, coriander, cumin, caraway, fennel and juniper berries, raw",0.54,0.15,0.0
Bhutan,2018,"Anise, badian, coriander, cumin, caraway, fennel and juniper berries, raw",3.89,0.36,0.0
Bhutan,2021,"Anise, badian, coriander, cumin, caraway, fennel and juniper berries, raw",37.32,0.0,136.33
Bhutan,2022,"Anise, badian, coriander, cumin, caraway, fennel and juniper berries, raw",53.68,0.0,113.92
Bolivia (Plurinational State of),1993,"Anise, badian, coriander, cumin, caraway, fennel and juniper berries, raw",289.0,0.0,0.0
Bolivia (Plurinational State of),1994,"Anise, badian, coriander, cumin, caraway, fennel and juniper berries, raw",98.0,4.0,0.0
Bolivia (Plurinational State of),1995,"Anise, badian, coriander, cumin, caraway, fennel and juniper berries, raw",7.0,10.0,0.0
Bolivia (Plurinational State of),1996,"Anise, badian, coriander, cumin, caraway, fennel and juniper berries, raw",15.0,18.0,0.0
Bolivia (Plurinational State of),1997,"Anise, badian, coriander, cumin, caraway, fennel and juniper berries, raw",29.0,31.0,0.0
Bolivia (Plurinational State of),1998,"Anise, badian, coriander, cumin, caraway, fennel and juniper berries, raw",29.0,38.0,0.0
Bolivia (Plurinational State of),1999,"Anise, badian, coriander, cumin, caraway, fennel and juniper berries, raw",56.01,9.62,0.0
Bolivia (Plurinational State of),2000,"Anise, badian, coriander, cumin, caraway, fennel and juniper berries, raw",178.76,72.8,0.0
Bolivia (Plurinational State of),2001,"Anise, badian, coriander, cumin, caraway, fennel and juniper berries, raw",216.0,69.0,0.0
Bolivia (Plurinational State of),2002,"Anise, badian, coriander, cumin, caraway, fennel and juniper berries, raw",273.0,56.0,0.0
Bolivia (Plurinational State of),2003,"Anise, badian, coriander, cumin, caraway, fennel and juniper berries, raw",286.0,72.0,0.0
Bolivia (Plurinational State of),2005,"Anise, badian, coriander, cumin, caraway, fennel and juniper berries, raw",231.0,187.0,0.0
Bolivia (Plurinational State of),2006,"Anise, badian, coriander, cumin, caraway, fennel and juniper berries, raw",207.0,378.0,0.0
Bolivia (Plurinational State of),2007,"Anise, badian, coriander, cumin, caraway, fennel and juniper berries, raw",217.0,231.0,0.0
Bolivia (Plurinational State of),2008,"Anise, badian, coriander, cumin, caraway, fennel and juniper berries, raw",223.0,148.0,0.0
Bolivia (Plurinational State of),2009,"Anise, badian, coriander, cumin, caraway, fennel and juniper berries, raw",115.0,264.0,0.0
Bolivia (Plurinational State of),2010,"Anise, badian, coriander, cumin, caraway, fennel and juniper berries, raw",141.0,455.0,0.0
Bolivia (Plurinational State of),2011,"Anise, badian, coriander, cumin, caraway, fennel and juniper berries, raw",179.0,492.0,0.0
Bolivia (Plurinational State of),2012,"Anise, badian, coriander, cumin, caraway, fennel and juniper berries, raw",182.0,473.0,0.0
Bolivia (Plurinational State of),2013,"Anise, badian, coriander, cumin, caraway, fennel and juniper berries, raw",186.0,434.0,0.0
Bolivia (Plurinational State of),2014,"Anise, badian, coriander, cumin, caraway, fennel and juniper berries, raw",229.01,250.3,0.0
Bolivia (Plurinational State of),2015,"Anise, badian, coriander, cumin, caraway, fennel and juniper berries, raw",33.21,179.34,0.0
Bolivia (Plurinational State of),2016,"Anise, badian, coriander, cumin, caraway, fennel and juniper berries, raw",71.13,110.04,0.0
Bolivia (Plurinational State of),2017,"Anise, badian, coriander, cumin, caraway, fennel and juniper berries, raw",115.73,45.29,0.0
Bolivia (Plurinational State of),2018,"Anise, badian, coriander, cumin, caraway, fennel and juniper berries, raw",299.97,87.25,0.0
Bolivia (Plurinational State of),2019,"Anise, badian, coriander, cumin, caraway, fennel and juniper berries, raw",136.04,0.17,0.0
Bolivia (Plurinational State of),2020,"Anise, badian, coriander, cumin, caraway, fennel and juniper berries, raw",587.39,0.31,0.0
Bolivia (Plurinational State of),2021,"Anise, badian, coriander, cumin, caraway, fennel and juniper berries, raw",80.48,20.13,0.0
Bolivia (Plurinational State of),2022,"Anise, badian, coriander, cumin, caraway, fennel and juniper berries, raw",99.38,85.42,0.0
Bolivia (Plurinational State of),2023,"Anise, badian, coriander, cumin, caraway, fennel and juniper berries, raw",323.04,225.54,0.0
Bosnia and Herzegovina,2004,"Anise, badian, coriander, cumin, caraway, fennel and juniper berries, raw",47.0,355.0,500.0
Bosnia and Herzegovina,2005,"Anise, badian, coriander, cumin, caraway, fennel and juniper berries, raw",85.0,339.0,440.0
Bosnia and Herzegovina,2007,"Anise, badian, coriander, cumin, caraway, fennel and juniper berries, raw",41.0,132.0,460.0
Bosnia and Herzegovina,2008,"Anise, badian, coriander, cumin, caraway, fennel and juniper berries, raw",8.0,444.0,550.0
Bosnia and Herzegovina,2009,"Anise, badian, coriander, cumin, caraway, fennel and juniper berries, raw",34.0,264.0,470.0
Bosnia and Herzegovina,2010,"Anise, badian, coriander, cumin, caraway, fennel and juniper berries, raw",18.0,133.0,500.0
Bosnia and Herzegovina,2011,"Anise, badian, coriander, cumin, caraway, fennel and juniper berries, raw",28.0,400.0,600.0
Bosnia and Herzegovina,2012,"Anise, badian, coriander, cumin, caraway, fennel and juniper berries, raw",33.0,282.0,800.0
Bosnia and Herzegovina,2013,"Anise, badian, coriander, cumin, caraway, fennel and juniper berries, raw",29.0,200.0,800.0
Bosnia and Herzegovina,2014,"Anise, badian, coriander, cumin, caraway, fennel and juniper berries, raw",20.14,459.12,800.0
Bosnia and Herzegovina,2015,"Anise, badian, coriander, cumin, caraway, fennel and juniper berries, raw",56.42,507.06,743.67
Bosnia and Herzegovina,2016,"Anise, badian, coriander, cumin, caraway, fennel and juniper berries, raw",98.58,472.94,781.22
Bosnia and Herzegovina,2017,"Anise, badian, coriander, cumin, caraway, fennel and juniper berries, raw",53.17,767.45,772.7
Bosnia and Herzegovina,2018,"Anise, badian, coriander, cumin, caraway, fennel and juniper berries, raw",53.33,254.27,764.93
Bosnia and Herzegovina,2019,"Anise, badian, coriander, cumin, caraway, fennel and juniper berries, raw",126.87,288.35,771.94
Bosnia and Herzegovina,2020,"Anise, badian, coriander, cumin, caraway, fennel and juniper berries, raw",79.11,296.36,797.47
Bosnia and Herzegovina,2022,"Anise, badian, coriander, cumin, caraway, fennel and juniper berries, raw",128.18,537.76,793.09
Bosnia and Herzegovina,2023,"Anise, badian, coriander, cumin, caraway, fennel and juniper berries, raw",99.32,583.24,800.14
Botswana,1993,"Anise, badian, coriander, cumin, caraway, fennel and juniper berries, raw",5.0,0.0,0.0
Botswana,1994,"Anise, badian, coriander, cumin, caraway, fennel and juniper berries, raw",6.0,0.0,0.0
Botswana,1995,"Anise, badian, coriander, cumin, caraway, fennel and juniper berries, raw",2.0,0.0,0.0
Botswana,1997,"Anise, badian, coriander, cumin, caraway, fennel and juniper berries, raw",7.0,0.0,0.0
Botswana,1998,"Anise, badian, coriander, cumin, caraway, fennel and juniper berries, raw",7.0,0.0,0.0
Botswana,1999,"Anise, badian, coriander, cumin, caraway, fennel and juniper berries, raw",7.0,0.0,0.0
Botswana,2000,"Anise, badian, coriander, cumin, caraway, fennel and juniper berries, raw",19.0,0.0,0.0
Botswana,2001,"Anise, badian, coriander, cumin, caraway, fennel and juniper berries, raw",27.0,0.0,0.0
Botswana,2003,"Anise, badian, coriander, cumin, caraway, fennel and juniper berries, raw",7.0,0.0,0.0
Botswana,2004,"Anise, badian, coriander, cumin, caraway, fennel and juniper berries, raw",0.0,0.0,0.0
Botswana,2005,"Anise, badian, coriander, cumin, caraway, fennel and juniper berries, raw",1.0,0.0,0.0
Botswana,2007,"Anise, badian, coriander, cumin, caraway, fennel and juniper berries, raw",5.0,0.0,0.0
Botswana,2008,"Anise, badian, coriander, cumin, caraway, fennel and juniper berries, raw",24.0,0.0,0.0
Botswana,2009,"Anise, badian, coriander, cumin, caraway, fennel and juniper berries, raw",2.0,0.0,0.0
Botswana,2010,"Anise, badian, coriander, cumin, caraway, fennel and juniper berries, raw",1.0,0.0,0.0
Botswana,2011,"Anise, badian, coriander, cumin, caraway, fennel and juniper berries, raw",2.0,0.0,0.0
Botswana,2012,"Anise, badian, coriander, cumin, caraway, fennel and juniper berries, raw",3.0,0.0,0.0
Botswana,2013,"Anise, badian, coriander, cumin, caraway, fennel and juniper berries, raw",5.0,0.0,0.0
Botswana,2014,"Anise, badian, coriander, cumin, caraway, fennel and juniper berries, raw",3.26,0.02,0.0
Botswana,2016,"Anise, badian, coriander, cumin, caraway, fennel and juniper berries, raw",3.22,0.01,0.0
Botswana,2017,"Anise, badian, coriander, cumin, caraway, fennel and juniper berries, raw",1.58,0.01,0.0
Botswana,2018,"Anise, badian, coriander, cumin, caraway, fennel and juniper berries, raw",15.68,0.0,0.0
Botswana,2019,"Anise, badian, coriander, cumin, caraway, fennel and juniper berries, raw",33.69,0.0,0.0
Botswana,2020,"Anise, badian, coriander, cumin, caraway, fennel and juniper berries, raw",30.61,0.24,0.0
Botswana,2021,"Anise, badian, coriander, cumin, caraway, fennel and juniper berries, raw",4.89,0.0,0.0
Botswana,2022,"Anise, badian, coriander, cumin, caraway, fennel and juniper berries, raw",5.11,0.13,0.0
Botswana,2023,"Anise, badian, coriander, cumin, caraway, fennel and juniper berries, raw",3.55,0.7,0.0
Brazil,1994,"Anise, badian, coriander, cumin, caraway, fennel and juniper berries, raw",6092.0,8.0,0.0
Brazil,1995,"Anise, badian, coriander, cumin, caraway, fennel and juniper berries, raw",6004.0,0.0,0.0
Brazil,1996,"Anise, badian, coriander, cumin, caraway, fennel and juniper berries, raw",6954.0,5.0,0.0
Brazil,1997,"Anise, badian, coriander, cumin, caraway, fennel and juniper berries, raw",6902.0,1.0,0.0
Brazil,1999,"Anise, badian, coriander, cumin, caraway, fennel and juniper berries, raw",6927.0,0.0,0.0
Brazil,2000,"Anise, badian, coriander, cumin, caraway, fennel and juniper berries, raw",6035.65,2.39,0.0
Brazil,2001,"Anise, badian, coriander, cumin, caraway, fennel and juniper berries, raw",5680.0,1.0,0.0
Brazil,2002,"Anise, badian, coriander, cumin, caraway, fennel and juniper berries, raw",6771.0,1.0,0.0
Brazil,2003,"Anise, badian, coriander, cumin, caraway, fennel and juniper berries, raw",7055.0,14.0,0.0
Brazil,2004,"Anise, badian, coriander, cumin, caraway, fennel and juniper berries, raw",8275.0,58.0,0.0
Brazil,2005,"Anise, badian, coriander, cumin, caraway, fennel and juniper berries, raw",7463.0,12.0,0.0
Brazil,2006,"Anise, badian, coriander, cumin, caraway, fennel and juniper berries, raw",8352.0,26.0,0.0
Brazil,2008,"Anise, badian, coriander, cumin, caraway, fennel and juniper berries, raw",7125.0,24.0,0.0
Brazil,2009,"Anise, badian, coriander, cumin, caraway, fennel and juniper berries, raw",8438.0,16.0,0.0
Brazil,2010,"Anise, badian, coriander, cumin, caraway, fennel and juniper berries, raw",7179.0,1.0,0.0
Brazil,2011,"Anise, badian, coriander, cumin, caraway, fennel and juniper berries, raw",9427.0,5.0,0.0
Brazil,2012,"Anise, badian, coriander, cumin, caraway, fennel and juniper berries, raw",8660.0,13.0,0.0
Brazil,2013,"Anise, badian, coriander, cumin, caraway, fennel and juniper berries, raw",8943.0,6.0,0.0
Brazil,2015,"Anise, badian, coriander, cumin, caraway, fennel and juniper berries, raw",9053.17,3.66,0.0
Brazil,2016,"Anise, badian, coriander, cumin, caraway, fennel and juniper berries, raw",10734.43,2.7,0.0
Brazil,2017,"Anise, badian, coriander, cumin, caraway, fennel and juniper berries, raw",10094.92,1.56,0.0
Brazil,2018,"Anise, badian, coriander, cumin, caraway, fennel and juniper berries, raw",11570.38,5.17,0.0
Brazil,2019,"Anise, badian, coriander, cumin, caraway, fennel and juniper berries, raw",9962.61,21.09,0.0
Brazil,2021,"Anise, badian, coriander, cumin, caraway, fennel and juniper berries, raw",9516.87,24.66,0.0
Brazil,2022,"Anise, badian, coriander, cumin, caraway, fennel and juniper berries, raw",10925.11,23.79,0.0
Brazil,2023,"Anise, badian, coriander, cumin, caraway, fennel and juniper berries, raw",9632.7,30.08,0.0
Brunei Darussalam,1993,"Anise, badian, coriander, cumin, caraway, fennel and juniper berries, raw",75.0,0.0,0.0
Brunei Darussalam,1994,"Anise, badian, coriander, cumin, caraway, fennel and juniper berries, raw",53.0,0.0,0.0
Brunei Darussalam,1995,"Anise, badian, coriander, cumin, caraway, fennel and juniper berries, raw",87.0,0.0,0.0
Brunei Darussalam,1996,"Anise, badian, coriander, cumin, caraway, fennel and juniper berries, raw",110.0,0.0,0.0
Brunei Darussalam,1997,"Anise, badian, coriander, cumin, caraway, fennel and juniper berries, raw",71.0,0.0,0.0
Brunei Darussalam,1998,"Anise, badian, coriander, cumin, caraway, fennel and juniper berries, raw",103.0,0.0,0.0
Brunei Darussalam,1999,"Anise, badian, coriander, cumin, caraway, fennel and juniper berries, raw",120.0,0.0,0.0
Brunei Darussalam,2000,"Anise, badian, coriander, cumin, caraway, fennel and juniper berries, raw",120.0,0.0,0.0
Brunei Darussalam,2001,"Anise, badian, coriander, cumin, caraway, fennel and juniper berries, raw",170.0,0.0,0.0
Brunei Darussalam,2003,"Anise, badian, coriander, cumin, caraway, fennel and juniper berries, raw",85.0,0.0,0.0
Brunei Darussalam,2004,"Anise, badian, coriander, cumin, caraway, fennel and juniper berries, raw",117.0,0.0,0.0
Brunei Darussalam,2005,"Anise, badian, coriander, cumin, caraway, fennel and juniper berries, raw",129.0,0.0,0.0
Brunei Darussalam,2006,"Anise, badian, coriander, cumin, caraway, fennel and juniper berries, raw",213.0,0.0,0.0
Brunei Darussalam,2007,"Anise, badian, coriander, cumin, caraway, fennel and juniper berries, raw",220.0,0.0,0.0
Brunei Darussalam,2008,"Anise, badian, coriander, cumin, caraway, fennel and juniper berries, raw",239.0,0.0,0.0
Brunei Darussalam,2009,"Anise, badian, coriander, cumin, caraway, fennel and juniper berries, raw",123.0,0.0,0.0
Brunei Darussalam,2010,"Anise, badian, coriander, cumin, caraway, fennel and juniper berries, raw",95.0,0.0,0.0
Brunei Darussalam,2011,"Anise, badian, coriander, cumin, caraway, fennel and juniper berries, raw",132.0,0.0,0.0
Brunei Darussalam,2012,"Anise, badian, coriander, cumin, caraway, fennel and juniper berries, raw",128.0,0.0,0.0
Brunei Darussalam,2013,"Anise, badian, coriander, cumin, caraway, fennel and juniper berries, raw",319.0,0.0,0.0
Brunei Darussalam,2015,"Anise, badian, coriander, cumin, caraway, fennel and juniper berries, raw",228.75,0.0,0.0
Brunei Darussalam,2016,"Anise, badian, coriander, cumin, caraway, fennel and juniper berries, raw",248.36,0.0,0.0
Brunei Darussalam,2017,"Anise, badian, coriander, cumin, caraway, fennel and juniper berries, raw",380.08,0.0,0.0
Brunei Darussalam,2018,"Anise, badian, coriander, cumin, caraway, fennel and juniper berries, raw",385.89,0.0,0.0
Brunei Darussalam,2020,"Anise, badian, coriander, cumin, caraway, fennel and juniper berries, raw",375.6,0.0,0.0
Brunei Darussalam,2021,"Anise, badian, coriander, cumin, caraway, fennel and juniper berries, raw",392.18,0.0,0.0
Brunei Darussalam,2022,"Anise, badian, coriander, cumin, caraway, fennel and juniper berries, raw",298.02,0.0,0.0
Brunei Darussalam,2023,"Anise, badian, coriander, cumin, caraway, fennel and juniper berries, raw",255.78,0.0,0.0
Bulgaria,1993,"Anise, badian, coriander, cumin, caraway, fennel and juniper berries, raw",241.0,5395.0,7000.0
Bulgaria,1994,"Anise, badian, coriander, cumin, caraway, fennel and juniper berries, raw",136.0,9599.0,10000.0
Bulgaria,1995,"Anise, badian, coriander, cumin, caraway, fennel and juniper berries, raw",85.0,7575.0,8000.0
Bulgaria,1996,"Anise, badian, coriander, cumin, caraway, fennel and juniper berries, raw",117.0,7008.0,10923.3
Bulgaria,1997,"Anise, badian, coriander, cumin, caraway, fennel and juniper berries, raw",113.0,9919.0,12000.0
Bulgaria,1998,"Anise, badian, coriander, cumin, caraway, fennel and juniper berries, raw",195.0,16219.0,17000.0
Bulgaria,1999,"Anise, badian, coriander, cumin, caraway, fennel and juniper berries, raw",210.0,24000.0,25000.0
Bulgaria,2000,"Anise, badian, coriander, cumin, caraway, fennel and juniper berries, raw",50.0,13883.0,15000.0
Bulgaria,2001,"Anise, badian, coriander, cumin, caraway, fennel and juniper berries, raw",255.0,19026.0,20000.0
Bulgaria,2002,"Anise, badian, coriander, cumin, caraway, fennel and juniper berries, raw",398.0,29616.0,31000.0
Bulgaria,2003,"Anise, badian, coriander, cumin, caraway, fennel and juniper berries, raw",440.0,31524.0,40068.0
Bulgaria,2005,"Anise, badian, coriander, cumin, caraway, fennel and juniper berries, raw",501.0,26052.0,26634.0
Bulgaria,2006,"Anise, badian, coriander, cumin, caraway, fennel and juniper berries, raw",902.0,28517.0,18395.0
Bulgaria,2007,"Anise, badian, coriander, cumin, caraway, fennel and juniper berries, raw",652.0,21116.0,21422.0
Bulgaria,2008,"Anise, badian, coriander, cumin, caraway, fennel and juniper berries, raw",854.0,28402.0,42119.0
Bulgaria,2009,"Anise, badian, coriander, cumin, caraway, fennel and juniper berries, raw",792.0,31245.0,31979.0
Bulgaria,2010,"Anise, badian, coriander, cumin, caraway, fennel and juniper berries, raw",569.0,24326.0,46340.0
Bulgaria,2011,"Anise, badian, coriander, cumin, caraway, fennel and juniper berries, raw",578.0,27665.0,33100.0
Bulgaria,2012,"Anise, badian, coriander, cumin, caraway, fennel and juniper berries, raw",471.0,30147.0,24159.0
Bulgaria,2013,"Anise, badian, coriander, cumin, caraway, fennel and juniper berries, raw",796.0,17313.0,15009.0
Bulgaria,2014,"Anise, badian, coriander, cumin, caraway, fennel and juniper berries, raw",1192.55,21928.66,26555.0
Bulgaria,2015,"Anise, badian, coriander, cumin, caraway, fennel and juniper berries, raw",652.0,20320.33,39509.0
Bulgaria,2016,"Anise, badian, coriander, cumin, caraway, fennel and juniper berries, raw",900.82,19317.11,39630.0
Bulgaria,2017,"Anise, badian, coriander, cumin, caraway, fennel and juniper berries, raw",1055.75,17366.33,23712.0
Bulgaria,2019,"Anise, badian, coriander, cumin, caraway, fennel and juniper berries, raw",919.66,20713.71,0.0
Bulgaria,2020,"Anise, badian, coriander, cumin, caraway, fennel and juniper berries, raw",1062.22,18689.12,0.0
Bulgaria,2021,"Anise, badian, coriander, cumin, caraway, fennel and juniper berries, raw",857.15,20281.04,0.0
Bulgaria,2022,"Anise, badian, coriander, cumin, caraway, fennel and juniper berries, raw",931.46,18142.23,0.0
Bulgaria,2023,"Anise, badian, coriander, cumin, caraway, fennel and juniper berries, raw",683.98,19838.69,0.0
Burkina Faso,2012,"Anise, badian, coriander, cumin, caraway, fennel and juniper berries, raw",0.0,0.0,0.0
Burkina Faso,2013,"Anise, badian, coriander, cumin, caraway, fennel and juniper berries, raw",5.0,0.0,0.0
Burkina Faso,2017,"Anise, badian, coriander, cumin, caraway, fennel and juniper berries, raw",4.92,0.0,0.0
Burkina Faso,2018,"Anise, badian, coriander, cumin, caraway, fennel and juniper berries, raw",0.33,0.34,0.0
Burkina Faso,2021,"Anise, badian, coriander, cumin, caraway, fennel and juniper berries, raw",32.01,0.21,0.0
Burkina Faso,2022,"Anise, badian, coriander, cumin, caraway, fennel and juniper berries, raw",4.0,0.0,0.0
Burundi,1999,"Anise, badian, coriander, cumin, caraway, fennel and juniper berries, raw",0.01,0.0,0.0
Burundi,2000,"Anise, badian, coriander, cumin, caraway, fennel and juniper berries, raw",0.01,0.0,0.0
Burundi,2001,"Anise, badian, coriander, cumin, caraway, fennel and juniper berries, raw",0.0,0.0,0.0
Burundi,2002,"Anise, badian, coriander, cumin, caraway, fennel and juniper berries, raw",0.0,0.0,0.0
Burundi,2003,"Anise, badian, coriander, cumin, caraway, fennel and juniper berries, raw",0.0,0.0,0.0
Burundi,2004,"Anise, badian, coriander, cumin, caraway, fennel and juniper berries, raw",0.0,0.0,0.0
Burundi,2005,"Anise, badian, coriander, cumin, caraway, fennel and juniper berries, raw",0.0,0.0,0.0
Burundi,2006,"Anise, badian, coriander, cumin, caraway, fennel and juniper berries, raw",0.0,0.0,0.0
Burundi,2008,"Anise, badian, coriander, cumin, caraway, fennel and juniper berries, raw",0.0,0.0,0.0
Burundi,2009,"Anise, badian, coriander, cumin, caraway, fennel and juniper berries, raw",0.0,0.0,0.0
Burundi,2010,"Anise, badian, coriander, cumin, caraway, fennel and juniper berries, raw",0.0,0.0,0.0
Burundi,2012,"Anise, badian, coriander, cumin, caraway, fennel and juniper berries, raw",0.0,0.0,0.0
Burundi,2013,"Anise, badian, coriander, cumin, caraway, fennel and juniper berries, raw",0.0,0.0,0.0
Burundi,2014,"Anise, badian, coriander, cumin, caraway, fennel and juniper berries, raw",0.03,0.0,0.0
Burundi,2016,"Anise, badian, coriander, cumin, caraway, fennel and juniper berries, raw",1.42,0.0,0.0
Burundi,2017,"Anise, badian, coriander, cumin, caraway, fennel and juniper berries, raw",0.79,0.0,0.0
Burundi,2018,"Anise, badian, coriander, cumin, caraway, fennel and juniper berries, raw",0.05,0.0,0.0
Burundi,2020,"Anise, badian, coriander, cumin, caraway, fennel and juniper berries, raw",0.02,0.0,0.0
Burundi,2021,"Anise, badian, coriander, cumin, caraway, fennel and juniper berries, raw",1.02,0.0,0.0
Burundi,2022,"Anise, badian, coriander, cumin, caraway, fennel and juniper berries, raw",3.87,0.0,0.0
Burundi,2023,"Anise, badian, coriander, cumin, caraway, fennel and juniper berries, raw",0.02,0.0,0.0
Cabo Verde,1993,"Anise, badian, coriander, cumin, caraway, fennel and juniper berries, raw",3.0,0.0,0.0
Cabo Verde,1994,"Anise, badian, coriander, cumin, caraway, fennel and juniper berries, raw",8.0,0.0,0.0
Cabo Verde,1995,"Anise, badian, coriander, cumin, caraway, fennel and juniper berries, raw",7.0,0.0,0.0
Cabo Verde,1996,"Anise, badian, coriander, cumin, caraway, fennel and juniper berries, raw",16.0,0.0,0.0
Cabo Verde,1997,"Anise, badian, coriander, cumin, caraway, fennel and juniper berries, raw",6.0,0.0,0.0
Cabo Verde,1998,"Anise, badian, coriander, cumin, caraway, fennel and juniper berries, raw",15.0,0.0,0.0
Cabo Verde,1999,"Anise, badian, coriander, cumin, caraway, fennel and juniper berries, raw",6.0,0.0,0.0
Cabo Verde,2000,"Anise, badian, coriander, cumin, caraway, fennel and juniper berries, raw",4.0,0.0,0.0
Cabo Verde,2001,"Anise, badian, coriander, cumin, caraway, fennel and juniper berries, raw",9.0,0.0,0.0
Cabo Verde,2003,"Anise, badian, coriander, cumin, caraway, fennel and juniper berries, raw",5.0,0.0,0.0
Cabo Verde,2004,"Anise, badian, coriander, cumin, caraway, fennel and juniper berries, raw",5.0,0.0,0.0
Cabo Verde,2005,"Anise, badian, coriander, cumin, caraway, fennel and juniper berries, raw",4.0,0.0,0.0
Cabo Verde,2006,"Anise, badian, coriander, cumin, caraway, fennel and juniper berries, raw",2.0,0.0,0.0
Cabo Verde,2007,"Anise, badian, coriander, cumin, caraway, fennel and juniper berries, raw",4.0,0.0,0.0
Cabo Verde,2008,"Anise, badian, coriander, cumin, caraway, fennel and juniper berries, raw",9.0,0.0,0.0
Cabo Verde,2009,"Anise, badian, coriander, cumin, caraway, fennel and juniper berries, raw",9.0,0.0,0.0
Cabo Verde,2010,"Anise, badian, coriander, cumin, caraway, fennel and juniper berries, raw",7.0,0.0,0.0
Cabo Verde,2011,"Anise, badian, coriander, cumin, caraway, fennel and juniper berries, raw",6.0,0.0,0.0
Cabo Verde,2012,"Anise, badian, coriander, cumin, caraway, fennel and juniper berries, raw",7.0,0.0,0.0
Cabo Verde,2013,"Anise, badian, coriander, cumin, caraway, fennel and juniper berries, raw",6.0,0.0,0.0
Cabo Verde,2014,"Anise, badian, coriander, cumin, caraway, fennel and juniper berries, raw",9.45,0.0,0.0
Cabo Verde,2016,"Anise, badian, coriander, cumin, caraway, fennel and juniper berries, raw",7.3,0.0,0.0
Cabo Verde,2017,"Anise, badian, coriander, cumin, caraway, fennel and juniper berries, raw",7.16,0.0,0.0
Cabo Verde,2018,"Anise, badian, coriander, cumin, caraway, fennel and juniper berries, raw",6.17,0.0,0.0
Cabo Verde,2019,"Anise, badian, coriander, cumin, caraway, fennel and juniper berries, raw",6.4,0.0,0.0
Cabo Verde,2023,"Anise, badian, coriander, cumin, caraway, fennel and juniper berries, raw",6.12,0.0,0.0
Cambodia,1993,"Anise, badian, coriander, cumin, caraway, fennel and juniper berries, raw",0.0,0.0,0.0
Cambodia,1994,"Anise, badian, coriander, cumin, caraway, fennel and juniper berries, raw",0.0,0.0,0.0
Cambodia,1995,"Anise, badian, coriander, cumin, caraway, fennel and juniper berries, raw",0.0,0.0,0.0
Cambodia,1996,"Anise, badian, coriander, cumin, caraway, fennel and juniper berries, raw",0.0,0.0,0.0
Cambodia,1997,"Anise, badian, coriander, cumin, caraway, fennel and juniper berries, raw",0.0,0.0,0.0
Cambodia,1998,"Anise, badian, coriander, cumin, caraway, fennel and juniper berries, raw",9.0,0.0,0.0
Cambodia,1999,"Anise, badian, coriander, cumin, caraway, fennel and juniper berries, raw",0.0,0.0,0.0
Cambodia,2001,"Anise, badian, coriander, cumin, caraway, fennel and juniper berries, raw",3.0,0.0,0.0
Cambodia,2002,"Anise, badian, coriander, cumin, caraway, fennel and juniper berries, raw",1.0,0.0,0.0
Cambodia,2003,"Anise, badian, coriander, cumin, caraway, fennel and juniper berries, raw",0.0,0.0,0.0
Cambodia,2004,"Anise, badian, coriander, cumin, caraway, fennel and juniper berries, raw",0.0,0.0,0.0
Cambodia,2005,"Anise, badian, coriander, cumin, caraway, fennel and juniper berries, raw",0.0,0.0,0.0
Cambodia,2006,"Anise, badian, coriander, cumin, caraway, fennel and juniper berries, raw",0.0,0.0,0.0
Cambodia,2007,"Anise, badian, coriander, cumin, caraway, fennel and juniper berries, raw",0.0,0.0,0.0
Cambodia,2008,"Anise, badian, coriander, cumin, caraway, fennel and juniper berries, raw",0.0,0.0,0.0
Cambodia,2009,"Anise, badian, coriander, cumin, caraway, fennel and juniper berries, raw",0.0,0.0,0.0
Cambodia,2010,"Anise, badian, coriander, cumin, caraway, fennel and juniper berries, raw",0.0,0.0,0.0
Cambodia,2011,"Anise, badian, coriander, cumin, caraway, fennel and juniper berries, raw",0.0,0.0,0.0
Cambodia,2012,"Anise, badian, coriander, cumin, caraway, fennel and juniper berries, raw",0.0,0.0,0.0
Cambodia,2013,"Anise, badian, coriander, cumin, caraway, fennel and juniper berries, raw",0.0,0.0,0.0
Cambodia,2016,"Anise, badian, coriander, cumin, caraway, fennel and juniper berries, raw",0.24,0.0,0.0
Cambodia,2017,"Anise, badian, coriander, cumin, caraway, fennel and juniper berries, raw",0.2,0.0,0.0
Cambodia,2021,"Anise, badian, coriander, cumin, caraway, fennel and juniper berries, raw",0.19,0.25,0.0
Cambodia,2022,"Anise, badian, coriander, cumin, caraway, fennel and juniper berries, raw",0.32,0.08,0.0
Cameroon,1993,"Anise, badian, coriander, cumin, caraway, fennel and juniper berries, raw",1.0,0.0,0.0
Cameroon,1994,"Anise, badian, coriander, cumin, caraway, fennel and juniper berries, raw",2.0,0.0,0.0
Cameroon,1996,"Anise, badian, coriander, cumin, caraway, fennel and juniper berries, raw",2.0,0.0,0.0
Cameroon,1997,"Anise, badian, coriander, cumin, caraway, fennel and juniper berries, raw",2.0,0.0,0.0
Cameroon,1998,"Anise, badian, coriander, cumin, caraway, fennel and juniper berries, raw",2.0,0.0,0.0
Cameroon,2000,"Anise, badian, coriander, cumin, caraway, fennel and juniper berries, raw",2.0,0.0,0.0
Cameroon,2001,"Anise, badian, coriander, cumin, caraway, fennel and juniper berries, raw",4.0,0.0,0.0
Cameroon,2002,"Anise, badian, coriander, cumin, caraway, fennel and juniper berries, raw",4.0,0.0,0.0
Cameroon,2003,"Anise, badian, coriander, cumin, caraway, fennel and juniper berries, raw",5.0,0.0,0.0
Cameroon,2004,"Anise, badian, coriander, cumin, caraway, fennel and juniper berries, raw",3.0,0.0,0.0
Cameroon,2005,"Anise, badian, coriander, cumin, caraway, fennel and juniper berries, raw",2.0,0.0,0.0
Cameroon,2006,"Anise, badian, coriander, cumin, caraway, fennel and juniper berries, raw",1.0,0.0,0.0
Cameroon,2007,"Anise, badian, coriander, cumin, caraway, fennel and juniper berries, raw",5.0,0.0,0.0
Cameroon,2008,"Anise, badian, coriander, cumin, caraway, fennel and juniper berries, raw",3.0,0.0,0.0
Cameroon,2009,"Anise, badian, coriander, cumin, caraway, fennel and juniper berries, raw",7.0,0.0,0.0
Cameroon,2010,"Anise, badian, coriander, cumin, caraway, fennel and juniper berries, raw",7.0,0.0,0.0
Cameroon,2011,"Anise, badian, coriander, cumin, caraway, fennel and juniper berries, raw",7.0,0.0,0.0
Cameroon,2012,"Anise, badian, coriander, cumin, caraway, fennel and juniper berries, raw",6.0,0.0,0.0
Cameroon,2013,"Anise, badian, coriander, cumin, caraway, fennel and juniper berries, raw",0.0,0.0,0.0
Cameroon,2014,"Anise, badian, coriander, cumin, caraway, fennel and juniper berries, raw",3.95,0.0,0.0
Cameroon,2015,"Anise, badian, coriander, cumin, caraway, fennel and juniper berries, raw",1.42,0.22,0.0
Cameroon,2016,"Anise, badian, coriander, cumin, caraway, fennel and juniper berries, raw",3.49,1.85,0.0
Cameroon,2018,"Anise, badian, coriander, cumin, caraway, fennel and juniper berries, raw",7.77,0.0,0.0
Cameroon,2019,"Anise, badian, coriander, cumin, caraway, fennel and juniper berries, raw",5.92,0.0,0.0
Cameroon,2020,"Anise, badian, coriander, cumin, caraway, fennel and juniper berries, raw",8.49,3.66,0.0
Cameroon,2021,"Anise, badian, coriander, cumin, caraway, fennel and juniper berries, raw",14.7,5.38,0.0
Cameroon,2022,"Anise, badian, coriander, cumin, caraway, fennel and juniper berries, raw",72.3,0.01,0.0
Cameroon,2023,"Anise, badian, coriander, cumin, caraway, fennel and juniper berries, raw",47.45,0.04,0.0
Canada,1993,"Anise, badian, coriander, cumin, caraway, fennel and juniper berries, raw",892.0,763.0,0.0
Canada,1994,"Anise, badian, coriander, cumin, caraway, fennel and juniper berries, raw",892.0,2038.0,0.0
Canada,1995,"Anise, badian, coriander, cumin, caraway, fennel and juniper berries, raw",771.0,3628.0,0.0
Canada,1996,"Anise, badian, coriander, cumin, caraway, fennel and juniper berries, raw",1084.0,3996.0,0.0
Canada,1997,"Anise, badian, coriander, cumin, caraway, fennel and juniper berries, raw",1100.0,6064.0,0.0
Canada,1998,"Anise, badian, coriander, cumin, caraway, fennel and juniper berries, raw",996.0,5280.0,0.0
Canada,1999,"Anise, badian, coriander, cumin, caraway, fennel and juniper berries, raw",971.0,7673.0,0.0
Canada,2000,"Anise, badian, coriander, cumin, caraway, fennel and juniper berries, raw",815.42,8322.34,0.0
Canada,2001,"Anise, badian, coriander, cumin, caraway, fennel and juniper berries, raw",1325.0,7259.0,2000.0
Canada,2002,"Anise, badian, coriander, cumin, caraway, fennel and juniper berries, raw",1386.0,5449.0,7600.0
Canada,2003,"Anise, badian, coriander, cumin, caraway, fennel and juniper berries, raw",1498.0,6393.0,8000.0
Canada,2004,"Anise, badian, coriander, cumin, caraway, fennel and juniper berries, raw",1220.0,6885.0,10400.0
Canada,2005,"Anise, badian, coriander, cumin, caraway, fennel and juniper berries, raw",1308.0,8070.0,8900.0
Canada,2006,"Anise, badian, coriander, cumin, caraway, fennel and juniper berries, raw",1487.0,7259.0,11268.11
Canada,2008,"Anise, badian, coriander, cumin, caraway, fennel and juniper berries, raw",1802.0,7698.0,9704.0
Canada,2009,"Anise, badian, coriander, cumin, caraway, fennel and juniper berries, raw",1911.0,7113.0,8000.0
Canada,2010,"Anise, badian, coriander, cumin, caraway, fennel and juniper berries, raw",2560.0,7060.0,9236.14
Canada,2011,"Anise, badian, coriander, cumin, caraway, fennel and juniper berries, raw",2005.0,5597.0,11048.11
Canada,2013,"Anise, badian, coriander, cumin, caraway, fennel and juniper berries, raw",3250.0,6489.0,11644.82
Canada,2014,"Anise, badian, coriander, cumin, caraway, fennel and juniper berries, raw",2861.54,6717.6,11616.51
Canada,2015,"Anise, badian, coriander, cumin, caraway, fennel and juniper berries, raw",2751.99,6579.2,12634.56
Canada,2016,"Anise, badian, coriander, cumin, caraway, fennel and juniper berries, raw",2753.58,6550.41,11965.29
Canada,2017,"Anise, badian, coriander, cumin, caraway, fennel and juniper berries, raw",3266.69,5806.86,12090.74
Canada,2018,"Anise, badian, coriander, cumin, caraway, fennel and juniper berries, raw",3326.0,5407.02,12362.27
Canada,2019,"Anise, badian, coriander, cumin, caraway, fennel and juniper berries, raw",3832.05,5701.64,12621.49
Canada,2020,"Anise, badian, coriander, cumin, caraway, fennel and juniper berries, raw",4493.76,4965.32,12358.17
Canada,2021,"Anise, badian, coriander, cumin, caraway, fennel and juniper berries, raw",4668.76,4842.2,12447.31
Canada,2022,"Anise, badian, coriander, cumin, caraway, fennel and juniper berries, raw",4446.25,3463.61,12475.65
Canada,2023,"Anise, badian, coriander, cumin, caraway, fennel and juniper berries, raw",4567.83,4232.22,12427.04
Central African Republic,2015,"Anise, badian, coriander, cumin, caraway, fennel and juniper berries, raw",0.79,0.0,0.0
Chad,2014,"Anise, badian, coriander, cumin, caraway, fennel and juniper berries, raw",0.11,0.0,0.0
Chad,2017,"Anise, badian, coriander, cumin, caraway, fennel and juniper berries, raw",0.04,0.0,0.0
Chad,2018,"Anise, badian, coriander, cumin, caraway, fennel and juniper berries, raw",7.37,0.0,0.0
Chad,2020,"Anise, badian, coriander, cumin, caraway, fennel and juniper berries, raw",22.92,0.0,0.0
Chad,2021,"Anise, badian, coriander, cumin, caraway, fennel and juniper berries, raw",0.09,0.0,0.0
Chad,2022,"Anise, badian, coriander, cumin, caraway, fennel and juniper berries, raw",1.93,0.0,0.0
Chad,2023,"Anise, badian, coriander, cumin, caraway, fennel and juniper berries, raw",3.51,0.0,0.0
Chile,1994,"Anise, badian, coriander, cumin, caraway, fennel and juniper berries, raw",542.0,8.0,0.0
Chile,1995,"Anise, badian, coriander, cumin, caraway, fennel and juniper berries, raw",558.0,3.0,0.0
Chile,1996,"Anise, badian, coriander, cumin, caraway, fennel and juniper berries, raw",628.0,4.0,0.0
Chile,1997,"Anise, badian, coriander, cumin, caraway, fennel and juniper berries, raw",611.0,4.0,0.0
Chile,1999,"Anise, badian, coriander, cumin, caraway, fennel and juniper berries, raw",549.09,2.18,0.0
Chile,2000,"Anise, badian, coriander, cumin, caraway, fennel and juniper berries, raw",573.79,0.66,0.0
Chile,2001,"Anise, badian, coriander, cumin, caraway, fennel and juniper berries, raw",518.0,153.0,0.0
Chile,2002,"Anise, badian, coriander, cumin, caraway, fennel and juniper berries, raw",677.0,110.0,0.0
Chile,2003,"Anise, badian, coriander, cumin, caraway, fennel and juniper berries, raw",535.0,35.0,0.0
Chile,2004,"Anise, badian, coriander, cumin, caraway, fennel and juniper berries, raw",441.0,36.0,0.0
Chile,2005,"Anise, badian, coriander, cumin, caraway, fennel and juniper berries, raw",696.0,0.0,0.0
Chile,2006,"Anise, badian, coriander, cumin, caraway, fennel and juniper berries, raw",553.0,27.0,0.0
Chile,2007,"Anise, badian, coriander, cumin, caraway, fennel and juniper berries, raw",619.0,19.0,0.0
Chile,2008,"Anise, badian, coriander, cumin, caraway, fennel and juniper berries, raw",704.0,14.0,0.0
Chile,2009,"Anise, badian, coriander, cumin, caraway, fennel and juniper berries, raw",480.0,16.0,0.0
Chile,2010,"Anise, badian, coriander, cumin, caraway, fennel and juniper berries, raw",552.0,17.0,0.0
Chile,2011,"Anise, badian, coriander, cumin, caraway, fennel and juniper berries, raw",614.0,36.0,0.0
Chile,2012,"Anise, badian, coriander, cumin, caraway, fennel and juniper berries, raw",611.0,2.0,0.0
Chile,2013,"Anise, badian, coriander, cumin, caraway, fennel and juniper berries, raw",589.0,0.0,0.0
Chile,2014,"Anise, badian, coriander, cumin, caraway, fennel and juniper berries, raw",702.5,0.09,0.0
Chile,2015,"Anise, badian, coriander, cumin, caraway, fennel and juniper berries, raw",574.61,0.08,0.0
Chile,2016,"Anise, badian, coriander, cumin, caraway, fennel and juniper berries, raw",681.21,0.01,0.0
Chile,2017,"Anise, badian, coriander, cumin, caraway, fennel and juniper berries, raw",644.75,0.05,0.0
Chile,2019,"Anise, badian, coriander, cumin, caraway, fennel and juniper berries, raw",724.44,0.0,0.0
Chile,2020,"Anise, badian, coriander, cumin, caraway, fennel and juniper berries, raw",1032.17,0.0,0.0
Chile,2021,"Anise, badian, coriander, cumin, caraway, fennel and juniper berries, raw",876.69,0.0,0.0
Chile,2022,"Anise, badian, coriander, cumin, caraway, fennel and juniper berries, raw",913.35,2.42,0.0
China,1993,"Anise, badian, coriander, cumin, caraway, fennel and juniper berries, raw",3260.0,7833.0,21000.0
China,1994,"Anise, badian, coriander, cumin, caraway, fennel and juniper berries, raw",3213.0,10083.0,22000.0
China,1995,"Anise, badian, coriander, cumin, caraway, fennel and juniper berries, raw",2221.0,7521.0,23000.0
China,1996,"Anise, badian, coriander, cumin, caraway, fennel and juniper berries, raw",4707.0,5410.0,25000.0
China,1997,"Anise, badian, coriander, cumin, caraway, fennel and juniper berries, raw",5615.0,5502.0,26000.0
China,1998,"Anise, badian, coriander, cumin, caraway, fennel and juniper berries, raw",4032.0,5737.0,26750.0
China,1999,"Anise, badian, coriander, cumin, caraway, fennel and juniper berries, raw",2564.0,5159.0,27000.0
China,2000,"Anise, badian, coriander, cumin, caraway, fennel and juniper berries, raw",2095.29,5451.47,28000.0
China,2001,"Anise, badian, coriander, cumin, caraway, fennel and juniper berries, raw",2620.0,7310.0,29000.0
China,2002,"Anise, badian, coriander, cumin, caraway, fennel and juniper berries, raw",2518.0,7352.0,31000.0
China,2003,"Anise, badian, coriander, cumin, caraway, fennel and juniper berries, raw",2618.0,7487.0,32000.0
China,2004,"Anise, badian, coriander, cumin, caraway, fennel and juniper berries, raw",3258.0,7111.0,33000.0
China,2005,"Anise, badian, coriander, cumin, caraway, fennel and juniper berries, raw",2584.0,7239.0,34000.0
China,2006,"Anise, badian, coriander, cumin, caraway, fennel and juniper berries, raw",1399.0,8945.0,36000.0
China,2007,"Anise, badian, coriander, cumin, caraway, fennel and juniper berries, raw",1171.0,19431.0,38000.0
China,2008,"Anise, badian, coriander, cumin, caraway, fennel and juniper berries, raw",1141.0,11700.0,40000.0
China,2009,"Anise, badian, coriander, cumin, caraway, fennel and juniper berries, raw",1668.0,23600.0,42000.0
China,2010,"Anise, badian, coriander, cumin, caraway, fennel and juniper berries, raw",1770.0,14745.0,44000.0
China,2011,"Anise, badian, coriander, cumin, caraway, fennel and juniper berries, raw",1588.0,11583.0,45599.29
China,2012,"Anise, badian, coriander, cumin, caraway, fennel and juniper berries, raw",2150.0,8586.0,47000.0
China,2013,"Anise, badian, coriander, cumin, caraway, fennel and juniper berries, raw",2027.0,8423.0,47200.0
China,2014,"Anise, badian, coriander, cumin, caraway, fennel and juniper berries, raw",1761.91,7476.96,49276.17
China,2015,"Anise, badian, coriander, cumin, caraway, fennel and juniper berries, raw",1824.01,7895.35,52499.84
China,2016,"Anise, badian, coriander, cumin, caraway, fennel and juniper berries, raw",2066.52,8109.35,49658.67
China,2017,"Anise, badian, coriander, cumin, caraway, fennel and juniper berries, raw",2151.71,9860.56,51931.95
China,2018,"Anise, badian, coriander, cumin, caraway, fennel and juniper berries, raw",2051.67,14747.69,53401.01
China,2019,"Anise, badian, coriander, cumin, caraway, fennel and juniper berries, raw",49873.31,12448.66,51663.88
China,2020,"Anise, badian, coriander, cumin, caraway, fennel and juniper berries, raw",87680.61,12367.28,52332.28
China,2021,"Anise, badian, coriander, cumin, caraway, fennel and juniper berries, raw",104902.76,13695.56,52465.72
China,2022,"Anise, badian, coriander, cumin, caraway, fennel and juniper berries, raw",49095.5,11659.57,52153.96
"China, Hong Kong SAR",1993,"Anise, badian, coriander, cumin, caraway, fennel and juniper berries, raw",1852.0,1611.0,0.0
"China, Hong Kong SAR",1994,"Anise, badian, coriander, cumin, caraway, fennel and juniper berries, raw",2051.0,1845.0,0.0
"China, Hong Kong SAR",1995,"Anise, badian, coriander, cumin, caraway, fennel and juniper berries, raw",1302.0,1331.0,0.0
"China, Hong Kong SAR",1996,"Anise, badian, coriander, cumin, caraway, fennel and juniper berries, raw",2988.0,1488.0,0.0
"China, Hong Kong SAR",1997,"Anise, badian, coriander, cumin, caraway, fennel and juniper berries, raw",3554.0,1930.0,0.0
"China, Hong Kong SAR",1998,"Anise, badian, coriander, cumin, caraway, fennel and juniper berries, raw",2680.0,1247.0,0.0
"China, Hong Kong SAR",1999,"Anise, badian, coriander, cumin, caraway, fennel and juniper berries, raw",1552.0,1311.0,0.0
"China, Hong Kong SAR",2001,"Anise, badian, coriander, cumin, caraway, fennel and juniper berries, raw",1385.0,1549.0,0.0
"China, Hong Kong SAR",2002,"Anise, badian, coriander, cumin, caraway, fennel and juniper berries, raw",1129.0,970.0,0.0
"China, Hong Kong SAR",2003,"Anise, badian, coriander, cumin, caraway, fennel and juniper berries, raw",1032.0,1099.0,0.0
"China, Hong Kong SAR",2004,"Anise, badian, coriander, cumin, caraway, fennel and juniper berries, raw",1898.0,1298.0,0.0
"China, Hong Kong SAR",2005,"Anise, badian, coriander, cumin, caraway, fennel and juniper berries, raw",414.0,161.0,0.0
"China, Hong Kong SAR",2006,"Anise, badian, coriander, cumin, caraway, fennel and juniper berries, raw",266.0,111.0,0.0
"China, Hong Kong SAR",2007,"Anise, badian, coriander, cumin, caraway, fennel and juniper berries, raw",247.0,227.0,0.0
"China, Hong Kong SAR",2008,"Anise, badian, coriander, cumin, caraway, fennel and juniper berries, raw",269.0,82.0,0.0
"China, Hong Kong SAR",2009,"Anise, badian, coriander, cumin, caraway, fennel and juniper berries, raw",270.0,160.0,0.0
"China, Hong Kong SAR",2011,"Anise, badian, coriander, cumin, caraway, fennel and juniper berries, raw",258.0,93.0,0.0
"China, Hong Kong SAR",2012,"Anise, badian, coriander, cumin, caraway, fennel and juniper berries, raw",234.0,164.0,0.0
"China, Hong Kong SAR",2013,"Anise, badian, coriander, cumin, caraway, fennel and juniper berries, raw",252.0,89.0,0.0
"China, Hong Kong SAR",2014,"Anise, badian, coriander, cumin, caraway, fennel and juniper berries, raw",304.8,60.51,0.0
"China, Hong Kong SAR",2015,"Anise, badian, coriander, cumin, caraway, fennel and juniper berries, raw",281.57,103.78,0.0
"China, Hong Kong SAR",2016,"Anise, badian, coriander, cumin, caraway, fennel and juniper berries, raw",263.12,80.23,0.0
"China, Hong Kong SAR",2017,"Anise, badian, coriander, cumin, caraway, fennel and juniper berries, raw",316.23,127.18,0.0
"China, Hong Kong SAR",2018,"Anise, badian, coriander, cumin, caraway, fennel and juniper berries, raw",325.18,92.25,0.0
"China, Hong Kong SAR",2019,"Anise, badian, coriander, cumin, caraway, fennel and juniper berries, raw",448.65,147.13,0.0
"China, Hong Kong SAR",2020,"Anise, badian, coriander, cumin, caraway, fennel and juniper berries, raw",537.19,105.66,0.0
"China, Hong Kong SAR",2022,"Anise, badian, coriander, cumin, caraway, fennel and juniper berries, raw",356.72,48.5,0.0
"China, Hong Kong SAR",2023,"Anise, badian, coriander, cumin, caraway, fennel and juniper berries, raw",394.65,36.73,0.0
"China, Macao SAR",1994,"Anise, badian, coriander, cumin, caraway, fennel and juniper berries, raw",2.0,0.0,0.0
"China, Macao SAR",1996,"Anise, badian, coriander, cumin, caraway, fennel and juniper berries, raw",3.0,0.0,0.0
"China, Macao SAR",1997,"Anise, badian, coriander, cumin, caraway, fennel and juniper berries, raw",0.0,0.0,0.0
"China, Macao SAR",1998,"Anise, badian, coriander, cumin, caraway, fennel and juniper berries, raw",1.0,0.0,0.0
"China, Macao SAR",1999,"Anise, badian, coriander, cumin, caraway, fennel and juniper berries, raw",0.0,0.0,0.0
"China, Macao SAR",2000,"Anise, badian, coriander, cumin, caraway, fennel and juniper berries, raw",0.01,0.0,0.0
"China, Macao SAR",2001,"Anise, badian, coriander, cumin, caraway, fennel and juniper berries, raw",0.0,0.0,0.0
"China, Macao SAR",2002,"Anise, badian, coriander, cumin, caraway, fennel and juniper berries, raw",0.0,0.0,0.0
"China, Macao SAR",2003,"Anise, badian, coriander, cumin, caraway, fennel and juniper berries, raw",0.0,0.0,0.0
"China, Macao SAR",2004,"Anise, badian, coriander, cumin, caraway, fennel and juniper berries, raw",3.0,0.0,0.0
"China, Macao SAR",2006,"Anise, badian, coriander, cumin, caraway, fennel and juniper berries, raw",1.0,0.0,0.0
"China, Macao SAR",2007,"Anise, badian, coriander, cumin, caraway, fennel and juniper berries, raw",3.0,0.0,0.0
"China, Macao SAR",2008,"Anise, badian, coriander, cumin, caraway, fennel and juniper berries, raw",5.0,7.0,0.0
"China, Macao SAR",2009,"Anise, badian, coriander, cumin, caraway, fennel and juniper berries, raw",4.0,0.0,0.0
"China, Macao SAR",2010,"Anise, badian, coriander, cumin, caraway, fennel and juniper berries, raw",3.0,0.0,0.0
"China, Macao SAR",2011,"Anise, badian, coriander, cumin, caraway, fennel and juniper berries, raw",2.0,0.0,0.0
"China, Macao SAR",2012,"Anise, badian, coriander, cumin, caraway, fennel and juniper berries, raw",8.0,0.0,0.0
"China, Macao SAR",2013,"Anise, badian, coriander, cumin, caraway, fennel and juniper berries, raw",10.0,0.0,0.0
"China, Macao SAR",2014,"Anise, badian, coriander, cumin, caraway, fennel and juniper berries, raw",8.63,0.0,0.0
"China, Macao SAR",2015,"Anise, badian, coriander, cumin, caraway, fennel and juniper berries, raw",8.08,0.0,0.0
"China, Macao SAR",2017,"Anise, badian, coriander, cumin, caraway, fennel and juniper berries, raw",11.54,0.0,0.0
"China, Macao SAR",2018,"Anise, badian, coriander, cumin, caraway, fennel and juniper berries, raw",12.11,0.0,0.0
"China, Macao SAR",2019,"Anise, badian, coriander, cumin, caraway, fennel and juniper berries, raw",10.49,0.0,0.0
"China, Macao SAR",2020,"Anise, badian, coriander, cumin, caraway, fennel and juniper berries, raw",7.71,0.0,0.0
"China, Macao SAR",2021,"Anise, badian, coriander, cumin, caraway, fennel and juniper berries, raw",7.86,0.0,0.0
"China, Macao SAR",2022,"Anise, badian, coriander, cumin, caraway, fennel and juniper berries, raw",7.15,0.0,0.0
"China, Macao SAR",2023,"Anise, badian, coriander, cumin, caraway, fennel and juniper berries, raw",6.88,0.0,0.0
"China, mainland",1993,"Anise, badian, coriander, cumin, caraway, fennel and juniper berries, raw",477.0,6222.0,21000.0
"China, mainland",1994,"Anise, badian, coriander, cumin, caraway, fennel and juniper berries, raw",86.0,8236.0,22000.0
"China, mainland",1995,"Anise, badian, coriander, cumin, caraway, fennel and juniper berries, raw",61.0,6147.0,23000.0
"China, mainland",1996,"Anise, badian, coriander, cumin, caraway, fennel and juniper berries, raw",367.0,3921.0,25000.0
"China, mainland",1997,"Anise, badian, coriander, cumin, caraway, fennel and juniper berries, raw",793.0,3494.0,26000.0
"China, mainland",1998,"Anise, badian, coriander, cumin, caraway, fennel and juniper berries, raw",376.0,4471.0,26750.0
"China, mainland",1999,"Anise, badian, coriander, cumin, caraway, fennel and juniper berries, raw",200.0,3848.0,27000.0
"China, mainland",2000,"Anise, badian, coriander, cumin, caraway, fennel and juniper berries, raw",481.99,5066.86,28000.0
"China, mainland",2001,"Anise, badian, coriander, cumin, caraway, fennel and juniper berries, raw",190.0,5761.0,29000.0
"China, mainland",2002,"Anise, badian, coriander, cumin, caraway, fennel and juniper berries, raw",88.0,6382.0,31000.0
"China, mainland",2003,"Anise, badian, coriander, cumin, caraway, fennel and juniper berries, raw",165.0,6387.0,32000.0
"China, mainland",2004,"Anise, badian, coriander, cumin, caraway, fennel and juniper berries, raw",223.0,5813.0,33000.0
"China, mainland",2005,"Anise, badian, coriander, cumin, caraway, fennel and juniper berries, raw",105.0,6998.0,34000.0
"China, mainland",2006,"Anise, badian, coriander, cumin, caraway, fennel and juniper berries, raw",208.0,8833.0,36000.0
"China, mainland",2007,"Anise, badian, coriander, cumin, caraway, fennel and juniper berries, raw",142.0,19156.0,38000.0
"China, mainland",2008,"Anise, badian, coriander, cumin, caraway, fennel and juniper berries, raw",152.0,11595.0,40000.0
"China, mainland",2009,"Anise, badian, coriander, cumin, caraway, fennel and juniper berries, raw",139.0,23439.0,42000.0
"China, mainland",2010,"Anise, badian, coriander, cumin, caraway, fennel and juniper berries, raw",128.0,14685.0,44000.0
"China, mainland",2011,"Anise, badian, coriander, cumin, caraway, fennel and juniper berries, raw",193.0,11484.0,45599.29
"China, mainland",2012,"Anise, badian, coriander, cumin, caraway, fennel and juniper berries, raw",331.0,8418.0,47000.0
"China, mainland",2013,"Anise, badian, coriander, cumin, caraway, fennel and juniper berries, raw",317.0,8332.0,47200.0
"China, mainland",2014,"Anise, badian, coriander, cumin, caraway, fennel and juniper berries, raw",292.66,7416.13,49276.17
"China, mainland",2015,"Anise, badian, coriander, cumin, caraway, fennel and juniper berries, raw",195.81,7790.99,52499.84
"China, mainland",2016,"Anise, badian, coriander, cumin, caraway, fennel and juniper berries, raw",301.71,8016.42,49658.67
"China, mainland",2017,"Anise, badian, coriander, cumin, caraway, fennel and juniper berries, raw",462.31,9732.18,51931.95
"China, mainland",2018,"Anise, badian, coriander, cumin, caraway, fennel and juniper berries, raw",202.45,14654.27,53401.01
"China, mainland",2019,"Anise, badian, coriander, cumin, caraway, fennel and juniper berries, raw",47995.02,12299.26,51663.88
"China, mainland",2020,"Anise, badian, coriander, cumin, caraway, fennel and juniper berries, raw",85624.63,12259.72,52332.28
"China, mainland",2021,"Anise, badian, coriander, cumin, caraway, fennel and juniper berries, raw",102696.02,13360.51,52465.72
"China, mainland",2022,"Anise, badian, coriander, cumin, caraway, fennel and juniper berries, raw",47427.5,11608.02,52153.96
"China, Taiwan Province of",1993,"Anise, badian, coriander, cumin, caraway, fennel and juniper berries, raw",931.0,0.0,0.0
"China, Taiwan Province of",1994,"Anise, badian, coriander, cumin, caraway, fennel and juniper berries, raw",1074.0,2.0,0.0
"China, Taiwan Province of",1995,"Anise, badian, coriander, cumin, caraway, fennel and juniper berries, raw",856.0,42.0,0.0
"China, Taiwan Province of",1996,"Anise, badian, coriander, cumin, caraway, fennel and juniper berries, raw",1349.0,1.0,0.0
"China, Taiwan Province of",1998,"Anise, badian, coriander, cumin, caraway, fennel and juniper berries, raw",975.0,19.0,0.0
"China, Taiwan Province of",1999,"Anise, badian, coriander, cumin, caraway, fennel and juniper berries, raw",812.0,0.0,0.0
"China, Taiwan Province of",2000,"Anise, badian, coriander, cumin, caraway, fennel and juniper berries, raw",1072.28,0.33,0.0
"China, Taiwan Province of",2001,"Anise, badian, coriander, cumin, caraway, fennel and juniper berries, raw",1045.0,0.0,0.0
"China, Taiwan Province of",2002,"Anise, badian, coriander, cumin, caraway, fennel and juniper berries, raw",1301.0,0.0,0.0
"China, Taiwan Province of",2003,"Anise, badian, coriander, cumin, caraway, fennel and juniper berries, raw",1421.0,1.0,0.0
"China, Taiwan Province of",2004,"Anise, badian, coriander, cumin, caraway, fennel and juniper berries, raw",1134.0,0.0,0.0
"China, Taiwan Province of",2005,"Anise, badian, coriander, cumin, caraway, fennel and juniper berries, raw",1975.0,0.0,0.0
"China, Taiwan Province of",2006,"Anise, badian, coriander, cumin, caraway, fennel and juniper berries, raw",924.0,1.0,0.0
"China, Taiwan Province of",2008,"Anise, badian, coriander, cumin, caraway, fennel and juniper berries, raw",715.0,16.0,0.0
"China, Taiwan Province of",2009,"Anise, badian, coriander, cumin, caraway, fennel and juniper berries, raw",1255.0,1.0,0.0
"China, Taiwan Province of",2010,"Anise, badian, coriander, cumin, caraway, fennel and juniper berries, raw",1449.0,0.0,0.0
"China, Taiwan Province of",2011,"Anise, badian, coriander, cumin, caraway, fennel and juniper berries, raw",1135.0,6.0,0.0
"China, Taiwan Province of",2012,"Anise, badian, coriander, cumin, caraway, fennel and juniper berries, raw",1577.0,4.0,0.0
"China, Taiwan Province of",2013,"Anise, badian, coriander, cumin, caraway, fennel and juniper berries, raw",1448.0,2.0,0.0
"China, Taiwan Province of",2014,"Anise, badian, coriander, cumin, caraway, fennel and juniper berries, raw",1155.83,0.33,0.0
"China, Taiwan Province of",2015,"Anise, badian, coriander, cumin, caraway, fennel and juniper berries, raw",1338.55,0.58,0.0
"China, Taiwan Province of",2017,"Anise, badian, coriander, cumin, caraway, fennel and juniper berries, raw",1361.64,1.2,0.0
"China, Taiwan Province of",2018,"Anise, badian, coriander, cumin, caraway, fennel and juniper berries, raw",1511.93,1.17,0.0
"China, Taiwan Province of",2019,"Anise, badian, coriander, cumin, caraway, fennel and juniper berries, raw",1419.15,2.27,0.0
"China, Taiwan Province of",2020,"Anise, badian, coriander, cumin, caraway, fennel and juniper berries, raw",1511.08,1.9,0.0
"China, Taiwan Province of",2022,"Anise, badian, coriander, cumin, caraway, fennel and juniper berries, raw",1304.12,3.05,0.0
"China, Taiwan Province of",2023,"Anise, badian, coriander, cumin, caraway, fennel and juniper berries, raw",1616.77,0.75,0.0
Colombia,1994,"Anise, badian, coriander, cumin, caraway, fennel and juniper berries, raw",2221.0,3.0,0.0
Colombia,1996,"Anise, badian, coriander, cumin, caraway, fennel and juniper berries, raw",2249.0,7.0,0.0
Colombia,1997,"Anise, badian, coriander, cumin, caraway, fennel and juniper berries, raw",1990.0,2.0,0.0
Colombia,1998,"Anise, badian, coriander, cumin, caraway, fennel and juniper berries, raw",2201.0,0.0,0.0
Colombia,1999,"Anise, badian, coriander, cumin, caraway, fennel and juniper berries, raw",1734.0,0.0,0.0
Colombia,2000,"Anise, badian, coriander, cumin, caraway, fennel and juniper berries, raw",1606.57,0.03,0.0
Colombia,2001,"Anise, badian, coriander, cumin, caraway, fennel and juniper berries, raw",1533.0,0.0,0.0
Colombia,2002,"Anise, badian, coriander, cumin, caraway, fennel and juniper berries, raw",2130.0,2.0,0.0
Colombia,2003,"Anise, badian, coriander, cumin, caraway, fennel and juniper berries, raw",1350.0,1.0,0.0
Colombia,2004,"Anise, badian, coriander, cumin, caraway, fennel and juniper berries, raw",844.0,0.0,0.0
Colombia,2006,"Anise, badian, coriander, cumin, caraway, fennel and juniper berries, raw",1433.0,0.0,0.0
Colombia,2007,"Anise, badian, coriander, cumin, caraway, fennel and juniper berries, raw",1922.0,0.0,0.0
Colombia,2008,"Anise, badian, coriander, cumin, caraway, fennel and juniper berries, raw",1604.0,1.0,0.0
Colombia,2009,"Anise, badian, coriander, cumin, caraway, fennel and juniper berries, raw",1344.0,6.0,0.0
Colombia,2010,"Anise, badian, coriander, cumin, caraway, fennel and juniper berries, raw",1205.0,0.0,0.0
Colombia,2012,"Anise, badian, coriander, cumin, caraway, fennel and juniper berries, raw",1152.0,0.0,0.0
Colombia,2013,"Anise, badian, coriander, cumin, caraway, fennel and juniper berries, raw",1291.0,0.0,0.0
Colombia,2014,"Anise, badian, coriander, cumin, caraway, fennel and juniper berries, raw",1582.19,0.05,0.0
Colombia,2016,"Anise, badian, coriander, cumin, caraway, fennel and juniper berries, raw",1614.05,1.65,0.0
Colombia,2017,"Anise, badian, coriander, cumin, caraway, fennel and juniper berries, raw",1362.27,2.48,0.0
Colombia,2018,"Anise, badian, coriander, cumin, caraway, fennel and juniper berries, raw",1642.49,50.67,0.0
Colombia,2019,"Anise, badian, coriander, cumin, caraway, fennel and juniper berries, raw",1611.54,2.28,0.0
Colombia,2020,"Anise, badian, coriander, cumin, caraway, fennel and juniper berries, raw",1744.36,3.96,0.0
Colombia,2022,"Anise, badian, coriander, cumin, caraway, fennel and juniper berries, raw",1432.34,2.68,0.0
Comoros,1993,"Anise, badian, coriander, cumin, caraway, fennel and juniper berries, raw",0.0,0.0,0.0
Comoros,1994,"Anise, badian, coriander, cumin, caraway, fennel and juniper berries, raw",0.0,0.0,0.0
Comoros,1995,"Anise, badian, coriander, cumin, caraway, fennel and juniper berries, raw",5.0,0.0,0.0
Comoros,1997,"Anise, badian, coriander, cumin, caraway, fennel and juniper berries, raw",3.0,0.0,0.0
Comoros,1998,"Anise, badian, coriander, cumin, caraway, fennel and juniper berries, raw",3.0,0.0,0.0
Comoros,1999,"Anise, badian, coriander, cumin, caraway, fennel and juniper berries, raw",2.0,0.0,0.0
Comoros,2000,"Anise, badian, coriander, cumin, caraway, fennel and juniper berries, raw",2.0,0.0,0.0
Comoros,2001,"Anise, badian, coriander, cumin, caraway, fennel and juniper berries, raw",4.0,0.0,0.0
Comoros,2002,"Anise, badian, coriander, cumin, caraway, fennel and juniper berries, raw",3.0,0.0,0.0
Comoros,2003,"Anise, badian, coriander, cumin, caraway, fennel and juniper berries, raw",1.0,0.0,0.0
Comoros,2004,"Anise, badian, coriander, cumin, caraway, fennel and juniper berries, raw",0.0,0.0,0.0
Comoros,2005,"Anise, badian, coriander, cumin, caraway, fennel and juniper berries, raw",0.0,0.0,0.0
Comoros,2007,"Anise, badian, coriander, cumin, caraway, fennel and juniper berries, raw",0.0,0.0,0.0
Comoros,2008,"Anise, badian, coriander, cumin, caraway, fennel and juniper berries, raw",0.0,0.0,0.0
Comoros,2009,"Anise, badian, coriander, cumin, caraway, fennel and juniper berries, raw",0.0,0.0,0.0
Comoros,2010,"Anise, badian, coriander, cumin, caraway, fennel and juniper berries, raw",0.0,0.0,0.0
Comoros,2011,"Anise, badian, coriander, cumin, caraway, fennel and juniper berries, raw",0.0,0.0,0.0
Comoros,2012,"Anise, badian, coriander, cumin, caraway, fennel and juniper berries, raw",0.0,0.0,0.0
Comoros,2013,"Anise, badian, coriander, cumin, caraway, fennel and juniper berries, raw",2.0,0.0,0.0
Comoros,2014,"Anise, badian, coriander, cumin, caraway, fennel and juniper berries, raw",1333.0,0.0,0.0
Comoros,2016,"Anise, badian, coriander, cumin, caraway, fennel and juniper berries, raw",23.32,0.0,0.0
Comoros,2017,"Anise, badian, coriander, cumin, caraway, fennel and juniper berries, raw",10.41,0.0,0.0
Comoros,2018,"Anise, badian, coriander, cumin, caraway, fennel and juniper berries, raw",16.23,0.0,0.0
Comoros,2019,"Anise, badian, coriander, cumin, caraway, fennel and juniper berries, raw",16.98,0.0,0.0
Comoros,2020,"Anise, badian, coriander, cumin, caraway, fennel and juniper berries, raw",14.03,0.0,0.0
Comoros,2021,"Anise, badian, coriander, cumin, caraway, fennel and juniper berries, raw",18.41,0.0,0.0
Comoros,2022,"Anise, badian, coriander, cumin, caraway, fennel and juniper berries, raw",6.74,0.0,0.0
Comoros,2023,"Anise, badian, coriander, cumin, caraway, fennel and juniper berries, raw",4.67,0.0,0.0
Congo,1993,"Anise, badian, coriander, cumin, caraway, fennel and juniper berries, raw",0.0,0.0,0.0
Congo,1994,"Anise, badian, coriander, cumin, caraway, fennel and juniper berries, raw",0.0,0.0,0.0
Congo,1995,"Anise, badian, coriander, cumin, caraway, fennel and juniper berries, raw",0.0,0.0,0.0
Congo,1996,"Anise, badian, coriander, cumin, caraway, fennel and juniper berries, raw",0.0,0.0,0.0
Congo,1997,"Anise, badian, coriander, cumin, caraway, fennel and juniper berries, raw",0.0,0.0,0.0
Congo,1998,"Anise, badian, coriander, cumin, caraway, fennel and juniper berries, raw",0.0,0.0,0.0
Congo,1999,"Anise, badian, coriander, cumin, caraway, fennel and juniper berries, raw",0.0,0.0,0.0
Congo,2000,"Anise, badian, coriander, cumin, caraway, fennel and juniper berries, raw",0.0,0.0,0.0
Congo,2001,"Anise, badian, coriander, cumin, caraway, fennel and juniper berries, raw",0.0,0.0,0.0
Congo,2002,"Anise, badian, coriander, cumin, caraway, fennel and juniper berries, raw",0.0,0.0,0.0
Congo,2003,"Anise, badian, coriander, cumin, caraway, fennel and juniper berries, raw",0.0,0.0,0.0
Congo,2004,"Anise, badian, coriander, cumin, caraway, fennel and juniper berries, raw",2.0,0.0,0.0
Congo,2005,"Anise, badian, coriander, cumin, caraway, fennel and juniper berries, raw",0.0,0.0,0.0
Congo,2006,"Anise, badian, coriander, cumin, caraway, fennel and juniper berries, raw",1.0,0.0,0.0
Congo,2007,"Anise, badian, coriander, cumin, caraway, fennel and juniper berries, raw",1.0,0.0,0.0
Congo,2008,"Anise, badian, coriander, cumin, caraway, fennel and juniper berries, raw",0.0,0.0,0.0
Congo,2009,"Anise, badian, coriander, cumin, caraway, fennel and juniper berries, raw",2.0,0.0,0.0
Congo,2010,"Anise, badian, coriander, cumin, caraway, fennel and juniper berries, raw",2.0,0.0,0.0
Congo,2011,"Anise, badian, coriander, cumin, caraway, fennel and juniper berries, raw",2.0,0.0,0.0
Congo,2012,"Anise, badian, coriander, cumin, caraway, fennel and juniper berries, raw",2.0,0.0,0.0
Congo,2013,"Anise, badian, coriander, cumin, caraway, fennel and juniper berries, raw",5.0,0.0,0.0
Congo,2014,"Anise, badian, coriander, cumin, caraway, fennel and juniper berries, raw",4.7,0.0,0.0
Congo,2015,"Anise, badian, coriander, cumin, caraway, fennel and juniper berries, raw",2.83,0.0,0.0
Congo,2016,"Anise, badian, coriander, cumin, caraway, fennel and juniper berries, raw",4.55,0.0,0.0
Congo,2017,"Anise, badian, coriander, cumin, caraway, fennel and juniper berries, raw",1.92,0.0,0.0
Congo,2018,"Anise, badian, coriander, cumin, caraway, fennel and juniper berries, raw",1.34,0.0,0.0
Congo,2019,"Anise, badian, coriander, cumin, caraway, fennel and juniper berries, raw",4.62,0.0,0.0
Congo,2020,"Anise, badian, coriander, cumin, caraway, fennel and juniper berries, raw",6.2,0.0,0.0
Congo,2021,"Anise, badian, coriander, cumin, caraway, fennel and juniper berries, raw",10.48,0.0,0.0
Congo,2022,"Anise, badian, coriander, cumin, caraway, fennel and juniper berries, raw",8.76,0.0,0.0
Cook Islands,1999,"Anise, badian, coriander, cumin, caraway, fennel and juniper berries, raw",3.0,0.0,0.0
Cook Islands,2000,"Anise, badian, coriander, cumin, caraway, fennel and juniper berries, raw",3.0,0.0,0.0
Cook Islands,2001,"Anise, badian, coriander, cumin, caraway, fennel and juniper berries, raw",0.0,0.0,0.0
Cook Islands,2002,"Anise, badian, coriander, cumin, caraway, fennel and juniper berries, raw",0.0,0.0,0.0
Cook Islands,2003,"Anise, badian, coriander, cumin, caraway, fennel and juniper berries, raw",0.0,0.0,0.0
Cook Islands,2004,"Anise, badian, coriander, cumin, caraway, fennel and juniper berries, raw",0.0,0.0,0.0
Cook Islands,2005,"Anise, badian, coriander, cumin, caraway, fennel and juniper berries, raw",0.0,0.0,0.0
Cook Islands,2006,"Anise, badian, coriander, cumin, caraway, fennel and juniper berries, raw",0.0,0.0,0.0
Cook Islands,2007,"Anise, badian, coriander, cumin, caraway, fennel and juniper berries, raw",0.0,0.0,0.0
Cook Islands,2008,"Anise, badian, coriander, cumin, caraway, fennel and juniper berries, raw",0.0,0.0,0.0
Cook Islands,2009,"Anise, badian, coriander, cumin, caraway, fennel and juniper berries, raw",0.0,0.0,0.0
Cook Islands,2010,"Anise, badian, coriander, cumin, caraway, fennel and juniper berries, raw",0.0,0.0,0.0
Cook Islands,2011,"Anise, badian, coriander, cumin, caraway, fennel and juniper berries, raw",0.0,0.0,0.0
Cook Islands,2012,"Anise, badian, coriander, cumin, caraway, fennel and juniper berries, raw",0.0,0.0,0.0
Cook Islands,2013,"Anise, badian, coriander, cumin, caraway, fennel and juniper berries, raw",0.0,0.0,0.0
Cook Islands,2014,"Anise, badian, coriander, cumin, caraway, fennel and juniper berries, raw",0.92,0.0,0.0
Cook Islands,2015,"Anise, badian, coriander, cumin, caraway, fennel and juniper berries, raw",0.49,0.0,0.0
Cook Islands,2016,"Anise, badian, coriander, cumin, caraway, fennel and juniper berries, raw",0.51,0.0,0.0
Cook Islands,2018,"Anise, badian, coriander, cumin, caraway, fennel and juniper berries, raw",0.56,0.0,0.0
Cook Islands,2019,"Anise, badian, coriander, cumin, caraway, fennel and juniper berries, raw",0.56,0.0,0.0
Cook Islands,2020,"Anise, badian, coriander, cumin, caraway, fennel and juniper berries, raw",0.54,0.0,0.0
Cook Islands,2021,"Anise, badian, coriander, cumin, caraway, fennel and juniper berries, raw",0.57,0.0,0.0
Cook Islands,2023,"Anise, badian, coriander, cumin, caraway, fennel and juniper berries, raw",0.73,0.0,0.0
Costa Rica,1993,"Anise, badian, coriander, cumin, caraway, fennel and juniper berries, raw",76.0,29.0,0.0
Costa Rica,1994,"Anise, badian, coriander, cumin, caraway, fennel and juniper berries, raw",157.0,4.0,0.0
Costa Rica,1995,"Anise, badian, coriander, cumin, caraway, fennel and juniper berries, raw",174.0,3.0,0.0
Costa Rica,1996,"Anise, badian, coriander, cumin, caraway, fennel and juniper berries, raw",26.0,41.0,0.0
Costa Rica,1997,"Anise, badian, coriander, cumin, caraway, fennel and juniper berries, raw",98.0,6.0,0.0
Costa Rica,1998,"Anise, badian, coriander, cumin, caraway, fennel and juniper berries, raw",156.0,19.0,0.0
Costa Rica,1999,"Anise, badian, coriander, cumin, caraway, fennel and juniper berries, raw",111.84,25.4,0.0
Costa Rica,2000,"Anise, badian, coriander, cumin, caraway, fennel and juniper berries, raw",114.74,18.74,0.0
Costa Rica,2001,"Anise, badian, coriander, cumin, caraway, fennel and juniper berries, raw",132.0,19.0,0.0
Costa Rica,2002,"Anise, badian, coriander, cumin, caraway, fennel and juniper berries, raw",160.0,30.0,0.0
Costa Rica,2003,"Anise, badian, coriander, cumin, caraway, fennel and juniper berries, raw",143.0,27.0,0.0
Costa Rica,2004,"Anise, badian, coriander, cumin, caraway, fennel and juniper berries, raw",153.0,33.0,0.0
Costa Rica,2005,"Anise, badian, coriander, cumin, caraway, fennel and juniper berries, raw",180.0,32.0,0.0
Costa Rica,2007,"Anise, badian, coriander, cumin, caraway, fennel and juniper berries, raw",162.0,16.0,0.0
Costa Rica,2008,"Anise, badian, coriander, cumin, caraway, fennel and juniper berries, raw",221.0,11.0,0.0
Costa Rica,2009,"Anise, badian, coriander, cumin, caraway, fennel and juniper berries, raw",186.0,9.0,0.0
Costa Rica,2010,"Anise, badian, coriander, cumin, caraway, fennel and juniper berries, raw",192.0,12.0,0.0
Costa Rica,2011,"Anise, badian, coriander, cumin, caraway, fennel and juniper berries, raw",210.0,23.0,0.0
Costa Rica,2012,"Anise, badian, coriander, cumin, caraway, fennel and juniper berries, raw",212.0,23.0,0.0
Costa Rica,2013,"Anise, badian, coriander, cumin, caraway, fennel and juniper berries, raw",195.0,19.0,0.0
Costa Rica,2014,"Anise, badian, coriander, cumin, caraway, fennel and juniper berries, raw",204.33,18.64,0.0
Costa Rica,2015,"Anise, badian, coriander, cumin, caraway, fennel and juniper berries, raw",206.39,17.41,0.0
Costa Rica,2016,"Anise, badian, coriander, cumin, caraway, fennel and juniper berries, raw",276.11,19.92,0.0
Costa Rica,2017,"Anise, badian, coriander, cumin, caraway, fennel and juniper berries, raw",211.79,19.55,0.0
Costa Rica,2019,"Anise, badian, coriander, cumin, caraway, fennel and juniper berries, raw",225.88,16.73,0.0
Costa Rica,2020,"Anise, badian, coriander, cumin, caraway, fennel and juniper berries, raw",310.91,15.35,0.0
Costa Rica,2021,"Anise, badian, coriander, cumin, caraway, fennel and juniper berries, raw",252.87,15.33,0.0
Costa Rica,2022,"Anise, badian, coriander, cumin, caraway, fennel and juniper berries, raw",272.07,14.14,0.0
Côte d'Ivoire,1997,"Anise, badian, coriander, cumin, caraway, fennel and juniper berries, raw",1.82,0.0,0.0
Côte d'Ivoire,1998,"Anise, badian, coriander, cumin, caraway, fennel and juniper berries, raw",1.92,0.0,0.0
Côte d'Ivoire,1999,"Anise, badian, coriander, cumin, caraway, fennel and juniper berries, raw",0.58,0.0,0.0
Côte d'Ivoire,2000,"Anise, badian, coriander, cumin, caraway, fennel and juniper berries, raw",0.95,0.0,0.0
Côte d'Ivoire,2001,"Anise, badian, coriander, cumin, caraway, fennel and juniper berries, raw",1.0,0.0,0.0
Côte d'Ivoire,2002,"Anise, badian, coriander, cumin, caraway, fennel and juniper berries, raw",3.0,0.0,0.0
Côte d'Ivoire,2003,"Anise, badian, coriander, cumin, caraway, fennel and juniper berries, raw",1.0,0.0,0.0
Côte d'Ivoire,2004,"Anise, badian, coriander, cumin, caraway, fennel and juniper berries, raw",2.0,0.0,0.0
Côte d'Ivoire,2005,"Anise, badian, coriander, cumin, caraway, fennel and juniper berries, raw",4.0,0.0,0.0
Côte d'Ivoire,2006,"Anise, badian, coriander, cumin, caraway, fennel and juniper berries, raw",5.0,0.0,0.0
Côte d'Ivoire,2007,"Anise, badian, coriander, cumin, caraway, fennel and juniper berries, raw",7.0,0.0,0.0
Côte d'Ivoire,2009,"Anise, badian, coriander, cumin, caraway, fennel and juniper berries, raw",4.0,0.0,0.0
Côte d'Ivoire,2010,"Anise, badian, coriander, cumin, caraway, fennel and juniper berries, raw",6.0,0.0,0.0
Côte d'Ivoire,2011,"Anise, badian, coriander, cumin, caraway, fennel and juniper berries, raw",2.0,0.0,0.0
Côte d'Ivoire,2012,"Anise, badian, coriander, cumin, caraway, fennel and juniper berries, raw",3.0,0.0,0.0
Côte d'Ivoire,2013,"Anise, badian, coriander, cumin, caraway, fennel and juniper berries, raw",3.0,0.0,0.0
Côte d'Ivoire,2014,"Anise, badian, coriander, cumin, caraway, fennel and juniper berries, raw",6.87,0.03,0.0
Côte d'Ivoire,2016,"Anise, badian, coriander, cumin, caraway, fennel and juniper berries, raw",5.14,0.46,0.0
Côte d'Ivoire,2017,"Anise, badian, coriander, cumin, caraway, fennel and juniper berries, raw",5.65,0.0,0.0
Côte d'Ivoire,2018,"Anise, badian, coriander, cumin, caraway, fennel and juniper berries, raw",6.2,0.0,0.0
Côte d'Ivoire,2019,"Anise, badian, coriander, cumin, caraway, fennel and juniper berries, raw",5.05,0.1,0.0
Côte d'Ivoire,2020,"Anise, badian, coriander, cumin, caraway, fennel and juniper berries, raw",6.57,0.0,0.0
Côte d'Ivoire,2022,"Anise, badian, coriander, cumin, caraway, fennel and juniper berries, raw",5.38,8.02,0.0
Côte d'Ivoire,2023,"Anise, badian, coriander, cumin, caraway, fennel and juniper berries, raw",17.38,0.45,0.0
Croatia,1993,"Anise, badian, coriander, cumin, caraway, fennel and juniper berries, raw",19.0,19.0,0.0
Croatia,1995,"Anise, badian, coriander, cumin, caraway, fennel and juniper berries, raw",14.0,0.0,0.0
Croatia,1997,"Anise, badian, coriander, cumin, caraway, fennel and juniper berries, raw",15.0,8.0,0.0
Croatia,1998,"Anise, badian, coriander, cumin, caraway, fennel and juniper berries, raw",14.0,0.0,0.0
Croatia,1999,"Anise, badian, coriander, cumin, caraway, fennel and juniper berries, raw",53.0,4.0,0.0
Croatia,2000,"Anise, badian, coriander, cumin, caraway, fennel and juniper berries, raw",135.0,6.0,0.0
Croatia,2002,"Anise, badian, coriander, cumin, caraway, fennel and juniper berries, raw",80.0,5.0,0.0
Croatia,2004,"Anise, badian, coriander, cumin, caraway, fennel and juniper berries, raw",41.0,6.0,0.0
Croatia,2005,"Anise, badian, coriander, cumin, caraway, fennel and juniper berries, raw",103.0,6.0,0.0
Croatia,2006,"Anise, badian, coriander, cumin, caraway, fennel and juniper berries, raw",99.0,5.0,0.0
Croatia,2007,"Anise, badian, coriander, cumin, caraway, fennel and juniper berries, raw",38.0,7.0,0.0
Croatia,2008,"Anise, badian, coriander, cumin, caraway, fennel and juniper berries, raw",231.0,16.0,0.0
Croatia,2009,"Anise, badian, coriander, cumin, caraway, fennel and juniper berries, raw",148.0,2.0,0.0
Croatia,2010,"Anise, badian, coriander, cumin, caraway, fennel and juniper berries, raw",49.0,6.0,0.0
Croatia,2011,"Anise, badian, coriander, cumin, caraway, fennel and juniper berries, raw",56.0,14.0,0.0
Croatia,2012,"Anise, badian, coriander, cumin, caraway, fennel and juniper berries, raw",80.0,12.0,0.0
Croatia,2013,"Anise, badian, coriander, cumin, caraway, fennel and juniper berries, raw",90.0,31.0,0.0
Croatia,2014,"Anise, badian, coriander, cumin, caraway, fennel and juniper berries, raw",120.48,42.23,0.0
Croatia,2015,"Anise, badian, coriander, cumin, caraway, fennel and juniper berries, raw",246.6,82.85,0.0
Croatia,2016,"Anise, badian, coriander, cumin, caraway, fennel and juniper berries, raw",193.94,68.51,0.0
Croatia,2017,"Anise, badian, coriander, cumin, caraway, fennel and juniper berries, raw",169.88,53.01,0.0
Croatia,2018,"Anise, badian, coriander, cumin, caraway, fennel and juniper berries, raw",178.79,138.96,0.0
Croatia,2019,"Anise, badian, coriander, cumin, caraway, fennel and juniper berries, raw",218.83,49.66,0.0
Croatia,2020,"Anise, badian, coriander, cumin, caraway, fennel and juniper berries, raw",174.92,61.35,0.0
Croatia,2021,"Anise, badian, coriander, cumin, caraway, fennel and juniper berries, raw",398.02,170.89,0.0
Croatia,2022,"Anise, badian, coriander, cumin, caraway, fennel and juniper berries, raw",358.02,83.64,0.0
Croatia,2023,"Anise, badian, coriander, cumin, caraway, fennel and juniper berries, raw",507.65,197.52,0.0
Cuba,1999,"Anise, badian, coriander, cumin, caraway, fennel and juniper berries, raw",113.0,0.0,0.0
Cuba,2000,"Anise, badian, coriander, cumin, caraway, fennel and juniper berries, raw",121.0,0.0,0.0
Cuba,2001,"Anise, badian, coriander, cumin, caraway, fennel and juniper berries, raw",133.0,0.0,0.0
Cuba,2002,"Anise, badian, coriander, cumin, caraway, fennel and juniper berries, raw",317.0,0.0,0.0
Cuba,2003,"Anise, badian, coriander, cumin, caraway, fennel and juniper berries, raw",263.0,0.0,0.0
Cuba,2004,"Anise, badian, coriander, cumin, caraway, fennel and juniper berries, raw",219.0,0.0,0.0
Cuba,2005,"Anise, badian, coriander, cumin, caraway, fennel and juniper berries, raw",422.0,0.0,0.0
Cuba,2006,"Anise, badian, coriander, cumin, caraway, fennel and juniper berries, raw",238.0,0.0,0.0
Cuba,2007,"Anise, badian, coriander, cumin, caraway, fennel and juniper berries, raw",492.0,0.0,0.0
Cuba,2008,"Anise, badian, coriander, cumin, caraway, fennel and juniper berries, raw",141.0,0.0,0.0
Cuba,2009,"Anise, badian, coriander, cumin, caraway, fennel and juniper berries, raw",318.0,0.0,0.0
Cuba,2010,"Anise, badian, coriander, cumin, caraway, fennel and juniper berries, raw",277.0,0.0,0.0
Cuba,2011,"Anise, badian, coriander, cumin, caraway, fennel and juniper berries, raw",280.0,0.0,0.0
Cuba,2012,"Anise, badian, coriander, cumin, caraway, fennel and juniper berries, raw",466.0,0.0,0.0
Cuba,2013,"Anise, badian, coriander, cumin, caraway, fennel and juniper berries, raw",421.0,0.0,0.0
Cuba,2014,"Anise, badian, coriander, cumin, caraway, fennel and juniper berries, raw",578.73,0.0,0.0
Cuba,2015,"Anise, badian, coriander, cumin, caraway, fennel and juniper berries, raw",581.31,0.0,0.0
Cuba,2016,"Anise, badian, coriander, cumin, caraway, fennel and juniper berries, raw",512.91,0.0,0.0
Cuba,2018,"Anise, badian, coriander, cumin, caraway, fennel and juniper berries, raw",787.92,0.0,0.0
Cuba,2019,"Anise, badian, coriander, cumin, caraway, fennel and juniper berries, raw",848.51,0.0,0.0
Cuba,2020,"Anise, badian, coriander, cumin, caraway, fennel and juniper berries, raw",452.19,0.0,0.0
Cuba,2021,"Anise, badian, coriander, cumin, caraway, fennel and juniper berries, raw",613.84,0.0,0.0
Cuba,2022,"Anise, badian, coriander, cumin, caraway, fennel and juniper berries, raw",350.66,0.0,0.0
Cuba,2023,"Anise, badian, coriander, cumin, caraway, fennel and juniper berries, raw",329.31,0.0,0.0
Cyprus,1993,"Anise, badian, coriander, cumin, caraway, fennel and juniper berries, raw",107.0,11.0,0.0
Cyprus,1995,"Anise, badian, coriander, cumin, caraway, fennel and juniper berries, raw",96.0,0.0,0.0
Cyprus,1997,"Anise, badian, coriander, cumin, caraway, fennel and juniper berries, raw",88.0,9.0,0.0
Cyprus,1998,"Anise, badian, coriander, cumin, caraway, fennel and juniper berries, raw",98.0,1.0,0.0
Cyprus,1999,"Anise, badian, coriander, cumin, caraway, fennel and juniper berries, raw",96.0,0.0,0.0
Cyprus,2000,"Anise, badian, coriander, cumin, caraway, fennel and juniper berries, raw",86.19,0.35,0.0
Cyprus,2001,"Anise, badian, coriander, cumin, caraway, fennel and juniper berries, raw",93.0,10.0,0.0
Cyprus,2002,"Anise, badian, coriander, cumin, caraway, fennel and juniper berries, raw",96.0,0.0,0.0
Cyprus,2003,"Anise, badian, coriander, cumin, caraway, fennel and juniper berries, raw",94.0,6.0,0.0
Cyprus,2004,"Anise, badian, coriander, cumin, caraway, fennel and juniper berries, raw",128.0,13.0,0.0
Cyprus,2005,"Anise, badian, coriander, cumin, caraway, fennel and juniper berries, raw",164.0,0.0,0.0
Cyprus,2006,"Anise, badian, coriander, cumin, caraway, fennel and juniper berries, raw",106.0,0.0,0.0
Cyprus,2007,"Anise, badian, coriander, cumin, caraway, fennel and juniper berries, raw",104.0,0.0,0.0
Cyprus,2008,"Anise, badian, coriander, cumin, caraway, fennel and juniper berries, raw",127.0,0.0,0.0
Cyprus,2010,"Anise, badian, coriander, cumin, caraway, fennel and juniper berries, raw",93.0,0.0,0.0
Cyprus,2011,"Anise, badian, coriander, cumin, caraway, fennel and juniper berries, raw",92.0,0.0,0.0
Cyprus,2012,"Anise, badian, coriander, cumin, caraway, fennel and juniper berries, raw",86.0,0.0,0.0
Cyprus,2013,"Anise, badian, coriander, cumin, caraway, fennel and juniper berries, raw",105.0,19.0,0.0
Cyprus,2014,"Anise, badian, coriander, cumin, caraway, fennel and juniper berries, raw",107.9,22.4,0.0
Cyprus,2015,"Anise, badian, coriander, cumin, caraway, fennel and juniper berries, raw",102.94,13.3,0.0
Cyprus,2017,"Anise, badian, coriander, cumin, caraway, fennel and juniper berries, raw",100.37,10.1,0.0
Cyprus,2018,"Anise, badian, coriander, cumin, caraway, fennel and juniper berries, raw",105.73,0.0,0.0
Cyprus,2019,"Anise, badian, coriander, cumin, caraway, fennel and juniper berries, raw",102.07,0.0,0.0
Cyprus,2020,"Anise, badian, coriander, cumin, caraway, fennel and juniper berries, raw",109.07,0.0,0.0
Cyprus,2021,"Anise, badian, coriander, cumin, caraway, fennel and juniper berries, raw",123.45,0.02,0.0
Cyprus,2022,"Anise, badian, coriander, cumin, caraway, fennel and juniper berries, raw",77.36,0.0,0.0
Czechia,1993,"Anise, badian, coriander, cumin, caraway, fennel and juniper berries, raw",109.0,2378.0,0.0
Czechia,1995,"Anise, badian, coriander, cumin, caraway, fennel and juniper berries, raw",216.0,890.0,0.0
Czechia,1996,"Anise, badian, coriander, cumin, caraway, fennel and juniper berries, raw",193.0,1565.0,0.0
Czechia,1997,"Anise, badian, coriander, cumin, caraway, fennel and juniper berries, raw",343.0,5761.0,0.0
Czechia,1998,"Anise, badian, coriander, cumin, caraway, fennel and juniper berries, raw",380.0,5502.0,0.0
Czechia,1999,"Anise, badian, coriander, cumin, caraway, fennel and juniper berries, raw",394.0,1523.0,0.0
Czechia,2000,"Anise, badian, coriander, cumin, caraway, fennel and juniper berries, raw",351.04,1203.37,0.0
Czechia,2001,"Anise, badian, coriander, cumin, caraway, fennel and juniper berries, raw",503.0,1694.0,0.0
Czechia,2002,"Anise, badian, coriander, cumin, caraway, fennel and juniper berries, raw",391.0,1541.0,0.0
Czechia,2003,"Anise, badian, coriander, cumin, caraway, fennel and juniper berries, raw",356.0,2247.0,0.0
Czechia,2004,"Anise, badian, coriander, cumin, caraway, fennel and juniper berries, raw",628.0,1456.0,0.0
Czechia,2005,"Anise, badian, coriander, cumin, caraway, fennel and juniper berries, raw",676.0,730.0,0.0
Czechia,2006,"Anise, badian, coriander, cumin, caraway, fennel and juniper berries, raw",698.0,1011.0,0.0
Czechia,2007,"Anise, badian, coriander, cumin, caraway, fennel and juniper berries, raw",743.0,1134.0,0.0
Czechia,2008,"Anise, badian, coriander, cumin, caraway, fennel and juniper berries, raw",1209.0,1372.0,0.0
Czechia,2009,"Anise, badian, coriander, cumin, caraway, fennel and juniper berries, raw",1387.0,989.0,0.0
Czechia,2010,"Anise, badian, coriander, cumin, caraway, fennel and juniper berries, raw",907.0,1034.0,0.0
Czechia,2011,"Anise, badian, coriander, cumin, caraway, fennel and juniper berries, raw",678.0,1287.0,0.0
Czechia,2012,"Anise, badian, coriander, cumin, caraway, fennel and juniper berries, raw",690.0,1078.0,0.0
Czechia,2013,"Anise, badian, coriander, cumin, caraway, fennel and juniper berries, raw",839.0,1236.0,0.0
Czechia,2014,"Anise, badian, coriander, cumin, caraway, fennel and juniper berries, raw",1075.45,1474.6,0.0
Czechia,2015,"Anise, badian, coriander, cumin, caraway, fennel and juniper berries, raw",902.77,1148.8,0.0
Czechia,2016,"Anise, badian, coriander, cumin, caraway, fennel and juniper berries, raw",1059.74,1057.5,0.0
Czechia,2017,"Anise, badian, coriander, cumin, caraway, fennel and juniper berries, raw",1206.45,881.32,0.0
Czechia,2018,"Anise, badian, coriander, cumin, caraway, fennel and juniper berries, raw",690.32,990.21,0.0
Czechia,2019,"Anise, badian, coriander, cumin, caraway, fennel and juniper berries, raw",893.44,1388.99,0.0
Czechia,2020,"Anise, badian, coriander, cumin, caraway, fennel and juniper berries, raw",1353.65,1125.7,0.0
Czechia,2021,"Anise, badian, coriander, cumin, caraway, fennel and juniper berries, raw",1523.66,610.29,0.0
Czechia,2022,"Anise, badian, coriander, cumin, caraway, fennel and juniper berries, raw",2576.78,2147.26,0.0
Czechia,2023,"Anise, badian, coriander, cumin, caraway, fennel and juniper berries, raw",3566.55,2522.93,0.0
Democratic People's Republic of Korea,2015,"Anise, badian, coriander, cumin, caraway, fennel and juniper berries, raw",88.39,0.0,0.0
Democratic People's Republic of Korea,2016,"Anise, badian, coriander, cumin, caraway, fennel and juniper berries, raw",158.3,0.0,0.0
Democratic People's Republic of Korea,2017,"Anise, badian, coriander, cumin, caraway, fennel and juniper berries, raw",4.35,0.0,0.0
Democratic People's Republic of Korea,2018,"Anise, badian, coriander, cumin, caraway, fennel and juniper berries, raw",27.2,0.0,0.0
Democratic People's Republic of Korea,2019,"Anise, badian, coriander, cumin, caraway, fennel and juniper berries, raw",0.01,0.0,0.0
Democratic People's Republic of Korea,2020,"Anise, badian, coriander, cumin, caraway, fennel and juniper berries, raw",1.2,0.0,0.0
Democratic People's Republic of Korea,2022,"Anise, badian, coriander, cumin, caraway, fennel and juniper berries, raw",6.25,0.0,0.0
Democratic People's Republic of Korea,2023,"Anise, badian, coriander, cumin, caraway, fennel and juniper berries, raw",13.0,0.0,0.0
Democratic Republic of the Congo,1993,"Anise, badian, coriander, cumin, caraway, fennel and juniper berries, raw",0.0,0.0,0.0
Democratic Republic of the Congo,1994,"Anise, badian, coriander, cumin, caraway, fennel and juniper berries, raw",0.0,0.0,0.0
Democratic Republic of the Congo,1995,"Anise, badian, coriander, cumin, caraway, fennel and juniper berries, raw",0.0,0.0,0.0
Democratic Republic of the Congo,1996,"Anise, badian, coriander, cumin, caraway, fennel and juniper berries, raw",0.0,0.0,0.0
Democratic Republic of the Congo,1997,"Anise, badian, coriander, cumin, caraway, fennel and juniper berries, raw",0.0,0.0,0.0
Democratic Republic of the Congo,1998,"Anise, badian, coriander, cumin, caraway, fennel and juniper berries, raw",0.0,0.0,0.0
Democratic Republic of the Congo,1999,"Anise, badian, coriander, cumin, caraway, fennel and juniper berries, raw",0.0,0.0,0.0
Democratic Republic of the Congo,2000,"Anise, badian, coriander, cumin, caraway, fennel and juniper berries, raw",0.0,0.0,0.0
Democratic Republic of the Congo,2002,"Anise, badian, coriander, cumin, caraway, fennel and juniper berries, raw",0.0,0.0,0.0
Democratic Republic of the Congo,2003,"Anise, badian, coriander, cumin, caraway, fennel and juniper berries, raw",1.0,0.0,0.0
Democratic Republic of the Congo,2004,"Anise, badian, coriander, cumin, caraway, fennel and juniper berries, raw",2.0,0.0,0.0
Democratic Republic of the Congo,2005,"Anise, badian, coriander, cumin, caraway, fennel and juniper berries, raw",2.0,0.0,0.0
Democratic Republic of the Congo,2006,"Anise, badian, coriander, cumin, caraway, fennel and juniper berries, raw",0.0,0.0,0.0
Democratic Republic of the Congo,2007,"Anise, badian, coriander, cumin, caraway, fennel and juniper berries, raw",0.0,0.0,0.0
Democratic Republic of the Congo,2008,"Anise, badian, coriander, cumin, caraway, fennel and juniper berries, raw",0.0,0.0,0.0
Democratic Republic of the Congo,2009,"Anise, badian, coriander, cumin, caraway, fennel and juniper berries, raw",0.0,0.0,0.0
Democratic Republic of the Congo,2010,"Anise, badian, coriander, cumin, caraway, fennel and juniper berries, raw",0.0,0.0,0.0
Democratic Republic of the Congo,2011,"Anise, badian, coriander, cumin, caraway, fennel and juniper berries, raw",0.0,0.0,0.0
Democratic Republic of the Congo,2012,"Anise, badian, coriander, cumin, caraway, fennel and juniper berries, raw",0.0,0.0,0.0
Democratic Republic of the Congo,2013,"Anise, badian, coriander, cumin, caraway, fennel and juniper berries, raw",0.0,0.0,0.0
Democratic Republic of the Congo,2014,"Anise, badian, coriander, cumin, caraway, fennel and juniper berries, raw",5.34,0.0,0.0
Democratic Republic of the Congo,2015,"Anise, badian, coriander, cumin, caraway, fennel and juniper berries, raw",83.52,0.0,0.0
Democratic Republic of the Congo,2016,"Anise, badian, coriander, cumin, caraway, fennel and juniper berries, raw",5.98,0.0,0.0
Democratic Republic of the Congo,2017,"Anise, badian, coriander, cumin, caraway, fennel and juniper berries, raw",22.34,0.0,0.0
Democratic Republic of the Congo,2018,"Anise, badian, coriander, cumin, caraway, fennel and juniper berries, raw",72.35,0.0,0.0
Democratic Republic of the Congo,2019,"Anise, badian, coriander, cumin, caraway, fennel and juniper berries, raw",162.99,0.0,0.0
Democratic Republic of the Congo,2020,"Anise, badian, coriander, cumin, caraway, fennel and juniper berries, raw",41.44,0.0,0.0
Democratic Republic of the Congo,2021,"Anise, badian, coriander, cumin, caraway, fennel and juniper berries, raw",110.55,0.0,0.0
Democratic Republic of the Congo,2022,"Anise, badian, coriander, cumin, caraway, fennel and juniper berries, raw",20.33,0.0,0.0
Denmark,1993,"Anise, badian, coriander, cumin, caraway, fennel and juniper berries, raw",99.0,813.0,129.0
Denmark,1994,"Anise, badian, coriander, cumin, caraway, fennel and juniper berries, raw",108.0,713.0,180.0
Denmark,1996,"Anise, badian, coriander, cumin, caraway, fennel and juniper berries, raw",122.0,155.0,68.0
Denmark,1997,"Anise, badian, coriander, cumin, caraway, fennel and juniper berries, raw",192.0,8.0,34.0
Denmark,1998,"Anise, badian, coriander, cumin, caraway, fennel and juniper berries, raw",304.0,31.0,129.0
Denmark,2000,"Anise, badian, coriander, cumin, caraway, fennel and juniper berries, raw",243.0,22.0,40.0
Denmark,2001,"Anise, badian, coriander, cumin, caraway, fennel and juniper berries, raw",216.0,45.0,75.16
Denmark,2002,"Anise, badian, coriander, cumin, caraway, fennel and juniper berries, raw",221.0,23.0,71.74
Denmark,2003,"Anise, badian, coriander, cumin, caraway, fennel and juniper berries, raw",252.0,22.0,66.77
Denmark,2004,"Anise, badian, coriander, cumin, caraway, fennel and juniper berries, raw",251.0,35.0,40.0
Denmark,2006,"Anise, badian, coriander, cumin, caraway, fennel and juniper berries, raw",246.0,35.0,50.0
Denmark,2008,"Anise, badian, coriander, cumin, caraway, fennel and juniper berries, raw",239.0,34.0,50.0
Denmark,2009,"Anise, badian, coriander, cumin, caraway, fennel and juniper berries, raw",241.0,8.0,45.0
Denmark,2010,"Anise, badian, coriander, cumin, caraway, fennel and juniper berries, raw",260.0,4.0,46.83
Denmark,2011,"Anise, badian, coriander, cumin, caraway, fennel and juniper berries, raw",236.0,2.0,47.17
Denmark,2012,"Anise, badian, coriander, cumin, caraway, fennel and juniper berries, raw",186.0,7.0,47.33
Denmark,2013,"Anise, badian, coriander, cumin, caraway, fennel and juniper berries, raw",257.0,6.0,46.25
Denmark,2014,"Anise, badian, coriander, cumin, caraway, fennel and juniper berries, raw",202.64,22.36,47.17
Denmark,2015,"Anise, badian, coriander, cumin, caraway, fennel and juniper berries, raw",213.0,35.62,50.36
Denmark,2016,"Anise, badian, coriander, cumin, caraway, fennel and juniper berries, raw",300.97,17.44,56.99
Denmark,2017,"Anise, badian, coriander, cumin, caraway, fennel and juniper berries, raw",318.88,33.24,51.51
Denmark,2018,"Anise, badian, coriander, cumin, caraway, fennel and juniper berries, raw",425.56,44.86,0.0
Denmark,2019,"Anise, badian, coriander, cumin, caraway, fennel and juniper berries, raw",400.61,19.12,0.0
Denmark,2020,"Anise, badian, coriander, cumin, caraway, fennel and juniper berries, raw",370.1,66.16,0.0
Denmark,2021,"Anise, badian, coriander, cumin, caraway, fennel and juniper berries, raw",374.78,30.11,0.0
Denmark,2022,"Anise, badian, coriander, cumin, caraway, fennel and juniper berries, raw",408.12,49.1,0.0
Denmark,2023,"Anise, badian, coriander, cumin, caraway, fennel and juniper berries, raw",392.29,44.22,0.0
Djibouti,1993,"Anise, badian, coriander, cumin, caraway, fennel and juniper berries, raw",54.0,0.0,0.0
Djibouti,1994,"Anise, badian, coriander, cumin, caraway, fennel and juniper berries, raw",54.0,0.0,0.0
Djibouti,1995,"Anise, badian, coriander, cumin, caraway, fennel and juniper berries, raw",54.0,0.0,0.0
Djibouti,1996,"Anise, badian, coriander, cumin, caraway, fennel and juniper berries, raw",70.0,0.0,0.0
Djibouti,1997,"Anise, badian, coriander, cumin, caraway, fennel and juniper berries, raw",8.0,0.0,0.0
Djibouti,1999,"Anise, badian, coriander, cumin, caraway, fennel and juniper berries, raw",1.0,0.0,0.0
Djibouti,2000,"Anise, badian, coriander, cumin, caraway, fennel and juniper berries, raw",0.0,0.0,0.0
Djibouti,2001,"Anise, badian, coriander, cumin, caraway, fennel and juniper berries, raw",14.0,0.0,0.0
Djibouti,2002,"Anise, badian, coriander, cumin, caraway, fennel and juniper berries, raw",48.0,0.0,0.0
Djibouti,2003,"Anise, badian, coriander, cumin, caraway, fennel and juniper berries, raw",88.0,0.0,0.0
Djibouti,2004,"Anise, badian, coriander, cumin, caraway, fennel and juniper berries, raw",0.0,0.0,0.0
Djibouti,2005,"Anise, badian, coriander, cumin, caraway, fennel and juniper berries, raw",56.0,0.0,0.0
Djibouti,2006,"Anise, badian, coriander, cumin, caraway, fennel and juniper berries, raw",27.0,0.0,0.0
Djibouti,2007,"Anise, badian, coriander, cumin, caraway, fennel and juniper berries, raw",28.0,0.0,0.0
Djibouti,2008,"Anise, badian, coriander, cumin, caraway, fennel and juniper berries, raw",72.0,0.0,0.0
Djibouti,2009,"Anise, badian, coriander, cumin, caraway, fennel and juniper berries, raw",58.0,0.0,0.0
Djibouti,2010,"Anise, badian, coriander, cumin, caraway, fennel and juniper berries, raw",19.0,0.0,0.0
Djibouti,2011,"Anise, badian, coriander, cumin, caraway, fennel and juniper berries, raw",29.0,0.0,0.0
Djibouti,2012,"Anise, badian, coriander, cumin, caraway, fennel and juniper berries, raw",56.0,0.0,0.0
Djibouti,2013,"Anise, badian, coriander, cumin, caraway, fennel and juniper berries, raw",29.0,0.0,0.0
Djibouti,2014,"Anise, badian, coriander, cumin, caraway, fennel and juniper berries, raw",468.21,0.0,0.0
Djibouti,2015,"Anise, badian, coriander, cumin, caraway, fennel and juniper berries, raw",447.03,0.0,0.0
Djibouti,2016,"Anise, badian, coriander, cumin, caraway, fennel and juniper berries, raw",302.76,0.0,0.0
Djibouti,2018,"Anise, badian, coriander, cumin, caraway, fennel and juniper berries, raw",369.51,0.0,0.0
Djibouti,2019,"Anise, badian, coriander, cumin, caraway, fennel and juniper berries, raw",107.65,0.0,0.0
Djibouti,2020,"Anise, badian, coriander, cumin, caraway, fennel and juniper berries, raw",227.71,0.0,0.0
Djibouti,2021,"Anise, badian, coriander, cumin, caraway, fennel and juniper berries, raw",385.58,374.23,0.0
Djibouti,2022,"Anise, badian, coriander, cumin, caraway, fennel and juniper berries, raw",271.82,271.02,0.0
Djibouti,2023,"Anise, badian, coriander, cumin, caraway, fennel and juniper berries, raw",228.77,216.56,0.0
Dominica,1997,"Anise, badian, coriander, cumin, caraway, fennel and juniper berries, raw",10.0,0.0,0.0
Dominica,1998,"Anise, badian, coriander, cumin, caraway, fennel and juniper berries, raw",10.0,0.0,0.0
Dominica,1999,"Anise, badian, coriander, cumin, caraway, fennel and juniper berries, raw",10.0,0.0,0.0
Dominica,2000,"Anise, badian, coriander, cumin, caraway, fennel and juniper berries, raw",0.0,0.0,0.0
Dominica,2001,"Anise, badian, coriander, cumin, caraway, fennel and juniper berries, raw",0.0,0.0,0.0
Dominica,2002,"Anise, badian, coriander, cumin, caraway, fennel and juniper berries, raw",0.0,0.0,0.0
Dominica,2003,"Anise, badian, coriander, cumin, caraway, fennel and juniper berries, raw",0.0,0.0,0.0
Dominica,2004,"Anise, badian, coriander, cumin, caraway, fennel and juniper berries, raw",0.0,0.0,0.0
Dominica,2005,"Anise, badian, coriander, cumin, caraway, fennel and juniper berries, raw",0.0,0.0,0.0
Dominica,2006,"Anise, badian, coriander, cumin, caraway, fennel and juniper berries, raw",0.0,0.0,0.0
Dominica,2007,"Anise, badian, coriander, cumin, caraway, fennel and juniper berries, raw",0.0,0.0,0.0
Dominica,2008,"Anise, badian, coriander, cumin, caraway, fennel and juniper berries, raw",0.0,0.0,0.0
Dominica,2009,"Anise, badian, coriander, cumin, caraway, fennel and juniper berries, raw",0.0,0.0,0.0
Dominica,2010,"Anise, badian, coriander, cumin, caraway, fennel and juniper berries, raw",0.0,0.0,0.0
Dominica,2011,"Anise, badian, coriander, cumin, caraway, fennel and juniper berries, raw",0.0,0.0,0.0
Dominica,2012,"Anise, badian, coriander, cumin, caraway, fennel and juniper berries, raw",0.0,0.0,0.0
Dominica,2013,"Anise, badian, coriander, cumin, caraway, fennel and juniper berries, raw",11.0,0.0,0.0
Dominica,2015,"Anise, badian, coriander, cumin, caraway, fennel and juniper berries, raw",0.02,0.0,0.0
Dominica,2016,"Anise, badian, coriander, cumin, caraway, fennel and juniper berries, raw",0.06,0.0,0.0
Dominica,2017,"Anise, badian, coriander, cumin, caraway, fennel and juniper berries, raw",0.1,0.0,0.0
Dominica,2018,"Anise, badian, coriander, cumin, caraway, fennel and juniper berries, raw",0.14,0.0,0.0
Dominica,2019,"Anise, badian, coriander, cumin, caraway, fennel and juniper berries, raw",0.17,0.0,0.0
Dominica,2022,"Anise, badian, coriander, cumin, caraway, fennel and juniper berries, raw",1.06,0.0,0.0
Dominica,2023,"Anise, badian, coriander, cumin, caraway, fennel and juniper berries, raw",0.42,0.0,0.0
Dominican Republic,1993,"Anise, badian, coriander, cumin, caraway, fennel and juniper berries, raw",95.0,0.0,0.0
Dominican Republic,1994,"Anise, badian, coriander, cumin, caraway, fennel and juniper berries, raw",130.0,0.0,0.0
Dominican Republic,1995,"Anise, badian, coriander, cumin, caraway, fennel and juniper berries, raw",120.0,0.0,0.0
Dominican Republic,1996,"Anise, badian, coriander, cumin, caraway, fennel and juniper berries, raw",60.0,0.0,0.0
Dominican Republic,1997,"Anise, badian, coriander, cumin, caraway, fennel and juniper berries, raw",90.0,0.0,0.0
Dominican Republic,1998,"Anise, badian, coriander, cumin, caraway, fennel and juniper berries, raw",50.0,0.0,0.0
Dominican Republic,1999,"Anise, badian, coriander, cumin, caraway, fennel and juniper berries, raw",40.0,0.0,0.0
Dominican Republic,2000,"Anise, badian, coriander, cumin, caraway, fennel and juniper berries, raw",40.0,0.0,0.0
Dominican Republic,2001,"Anise, badian, coriander, cumin, caraway, fennel and juniper berries, raw",40.0,0.0,0.0
Dominican Republic,2002,"Anise, badian, coriander, cumin, caraway, fennel and juniper berries, raw",148.0,0.0,0.0
Dominican Republic,2003,"Anise, badian, coriander, cumin, caraway, fennel and juniper berries, raw",98.0,0.0,0.0
Dominican Republic,2004,"Anise, badian, coriander, cumin, caraway, fennel and juniper berries, raw",146.0,0.0,0.0
Dominican Republic,2005,"Anise, badian, coriander, cumin, caraway, fennel and juniper berries, raw",53.0,0.0,0.0
Dominican Republic,2006,"Anise, badian, coriander, cumin, caraway, fennel and juniper berries, raw",393.0,0.0,0.0
Dominican Republic,2007,"Anise, badian, coriander, cumin, caraway, fennel and juniper berries, raw",448.0,0.0,0.0
Dominican Republic,2008,"Anise, badian, coriander, cumin, caraway, fennel and juniper berries, raw",97.0,0.0,0.0
Dominican Republic,2009,"Anise, badian, coriander, cumin, caraway, fennel and juniper berries, raw",123.0,0.0,0.0
Dominican Republic,2010,"Anise, badian, coriander, cumin, caraway, fennel and juniper berries, raw",88.0,0.0,0.0
Dominican Republic,2011,"Anise, badian, coriander, cumin, caraway, fennel and juniper berries, raw",164.0,0.0,0.0
Dominican Republic,2012,"Anise, badian, coriander, cumin, caraway, fennel and juniper berries, raw",107.0,0.0,0.0
Dominican Republic,2013,"Anise, badian, coriander, cumin, caraway, fennel and juniper berries, raw",140.0,1.0,0.0
Dominican Republic,2014,"Anise, badian, coriander, cumin, caraway, fennel and juniper berries, raw",537.88,0.81,0.0
Dominican Republic,2015,"Anise, badian, coriander, cumin, caraway, fennel and juniper berries, raw",466.01,12.85,0.0
Dominican Republic,2016,"Anise, badian, coriander, cumin, caraway, fennel and juniper berries, raw",633.42,4.7,0.0
Dominican Republic,2017,"Anise, badian, coriander, cumin, caraway, fennel and juniper berries, raw",550.02,13.28,0.0
Dominican Republic,2019,"Anise, badian, coriander, cumin, caraway, fennel and juniper berries, raw",487.23,6.83,0.0
Dominican Republic,2021,"Anise, badian, coriander, cumin, caraway, fennel and juniper berries, raw",476.19,13.43,0.0
Dominican Republic,2022,"Anise, badian, coriander, cumin, caraway, fennel and juniper berries, raw",531.87,10.67,0.0
Ecuador,1993,"Anise, badian, coriander, cumin, caraway, fennel and juniper berries, raw",612.0,0.0,62.0
Ecuador,1994,"Anise, badian, coriander, cumin, caraway, fennel and juniper berries, raw",711.0,0.0,54.0
Ecuador,1995,"Anise, badian, coriander, cumin, caraway, fennel and juniper berries, raw",552.0,0.0,11.0
Ecuador,1996,"Anise, badian, coriander, cumin, caraway, fennel and juniper berries, raw",906.0,1.0,12.0
Ecuador,1997,"Anise, badian, coriander, cumin, caraway, fennel and juniper berries, raw",1042.0,0.0,10.0
Ecuador,1998,"Anise, badian, coriander, cumin, caraway, fennel and juniper berries, raw",1107.0,0.0,10.0
Ecuador,1999,"Anise, badian, coriander, cumin, caraway, fennel and juniper berries, raw",876.0,2.0,12.0
Ecuador,2000,"Anise, badian, coriander, cumin, caraway, fennel and juniper berries, raw",745.43,3.2,13.0
Ecuador,2001,"Anise, badian, coriander, cumin, caraway, fennel and juniper berries, raw",1074.0,0.0,12.0
Ecuador,2002,"Anise, badian, coriander, cumin, caraway, fennel and juniper berries, raw",1202.0,4.0,11.0
Ecuador,2003,"Anise, badian, coriander, cumin, caraway, fennel and juniper berries, raw",1179.0,2.0,11.0
Ecuador,2004,"Anise, badian, coriander, cumin, caraway, fennel and juniper berries, raw",1462.0,9.0,11.0
Ecuador,2005,"Anise, badian, coriander, cumin, caraway, fennel and juniper berries, raw",1457.0,14.0,13.0
Ecuador,2006,"Anise, badian, coriander, cumin, caraway, fennel and juniper berries, raw",1947.0,8.0,13.0
Ecuador,2007,"Anise, badian, coriander, cumin, caraway, fennel and juniper berries, raw",1807.0,146.0,13.0
Ecuador,2008,"Anise, badian, coriander, cumin, caraway, fennel and juniper berries, raw",1455.0,65.0,12.34
Ecuador,2010,"Anise, badian, coriander, cumin, caraway, fennel and juniper berries, raw",1557.0,51.0,11.79
Ecuador,2011,"Anise, badian, coriander, cumin, caraway, fennel and juniper berries, raw",1515.0,30.0,13.08
Ecuador,2012,"Anise, badian, coriander, cumin, caraway, fennel and juniper berries, raw",1277.0,4.0,13.22
Ecuador,2013,"Anise, badian, coriander, cumin, caraway, fennel and juniper berries, raw",1677.0,12.0,13.39
Ecuador,2014,"Anise, badian, coriander, cumin, caraway, fennel and juniper berries, raw",1487.52,7.93,9.79
Ecuador,2015,"Anise, badian, coriander, cumin, caraway, fennel and juniper berries, raw",1383.79,0.11,10.68
Ecuador,2016,"Anise, badian, coriander, cumin, caraway, fennel and juniper berries, raw",1584.88,8.25,11.29
Ecuador,2017,"Anise, badian, coriander, cumin, caraway, fennel and juniper berries, raw",1684.07,6.2,10.59
Ecuador,2018,"Anise, badian, coriander, cumin, caraway, fennel and juniper berries, raw",1854.77,11.1,10.86
Ecuador,2019,"Anise, badian, coriander, cumin, caraway, fennel and juniper berries, raw",1711.71,5.0,10.91
Ecuador,2020,"Anise, badian, coriander, cumin, caraway, fennel and juniper berries, raw",1948.7,26.78,10.79
Ecuador,2021,"Anise, badian, coriander, cumin, caraway, fennel and juniper berries, raw",1816.97,18.19,10.7
Ecuador,2022,"Anise, badian, coriander, cumin, caraway, fennel and juniper berries, raw",1723.21,4.08,10.78
Ecuador,2023,"Anise, badian, coriander, cumin, caraway, fennel and juniper berries, raw",1463.45,68.28,10.85
Egypt,1994,"Anise, badian, coriander, cumin, caraway, fennel and juniper berries, raw",1597.0,11814.0,20000.0
Egypt,1995,"Anise, badian, coriander, cumin, caraway, fennel and juniper berries, raw",199.0,10062.0,20000.0
Egypt,1996,"Anise, badian, coriander, cumin, caraway, fennel and juniper berries, raw",543.0,12304.0,20500.0
Egypt,1997,"Anise, badian, coriander, cumin, caraway, fennel and juniper berries, raw",1553.0,7147.0,21000.0
Egypt,1999,"Anise, badian, coriander, cumin, caraway, fennel and juniper berries, raw",485.0,6698.0,22000.0
Egypt,2001,"Anise, badian, coriander, cumin, caraway, fennel and juniper berries, raw",567.0,7951.0,22000.0
Egypt,2002,"Anise, badian, coriander, cumin, caraway, fennel and juniper berries, raw",2202.0,7719.0,22000.0
Egypt,2003,"Anise, badian, coriander, cumin, caraway, fennel and juniper berries, raw",2629.0,7015.0,22000.0
Egypt,2004,"Anise, badian, coriander, cumin, caraway, fennel and juniper berries, raw",1412.0,8886.0,22000.0
Egypt,2005,"Anise, badian, coriander, cumin, caraway, fennel and juniper berries, raw",3564.0,6977.0,22000.0
Egypt,2006,"Anise, badian, coriander, cumin, caraway, fennel and juniper berries, raw",5886.0,9937.0,22000.0
Egypt,2007,"Anise, badian, coriander, cumin, caraway, fennel and juniper berries, raw",4486.0,11012.0,22000.0
Egypt,2008,"Anise, badian, coriander, cumin, caraway, fennel and juniper berries, raw",10027.0,10459.0,22000.0
Egypt,2009,"Anise, badian, coriander, cumin, caraway, fennel and juniper berries, raw",7007.0,13510.0,23195.35
Egypt,2010,"Anise, badian, coriander, cumin, caraway, fennel and juniper berries, raw",4413.0,16181.0,24407.0
Egypt,2011,"Anise, badian, coriander, cumin, caraway, fennel and juniper berries, raw",13681.0,16718.0,25560.41
Egypt,2012,"Anise, badian, coriander, cumin, caraway, fennel and juniper berries, raw",15410.0,11448.0,28000.0
Egypt,2014,"Anise, badian, coriander, cumin, caraway, fennel and juniper berries, raw",11110.26,16305.44,27591.4
Egypt,2015,"Anise, badian, coriander, cumin, caraway, fennel and juniper berries, raw",29747.0,16258.37,28186.76
Egypt,2016,"Anise, badian, coriander, cumin, caraway, fennel and juniper berries, raw",49154.0,19761.59,28746.23
Egypt,2017,"Anise, badian, coriander, cumin, caraway, fennel and juniper berries, raw",42788.3,10728.63,29274.85
Egypt,2018,"Anise, badian, coriander, cumin, caraway, fennel and juniper berries, raw",55316.29,14746.46,29794.76
Egypt,2019,"Anise, badian, coriander, cumin, caraway, fennel and juniper berries, raw",20336.09,22240.21,30229.16
Egypt,2020,"Anise, badian, coriander, cumin, caraway, fennel and juniper berries, raw",19948.49,22908.24,30389.05
Egypt,2021,"Anise, badian, coriander, cumin, caraway, fennel and juniper berries, raw",17029.72,23074.5,30500.28
Egypt,2022,"Anise, badian, coriander, cumin, caraway, fennel and juniper berries, raw",6720.47,25696.54,30372.83
Egypt,2023,"Anise, badian, coriander, cumin, caraway, fennel and juniper berries, raw",13349.83,34506.14,30420.72
El Salvador,1993,"Anise, badian, coriander, cumin, caraway, fennel and juniper berries, raw",49.0,0.0,0.0
El Salvador,1994,"Anise, badian, coriander, cumin, caraway, fennel and juniper berries, raw",44.0,0.0,0.0
El Salvador,1995,"Anise, badian, coriander, cumin, caraway, fennel and juniper berries, raw",23.0,0.0,0.0
El Salvador,1996,"Anise, badian, coriander, cumin, caraway, fennel and juniper berries, raw",6.0,0.0,0.0
El Salvador,1997,"Anise, badian, coriander, cumin, caraway, fennel and juniper berries, raw",20.0,0.0,0.0
El Salvador,1998,"Anise, badian, coriander, cumin, caraway, fennel and juniper berries, raw",7.0,0.0,0.0
El Salvador,1999,"Anise, badian, coriander, cumin, caraway, fennel and juniper berries, raw",71.0,0.0,0.0
El Salvador,2000,"Anise, badian, coriander, cumin, caraway, fennel and juniper berries, raw",173.4,0.0,0.0
El Salvador,2002,"Anise, badian, coriander, cumin, caraway, fennel and juniper berries, raw",173.0,0.0,0.0
El Salvador,2003,"Anise, badian, coriander, cumin, caraway, fennel and juniper berries, raw",123.0,0.0,0.0
El Salvador,2004,"Anise, badian, coriander, cumin, caraway, fennel and juniper berries, raw",97.0,2.0,0.0
El Salvador,2005,"Anise, badian, coriander, cumin, caraway, fennel and juniper berries, raw",126.0,1.0,0.0
El Salvador,2006,"Anise, badian, coriander, cumin, caraway, fennel and juniper berries, raw",146.0,2.0,0.0
El Salvador,2007,"Anise, badian, coriander, cumin, caraway, fennel and juniper berries, raw",118.0,1.0,0.0
El Salvador,2008,"Anise, badian, coriander, cumin, caraway, fennel and juniper berries, raw",82.0,2.0,0.0
El Salvador,2009,"Anise, badian, coriander, cumin, caraway, fennel and juniper berries, raw",94.0,1.0,0.0
El Salvador,2011,"Anise, badian, coriander, cumin, caraway, fennel and juniper berries, raw",113.0,1.0,0.0
El Salvador,2012,"Anise, badian, coriander, cumin, caraway, fennel and juniper berries, raw",145.0,3.0,0.0
El Salvador,2013,"Anise, badian, coriander, cumin, caraway, fennel and juniper berries, raw",140.0,0.0,0.0
El Salvador,2014,"Anise, badian, coriander, cumin, caraway, fennel and juniper berries, raw",119.35,3.49,0.0
El Salvador,2015,"Anise, badian, coriander, cumin, caraway, fennel and juniper berries, raw",153.34,6.58,0.0
El Salvador,2016,"Anise, badian, coriander, cumin, caraway, fennel and juniper berries, raw",143.85,19.1,0.0
El Salvador,2017,"Anise, badian, coriander, cumin, caraway, fennel and juniper berries, raw",178.46,6.73,0.0
El Salvador,2018,"Anise, badian, coriander, cumin, caraway, fennel and juniper berries, raw",165.11,5.78,0.0
El Salvador,2020,"Anise, badian, coriander, cumin, caraway, fennel and juniper berries, raw",195.9,17.28,0.0
El Salvador,2021,"Anise, badian, coriander, cumin, caraway, fennel and juniper berries, raw",180.01,2.14,0.0
El Salvador,2022,"Anise, badian, coriander, cumin, caraway, fennel and juniper berries, raw",185.24,2.4,0.0
El Salvador,2023,"Anise, badian, coriander, cumin, caraway, fennel and juniper berries, raw",151.18,21.99,0.0
Equatorial Guinea,2015,"Anise, badian, coriander, cumin, caraway, fennel and juniper berries, raw",0.16,0.0,0.0
Equatorial Guinea,2016,"Anise, badian, coriander, cumin, caraway, fennel and juniper berries, raw",0.03,0.0,0.0
Equatorial Guinea,2017,"Anise, badian, coriander, cumin, caraway, fennel and juniper berries, raw",0.32,0.0,0.0
Equatorial Guinea,2018,"Anise, badian, coriander, cumin, caraway, fennel and juniper berries, raw",0.18,0.0,0.0
Equatorial Guinea,2019,"Anise, badian, coriander, cumin, caraway, fennel and juniper berries, raw",0.3,0.0,0.0
Equatorial Guinea,2020,"Anise, badian, coriander, cumin, caraway, fennel and juniper berries, raw",0.75,0.0,0.0
Equatorial Guinea,2021,"Anise, badian, coriander, cumin, caraway, fennel and juniper berries, raw",1.29,0.0,0.0
Equatorial Guinea,2023,"Anise, badian, coriander, cumin, caraway, fennel and juniper berries, raw",1.68,0.16,0.0
Eritrea,2014,"Anise, badian, coriander, cumin, caraway, fennel and juniper berries, raw",384.5,0.0,0.0
Eritrea,2015,"Anise, badian, coriander, cumin, caraway, fennel and juniper berries, raw",179.08,0.0,0.0
Eritrea,2016,"Anise, badian, coriander, cumin, caraway, fennel and juniper berries, raw",15.0,0.0,0.0
Eritrea,2017,"Anise, badian, coriander, cumin, caraway, fennel and juniper berries, raw",42.04,0.0,0.0
Eritrea,2018,"Anise, badian, coriander, cumin, caraway, fennel and juniper berries, raw",202.95,0.0,0.0
Eritrea,2019,"Anise, badian, coriander, cumin, caraway, fennel and juniper berries, raw",41.24,0.0,0.0
Eritrea,2020,"Anise, badian, coriander, cumin, caraway, fennel and juniper berries, raw",5.47,0.0,0.0
Eritrea,2021,"Anise, badian, coriander, cumin, caraway, fennel and juniper berries, raw",114.77,0.0,0.0
Eritrea,2022,"Anise, badian, coriander, cumin, caraway, fennel and juniper berries, raw",28.64,0.0,0.0
Eritrea,2023,"Anise, badian, coriander, cumin, caraway, fennel and juniper berries, raw",4.7,0.0,0.0
Estonia,1994,"Anise, badian, coriander, cumin, caraway, fennel and juniper berries, raw",29.0,19.0,0.0
Estonia,1995,"Anise, badian, coriander, cumin, caraway, fennel and juniper berries, raw",9.0,0.0,0.0
Estonia,1996,"Anise, badian, coriander, cumin, caraway, fennel and juniper berries, raw",1.0,0.0,0.0
Estonia,1997,"Anise, badian, coriander, cumin, caraway, fennel and juniper berries, raw",26.0,89.0,0.0
Estonia,1998,"Anise, badian, coriander, cumin, caraway, fennel and juniper berries, raw",14.0,69.0,0.0
Estonia,2000,"Anise, badian, coriander, cumin, caraway, fennel and juniper berries, raw",37.0,73.0,0.0
Estonia,2001,"Anise, badian, coriander, cumin, caraway, fennel and juniper berries, raw",84.0,30.0,0.0
Estonia,2002,"Anise, badian, coriander, cumin, caraway, fennel and juniper berries, raw",53.0,62.0,0.0
Estonia,2003,"Anise, badian, coriander, cumin, caraway, fennel and juniper berries, raw",116.0,22.0,0.0
Estonia,2004,"Anise, badian, coriander, cumin, caraway, fennel and juniper berries, raw",48.0,9.0,0.0
Estonia,2005,"Anise, badian, coriander, cumin, caraway, fennel and juniper berries, raw",100.0,73.0,0.0
Estonia,2006,"Anise, badian, coriander, cumin, caraway, fennel and juniper berries, raw",61.0,22.0,0.0
Estonia,2007,"Anise, badian, coriander, cumin, caraway, fennel and juniper berries, raw",80.0,23.0,0.0
Estonia,2008,"Anise, badian, coriander, cumin, caraway, fennel and juniper berries, raw",99.0,23.0,0.0
Estonia,2010,"Anise, badian, coriander, cumin, caraway, fennel and juniper berries, raw",99.0,61.0,0.0
Estonia,2011,"Anise, badian, coriander, cumin, caraway, fennel and juniper berries, raw",131.0,73.0,0.0
Estonia,2012,"Anise, badian, coriander, cumin, caraway, fennel and juniper berries, raw",196.0,49.0,0.0
Estonia,2013,"Anise, badian, coriander, cumin, caraway, fennel and juniper berries, raw",174.0,308.0,0.0
Estonia,2014,"Anise, badian, coriander, cumin, caraway, fennel and juniper berries, raw",228.53,261.47,0.0
Estonia,2015,"Anise, badian, coriander, cumin, caraway, fennel and juniper berries, raw",293.72,136.11,0.0
Estonia,2016,"Anise, badian, coriander, cumin, caraway, fennel and juniper berries, raw",235.04,210.42,0.0
Estonia,2017,"Anise, badian, coriander, cumin, caraway, fennel and juniper berries, raw",306.51,193.91,0.0
Estonia,2018,"Anise, badian, coriander, cumin, caraway, fennel and juniper berries, raw",269.33,300.87,0.0
Estonia,2020,"Anise, badian, coriander, cumin, caraway, fennel and juniper berries, raw",459.23,558.2,0.0
Estonia,2021,"Anise, badian, coriander, cumin, caraway, fennel and juniper berries, raw",341.29,390.54,0.0
Estonia,2022,"Anise, badian, coriander, cumin, caraway, fennel and juniper berries, raw",255.26,377.14,0.0
Estonia,2023,"Anise, badian, coriander, cumin, caraway, fennel and juniper berries, raw",192.29,323.68,0.0
Eswatini,1997,"Anise, badian, coriander, cumin, caraway, fennel and juniper berries, raw",0.0,0.0,0.0
Eswatini,1998,"Anise, badian, coriander, cumin, caraway, fennel and juniper berries, raw",2.0,3.0,0.0
Eswatini,1999,"Anise, badian, coriander, cumin, caraway, fennel and juniper berries, raw",2.0,1.0,0.0
Eswatini,2001,"Anise, badian, coriander, cumin, caraway, fennel and juniper berries, raw",41.0,4.0,0.0
Eswatini,2003,"Anise, badian, coriander, cumin, caraway, fennel and juniper berries, raw",18.0,0.0,0.0
Eswatini,2005,"Anise, badian, coriander, cumin, caraway, fennel and juniper berries, raw",37.0,0.0,0.0
Eswatini,2006,"Anise, badian, coriander, cumin, caraway, fennel and juniper berries, raw",21.0,0.0,0.0
Eswatini,2007,"Anise, badian, coriander, cumin, caraway, fennel and juniper berries, raw",5.0,0.0,0.0
Eswatini,2008,"Anise, badian, coriander, cumin, caraway, fennel and juniper berries, raw",5.0,0.0,0.0
Eswatini,2009,"Anise, badian, coriander, cumin, caraway, fennel and juniper berries, raw",5.0,0.0,0.0
Eswatini,2010,"Anise, badian, coriander, cumin, caraway, fennel and juniper berries, raw",0.0,0.0,0.0
Eswatini,2011,"Anise, badian, coriander, cumin, caraway, fennel and juniper berries, raw",0.0,0.0,0.0
Eswatini,2012,"Anise, badian, coriander, cumin, caraway, fennel and juniper berries, raw",0.0,0.0,0.0
Eswatini,2013,"Anise, badian, coriander, cumin, caraway, fennel and juniper berries, raw",0.0,0.0,0.0
Eswatini,2015,"Anise, badian, coriander, cumin, caraway, fennel and juniper berries, raw",0.38,0.0,0.0
Eswatini,2016,"Anise, badian, coriander, cumin, caraway, fennel and juniper berries, raw",3.21,0.0,0.0
Eswatini,2017,"Anise, badian, coriander, cumin, caraway, fennel and juniper berries, raw",0.63,0.0,0.0
Eswatini,2018,"Anise, badian, coriander, cumin, caraway, fennel and juniper berries, raw",0.5,0.0,0.0
Eswatini,2019,"Anise, badian, coriander, cumin, caraway, fennel and juniper berries, raw",0.52,0.0,0.0
Eswatini,2021,"Anise, badian, coriander, cumin, caraway, fennel and juniper berries, raw",0.58,0.0,0.0
Eswatini,2023,"Anise, badian, coriander, cumin, caraway, fennel and juniper berries, raw",1.59,0.0,0.0
Ethiopia,1995,"Anise, badian, coriander, cumin, caraway, fennel and juniper berries, raw",12.0,20.0,150.0
Ethiopia,1996,"Anise, badian, coriander, cumin, caraway, fennel and juniper berries, raw",12.0,20.0,200.0
Ethiopia,1997,"Anise, badian, coriander, cumin, caraway, fennel and juniper berries, raw",12.0,20.0,250.0
Ethiopia,1999,"Anise, badian, coriander, cumin, caraway, fennel and juniper berries, raw",38.0,298.0,400.0
Ethiopia,2000,"Anise, badian, coriander, cumin, caraway, fennel and juniper berries, raw",12.33,210.0,500.0
Ethiopia,2001,"Anise, badian, coriander, cumin, caraway, fennel and juniper berries, raw",0.0,108.0,600.0
Ethiopia,2002,"Anise, badian, coriander, cumin, caraway, fennel and juniper berries, raw",94.0,321.0,700.0
Ethiopia,2003,"Anise, badian, coriander, cumin, caraway, fennel and juniper berries, raw",66.0,714.0,800.0
Ethiopia,2004,"Anise, badian, coriander, cumin, caraway, fennel and juniper berries, raw",57.0,1049.0,900.0
Ethiopia,2005,"Anise, badian, coriander, cumin, caraway, fennel and juniper berries, raw",114.0,391.0,1000.0
Ethiopia,2006,"Anise, badian, coriander, cumin, caraway, fennel and juniper berries, raw",225.0,1035.0,1100.0
Ethiopia,2007,"Anise, badian, coriander, cumin, caraway, fennel and juniper berries, raw",158.0,2055.0,1200.0
Ethiopia,2008,"Anise, badian, coriander, cumin, caraway, fennel and juniper berries, raw",244.0,1500.0,1500.0
Ethiopia,2009,"Anise, badian, coriander, cumin, caraway, fennel and juniper berries, raw",144.0,1617.0,1850.0
Ethiopia,2010,"Anise, badian, coriander, cumin, caraway, fennel and juniper berries, raw",139.0,1009.0,2228.3
Ethiopia,2011,"Anise, badian, coriander, cumin, caraway, fennel and juniper berries, raw",210.0,2268.0,2599.26
Ethiopia,2012,"Anise, badian, coriander, cumin, caraway, fennel and juniper berries, raw",261.0,3056.0,2800.0
Ethiopia,2013,"Anise, badian, coriander, cumin, caraway, fennel and juniper berries, raw",308.0,4250.0,2800.0
Ethiopia,2014,"Anise, badian, coriander, cumin, caraway, fennel and juniper berries, raw",393.12,5769.34,5400.0
Ethiopia,2015,"Anise, badian, coriander, cumin, caraway, fennel and juniper berries, raw",220.77,4830.79,4700.0
Ethiopia,2016,"Anise, badian, coriander, cumin, caraway, fennel and juniper berries, raw",383.76,2035.28,4800.0
Ethiopia,2017,"Anise, badian, coriander, cumin, caraway, fennel and juniper berries, raw",429.37,1567.77,4966.67
Ethiopia,2018,"Anise, badian, coriander, cumin, caraway, fennel and juniper berries, raw",401.48,2526.33,4822.22
Ethiopia,2019,"Anise, badian, coriander, cumin, caraway, fennel and juniper berries, raw",420.27,1959.55,4862.96
Ethiopia,2020,"Anise, badian, coriander, cumin, caraway, fennel and juniper berries, raw",403.81,1459.26,4883.95
Ethiopia,2022,"Anise, badian, coriander, cumin, caraway, fennel and juniper berries, raw",351.27,1646.89,4867.76
Ethiopia,2023,"Anise, badian, coriander, cumin, caraway, fennel and juniper berries, raw",208.88,1541.8,4869.36
Faroe Islands,1995,"Anise, badian, coriander, cumin, caraway, fennel and juniper berries, raw",0.0,0.0,0.0
Faroe Islands,1996,"Anise, badian, coriander, cumin, caraway, fennel and juniper berries, raw",0.0,0.0,0.0
Faroe Islands,1997,"Anise, badian, coriander, cumin, caraway, fennel and juniper berries, raw",0.0,0.0,0.0
Faroe Islands,1998,"Anise, badian, coriander, cumin, caraway, fennel and juniper berries, raw",0.0,0.0,0.0
Faroe Islands,1999,"Anise, badian, coriander, cumin, caraway, fennel and juniper berries, raw",0.0,0.0,0.0
Faroe Islands,2000,"Anise, badian, coriander, cumin, caraway, fennel and juniper berries, raw",0.0,0.0,0.0
Faroe Islands,2002,"Anise, badian, coriander, cumin, caraway, fennel and juniper berries, raw",0.0,0.0,0.0
Faroe Islands,2003,"Anise, badian, coriander, cumin, caraway, fennel and juniper berries, raw",0.0,0.0,0.0
Faroe Islands,2004,"Anise, badian, coriander, cumin, caraway, fennel and juniper berries, raw",0.0,0.0,0.0
Faroe Islands,2005,"Anise, badian, coriander, cumin, caraway, fennel and juniper berries, raw",0.0,0.0,0.0
Faroe Islands,2006,"Anise, badian, coriander, cumin, caraway, fennel and juniper berries, raw",0.0,0.0,0.0
Faroe Islands,2007,"Anise, badian, coriander, cumin, caraway, fennel and juniper berries, raw",0.0,0.0,0.0
Faroe Islands,2008,"Anise, badian, coriander, cumin, caraway, fennel and juniper berries, raw",0.0,0.0,0.0
Faroe Islands,2009,"Anise, badian, coriander, cumin, caraway, fennel and juniper berries, raw",0.0,0.0,0.0
Faroe Islands,2010,"Anise, badian, coriander, cumin, caraway, fennel and juniper berries, raw",0.0,0.0,0.0
Faroe Islands,2011,"Anise, badian, coriander, cumin, caraway, fennel and juniper berries, raw",0.0,0.0,0.0
Faroe Islands,2012,"Anise, badian, coriander, cumin, caraway, fennel and juniper berries, raw",0.0,0.0,0.0
Faroe Islands,2013,"Anise, badian, coriander, cumin, caraway, fennel and juniper berries, raw",0.0,0.0,0.0
Faroe Islands,2014,"Anise, badian, coriander, cumin, caraway, fennel and juniper berries, raw",0.75,0.0,0.0
Faroe Islands,2015,"Anise, badian, coriander, cumin, caraway, fennel and juniper berries, raw",0.64,0.0,0.0
Faroe Islands,2016,"Anise, badian, coriander, cumin, caraway, fennel and juniper berries, raw",0.74,0.0,0.0
Faroe Islands,2017,"Anise, badian, coriander, cumin, caraway, fennel and juniper berries, raw",0.62,0.0,0.0
Faroe Islands,2018,"Anise, badian, coriander, cumin, caraway, fennel and juniper berries, raw",1.18,0.0,0.0
Faroe Islands,2019,"Anise, badian, coriander, cumin, caraway, fennel and juniper berries, raw",1.11,0.0,0.0
Faroe Islands,2020,"Anise, badian, coriander, cumin, caraway, fennel and juniper berries, raw",1.06,0.0,0.0
Faroe Islands,2022,"Anise, badian, coriander, cumin, caraway, fennel and juniper berries, raw",1.7,0.0,0.0
Fiji,1993,"Anise, badian, coriander, cumin, caraway, fennel and juniper berries, raw",531.0,0.0,0.0
Fiji,1994,"Anise, badian, coriander, cumin, caraway, fennel and juniper berries, raw",625.0,0.0,0.0
Fiji,1995,"Anise, badian, coriander, cumin, caraway, fennel and juniper berries, raw",625.0,0.0,0.0
Fiji,1996,"Anise, badian, coriander, cumin, caraway, fennel and juniper berries, raw",390.0,0.0,0.0
Fiji,1997,"Anise, badian, coriander, cumin, caraway, fennel and juniper berries, raw",330.0,0.0,0.0
Fiji,1998,"Anise, badian, coriander, cumin, caraway, fennel and juniper berries, raw",490.0,0.0,0.0
Fiji,1999,"Anise, badian, coriander, cumin, caraway, fennel and juniper berries, raw",410.0,0.0,0.0
Fiji,2000,"Anise, badian, coriander, cumin, caraway, fennel and juniper berries, raw",468.0,1.0,0.0
Fiji,2001,"Anise, badian, coriander, cumin, caraway, fennel and juniper berries, raw",462.0,1.0,0.0
Fiji,2002,"Anise, badian, coriander, cumin, caraway, fennel and juniper berries, raw",572.0,0.0,0.0
Fiji,2003,"Anise, badian, coriander, cumin, caraway, fennel and juniper berries, raw",395.0,19.0,0.0
Fiji,2005,"Anise, badian, coriander, cumin, caraway, fennel and juniper berries, raw",478.0,0.0,0.0
Fiji,2006,"Anise, badian, coriander, cumin, caraway, fennel and juniper berries, raw",457.0,1.0,0.0
Fiji,2007,"Anise, badian, coriander, cumin, caraway, fennel and juniper berries, raw",360.0,0.0,0.0
Fiji,2008,"Anise, badian, coriander, cumin, caraway, fennel and juniper berries, raw",503.0,1.0,0.0
Fiji,2009,"Anise, badian, coriander, cumin, caraway, fennel and juniper berries, raw",308.0,0.0,0.0
Fiji,2010,"Anise, badian, coriander, cumin, caraway, fennel and juniper berries, raw",552.0,1.0,0.0
Fiji,2011,"Anise, badian, coriander, cumin, caraway, fennel and juniper berries, raw",333.0,1.0,0.0
Fiji,2012,"Anise, badian, coriander, cumin, caraway, fennel and juniper berries, raw",300.0,2.0,0.0
Fiji,2013,"Anise, badian, coriander, cumin, caraway, fennel and juniper berries, raw",365.0,1.0,0.0
Fiji,2014,"Anise, badian, coriander, cumin, caraway, fennel and juniper berries, raw",368.21,1.67,0.0
Fiji,2016,"Anise, badian, coriander, cumin, caraway, fennel and juniper berries, raw",514.34,5.09,0.0
Fiji,2017,"Anise, badian, coriander, cumin, caraway, fennel and juniper berries, raw",399.34,5.07,0.0
Fiji,2018,"Anise, badian, coriander, cumin, caraway, fennel and juniper berries, raw",506.06,5.67,0.0
Fiji,2019,"Anise, badian, coriander, cumin, caraway, fennel and juniper berries, raw",379.67,1.33,0.0
Fiji,2020,"Anise, badian, coriander, cumin, caraway, fennel and juniper berries, raw",440.74,6.31,0.0
Fiji,2021,"Anise, badian, coriander, cumin, caraway, fennel and juniper berries, raw",436.71,2.44,0.0
Fiji,2022,"Anise, badian, coriander, cumin, caraway, fennel and juniper berries, raw",485.51,2.58,0.0
Finland,1993,"Anise, badian, coriander, cumin, caraway, fennel and juniper berries, raw",96.0,326.0,0.0
Finland,1994,"Anise, badian, coriander, cumin, caraway, fennel and juniper berries, raw",128.0,299.0,0.0
Finland,1995,"Anise, badian, coriander, cumin, caraway, fennel and juniper berries, raw",117.0,274.0,0.0
Finland,1997,"Anise, badian, coriander, cumin, caraway, fennel and juniper berries, raw",197.0,331.0,0.0
Finland,1998,"Anise, badian, coriander, cumin, caraway, fennel and juniper berries, raw",197.0,459.0,0.0
Finland,1999,"Anise, badian, coriander, cumin, caraway, fennel and juniper berries, raw",93.0,368.0,0.0
Finland,2000,"Anise, badian, coriander, cumin, caraway, fennel and juniper berries, raw",125.0,424.0,0.0
Finland,2001,"Anise, badian, coriander, cumin, caraway, fennel and juniper berries, raw",108.0,598.0,0.0
Finland,2002,"Anise, badian, coriander, cumin, caraway, fennel and juniper berries, raw",148.0,914.0,0.0
Finland,2003,"Anise, badian, coriander, cumin, caraway, fennel and juniper berries, raw",96.0,1597.0,0.0
Finland,2004,"Anise, badian, coriander, cumin, caraway, fennel and juniper berries, raw",130.0,864.0,0.0
Finland,2005,"Anise, badian, coriander, cumin, caraway, fennel and juniper berries, raw",117.0,3.0,0.0
Finland,2006,"Anise, badian, coriander, cumin, caraway, fennel and juniper berries, raw",133.0,0.0,0.0
Finland,2007,"Anise, badian, coriander, cumin, caraway, fennel and juniper berries, raw",183.0,1.0,0.0
Finland,2008,"Anise, badian, coriander, cumin, caraway, fennel and juniper berries, raw",188.0,1.0,0.0
Finland,2009,"Anise, badian, coriander, cumin, caraway, fennel and juniper berries, raw",112.0,1.0,0.0
Finland,2010,"Anise, badian, coriander, cumin, caraway, fennel and juniper berries, raw",131.0,1.0,0.0
Finland,2011,"Anise, badian, coriander, cumin, caraway, fennel and juniper berries, raw",114.0,2.0,0.0
Finland,2012,"Anise, badian, coriander, cumin, caraway, fennel and juniper berries, raw",91.0,0.0,0.0
Finland,2013,"Anise, badian, coriander, cumin, caraway, fennel and juniper berries, raw",113.0,0.0,0.0
Finland,2014,"Anise, badian, coriander, cumin, caraway, fennel and juniper berries, raw",86.28,0.2,0.0
Finland,2015,"Anise, badian, coriander, cumin, caraway, fennel and juniper berries, raw",132.72,0.2,0.0
Finland,2017,"Anise, badian, coriander, cumin, caraway, fennel and juniper berries, raw",123.85,2.49,0.0
Finland,2018,"Anise, badian, coriander, cumin, caraway, fennel and juniper berries, raw",154.36,0.57,0.0
Finland,2019,"Anise, badian, coriander, cumin, caraway, fennel and juniper berries, raw",156.95,40.24,0.0
Finland,2020,"Anise, badian, coriander, cumin, caraway, fennel and juniper berries, raw",158.78,102.85,0.0
Finland,2021,"Anise, badian, coriander, cumin, caraway, fennel and juniper berries, raw",165.64,1.18,0.0
Finland,2022,"Anise, badian, coriander, cumin, caraway, fennel and juniper berries, raw",186.26,1154.87,0.0
Finland,2023,"Anise, badian, coriander, cumin, caraway, fennel and juniper berries, raw",197.68,1072.58,0.0
France,1993,"Anise, badian, coriander, cumin, caraway, fennel and juniper berries, raw",3066.0,1698.0,0.0
France,1994,"Anise, badian, coriander, cumin, caraway, fennel and juniper berries, raw",2415.0,512.0,0.0
France,1995,"Anise, badian, coriander, cumin, caraway, fennel and juniper berries, raw",2868.0,762.0,0.0
France,1996,"Anise, badian, coriander, cumin, caraway, fennel and juniper berries, raw",2550.0,486.0,0.0
France,1997,"Anise, badian, coriander, cumin, caraway, fennel and juniper berries, raw",2988.0,557.0,0.0
France,1999,"Anise, badian, coriander, cumin, caraway, fennel and juniper berries, raw",3029.0,492.0,0.0
France,2001,"Anise, badian, coriander, cumin, caraway, fennel and juniper berries, raw",2809.0,549.0,0.0
France,2002,"Anise, badian, coriander, cumin, caraway, fennel and juniper berries, raw",4017.0,551.0,0.0
France,2003,"Anise, badian, coriander, cumin, caraway, fennel and juniper berries, raw",3394.0,375.0,0.0
France,2004,"Anise, badian, coriander, cumin, caraway, fennel and juniper berries, raw",3853.0,251.0,0.0
France,2005,"Anise, badian, coriander, cumin, caraway, fennel and juniper berries, raw",3555.0,269.0,0.0
France,2006,"Anise, badian, coriander, cumin, caraway, fennel and juniper berries, raw",3350.0,240.0,0.0
France,2007,"Anise, badian, coriander, cumin, caraway, fennel and juniper berries, raw",3298.0,277.0,0.0
France,2008,"Anise, badian, coriander, cumin, caraway, fennel and juniper berries, raw",4190.0,405.0,0.0
France,2009,"Anise, badian, coriander, cumin, caraway, fennel and juniper berries, raw",3929.0,628.0,0.0
France,2010,"Anise, badian, coriander, cumin, caraway, fennel and juniper berries, raw",4118.0,705.0,0.0
France,2011,"Anise, badian, coriander, cumin, caraway, fennel and juniper berries, raw",3767.0,944.0,0.0
France,2012,"Anise, badian, coriander, cumin, caraway, fennel and juniper berries, raw",4015.0,1037.0,0.0
France,2013,"Anise, badian, coriander, cumin, caraway, fennel and juniper berries, raw",3746.0,929.0,0.0
France,2014,"Anise, badian, coriander, cumin, caraway, fennel and juniper berries, raw",3864.28,907.31,0.0
France,2015,"Anise, badian, coriander, cumin, caraway, fennel and juniper berries, raw",3946.62,758.18,0.0
France,2016,"Anise, badian, coriander, cumin, caraway, fennel and juniper berries, raw",4352.8,932.19,0.0
France,2017,"Anise, badian, coriander, cumin, caraway, fennel and juniper berries, raw",4440.83,1068.86,0.0
France,2018,"Anise, badian, coriander, cumin, caraway, fennel and juniper berries, raw",4587.87,1339.05,0.0
France,2019,"Anise, badian, coriander, cumin, caraway, fennel and juniper berries, raw",4722.72,1300.17,0.0
France,2020,"Anise, badian, coriander, cumin, caraway, fennel and juniper berries, raw",5420.19,2070.26,0.0
France,2021,"Anise, badian, coriander, cumin, caraway, fennel and juniper berries, raw",5550.93,2178.14,0.0
France,2022,"Anise, badian, coriander, cumin, caraway, fennel and juniper berries, raw",5093.24,2028.9,0.0
French Polynesia,1993,"Anise, badian, coriander, cumin, caraway, fennel and juniper berries, raw",2.0,0.0,0.0
French Polynesia,1994,"Anise, badian, coriander, cumin, caraway, fennel and juniper berries, raw",2.0,0.0,0.0
French Polynesia,1995,"Anise, badian, coriander, cumin, caraway, fennel and juniper berries, raw",1.0,0.0,0.0
French Polynesia,1996,"Anise, badian, coriander, cumin, caraway, fennel and juniper berries, raw",1.0,0.0,0.0
French Polynesia,1997,"Anise, badian, coriander, cumin, caraway, fennel and juniper berries, raw",2.0,0.0,0.0
French Polynesia,1998,"Anise, badian, coriander, cumin, caraway, fennel and juniper berries, raw",2.0,0.0,0.0
French Polynesia,1999,"Anise, badian, coriander, cumin, caraway, fennel and juniper berries, raw",2.0,0.0,0.0
French Polynesia,2000,"Anise, badian, coriander, cumin, caraway, fennel and juniper berries, raw",2.0,0.0,0.0
French Polynesia,2001,"Anise, badian, coriander, cumin, caraway, fennel and juniper berries, raw",2.0,0.0,0.0
French Polynesia,2002,"Anise, badian, coriander, cumin, caraway, fennel and juniper berries, raw",2.0,0.0,0.0
French Polynesia,2003,"Anise, badian, coriander, cumin, caraway, fennel and juniper berries, raw",2.0,0.0,0.0
French Polynesia,2004,"Anise, badian, coriander, cumin, caraway, fennel and juniper berries, raw",2.0,0.0,0.0
French Polynesia,2005,"Anise, badian, coriander, cumin, caraway, fennel and juniper berries, raw",2.0,0.0,0.0
French Polynesia,2006,"Anise, badian, coriander, cumin, caraway, fennel and juniper berries, raw",3.0,0.0,0.0
French Polynesia,2007,"Anise, badian, coriander, cumin, caraway, fennel and juniper berries, raw",3.0,0.0,0.0
French Polynesia,2008,"Anise, badian, coriander, cumin, caraway, fennel and juniper berries, raw",2.0,0.0,0.0
French Polynesia,2009,"Anise, badian, coriander, cumin, caraway, fennel and juniper berries, raw",3.0,0.0,0.0
French Polynesia,2010,"Anise, badian, coriander, cumin, caraway, fennel and juniper berries, raw",2.0,0.0,0.0
French Polynesia,2011,"Anise, badian, coriander, cumin, caraway, fennel and juniper berries, raw",2.0,0.0,0.0
French Polynesia,2012,"Anise, badian, coriander, cumin, caraway, fennel and juniper berries, raw",2.0,0.0,0.0
French Polynesia,2013,"Anise, badian, coriander, cumin, caraway, fennel and juniper berries, raw",2.0,0.0,0.0
French Polynesia,2014,"Anise, badian, coriander, cumin, caraway, fennel and juniper berries, raw",2.06,0.0,0.0
French Polynesia,2015,"Anise, badian, coriander, cumin, caraway, fennel and juniper berries, raw",2.14,0.0,0.0
French Polynesia,2016,"Anise, badian, coriander, cumin, caraway, fennel and juniper berries, raw",2.36,0.0,0.0
French Polynesia,2017,"Anise, badian, coriander, cumin, caraway, fennel and juniper berries, raw",2.51,0.0,0.0
French Polynesia,2018,"Anise, badian, coriander, cumin, caraway, fennel and juniper berries, raw",2.65,0.0,0.0
French Polynesia,2019,"Anise, badian, coriander, cumin, caraway, fennel and juniper berries, raw",2.86,0.0,0.0
French Polynesia,2020,"Anise, badian, coriander, cumin, caraway, fennel and juniper berries, raw",2.55,0.0,0.0
French Polynesia,2021,"Anise, badian, coriander, cumin, caraway, fennel and juniper berries, raw",3.08,0.0,0.0
French Polynesia,2022,"Anise, badian, coriander, cumin, caraway, fennel and juniper berries, raw",2.45,0.0,0.0
Gabon,1993,"Anise, badian, coriander, cumin, caraway, fennel and juniper berries, raw",0.0,0.0,0.0
Gabon,1994,"Anise, badian, coriander, cumin, caraway, fennel and juniper berries, raw",1.0,0.0,0.0
Gabon,1995,"Anise, badian, coriander, cumin, caraway, fennel and juniper berries, raw",0.0,0.0,0.0
Gabon,1996,"Anise, badian, coriander, cumin, caraway, fennel and juniper berries, raw",1.0,0.0,0.0
Gabon,1997,"Anise, badian, coriander, cumin, caraway, fennel and juniper berries, raw",1.0,0.0,0.0
Gabon,1998,"Anise, badian, coriander, cumin, caraway, fennel and juniper berries, raw",2.0,0.0,0.0
Gabon,1999,"Anise, badian, coriander, cumin, caraway, fennel and juniper berries, raw",2.0,0.0,0.0
Gabon,2000,"Anise, badian, coriander, cumin, caraway, fennel and juniper berries, raw",1.0,0.0,0.0
Gabon,2001,"Anise, badian, coriander, cumin, caraway, fennel and juniper berries, raw",1.0,0.0,0.0
Gabon,2002,"Anise, badian, coriander, cumin, caraway, fennel and juniper berries, raw",0.0,0.0,0.0
Gabon,2003,"Anise, badian, coriander, cumin, caraway, fennel and juniper berries, raw",0.0,0.0,0.0
Gabon,2004,"Anise, badian, coriander, cumin, caraway, fennel and juniper berries, raw",2.0,0.0,0.0
Gabon,2005,"Anise, badian, coriander, cumin, caraway, fennel and juniper berries, raw",2.0,0.0,0.0
Gabon,2006,"Anise, badian, coriander, cumin, caraway, fennel and juniper berries, raw",2.0,0.0,0.0
Gabon,2007,"Anise, badian, coriander, cumin, caraway, fennel and juniper berries, raw",2.0,0.0,0.0
Gabon,2008,"Anise, badian, coriander, cumin, caraway, fennel and juniper berries, raw",2.0,0.0,0.0
Gabon,2009,"Anise, badian, coriander, cumin, caraway, fennel and juniper berries, raw",2.0,0.0,0.0
Gabon,2010,"Anise, badian, coriander, cumin, caraway, fennel and juniper berries, raw",0.0,0.0,0.0
Gabon,2011,"Anise, badian, coriander, cumin, caraway, fennel and juniper berries, raw",0.0,0.0,0.0
Gabon,2012,"Anise, badian, coriander, cumin, caraway, fennel and juniper berries, raw",0.0,0.0,0.0
Gabon,2013,"Anise, badian, coriander, cumin, caraway, fennel and juniper berries, raw",1.0,0.0,0.0
Gabon,2014,"Anise, badian, coriander, cumin, caraway, fennel and juniper berries, raw",0.47,0.0,0.0
Gabon,2016,"Anise, badian, coriander, cumin, caraway, fennel and juniper berries, raw",6.02,0.0,0.0
Gabon,2017,"Anise, badian, coriander, cumin, caraway, fennel and juniper berries, raw",8.33,0.0,0.0
Gabon,2018,"Anise, badian, coriander, cumin, caraway, fennel and juniper berries, raw",0.91,0.0,0.0
Gabon,2019,"Anise, badian, coriander, cumin, caraway, fennel and juniper berries, raw",4.24,0.0,0.0
Gabon,2020,"Anise, badian, coriander, cumin, caraway, fennel and juniper berries, raw",2.85,0.0,0.0
Gabon,2021,"Anise, badian, coriander, cumin, caraway, fennel and juniper berries, raw",5.1,0.0,0.0
Gabon,2023,"Anise, badian, coriander, cumin, caraway, fennel and juniper berries, raw",2.86,0.0,0.0
Gambia,2014,"Anise, badian, coriander, cumin, caraway, fennel and juniper berries, raw",0.05,0.0,0.0
Gambia,2015,"Anise, badian, coriander, cumin, caraway, fennel and juniper berries, raw",0.47,0.0,0.0
Gambia,2018,"Anise, badian, coriander, cumin, caraway, fennel and juniper berries, raw",0.39,0.0,0.0
Gambia,2021,"Anise, badian, coriander, cumin, caraway, fennel and juniper berries, raw",0.23,0.0,0.0
Gambia,2022,"Anise, badian, coriander, cumin, caraway, fennel and juniper berries, raw",1.11,0.0,0.0
Gambia,2023,"Anise, badian, coriander, cumin, caraway, fennel and juniper berries, raw",1.26,0.0,0.0
Georgia,1999,"Anise, badian, coriander, cumin, caraway, fennel and juniper berries, raw",18.0,0.0,28.0
Georgia,2001,"Anise, badian, coriander, cumin, caraway, fennel and juniper berries, raw",17.0,0.0,28.0
Georgia,2002,"Anise, badian, coriander, cumin, caraway, fennel and juniper berries, raw",83.0,1.0,25.0
Georgia,2003,"Anise, badian, coriander, cumin, caraway, fennel and juniper berries, raw",21.0,0.0,30.0
Georgia,2004,"Anise, badian, coriander, cumin, caraway, fennel and juniper berries, raw",68.0,0.0,0.0
Georgia,2005,"Anise, badian, coriander, cumin, caraway, fennel and juniper berries, raw",59.0,2.0,0.0
Georgia,2006,"Anise, badian, coriander, cumin, caraway, fennel and juniper berries, raw",245.0,1.0,30.0
Georgia,2007,"Anise, badian, coriander, cumin, caraway, fennel and juniper berries, raw",283.0,0.0,30.0
Georgia,2009,"Anise, badian, coriander, cumin, caraway, fennel and juniper berries, raw",364.0,3.0,30.0
Georgia,2010,"Anise, badian, coriander, cumin, caraway, fennel and juniper berries, raw",326.0,0.0,0.0
Georgia,2011,"Anise, badian, coriander, cumin, caraway, fennel and juniper berries, raw",505.0,2.0,0.0
Georgia,2012,"Anise, badian, coriander, cumin, caraway, fennel and juniper berries, raw",386.0,0.0,0.0
Georgia,2014,"Anise, badian, coriander, cumin, caraway, fennel and juniper berries, raw",517.53,0.02,0.0
Georgia,2015,"Anise, badian, coriander, cumin, caraway, fennel and juniper berries, raw",465.53,0.07,0.0
Georgia,2016,"Anise, badian, coriander, cumin, caraway, fennel and juniper berries, raw",398.86,0.23,0.0
Georgia,2017,"Anise, badian, coriander, cumin, caraway, fennel and juniper berries, raw",550.48,0.53,0.0
Georgia,2018,"Anise, badian, coriander, cumin, caraway, fennel and juniper berries, raw",704.13,2.16,0.0
Georgia,2019,"Anise, badian, coriander, cumin, caraway, fennel and juniper berries, raw",291.7,1.61,0.0
Georgia,2020,"Anise, badian, coriander, cumin, caraway, fennel and juniper berries, raw",486.61,5.53,0.0
Georgia,2021,"Anise, badian, coriander, cumin, caraway, fennel and juniper berries, raw",592.81,5.53,0.0
Georgia,2022,"Anise, badian, coriander, cumin, caraway, fennel and juniper berries, raw",612.6,2.12,0.0
Georgia,2023,"Anise, badian, coriander, cumin, caraway, fennel and juniper berries, raw",709.24,5.2,0.0
Germany,1993,"Anise, badian, coriander, cumin, caraway, fennel and juniper berries, raw",8882.0,1682.0,0.0
Germany,1994,"Anise, badian, coriander, cumin, caraway, fennel and juniper berries, raw",9539.0,1697.0,0.0
Germany,1995,"Anise, badian, coriander, cumin, caraway, fennel and juniper berries, raw",9992.0,1814.0,0.0
Germany,1996,"Anise, badian, coriander, cumin, caraway, fennel and juniper berries, raw",11608.0,2027.0,0.0
Germany,1998,"Anise, badian, coriander, cumin, caraway, fennel and juniper berries, raw",12917.0,2066.0,0.0
Germany,2000,"Anise, badian, coriander, cumin, caraway, fennel and juniper berries, raw",12068.0,2108.0,0.0
Germany,2001,"Anise, badian, coriander, cumin, caraway, fennel and juniper berries, raw",10198.0,2021.0,0.0
Germany,2002,"Anise, badian, coriander, cumin, caraway, fennel and juniper berries, raw",11892.0,2086.0,0.0
Germany,2003,"Anise, badian, coriander, cumin, caraway, fennel and juniper berries, raw",11670.0,2515.0,0.0
Germany,2004,"Anise, badian, coriander, cumin, caraway, fennel and juniper berries, raw",12409.0,2409.0,0.0
Germany,2005,"Anise, badian, coriander, cumin, caraway, fennel and juniper berries, raw",13166.0,2589.0,0.0
Germany,2006,"Anise, badian, coriander, cumin, caraway, fennel and juniper berries, raw",14061.0,2502.0,0.0
Germany,2007,"Anise, badian, coriander, cumin, caraway, fennel and juniper berries, raw",14347.0,3125.0,0.0
Germany,2008,"Anise, badian, coriander, cumin, caraway, fennel and juniper berries, raw",12438.0,2893.0,0.0
Germany,2009,"Anise, badian, coriander, cumin, caraway, fennel and juniper berries, raw",12811.0,2720.0,0.0
Germany,2010,"Anise, badian, coriander, cumin, caraway, fennel and juniper berries, raw",15175.0,3144.0,0.0
Germany,2011,"Anise, badian, coriander, cumin, caraway, fennel and juniper berries, raw",15467.0,3410.0,0.0
Germany,2012,"Anise, badian, coriander, cumin, caraway, fennel and juniper berries, raw",13678.0,3174.0,0.0
Germany,2013,"Anise, badian, coriander, cumin, caraway, fennel and juniper berries, raw",15095.0,3426.0,0.0
Germany,2014,"Anise, badian, coriander, cumin, caraway, fennel and juniper berries, raw",17472.0,3533.94,0.0
Germany,2015,"Anise, badian, coriander, cumin, caraway, fennel and juniper berries, raw",15582.36,4057.72,0.0
Germany,2016,"Anise, badian, coriander, cumin, caraway, fennel and juniper berries, raw",17050.54,4156.07,0.0
Germany,2017,"Anise, badian, coriander, cumin, caraway, fennel and juniper berries, raw",19074.17,4598.72,0.0
Germany,2018,"Anise, badian, coriander, cumin, caraway, fennel and juniper berries, raw",20387.65,4606.39,0.0
Germany,2019,"Anise, badian, coriander, cumin, caraway, fennel and juniper berries, raw",17818.04,4592.06,0.0
Germany,2020,"Anise, badian, coriander, cumin, caraway, fennel and juniper berries, raw",20878.63,5386.1,0.0
Germany,2021,"Anise, badian, coriander, cumin, caraway, fennel and juniper berries, raw",21434.87,5814.5,0.0
Germany,2022,"Anise, badian, coriander, cumin, caraway, fennel and juniper berries, raw",19092.44,5313.95,0.0
Germany,2023,"Anise, badian, coriander, cumin, caraway, fennel and juniper berries, raw",15158.73,5221.55,0.0
Ghana,1996,"Anise, badian, coriander, cumin, caraway, fennel and juniper berries, raw",1.0,0.0,0.0
Ghana,1999,"Anise, badian, coriander, cumin, caraway, fennel and juniper berries, raw",0.0,0.0,0.0
Ghana,2000,"Anise, badian, coriander, cumin, caraway, fennel and juniper berries, raw",1.18,0.0,0.0
Ghana,2001,"Anise, badian, coriander, cumin, caraway, fennel and juniper berries, raw",3.0,0.0,0.0
Ghana,2002,"Anise, badian, coriander, cumin, caraway, fennel and juniper berries, raw",6.0,0.0,0.0
Ghana,2003,"Anise, badian, coriander, cumin, caraway, fennel and juniper berries, raw",9.0,41.0,0.0
Ghana,2004,"Anise, badian, coriander, cumin, caraway, fennel and juniper berries, raw",2.0,0.0,0.0
Ghana,2005,"Anise, badian, coriander, cumin, caraway, fennel and juniper berries, raw",4.0,130.0,0.0
Ghana,2006,"Anise, badian, coriander, cumin, caraway, fennel and juniper berries, raw",12.0,0.0,0.0
Ghana,2007,"Anise, badian, coriander, cumin, caraway, fennel and juniper berries, raw",6.0,97.0,0.0
Ghana,2009,"Anise, badian, coriander, cumin, caraway, fennel and juniper berries, raw",21.0,78.0,0.0
Ghana,2010,"Anise, badian, coriander, cumin, caraway, fennel and juniper berries, raw",8.0,63.0,0.0
Ghana,2011,"Anise, badian, coriander, cumin, caraway, fennel and juniper berries, raw",17.0,63.0,0.0
Ghana,2012,"Anise, badian, coriander, cumin, caraway, fennel and juniper berries, raw",16.0,4.0,0.0
Ghana,2013,"Anise, badian, coriander, cumin, caraway, fennel and juniper berries, raw",13.0,0.0,0.0
Ghana,2015,"Anise, badian, coriander, cumin, caraway, fennel and juniper berries, raw",91.87,0.01,0.0
Ghana,2016,"Anise, badian, coriander, cumin, caraway, fennel and juniper berries, raw",38.31,0.67,0.0
Ghana,2017,"Anise, badian, coriander, cumin, caraway, fennel and juniper berries, raw",80.1,1.16,0.0
Ghana,2018,"Anise, badian, coriander, cumin, caraway, fennel and juniper berries, raw",164.65,4.83,0.0
Ghana,2019,"Anise, badian, coriander, cumin, caraway, fennel and juniper berries, raw",128.76,9.51,0.0
Ghana,2020,"Anise, badian, coriander, cumin, caraway, fennel and juniper berries, raw",144.27,1.22,0.0
Ghana,2021,"Anise, badian, coriander, cumin, caraway, fennel and juniper berries, raw",228.43,7.98,0.0
Ghana,2022,"Anise, badian, coriander, cumin, caraway, fennel and juniper berries, raw",299.42,0.61,0.0
Ghana,2023,"Anise, badian, coriander, cumin, caraway, fennel and juniper berries, raw",218.0,0.0,0.0
Greece,1993,"Anise, badian, coriander, cumin, caraway, fennel and juniper berries, raw",812.0,54.0,463.31
Greece,1994,"Anise, badian, coriander, cumin, caraway, fennel and juniper berries, raw",767.0,18.0,469.39
Greece,1996,"Anise, badian, coriander, cumin, caraway, fennel and juniper berries, raw",892.0,36.0,481.87
Greece,1998,"Anise, badian, coriander, cumin, caraway, fennel and juniper berries, raw",510.0,37.0,494.89
Greece,1999,"Anise, badian, coriander, cumin, caraway, fennel and juniper berries, raw",743.0,45.0,501.67
Greece,2000,"Anise, badian, coriander, cumin, caraway, fennel and juniper berries, raw",1054.0,19.0,508.64
Greece,2001,"Anise, badian, coriander, cumin, caraway, fennel and juniper berries, raw",944.0,8.0,515.84
Greece,2002,"Anise, badian, coriander, cumin, caraway, fennel and juniper berries, raw",1064.0,14.0,523.28
Greece,2003,"Anise, badian, coriander, cumin, caraway, fennel and juniper berries, raw",1069.0,24.0,530.98
Greece,2004,"Anise, badian, coriander, cumin, caraway, fennel and juniper berries, raw",934.0,40.0,538.97
Greece,2005,"Anise, badian, coriander, cumin, caraway, fennel and juniper berries, raw",793.0,12.0,547.27
Greece,2006,"Anise, badian, coriander, cumin, caraway, fennel and juniper berries, raw",737.0,15.0,500.0
Greece,2007,"Anise, badian, coriander, cumin, caraway, fennel and juniper berries, raw",704.0,74.0,581.47
Greece,2008,"Anise, badian, coriander, cumin, caraway, fennel and juniper berries, raw",663.0,72.0,607.34
Greece,2009,"Anise, badian, coriander, cumin, caraway, fennel and juniper berries, raw",572.0,63.0,633.45
Greece,2010,"Anise, badian, coriander, cumin, caraway, fennel and juniper berries, raw",453.0,4.0,659.75
Greece,2011,"Anise, badian, coriander, cumin, caraway, fennel and juniper berries, raw",457.0,5.0,686.18
Greece,2012,"Anise, badian, coriander, cumin, caraway, fennel and juniper berries, raw",373.0,3.0,800.0
Greece,2013,"Anise, badian, coriander, cumin, caraway, fennel and juniper berries, raw",394.0,13.0,680.78
Greece,2014,"Anise, badian, coriander, cumin, caraway, fennel and juniper berries, raw",382.68,14.34,732.61
Greece,2015,"Anise, badian, coriander, cumin, caraway, fennel and juniper berries, raw",355.92,19.57,752.01
Greece,2016,"Anise, badian, coriander, cumin, caraway, fennel and juniper berries, raw",386.4,4.5,785.98
Greece,2017,"Anise, badian, coriander, cumin, caraway, fennel and juniper berries, raw",557.35,7.93,805.87
Greece,2018,"Anise, badian, coriander, cumin, caraway, fennel and juniper berries, raw",647.51,7.56,0.0
Greece,2019,"Anise, badian, coriander, cumin, caraway, fennel and juniper berries, raw",470.55,10.38,0.0
Greece,2020,"Anise, badian, coriander, cumin, caraway, fennel and juniper berries, raw",543.68,14.79,0.0
Greece,2021,"Anise, badian, coriander, cumin, caraway, fennel and juniper berries, raw",536.7,28.7,0.0
Greece,2023,"Anise, badian, coriander, cumin, caraway, fennel and juniper berries, raw",469.48,18.31,0.0
Grenada,1999,"Anise, badian, coriander, cumin, caraway, fennel and juniper berries, raw",0.0,0.0,0.0
Grenada,2000,"Anise, badian, coriander, cumin, caraway, fennel and juniper berries, raw",0.0,0.0,0.0
Grenada,2001,"Anise, badian, coriander, cumin, caraway, fennel and juniper berries, raw",0.0,0.0,0.0
Grenada,2003,"Anise, badian, coriander, cumin, caraway, fennel and juniper berries, raw",8.0,0.0,0.0
Grenada,2004,"Anise, badian, coriander, cumin, caraway, fennel and juniper berries, raw",6.0,0.0,0.0
Grenada,2005,"Anise, badian, coriander, cumin, caraway, fennel and juniper berries, raw",1.0,0.0,0.0
Grenada,2006,"Anise, badian, coriander, cumin, caraway, fennel and juniper berries, raw",8.0,0.0,0.0
Grenada,2007,"Anise, badian, coriander, cumin, caraway, fennel and juniper berries, raw",9.0,0.0,0.0
Grenada,2008,"Anise, badian, coriander, cumin, caraway, fennel and juniper berries, raw",12.0,0.0,0.0
Grenada,2009,"Anise, badian, coriander, cumin, caraway, fennel and juniper berries, raw",1.0,0.0,0.0
Grenada,2010,"Anise, badian, coriander, cumin, caraway, fennel and juniper berries, raw",0.0,0.0,0.0
Grenada,2011,"Anise, badian, coriander, cumin, caraway, fennel and juniper berries, raw",7.0,0.0,0.0
Grenada,2012,"Anise, badian, coriander, cumin, caraway, fennel and juniper berries, raw",7.0,0.0,0.0
Grenada,2013,"Anise, badian, coriander, cumin, caraway, fennel and juniper berries, raw",7.0,0.0,0.0
Grenada,2014,"Anise, badian, coriander, cumin, caraway, fennel and juniper berries, raw",1.0,0.0,0.0
Grenada,2016,"Anise, badian, coriander, cumin, caraway, fennel and juniper berries, raw",10.99,0.0,0.0
Grenada,2017,"Anise, badian, coriander, cumin, caraway, fennel and juniper berries, raw",5.9,0.0,0.0
Grenada,2018,"Anise, badian, coriander, cumin, caraway, fennel and juniper berries, raw",9.69,0.0,0.0
Grenada,2019,"Anise, badian, coriander, cumin, caraway, fennel and juniper berries, raw",14.49,0.0,0.0
Grenada,2020,"Anise, badian, coriander, cumin, caraway, fennel and juniper berries, raw",7.37,0.0,0.0
Grenada,2021,"Anise, badian, coriander, cumin, caraway, fennel and juniper berries, raw",10.73,0.0,0.0
Grenada,2022,"Anise, badian, coriander, cumin, caraway, fennel and juniper berries, raw",8.3,0.0,0.0
Grenada,2023,"Anise, badian, coriander, cumin, caraway, fennel and juniper berries, raw",15.2,0.0,0.0
Guatemala,1993,"Anise, badian, coriander, cumin, caraway, fennel and juniper berries, raw",124.0,24.0,580.0
Guatemala,1995,"Anise, badian, coriander, cumin, caraway, fennel and juniper berries, raw",107.0,44.0,846.24
Guatemala,1996,"Anise, badian, coriander, cumin, caraway, fennel and juniper berries, raw",77.0,5.0,1175.65
Guatemala,1997,"Anise, badian, coriander, cumin, caraway, fennel and juniper berries, raw",154.0,5.0,1160.24
Guatemala,1998,"Anise, badian, coriander, cumin, caraway, fennel and juniper berries, raw",134.0,97.0,1265.79
Guatemala,1999,"Anise, badian, coriander, cumin, caraway, fennel and juniper berries, raw",151.8,399.38,1364.53
Guatemala,2000,"Anise, badian, coriander, cumin, caraway, fennel and juniper berries, raw",168.93,691.72,1456.36
Guatemala,2001,"Anise, badian, coriander, cumin, caraway, fennel and juniper berries, raw",205.0,216.0,1541.4
Guatemala,2002,"Anise, badian, coriander, cumin, caraway, fennel and juniper berries, raw",241.0,573.0,1620.0
Guatemala,2003,"Anise, badian, coriander, cumin, caraway, fennel and juniper berries, raw",202.0,49.0,1621.71
Guatemala,2004,"Anise, badian, coriander, cumin, caraway, fennel and juniper berries, raw",138.0,46.0,1678.34
Guatemala,2006,"Anise, badian, coriander, cumin, caraway, fennel and juniper berries, raw",287.0,97.0,1808.96
Guatemala,2007,"Anise, badian, coriander, cumin, caraway, fennel and juniper berries, raw",235.0,88.0,1852.75
Guatemala,2008,"Anise, badian, coriander, cumin, caraway, fennel and juniper berries, raw",146.0,28.0,1892.74
Guatemala,2009,"Anise, badian, coriander, cumin, caraway, fennel and juniper berries, raw",281.0,21.0,1931.21
Guatemala,2010,"Anise, badian, coriander, cumin, caraway, fennel and juniper berries, raw",385.0,45.0,1969.33
Guatemala,2012,"Anise, badian, coriander, cumin, caraway, fennel and juniper berries, raw",159.0,30.0,2100.0
Guatemala,2013,"Anise, badian, coriander, cumin, caraway, fennel and juniper berries, raw",200.0,32.0,2100.0
Guatemala,2014,"Anise, badian, coriander, cumin, caraway, fennel and juniper berries, raw",167.94,35.79,2000.0
Guatemala,2016,"Anise, badian, coriander, cumin, caraway, fennel and juniper berries, raw",209.19,40.02,2020.63
Guatemala,2018,"Anise, badian, coriander, cumin, caraway, fennel and juniper berries, raw",185.46,49.4,2069.18
Guatemala,2019,"Anise, badian, coriander, cumin, caraway, fennel and juniper berries, raw",207.59,32.58,2092.69
Guatemala,2020,"Anise, badian, coriander, cumin, caraway, fennel and juniper berries, raw",224.52,47.73,2088.41
Guatemala,2022,"Anise, badian, coriander, cumin, caraway, fennel and juniper berries, raw",251.51,66.84,2102.71
Guatemala,2023,"Anise, badian, coriander, cumin, caraway, fennel and juniper berries, raw",221.36,83.86,2111.49
Guinea,2016,"Anise, badian, coriander, cumin, caraway, fennel and juniper berries, raw",3.85,0.0,0.0
Guinea,2017,"Anise, badian, coriander, cumin, caraway, fennel and juniper berries, raw",10.23,0.0,0.0
Guinea,2019,"Anise, badian, coriander, cumin, caraway, fennel and juniper berries, raw",3.26,0.0,0.0
Guinea,2020,"Anise, badian, coriander, cumin, caraway, fennel and juniper berries, raw",7.5,0.0,0.0
Guinea,2021,"Anise, badian, coriander, cumin, caraway, fennel and juniper berries, raw",0.84,0.0,0.0
Guinea,2022,"Anise, badian, coriander, cumin, caraway, fennel and juniper berries, raw",3.29,0.05,0.0
Guinea,2023,"Anise, badian, coriander, cumin, caraway, fennel and juniper berries, raw",5.08,0.02,0.0
Guinea-Bissau,2014,"Anise, badian, coriander, cumin, caraway, fennel and juniper berries, raw",0.02,0.0,0.0
Guinea-Bissau,2015,"Anise, badian, coriander, cumin, caraway, fennel and juniper berries, raw",0.02,0.0,0.0
Guinea-Bissau,2016,"Anise, badian, coriander, cumin, caraway, fennel and juniper berries, raw",0.02,0.0,0.0
Guinea-Bissau,2017,"Anise, badian, coriander, cumin, caraway, fennel and juniper berries, raw",0.08,0.0,0.0
Guinea-Bissau,2018,"Anise, badian, coriander, cumin, caraway, fennel and juniper berries, raw",0.14,0.0,0.0
Guinea-Bissau,2019,"Anise, badian, coriander, cumin, caraway, fennel and juniper berries, raw",0.19,0.0,0.0
Guinea-Bissau,2020,"Anise, badian, coriander, cumin, caraway, fennel and juniper berries, raw",0.12,0.0,0.0
Guinea-Bissau,2021,"Anise, badian, coriander, cumin, caraway, fennel and juniper berries, raw",0.28,0.0,0.0
Guinea-Bissau,2022,"Anise, badian, coriander, cumin, caraway, fennel and juniper berries, raw",0.2,0.0,0.0
Guinea-Bissau,2023,"Anise, badian, coriander, cumin, caraway, fennel and juniper berries, raw",0.11,0.0,0.0
Guyana,1997,"Anise, badian, coriander, cumin, caraway, fennel and juniper berries, raw",149.0,0.0,0.0
Guyana,1998,"Anise, badian, coriander, cumin, caraway, fennel and juniper berries, raw",215.0,0.0,0.0
Guyana,2000,"Anise, badian, coriander, cumin, caraway, fennel and juniper berries, raw",206.0,0.0,0.0
Guyana,2001,"Anise, badian, coriander, cumin, caraway, fennel and juniper berries, raw",196.0,0.0,0.0
Guyana,2002,"Anise, badian, coriander, cumin, caraway, fennel and juniper berries, raw",272.0,0.0,0.0
Guyana,2003,"Anise, badian, coriander, cumin, caraway, fennel and juniper berries, raw",60.0,1.0,0.0
Guyana,2004,"Anise, badian, coriander, cumin, caraway, fennel and juniper berries, raw",128.0,1.0,0.0
Guyana,2005,"Anise, badian, coriander, cumin, caraway, fennel and juniper berries, raw",335.0,0.0,0.0
Guyana,2006,"Anise, badian, coriander, cumin, caraway, fennel and juniper berries, raw",167.0,0.0,0.0
Guyana,2007,"Anise, badian, coriander, cumin, caraway, fennel and juniper berries, raw",263.0,0.0,0.0
Guyana,2008,"Anise, badian, coriander, cumin, caraway, fennel and juniper berries, raw",413.0,0.0,0.0
Guyana,2009,"Anise, badian, coriander, cumin, caraway, fennel and juniper berries, raw",413.0,0.0,0.0
Guyana,2011,"Anise, badian, coriander, cumin, caraway, fennel and juniper berries, raw",428.0,0.0,0.0
Guyana,2012,"Anise, badian, coriander, cumin, caraway, fennel and juniper berries, raw",512.0,0.0,0.0
Guyana,2013,"Anise, badian, coriander, cumin, caraway, fennel and juniper berries, raw",507.0,0.0,0.0
Guyana,2014,"Anise, badian, coriander, cumin, caraway, fennel and juniper berries, raw",541.12,40.56,0.0
Guyana,2015,"Anise, badian, coriander, cumin, caraway, fennel and juniper berries, raw",475.72,0.19,0.0
Guyana,2016,"Anise, badian, coriander, cumin, caraway, fennel and juniper berries, raw",610.71,43.42,0.0
Guyana,2017,"Anise, badian, coriander, cumin, caraway, fennel and juniper berries, raw",578.53,0.31,0.0
Guyana,2018,"Anise, badian, coriander, cumin, caraway, fennel and juniper berries, raw",557.45,61.99,0.0
Guyana,2019,"Anise, badian, coriander, cumin, caraway, fennel and juniper berries, raw",552.14,29.77,0.0
Guyana,2020,"Anise, badian, coriander, cumin, caraway, fennel and juniper berries, raw",466.89,1.6,0.0
Guyana,2021,"Anise, badian, coriander, cumin, caraway, fennel and juniper berries, raw",363.56,0.11,0.0
Guyana,2022,"Anise, badian, coriander, cumin, caraway, fennel and juniper berries, raw",218.39,0.24,0.0
Guyana,2023,"Anise, badian, coriander, cumin, caraway, fennel and juniper berries, raw",295.56,6.91,0.0
Haiti,1998,"Anise, badian, coriander, cumin, caraway, fennel and juniper berries, raw",40.0,0.0,0.0
Haiti,1999,"Anise, badian, coriander, cumin, caraway, fennel and juniper berries, raw",40.0,0.0,0.0
Haiti,2000,"Anise, badian, coriander, cumin, caraway, fennel and juniper berries, raw",20.0,0.0,0.0
Haiti,2001,"Anise, badian, coriander, cumin, caraway, fennel and juniper berries, raw",20.0,0.0,0.0
Haiti,2002,"Anise, badian, coriander, cumin, caraway, fennel and juniper berries, raw",32.0,0.0,0.0
Haiti,2003,"Anise, badian, coriander, cumin, caraway, fennel and juniper berries, raw",6.0,0.0,0.0
Haiti,2004,"Anise, badian, coriander, cumin, caraway, fennel and juniper berries, raw",3.0,0.0,0.0
Haiti,2005,"Anise, badian, coriander, cumin, caraway, fennel and juniper berries, raw",0.0,0.0,0.0
Haiti,2006,"Anise, badian, coriander, cumin, caraway, fennel and juniper berries, raw",7.0,0.0,0.0
Haiti,2007,"Anise, badian, coriander, cumin, caraway, fennel and juniper berries, raw",1.0,0.0,0.0
Haiti,2008,"Anise, badian, coriander, cumin, caraway, fennel and juniper berries, raw",1.0,0.0,0.0
Haiti,2009,"Anise, badian, coriander, cumin, caraway, fennel and juniper berries, raw",1.0,0.0,0.0
Haiti,2010,"Anise, badian, coriander, cumin, caraway, fennel and juniper berries, raw",1.0,0.0,0.0
Haiti,2011,"Anise, badian, coriander, cumin, caraway, fennel and juniper berries, raw",1.0,0.0,0.0
Haiti,2012,"Anise, badian, coriander, cumin, caraway, fennel and juniper berries, raw",1.0,0.0,0.0
Haiti,2013,"Anise, badian, coriander, cumin, caraway, fennel and juniper berries, raw",21.0,0.0,0.0
Haiti,2014,"Anise, badian, coriander, cumin, caraway, fennel and juniper berries, raw",23.19,0.0,0.0
Haiti,2015,"Anise, badian, coriander, cumin, caraway, fennel and juniper berries, raw",61.35,0.0,0.0
Haiti,2016,"Anise, badian, coriander, cumin, caraway, fennel and juniper berries, raw",57.46,0.0,0.0
Haiti,2018,"Anise, badian, coriander, cumin, caraway, fennel and juniper berries, raw",60.16,0.0,0.0
Haiti,2019,"Anise, badian, coriander, cumin, caraway, fennel and juniper berries, raw",25.57,1.01,0.0
Haiti,2020,"Anise, badian, coriander, cumin, caraway, fennel and juniper berries, raw",38.63,9.49,0.0
Haiti,2021,"Anise, badian, coriander, cumin, caraway, fennel and juniper berries, raw",14.25,9.24,0.0
Haiti,2023,"Anise, badian, coriander, cumin, caraway, fennel and juniper berries, raw",13.93,19.37,0.0
Honduras,1994,"Anise, badian, coriander, cumin, caraway, fennel and juniper berries, raw",118.0,0.0,0.0
Honduras,1995,"Anise, badian, coriander, cumin, caraway, fennel and juniper berries, raw",163.0,0.0,0.0
Honduras,1996,"Anise, badian, coriander, cumin, caraway, fennel and juniper berries, raw",132.0,0.0,0.0
Honduras,1997,"Anise, badian, coriander, cumin, caraway, fennel and juniper berries, raw",266.0,0.0,0.0
Honduras,1998,"Anise, badian, coriander, cumin, caraway, fennel and juniper berries, raw",243.0,0.0,0.0
Honduras,1999,"Anise, badian, coriander, cumin, caraway, fennel and juniper berries, raw",209.0,0.0,0.0
Honduras,2001,"Anise, badian, coriander, cumin, caraway, fennel and juniper berries, raw",518.0,2.0,0.0
Honduras,2002,"Anise, badian, coriander, cumin, caraway, fennel and juniper berries, raw",703.0,3.0,0.0
Honduras,2003,"Anise, badian, coriander, cumin, caraway, fennel and juniper berries, raw",548.0,2.0,0.0
Honduras,2004,"Anise, badian, coriander, cumin, caraway, fennel and juniper berries, raw",532.0,5.0,0.0
Honduras,2005,"Anise, badian, coriander, cumin, caraway, fennel and juniper berries, raw",609.0,3.0,0.0
Honduras,2006,"Anise, badian, coriander, cumin, caraway, fennel and juniper berries, raw",700.0,28.0,0.0
Honduras,2009,"Anise, badian, coriander, cumin, caraway, fennel and juniper berries, raw",637.0,15.0,0.0
Honduras,2010,"Anise, badian, coriander, cumin, caraway, fennel and juniper berries, raw",574.0,4.0,0.0
Honduras,2011,"Anise, badian, coriander, cumin, caraway, fennel and juniper berries, raw",656.0,15.0,0.0
Honduras,2012,"Anise, badian, coriander, cumin, caraway, fennel and juniper berries, raw",538.0,24.0,0.0
Honduras,2014,"Anise, badian, coriander, cumin, caraway, fennel and juniper berries, raw",519.66,20.13,0.0
Honduras,2015,"Anise, badian, coriander, cumin, caraway, fennel and juniper berries, raw",511.15,37.38,0.0
Honduras,2016,"Anise, badian, coriander, cumin, caraway, fennel and juniper berries, raw",699.02,46.34,0.0
Honduras,2017,"Anise, badian, coriander, cumin, caraway, fennel and juniper berries, raw",576.99,35.72,0.0
Honduras,2018,"Anise, badian, coriander, cumin, caraway, fennel and juniper berries, raw",621.32,29.07,0.0
Honduras,2019,"Anise, badian, coriander, cumin, caraway, fennel and juniper berries, raw",720.67,21.69,0.0
Honduras,2020,"Anise, badian, coriander, cumin, caraway, fennel and juniper berries, raw",827.23,37.73,0.0
Honduras,2021,"Anise, badian, coriander, cumin, caraway, fennel and juniper berries, raw",851.1,37.83,0.0
Honduras,2022,"Anise, badian, coriander, cumin, caraway, fennel and juniper berries, raw",695.44,7.26,0.0
Honduras,2023,"Anise, badian, coriander, cumin, caraway, fennel and juniper berries, raw",964.76,18.68,0.0
Hungary,1993,"Anise, badian, coriander, cumin, caraway, fennel and juniper berries, raw",248.0,952.0,1755.68
Hungary,1994,"Anise, badian, coriander, cumin, caraway, fennel and juniper berries, raw",375.0,1842.0,2000.0
Hungary,1995,"Anise, badian, coriander, cumin, caraway, fennel and juniper berries, raw",425.0,2615.0,2500.0
Hungary,1996,"Anise, badian, coriander, cumin, caraway, fennel and juniper berries, raw",31.0,2838.0,3000.0
Hungary,1997,"Anise, badian, coriander, cumin, caraway, fennel and juniper berries, raw",73.0,1583.0,2774.82
Hungary,1998,"Anise, badian, coriander, cumin, caraway, fennel and juniper berries, raw",259.0,1429.0,2907.86
Hungary,1999,"Anise, badian, coriander, cumin, caraway, fennel and juniper berries, raw",99.0,1504.0,2608.36
Hungary,2000,"Anise, badian, coriander, cumin, caraway, fennel and juniper berries, raw",53.2,2267.2,2599.84
Hungary,2001,"Anise, badian, coriander, cumin, caraway, fennel and juniper berries, raw",145.0,888.0,2521.22
Hungary,2002,"Anise, badian, coriander, cumin, caraway, fennel and juniper berries, raw",209.0,1054.0,2530.52
Hungary,2003,"Anise, badian, coriander, cumin, caraway, fennel and juniper berries, raw",474.0,547.0,2500.0
Hungary,2004,"Anise, badian, coriander, cumin, caraway, fennel and juniper berries, raw",301.0,321.0,2604.87
Hungary,2005,"Anise, badian, coriander, cumin, caraway, fennel and juniper berries, raw",433.0,483.0,2600.0
Hungary,2006,"Anise, badian, coriander, cumin, caraway, fennel and juniper berries, raw",401.0,658.0,2700.0
Hungary,2007,"Anise, badian, coriander, cumin, caraway, fennel and juniper berries, raw",310.0,609.0,2750.0
Hungary,2008,"Anise, badian, coriander, cumin, caraway, fennel and juniper berries, raw",382.0,469.0,2940.12
Hungary,2009,"Anise, badian, coriander, cumin, caraway, fennel and juniper berries, raw",343.0,368.0,3124.24
Hungary,2010,"Anise, badian, coriander, cumin, caraway, fennel and juniper berries, raw",353.0,383.0,3271.73
Hungary,2011,"Anise, badian, coriander, cumin, caraway, fennel and juniper berries, raw",321.0,460.0,3474.85
Hungary,2013,"Anise, badian, coriander, cumin, caraway, fennel and juniper berries, raw",384.0,486.0,3700.0
Hungary,2014,"Anise, badian, coriander, cumin, caraway, fennel and juniper berries, raw",532.44,347.31,3700.0
Hungary,2015,"Anise, badian, coriander, cumin, caraway, fennel and juniper berries, raw",755.95,473.48,3771.53
Hungary,2016,"Anise, badian, coriander, cumin, caraway, fennel and juniper berries, raw",772.3,296.12,3935.49
Hungary,2017,"Anise, badian, coriander, cumin, caraway, fennel and juniper berries, raw",526.45,436.59,4005.83
Hungary,2018,"Anise, badian, coriander, cumin, caraway, fennel and juniper berries, raw",552.89,286.36,0.0
Hungary,2020,"Anise, badian, coriander, cumin, caraway, fennel and juniper berries, raw",565.6,415.25,0.0
Hungary,2022,"Anise, badian, coriander, cumin, caraway, fennel and juniper berries, raw",580.26,264.08,0.0
Iceland,1993,"Anise, badian, coriander, cumin, caraway, fennel and juniper berries, raw",10.0,0.0,0.0
Iceland,1994,"Anise, badian, coriander, cumin, caraway, fennel and juniper berries, raw",12.0,0.0,0.0
Iceland,1995,"Anise, badian, coriander, cumin, caraway, fennel and juniper berries, raw",12.0,0.0,0.0
Iceland,1996,"Anise, badian, coriander, cumin, caraway, fennel and juniper berries, raw",11.0,0.0,0.0
Iceland,1997,"Anise, badian, coriander, cumin, caraway, fennel and juniper berries, raw",11.0,0.0,0.0
Iceland,1998,"Anise, badian, coriander, cumin, caraway, fennel and juniper berries, raw",13.0,0.0,0.0
Iceland,2000,"Anise, badian, coriander, cumin, caraway, fennel and juniper berries, raw",10.34,0.0,0.0
Iceland,2001,"Anise, badian, coriander, cumin, caraway, fennel and juniper berries, raw",12.0,0.0,0.0
Iceland,2002,"Anise, badian, coriander, cumin, caraway, fennel and juniper berries, raw",11.0,0.0,0.0
Iceland,2003,"Anise, badian, coriander, cumin, caraway, fennel and juniper berries, raw",11.0,0.0,0.0
Iceland,2004,"Anise, badian, coriander, cumin, caraway, fennel and juniper berries, raw",11.0,0.0,0.0
Iceland,2005,"Anise, badian, coriander, cumin, caraway, fennel and juniper berries, raw",11.0,0.0,0.0
Iceland,2006,"Anise, badian, coriander, cumin, caraway, fennel and juniper berries, raw",13.0,0.0,0.0
Iceland,2007,"Anise, badian, coriander, cumin, caraway, fennel and juniper berries, raw",14.0,0.0,0.0
Iceland,2008,"Anise, badian, coriander, cumin, caraway, fennel and juniper berries, raw",13.0,0.0,0.0
Iceland,2011,"Anise, badian, coriander, cumin, caraway, fennel and juniper berries, raw",15.0,8.0,0.0
Iceland,2012,"Anise, badian, coriander, cumin, caraway, fennel and juniper berries, raw",13.0,0.0,0.0
Iceland,2013,"Anise, badian, coriander, cumin, caraway, fennel and juniper berries, raw",14.0,0.0,0.0
Iceland,2014,"Anise, badian, coriander, cumin, caraway, fennel and juniper berries, raw",16.82,0.0,0.0
Iceland,2015,"Anise, badian, coriander, cumin, caraway, fennel and juniper berries, raw",18.06,0.0,0.0
Iceland,2017,"Anise, badian, coriander, cumin, caraway, fennel and juniper berries, raw",19.06,0.03,0.0
Iceland,2018,"Anise, badian, coriander, cumin, caraway, fennel and juniper berries, raw",15.97,0.0,0.0
Iceland,2019,"Anise, badian, coriander, cumin, caraway, fennel and juniper berries, raw",16.75,0.0,0.0
Iceland,2020,"Anise, badian, coriander, cumin, caraway, fennel and juniper berries, raw",15.44,0.0,0.0
Iceland,2021,"Anise, badian, coriander, cumin, caraway, fennel and juniper berries, raw",21.55,0.0,0.0
Iceland,2023,"Anise, badian, coriander, cumin, caraway, fennel and juniper berries, raw",15.42,0.0,0.0
India,1993,"Anise, badian, coriander, cumin, caraway, fennel and juniper berries, raw",1004.0,19589.0,179637.0
India,1994,"Anise, badian, coriander, cumin, caraway, fennel and juniper berries, raw",1507.0,18311.0,108812.0
India,1995,"Anise, badian, coriander, cumin, caraway, fennel and juniper berries, raw",1211.0,18049.0,110000.0
India,1996,"Anise, badian, coriander, cumin, caraway, fennel and juniper berries, raw",2982.0,23343.0,131516.35
India,1998,"Anise, badian, coriander, cumin, caraway, fennel and juniper berries, raw",3108.0,29948.0,161064.72
India,1999,"Anise, badian, coriander, cumin, caraway, fennel and juniper berries, raw",2527.76,22129.66,173087.53
India,2000,"Anise, badian, coriander, cumin, caraway, fennel and juniper berries, raw",3615.0,32244.0,166692.0
India,2001,"Anise, badian, coriander, cumin, caraway, fennel and juniper berries, raw",3703.0,30587.0,244943.0
India,2002,"Anise, badian, coriander, cumin, caraway, fennel and juniper berries, raw",6432.0,28714.0,162362.0
India,2003,"Anise, badian, coriander, cumin, caraway, fennel and juniper berries, raw",8004.0,30238.0,254737.0
India,2004,"Anise, badian, coriander, cumin, caraway, fennel and juniper berries, raw",6014.0,50028.0,227099.0
India,2005,"Anise, badian, coriander, cumin, caraway, fennel and juniper berries, raw",14264.0,47161.0,261170.0
India,2006,"Anise, badian, coriander, cumin, caraway, fennel and juniper berries, raw",9801.0,64646.0,268776.0
India,2007,"Anise, badian, coriander, cumin, caraway, fennel and juniper berries, raw",15163.0,87603.0,396517.0
India,2009,"Anise, badian, coriander, cumin, caraway, fennel and juniper berries, raw",16916.0,91571.0,392379.0
India,2010,"Anise, badian, coriander, cumin, caraway, fennel and juniper berries, raw",7995.0,91527.0,419600.0
India,2011,"Anise, badian, coriander, cumin, caraway, fennel and juniper berries, raw",12174.0,92303.0,537277.0
India,2012,"Anise, badian, coriander, cumin, caraway, fennel and juniper berries, raw",10273.0,154696.0,537330.0
India,2013,"Anise, badian, coriander, cumin, caraway, fennel and juniper berries, raw",12912.0,211646.0,546173.0
India,2014,"Anise, badian, coriander, cumin, caraway, fennel and juniper berries, raw",17289.15,217054.19,584000.0
India,2015,"Anise, badian, coriander, cumin, caraway, fennel and juniper berries, raw",25997.23,150774.99,546000.0
India,2016,"Anise, badian, coriander, cumin, caraway, fennel and juniper berries, raw",64724.41,187396.51,632000.0
India,2017,"Anise, badian, coriander, cumin, caraway, fennel and juniper berries, raw",41977.58,213222.4,1529000.0
India,2018,"Anise, badian, coriander, cumin, caraway, fennel and juniper berries, raw",35086.51,259351.56,1503000.0
India,2019,"Anise, badian, coriander, cumin, caraway, fennel and juniper berries, raw",24360.69,281758.49,1448000.0
India,2020,"Anise, badian, coriander, cumin, caraway, fennel and juniper berries, raw",30332.75,357481.65,1753000.0
India,2021,"Anise, badian, coriander, cumin, caraway, fennel and juniper berries, raw",31607.22,339949.34,1823000.0
India,2022,"Anise, badian, coriander, cumin, caraway, fennel and juniper berries, raw",55436.82,256113.61,1876972.48
India,2023,"Anise, badian, coriander, cumin, caraway, fennel and juniper berries, raw",70922.16,293735.03,1960504.49
Indonesia,1993,"Anise, badian, coriander, cumin, caraway, fennel and juniper berries, raw",11690.0,29.0,0.0
Indonesia,1994,"Anise, badian, coriander, cumin, caraway, fennel and juniper berries, raw",7160.0,56.0,0.0
Indonesia,1995,"Anise, badian, coriander, cumin, caraway, fennel and juniper berries, raw",7370.0,5.0,0.0
Indonesia,1996,"Anise, badian, coriander, cumin, caraway, fennel and juniper berries, raw",8721.0,29.0,0.0
Indonesia,1997,"Anise, badian, coriander, cumin, caraway, fennel and juniper berries, raw",10515.0,73.0,0.0
Indonesia,1998,"Anise, badian, coriander, cumin, caraway, fennel and juniper berries, raw",8238.0,166.0,0.0
Indonesia,2000,"Anise, badian, coriander, cumin, caraway, fennel and juniper berries, raw",10000.43,129.0,0.0
Indonesia,2002,"Anise, badian, coriander, cumin, caraway, fennel and juniper berries, raw",10685.0,238.0,0.0
Indonesia,2003,"Anise, badian, coriander, cumin, caraway, fennel and juniper berries, raw",7250.0,178.0,0.0
Indonesia,2004,"Anise, badian, coriander, cumin, caraway, fennel and juniper berries, raw",15900.0,43.0,0.0
Indonesia,2005,"Anise, badian, coriander, cumin, caraway, fennel and juniper berries, raw",6834.0,15.0,0.0
Indonesia,2006,"Anise, badian, coriander, cumin, caraway, fennel and juniper berries, raw",11721.0,101.0,0.0
Indonesia,2007,"Anise, badian, coriander, cumin, caraway, fennel and juniper berries, raw",13224.0,636.0,0.0
Indonesia,2008,"Anise, badian, coriander, cumin, caraway, fennel and juniper berries, raw",11645.0,391.0,0.0
Indonesia,2009,"Anise, badian, coriander, cumin, caraway, fennel and juniper berries, raw",17243.0,612.0,0.0
Indonesia,2010,"Anise, badian, coriander, cumin, caraway, fennel and juniper berries, raw",18148.0,399.0,0.0
Indonesia,2011,"Anise, badian, coriander, cumin, caraway, fennel and juniper berries, raw",22785.0,62.0,0.0
Indonesia,2012,"Anise, badian, coriander, cumin, caraway, fennel and juniper berries, raw",23132.0,55.0,0.0
Indonesia,2013,"Anise, badian, coriander, cumin, caraway, fennel and juniper berries, raw",26601.0,39.0,0.0
Indonesia,2014,"Anise, badian, coriander, cumin, caraway, fennel and juniper berries, raw",24773.87,139.88,0.0
Indonesia,2015,"Anise, badian, coriander, cumin, caraway, fennel and juniper berries, raw",20221.9,139.58,0.0
Indonesia,2016,"Anise, badian, coriander, cumin, caraway, fennel and juniper berries, raw",30347.71,124.78,0.0
Indonesia,2018,"Anise, badian, coriander, cumin, caraway, fennel and juniper berries, raw",21641.07,78.81,0.0
Indonesia,2019,"Anise, badian, coriander, cumin, caraway, fennel and juniper berries, raw",25302.46,163.61,0.0
Indonesia,2020,"Anise, badian, coriander, cumin, caraway, fennel and juniper berries, raw",27284.57,130.16,0.0
Indonesia,2021,"Anise, badian, coriander, cumin, caraway, fennel and juniper berries, raw",29101.39,90.0,0.0
Indonesia,2022,"Anise, badian, coriander, cumin, caraway, fennel and juniper berries, raw",27054.69,119.61,0.0
Iran (Islamic Republic of),1993,"Anise, badian, coriander, cumin, caraway, fennel and juniper berries, raw",0.0,17000.0,26578.3
Iran (Islamic Republic of),1995,"Anise, badian, coriander, cumin, caraway, fennel and juniper berries, raw",0.0,13500.0,9256.2
Iran (Islamic Republic of),1996,"Anise, badian, coriander, cumin, caraway, fennel and juniper berries, raw",0.0,18000.0,19774.0
Iran (Islamic Republic of),1997,"Anise, badian, coriander, cumin, caraway, fennel and juniper berries, raw",0.0,8163.0,30784.2
Iran (Islamic Republic of),1999,"Anise, badian, coriander, cumin, caraway, fennel and juniper berries, raw",0.0,11547.0,26233.8
Iran (Islamic Republic of),2000,"Anise, badian, coriander, cumin, caraway, fennel and juniper berries, raw",0.0,26831.37,28259.2
Iran (Islamic Republic of),2001,"Anise, badian, coriander, cumin, caraway, fennel and juniper berries, raw",0.0,20784.0,27534.7
Iran (Islamic Republic of),2002,"Anise, badian, coriander, cumin, caraway, fennel and juniper berries, raw",0.0,22334.0,30875.7
Iran (Islamic Republic of),2003,"Anise, badian, coriander, cumin, caraway, fennel and juniper berries, raw",0.0,28559.0,26198.7
Iran (Islamic Republic of),2005,"Anise, badian, coriander, cumin, caraway, fennel and juniper berries, raw",5.0,18760.0,29892.5
Iran (Islamic Republic of),2006,"Anise, badian, coriander, cumin, caraway, fennel and juniper berries, raw",0.0,19729.0,35752.18
Iran (Islamic Republic of),2007,"Anise, badian, coriander, cumin, caraway, fennel and juniper berries, raw",29.0,23487.0,41758.4
Iran (Islamic Republic of),2008,"Anise, badian, coriander, cumin, caraway, fennel and juniper berries, raw",10.0,9221.0,34864.8
Iran (Islamic Republic of),2009,"Anise, badian, coriander, cumin, caraway, fennel and juniper berries, raw",1779.0,6990.0,52733.2
Iran (Islamic Republic of),2010,"Anise, badian, coriander, cumin, caraway, fennel and juniper berries, raw",288.0,17195.0,66099.7
Iran (Islamic Republic of),2011,"Anise, badian, coriander, cumin, caraway, fennel and juniper berries, raw",150.0,13538.0,62292.6
Iran (Islamic Republic of),2012,"Anise, badian, coriander, cumin, caraway, fennel and juniper berries, raw",1769.0,9142.0,52865.5
Iran (Islamic Republic of),2013,"Anise, badian, coriander, cumin, caraway, fennel and juniper berries, raw",775.0,7308.0,40103.4
Iran (Islamic Republic of),2014,"Anise, badian, coriander, cumin, caraway, fennel and juniper berries, raw",4409.0,12741.27,66056.6
Iran (Islamic Republic of),2015,"Anise, badian, coriander, cumin, caraway, fennel and juniper berries, raw",3303.42,13444.94,63377.12
Iran (Islamic Republic of),2016,"Anise, badian, coriander, cumin, caraway, fennel and juniper berries, raw",181.0,15416.66,56512.37
Iran (Islamic Republic of),2017,"Anise, badian, coriander, cumin, caraway, fennel and juniper berries, raw",396.23,13329.53,61556.43
Iran (Islamic Republic of),2018,"Anise, badian, coriander, cumin, caraway, fennel and juniper berries, raw",227.94,15874.25,63093.65
Iran (Islamic Republic of),2020,"Anise, badian, coriander, cumin, caraway, fennel and juniper berries, raw",161.87,34182.86,61679.19
Iran (Islamic Republic of),2021,"Anise, badian, coriander, cumin, caraway, fennel and juniper berries, raw",481.24,30723.12,61720.11
Iran (Islamic Republic of),2022,"Anise, badian, coriander, cumin, caraway, fennel and juniper berries, raw",1660.18,22110.0,61262.26
Iran (Islamic Republic of),2023,"Anise, badian, coriander, cumin, caraway, fennel and juniper berries, raw",4382.36,18208.9,61553.85
Iraq,1993,"Anise, badian, coriander, cumin, caraway, fennel and juniper berries, raw",79.0,0.0,0.0
Iraq,1994,"Anise, badian, coriander, cumin, caraway, fennel and juniper berries, raw",79.0,0.0,0.0
Iraq,1995,"Anise, badian, coriander, cumin, caraway, fennel and juniper berries, raw",0.0,0.0,0.0
Iraq,1996,"Anise, badian, coriander, cumin, caraway, fennel and juniper berries, raw",0.0,0.0,0.0
Iraq,1997,"Anise, badian, coriander, cumin, caraway, fennel and juniper berries, raw",0.0,0.0,0.0
Iraq,1998,"Anise, badian, coriander, cumin, caraway, fennel and juniper berries, raw",1.0,0.0,0.0
Iraq,1999,"Anise, badian, coriander, cumin, caraway, fennel and juniper berries, raw",0.0,0.0,0.0
Iraq,2000,"Anise, badian, coriander, cumin, caraway, fennel and juniper berries, raw",0.0,0.0,0.0
Iraq,2001,"Anise, badian, coriander, cumin, caraway, fennel and juniper berries, raw",50.0,0.0,0.0
Iraq,2002,"Anise, badian, coriander, cumin, caraway, fennel and juniper berries, raw",14.0,22.0,0.0
Iraq,2003,"Anise, badian, coriander, cumin, caraway, fennel and juniper berries, raw",52.0,22.0,0.0
Iraq,2005,"Anise, badian, coriander, cumin, caraway, fennel and juniper berries, raw",181.0,0.0,0.0
Iraq,2006,"Anise, badian, coriander, cumin, caraway, fennel and juniper berries, raw",122.0,0.0,0.0
Iraq,2007,"Anise, badian, coriander, cumin, caraway, fennel and juniper berries, raw",55.0,0.0,0.0
Iraq,2008,"Anise, badian, coriander, cumin, caraway, fennel and juniper berries, raw",760.0,0.0,0.0
Iraq,2009,"Anise, badian, coriander, cumin, caraway, fennel and juniper berries, raw",115.0,0.0,0.0
Iraq,2011,"Anise, badian, coriander, cumin, caraway, fennel and juniper berries, raw",125.0,0.0,0.0
Iraq,2012,"Anise, badian, coriander, cumin, caraway, fennel and juniper berries, raw",90.0,0.0,0.0
Iraq,2013,"Anise, badian, coriander, cumin, caraway, fennel and juniper berries, raw",72.0,0.0,0.0
Iraq,2014,"Anise, badian, coriander, cumin, caraway, fennel and juniper berries, raw",61.0,0.0,0.0
Iraq,2015,"Anise, badian, coriander, cumin, caraway, fennel and juniper berries, raw",198.55,0.0,0.0
Iraq,2016,"Anise, badian, coriander, cumin, caraway, fennel and juniper berries, raw",859.66,0.0,0.0
Iraq,2017,"Anise, badian, coriander, cumin, caraway, fennel and juniper berries, raw",1809.84,0.2,0.0
Iraq,2018,"Anise, badian, coriander, cumin, caraway, fennel and juniper berries, raw",871.94,0.25,0.0
Iraq,2019,"Anise, badian, coriander, cumin, caraway, fennel and juniper berries, raw",1514.9,0.08,0.0
Iraq,2020,"Anise, badian, coriander, cumin, caraway, fennel and juniper berries, raw",2037.56,0.05,0.0
Iraq,2022,"Anise, badian, coriander, cumin, caraway, fennel and juniper berries, raw",1664.04,0.0,0.0
Ireland,1993,"Anise, badian, coriander, cumin, caraway, fennel and juniper berries, raw",24.0,0.0,0.0
Ireland,1994,"Anise, badian, coriander, cumin, caraway, fennel and juniper berries, raw",33.0,0.0,0.0
Ireland,1996,"Anise, badian, coriander, cumin, caraway, fennel and juniper berries, raw",54.0,0.0,0.0
Ireland,1997,"Anise, badian, coriander, cumin, caraway, fennel and juniper berries, raw",66.0,0.0,0.0
Ireland,1998,"Anise, badian, coriander, cumin, caraway, fennel and juniper berries, raw",60.0,0.0,0.0
Ireland,1999,"Anise, badian, coriander, cumin, caraway, fennel and juniper berries, raw",87.0,0.0,0.0
Ireland,2000,"Anise, badian, coriander, cumin, caraway, fennel and juniper berries, raw",90.0,0.0,0.0
Ireland,2001,"Anise, badian, coriander, cumin, caraway, fennel and juniper berries, raw",53.0,16.0,0.0
Ireland,2003,"Anise, badian, coriander, cumin, caraway, fennel and juniper berries, raw",117.0,0.0,0.0
Ireland,2004,"Anise, badian, coriander, cumin, caraway, fennel and juniper berries, raw",110.0,1.0,0.0
Ireland,2005,"Anise, badian, coriander, cumin, caraway, fennel and juniper berries, raw",111.0,1.0,0.0
Ireland,2006,"Anise, badian, coriander, cumin, caraway, fennel and juniper berries, raw",127.0,3.0,0.0
Ireland,2007,"Anise, badian, coriander, cumin, caraway, fennel and juniper berries, raw",140.0,2.0,0.0
Ireland,2008,"Anise, badian, coriander, cumin, caraway, fennel and juniper berries, raw",161.0,8.0,0.0
Ireland,2009,"Anise, badian, coriander, cumin, caraway, fennel and juniper berries, raw",133.0,6.0,0.0
Ireland,2010,"Anise, badian, coriander, cumin, caraway, fennel and juniper berries, raw",118.0,7.0,0.0
Ireland,2011,"Anise, badian, coriander, cumin, caraway, fennel and juniper berries, raw",61.0,4.0,0.0
Ireland,2012,"Anise, badian, coriander, cumin, caraway, fennel and juniper berries, raw",95.0,2.0,0.0
Ireland,2013,"Anise, badian, coriander, cumin, caraway, fennel and juniper berries, raw",99.0,1.0,0.0
Ireland,2014,"Anise, badian, coriander, cumin, caraway, fennel and juniper berries, raw",121.36,0.0,0.0
Ireland,2015,"Anise, badian, coriander, cumin, caraway, fennel and juniper berries, raw",155.86,7.4,0.0
Ireland,2016,"Anise, badian, coriander, cumin, caraway, fennel and juniper berries, raw",165.19,8.25,0.0
Ireland,2017,"Anise, badian, coriander, cumin, caraway, fennel and juniper berries, raw",184.58,8.47,0.0
Ireland,2018,"Anise, badian, coriander, cumin, caraway, fennel and juniper berries, raw",202.86,7.59,0.0
Ireland,2019,"Anise, badian, coriander, cumin, caraway, fennel and juniper berries, raw",162.56,3.41,0.0
Ireland,2020,"Anise, badian, coriander, cumin, caraway, fennel and juniper berries, raw",155.55,2.41,0.0
Ireland,2021,"Anise, badian, coriander, cumin, caraway, fennel and juniper berries, raw",326.97,4.39,0.0
Ireland,2023,"Anise, badian, coriander, cumin, caraway, fennel and juniper berries, raw",398.52,5.14,0.0
Israel,1993,"Anise, badian, coriander, cumin, caraway, fennel and juniper berries, raw",550.0,35.0,0.0
Israel,1994,"Anise, badian, coriander, cumin, caraway, fennel and juniper berries, raw",580.0,50.0,0.0
Israel,1995,"Anise, badian, coriander, cumin, caraway, fennel and juniper berries, raw",450.0,300.0,0.0
Israel,1996,"Anise, badian, coriander, cumin, caraway, fennel and juniper berries, raw",700.0,280.0,0.0
Israel,1997,"Anise, badian, coriander, cumin, caraway, fennel and juniper berries, raw",650.0,280.0,0.0
Israel,1998,"Anise, badian, coriander, cumin, caraway, fennel and juniper berries, raw",500.0,0.0,0.0
Israel,1999,"Anise, badian, coriander, cumin, caraway, fennel and juniper berries, raw",320.0,0.0,0.0
Israel,2000,"Anise, badian, coriander, cumin, caraway, fennel and juniper berries, raw",346.81,0.0,0.0
Israel,2001,"Anise, badian, coriander, cumin, caraway, fennel and juniper berries, raw",622.0,0.0,0.0
Israel,2002,"Anise, badian, coriander, cumin, caraway, fennel and juniper berries, raw",573.0,0.0,0.0
Israel,2003,"Anise, badian, coriander, cumin, caraway, fennel and juniper berries, raw",401.0,0.0,0.0
Israel,2004,"Anise, badian, coriander, cumin, caraway, fennel and juniper berries, raw",389.0,0.0,0.0
Israel,2005,"Anise, badian, coriander, cumin, caraway, fennel and juniper berries, raw",579.0,0.0,0.0
Israel,2006,"Anise, badian, coriander, cumin, caraway, fennel and juniper berries, raw",549.0,0.0,0.0
Israel,2007,"Anise, badian, coriander, cumin, caraway, fennel and juniper berries, raw",988.0,0.0,0.0
Israel,2008,"Anise, badian, coriander, cumin, caraway, fennel and juniper berries, raw",1115.0,6.0,0.0
Israel,2009,"Anise, badian, coriander, cumin, caraway, fennel and juniper berries, raw",1189.0,2.0,0.0
Israel,2010,"Anise, badian, coriander, cumin, caraway, fennel and juniper berries, raw",588.0,5.0,0.0
Israel,2011,"Anise, badian, coriander, cumin, caraway, fennel and juniper berries, raw",1169.0,0.0,0.0
Israel,2012,"Anise, badian, coriander, cumin, caraway, fennel and juniper berries, raw",866.0,5.0,0.0
Israel,2013,"Anise, badian, coriander, cumin, caraway, fennel and juniper berries, raw",1373.0,11.0,0.0
Israel,2014,"Anise, badian, coriander, cumin, caraway, fennel and juniper berries, raw",1490.97,17.15,0.0
Israel,2015,"Anise, badian, coriander, cumin, caraway, fennel and juniper berries, raw",1345.0,23.26,0.0
Israel,2016,"Anise, badian, coriander, cumin, caraway, fennel and juniper berries, raw",1571.47,0.58,0.0
Israel,2017,"Anise, badian, coriander, cumin, caraway, fennel and juniper berries, raw",1302.43,11.87,0.0
Israel,2018,"Anise, badian, coriander, cumin, caraway, fennel and juniper berries, raw",1147.16,4.65,0.0
Israel,2019,"Anise, badian, coriander, cumin, caraway, fennel and juniper berries, raw",1090.24,5.25,0.0
Israel,2020,"Anise, badian, coriander, cumin, caraway, fennel and juniper berries, raw",1374.43,19.91,0.0
Israel,2021,"Anise, badian, coriander, cumin, caraway, fennel and juniper berries, raw",1092.92,16.91,0.0
Israel,2022,"Anise, badian, coriander, cumin, caraway, fennel and juniper berries, raw",1325.41,9.62,0.0
Israel,2023,"Anise, badian, coriander, cumin, caraway, fennel and juniper berries, raw",793.48,1.63,0.0
Italy,1993,"Anise, badian, coriander, cumin, caraway, fennel and juniper berries, raw",1394.0,243.0,0.0
Italy,1994,"Anise, badian, coriander, cumin, caraway, fennel and juniper berries, raw",1409.0,254.0,0.0
Italy,1995,"Anise, badian, coriander, cumin, caraway, fennel and juniper berries, raw",1341.0,189.0,0.0
Italy,1996,"Anise, badian, coriander, cumin, caraway, fennel and juniper berries, raw",1307.0,194.0,0.0
Italy,1997,"Anise, badian, coriander, cumin, caraway, fennel and juniper berries, raw",1452.0,213.0,0.0
Italy,1998,"Anise, badian, coriander, cumin, caraway, fennel and juniper berries, raw",1458.0,286.0,0.0
Italy,2000,"Anise, badian, coriander, cumin, caraway, fennel and juniper berries, raw",1444.0,262.0,0.0
Italy,2001,"Anise, badian, coriander, cumin, caraway, fennel and juniper berries, raw",1408.0,141.0,0.0
Italy,2002,"Anise, badian, coriander, cumin, caraway, fennel and juniper berries, raw",1510.0,247.0,0.0
Italy,2003,"Anise, badian, coriander, cumin, caraway, fennel and juniper berries, raw",1428.0,153.0,0.0
Italy,2004,"Anise, badian, coriander, cumin, caraway, fennel and juniper berries, raw",1555.0,173.0,0.0
Italy,2005,"Anise, badian, coriander, cumin, caraway, fennel and juniper berries, raw",1555.0,375.0,0.0
Italy,2007,"Anise, badian, coriander, cumin, caraway, fennel and juniper berries, raw",1501.0,2003.0,0.0
Italy,2008,"Anise, badian, coriander, cumin, caraway, fennel and juniper berries, raw",1619.0,3180.0,0.0
Italy,2009,"Anise, badian, coriander, cumin, caraway, fennel and juniper berries, raw",1382.0,4543.0,0.0
Italy,2010,"Anise, badian, coriander, cumin, caraway, fennel and juniper berries, raw",1809.0,5561.0,0.0
Italy,2011,"Anise, badian, coriander, cumin, caraway, fennel and juniper berries, raw",1961.0,5870.0,0.0
Italy,2012,"Anise, badian, coriander, cumin, caraway, fennel and juniper berries, raw",1792.0,5967.0,0.0
Italy,2013,"Anise, badian, coriander, cumin, caraway, fennel and juniper berries, raw",1621.0,6913.0,0.0
Italy,2014,"Anise, badian, coriander, cumin, caraway, fennel and juniper berries, raw",1806.97,9957.83,0.0
Italy,2015,"Anise, badian, coriander, cumin, caraway, fennel and juniper berries, raw",1959.85,13396.32,0.0
Italy,2016,"Anise, badian, coriander, cumin, caraway, fennel and juniper berries, raw",2433.82,14536.58,0.0
Italy,2017,"Anise, badian, coriander, cumin, caraway, fennel and juniper berries, raw",2203.24,13059.26,0.0
Italy,2018,"Anise, badian, coriander, cumin, caraway, fennel and juniper berries, raw",2123.23,15194.42,0.0
Italy,2019,"Anise, badian, coriander, cumin, caraway, fennel and juniper berries, raw",2214.02,15538.59,0.0
Italy,2020,"Anise, badian, coriander, cumin, caraway, fennel and juniper berries, raw",2444.88,16471.5,0.0
Italy,2021,"Anise, badian, coriander, cumin, caraway, fennel and juniper berries, raw",2730.5,18297.99,0.0
Italy,2022,"Anise, badian, coriander, cumin, caraway, fennel and juniper berries, raw",2746.91,17509.76,0.0
Jamaica,1993,"Anise, badian, coriander, cumin, caraway, fennel and juniper berries, raw",37.0,0.0,0.0
Jamaica,1994,"Anise, badian, coriander, cumin, caraway, fennel and juniper berries, raw",27.0,0.0,0.0
Jamaica,1995,"Anise, badian, coriander, cumin, caraway, fennel and juniper berries, raw",20.0,0.0,0.0
Jamaica,1996,"Anise, badian, coriander, cumin, caraway, fennel and juniper berries, raw",23.0,0.0,0.0
Jamaica,1997,"Anise, badian, coriander, cumin, caraway, fennel and juniper berries, raw",20.0,0.0,0.0
Jamaica,1998,"Anise, badian, coriander, cumin, caraway, fennel and juniper berries, raw",20.0,0.0,0.0
Jamaica,1999,"Anise, badian, coriander, cumin, caraway, fennel and juniper berries, raw",23.0,0.0,0.0
Jamaica,2000,"Anise, badian, coriander, cumin, caraway, fennel and juniper berries, raw",20.0,0.0,0.0
Jamaica,2001,"Anise, badian, coriander, cumin, caraway, fennel and juniper berries, raw",38.0,0.0,0.0
Jamaica,2003,"Anise, badian, coriander, cumin, caraway, fennel and juniper berries, raw",11.0,0.0,0.0
Jamaica,2004,"Anise, badian, coriander, cumin, caraway, fennel and juniper berries, raw",55.0,0.0,0.0
Jamaica,2005,"Anise, badian, coriander, cumin, caraway, fennel and juniper berries, raw",22.0,0.0,0.0
Jamaica,2006,"Anise, badian, coriander, cumin, caraway, fennel and juniper berries, raw",1.0,0.0,0.0
Jamaica,2007,"Anise, badian, coriander, cumin, caraway, fennel and juniper berries, raw",27.0,0.0,0.0
Jamaica,2008,"Anise, badian, coriander, cumin, caraway, fennel and juniper berries, raw",26.0,0.0,0.0
Jamaica,2009,"Anise, badian, coriander, cumin, caraway, fennel and juniper berries, raw",42.0,0.0,0.0
Jamaica,2010,"Anise, badian, coriander, cumin, caraway, fennel and juniper berries, raw",35.0,0.0,0.0
Jamaica,2011,"Anise, badian, coriander, cumin, caraway, fennel and juniper berries, raw",21.0,0.0,0.0
Jamaica,2012,"Anise, badian, coriander, cumin, caraway, fennel and juniper berries, raw",36.0,0.0,0.0
Jamaica,2013,"Anise, badian, coriander, cumin, caraway, fennel and juniper berries, raw",36.0,0.0,0.0
Jamaica,2014,"Anise, badian, coriander, cumin, caraway, fennel and juniper berries, raw",45.57,0.0,0.0
Jamaica,2015,"Anise, badian, coriander, cumin, caraway, fennel and juniper berries, raw",41.75,0.23,0.0
Jamaica,2016,"Anise, badian, coriander, cumin, caraway, fennel and juniper berries, raw",70.37,0.0,0.0
Jamaica,2018,"Anise, badian, coriander, cumin, caraway, fennel and juniper berries, raw",82.91,0.0,0.0
Jamaica,2019,"Anise, badian, coriander, cumin, caraway, fennel and juniper berries, raw",100.13,0.0,0.0
Jamaica,2020,"Anise, badian, coriander, cumin, caraway, fennel and juniper berries, raw",103.29,0.0,0.0
Jamaica,2021,"Anise, badian, coriander, cumin, caraway, fennel and juniper berries, raw",399.33,0.0,0.0
Jamaica,2022,"Anise, badian, coriander, cumin, caraway, fennel and juniper berries, raw",227.11,0.0,0.0
Jamaica,2023,"Anise, badian, coriander, cumin, caraway, fennel and juniper berries, raw",403.89,0.0,0.0
Japan,1993,"Anise, badian, coriander, cumin, caraway, fennel and juniper berries, raw",4692.0,0.0,0.0
Japan,1994,"Anise, badian, coriander, cumin, caraway, fennel and juniper berries, raw",5419.0,0.0,0.0
Japan,1995,"Anise, badian, coriander, cumin, caraway, fennel and juniper berries, raw",5695.0,0.0,0.0
Japan,1996,"Anise, badian, coriander, cumin, caraway, fennel and juniper berries, raw",5815.0,0.0,0.0
Japan,1997,"Anise, badian, coriander, cumin, caraway, fennel and juniper berries, raw",5985.0,0.0,0.0
Japan,1998,"Anise, badian, coriander, cumin, caraway, fennel and juniper berries, raw",6133.0,0.0,0.0
Japan,1999,"Anise, badian, coriander, cumin, caraway, fennel and juniper berries, raw",6005.0,0.0,0.0
Japan,2000,"Anise, badian, coriander, cumin, caraway, fennel and juniper berries, raw",6413.36,0.0,0.0
Japan,2001,"Anise, badian, coriander, cumin, caraway, fennel and juniper berries, raw",5684.0,0.0,0.0
Japan,2002,"Anise, badian, coriander, cumin, caraway, fennel and juniper berries, raw",5422.0,0.0,0.0
Japan,2003,"Anise, badian, coriander, cumin, caraway, fennel and juniper berries, raw",5495.0,15.0,0.0
Japan,2004,"Anise, badian, coriander, cumin, caraway, fennel and juniper berries, raw",5961.0,33.0,0.0
Japan,2005,"Anise, badian, coriander, cumin, caraway, fennel and juniper berries, raw",6296.0,15.0,0.0
Japan,2006,"Anise, badian, coriander, cumin, caraway, fennel and juniper berries, raw",6579.0,2.0,0.0
Japan,2007,"Anise, badian, coriander, cumin, caraway, fennel and juniper berries, raw",5603.0,0.0,0.0
Japan,2008,"Anise, badian, coriander, cumin, caraway, fennel and juniper berries, raw",6820.0,1.0,0.0
Japan,2010,"Anise, badian, coriander, cumin, caraway, fennel and juniper berries, raw",6911.0,4.0,0.0
Japan,2011,"Anise, badian, coriander, cumin, caraway, fennel and juniper berries, raw",6899.0,4.0,0.0
Japan,2012,"Anise, badian, coriander, cumin, caraway, fennel and juniper berries, raw",5674.0,5.0,0.0
Japan,2013,"Anise, badian, coriander, cumin, caraway, fennel and juniper berries, raw",5667.0,2.0,0.0
Japan,2014,"Anise, badian, coriander, cumin, caraway, fennel and juniper berries, raw",6464.78,0.0,0.0
Japan,2015,"Anise, badian, coriander, cumin, caraway, fennel and juniper berries, raw",6702.81,0.0,0.0
Japan,2016,"Anise, badian, coriander, cumin, caraway, fennel and juniper berries, raw",5903.39,0.0,0.0
Japan,2017,"Anise, badian, coriander, cumin, caraway, fennel and juniper berries, raw",7204.02,0.0,0.0
Japan,2018,"Anise, badian, coriander, cumin, caraway, fennel and juniper berries, raw",7402.2,0.88,0.0
Japan,2020,"Anise, badian, coriander, cumin, caraway, fennel and juniper berries, raw",7857.69,1.11,0.0
Japan,2021,"Anise, badian, coriander, cumin, caraway, fennel and juniper berries, raw",7768.12,1.35,0.0
Jordan,1993,"Anise, badian, coriander, cumin, caraway, fennel and juniper berries, raw",630.0,113.0,0.0
Jordan,1994,"Anise, badian, coriander, cumin, caraway, fennel and juniper berries, raw",965.0,136.0,0.0
Jordan,1995,"Anise, badian, coriander, cumin, caraway, fennel and juniper berries, raw",369.0,13.0,0.0
Jordan,1996,"Anise, badian, coriander, cumin, caraway, fennel and juniper berries, raw",113.0,16.0,0.0
Jordan,1997,"Anise, badian, coriander, cumin, caraway, fennel and juniper berries, raw",696.0,46.0,0.0
Jordan,1999,"Anise, badian, coriander, cumin, caraway, fennel and juniper berries, raw",789.0,1.0,0.0
Jordan,2000,"Anise, badian, coriander, cumin, caraway, fennel and juniper berries, raw",701.42,20.67,0.0
Jordan,2001,"Anise, badian, coriander, cumin, caraway, fennel and juniper berries, raw",614.0,30.0,0.0
Jordan,2002,"Anise, badian, coriander, cumin, caraway, fennel and juniper berries, raw",1259.0,0.0,0.0
Jordan,2003,"Anise, badian, coriander, cumin, caraway, fennel and juniper berries, raw",977.0,0.0,0.0
Jordan,2004,"Anise, badian, coriander, cumin, caraway, fennel and juniper berries, raw",1245.0,109.0,0.0
Jordan,2006,"Anise, badian, coriander, cumin, caraway, fennel and juniper berries, raw",1159.0,10.0,0.0
Jordan,2007,"Anise, badian, coriander, cumin, caraway, fennel and juniper berries, raw",1384.0,29.0,0.0
Jordan,2008,"Anise, badian, coriander, cumin, caraway, fennel and juniper berries, raw",1064.0,0.0,0.0
Jordan,2009,"Anise, badian, coriander, cumin, caraway, fennel and juniper berries, raw",1411.0,0.0,0.0
Jordan,2010,"Anise, badian, coriander, cumin, caraway, fennel and juniper berries, raw",1584.0,20.0,0.0
Jordan,2011,"Anise, badian, coriander, cumin, caraway, fennel and juniper berries, raw",1746.0,0.0,0.0
Jordan,2012,"Anise, badian, coriander, cumin, caraway, fennel and juniper berries, raw",1433.0,94.0,0.0
Jordan,2013,"Anise, badian, coriander, cumin, caraway, fennel and juniper berries, raw",1889.0,40.0,0.0
Jordan,2014,"Anise, badian, coriander, cumin, caraway, fennel and juniper berries, raw",1787.41,0.0,0.0
Jordan,2015,"Anise, badian, coriander, cumin, caraway, fennel and juniper berries, raw",2600.7,318.62,0.0
Jordan,2017,"Anise, badian, coriander, cumin, caraway, fennel and juniper berries, raw",2911.95,396.79,0.0
Jordan,2019,"Anise, badian, coriander, cumin, caraway, fennel and juniper berries, raw",2640.69,245.37,0.0
Jordan,2020,"Anise, badian, coriander, cumin, caraway, fennel and juniper berries, raw",3152.9,191.14,0.0
Jordan,2021,"Anise, badian, coriander, cumin, caraway, fennel and juniper berries, raw",2961.0,328.04,0.0
Jordan,2022,"Anise, badian, coriander, cumin, caraway, fennel and juniper berries, raw",1766.1,131.99,0.0
Jordan,2023,"Anise, badian, coriander, cumin, caraway, fennel and juniper berries, raw",2224.17,121.13,0.0
Kazakhstan,1996,"Anise, badian, coriander, cumin, caraway, fennel and juniper berries, raw",5.0,0.0,0.0
Kazakhstan,1997,"Anise, badian, coriander, cumin, caraway, fennel and juniper berries, raw",1.0,0.0,0.0
Kazakhstan,1998,"Anise, badian, coriander, cumin, caraway, fennel and juniper berries, raw",1.0,0.0,0.0
Kazakhstan,1999,"Anise, badian, coriander, cumin, caraway, fennel and juniper berries, raw",42.0,0.0,0.0
Kazakhstan,2000,"Anise, badian, coriander, cumin, caraway, fennel and juniper berries, raw",20.0,0.0,0.0
Kazakhstan,2003,"Anise, badian, coriander, cumin, caraway, fennel and juniper berries, raw",21.0,0.0,0.0
Kazakhstan,2004,"Anise, badian, coriander, cumin, caraway, fennel and juniper berries, raw",15.0,0.0,0.0
Kazakhstan,2005,"Anise, badian, coriander, cumin, caraway, fennel and juniper berries, raw",19.0,0.0,0.0
Kazakhstan,2006,"Anise, badian, coriander, cumin, caraway, fennel and juniper berries, raw",129.0,0.0,0.0
Kazakhstan,2007,"Anise, badian, coriander, cumin, caraway, fennel and juniper berries, raw",142.0,0.0,0.0
Kazakhstan,2008,"Anise, badian, coriander, cumin, caraway, fennel and juniper berries, raw",65.0,0.0,0.0
Kazakhstan,2009,"Anise, badian, coriander, cumin, caraway, fennel and juniper berries, raw",159.0,0.0,0.0
Kazakhstan,2010,"Anise, badian, coriander, cumin, caraway, fennel and juniper berries, raw",136.0,0.0,0.0
Kazakhstan,2012,"Anise, badian, coriander, cumin, caraway, fennel and juniper berries, raw",378.0,5.0,0.0
Kazakhstan,2013,"Anise, badian, coriander, cumin, caraway, fennel and juniper berries, raw",253.0,4.0,0.0
Kazakhstan,2014,"Anise, badian, coriander, cumin, caraway, fennel and juniper berries, raw",264.18,21.19,0.0
Kazakhstan,2015,"Anise, badian, coriander, cumin, caraway, fennel and juniper berries, raw",316.83,9.0,0.0
Kazakhstan,2016,"Anise, badian, coriander, cumin, caraway, fennel and juniper berries, raw",238.02,0.0,0.0
Kazakhstan,2017,"Anise, badian, coriander, cumin, caraway, fennel and juniper berries, raw",250.39,0.01,0.0
Kazakhstan,2019,"Anise, badian, coriander, cumin, caraway, fennel and juniper berries, raw",513.1,0.36,0.0
Kazakhstan,2020,"Anise, badian, coriander, cumin, caraway, fennel and juniper berries, raw",601.88,1.07,0.0
Kazakhstan,2021,"Anise, badian, coriander, cumin, caraway, fennel and juniper berries, raw",850.81,1.79,0.0
Kazakhstan,2022,"Anise, badian, coriander, cumin, caraway, fennel and juniper berries, raw",855.52,23.15,0.0
Kazakhstan,2023,"Anise, badian, coriander, cumin, caraway, fennel and juniper berries, raw",686.72,11.74,0.0
Kenya,1993,"Anise, badian, coriander, cumin, caraway, fennel and juniper berries, raw",28.0,4.0,2955.09
Kenya,1995,"Anise, badian, coriander, cumin, caraway, fennel and juniper berries, raw",45.0,7.0,3446.41
Kenya,1996,"Anise, badian, coriander, cumin, caraway, fennel and juniper berries, raw",45.0,0.0,3638.98
Kenya,1997,"Anise, badian, coriander, cumin, caraway, fennel and juniper berries, raw",117.0,0.0,3803.52
Kenya,1998,"Anise, badian, coriander, cumin, caraway, fennel and juniper berries, raw",224.0,0.0,3954.54
Kenya,1999,"Anise, badian, coriander, cumin, caraway, fennel and juniper berries, raw",184.0,0.0,4099.69
Kenya,2000,"Anise, badian, coriander, cumin, caraway, fennel and juniper berries, raw",269.0,1.0,4242.67
Kenya,2001,"Anise, badian, coriander, cumin, caraway, fennel and juniper berries, raw",189.0,0.0,4385.2
Kenya,2002,"Anise, badian, coriander, cumin, caraway, fennel and juniper berries, raw",266.0,4.0,4528.07
Kenya,2004,"Anise, badian, coriander, cumin, caraway, fennel and juniper berries, raw",206.0,86.0,4816.17
Kenya,2005,"Anise, badian, coriander, cumin, caraway, fennel and juniper berries, raw",308.0,2.0,4961.72
Kenya,2006,"Anise, badian, coriander, cumin, caraway, fennel and juniper berries, raw",149.0,0.0,5108.38
Kenya,2007,"Anise, badian, coriander, cumin, caraway, fennel and juniper berries, raw",258.0,4.0,5256.22
Kenya,2008,"Anise, badian, coriander, cumin, caraway, fennel and juniper berries, raw",349.0,18.0,5405.3
Kenya,2010,"Anise, badian, coriander, cumin, caraway, fennel and juniper berries, raw",269.0,5.0,5707.39
Kenya,2011,"Anise, badian, coriander, cumin, caraway, fennel and juniper berries, raw",514.0,21.0,5860.54
Kenya,2012,"Anise, badian, coriander, cumin, caraway, fennel and juniper berries, raw",567.0,21.0,6015.16
Kenya,2013,"Anise, badian, coriander, cumin, caraway, fennel and juniper berries, raw",689.0,1.0,6171.33
Kenya,2014,"Anise, badian, coriander, cumin, caraway, fennel and juniper berries, raw",1194.36,2.65,6329.12
Kenya,2015,"Anise, badian, coriander, cumin, caraway, fennel and juniper berries, raw",1318.92,2.56,6488.59
Kenya,2016,"Anise, badian, coriander, cumin, caraway, fennel and juniper berries, raw",492.73,3.72,6649.84
Kenya,2017,"Anise, badian, coriander, cumin, caraway, fennel and juniper berries, raw",409.44,3.6,6812.92
Kenya,2019,"Anise, badian, coriander, cumin, caraway, fennel and juniper berries, raw",578.08,5.03,7776.68
Kenya,2020,"Anise, badian, coriander, cumin, caraway, fennel and juniper berries, raw",850.18,6.17,8942.0
Kenya,2021,"Anise, badian, coriander, cumin, caraway, fennel and juniper berries, raw",898.14,5.48,15605.0
Kenya,2022,"Anise, badian, coriander, cumin, caraway, fennel and juniper berries, raw",801.33,7.17,17857.0
Kiribati,2006,"Anise, badian, coriander, cumin, caraway, fennel and juniper berries, raw",0.0,0.0,0.0
Kiribati,2007,"Anise, badian, coriander, cumin, caraway, fennel and juniper berries, raw",0.0,0.0,0.0
Kiribati,2008,"Anise, badian, coriander, cumin, caraway, fennel and juniper berries, raw",0.0,0.0,0.0
Kiribati,2009,"Anise, badian, coriander, cumin, caraway, fennel and juniper berries, raw",0.0,0.0,0.0
Kiribati,2010,"Anise, badian, coriander, cumin, caraway, fennel and juniper berries, raw",0.0,0.0,0.0
Kiribati,2011,"Anise, badian, coriander, cumin, caraway, fennel and juniper berries, raw",0.0,0.0,0.0
Kiribati,2012,"Anise, badian, coriander, cumin, caraway, fennel and juniper berries, raw",0.0,0.0,0.0
Kiribati,2013,"Anise, badian, coriander, cumin, caraway, fennel and juniper berries, raw",0.0,0.0,0.0
Kiribati,2015,"Anise, badian, coriander, cumin, caraway, fennel and juniper berries, raw",0.01,0.0,0.0
Kiribati,2017,"Anise, badian, coriander, cumin, caraway, fennel and juniper berries, raw",0.01,0.0,0.0
Kiribati,2018,"Anise, badian, coriander, cumin, caraway, fennel and juniper berries, raw",0.07,0.0,0.0
Kiribati,2019,"Anise, badian, coriander, cumin, caraway, fennel and juniper berries, raw",0.1,0.0,0.0
Kiribati,2020,"Anise, badian, coriander, cumin, caraway, fennel and juniper berries, raw",0.09,0.0,0.0
Kiribati,2021,"Anise, badian, coriander, cumin, caraway, fennel and juniper berries, raw",0.17,0.0,0.0
Kiribati,2022,"Anise, badian, coriander, cumin, caraway, fennel and juniper berries, raw",0.18,0.0,0.0
Kiribati,2023,"Anise, badian, coriander, cumin, caraway, fennel and juniper berries, raw",0.21,0.0,0.0
Kuwait,1993,"Anise, badian, coriander, cumin, caraway, fennel and juniper berries, raw",251.0,0.0,0.0
Kuwait,1994,"Anise, badian, coriander, cumin, caraway, fennel and juniper berries, raw",463.0,4.0,0.0
Kuwait,1995,"Anise, badian, coriander, cumin, caraway, fennel and juniper berries, raw",570.0,0.0,0.0
Kuwait,1996,"Anise, badian, coriander, cumin, caraway, fennel and juniper berries, raw",538.0,2.0,0.0
Kuwait,1997,"Anise, badian, coriander, cumin, caraway, fennel and juniper berries, raw",630.0,0.0,0.0
Kuwait,1998,"Anise, badian, coriander, cumin, caraway, fennel and juniper berries, raw",691.0,0.0,0.0
Kuwait,2000,"Anise, badian, coriander, cumin, caraway, fennel and juniper berries, raw",787.0,3.0,0.0
Kuwait,2001,"Anise, badian, coriander, cumin, caraway, fennel and juniper berries, raw",552.0,0.0,0.0
Kuwait,2002,"Anise, badian, coriander, cumin, caraway, fennel and juniper berries, raw",686.0,0.0,0.0
Kuwait,2004,"Anise, badian, coriander, cumin, caraway, fennel and juniper berries, raw",554.0,0.0,0.0
Kuwait,2005,"Anise, badian, coriander, cumin, caraway, fennel and juniper berries, raw",818.0,10.0,0.0
Kuwait,2006,"Anise, badian, coriander, cumin, caraway, fennel and juniper berries, raw",2529.0,0.0,0.0
Kuwait,2007,"Anise, badian, coriander, cumin, caraway, fennel and juniper berries, raw",3080.0,0.0,0.0
Kuwait,2008,"Anise, badian, coriander, cumin, caraway, fennel and juniper berries, raw",769.0,0.0,0.0
Kuwait,2009,"Anise, badian, coriander, cumin, caraway, fennel and juniper berries, raw",632.0,2.0,0.0
Kuwait,2010,"Anise, badian, coriander, cumin, caraway, fennel and juniper berries, raw",755.0,2.0,0.0
Kuwait,2011,"Anise, badian, coriander, cumin, caraway, fennel and juniper berries, raw",840.0,0.0,0.0
Kuwait,2012,"Anise, badian, coriander, cumin, caraway, fennel and juniper berries, raw",965.0,0.0,0.0
Kuwait,2013,"Anise, badian, coriander, cumin, caraway, fennel and juniper berries, raw",1564.0,10.0,0.0
Kuwait,2014,"Anise, badian, coriander, cumin, caraway, fennel and juniper berries, raw",1767.96,12.68,0.0
Kuwait,2015,"Anise, badian, coriander, cumin, caraway, fennel and juniper berries, raw",1380.57,34.61,0.0
Kuwait,2016,"Anise, badian, coriander, cumin, caraway, fennel and juniper berries, raw",1801.18,18.3,0.0
Kuwait,2017,"Anise, badian, coriander, cumin, caraway, fennel and juniper berries, raw",2007.08,25.36,0.0
Kuwait,2018,"Anise, badian, coriander, cumin, caraway, fennel and juniper berries, raw",2203.25,12.66,0.0
Kuwait,2019,"Anise, badian, coriander, cumin, caraway, fennel and juniper berries, raw",2244.12,1.07,0.0
Kuwait,2020,"Anise, badian, coriander, cumin, caraway, fennel and juniper berries, raw",2098.69,20.7,0.0
Kuwait,2021,"Anise, badian, coriander, cumin, caraway, fennel and juniper berries, raw",1965.69,52.66,0.0
Kuwait,2022,"Anise, badian, coriander, cumin, caraway, fennel and juniper berries, raw",2226.91,121.04,0.0
Kuwait,2023,"Anise, badian, coriander, cumin, caraway, fennel and juniper berries, raw",2515.22,108.57,0.0
Kyrgyzstan,1998,"Anise, badian, coriander, cumin, caraway, fennel and juniper berries, raw",1.0,0.0,0.0
Kyrgyzstan,1999,"Anise, badian, coriander, cumin, caraway, fennel and juniper berries, raw",26.0,0.0,0.0
Kyrgyzstan,2000,"Anise, badian, coriander, cumin, caraway, fennel and juniper berries, raw",14.0,4.0,0.0
Kyrgyzstan,2002,"Anise, badian, coriander, cumin, caraway, fennel and juniper berries, raw",7.0,0.0,0.0
Kyrgyzstan,2003,"Anise, badian, coriander, cumin, caraway, fennel and juniper berries, raw",16.0,0.0,0.0
Kyrgyzstan,2004,"Anise, badian, coriander, cumin, caraway, fennel and juniper berries, raw",12.0,0.0,0.0
Kyrgyzstan,2005,"Anise, badian, coriander, cumin, caraway, fennel and juniper berries, raw",36.0,0.0,0.0
Kyrgyzstan,2006,"Anise, badian, coriander, cumin, caraway, fennel and juniper berries, raw",32.0,0.0,0.0
Kyrgyzstan,2007,"Anise, badian, coriander, cumin, caraway, fennel and juniper berries, raw",19.0,0.0,0.0
Kyrgyzstan,2008,"Anise, badian, coriander, cumin, caraway, fennel and juniper berries, raw",80.0,0.0,0.0
Kyrgyzstan,2009,"Anise, badian, coriander, cumin, caraway, fennel and juniper berries, raw",41.0,0.0,0.0
Kyrgyzstan,2010,"Anise, badian, coriander, cumin, caraway, fennel and juniper berries, raw",68.0,0.0,0.0
Kyrgyzstan,2011,"Anise, badian, coriander, cumin, caraway, fennel and juniper berries, raw",34.0,20.0,0.0
Kyrgyzstan,2012,"Anise, badian, coriander, cumin, caraway, fennel and juniper berries, raw",36.0,74.0,0.0
Kyrgyzstan,2013,"Anise, badian, coriander, cumin, caraway, fennel and juniper berries, raw",133.0,74.0,0.0
Kyrgyzstan,2014,"Anise, badian, coriander, cumin, caraway, fennel and juniper berries, raw",56.11,0.0,0.0
Kyrgyzstan,2015,"Anise, badian, coriander, cumin, caraway, fennel and juniper berries, raw",99.5,19.5,0.0
Kyrgyzstan,2016,"Anise, badian, coriander, cumin, caraway, fennel and juniper berries, raw",152.94,0.0,0.0
Kyrgyzstan,2017,"Anise, badian, coriander, cumin, caraway, fennel and juniper berries, raw",331.75,1.5,0.0
Kyrgyzstan,2018,"Anise, badian, coriander, cumin, caraway, fennel and juniper berries, raw",497.04,0.05,0.0
Kyrgyzstan,2020,"Anise, badian, coriander, cumin, caraway, fennel and juniper berries, raw",358.82,0.0,0.0
Kyrgyzstan,2021,"Anise, badian, coriander, cumin, caraway, fennel and juniper berries, raw",366.75,0.34,0.0
Kyrgyzstan,2022,"Anise, badian, coriander, cumin, caraway, fennel and juniper berries, raw",360.33,0.01,0.0
Lao People's Democratic Republic,1993,"Anise, badian, coriander, cumin, caraway, fennel and juniper berries, raw",0.0,0.0,0.0
Lao People's Democratic Republic,1994,"Anise, badian, coriander, cumin, caraway, fennel and juniper berries, raw",0.0,0.0,0.0
Lao People's Democratic Republic,1995,"Anise, badian, coriander, cumin, caraway, fennel and juniper berries, raw",13.0,0.0,0.0
Lao People's Democratic Republic,1997,"Anise, badian, coriander, cumin, caraway, fennel and juniper berries, raw",0.0,0.0,0.0
Lao People's Democratic Republic,1998,"Anise, badian, coriander, cumin, caraway, fennel and juniper berries, raw",0.0,0.0,0.0
Lao People's Democratic Republic,1999,"Anise, badian, coriander, cumin, caraway, fennel and juniper berries, raw",2.0,0.0,0.0
Lao People's Democratic Republic,2000,"Anise, badian, coriander, cumin, caraway, fennel and juniper berries, raw",2.0,0.0,0.0
Lao People's Democratic Republic,2001,"Anise, badian, coriander, cumin, caraway, fennel and juniper berries, raw",2.0,0.0,0.0
Lao People's Democratic Republic,2002,"Anise, badian, coriander, cumin, caraway, fennel and juniper berries, raw",2.0,0.0,0.0
Lao People's Democratic Republic,2003,"Anise, badian, coriander, cumin, caraway, fennel and juniper berries, raw",2.0,0.0,0.0
Lao People's Democratic Republic,2004,"Anise, badian, coriander, cumin, caraway, fennel and juniper berries, raw",0.0,0.0,0.0
Lao People's Democratic Republic,2005,"Anise, badian, coriander, cumin, caraway, fennel and juniper berries, raw",0.0,0.0,0.0
Lao People's Democratic Republic,2006,"Anise, badian, coriander, cumin, caraway, fennel and juniper berries, raw",0.0,0.0,0.0
Lao People's Democratic Republic,2007,"Anise, badian, coriander, cumin, caraway, fennel and juniper berries, raw",0.0,0.0,0.0
Lao People's Democratic Republic,2008,"Anise, badian, coriander, cumin, caraway, fennel and juniper berries, raw",0.0,0.0,0.0
Lao People's Democratic Republic,2009,"Anise, badian, coriander, cumin, caraway, fennel and juniper berries, raw",0.0,0.0,0.0
Lao People's Democratic Republic,2010,"Anise, badian, coriander, cumin, caraway, fennel and juniper berries, raw",0.0,0.0,0.0
Lao People's Democratic Republic,2011,"Anise, badian, coriander, cumin, caraway, fennel and juniper berries, raw",0.0,0.0,0.0
Lao People's Democratic Republic,2012,"Anise, badian, coriander, cumin, caraway, fennel and juniper berries, raw",0.0,0.0,0.0
Lao People's Democratic Republic,2013,"Anise, badian, coriander, cumin, caraway, fennel and juniper berries, raw",0.0,0.0,0.0
Lao People's Democratic Republic,2020,"Anise, badian, coriander, cumin, caraway, fennel and juniper berries, raw",38.0,38.0,0.0
Lao People's Democratic Republic,2022,"Anise, badian, coriander, cumin, caraway, fennel and juniper berries, raw",0.24,0.0,0.0
Lao People's Democratic Republic,2023,"Anise, badian, coriander, cumin, caraway, fennel and juniper berries, raw",0.01,0.08,0.0
Latvia,1993,"Anise, badian, coriander, cumin, caraway, fennel and juniper berries, raw",18.0,19.0,0.0
Latvia,1994,"Anise, badian, coriander, cumin, caraway, fennel and juniper berries, raw",9.0,10.0,0.0
Latvia,1995,"Anise, badian, coriander, cumin, caraway, fennel and juniper berries, raw",46.0,0.0,0.0
Latvia,1996,"Anise, badian, coriander, cumin, caraway, fennel and juniper berries, raw",98.0,0.0,0.0
Latvia,1997,"Anise, badian, coriander, cumin, caraway, fennel and juniper berries, raw",71.0,1.0,0.0
Latvia,1998,"Anise, badian, coriander, cumin, caraway, fennel and juniper berries, raw",126.0,2.0,0.0
Latvia,1999,"Anise, badian, coriander, cumin, caraway, fennel and juniper berries, raw",179.0,3.0,0.0
Latvia,2000,"Anise, badian, coriander, cumin, caraway, fennel and juniper berries, raw",137.0,2.0,0.0
Latvia,2001,"Anise, badian, coriander, cumin, caraway, fennel and juniper berries, raw",211.0,2.0,0.0
Latvia,2002,"Anise, badian, coriander, cumin, caraway, fennel and juniper berries, raw",169.0,3.0,0.0
Latvia,2003,"Anise, badian, coriander, cumin, caraway, fennel and juniper berries, raw",154.0,7.0,0.0
Latvia,2004,"Anise, badian, coriander, cumin, caraway, fennel and juniper berries, raw",142.0,11.0,0.0
Latvia,2005,"Anise, badian, coriander, cumin, caraway, fennel and juniper berries, raw",135.0,91.0,0.0
Latvia,2006,"Anise, badian, coriander, cumin, caraway, fennel and juniper berries, raw",181.0,14.0,0.0
Latvia,2007,"Anise, badian, coriander, cumin, caraway, fennel and juniper berries, raw",205.0,20.0,0.0
Latvia,2008,"Anise, badian, coriander, cumin, caraway, fennel and juniper berries, raw",262.0,94.0,0.0
Latvia,2009,"Anise, badian, coriander, cumin, caraway, fennel and juniper berries, raw",173.0,42.0,0.0
Latvia,2010,"Anise, badian, coriander, cumin, caraway, fennel and juniper berries, raw",281.0,120.0,0.0
Latvia,2011,"Anise, badian, coriander, cumin, caraway, fennel and juniper berries, raw",279.0,127.0,0.0
Latvia,2012,"Anise, badian, coriander, cumin, caraway, fennel and juniper berries, raw",369.0,283.0,0.0
Latvia,2013,"Anise, badian, coriander, cumin, caraway, fennel and juniper berries, raw",403.0,318.0,0.0
Latvia,2014,"Anise, badian, coriander, cumin, caraway, fennel and juniper berries, raw",552.97,506.92,0.0
Latvia,2015,"Anise, badian, coriander, cumin, caraway, fennel and juniper berries, raw",577.01,727.36,0.0
Latvia,2016,"Anise, badian, coriander, cumin, caraway, fennel and juniper berries, raw",517.21,530.74,0.0
Latvia,2017,"Anise, badian, coriander, cumin, caraway, fennel and juniper berries, raw",588.71,568.8,0.0
Latvia,2018,"Anise, badian, coriander, cumin, caraway, fennel and juniper berries, raw",546.85,311.82,0.0
Latvia,2019,"Anise, badian, coriander, cumin, caraway, fennel and juniper berries, raw",455.02,702.08,0.0
Latvia,2020,"Anise, badian, coriander, cumin, caraway, fennel and juniper berries, raw",666.29,447.44,0.0
Latvia,2021,"Anise, badian, coriander, cumin, caraway, fennel and juniper berries, raw",753.09,480.15,0.0
Latvia,2022,"Anise, badian, coriander, cumin, caraway, fennel and juniper berries, raw",732.21,730.01,0.0
Latvia,2023,"Anise, badian, coriander, cumin, caraway, fennel and juniper berries, raw",844.9,1394.45,0.0
Lebanon,1993,"Anise, badian, coriander, cumin, caraway, fennel and juniper berries, raw",190.0,90.0,52.0
Lebanon,1994,"Anise, badian, coriander, cumin, caraway, fennel and juniper berries, raw",190.0,90.0,55.0
Lebanon,1995,"Anise, badian, coriander, cumin, caraway, fennel and juniper berries, raw",190.0,90.0,65.0
Lebanon,1996,"Anise, badian, coriander, cumin, caraway, fennel and juniper berries, raw",190.0,90.0,83.0
Lebanon,1997,"Anise, badian, coriander, cumin, caraway, fennel and juniper berries, raw",710.0,48.0,85.0
Lebanon,1998,"Anise, badian, coriander, cumin, caraway, fennel and juniper berries, raw",896.0,4.0,90.0
Lebanon,1999,"Anise, badian, coriander, cumin, caraway, fennel and juniper berries, raw",726.0,7.0,90.79
Lebanon,2000,"Anise, badian, coriander, cumin, caraway, fennel and juniper berries, raw",801.0,2.0,90.0
Lebanon,2002,"Anise, badian, coriander, cumin, caraway, fennel and juniper berries, raw",524.0,108.0,90.0
Lebanon,2003,"Anise, badian, coriander, cumin, caraway, fennel and juniper berries, raw",396.0,19.0,90.0
Lebanon,2004,"Anise, badian, coriander, cumin, caraway, fennel and juniper berries, raw",534.0,18.0,90.0
Lebanon,2005,"Anise, badian, coriander, cumin, caraway, fennel and juniper berries, raw",496.0,33.0,90.0
Lebanon,2007,"Anise, badian, coriander, cumin, caraway, fennel and juniper berries, raw",403.0,10.0,90.0
Lebanon,2008,"Anise, badian, coriander, cumin, caraway, fennel and juniper berries, raw",362.0,4.0,90.0
Lebanon,2009,"Anise, badian, coriander, cumin, caraway, fennel and juniper berries, raw",476.0,4.0,90.0
Lebanon,2010,"Anise, badian, coriander, cumin, caraway, fennel and juniper berries, raw",483.0,11.0,89.92
Lebanon,2011,"Anise, badian, coriander, cumin, caraway, fennel and juniper berries, raw",462.0,19.0,89.63
Lebanon,2012,"Anise, badian, coriander, cumin, caraway, fennel and juniper berries, raw",479.0,25.0,89.72
Lebanon,2013,"Anise, badian, coriander, cumin, caraway, fennel and juniper berries, raw",592.0,23.0,89.81
Lebanon,2015,"Anise, badian, coriander, cumin, caraway, fennel and juniper berries, raw",538.26,26.46,91.52
Lebanon,2016,"Anise, badian, coriander, cumin, caraway, fennel and juniper berries, raw",763.64,37.3,92.61
Lebanon,2017,"Anise, badian, coriander, cumin, caraway, fennel and juniper berries, raw",615.37,28.24,93.58
Lebanon,2018,"Anise, badian, coriander, cumin, caraway, fennel and juniper berries, raw",434.36,29.59,90.0
Lebanon,2020,"Anise, badian, coriander, cumin, caraway, fennel and juniper berries, raw",753.92,24.73,470.0
Lebanon,2022,"Anise, badian, coriander, cumin, caraway, fennel and juniper berries, raw",629.39,320.87,344.06
Lebanon,2023,"Anise, badian, coriander, cumin, caraway, fennel and juniper berries, raw",614.96,236.73,393.71
Lesotho,2014,"Anise, badian, coriander, cumin, caraway, fennel and juniper berries, raw",3.29,0.0,0.0
Lesotho,2015,"Anise, badian, coriander, cumin, caraway, fennel and juniper berries, raw",2.87,0.0,0.0
Lesotho,2017,"Anise, badian, coriander, cumin, caraway, fennel and juniper berries, raw",1.84,0.0,0.0
Lesotho,2018,"Anise, badian, coriander, cumin, caraway, fennel and juniper berries, raw",0.28,0.0,0.0
Lesotho,2019,"Anise, badian, coriander, cumin, caraway, fennel and juniper berries, raw",0.55,0.0,0.0
Lesotho,2021,"Anise, badian, coriander, cumin, caraway, fennel and juniper berries, raw",3.17,0.01,0.0
Lesotho,2022,"Anise, badian, coriander, cumin, caraway, fennel and juniper berries, raw",3.13,0.0,0.0
Lesotho,2023,"Anise, badian, coriander, cumin, caraway, fennel and juniper berries, raw",1.73,0.05,0.0
Liberia,2014,"Anise, badian, coriander, cumin, caraway, fennel and juniper berries, raw",2.46,0.0,0.0
Liberia,2015,"Anise, badian, coriander, cumin, caraway, fennel and juniper berries, raw",12.06,0.0,0.0
Liberia,2016,"Anise, badian, coriander, cumin, caraway, fennel and juniper berries, raw",8.72,0.0,0.0
Liberia,2017,"Anise, badian, coriander, cumin, caraway, fennel and juniper berries, raw",1.55,0.0,0.0
Liberia,2018,"Anise, badian, coriander, cumin, caraway, fennel and juniper berries, raw",0.2,0.0,0.0
Liberia,2020,"Anise, badian, coriander, cumin, caraway, fennel and juniper berries, raw",34.3,0.0,0.0
Liberia,2021,"Anise, badian, coriander, cumin, caraway, fennel and juniper berries, raw",18.1,0.0,0.0
Liberia,2022,"Anise, badian, coriander, cumin, caraway, fennel and juniper berries, raw",25.7,0.12,0.0
Liberia,2023,"Anise, badian, coriander, cumin, caraway, fennel and juniper berries, raw",27.33,0.0,0.0
Libya,1994,"Anise, badian, coriander, cumin, caraway, fennel and juniper berries, raw",90.0,0.0,0.0
Libya,1995,"Anise, badian, coriander, cumin, caraway, fennel and juniper berries, raw",90.0,0.0,0.0
Libya,1996,"Anise, badian, coriander, cumin, caraway, fennel and juniper berries, raw",60.0,0.0,0.0
Libya,1997,"Anise, badian, coriander, cumin, caraway, fennel and juniper berries, raw",80.0,0.0,0.0
Libya,1999,"Anise, badian, coriander, cumin, caraway, fennel and juniper berries, raw",70.0,0.0,0.0
Libya,2000,"Anise, badian, coriander, cumin, caraway, fennel and juniper berries, raw",0.0,0.0,0.0
Libya,2001,"Anise, badian, coriander, cumin, caraway, fennel and juniper berries, raw",35.0,0.0,0.0
Libya,2003,"Anise, badian, coriander, cumin, caraway, fennel and juniper berries, raw",54.0,0.0,0.0
Libya,2004,"Anise, badian, coriander, cumin, caraway, fennel and juniper berries, raw",63.0,0.0,0.0
Libya,2005,"Anise, badian, coriander, cumin, caraway, fennel and juniper berries, raw",60.0,0.0,0.0
Libya,2007,"Anise, badian, coriander, cumin, caraway, fennel and juniper berries, raw",322.0,0.0,0.0
Libya,2008,"Anise, badian, coriander, cumin, caraway, fennel and juniper berries, raw",69.0,0.0,0.0
Libya,2009,"Anise, badian, coriander, cumin, caraway, fennel and juniper berries, raw",69.0,0.0,0.0
Libya,2010,"Anise, badian, coriander, cumin, caraway, fennel and juniper berries, raw",64.0,0.0,0.0
Libya,2011,"Anise, badian, coriander, cumin, caraway, fennel and juniper berries, raw",923.0,0.0,0.0
Libya,2012,"Anise, badian, coriander, cumin, caraway, fennel and juniper berries, raw",252.0,0.0,0.0
Libya,2014,"Anise, badian, coriander, cumin, caraway, fennel and juniper berries, raw",413.16,0.04,0.0
Libya,2015,"Anise, badian, coriander, cumin, caraway, fennel and juniper berries, raw",1006.69,0.0,0.0
Libya,2016,"Anise, badian, coriander, cumin, caraway, fennel and juniper berries, raw",910.01,0.0,0.0
Libya,2017,"Anise, badian, coriander, cumin, caraway, fennel and juniper berries, raw",907.28,0.0,0.0
Libya,2018,"Anise, badian, coriander, cumin, caraway, fennel and juniper berries, raw",406.7,0.0,0.0
Libya,2019,"Anise, badian, coriander, cumin, caraway, fennel and juniper berries, raw",2337.21,0.0,0.0
Libya,2020,"Anise, badian, coriander, cumin, caraway, fennel and juniper berries, raw",1911.47,0.0,0.0
Libya,2022,"Anise, badian, coriander, cumin, caraway, fennel and juniper berries, raw",1614.15,0.0,1270.0
Libya,2023,"Anise, badian, coriander, cumin, caraway, fennel and juniper berries, raw",3544.58,0.5,1270.0
Lithuania,1994,"Anise, badian, coriander, cumin, caraway, fennel and juniper berries, raw",276.0,210.0,0.0
Lithuania,1998,"Anise, badian, coriander, cumin, caraway, fennel and juniper berries, raw",229.0,732.0,136.0
Lithuania,1999,"Anise, badian, coriander, cumin, caraway, fennel and juniper berries, raw",283.0,102.0,360.0
Lithuania,2000,"Anise, badian, coriander, cumin, caraway, fennel and juniper berries, raw",794.0,589.0,429.0
Lithuania,2001,"Anise, badian, coriander, cumin, caraway, fennel and juniper berries, raw",910.0,1166.0,1168.0
Lithuania,2002,"Anise, badian, coriander, cumin, caraway, fennel and juniper berries, raw",281.0,1069.0,1300.0
Lithuania,2004,"Anise, badian, coriander, cumin, caraway, fennel and juniper berries, raw",143.0,682.0,1885.0
Lithuania,2005,"Anise, badian, coriander, cumin, caraway, fennel and juniper berries, raw",179.0,994.0,1918.0
Lithuania,2006,"Anise, badian, coriander, cumin, caraway, fennel and juniper berries, raw",117.0,1080.0,365.0
Lithuania,2007,"Anise, badian, coriander, cumin, caraway, fennel and juniper berries, raw",359.0,726.0,562.0
Lithuania,2008,"Anise, badian, coriander, cumin, caraway, fennel and juniper berries, raw",292.0,325.0,1086.0
Lithuania,2009,"Anise, badian, coriander, cumin, caraway, fennel and juniper berries, raw",428.0,291.0,676.0
Lithuania,2010,"Anise, badian, coriander, cumin, caraway, fennel and juniper berries, raw",449.0,292.0,917.0
Lithuania,2011,"Anise, badian, coriander, cumin, caraway, fennel and juniper berries, raw",235.0,298.0,2200.0
Lithuania,2012,"Anise, badian, coriander, cumin, caraway, fennel and juniper berries, raw",202.0,878.0,2900.0
Lithuania,2013,"Anise, badian, coriander, cumin, caraway, fennel and juniper berries, raw",378.0,1367.0,2800.0
Lithuania,2014,"Anise, badian, coriander, cumin, caraway, fennel and juniper berries, raw",365.17,1288.5,2500.0
Lithuania,2017,"Anise, badian, coriander, cumin, caraway, fennel and juniper berries, raw",450.04,1575.21,4494.0
Lithuania,2018,"Anise, badian, coriander, cumin, caraway, fennel and juniper berries, raw",509.41,2369.2,0.0
Lithuania,2020,"Anise, badian, coriander, cumin, caraway, fennel and juniper berries, raw",725.3,4524.59,0.0
Lithuania,2021,"Anise, badian, coriander, cumin, caraway, fennel and juniper berries, raw",562.26,1342.01,0.0
Lithuania,2022,"Anise, badian, coriander, cumin, caraway, fennel and juniper berries, raw",609.23,6144.08,0.0
Luxembourg,2000,"Anise, badian, coriander, cumin, caraway, fennel and juniper berries, raw",2.0,0.0,0.0
Luxembourg,2001,"Anise, badian, coriander, cumin, caraway, fennel and juniper berries, raw",2.0,0.0,0.0
Luxembourg,2002,"Anise, badian, coriander, cumin, caraway, fennel and juniper berries, raw",4.0,1.0,0.0
Luxembourg,2003,"Anise, badian, coriander, cumin, caraway, fennel and juniper berries, raw",6.0,1.0,0.0
Luxembourg,2005,"Anise, badian, coriander, cumin, caraway, fennel and juniper berries, raw",5.0,1.0,0.0
Luxembourg,2006,"Anise, badian, coriander, cumin, caraway, fennel and juniper berries, raw",5.0,1.0,0.0
Luxembourg,2007,"Anise, badian, coriander, cumin, caraway, fennel and juniper berries, raw",3.0,0.0,0.0
Luxembourg,2008,"Anise, badian, coriander, cumin, caraway, fennel and juniper berries, raw",4.0,0.0,0.0
Luxembourg,2009,"Anise, badian, coriander, cumin, caraway, fennel and juniper berries, raw",4.0,0.0,0.0
Luxembourg,2011,"Anise, badian, coriander, cumin, caraway, fennel and juniper berries, raw",7.0,0.0,0.0
Luxembourg,2012,"Anise, badian, coriander, cumin, caraway, fennel and juniper berries, raw",6.0,0.0,0.0
Luxembourg,2013,"Anise, badian, coriander, cumin, caraway, fennel and juniper berries, raw",6.0,1.0,0.0
Luxembourg,2014,"Anise, badian, coriander, cumin, caraway, fennel and juniper berries, raw",8.0,0.8,0.0
Luxembourg,2015,"Anise, badian, coriander, cumin, caraway, fennel and juniper berries, raw",9.78,0.9,0.0
Luxembourg,2016,"Anise, badian, coriander, cumin, caraway, fennel and juniper berries, raw",12.11,0.82,0.0
Luxembourg,2017,"Anise, badian, coriander, cumin, caraway, fennel and juniper berries, raw",14.88,0.98,0.0
Luxembourg,2018,"Anise, badian, coriander, cumin, caraway, fennel and juniper berries, raw",19.64,1.03,0.0
Luxembourg,2019,"Anise, badian, coriander, cumin, caraway, fennel and juniper berries, raw",31.74,0.86,0.0
Luxembourg,2020,"Anise, badian, coriander, cumin, caraway, fennel and juniper berries, raw",29.49,0.92,0.0
Luxembourg,2021,"Anise, badian, coriander, cumin, caraway, fennel and juniper berries, raw",34.59,1.14,0.0
Luxembourg,2022,"Anise, badian, coriander, cumin, caraway, fennel and juniper berries, raw",39.47,1.39,0.0
Luxembourg,2023,"Anise, badian, coriander, cumin, caraway, fennel and juniper berries, raw",42.39,1.14,0.0
Madagascar,1993,"Anise, badian, coriander, cumin, caraway, fennel and juniper berries, raw",1.0,0.0,9.92
Madagascar,1994,"Anise, badian, coriander, cumin, caraway, fennel and juniper berries, raw",1.0,4.0,12.01
Madagascar,1995,"Anise, badian, coriander, cumin, caraway, fennel and juniper berries, raw",1.0,1.0,9.43
Madagascar,1996,"Anise, badian, coriander, cumin, caraway, fennel and juniper berries, raw",2.0,2.0,11.73
Madagascar,1997,"Anise, badian, coriander, cumin, caraway, fennel and juniper berries, raw",0.0,0.0,11.59
Madagascar,1998,"Anise, badian, coriander, cumin, caraway, fennel and juniper berries, raw",0.0,0.0,11.45
Madagascar,1999,"Anise, badian, coriander, cumin, caraway, fennel and juniper berries, raw",0.0,0.0,11.57
Madagascar,2001,"Anise, badian, coriander, cumin, caraway, fennel and juniper berries, raw",0.0,8.0,10.0
Madagascar,2002,"Anise, badian, coriander, cumin, caraway, fennel and juniper berries, raw",0.0,6.0,10.0
Madagascar,2003,"Anise, badian, coriander, cumin, caraway, fennel and juniper berries, raw",0.0,8.0,11.53
Madagascar,2004,"Anise, badian, coriander, cumin, caraway, fennel and juniper berries, raw",1.0,0.0,13.0
Madagascar,2005,"Anise, badian, coriander, cumin, caraway, fennel and juniper berries, raw",1.0,5.0,17.6
Madagascar,2006,"Anise, badian, coriander, cumin, caraway, fennel and juniper berries, raw",2.0,0.0,19.33
Madagascar,2007,"Anise, badian, coriander, cumin, caraway, fennel and juniper berries, raw",3.0,5.0,18.04
Madagascar,2008,"Anise, badian, coriander, cumin, caraway, fennel and juniper berries, raw",2.0,0.0,21.12
Madagascar,2009,"Anise, badian, coriander, cumin, caraway, fennel and juniper berries, raw",1.0,4.0,25.27
Madagascar,2010,"Anise, badian, coriander, cumin, caraway, fennel and juniper berries, raw",1.0,2.0,25.65
Madagascar,2011,"Anise, badian, coriander, cumin, caraway, fennel and juniper berries, raw",1.0,1.0,26.98
Madagascar,2012,"Anise, badian, coriander, cumin, caraway, fennel and juniper berries, raw",2.0,0.0,15.0
Madagascar,2013,"Anise, badian, coriander, cumin, caraway, fennel and juniper berries, raw",2.0,2.0,15.0
Madagascar,2014,"Anise, badian, coriander, cumin, caraway, fennel and juniper berries, raw",2.25,52.6,60.0
Madagascar,2015,"Anise, badian, coriander, cumin, caraway, fennel and juniper berries, raw",5.75,41.16,45.0
Madagascar,2016,"Anise, badian, coriander, cumin, caraway, fennel and juniper berries, raw",4.69,99.95,105.0
Madagascar,2017,"Anise, badian, coriander, cumin, caraway, fennel and juniper berries, raw",6.13,46.85,68.99
Madagascar,2018,"Anise, badian, coriander, cumin, caraway, fennel and juniper berries, raw",5.19,11.82,73.0
Madagascar,2020,"Anise, badian, coriander, cumin, caraway, fennel and juniper berries, raw",4.47,1.47,74.77
Madagascar,2021,"Anise, badian, coriander, cumin, caraway, fennel and juniper berries, raw",6.32,10.22,84.45
Madagascar,2022,"Anise, badian, coriander, cumin, caraway, fennel and juniper berries, raw",9.43,142.41,80.52
Madagascar,2023,"Anise, badian, coriander, cumin, caraway, fennel and juniper berries, raw",7.79,12.33,79.91
Malawi,1993,"Anise, badian, coriander, cumin, caraway, fennel and juniper berries, raw",3.0,11.0,29.56
Malawi,1994,"Anise, badian, coriander, cumin, caraway, fennel and juniper berries, raw",5.0,1.0,31.31
Malawi,1995,"Anise, badian, coriander, cumin, caraway, fennel and juniper berries, raw",2.0,25.0,33.05
Malawi,1996,"Anise, badian, coriander, cumin, caraway, fennel and juniper berries, raw",0.0,1.0,34.9
Malawi,1997,"Anise, badian, coriander, cumin, caraway, fennel and juniper berries, raw",0.0,42.0,35.52
Malawi,1998,"Anise, badian, coriander, cumin, caraway, fennel and juniper berries, raw",0.0,27.0,40.0
Malawi,2000,"Anise, badian, coriander, cumin, caraway, fennel and juniper berries, raw",0.0,0.0,40.0
Malawi,2001,"Anise, badian, coriander, cumin, caraway, fennel and juniper berries, raw",1.0,0.0,40.0
Malawi,2002,"Anise, badian, coriander, cumin, caraway, fennel and juniper berries, raw",6.0,1.0,40.0
Malawi,2003,"Anise, badian, coriander, cumin, caraway, fennel and juniper berries, raw",1.0,2.0,46.7
Malawi,2004,"Anise, badian, coriander, cumin, caraway, fennel and juniper berries, raw",4.0,12.0,49.5
Malawi,2005,"Anise, badian, coriander, cumin, caraway, fennel and juniper berries, raw",2.0,3.0,52.28
Malawi,2006,"Anise, badian, coriander, cumin, caraway, fennel and juniper berries, raw",1.0,2.0,54.82
Malawi,2007,"Anise, badian, coriander, cumin, caraway, fennel and juniper berries, raw",2.0,9.0,55.0
Malawi,2008,"Anise, badian, coriander, cumin, caraway, fennel and juniper berries, raw",5.0,77.0,75.0
Malawi,2009,"Anise, badian, coriander, cumin, caraway, fennel and juniper berries, raw",9.0,8.0,70.0
Malawi,2010,"Anise, badian, coriander, cumin, caraway, fennel and juniper berries, raw",3.0,71.0,70.0
Malawi,2011,"Anise, badian, coriander, cumin, caraway, fennel and juniper berries, raw",2.0,24.0,65.0
Malawi,2012,"Anise, badian, coriander, cumin, caraway, fennel and juniper berries, raw",10.0,44.0,71.93
Malawi,2013,"Anise, badian, coriander, cumin, caraway, fennel and juniper berries, raw",3.0,7.0,76.52
Malawi,2014,"Anise, badian, coriander, cumin, caraway, fennel and juniper berries, raw",0.68,0.0,79.55
Malawi,2015,"Anise, badian, coriander, cumin, caraway, fennel and juniper berries, raw",1.17,0.0,81.06
Malawi,2016,"Anise, badian, coriander, cumin, caraway, fennel and juniper berries, raw",0.62,0.0,79.04
Malawi,2017,"Anise, badian, coriander, cumin, caraway, fennel and juniper berries, raw",4.52,0.0,82.37
Malawi,2018,"Anise, badian, coriander, cumin, caraway, fennel and juniper berries, raw",3.94,2.5,80.83
Malawi,2019,"Anise, badian, coriander, cumin, caraway, fennel and juniper berries, raw",4.23,8.0,84.41
Malawi,2020,"Anise, badian, coriander, cumin, caraway, fennel and juniper berries, raw",3.07,0.0,82.54
Malawi,2021,"Anise, badian, coriander, cumin, caraway, fennel and juniper berries, raw",164.78,0.0,82.59
Malawi,2023,"Anise, badian, coriander, cumin, caraway, fennel and juniper berries, raw",15.81,0.0,82.77
Malaysia,1993,"Anise, badian, coriander, cumin, caraway, fennel and juniper berries, raw",8794.0,181.0,0.0
Malaysia,1995,"Anise, badian, coriander, cumin, caraway, fennel and juniper berries, raw",10364.0,464.0,0.0
Malaysia,1996,"Anise, badian, coriander, cumin, caraway, fennel and juniper berries, raw",9008.0,789.0,0.0
Malaysia,1997,"Anise, badian, coriander, cumin, caraway, fennel and juniper berries, raw",9008.0,789.0,0.0
Malaysia,1998,"Anise, badian, coriander, cumin, caraway, fennel and juniper berries, raw",10394.0,441.0,0.0
Malaysia,1999,"Anise, badian, coriander, cumin, caraway, fennel and juniper berries, raw",12464.0,523.0,0.0
Malaysia,2000,"Anise, badian, coriander, cumin, caraway, fennel and juniper berries, raw",12216.0,645.0,0.0
Malaysia,2001,"Anise, badian, coriander, cumin, caraway, fennel and juniper berries, raw",13778.0,975.0,0.0
Malaysia,2003,"Anise, badian, coriander, cumin, caraway, fennel and juniper berries, raw",13183.0,831.0,0.0
Malaysia,2004,"Anise, badian, coriander, cumin, caraway, fennel and juniper berries, raw",15839.0,1001.0,0.0
Malaysia,2005,"Anise, badian, coriander, cumin, caraway, fennel and juniper berries, raw",16893.0,681.0,0.0
Malaysia,2006,"Anise, badian, coriander, cumin, caraway, fennel and juniper berries, raw",17070.0,788.0,0.0
Malaysia,2007,"Anise, badian, coriander, cumin, caraway, fennel and juniper berries, raw",17086.0,625.0,0.0
Malaysia,2009,"Anise, badian, coriander, cumin, caraway, fennel and juniper berries, raw",18601.0,1357.0,0.0
Malaysia,2010,"Anise, badian, coriander, cumin, caraway, fennel and juniper berries, raw",18418.0,1181.0,0.0
Malaysia,2011,"Anise, badian, coriander, cumin, caraway, fennel and juniper berries, raw",17904.0,875.0,0.0
Malaysia,2012,"Anise, badian, coriander, cumin, caraway, fennel and juniper berries, raw",19837.0,834.0,0.0
Malaysia,2013,"Anise, badian, coriander, cumin, caraway, fennel and juniper berries, raw",22741.0,636.0,0.0
Malaysia,2014,"Anise, badian, coriander, cumin, caraway, fennel and juniper berries, raw",21986.91,640.12,0.0
Malaysia,2015,"Anise, badian, coriander, cumin, caraway, fennel and juniper berries, raw",23171.86,757.53,0.0
Malaysia,2016,"Anise, badian, coriander, cumin, caraway, fennel and juniper berries, raw",23738.2,762.56,0.0
Malaysia,2017,"Anise, badian, coriander, cumin, caraway, fennel and juniper berries, raw",22909.77,735.55,0.0
Malaysia,2018,"Anise, badian, coriander, cumin, caraway, fennel and juniper berries, raw",23568.52,852.46,0.0
Malaysia,2020,"Anise, badian, coriander, cumin, caraway, fennel and juniper berries, raw",24085.11,1123.08,0.0
Malaysia,2021,"Anise, badian, coriander, cumin, caraway, fennel and juniper berries, raw",23447.82,720.24,0.0
Malaysia,2022,"Anise, badian, coriander, cumin, caraway, fennel and juniper berries, raw",23831.12,960.9,0.0
Malaysia,2023,"Anise, badian, coriander, cumin, caraway, fennel and juniper berries, raw",24927.49,704.97,0.0
Maldives,1993,"Anise, badian, coriander, cumin, caraway, fennel and juniper berries, raw",76.0,0.0,0.0
Maldives,1994,"Anise, badian, coriander, cumin, caraway, fennel and juniper berries, raw",16.0,0.0,0.0
Maldives,1995,"Anise, badian, coriander, cumin, caraway, fennel and juniper berries, raw",16.0,0.0,0.0
Maldives,1996,"Anise, badian, coriander, cumin, caraway, fennel and juniper berries, raw",50.0,0.0,0.0
Maldives,1998,"Anise, badian, coriander, cumin, caraway, fennel and juniper berries, raw",40.0,0.0,0.0
Maldives,1999,"Anise, badian, coriander, cumin, caraway, fennel and juniper berries, raw",40.0,0.0,0.0
Maldives,2000,"Anise, badian, coriander, cumin, caraway, fennel and juniper berries, raw",35.0,0.0,0.0
Maldives,2001,"Anise, badian, coriander, cumin, caraway, fennel and juniper berries, raw",144.0,0.0,0.0
Maldives,2002,"Anise, badian, coriander, cumin, caraway, fennel and juniper berries, raw",145.0,0.0,0.0
Maldives,2003,"Anise, badian, coriander, cumin, caraway, fennel and juniper berries, raw",150.0,0.0,0.0
Maldives,2004,"Anise, badian, coriander, cumin, caraway, fennel and juniper berries, raw",147.0,0.0,0.0
Maldives,2005,"Anise, badian, coriander, cumin, caraway, fennel and juniper berries, raw",175.0,0.0,0.0
Maldives,2006,"Anise, badian, coriander, cumin, caraway, fennel and juniper berries, raw",192.0,0.0,0.0
Maldives,2007,"Anise, badian, coriander, cumin, caraway, fennel and juniper berries, raw",196.0,0.0,0.0
Maldives,2008,"Anise, badian, coriander, cumin, caraway, fennel and juniper berries, raw",203.0,0.0,0.0
Maldives,2010,"Anise, badian, coriander, cumin, caraway, fennel and juniper berries, raw",182.0,0.0,0.0
Maldives,2011,"Anise, badian, coriander, cumin, caraway, fennel and juniper berries, raw",199.0,0.0,0.0
Maldives,2012,"Anise, badian, coriander, cumin, caraway, fennel and juniper berries, raw",210.0,0.0,0.0
Maldives,2014,"Anise, badian, coriander, cumin, caraway, fennel and juniper berries, raw",222.12,0.0,0.0
Maldives,2015,"Anise, badian, coriander, cumin, caraway, fennel and juniper berries, raw",268.61,0.0,0.0
Maldives,2016,"Anise, badian, coriander, cumin, caraway, fennel and juniper berries, raw",319.6,0.0,0.0
Maldives,2017,"Anise, badian, coriander, cumin, caraway, fennel and juniper berries, raw",269.84,0.0,0.0
Maldives,2018,"Anise, badian, coriander, cumin, caraway, fennel and juniper berries, raw",267.47,0.0,0.0
Maldives,2019,"Anise, badian, coriander, cumin, caraway, fennel and juniper berries, raw",631.21,0.0,0.0
Maldives,2020,"Anise, badian, coriander, cumin, caraway, fennel and juniper berries, raw",598.75,0.0,0.0
Maldives,2021,"Anise, badian, coriander, cumin, caraway, fennel and juniper berries, raw",453.57,0.0,0.0
Maldives,2022,"Anise, badian, coriander, cumin, caraway, fennel and juniper berries, raw",781.02,0.0,0.0
Maldives,2023,"Anise, badian, coriander, cumin, caraway, fennel and juniper berries, raw",434.37,0.0,0.0
Mali,2012,"Anise, badian, coriander, cumin, caraway, fennel and juniper berries, raw",0.0,0.0,0.0
Mali,2013,"Anise, badian, coriander, cumin, caraway, fennel and juniper berries, raw",0.0,0.0,0.0
Mali,2014,"Anise, badian, coriander, cumin, caraway, fennel and juniper berries, raw",3.24,0.02,0.0
Mali,2015,"Anise, badian, coriander, cumin, caraway, fennel and juniper berries, raw",0.35,0.02,0.0
Mali,2016,"Anise, badian, coriander, cumin, caraway, fennel and juniper berries, raw",0.12,0.0,0.0
Mali,2017,"Anise, badian, coriander, cumin, caraway, fennel and juniper berries, raw",16.5,0.0,0.0
Mali,2018,"Anise, badian, coriander, cumin, caraway, fennel and juniper berries, raw",0.0,0.0,0.0
Mali,2020,"Anise, badian, coriander, cumin, caraway, fennel and juniper berries, raw",5.62,9.24,0.0
Mali,2021,"Anise, badian, coriander, cumin, caraway, fennel and juniper berries, raw",4.35,33.98,0.0
Mali,2022,"Anise, badian, coriander, cumin, caraway, fennel and juniper berries, raw",3.17,1.44,0.0
Malta,1993,"Anise, badian, coriander, cumin, caraway, fennel and juniper berries, raw",7.0,0.0,0.0
Malta,1994,"Anise, badian, coriander, cumin, caraway, fennel and juniper berries, raw",6.0,0.0,0.0
Malta,1996,"Anise, badian, coriander, cumin, caraway, fennel and juniper berries, raw",17.0,0.0,0.0
Malta,1997,"Anise, badian, coriander, cumin, caraway, fennel and juniper berries, raw",16.0,0.0,0.0
Malta,1998,"Anise, badian, coriander, cumin, caraway, fennel and juniper berries, raw",14.0,1.0,0.0
Malta,1999,"Anise, badian, coriander, cumin, caraway, fennel and juniper berries, raw",21.0,0.0,0.0
Malta,2000,"Anise, badian, coriander, cumin, caraway, fennel and juniper berries, raw",15.0,0.0,0.0
Malta,2001,"Anise, badian, coriander, cumin, caraway, fennel and juniper berries, raw",15.0,0.0,0.0
Malta,2002,"Anise, badian, coriander, cumin, caraway, fennel and juniper berries, raw",20.0,0.0,0.0
Malta,2004,"Anise, badian, coriander, cumin, caraway, fennel and juniper berries, raw",16.0,0.0,0.0
Malta,2005,"Anise, badian, coriander, cumin, caraway, fennel and juniper berries, raw",11.0,0.0,0.0
Malta,2006,"Anise, badian, coriander, cumin, caraway, fennel and juniper berries, raw",15.0,0.0,0.0
Malta,2007,"Anise, badian, coriander, cumin, caraway, fennel and juniper berries, raw",14.0,0.0,0.0
Malta,2008,"Anise, badian, coriander, cumin, caraway, fennel and juniper berries, raw",7.0,0.0,0.0
Malta,2009,"Anise, badian, coriander, cumin, caraway, fennel and juniper berries, raw",20.0,0.0,0.0
Malta,2010,"Anise, badian, coriander, cumin, caraway, fennel and juniper berries, raw",18.0,0.0,0.0
Malta,2011,"Anise, badian, coriander, cumin, caraway, fennel and juniper berries, raw",30.0,0.0,0.0
Malta,2012,"Anise, badian, coriander, cumin, caraway, fennel and juniper berries, raw",35.0,0.0,0.0
Malta,2013,"Anise, badian, coriander, cumin, caraway, fennel and juniper berries, raw",12.0,0.0,0.0
Malta,2014,"Anise, badian, coriander, cumin, caraway, fennel and juniper berries, raw",27.89,0.0,0.0
Malta,2015,"Anise, badian, coriander, cumin, caraway, fennel and juniper berries, raw",61.32,0.0,0.0
Malta,2016,"Anise, badian, coriander, cumin, caraway, fennel and juniper berries, raw",86.74,0.0,0.0
Malta,2017,"Anise, badian, coriander, cumin, caraway, fennel and juniper berries, raw",65.52,0.0,0.0
Malta,2018,"Anise, badian, coriander, cumin, caraway, fennel and juniper berries, raw",52.34,0.0,0.0
Malta,2019,"Anise, badian, coriander, cumin, caraway, fennel and juniper berries, raw",31.35,0.0,0.0
Malta,2020,"Anise, badian, coriander, cumin, caraway, fennel and juniper berries, raw",43.51,0.0,0.0
Malta,2022,"Anise, badian, coriander, cumin, caraway, fennel and juniper berries, raw",25.07,0.0,0.0
Malta,2023,"Anise, badian, coriander, cumin, caraway, fennel and juniper berries, raw",22.21,0.0,0.0
Mauritania,2008,"Anise, badian, coriander, cumin, caraway, fennel and juniper berries, raw",0.0,0.0,0.0
Mauritania,2009,"Anise, badian, coriander, cumin, caraway, fennel and juniper berries, raw",0.0,0.0,0.0
Mauritania,2010,"Anise, badian, coriander, cumin, caraway, fennel and juniper berries, raw",0.0,0.0,0.0
Mauritania,2011,"Anise, badian, coriander, cumin, caraway, fennel and juniper berries, raw",0.0,0.0,0.0
Mauritania,2012,"Anise, badian, coriander, cumin, caraway, fennel and juniper berries, raw",0.0,0.0,0.0
Mauritania,2013,"Anise, badian, coriander, cumin, caraway, fennel and juniper berries, raw",0.0,0.0,0.0
Mauritania,2015,"Anise, badian, coriander, cumin, caraway, fennel and juniper berries, raw",0.23,0.0,0.0
Mauritania,2022,"Anise, badian, coriander, cumin, caraway, fennel and juniper berries, raw",28.11,0.0,0.0
Mauritania,2023,"Anise, badian, coriander, cumin, caraway, fennel and juniper berries, raw",19.09,17.5,0.0
Mauritius,1993,"Anise, badian, coriander, cumin, caraway, fennel and juniper berries, raw",831.0,4.0,0.0
Mauritius,1995,"Anise, badian, coriander, cumin, caraway, fennel and juniper berries, raw",799.0,2.0,0.0
Mauritius,1996,"Anise, badian, coriander, cumin, caraway, fennel and juniper berries, raw",774.0,0.0,0.0
Mauritius,1997,"Anise, badian, coriander, cumin, caraway, fennel and juniper berries, raw",834.0,1.0,0.0
Mauritius,1998,"Anise, badian, coriander, cumin, caraway, fennel and juniper berries, raw",756.0,1.0,0.0
Mauritius,2000,"Anise, badian, coriander, cumin, caraway, fennel and juniper berries, raw",737.49,1.22,0.0
Mauritius,2001,"Anise, badian, coriander, cumin, caraway, fennel and juniper berries, raw",849.0,1.0,0.0
Mauritius,2002,"Anise, badian, coriander, cumin, caraway, fennel and juniper berries, raw",785.0,1.0,0.0
Mauritius,2004,"Anise, badian, coriander, cumin, caraway, fennel and juniper berries, raw",882.0,1.0,0.0
Mauritius,2005,"Anise, badian, coriander, cumin, caraway, fennel and juniper berries, raw",785.0,1.0,0.0
Mauritius,2006,"Anise, badian, coriander, cumin, caraway, fennel and juniper berries, raw",673.0,1.0,0.0
Mauritius,2008,"Anise, badian, coriander, cumin, caraway, fennel and juniper berries, raw",741.0,2.0,0.0
Mauritius,2009,"Anise, badian, coriander, cumin, caraway, fennel and juniper berries, raw",823.0,1.0,0.0
Mauritius,2010,"Anise, badian, coriander, cumin, caraway, fennel and juniper berries, raw",660.0,0.0,0.0
Mauritius,2012,"Anise, badian, coriander, cumin, caraway, fennel and juniper berries, raw",726.0,0.0,0.0
Mauritius,2013,"Anise, badian, coriander, cumin, caraway, fennel and juniper berries, raw",780.0,0.0,0.0
Mauritius,2014,"Anise, badian, coriander, cumin, caraway, fennel and juniper berries, raw",754.36,0.17,0.0
Mauritius,2015,"Anise, badian, coriander, cumin, caraway, fennel and juniper berries, raw",846.82,0.7,0.0
Mauritius,2016,"Anise, badian, coriander, cumin, caraway, fennel and juniper berries, raw",924.88,0.79,0.0
Mauritius,2017,"Anise, badian, coriander, cumin, caraway, fennel and juniper berries, raw",831.54,1.35,0.0
Mauritius,2018,"Anise, badian, coriander, cumin, caraway, fennel and juniper berries, raw",973.2,1.71,0.0
Mauritius,2019,"Anise, badian, coriander, cumin, caraway, fennel and juniper berries, raw",851.57,1.99,0.0
Mauritius,2020,"Anise, badian, coriander, cumin, caraway, fennel and juniper berries, raw",785.16,1.91,0.0
Mauritius,2021,"Anise, badian, coriander, cumin, caraway, fennel and juniper berries, raw",991.67,0.64,0.0
Mauritius,2022,"Anise, badian, coriander, cumin, caraway, fennel and juniper berries, raw",897.56,0.92,0.0
Mexico,1993,"Anise, badian, coriander, cumin, caraway, fennel and juniper berries, raw",1727.0,10.0,22391.0
Mexico,1994,"Anise, badian, coriander, cumin, caraway, fennel and juniper berries, raw",2380.0,29.0,22074.0
Mexico,1995,"Anise, badian, coriander, cumin, caraway, fennel and juniper berries, raw",1488.0,45.0,27334.0
Mexico,1996,"Anise, badian, coriander, cumin, caraway, fennel and juniper berries, raw",1533.0,82.0,28466.0
Mexico,1997,"Anise, badian, coriander, cumin, caraway, fennel and juniper berries, raw",2434.0,58.0,32040.0
Mexico,1998,"Anise, badian, coriander, cumin, caraway, fennel and juniper berries, raw",3399.0,166.0,32000.0
Mexico,1999,"Anise, badian, coriander, cumin, caraway, fennel and juniper berries, raw",2288.0,67.0,32000.0
Mexico,2000,"Anise, badian, coriander, cumin, caraway, fennel and juniper berries, raw",1458.35,42.32,32000.0
Mexico,2001,"Anise, badian, coriander, cumin, caraway, fennel and juniper berries, raw",2895.0,155.0,32500.0
Mexico,2002,"Anise, badian, coriander, cumin, caraway, fennel and juniper berries, raw",4845.0,60.0,32500.0
Mexico,2003,"Anise, badian, coriander, cumin, caraway, fennel and juniper berries, raw",3785.0,22.0,38841.0
Mexico,2004,"Anise, badian, coriander, cumin, caraway, fennel and juniper berries, raw",1770.0,67.0,41080.0
Mexico,2005,"Anise, badian, coriander, cumin, caraway, fennel and juniper berries, raw",1611.0,151.0,51678.0
Mexico,2006,"Anise, badian, coriander, cumin, caraway, fennel and juniper berries, raw",3118.0,79.0,51758.0
Mexico,2007,"Anise, badian, coriander, cumin, caraway, fennel and juniper berries, raw",2301.0,178.0,49688.0
Mexico,2008,"Anise, badian, coriander, cumin, caraway, fennel and juniper berries, raw",3461.0,281.0,42327.0
Mexico,2009,"Anise, badian, coriander, cumin, caraway, fennel and juniper berries, raw",3065.0,185.0,39672.0
Mexico,2010,"Anise, badian, coriander, cumin, caraway, fennel and juniper berries, raw",3328.0,423.0,46395.0
Mexico,2011,"Anise, badian, coriander, cumin, caraway, fennel and juniper berries, raw",4359.0,394.0,52591.0
Mexico,2012,"Anise, badian, coriander, cumin, caraway, fennel and juniper berries, raw",3846.0,560.0,54081.0
Mexico,2013,"Anise, badian, coriander, cumin, caraway, fennel and juniper berries, raw",4272.0,435.0,65057.0
Mexico,2014,"Anise, badian, coriander, cumin, caraway, fennel and juniper berries, raw",3719.01,72.36,53546.0
Mexico,2015,"Anise, badian, coriander, cumin, caraway, fennel and juniper berries, raw",2461.3,39.78,68941.0
Mexico,2016,"Anise, badian, coriander, cumin, caraway, fennel and juniper berries, raw",2925.9,94.26,80264.0
Mexico,2017,"Anise, badian, coriander, cumin, caraway, fennel and juniper berries, raw",3426.93,83.94,132565.0
Mexico,2018,"Anise, badian, coriander, cumin, caraway, fennel and juniper berries, raw",3812.9,93.63,127244.0
Mexico,2019,"Anise, badian, coriander, cumin, caraway, fennel and juniper berries, raw",3854.66,285.48,100559.87
Mexico,2020,"Anise, badian, coriander, cumin, caraway, fennel and juniper berries, raw",3114.69,32.9,132675.18
Mexico,2021,"Anise, badian, coriander, cumin, caraway, fennel and juniper berries, raw",3452.12,532.89,132914.0
Mexico,2022,"Anise, badian, coriander, cumin, caraway, fennel and juniper berries, raw",2473.23,921.11,114461.82
Mexico,2023,"Anise, badian, coriander, cumin, caraway, fennel and juniper berries, raw",2372.74,1139.15,118152.3
Mongolia,1997,"Anise, badian, coriander, cumin, caraway, fennel and juniper berries, raw",1.0,0.0,0.0
Mongolia,1999,"Anise, badian, coriander, cumin, caraway, fennel and juniper berries, raw",0.0,0.0,0.0
Mongolia,2000,"Anise, badian, coriander, cumin, caraway, fennel and juniper berries, raw",1.0,0.0,0.0
Mongolia,2001,"Anise, badian, coriander, cumin, caraway, fennel and juniper berries, raw",2.0,0.0,0.0
Mongolia,2002,"Anise, badian, coriander, cumin, caraway, fennel and juniper berries, raw",0.0,0.0,0.0
Mongolia,2003,"Anise, badian, coriander, cumin, caraway, fennel and juniper berries, raw",1.0,0.0,0.0
Mongolia,2004,"Anise, badian, coriander, cumin, caraway, fennel and juniper berries, raw",4.0,0.0,0.0
Mongolia,2005,"Anise, badian, coriander, cumin, caraway, fennel and juniper berries, raw",2.0,0.0,0.0
Mongolia,2006,"Anise, badian, coriander, cumin, caraway, fennel and juniper berries, raw",0.0,0.0,0.0
Mongolia,2007,"Anise, badian, coriander, cumin, caraway, fennel and juniper berries, raw",5.0,0.0,0.0
Mongolia,2008,"Anise, badian, coriander, cumin, caraway, fennel and juniper berries, raw",4.0,0.0,0.0
Mongolia,2009,"Anise, badian, coriander, cumin, caraway, fennel and juniper berries, raw",10.0,0.0,0.0
Mongolia,2010,"Anise, badian, coriander, cumin, caraway, fennel and juniper berries, raw",6.0,0.0,0.0
Mongolia,2011,"Anise, badian, coriander, cumin, caraway, fennel and juniper berries, raw",11.0,0.0,0.0
Mongolia,2012,"Anise, badian, coriander, cumin, caraway, fennel and juniper berries, raw",15.0,0.0,0.0
Mongolia,2013,"Anise, badian, coriander, cumin, caraway, fennel and juniper berries, raw",11.0,0.0,0.0
Mongolia,2014,"Anise, badian, coriander, cumin, caraway, fennel and juniper berries, raw",13.11,0.0,0.0
Mongolia,2015,"Anise, badian, coriander, cumin, caraway, fennel and juniper berries, raw",21.36,0.0,0.0
Mongolia,2016,"Anise, badian, coriander, cumin, caraway, fennel and juniper berries, raw",26.56,0.0,0.0
Mongolia,2017,"Anise, badian, coriander, cumin, caraway, fennel and juniper berries, raw",19.22,0.0,0.0
Mongolia,2018,"Anise, badian, coriander, cumin, caraway, fennel and juniper berries, raw",28.63,0.0,0.0
Mongolia,2020,"Anise, badian, coriander, cumin, caraway, fennel and juniper berries, raw",25.17,0.0,0.0
Mongolia,2021,"Anise, badian, coriander, cumin, caraway, fennel and juniper berries, raw",25.63,0.0,0.0
Mongolia,2022,"Anise, badian, coriander, cumin, caraway, fennel and juniper berries, raw",29.46,0.0,0.0
Montenegro,2007,"Anise, badian, coriander, cumin, caraway, fennel and juniper berries, raw",3.0,15.0,0.0
Montenegro,2008,"Anise, badian, coriander, cumin, caraway, fennel and juniper berries, raw",6.0,55.0,0.0
Montenegro,2009,"Anise, badian, coriander, cumin, caraway, fennel and juniper berries, raw",1.0,20.0,0.0
Montenegro,2010,"Anise, badian, coriander, cumin, caraway, fennel and juniper berries, raw",32.0,88.0,0.0
Montenegro,2011,"Anise, badian, coriander, cumin, caraway, fennel and juniper berries, raw",61.0,36.0,0.0
Montenegro,2012,"Anise, badian, coriander, cumin, caraway, fennel and juniper berries, raw",83.0,52.0,0.0
Montenegro,2013,"Anise, badian, coriander, cumin, caraway, fennel and juniper berries, raw",19.0,0.0,0.0
Montenegro,2014,"Anise, badian, coriander, cumin, caraway, fennel and juniper berries, raw",3.04,131.87,0.0
Montenegro,2015,"Anise, badian, coriander, cumin, caraway, fennel and juniper berries, raw",168.58,158.97,0.0
Montenegro,2016,"Anise, badian, coriander, cumin, caraway, fennel and juniper berries, raw",103.22,5.69,0.0
Montenegro,2017,"Anise, badian, coriander, cumin, caraway, fennel and juniper berries, raw",97.01,151.04,0.0
Montenegro,2018,"Anise, badian, coriander, cumin, caraway, fennel and juniper berries, raw",23.01,63.98,0.0
Montenegro,2019,"Anise, badian, coriander, cumin, caraway, fennel and juniper berries, raw",43.4,102.55,0.0
Montenegro,2020,"Anise, badian, coriander, cumin, caraway, fennel and juniper berries, raw",141.01,28.75,0.0
Montenegro,2021,"Anise, badian, coriander, cumin, caraway, fennel and juniper berries, raw",24.27,333.29,0.0
Montenegro,2022,"Anise, badian, coriander, cumin, caraway, fennel and juniper berries, raw",42.03,14.87,0.0
Montenegro,2023,"Anise, badian, coriander, cumin, caraway, fennel and juniper berries, raw",176.05,220.28,0.0
Morocco,1993,"Anise, badian, coriander, cumin, caraway, fennel and juniper berries, raw",2101.0,3704.0,23000.0
Morocco,1994,"Anise, badian, coriander, cumin, caraway, fennel and juniper berries, raw",1854.0,4017.0,23000.0
Morocco,1995,"Anise, badian, coriander, cumin, caraway, fennel and juniper berries, raw",2041.0,3920.0,23000.0
Morocco,1996,"Anise, badian, coriander, cumin, caraway, fennel and juniper berries, raw",1893.0,6915.0,23000.0
Morocco,1997,"Anise, badian, coriander, cumin, caraway, fennel and juniper berries, raw",1634.0,6064.0,23000.0
Morocco,1998,"Anise, badian, coriander, cumin, caraway, fennel and juniper berries, raw",2695.0,3233.0,23000.0
Morocco,1999,"Anise, badian, coriander, cumin, caraway, fennel and juniper berries, raw",3015.0,3175.0,23000.0
Morocco,2000,"Anise, badian, coriander, cumin, caraway, fennel and juniper berries, raw",2452.0,4059.0,23000.0
Morocco,2001,"Anise, badian, coriander, cumin, caraway, fennel and juniper berries, raw",3021.0,3713.0,23000.0
Morocco,2002,"Anise, badian, coriander, cumin, caraway, fennel and juniper berries, raw",3166.0,5039.0,23000.0
Morocco,2003,"Anise, badian, coriander, cumin, caraway, fennel and juniper berries, raw",3920.0,2602.0,23000.0
Morocco,2004,"Anise, badian, coriander, cumin, caraway, fennel and juniper berries, raw",3263.0,2677.0,23000.0
Morocco,2005,"Anise, badian, coriander, cumin, caraway, fennel and juniper berries, raw",5429.0,3282.0,23000.0
Morocco,2006,"Anise, badian, coriander, cumin, caraway, fennel and juniper berries, raw",4964.0,2107.0,23000.0
Morocco,2007,"Anise, badian, coriander, cumin, caraway, fennel and juniper berries, raw",4027.0,3664.0,23000.0
Morocco,2008,"Anise, badian, coriander, cumin, caraway, fennel and juniper berries, raw",3968.0,6887.0,23000.0
Morocco,2010,"Anise, badian, coriander, cumin, caraway, fennel and juniper berries, raw",3317.0,4522.0,24726.29
Morocco,2012,"Anise, badian, coriander, cumin, caraway, fennel and juniper berries, raw",3754.0,5368.0,29500.0
Morocco,2013,"Anise, badian, coriander, cumin, caraway, fennel and juniper berries, raw",4895.0,7560.0,26857.29
Morocco,2014,"Anise, badian, coriander, cumin, caraway, fennel and juniper berries, raw",4411.01,8843.5,26520.58
Morocco,2015,"Anise, badian, coriander, cumin, caraway, fennel and juniper berries, raw",2907.24,6004.71,27103.83
Morocco,2016,"Anise, badian, coriander, cumin, caraway, fennel and juniper berries, raw",4405.8,4830.59,27436.5
Morocco,2017,"Anise, badian, coriander, cumin, caraway, fennel and juniper berries, raw",4916.2,5285.61,27676.02
Morocco,2018,"Anise, badian, coriander, cumin, caraway, fennel and juniper berries, raw",7531.13,6093.12,27861.65
Morocco,2019,"Anise, badian, coriander, cumin, caraway, fennel and juniper berries, raw",8536.74,10072.96,27851.14
Morocco,2020,"Anise, badian, coriander, cumin, caraway, fennel and juniper berries, raw",8179.64,10084.96,28214.97
Morocco,2021,"Anise, badian, coriander, cumin, caraway, fennel and juniper berries, raw",8707.71,13057.55,28566.74
Morocco,2022,"Anise, badian, coriander, cumin, caraway, fennel and juniper berries, raw",9376.98,7811.51,28802.53
Morocco,2023,"Anise, badian, coriander, cumin, caraway, fennel and juniper berries, raw",7258.76,5394.05,29038.31
Mozambique,1993,"Anise, badian, coriander, cumin, caraway, fennel and juniper berries, raw",0.0,0.0,0.0
Mozambique,1994,"Anise, badian, coriander, cumin, caraway, fennel and juniper berries, raw",0.0,0.0,0.0
Mozambique,1995,"Anise, badian, coriander, cumin, caraway, fennel and juniper berries, raw",0.0,0.0,0.0
Mozambique,1996,"Anise, badian, coriander, cumin, caraway, fennel and juniper berries, raw",0.0,0.0,0.0
Mozambique,1997,"Anise, badian, coriander, cumin, caraway, fennel and juniper berries, raw",0.0,0.0,0.0
Mozambique,1998,"Anise, badian, coriander, cumin, caraway, fennel and juniper berries, raw",0.0,0.0,0.0
Mozambique,1999,"Anise, badian, coriander, cumin, caraway, fennel and juniper berries, raw",0.0,0.0,0.0
Mozambique,2000,"Anise, badian, coriander, cumin, caraway, fennel and juniper berries, raw",0.0,0.0,0.0
Mozambique,2001,"Anise, badian, coriander, cumin, caraway, fennel and juniper berries, raw",0.0,0.0,0.0
Mozambique,2002,"Anise, badian, coriander, cumin, caraway, fennel and juniper berries, raw",0.0,0.0,0.0
Mozambique,2004,"Anise, badian, coriander, cumin, caraway, fennel and juniper berries, raw",2.0,0.0,0.0
Mozambique,2005,"Anise, badian, coriander, cumin, caraway, fennel and juniper berries, raw",2.0,0.0,0.0
Mozambique,2006,"Anise, badian, coriander, cumin, caraway, fennel and juniper berries, raw",4.0,0.0,0.0
Mozambique,2007,"Anise, badian, coriander, cumin, caraway, fennel and juniper berries, raw",0.0,0.0,0.0
Mozambique,2008,"Anise, badian, coriander, cumin, caraway, fennel and juniper berries, raw",0.0,0.0,0.0
Mozambique,2009,"Anise, badian, coriander, cumin, caraway, fennel and juniper berries, raw",0.0,0.0,0.0
Mozambique,2010,"Anise, badian, coriander, cumin, caraway, fennel and juniper berries, raw",15.0,0.0,0.0
Mozambique,2011,"Anise, badian, coriander, cumin, caraway, fennel and juniper berries, raw",5.0,0.0,0.0
Mozambique,2012,"Anise, badian, coriander, cumin, caraway, fennel and juniper berries, raw",10.0,0.0,0.0
Mozambique,2013,"Anise, badian, coriander, cumin, caraway, fennel and juniper berries, raw",11.0,0.0,0.0
Mozambique,2014,"Anise, badian, coriander, cumin, caraway, fennel and juniper berries, raw",13.62,0.0,0.0
Mozambique,2015,"Anise, badian, coriander, cumin, caraway, fennel and juniper berries, raw",5.53,0.0,0.0
Mozambique,2016,"Anise, badian, coriander, cumin, caraway, fennel and juniper berries, raw",7.29,0.0,0.0
Mozambique,2017,"Anise, badian, coriander, cumin, caraway, fennel and juniper berries, raw",10.49,0.03,0.0
Mozambique,2018,"Anise, badian, coriander, cumin, caraway, fennel and juniper berries, raw",12.63,0.0,0.0
Mozambique,2019,"Anise, badian, coriander, cumin, caraway, fennel and juniper berries, raw",5.23,0.02,0.0
Mozambique,2021,"Anise, badian, coriander, cumin, caraway, fennel and juniper berries, raw",13.1,0.06,0.0
Mozambique,2023,"Anise, badian, coriander, cumin, caraway, fennel and juniper berries, raw",12.54,0.09,0.0
Myanmar,1993,"Anise, badian, coriander, cumin, caraway, fennel and juniper berries, raw",200.0,2700.0,0.0
Myanmar,1994,"Anise, badian, coriander, cumin, caraway, fennel and juniper berries, raw",300.0,1200.0,0.0
Myanmar,1995,"Anise, badian, coriander, cumin, caraway, fennel and juniper berries, raw",400.0,600.0,0.0
Myanmar,1996,"Anise, badian, coriander, cumin, caraway, fennel and juniper berries, raw",755.0,600.0,0.0
Myanmar,1997,"Anise, badian, coriander, cumin, caraway, fennel and juniper berries, raw",1500.0,650.0,0.0
Myanmar,1998,"Anise, badian, coriander, cumin, caraway, fennel and juniper berries, raw",250.0,450.0,0.0
Myanmar,2000,"Anise, badian, coriander, cumin, caraway, fennel and juniper berries, raw",2000.0,250.0,0.0
Myanmar,2002,"Anise, badian, coriander, cumin, caraway, fennel and juniper berries, raw",1070.0,332.0,0.0
Myanmar,2003,"Anise, badian, coriander, cumin, caraway, fennel and juniper berries, raw",234.0,375.0,0.0
Myanmar,2004,"Anise, badian, coriander, cumin, caraway, fennel and juniper berries, raw",164.0,159.0,0.0
Myanmar,2005,"Anise, badian, coriander, cumin, caraway, fennel and juniper berries, raw",277.0,179.0,0.0
Myanmar,2006,"Anise, badian, coriander, cumin, caraway, fennel and juniper berries, raw",281.0,296.0,0.0
Myanmar,2007,"Anise, badian, coriander, cumin, caraway, fennel and juniper berries, raw",498.0,737.0,0.0
Myanmar,2008,"Anise, badian, coriander, cumin, caraway, fennel and juniper berries, raw",211.0,762.0,0.0
Myanmar,2009,"Anise, badian, coriander, cumin, caraway, fennel and juniper berries, raw",498.0,50.0,0.0
Myanmar,2010,"Anise, badian, coriander, cumin, caraway, fennel and juniper berries, raw",346.0,43.0,0.0
Myanmar,2011,"Anise, badian, coriander, cumin, caraway, fennel and juniper berries, raw",539.0,807.0,0.0
Myanmar,2012,"Anise, badian, coriander, cumin, caraway, fennel and juniper berries, raw",1295.0,360.0,0.0
Myanmar,2014,"Anise, badian, coriander, cumin, caraway, fennel and juniper berries, raw",510.83,858.64,0.0
Myanmar,2016,"Anise, badian, coriander, cumin, caraway, fennel and juniper berries, raw",838.69,916.61,0.0
Myanmar,2017,"Anise, badian, coriander, cumin, caraway, fennel and juniper berries, raw",1193.78,585.96,0.0
Myanmar,2018,"Anise, badian, coriander, cumin, caraway, fennel and juniper berries, raw",1111.23,330.63,0.0
Myanmar,2019,"Anise, badian, coriander, cumin, caraway, fennel and juniper berries, raw",748.95,745.96,0.0
Myanmar,2020,"Anise, badian, coriander, cumin, caraway, fennel and juniper berries, raw",1360.54,856.0,0.0
Myanmar,2021,"Anise, badian, coriander, cumin, caraway, fennel and juniper berries, raw",671.16,186.76,0.0
Myanmar,2022,"Anise, badian, coriander, cumin, caraway, fennel and juniper berries, raw",703.58,721.03,0.0
Myanmar,2023,"Anise, badian, coriander, cumin, caraway, fennel and juniper berries, raw",1411.66,456.59,0.0
Namibia,1997,"Anise, badian, coriander, cumin, caraway, fennel and juniper berries, raw",2.0,0.0,0.0
Namibia,1998,"Anise, badian, coriander, cumin, caraway, fennel and juniper berries, raw",11.0,0.0,0.0
Namibia,2000,"Anise, badian, coriander, cumin, caraway, fennel and juniper berries, raw",4.0,9.0,0.0
Namibia,2001,"Anise, badian, coriander, cumin, caraway, fennel and juniper berries, raw",7.0,21.0,0.0
Namibia,2002,"Anise, badian, coriander, cumin, caraway, fennel and juniper berries, raw",1.0,22.0,0.0
Namibia,2003,"Anise, badian, coriander, cumin, caraway, fennel and juniper berries, raw",1.0,1.0,0.0
Namibia,2004,"Anise, badian, coriander, cumin, caraway, fennel and juniper berries, raw",7.0,1.0,0.0
Namibia,2006,"Anise, badian, coriander, cumin, caraway, fennel and juniper berries, raw",3.0,0.0,0.0
Namibia,2007,"Anise, badian, coriander, cumin, caraway, fennel and juniper berries, raw",2.0,0.0,0.0
Namibia,2008,"Anise, badian, coriander, cumin, caraway, fennel and juniper berries, raw",0.0,0.0,0.0
Namibia,2009,"Anise, badian, coriander, cumin, caraway, fennel and juniper berries, raw",0.0,0.0,0.0
Namibia,2010,"Anise, badian, coriander, cumin, caraway, fennel and juniper berries, raw",0.0,0.0,0.0
Namibia,2011,"Anise, badian, coriander, cumin, caraway, fennel and juniper berries, raw",0.0,0.0,0.0
Namibia,2012,"Anise, badian, coriander, cumin, caraway, fennel and juniper berries, raw",14.0,0.0,0.0
Namibia,2014,"Anise, badian, coriander, cumin, caraway, fennel and juniper berries, raw",8.5,0.23,0.0
Namibia,2015,"Anise, badian, coriander, cumin, caraway, fennel and juniper berries, raw",11.08,0.15,0.0
Namibia,2016,"Anise, badian, coriander, cumin, caraway, fennel and juniper berries, raw",11.67,0.02,0.0
Namibia,2017,"Anise, badian, coriander, cumin, caraway, fennel and juniper berries, raw",21.41,0.04,0.0
Namibia,2018,"Anise, badian, coriander, cumin, caraway, fennel and juniper berries, raw",23.58,0.64,0.0
Namibia,2019,"Anise, badian, coriander, cumin, caraway, fennel and juniper berries, raw",20.57,0.5,0.0
Namibia,2020,"Anise, badian, coriander, cumin, caraway, fennel and juniper berries, raw",8.05,0.0,0.0
Namibia,2021,"Anise, badian, coriander, cumin, caraway, fennel and juniper berries, raw",11.94,0.0,0.0
Namibia,2022,"Anise, badian, coriander, cumin, caraway, fennel and juniper berries, raw",24.36,0.0,0.0
Nauru,2014,"Anise, badian, coriander, cumin, caraway, fennel and juniper berries, raw",0.04,0.0,0.0
Nauru,2015,"Anise, badian, coriander, cumin, caraway, fennel and juniper berries, raw",0.05,0.0,0.0
Nauru,2016,"Anise, badian, coriander, cumin, caraway, fennel and juniper berries, raw",0.09,0.0,0.0
Nauru,2017,"Anise, badian, coriander, cumin, caraway, fennel and juniper berries, raw",0.06,0.0,0.0
Nauru,2018,"Anise, badian, coriander, cumin, caraway, fennel and juniper berries, raw",0.05,0.0,0.0
Nauru,2019,"Anise, badian, coriander, cumin, caraway, fennel and juniper berries, raw",0.22,0.0,0.0
Nauru,2020,"Anise, badian, coriander, cumin, caraway, fennel and juniper berries, raw",0.06,0.0,0.0
Nauru,2021,"Anise, badian, coriander, cumin, caraway, fennel and juniper berries, raw",0.08,0.0,0.0
Nauru,2022,"Anise, badian, coriander, cumin, caraway, fennel and juniper berries, raw",0.19,0.0,0.0
Nauru,2023,"Anise, badian, coriander, cumin, caraway, fennel and juniper berries, raw",0.04,0.0,0.0
Nepal,1993,"Anise, badian, coriander, cumin, caraway, fennel and juniper berries, raw",2300.0,0.0,0.0
Nepal,1994,"Anise, badian, coriander, cumin, caraway, fennel and juniper berries, raw",3200.0,0.0,0.0
Nepal,1995,"Anise, badian, coriander, cumin, caraway, fennel and juniper berries, raw",270.0,0.0,0.0
Nepal,1997,"Anise, badian, coriander, cumin, caraway, fennel and juniper berries, raw",800.0,0.0,0.0
Nepal,1998,"Anise, badian, coriander, cumin, caraway, fennel and juniper berries, raw",350.0,0.0,0.0
Nepal,1999,"Anise, badian, coriander, cumin, caraway, fennel and juniper berries, raw",1187.0,0.0,0.0
Nepal,2000,"Anise, badian, coriander, cumin, caraway, fennel and juniper berries, raw",840.0,0.0,0.0
Nepal,2001,"Anise, badian, coriander, cumin, caraway, fennel and juniper berries, raw",20.0,0.0,0.0
Nepal,2002,"Anise, badian, coriander, cumin, caraway, fennel and juniper berries, raw",195.0,0.0,0.0
Nepal,2004,"Anise, badian, coriander, cumin, caraway, fennel and juniper berries, raw",4169.0,0.0,0.0
Nepal,2005,"Anise, badian, coriander, cumin, caraway, fennel and juniper berries, raw",4748.0,0.0,0.0
Nepal,2006,"Anise, badian, coriander, cumin, caraway, fennel and juniper berries, raw",5710.0,0.0,0.0
Nepal,2007,"Anise, badian, coriander, cumin, caraway, fennel and juniper berries, raw",5353.0,0.0,0.0
Nepal,2008,"Anise, badian, coriander, cumin, caraway, fennel and juniper berries, raw",6536.0,0.0,0.0
Nepal,2009,"Anise, badian, coriander, cumin, caraway, fennel and juniper berries, raw",7262.0,13.0,0.0
Nepal,2011,"Anise, badian, coriander, cumin, caraway, fennel and juniper berries, raw",9719.0,0.0,0.0
Nepal,2012,"Anise, badian, coriander, cumin, caraway, fennel and juniper berries, raw",10604.0,18.0,0.0
Nepal,2013,"Anise, badian, coriander, cumin, caraway, fennel and juniper berries, raw",9201.0,2.0,0.0
Nepal,2014,"Anise, badian, coriander, cumin, caraway, fennel and juniper berries, raw",10493.01,0.17,0.0
Nepal,2015,"Anise, badian, coriander, cumin, caraway, fennel and juniper berries, raw",9173.33,0.09,0.0
Nepal,2016,"Anise, badian, coriander, cumin, caraway, fennel and juniper berries, raw",13855.7,1.61,0.0
Nepal,2017,"Anise, badian, coriander, cumin, caraway, fennel and juniper berries, raw",13633.31,1.04,0.0
Nepal,2018,"Anise, badian, coriander, cumin, caraway, fennel and juniper berries, raw",14150.73,3.97,0.0
Nepal,2020,"Anise, badian, coriander, cumin, caraway, fennel and juniper berries, raw",19388.26,0.0,0.0
Nepal,2021,"Anise, badian, coriander, cumin, caraway, fennel and juniper berries, raw",18545.84,0.0,0.0
Nepal,2022,"Anise, badian, coriander, cumin, caraway, fennel and juniper berries, raw",14882.61,0.04,0.0
Netherlands (Kingdom of the),1993,"Anise, badian, coriander, cumin, caraway, fennel and juniper berries, raw",6756.0,6307.0,200.0
Netherlands (Kingdom of the),1995,"Anise, badian, coriander, cumin, caraway, fennel and juniper berries, raw",6600.0,6243.0,1400.0
Netherlands (Kingdom of the),1996,"Anise, badian, coriander, cumin, caraway, fennel and juniper berries, raw",7589.0,6770.0,1000.0
Netherlands (Kingdom of the),1998,"Anise, badian, coriander, cumin, caraway, fennel and juniper berries, raw",8735.0,4526.0,200.0
Netherlands (Kingdom of the),1999,"Anise, badian, coriander, cumin, caraway, fennel and juniper berries, raw",6585.0,5446.0,164.0
Netherlands (Kingdom of the),2000,"Anise, badian, coriander, cumin, caraway, fennel and juniper berries, raw",6892.0,5190.0,177.0
Netherlands (Kingdom of the),2002,"Anise, badian, coriander, cumin, caraway, fennel and juniper berries, raw",7438.0,5023.0,200.0
Netherlands (Kingdom of the),2003,"Anise, badian, coriander, cumin, caraway, fennel and juniper berries, raw",6377.0,4710.0,229.67
Netherlands (Kingdom of the),2004,"Anise, badian, coriander, cumin, caraway, fennel and juniper berries, raw",6595.0,4449.0,213.88
Netherlands (Kingdom of the),2005,"Anise, badian, coriander, cumin, caraway, fennel and juniper berries, raw",7214.0,3749.0,242.6
Netherlands (Kingdom of the),2006,"Anise, badian, coriander, cumin, caraway, fennel and juniper berries, raw",6720.0,4108.0,250.0
Netherlands (Kingdom of the),2007,"Anise, badian, coriander, cumin, caraway, fennel and juniper berries, raw",10083.0,5249.0,280.0
Netherlands (Kingdom of the),2008,"Anise, badian, coriander, cumin, caraway, fennel and juniper berries, raw",9139.0,7398.0,303.71
Netherlands (Kingdom of the),2009,"Anise, badian, coriander, cumin, caraway, fennel and juniper berries, raw",9604.0,6951.0,306.78
Netherlands (Kingdom of the),2011,"Anise, badian, coriander, cumin, caraway, fennel and juniper berries, raw",9128.0,5806.0,333.33
Netherlands (Kingdom of the),2012,"Anise, badian, coriander, cumin, caraway, fennel and juniper berries, raw",7311.0,4666.0,333.56
Netherlands (Kingdom of the),2013,"Anise, badian, coriander, cumin, caraway, fennel and juniper berries, raw",9182.0,5787.0,333.79
Netherlands (Kingdom of the),2014,"Anise, badian, coriander, cumin, caraway, fennel and juniper berries, raw",8906.49,5916.07,327.76
Netherlands (Kingdom of the),2015,"Anise, badian, coriander, cumin, caraway, fennel and juniper berries, raw",7422.8,4588.92,323.33
Netherlands (Kingdom of the),2016,"Anise, badian, coriander, cumin, caraway, fennel and juniper berries, raw",7672.87,4236.71,338.42
Netherlands (Kingdom of the),2017,"Anise, badian, coriander, cumin, caraway, fennel and juniper berries, raw",7709.51,6342.96,339.09
Netherlands (Kingdom of the),2018,"Anise, badian, coriander, cumin, caraway, fennel and juniper berries, raw",7148.02,5293.77,0.0
Netherlands (Kingdom of the),2019,"Anise, badian, coriander, cumin, caraway, fennel and juniper berries, raw",7444.11,4896.8,0.0
Netherlands (Kingdom of the),2020,"Anise, badian, coriander, cumin, caraway, fennel and juniper berries, raw",9190.1,5065.53,0.0
Netherlands (Kingdom of the),2021,"Anise, badian, coriander, cumin, caraway, fennel and juniper berries, raw",9703.47,5446.87,0.0
Netherlands (Kingdom of the),2022,"Anise, badian, coriander, cumin, caraway, fennel and juniper berries, raw",9415.71,5575.43,0.0
Netherlands (Kingdom of the),2023,"Anise, badian, coriander, cumin, caraway, fennel and juniper berries, raw",8784.11,6342.88,0.0
New Caledonia,1998,"Anise, badian, coriander, cumin, caraway, fennel and juniper berries, raw",0.0,0.0,0.0
New Caledonia,1999,"Anise, badian, coriander, cumin, caraway, fennel and juniper berries, raw",0.0,0.0,0.0
New Caledonia,2000,"Anise, badian, coriander, cumin, caraway, fennel and juniper berries, raw",0.0,0.0,0.0
New Caledonia,2001,"Anise, badian, coriander, cumin, caraway, fennel and juniper berries, raw",5.0,0.0,0.0
New Caledonia,2002,"Anise, badian, coriander, cumin, caraway, fennel and juniper berries, raw",4.0,0.0,0.0
New Caledonia,2003,"Anise, badian, coriander, cumin, caraway, fennel and juniper berries, raw",3.0,0.0,0.0
New Caledonia,2005,"Anise, badian, coriander, cumin, caraway, fennel and juniper berries, raw",3.0,0.0,0.0
New Caledonia,2006,"Anise, badian, coriander, cumin, caraway, fennel and juniper berries, raw",3.0,0.0,0.0
New Caledonia,2007,"Anise, badian, coriander, cumin, caraway, fennel and juniper berries, raw",3.0,0.0,0.0
New Caledonia,2008,"Anise, badian, coriander, cumin, caraway, fennel and juniper berries, raw",3.0,0.0,0.0
New Caledonia,2009,"Anise, badian, coriander, cumin, caraway, fennel and juniper berries, raw",4.0,0.0,0.0
New Caledonia,2010,"Anise, badian, coriander, cumin, caraway, fennel and juniper berries, raw",5.0,0.0,0.0
New Caledonia,2011,"Anise, badian, coriander, cumin, caraway, fennel and juniper berries, raw",4.0,0.0,0.0
New Caledonia,2013,"Anise, badian, coriander, cumin, caraway, fennel and juniper berries, raw",4.0,0.0,0.0
New Caledonia,2014,"Anise, badian, coriander, cumin, caraway, fennel and juniper berries, raw",4.41,0.05,0.0
New Caledonia,2015,"Anise, badian, coriander, cumin, caraway, fennel and juniper berries, raw",4.4,0.04,0.0
New Caledonia,2016,"Anise, badian, coriander, cumin, caraway, fennel and juniper berries, raw",0.14,0.0,0.0
New Caledonia,2017,"Anise, badian, coriander, cumin, caraway, fennel and juniper berries, raw",0.52,0.0,0.0
New Caledonia,2018,"Anise, badian, coriander, cumin, caraway, fennel and juniper berries, raw",0.39,0.0,0.0
New Caledonia,2019,"Anise, badian, coriander, cumin, caraway, fennel and juniper berries, raw",0.6,0.0,0.0
New Caledonia,2022,"Anise, badian, coriander, cumin, caraway, fennel and juniper berries, raw",0.41,0.0,0.0
New Caledonia,2023,"Anise, badian, coriander, cumin, caraway, fennel and juniper berries, raw",1.38,0.0,0.0
New Zealand,1993,"Anise, badian, coriander, cumin, caraway, fennel and juniper berries, raw",74.0,0.0,0.0
New Zealand,1994,"Anise, badian, coriander, cumin, caraway, fennel and juniper berries, raw",123.0,0.0,0.0
New Zealand,1996,"Anise, badian, coriander, cumin, caraway, fennel and juniper berries, raw",112.0,0.0,0.0
New Zealand,1997,"Anise, badian, coriander, cumin, caraway, fennel and juniper berries, raw",128.0,0.0,0.0
New Zealand,1998,"Anise, badian, coriander, cumin, caraway, fennel and juniper berries, raw",177.0,1.0,0.0
New Zealand,1999,"Anise, badian, coriander, cumin, caraway, fennel and juniper berries, raw",160.0,14.0,0.0
New Zealand,2000,"Anise, badian, coriander, cumin, caraway, fennel and juniper berries, raw",227.55,1.31,0.0
New Zealand,2001,"Anise, badian, coriander, cumin, caraway, fennel and juniper berries, raw",196.0,0.0,0.0
New Zealand,2002,"Anise, badian, coriander, cumin, caraway, fennel and juniper berries, raw",178.0,20.0,0.0
New Zealand,2003,"Anise, badian, coriander, cumin, caraway, fennel and juniper berries, raw",258.0,134.0,0.0
New Zealand,2004,"Anise, badian, coriander, cumin, caraway, fennel and juniper berries, raw",176.0,144.0,0.0
New Zealand,2005,"Anise, badian, coriander, cumin, caraway, fennel and juniper berries, raw",293.0,199.0,0.0
New Zealand,2006,"Anise, badian, coriander, cumin, caraway, fennel and juniper berries, raw",289.0,74.0,0.0
New Zealand,2007,"Anise, badian, coriander, cumin, caraway, fennel and juniper berries, raw",248.0,78.0,0.0
New Zealand,2008,"Anise, badian, coriander, cumin, caraway, fennel and juniper berries, raw",269.0,54.0,0.0
New Zealand,2009,"Anise, badian, coriander, cumin, caraway, fennel and juniper berries, raw",268.0,39.0,0.0
New Zealand,2010,"Anise, badian, coriander, cumin, caraway, fennel and juniper berries, raw",362.0,86.0,0.0
New Zealand,2011,"Anise, badian, coriander, cumin, caraway, fennel and juniper berries, raw",257.0,46.0,0.0
New Zealand,2012,"Anise, badian, coriander, cumin, caraway, fennel and juniper berries, raw",363.0,35.0,0.0
New Zealand,2013,"Anise, badian, coriander, cumin, caraway, fennel and juniper berries, raw",345.0,46.0,0.0
New Zealand,2014,"Anise, badian, coriander, cumin, caraway, fennel and juniper berries, raw",531.53,26.16,0.0
New Zealand,2015,"Anise, badian, coriander, cumin, caraway, fennel and juniper berries, raw",639.97,18.16,0.0
New Zealand,2016,"Anise, badian, coriander, cumin, caraway, fennel and juniper berries, raw",655.54,66.62,0.0
New Zealand,2017,"Anise, badian, coriander, cumin, caraway, fennel and juniper berries, raw",539.38,29.84,0.0
New Zealand,2018,"Anise, badian, coriander, cumin, caraway, fennel and juniper berries, raw",576.54,50.03,0.0
New Zealand,2019,"Anise, badian, coriander, cumin, caraway, fennel and juniper berries, raw",572.59,57.28,0.0
New Zealand,2020,"Anise, badian, coriander, cumin, caraway, fennel and juniper berries, raw",609.73,48.9,0.0
New Zealand,2022,"Anise, badian, coriander, cumin, caraway, fennel and juniper berries, raw",578.58,8.15,0.0
New Zealand,2023,"Anise, badian, coriander, cumin, caraway, fennel and juniper berries, raw",536.35,2.69,0.0
Nicaragua,1993,"Anise, badian, coriander, cumin, caraway, fennel and juniper berries, raw",18.0,0.0,0.0
Nicaragua,1994,"Anise, badian, coriander, cumin, caraway, fennel and juniper berries, raw",12.0,0.0,0.0
Nicaragua,1995,"Anise, badian, coriander, cumin, caraway, fennel and juniper berries, raw",18.0,0.0,0.0
Nicaragua,1996,"Anise, badian, coriander, cumin, caraway, fennel and juniper berries, raw",7.0,0.0,0.0
Nicaragua,1997,"Anise, badian, coriander, cumin, caraway, fennel and juniper berries, raw",11.0,0.0,0.0
Nicaragua,1998,"Anise, badian, coriander, cumin, caraway, fennel and juniper berries, raw",8.0,0.0,0.0
Nicaragua,1999,"Anise, badian, coriander, cumin, caraway, fennel and juniper berries, raw",6.0,1.0,0.0
Nicaragua,2001,"Anise, badian, coriander, cumin, caraway, fennel and juniper berries, raw",20.0,0.0,0.0
Nicaragua,2002,"Anise, badian, coriander, cumin, caraway, fennel and juniper berries, raw",9.0,0.0,0.0
Nicaragua,2003,"Anise, badian, coriander, cumin, caraway, fennel and juniper berries, raw",20.0,1.0,0.0
Nicaragua,2004,"Anise, badian, coriander, cumin, caraway, fennel and juniper berries, raw",13.0,0.0,0.0
Nicaragua,2005,"Anise, badian, coriander, cumin, caraway, fennel and juniper berries, raw",17.0,0.0,0.0
Nicaragua,2006,"Anise, badian, coriander, cumin, caraway, fennel and juniper berries, raw",11.0,0.0,0.0
Nicaragua,2007,"Anise, badian, coriander, cumin, caraway, fennel and juniper berries, raw",20.0,0.0,0.0
Nicaragua,2008,"Anise, badian, coriander, cumin, caraway, fennel and juniper berries, raw",17.0,0.0,0.0
Nicaragua,2009,"Anise, badian, coriander, cumin, caraway, fennel and juniper berries, raw",9.0,0.0,0.0
Nicaragua,2010,"Anise, badian, coriander, cumin, caraway, fennel and juniper berries, raw",15.0,0.0,0.0
Nicaragua,2012,"Anise, badian, coriander, cumin, caraway, fennel and juniper berries, raw",6.0,0.0,0.0
Nicaragua,2013,"Anise, badian, coriander, cumin, caraway, fennel and juniper berries, raw",82.0,0.0,0.0
Nicaragua,2014,"Anise, badian, coriander, cumin, caraway, fennel and juniper berries, raw",27.08,0.0,0.0
Nicaragua,2015,"Anise, badian, coriander, cumin, caraway, fennel and juniper berries, raw",34.99,0.0,0.0
Nicaragua,2016,"Anise, badian, coriander, cumin, caraway, fennel and juniper berries, raw",50.83,0.0,0.0
Nicaragua,2017,"Anise, badian, coriander, cumin, caraway, fennel and juniper berries, raw",41.8,0.0,0.0
Nicaragua,2019,"Anise, badian, coriander, cumin, caraway, fennel and juniper berries, raw",28.84,0.02,0.0
Nicaragua,2020,"Anise, badian, coriander, cumin, caraway, fennel and juniper berries, raw",43.32,0.0,0.0
Nicaragua,2021,"Anise, badian, coriander, cumin, caraway, fennel and juniper berries, raw",53.57,0.01,0.0
Nicaragua,2022,"Anise, badian, coriander, cumin, caraway, fennel and juniper berries, raw",57.16,0.0,0.0
Nicaragua,2023,"Anise, badian, coriander, cumin, caraway, fennel and juniper berries, raw",37.41,0.0,0.0
Niger,1994,"Anise, badian, coriander, cumin, caraway, fennel and juniper berries, raw",0.0,0.0,0.0
Niger,1995,"Anise, badian, coriander, cumin, caraway, fennel and juniper berries, raw",0.0,0.0,0.0
Niger,1996,"Anise, badian, coriander, cumin, caraway, fennel and juniper berries, raw",0.37,0.0,0.0
Niger,1998,"Anise, badian, coriander, cumin, caraway, fennel and juniper berries, raw",0.15,0.0,0.0
Niger,1999,"Anise, badian, coriander, cumin, caraway, fennel and juniper berries, raw",0.03,0.0,0.0
Niger,2000,"Anise, badian, coriander, cumin, caraway, fennel and juniper berries, raw",39.0,0.0,0.0
Niger,2001,"Anise, badian, coriander, cumin, caraway, fennel and juniper berries, raw",47.0,0.0,0.0
Niger,2002,"Anise, badian, coriander, cumin, caraway, fennel and juniper berries, raw",12.0,0.0,0.0
Niger,2003,"Anise, badian, coriander, cumin, caraway, fennel and juniper berries, raw",0.0,0.0,0.0
Niger,2004,"Anise, badian, coriander, cumin, caraway, fennel and juniper berries, raw",0.0,0.0,0.0
Niger,2005,"Anise, badian, coriander, cumin, caraway, fennel and juniper berries, raw",0.0,0.0,0.0
Niger,2007,"Anise, badian, coriander, cumin, caraway, fennel and juniper berries, raw",0.0,0.0,0.0
Niger,2008,"Anise, badian, coriander, cumin, caraway, fennel and juniper berries, raw",0.0,0.0,0.0
Niger,2009,"Anise, badian, coriander, cumin, caraway, fennel and juniper berries, raw",0.0,0.0,0.0
Niger,2010,"Anise, badian, coriander, cumin, caraway, fennel and juniper berries, raw",3.0,0.0,0.0
Niger,2011,"Anise, badian, coriander, cumin, caraway, fennel and juniper berries, raw",0.0,0.0,0.0
Niger,2012,"Anise, badian, coriander, cumin, caraway, fennel and juniper berries, raw",2.0,0.0,0.0
Niger,2013,"Anise, badian, coriander, cumin, caraway, fennel and juniper berries, raw",1.0,0.0,0.0
Niger,2014,"Anise, badian, coriander, cumin, caraway, fennel and juniper berries, raw",0.35,0.0,0.0
Niger,2015,"Anise, badian, coriander, cumin, caraway, fennel and juniper berries, raw",0.58,23.0,0.0
Niger,2016,"Anise, badian, coriander, cumin, caraway, fennel and juniper berries, raw",0.1,0.0,0.0
Niger,2018,"Anise, badian, coriander, cumin, caraway, fennel and juniper berries, raw",0.02,27.06,0.0
Niger,2019,"Anise, badian, coriander, cumin, caraway, fennel and juniper berries, raw",0.15,0.0,0.0
Niger,2020,"Anise, badian, coriander, cumin, caraway, fennel and juniper berries, raw",0.0,0.0,0.0
Niger,2021,"Anise, badian, coriander, cumin, caraway, fennel and juniper berries, raw",0.22,0.0,0.0
Niger,2023,"Anise, badian, coriander, cumin, caraway, fennel and juniper berries, raw",0.05,0.0,0.0
Nigeria,2000,"Anise, badian, coriander, cumin, caraway, fennel and juniper berries, raw",16.87,0.0,0.0
Nigeria,2001,"Anise, badian, coriander, cumin, caraway, fennel and juniper berries, raw",20.0,0.0,0.0
Nigeria,2002,"Anise, badian, coriander, cumin, caraway, fennel and juniper berries, raw",4.0,0.0,0.0
Nigeria,2003,"Anise, badian, coriander, cumin, caraway, fennel and juniper berries, raw",45.0,0.0,0.0
Nigeria,2004,"Anise, badian, coriander, cumin, caraway, fennel and juniper berries, raw",37.0,0.0,0.0
Nigeria,2005,"Anise, badian, coriander, cumin, caraway, fennel and juniper berries, raw",106.0,0.0,0.0
Nigeria,2006,"Anise, badian, coriander, cumin, caraway, fennel and juniper berries, raw",73.0,0.0,0.0
Nigeria,2007,"Anise, badian, coriander, cumin, caraway, fennel and juniper berries, raw",53.0,0.0,0.0
Nigeria,2008,"Anise, badian, coriander, cumin, caraway, fennel and juniper berries, raw",84.0,0.0,0.0
Nigeria,2009,"Anise, badian, coriander, cumin, caraway, fennel and juniper berries, raw",46.0,0.0,0.0
Nigeria,2010,"Anise, badian, coriander, cumin, caraway, fennel and juniper berries, raw",63.0,0.0,0.0
Nigeria,2011,"Anise, badian, coriander, cumin, caraway, fennel and juniper berries, raw",55.0,0.0,0.0
Nigeria,2012,"Anise, badian, coriander, cumin, caraway, fennel and juniper berries, raw",70.0,0.0,0.0
Nigeria,2013,"Anise, badian, coriander, cumin, caraway, fennel and juniper berries, raw",93.0,0.0,0.0
Nigeria,2014,"Anise, badian, coriander, cumin, caraway, fennel and juniper berries, raw",97.83,100.0,0.0
Nigeria,2015,"Anise, badian, coriander, cumin, caraway, fennel and juniper berries, raw",104.7,88.3,0.0
Nigeria,2016,"Anise, badian, coriander, cumin, caraway, fennel and juniper berries, raw",181.95,23.05,0.0
Nigeria,2017,"Anise, badian, coriander, cumin, caraway, fennel and juniper berries, raw",234.94,0.04,0.0
Nigeria,2018,"Anise, badian, coriander, cumin, caraway, fennel and juniper berries, raw",292.06,0.19,0.0
Nigeria,2019,"Anise, badian, coriander, cumin, caraway, fennel and juniper berries, raw",289.87,1.97,0.0
Nigeria,2020,"Anise, badian, coriander, cumin, caraway, fennel and juniper berries, raw",319.54,2.77,0.0
Nigeria,2021,"Anise, badian, coriander, cumin, caraway, fennel and juniper berries, raw",599.74,0.29,0.0
Nigeria,2022,"Anise, badian, coriander, cumin, caraway, fennel and juniper berries, raw",628.31,1.39,0.0
Niue,2014,"Anise, badian, coriander, cumin, caraway, fennel and juniper berries, raw",0.04,0.0,0.0
Niue,2018,"Anise, badian, coriander, cumin, caraway, fennel and juniper berries, raw",0.02,0.0,0.0
Niue,2019,"Anise, badian, coriander, cumin, caraway, fennel and juniper berries, raw",0.0,0.0,0.0
Niue,2022,"Anise, badian, coriander, cumin, caraway, fennel and juniper berries, raw",0.04,0.0,0.0
Niue,2023,"Anise, badian, coriander, cumin, caraway, fennel and juniper berries, raw",0.0,0.0,0.0
North Macedonia,1993,"Anise, badian, coriander, cumin, caraway, fennel and juniper berries, raw",71.0,1045.0,1000.0
North Macedonia,1994,"Anise, badian, coriander, cumin, caraway, fennel and juniper berries, raw",531.0,1458.0,682.35
North Macedonia,1996,"Anise, badian, coriander, cumin, caraway, fennel and juniper berries, raw",106.0,722.0,700.0
North Macedonia,1997,"Anise, badian, coriander, cumin, caraway, fennel and juniper berries, raw",10.0,673.0,700.0
North Macedonia,1998,"Anise, badian, coriander, cumin, caraway, fennel and juniper berries, raw",80.0,1300.0,1300.0
North Macedonia,1999,"Anise, badian, coriander, cumin, caraway, fennel and juniper berries, raw",77.0,980.0,1000.0
North Macedonia,2000,"Anise, badian, coriander, cumin, caraway, fennel and juniper berries, raw",4.0,456.0,500.0
North Macedonia,2001,"Anise, badian, coriander, cumin, caraway, fennel and juniper berries, raw",7.0,496.0,500.0
North Macedonia,2002,"Anise, badian, coriander, cumin, caraway, fennel and juniper berries, raw",28.0,618.0,600.0
North Macedonia,2003,"Anise, badian, coriander, cumin, caraway, fennel and juniper berries, raw",107.0,540.0,500.0
North Macedonia,2004,"Anise, badian, coriander, cumin, caraway, fennel and juniper berries, raw",42.0,377.0,400.0
North Macedonia,2005,"Anise, badian, coriander, cumin, caraway, fennel and juniper berries, raw",22.0,1172.0,1200.0
North Macedonia,2007,"Anise, badian, coriander, cumin, caraway, fennel and juniper berries, raw",15.0,972.0,1393.84
North Macedonia,2008,"Anise, badian, coriander, cumin, caraway, fennel and juniper berries, raw",54.0,895.0,1310.59
North Macedonia,2009,"Anise, badian, coriander, cumin, caraway, fennel and juniper berries, raw",105.0,932.0,1338.93
North Macedonia,2011,"Anise, badian, coriander, cumin, caraway, fennel and juniper berries, raw",130.0,894.0,1366.09
North Macedonia,2014,"Anise, badian, coriander, cumin, caraway, fennel and juniper berries, raw",211.12,709.27,1354.34
North Macedonia,2015,"Anise, badian, coriander, cumin, caraway, fennel and juniper berries, raw",146.35,966.24,1353.15
North Macedonia,2016,"Anise, badian, coriander, cumin, caraway, fennel and juniper berries, raw",238.54,871.38,1392.26
North Macedonia,2017,"Anise, badian, coriander, cumin, caraway, fennel and juniper berries, raw",176.62,1291.81,1400.0
North Macedonia,2018,"Anise, badian, coriander, cumin, caraway, fennel and juniper berries, raw",88.7,1488.75,1700.0
North Macedonia,2019,"Anise, badian, coriander, cumin, caraway, fennel and juniper berries, raw",145.07,1233.42,1497.42
North Macedonia,2020,"Anise, badian, coriander, cumin, caraway, fennel and juniper berries, raw",68.56,1289.98,1532.47
North Macedonia,2022,"Anise, badian, coriander, cumin, caraway, fennel and juniper berries, raw",176.72,1476.18,1535.51
North Macedonia,2023,"Anise, badian, coriander, cumin, caraway, fennel and juniper berries, raw",299.57,1088.01,1548.2
Norway,1993,"Anise, badian, coriander, cumin, caraway, fennel and juniper berries, raw",104.0,0.0,0.0
Norway,1994,"Anise, badian, coriander, cumin, caraway, fennel and juniper berries, raw",113.0,0.0,0.0
Norway,1995,"Anise, badian, coriander, cumin, caraway, fennel and juniper berries, raw",98.0,0.0,0.0
Norway,1996,"Anise, badian, coriander, cumin, caraway, fennel and juniper berries, raw",125.0,8.0,0.0
Norway,1997,"Anise, badian, coriander, cumin, caraway, fennel and juniper berries, raw",106.0,2.0,0.0
Norway,1998,"Anise, badian, coriander, cumin, caraway, fennel and juniper berries, raw",84.0,8.0,0.0
Norway,1999,"Anise, badian, coriander, cumin, caraway, fennel and juniper berries, raw",131.0,10.0,0.0
Norway,2000,"Anise, badian, coriander, cumin, caraway, fennel and juniper berries, raw",150.56,3.0,0.0
Norway,2001,"Anise, badian, coriander, cumin, caraway, fennel and juniper berries, raw",169.0,0.0,0.0
Norway,2002,"Anise, badian, coriander, cumin, caraway, fennel and juniper berries, raw",172.0,0.0,0.0
Norway,2003,"Anise, badian, coriander, cumin, caraway, fennel and juniper berries, raw",162.0,1.0,0.0
Norway,2005,"Anise, badian, coriander, cumin, caraway, fennel and juniper berries, raw",185.0,1.0,0.0
Norway,2006,"Anise, badian, coriander, cumin, caraway, fennel and juniper berries, raw",188.0,3.0,0.0
Norway,2007,"Anise, badian, coriander, cumin, caraway, fennel and juniper berries, raw",170.0,3.0,0.0
Norway,2009,"Anise, badian, coriander, cumin, caraway, fennel and juniper berries, raw",178.0,7.0,0.0
Norway,2011,"Anise, badian, coriander, cumin, caraway, fennel and juniper berries, raw",181.0,9.0,0.0
Norway,2012,"Anise, badian, coriander, cumin, caraway, fennel and juniper berries, raw",162.0,1.0,0.0
Norway,2013,"Anise, badian, coriander, cumin, caraway, fennel and juniper berries, raw",178.0,6.0,0.0
Norway,2015,"Anise, badian, coriander, cumin, caraway, fennel and juniper berries, raw",183.38,0.87,0.0
Norway,2016,"Anise, badian, coriander, cumin, caraway, fennel and juniper berries, raw",181.84,0.48,0.0
Norway,2017,"Anise, badian, coriander, cumin, caraway, fennel and juniper berries, raw",189.15,1.52,0.0
Norway,2018,"Anise, badian, coriander, cumin, caraway, fennel and juniper berries, raw",174.25,0.11,0.0
Norway,2019,"Anise, badian, coriander, cumin, caraway, fennel and juniper berries, raw",203.72,0.13,0.0
Norway,2020,"Anise, badian, coriander, cumin, caraway, fennel and juniper berries, raw",243.67,1.86,0.0
Norway,2021,"Anise, badian, coriander, cumin, caraway, fennel and juniper berries, raw",239.74,2.94,0.0
Norway,2022,"Anise, badian, coriander, cumin, caraway, fennel and juniper berries, raw",223.59,2.11,0.0
Norway,2023,"Anise, badian, coriander, cumin, caraway, fennel and juniper berries, raw",227.38,2.28,0.0
Oman,1993,"Anise, badian, coriander, cumin, caraway, fennel and juniper berries, raw",173.0,0.0,0.0
Oman,1994,"Anise, badian, coriander, cumin, caraway, fennel and juniper berries, raw",93.0,0.0,0.0
Oman,1995,"Anise, badian, coriander, cumin, caraway, fennel and juniper berries, raw",172.0,0.0,0.0
Oman,1996,"Anise, badian, coriander, cumin, caraway, fennel and juniper berries, raw",113.0,0.0,0.0
Oman,1998,"Anise, badian, coriander, cumin, caraway, fennel and juniper berries, raw",163.0,4.0,0.0
Oman,1999,"Anise, badian, coriander, cumin, caraway, fennel and juniper berries, raw",142.0,4.0,0.0
Oman,2000,"Anise, badian, coriander, cumin, caraway, fennel and juniper berries, raw",187.0,4.0,0.0
Oman,2002,"Anise, badian, coriander, cumin, caraway, fennel and juniper berries, raw",179.0,2.0,0.0
Oman,2004,"Anise, badian, coriander, cumin, caraway, fennel and juniper berries, raw",167.0,3.0,0.0
Oman,2006,"Anise, badian, coriander, cumin, caraway, fennel and juniper berries, raw",782.0,2.0,0.0
Oman,2007,"Anise, badian, coriander, cumin, caraway, fennel and juniper berries, raw",2025.0,2.0,0.0
Oman,2008,"Anise, badian, coriander, cumin, caraway, fennel and juniper berries, raw",1852.0,2.0,0.0
Oman,2009,"Anise, badian, coriander, cumin, caraway, fennel and juniper berries, raw",1038.0,0.0,0.0
Oman,2010,"Anise, badian, coriander, cumin, caraway, fennel and juniper berries, raw",1351.0,0.0,0.0
Oman,2011,"Anise, badian, coriander, cumin, caraway, fennel and juniper berries, raw",1391.0,13.0,0.0
Oman,2012,"Anise, badian, coriander, cumin, caraway, fennel and juniper berries, raw",1552.0,2.0,0.0
Oman,2013,"Anise, badian, coriander, cumin, caraway, fennel and juniper berries, raw",1533.0,36.0,0.0
Oman,2014,"Anise, badian, coriander, cumin, caraway, fennel and juniper berries, raw",2067.72,0.0,0.0
Oman,2015,"Anise, badian, coriander, cumin, caraway, fennel and juniper berries, raw",2029.62,0.17,0.0
Oman,2016,"Anise, badian, coriander, cumin, caraway, fennel and juniper berries, raw",2918.05,18.73,0.0
Oman,2017,"Anise, badian, coriander, cumin, caraway, fennel and juniper berries, raw",3616.74,82.15,0.0
Oman,2018,"Anise, badian, coriander, cumin, caraway, fennel and juniper berries, raw",3066.15,157.84,0.0
Oman,2019,"Anise, badian, coriander, cumin, caraway, fennel and juniper berries, raw",2867.91,86.91,0.0
Oman,2020,"Anise, badian, coriander, cumin, caraway, fennel and juniper berries, raw",3888.55,325.82,0.0
Oman,2021,"Anise, badian, coriander, cumin, caraway, fennel and juniper berries, raw",3809.23,298.33,0.0
Pakistan,1993,"Anise, badian, coriander, cumin, caraway, fennel and juniper berries, raw",4712.0,1424.0,0.0
Pakistan,1994,"Anise, badian, coriander, cumin, caraway, fennel and juniper berries, raw",6550.0,863.0,0.0
Pakistan,1995,"Anise, badian, coriander, cumin, caraway, fennel and juniper berries, raw",3111.0,831.0,0.0
Pakistan,1996,"Anise, badian, coriander, cumin, caraway, fennel and juniper berries, raw",6027.0,3694.0,0.0
Pakistan,1997,"Anise, badian, coriander, cumin, caraway, fennel and juniper berries, raw",9118.0,2460.0,0.0
Pakistan,1998,"Anise, badian, coriander, cumin, caraway, fennel and juniper berries, raw",8484.0,1871.0,0.0
Pakistan,1999,"Anise, badian, coriander, cumin, caraway, fennel and juniper berries, raw",10209.0,1999.0,0.0
Pakistan,2000,"Anise, badian, coriander, cumin, caraway, fennel and juniper berries, raw",9255.53,2750.45,0.0
Pakistan,2001,"Anise, badian, coriander, cumin, caraway, fennel and juniper berries, raw",9082.0,2563.0,0.0
Pakistan,2002,"Anise, badian, coriander, cumin, caraway, fennel and juniper berries, raw",7963.0,2520.0,0.0
Pakistan,2003,"Anise, badian, coriander, cumin, caraway, fennel and juniper berries, raw",11772.0,1761.0,0.0
Pakistan,2004,"Anise, badian, coriander, cumin, caraway, fennel and juniper berries, raw",14354.0,3060.0,0.0
Pakistan,2005,"Anise, badian, coriander, cumin, caraway, fennel and juniper berries, raw",16364.0,3517.0,0.0
Pakistan,2006,"Anise, badian, coriander, cumin, caraway, fennel and juniper berries, raw",24565.0,4548.0,0.0
Pakistan,2007,"Anise, badian, coriander, cumin, caraway, fennel and juniper berries, raw",12916.0,4737.0,0.0
Pakistan,2008,"Anise, badian, coriander, cumin, caraway, fennel and juniper berries, raw",25666.0,4646.0,0.0
Pakistan,2009,"Anise, badian, coriander, cumin, caraway, fennel and juniper berries, raw",26535.0,2504.0,0.0
Pakistan,2010,"Anise, badian, coriander, cumin, caraway, fennel and juniper berries, raw",24779.0,2978.0,0.0
Pakistan,2011,"Anise, badian, coriander, cumin, caraway, fennel and juniper berries, raw",12182.0,3005.0,0.0
Pakistan,2012,"Anise, badian, coriander, cumin, caraway, fennel and juniper berries, raw",22184.0,2104.0,0.0
Pakistan,2013,"Anise, badian, coriander, cumin, caraway, fennel and juniper berries, raw",15766.0,2326.0,0.0
Pakistan,2014,"Anise, badian, coriander, cumin, caraway, fennel and juniper berries, raw",30986.22,2196.14,0.0
Pakistan,2015,"Anise, badian, coriander, cumin, caraway, fennel and juniper berries, raw",34967.44,1728.86,0.0
Pakistan,2016,"Anise, badian, coriander, cumin, caraway, fennel and juniper berries, raw",27859.23,1379.48,0.0
Pakistan,2017,"Anise, badian, coriander, cumin, caraway, fennel and juniper berries, raw",22242.96,941.16,0.0
Pakistan,2018,"Anise, badian, coriander, cumin, caraway, fennel and juniper berries, raw",23676.01,2080.82,0.0
Pakistan,2019,"Anise, badian, coriander, cumin, caraway, fennel and juniper berries, raw",22236.8,2412.41,0.0
Pakistan,2020,"Anise, badian, coriander, cumin, caraway, fennel and juniper berries, raw",32440.42,1694.18,0.0
Pakistan,2022,"Anise, badian, coriander, cumin, caraway, fennel and juniper berries, raw",24505.21,1818.62,0.0
Pakistan,2023,"Anise, badian, coriander, cumin, caraway, fennel and juniper berries, raw",28761.24,1614.78,0.0
Palestine,1997,"Anise, badian, coriander, cumin, caraway, fennel and juniper berries, raw",348.0,55.0,41.0
Palestine,1998,"Anise, badian, coriander, cumin, caraway, fennel and juniper berries, raw",441.0,114.0,39.0
Palestine,2000,"Anise, badian, coriander, cumin, caraway, fennel and juniper berries, raw",88.0,146.0,152.0
Palestine,2001,"Anise, badian, coriander, cumin, caraway, fennel and juniper berries, raw",52.0,100.0,65.0
Palestine,2002,"Anise, badian, coriander, cumin, caraway, fennel and juniper berries, raw",108.0,150.0,150.0
Palestine,2003,"Anise, badian, coriander, cumin, caraway, fennel and juniper berries, raw",100.0,150.0,115.0
Palestine,2004,"Anise, badian, coriander, cumin, caraway, fennel and juniper berries, raw",100.0,150.0,71.0
Palestine,2005,"Anise, badian, coriander, cumin, caraway, fennel and juniper berries, raw",295.0,150.0,132.0
Palestine,2006,"Anise, badian, coriander, cumin, caraway, fennel and juniper berries, raw",88.0,100.0,159.0
Palestine,2007,"Anise, badian, coriander, cumin, caraway, fennel and juniper berries, raw",510.0,470.0,185.0
Palestine,2008,"Anise, badian, coriander, cumin, caraway, fennel and juniper berries, raw",300.0,650.0,141.0
Palestine,2009,"Anise, badian, coriander, cumin, caraway, fennel and juniper berries, raw",40.0,90.0,174.11
Palestine,2010,"Anise, badian, coriander, cumin, caraway, fennel and juniper berries, raw",350.0,60.0,153.93
Palestine,2011,"Anise, badian, coriander, cumin, caraway, fennel and juniper berries, raw",620.0,250.0,170.05
Palestine,2012,"Anise, badian, coriander, cumin, caraway, fennel and juniper berries, raw",1142.0,469.0,183.76
Palestine,2013,"Anise, badian, coriander, cumin, caraway, fennel and juniper berries, raw",1142.0,469.0,178.63
Palestine,2014,"Anise, badian, coriander, cumin, caraway, fennel and juniper berries, raw",1022.51,166.46,192.83
Palestine,2016,"Anise, badian, coriander, cumin, caraway, fennel and juniper berries, raw",0.0,0.0,192.23
Palestine,2017,"Anise, badian, coriander, cumin, caraway, fennel and juniper berries, raw",0.0,0.0,196.77
Palestine,2018,"Anise, badian, coriander, cumin, caraway, fennel and juniper berries, raw",0.0,0.0,172.23
Palestine,2019,"Anise, badian, coriander, cumin, caraway, fennel and juniper berries, raw",0.0,0.0,164.45
Palestine,2020,"Anise, badian, coriander, cumin, caraway, fennel and juniper berries, raw",0.0,0.0,149.69
Palestine,2023,"Anise, badian, coriander, cumin, caraway, fennel and juniper berries, raw",93.26,0.0,174.78
Panama,1993,"Anise, badian, coriander, cumin, caraway, fennel and juniper berries, raw",13.0,0.0,0.0
Panama,1995,"Anise, badian, coriander, cumin, caraway, fennel and juniper berries, raw",25.0,0.0,0.0
Panama,1996,"Anise, badian, coriander, cumin, caraway, fennel and juniper berries, raw",24.0,0.0,0.0
Panama,1997,"Anise, badian, coriander, cumin, caraway, fennel and juniper berries, raw",18.0,1.0,0.0
Panama,1999,"Anise, badian, coriander, cumin, caraway, fennel and juniper berries, raw",22.0,1.0,0.0
Panama,2000,"Anise, badian, coriander, cumin, caraway, fennel and juniper berries, raw",25.26,1.83,0.0
Panama,2001,"Anise, badian, coriander, cumin, caraway, fennel and juniper berries, raw",29.0,0.0,0.0
Panama,2002,"Anise, badian, coriander, cumin, caraway, fennel and juniper berries, raw",32.0,0.0,0.0
Panama,2003,"Anise, badian, coriander, cumin, caraway, fennel and juniper berries, raw",30.0,0.0,0.0
Panama,2004,"Anise, badian, coriander, cumin, caraway, fennel and juniper berries, raw",31.0,0.0,0.0
Panama,2005,"Anise, badian, coriander, cumin, caraway, fennel and juniper berries, raw",25.0,0.0,0.0
Panama,2006,"Anise, badian, coriander, cumin, caraway, fennel and juniper berries, raw",30.0,0.0,0.0
Panama,2007,"Anise, badian, coriander, cumin, caraway, fennel and juniper berries, raw",26.0,0.0,0.0
Panama,2008,"Anise, badian, coriander, cumin, caraway, fennel and juniper berries, raw",31.0,0.0,0.0
Panama,2009,"Anise, badian, coriander, cumin, caraway, fennel and juniper berries, raw",24.0,0.0,0.0
Panama,2011,"Anise, badian, coriander, cumin, caraway, fennel and juniper berries, raw",29.0,0.0,0.0
Panama,2012,"Anise, badian, coriander, cumin, caraway, fennel and juniper berries, raw",23.0,0.0,0.0
Panama,2013,"Anise, badian, coriander, cumin, caraway, fennel and juniper berries, raw",40.0,0.0,0.0
Panama,2014,"Anise, badian, coriander, cumin, caraway, fennel and juniper berries, raw",9.14,21.58,0.0
Panama,2015,"Anise, badian, coriander, cumin, caraway, fennel and juniper berries, raw",27.45,0.2,0.0
Panama,2016,"Anise, badian, coriander, cumin, caraway, fennel and juniper berries, raw",57.54,24.0,0.0
Panama,2017,"Anise, badian, coriander, cumin, caraway, fennel and juniper berries, raw",52.17,5.21,0.0
Panama,2018,"Anise, badian, coriander, cumin, caraway, fennel and juniper berries, raw",58.87,7.51,0.0
Panama,2020,"Anise, badian, coriander, cumin, caraway, fennel and juniper berries, raw",66.08,1.66,0.0
Panama,2021,"Anise, badian, coriander, cumin, caraway, fennel and juniper berries, raw",118.36,0.0,0.0
Panama,2022,"Anise, badian, coriander, cumin, caraway, fennel and juniper berries, raw",103.65,0.0,0.0
Panama,2023,"Anise, badian, coriander, cumin, caraway, fennel and juniper berries, raw",78.34,0.04,0.0
Papua New Guinea,1996,"Anise, badian, coriander, cumin, caraway, fennel and juniper berries, raw",1.0,0.0,0.0
Papua New Guinea,2000,"Anise, badian, coriander, cumin, caraway, fennel and juniper berries, raw",1.46,0.0,0.0
Papua New Guinea,2001,"Anise, badian, coriander, cumin, caraway, fennel and juniper berries, raw",7.0,0.0,0.0
Papua New Guinea,2002,"Anise, badian, coriander, cumin, caraway, fennel and juniper berries, raw",0.0,0.0,0.0
Papua New Guinea,2003,"Anise, badian, coriander, cumin, caraway, fennel and juniper berries, raw",6.0,0.0,0.0
Papua New Guinea,2004,"Anise, badian, coriander, cumin, caraway, fennel and juniper berries, raw",0.0,0.0,0.0
Papua New Guinea,2005,"Anise, badian, coriander, cumin, caraway, fennel and juniper berries, raw",0.0,0.0,0.0
Papua New Guinea,2006,"Anise, badian, coriander, cumin, caraway, fennel and juniper berries, raw",0.0,0.0,0.0
Papua New Guinea,2007,"Anise, badian, coriander, cumin, caraway, fennel and juniper berries, raw",0.0,0.0,0.0
Papua New Guinea,2008,"Anise, badian, coriander, cumin, caraway, fennel and juniper berries, raw",0.0,0.0,0.0
Papua New Guinea,2009,"Anise, badian, coriander, cumin, caraway, fennel and juniper berries, raw",0.0,0.0,0.0
Papua New Guinea,2010,"Anise, badian, coriander, cumin, caraway, fennel and juniper berries, raw",0.0,0.0,0.0
Papua New Guinea,2011,"Anise, badian, coriander, cumin, caraway, fennel and juniper berries, raw",0.0,0.0,0.0
Papua New Guinea,2012,"Anise, badian, coriander, cumin, caraway, fennel and juniper berries, raw",0.0,0.0,0.0
Papua New Guinea,2013,"Anise, badian, coriander, cumin, caraway, fennel and juniper berries, raw",2.0,0.0,0.0
Papua New Guinea,2016,"Anise, badian, coriander, cumin, caraway, fennel and juniper berries, raw",0.23,0.0,0.0
Papua New Guinea,2017,"Anise, badian, coriander, cumin, caraway, fennel and juniper berries, raw",1.24,0.0,0.0
Papua New Guinea,2018,"Anise, badian, coriander, cumin, caraway, fennel and juniper berries, raw",3.1,0.0,0.0
Papua New Guinea,2019,"Anise, badian, coriander, cumin, caraway, fennel and juniper berries, raw",0.17,0.0,0.0
Papua New Guinea,2022,"Anise, badian, coriander, cumin, caraway, fennel and juniper berries, raw",10.3,0.0,0.0
Papua New Guinea,2023,"Anise, badian, coriander, cumin, caraway, fennel and juniper berries, raw",3.17,0.0,0.0
Paraguay,1993,"Anise, badian, coriander, cumin, caraway, fennel and juniper berries, raw",121.0,0.0,0.0
Paraguay,1994,"Anise, badian, coriander, cumin, caraway, fennel and juniper berries, raw",290.0,0.0,0.0
Paraguay,1995,"Anise, badian, coriander, cumin, caraway, fennel and juniper berries, raw",244.0,0.0,0.0
Paraguay,1996,"Anise, badian, coriander, cumin, caraway, fennel and juniper berries, raw",307.0,0.0,0.0
Paraguay,1998,"Anise, badian, coriander, cumin, caraway, fennel and juniper berries, raw",248.0,0.0,0.0
Paraguay,1999,"Anise, badian, coriander, cumin, caraway, fennel and juniper berries, raw",315.0,0.0,0.0
Paraguay,2000,"Anise, badian, coriander, cumin, caraway, fennel and juniper berries, raw",177.0,0.0,0.0
Paraguay,2001,"Anise, badian, coriander, cumin, caraway, fennel and juniper berries, raw",211.0,0.0,0.0
Paraguay,2002,"Anise, badian, coriander, cumin, caraway, fennel and juniper berries, raw",162.0,0.0,0.0
Paraguay,2003,"Anise, badian, coriander, cumin, caraway, fennel and juniper berries, raw",151.0,0.0,0.0
Paraguay,2004,"Anise, badian, coriander, cumin, caraway, fennel and juniper berries, raw",251.0,0.0,0.0
Paraguay,2005,"Anise, badian, coriander, cumin, caraway, fennel and juniper berries, raw",112.0,0.0,0.0
Paraguay,2007,"Anise, badian, coriander, cumin, caraway, fennel and juniper berries, raw",335.0,0.0,0.0
Paraguay,2008,"Anise, badian, coriander, cumin, caraway, fennel and juniper berries, raw",528.0,0.0,0.0
Paraguay,2009,"Anise, badian, coriander, cumin, caraway, fennel and juniper berries, raw",627.0,0.0,0.0
Paraguay,2010,"Anise, badian, coriander, cumin, caraway, fennel and juniper berries, raw",666.0,1.0,0.0
Paraguay,2011,"Anise, badian, coriander, cumin, caraway, fennel and juniper berries, raw",696.0,0.0,0.0
Paraguay,2012,"Anise, badian, coriander, cumin, caraway, fennel and juniper berries, raw",657.0,1.0,0.0
Paraguay,2013,"Anise, badian, coriander, cumin, caraway, fennel and juniper berries, raw",637.0,0.0,0.0
Paraguay,2014,"Anise, badian, coriander, cumin, caraway, fennel and juniper berries, raw",736.78,1.27,0.0
Paraguay,2015,"Anise, badian, coriander, cumin, caraway, fennel and juniper berries, raw",859.66,0.0,0.0
Paraguay,2017,"Anise, badian, coriander, cumin, caraway, fennel and juniper berries, raw",766.35,0.0,0.0
Paraguay,2018,"Anise, badian, coriander, cumin, caraway, fennel and juniper berries, raw",906.27,0.0,0.0
Paraguay,2019,"Anise, badian, coriander, cumin, caraway, fennel and juniper berries, raw",948.01,0.0,0.0
Paraguay,2020,"Anise, badian, coriander, cumin, caraway, fennel and juniper berries, raw",1173.46,0.0,0.0
Paraguay,2022,"Anise, badian, coriander, cumin, caraway, fennel and juniper berries, raw",1000.17,0.0,0.0
Paraguay,2023,"Anise, badian, coriander, cumin, caraway, fennel and juniper berries, raw",619.69,0.02,0.0
Peru,1993,"Anise, badian, coriander, cumin, caraway, fennel and juniper berries, raw",818.0,0.0,0.0
Peru,1994,"Anise, badian, coriander, cumin, caraway, fennel and juniper berries, raw",1076.0,1.0,0.0
Peru,1995,"Anise, badian, coriander, cumin, caraway, fennel and juniper berries, raw",1414.0,0.0,0.0
Peru,1996,"Anise, badian, coriander, cumin, caraway, fennel and juniper berries, raw",1293.0,2.0,0.0
Peru,1997,"Anise, badian, coriander, cumin, caraway, fennel and juniper berries, raw",1132.0,8.0,0.0
Peru,1998,"Anise, badian, coriander, cumin, caraway, fennel and juniper berries, raw",901.0,7.0,0.0
Peru,2000,"Anise, badian, coriander, cumin, caraway, fennel and juniper berries, raw",575.25,1.7,0.0
Peru,2001,"Anise, badian, coriander, cumin, caraway, fennel and juniper berries, raw",1025.0,2.0,0.0
Peru,2002,"Anise, badian, coriander, cumin, caraway, fennel and juniper berries, raw",1134.0,1.0,0.0
Peru,2005,"Anise, badian, coriander, cumin, caraway, fennel and juniper berries, raw",1097.0,4.0,7155.0
Peru,2006,"Anise, badian, coriander, cumin, caraway, fennel and juniper berries, raw",1146.0,1.0,7200.0
Peru,2007,"Anise, badian, coriander, cumin, caraway, fennel and juniper berries, raw",1836.0,1.0,8000.0
Peru,2008,"Anise, badian, coriander, cumin, caraway, fennel and juniper berries, raw",1297.0,1.0,7500.0
Peru,2009,"Anise, badian, coriander, cumin, caraway, fennel and juniper berries, raw",1067.0,4.0,4960.0
Peru,2010,"Anise, badian, coriander, cumin, caraway, fennel and juniper berries, raw",1963.0,2.0,6430.0
Peru,2011,"Anise, badian, coriander, cumin, caraway, fennel and juniper berries, raw",762.0,2.0,828.0
Peru,2012,"Anise, badian, coriander, cumin, caraway, fennel and juniper berries, raw",2265.0,5.0,669.01
Peru,2013,"Anise, badian, coriander, cumin, caraway, fennel and juniper berries, raw",2858.0,7.0,416.39
Peru,2014,"Anise, badian, coriander, cumin, caraway, fennel and juniper berries, raw",2323.21,111.45,279.0
Peru,2015,"Anise, badian, coriander, cumin, caraway, fennel and juniper berries, raw",2712.02,101.86,252.0
Peru,2016,"Anise, badian, coriander, cumin, caraway, fennel and juniper berries, raw",1275.36,11.55,257.99
Peru,2017,"Anise, badian, coriander, cumin, caraway, fennel and juniper berries, raw",3669.98,11.42,66.46
Peru,2018,"Anise, badian, coriander, cumin, caraway, fennel and juniper berries, raw",1713.48,18.8,70.0
Peru,2019,"Anise, badian, coriander, cumin, caraway, fennel and juniper berries, raw",2852.47,40.91,97.0
Peru,2020,"Anise, badian, coriander, cumin, caraway, fennel and juniper berries, raw",4327.1,27.45,118.0
Peru,2021,"Anise, badian, coriander, cumin, caraway, fennel and juniper berries, raw",3614.72,27.97,108.0
Peru,2022,"Anise, badian, coriander, cumin, caraway, fennel and juniper berries, raw",2089.11,44.51,59.4
Peru,2023,"Anise, badian, coriander, cumin, caraway, fennel and juniper berries, raw",2164.34,97.23,45.0
Philippines,1993,"Anise, badian, coriander, cumin, caraway, fennel and juniper berries, raw",100.0,0.0,0.0
Philippines,1994,"Anise, badian, coriander, cumin, caraway, fennel and juniper berries, raw",120.0,0.0,0.0
Philippines,1995,"Anise, badian, coriander, cumin, caraway, fennel and juniper berries, raw",120.0,0.0,0.0
Philippines,1996,"Anise, badian, coriander, cumin, caraway, fennel and juniper berries, raw",114.0,0.0,0.0
Philippines,1997,"Anise, badian, coriander, cumin, caraway, fennel and juniper berries, raw",122.0,0.0,0.0
Philippines,1998,"Anise, badian, coriander, cumin, caraway, fennel and juniper berries, raw",122.0,0.0,0.0
Philippines,2000,"Anise, badian, coriander, cumin, caraway, fennel and juniper berries, raw",89.85,0.0,0.0
Philippines,2001,"Anise, badian, coriander, cumin, caraway, fennel and juniper berries, raw",122.0,0.0,0.0
Philippines,2002,"Anise, badian, coriander, cumin, caraway, fennel and juniper berries, raw",122.0,0.0,0.0
Philippines,2004,"Anise, badian, coriander, cumin, caraway, fennel and juniper berries, raw",145.0,0.0,0.0
Philippines,2005,"Anise, badian, coriander, cumin, caraway, fennel and juniper berries, raw",128.0,0.0,0.0
Philippines,2006,"Anise, badian, coriander, cumin, caraway, fennel and juniper berries, raw",94.0,0.0,0.0
Philippines,2007,"Anise, badian, coriander, cumin, caraway, fennel and juniper berries, raw",138.0,0.0,0.0
Philippines,2008,"Anise, badian, coriander, cumin, caraway, fennel and juniper berries, raw",136.0,0.0,0.0
Philippines,2009,"Anise, badian, coriander, cumin, caraway, fennel and juniper berries, raw",121.0,1.0,0.0
Philippines,2010,"Anise, badian, coriander, cumin, caraway, fennel and juniper berries, raw",130.0,0.0,0.0
Philippines,2011,"Anise, badian, coriander, cumin, caraway, fennel and juniper berries, raw",162.0,0.0,0.0
Philippines,2013,"Anise, badian, coriander, cumin, caraway, fennel and juniper berries, raw",176.0,18.0,0.0
Philippines,2014,"Anise, badian, coriander, cumin, caraway, fennel and juniper berries, raw",309.88,9.85,0.0
Philippines,2015,"Anise, badian, coriander, cumin, caraway, fennel and juniper berries, raw",272.08,0.02,0.0
Philippines,2016,"Anise, badian, coriander, cumin, caraway, fennel and juniper berries, raw",323.05,0.0,0.0
Philippines,2017,"Anise, badian, coriander, cumin, caraway, fennel and juniper berries, raw",346.97,0.02,0.0
Philippines,2018,"Anise, badian, coriander, cumin, caraway, fennel and juniper berries, raw",321.56,0.0,0.0
Philippines,2019,"Anise, badian, coriander, cumin, caraway, fennel and juniper berries, raw",433.5,0.05,0.0
Philippines,2021,"Anise, badian, coriander, cumin, caraway, fennel and juniper berries, raw",433.23,0.0,0.0
Philippines,2022,"Anise, badian, coriander, cumin, caraway, fennel and juniper berries, raw",308.41,0.0,0.0
Philippines,2023,"Anise, badian, coriander, cumin, caraway, fennel and juniper berries, raw",231.34,0.0,0.0
Poland,1993,"Anise, badian, coriander, cumin, caraway, fennel and juniper berries, raw",13.0,2053.0,0.0
Poland,1994,"Anise, badian, coriander, cumin, caraway, fennel and juniper berries, raw",57.0,633.0,0.0
Poland,1995,"Anise, badian, coriander, cumin, caraway, fennel and juniper berries, raw",180.0,439.0,0.0
Poland,1996,"Anise, badian, coriander, cumin, caraway, fennel and juniper berries, raw",201.0,1914.0,0.0
Poland,1997,"Anise, badian, coriander, cumin, caraway, fennel and juniper berries, raw",221.0,1394.0,0.0
Poland,1998,"Anise, badian, coriander, cumin, caraway, fennel and juniper berries, raw",527.0,2202.0,0.0
Poland,1999,"Anise, badian, coriander, cumin, caraway, fennel and juniper berries, raw",268.0,1108.0,0.0
Poland,2000,"Anise, badian, coriander, cumin, caraway, fennel and juniper berries, raw",0.0,903.05,0.0
Poland,2001,"Anise, badian, coriander, cumin, caraway, fennel and juniper berries, raw",758.0,1211.0,0.0
Poland,2002,"Anise, badian, coriander, cumin, caraway, fennel and juniper berries, raw",186.0,1449.0,0.0
Poland,2003,"Anise, badian, coriander, cumin, caraway, fennel and juniper berries, raw",357.0,740.0,0.0
Poland,2004,"Anise, badian, coriander, cumin, caraway, fennel and juniper berries, raw",991.0,1627.0,0.0
Poland,2005,"Anise, badian, coriander, cumin, caraway, fennel and juniper berries, raw",657.0,1298.0,0.0
Poland,2006,"Anise, badian, coriander, cumin, caraway, fennel and juniper berries, raw",815.0,1282.0,0.0
Poland,2007,"Anise, badian, coriander, cumin, caraway, fennel and juniper berries, raw",1190.0,922.0,0.0
Poland,2008,"Anise, badian, coriander, cumin, caraway, fennel and juniper berries, raw",1294.0,918.0,0.0
Poland,2009,"Anise, badian, coriander, cumin, caraway, fennel and juniper berries, raw",1589.0,865.0,0.0
Poland,2010,"Anise, badian, coriander, cumin, caraway, fennel and juniper berries, raw",2414.0,1292.0,0.0
Poland,2011,"Anise, badian, coriander, cumin, caraway, fennel and juniper berries, raw",2767.0,1612.0,0.0
Poland,2012,"Anise, badian, coriander, cumin, caraway, fennel and juniper berries, raw",3135.0,2265.0,0.0
Poland,2013,"Anise, badian, coriander, cumin, caraway, fennel and juniper berries, raw",3956.0,1647.0,0.0
Poland,2014,"Anise, badian, coriander, cumin, caraway, fennel and juniper berries, raw",3385.5,2511.0,0.0
Poland,2015,"Anise, badian, coriander, cumin, caraway, fennel and juniper berries, raw",4092.33,2092.07,0.0
Poland,2016,"Anise, badian, coriander, cumin, caraway, fennel and juniper berries, raw",4053.96,2199.22,0.0
Poland,2017,"Anise, badian, coriander, cumin, caraway, fennel and juniper berries, raw",4962.61,3007.72,0.0
Poland,2018,"Anise, badian, coriander, cumin, caraway, fennel and juniper berries, raw",5513.62,2841.67,0.0
Poland,2019,"Anise, badian, coriander, cumin, caraway, fennel and juniper berries, raw",4275.44,3649.55,0.0
Poland,2020,"Anise, badian, coriander, cumin, caraway, fennel and juniper berries, raw",7094.6,4850.22,0.0
Poland,2021,"Anise, badian, coriander, cumin, caraway, fennel and juniper berries, raw",8019.94,5041.09,0.0
Poland,2022,"Anise, badian, coriander, cumin, caraway, fennel and juniper berries, raw",4777.15,4529.79,0.0
Portugal,1993,"Anise, badian, coriander, cumin, caraway, fennel and juniper berries, raw",229.0,3.0,0.0
Portugal,1994,"Anise, badian, coriander, cumin, caraway, fennel and juniper berries, raw",256.0,2.0,0.0
Portugal,1995,"Anise, badian, coriander, cumin, caraway, fennel and juniper berries, raw",195.0,9.0,0.0
Portugal,1996,"Anise, badian, coriander, cumin, caraway, fennel and juniper berries, raw",256.0,13.0,0.0
Portugal,1997,"Anise, badian, coriander, cumin, caraway, fennel and juniper berries, raw",218.0,5.0,0.0
Portugal,1999,"Anise, badian, coriander, cumin, caraway, fennel and juniper berries, raw",263.0,13.0,0.0
Portugal,2000,"Anise, badian, coriander, cumin, caraway, fennel and juniper berries, raw",230.0,10.0,0.0
Portugal,2001,"Anise, badian, coriander, cumin, caraway, fennel and juniper berries, raw",236.0,12.0,0.0
Portugal,2003,"Anise, badian, coriander, cumin, caraway, fennel and juniper berries, raw",255.0,24.0,0.0
Portugal,2004,"Anise, badian, coriander, cumin, caraway, fennel and juniper berries, raw",253.0,16.0,0.0
Portugal,2005,"Anise, badian, coriander, cumin, caraway, fennel and juniper berries, raw",195.0,6.0,0.0
Portugal,2006,"Anise, badian, coriander, cumin, caraway, fennel and juniper berries, raw",241.0,13.0,0.0
Portugal,2007,"Anise, badian, coriander, cumin, caraway, fennel and juniper berries, raw",172.0,10.0,0.0
Portugal,2008,"Anise, badian, coriander, cumin, caraway, fennel and juniper berries, raw",157.0,8.0,0.0
Portugal,2009,"Anise, badian, coriander, cumin, caraway, fennel and juniper berries, raw",140.0,9.0,0.0
Portugal,2010,"Anise, badian, coriander, cumin, caraway, fennel and juniper berries, raw",184.0,16.0,0.0
Portugal,2011,"Anise, badian, coriander, cumin, caraway, fennel and juniper berries, raw",216.0,18.0,0.0
Portugal,2012,"Anise, badian, coriander, cumin, caraway, fennel and juniper berries, raw",204.0,22.0,0.0
Portugal,2013,"Anise, badian, coriander, cumin, caraway, fennel and juniper berries, raw",230.0,25.0,0.0
Portugal,2016,"Anise, badian, coriander, cumin, caraway, fennel and juniper berries, raw",218.36,20.65,0.0
Portugal,2017,"Anise, badian, coriander, cumin, caraway, fennel and juniper berries, raw",210.34,22.39,0.0
Portugal,2018,"Anise, badian, coriander, cumin, caraway, fennel and juniper berries, raw",215.87,12.87,0.0
Portugal,2019,"Anise, badian, coriander, cumin, caraway, fennel and juniper berries, raw",275.83,39.07,0.0
Portugal,2020,"Anise, badian, coriander, cumin, caraway, fennel and juniper berries, raw",264.68,50.71,0.0
Portugal,2021,"Anise, badian, coriander, cumin, caraway, fennel and juniper berries, raw",277.21,62.46,0.0
Portugal,2022,"Anise, badian, coriander, cumin, caraway, fennel and juniper berries, raw",262.91,46.23,0.0
Qatar,2001,"Anise, badian, coriander, cumin, caraway, fennel and juniper berries, raw",95.0,0.0,0.0
Qatar,2002,"Anise, badian, coriander, cumin, caraway, fennel and juniper berries, raw",104.0,0.0,0.0
Qatar,2003,"Anise, badian, coriander, cumin, caraway, fennel and juniper berries, raw",253.0,0.0,0.0
Qatar,2004,"Anise, badian, coriander, cumin, caraway, fennel and juniper berries, raw",480.0,0.0,0.0
Qatar,2005,"Anise, badian, coriander, cumin, caraway, fennel and juniper berries, raw",792.0,1.0,0.0
Qatar,2006,"Anise, badian, coriander, cumin, caraway, fennel and juniper berries, raw",1140.0,1.0,0.0
Qatar,2007,"Anise, badian, coriander, cumin, caraway, fennel and juniper berries, raw",952.0,0.0,0.0
Qatar,2008,"Anise, badian, coriander, cumin, caraway, fennel and juniper berries, raw",1507.0,0.0,0.0
Qatar,2009,"Anise, badian, coriander, cumin, caraway, fennel and juniper berries, raw",1507.0,0.0,0.0
Qatar,2010,"Anise, badian, coriander, cumin, caraway, fennel and juniper berries, raw",1600.0,0.0,0.0
Qatar,2011,"Anise, badian, coriander, cumin, caraway, fennel and juniper berries, raw",1519.0,0.0,0.0
Qatar,2012,"Anise, badian, coriander, cumin, caraway, fennel and juniper berries, raw",1437.0,0.0,0.0
Qatar,2013,"Anise, badian, coriander, cumin, caraway, fennel and juniper berries, raw",1356.0,0.0,0.0
Qatar,2014,"Anise, badian, coriander, cumin, caraway, fennel and juniper berries, raw",1518.78,7.6,0.0
Qatar,2015,"Anise, badian, coriander, cumin, caraway, fennel and juniper berries, raw",2212.02,12.5,0.0
Qatar,2016,"Anise, badian, coriander, cumin, caraway, fennel and juniper berries, raw",2130.56,0.0,0.0
Qatar,2017,"Anise, badian, coriander, cumin, caraway, fennel and juniper berries, raw",2401.26,0.0,0.0
Qatar,2018,"Anise, badian, coriander, cumin, caraway, fennel and juniper berries, raw",2493.45,2.7,0.0
Qatar,2019,"Anise, badian, coriander, cumin, caraway, fennel and juniper berries, raw",2357.36,0.0,0.0
Qatar,2020,"Anise, badian, coriander, cumin, caraway, fennel and juniper berries, raw",2324.43,0.0,0.0
Qatar,2021,"Anise, badian, coriander, cumin, caraway, fennel and juniper berries, raw",2282.3,0.0,0.0
Qatar,2023,"Anise, badian, coriander, cumin, caraway, fennel and juniper berries, raw",2020.55,0.0,0.0
Republic of Korea,1993,"Anise, badian, coriander, cumin, caraway, fennel and juniper berries, raw",356.0,0.0,0.0
Republic of Korea,1994,"Anise, badian, coriander, cumin, caraway, fennel and juniper berries, raw",413.0,0.0,0.0
Republic of Korea,1995,"Anise, badian, coriander, cumin, caraway, fennel and juniper berries, raw",415.0,0.0,0.0
Republic of Korea,1996,"Anise, badian, coriander, cumin, caraway, fennel and juniper berries, raw",377.0,0.0,0.0
Republic of Korea,1997,"Anise, badian, coriander, cumin, caraway, fennel and juniper berries, raw",487.0,0.0,0.0
Republic of Korea,1998,"Anise, badian, coriander, cumin, caraway, fennel and juniper berries, raw",339.0,0.0,0.0
Republic of Korea,1999,"Anise, badian, coriander, cumin, caraway, fennel and juniper berries, raw",400.0,0.0,0.0
Republic of Korea,2000,"Anise, badian, coriander, cumin, caraway, fennel and juniper berries, raw",503.86,1.5,0.0
Republic of Korea,2001,"Anise, badian, coriander, cumin, caraway, fennel and juniper berries, raw",408.0,1.0,0.0
Republic of Korea,2002,"Anise, badian, coriander, cumin, caraway, fennel and juniper berries, raw",653.0,0.0,0.0
Republic of Korea,2003,"Anise, badian, coriander, cumin, caraway, fennel and juniper berries, raw",562.0,1.0,0.0
Republic of Korea,2004,"Anise, badian, coriander, cumin, caraway, fennel and juniper berries, raw",637.0,0.0,0.0
Republic of Korea,2005,"Anise, badian, coriander, cumin, caraway, fennel and juniper berries, raw",523.0,0.0,0.0
Republic of Korea,2006,"Anise, badian, coriander, cumin, caraway, fennel and juniper berries, raw",565.0,2.0,0.0
Republic of Korea,2007,"Anise, badian, coriander, cumin, caraway, fennel and juniper berries, raw",721.0,0.0,0.0
Republic of Korea,2008,"Anise, badian, coriander, cumin, caraway, fennel and juniper berries, raw",762.0,0.0,0.0
Republic of Korea,2009,"Anise, badian, coriander, cumin, caraway, fennel and juniper berries, raw",767.0,14.0,0.0
Republic of Korea,2010,"Anise, badian, coriander, cumin, caraway, fennel and juniper berries, raw",790.0,3.0,0.0
Republic of Korea,2011,"Anise, badian, coriander, cumin, caraway, fennel and juniper berries, raw",791.0,17.0,0.0
Republic of Korea,2012,"Anise, badian, coriander, cumin, caraway, fennel and juniper berries, raw",841.0,2.0,0.0
Republic of Korea,2013,"Anise, badian, coriander, cumin, caraway, fennel and juniper berries, raw",1024.0,3.0,0.0
Republic of Korea,2014,"Anise, badian, coriander, cumin, caraway, fennel and juniper berries, raw",1057.64,0.0,0.0
Republic of Korea,2015,"Anise, badian, coriander, cumin, caraway, fennel and juniper berries, raw",1071.64,1.5,0.0
Republic of Korea,2016,"Anise, badian, coriander, cumin, caraway, fennel and juniper berries, raw",896.47,3.03,0.0
Republic of Korea,2017,"Anise, badian, coriander, cumin, caraway, fennel and juniper berries, raw",1145.9,21.1,0.0
Republic of Korea,2018,"Anise, badian, coriander, cumin, caraway, fennel and juniper berries, raw",1016.05,5.23,0.0
Republic of Korea,2019,"Anise, badian, coriander, cumin, caraway, fennel and juniper berries, raw",1238.96,22.4,0.0
Republic of Korea,2020,"Anise, badian, coriander, cumin, caraway, fennel and juniper berries, raw",1193.22,0.19,0.0
Republic of Korea,2021,"Anise, badian, coriander, cumin, caraway, fennel and juniper berries, raw",1322.36,15.29,0.0
Republic of Korea,2022,"Anise, badian, coriander, cumin, caraway, fennel and juniper berries, raw",1081.7,5.54,0.0
Republic of Korea,2023,"Anise, badian, coriander, cumin, caraway, fennel and juniper berries, raw",929.74,13.06,0.0
Republic of Moldova,1995,"Anise, badian, coriander, cumin, caraway, fennel and juniper berries, raw",7.0,0.0,0.0
Republic of Moldova,1996,"Anise, badian, coriander, cumin, caraway, fennel and juniper berries, raw",3.0,0.0,0.0
Republic of Moldova,1997,"Anise, badian, coriander, cumin, caraway, fennel and juniper berries, raw",3.0,0.0,0.0
Republic of Moldova,1999,"Anise, badian, coriander, cumin, caraway, fennel and juniper berries, raw",23.0,0.0,0.0
Republic of Moldova,2000,"Anise, badian, coriander, cumin, caraway, fennel and juniper berries, raw",1.0,0.0,0.0
Republic of Moldova,2001,"Anise, badian, coriander, cumin, caraway, fennel and juniper berries, raw",14.0,0.0,0.0
Republic of Moldova,2002,"Anise, badian, coriander, cumin, caraway, fennel and juniper berries, raw",9.0,0.0,0.0
Republic of Moldova,2003,"Anise, badian, coriander, cumin, caraway, fennel and juniper berries, raw",11.0,12.0,0.0
Republic of Moldova,2004,"Anise, badian, coriander, cumin, caraway, fennel and juniper berries, raw",16.0,50.0,0.0
Republic of Moldova,2005,"Anise, badian, coriander, cumin, caraway, fennel and juniper berries, raw",20.0,25.0,0.0
Republic of Moldova,2006,"Anise, badian, coriander, cumin, caraway, fennel and juniper berries, raw",21.0,55.0,0.0
Republic of Moldova,2008,"Anise, badian, coriander, cumin, caraway, fennel and juniper berries, raw",18.0,24.0,0.0
Republic of Moldova,2009,"Anise, badian, coriander, cumin, caraway, fennel and juniper berries, raw",11.0,0.0,0.0
Republic of Moldova,2010,"Anise, badian, coriander, cumin, caraway, fennel and juniper berries, raw",12.0,20.0,0.0
Republic of Moldova,2011,"Anise, badian, coriander, cumin, caraway, fennel and juniper berries, raw",14.0,0.0,0.0
Republic of Moldova,2012,"Anise, badian, coriander, cumin, caraway, fennel and juniper berries, raw",16.0,4.0,0.0
Republic of Moldova,2013,"Anise, badian, coriander, cumin, caraway, fennel and juniper berries, raw",23.0,2.0,0.0
Republic of Moldova,2014,"Anise, badian, coriander, cumin, caraway, fennel and juniper berries, raw",28.57,2.67,0.0
Republic of Moldova,2015,"Anise, badian, coriander, cumin, caraway, fennel and juniper berries, raw",30.72,0.02,0.0
Republic of Moldova,2016,"Anise, badian, coriander, cumin, caraway, fennel and juniper berries, raw",22.39,3.15,0.0
Republic of Moldova,2017,"Anise, badian, coriander, cumin, caraway, fennel and juniper berries, raw",37.02,15.24,0.0
Republic of Moldova,2019,"Anise, badian, coriander, cumin, caraway, fennel and juniper berries, raw",36.88,193.5,0.0
Republic of Moldova,2020,"Anise, badian, coriander, cumin, caraway, fennel and juniper berries, raw",81.42,44.95,0.0
Republic of Moldova,2021,"Anise, badian, coriander, cumin, caraway, fennel and juniper berries, raw",39.62,62.72,0.0
Republic of Moldova,2022,"Anise, badian, coriander, cumin, caraway, fennel and juniper berries, raw",12.95,131.47,0.0
Republic of Moldova,2023,"Anise, badian, coriander, cumin, caraway, fennel and juniper berries, raw",257.23,0.7,0.0
Romania,1993,"Anise, badian, coriander, cumin, caraway, fennel and juniper berries, raw",1.0,6603.0,12092.0
Romania,1994,"Anise, badian, coriander, cumin, caraway, fennel and juniper berries, raw",2.0,5249.0,6257.0
Romania,1995,"Anise, badian, coriander, cumin, caraway, fennel and juniper berries, raw",73.0,5755.0,12114.0
Romania,1996,"Anise, badian, coriander, cumin, caraway, fennel and juniper berries, raw",63.0,5505.0,6565.0
Romania,1997,"Anise, badian, coriander, cumin, caraway, fennel and juniper berries, raw",105.0,4645.0,9200.0
Romania,1999,"Anise, badian, coriander, cumin, caraway, fennel and juniper berries, raw",107.0,4870.0,5191.0
Romania,2001,"Anise, badian, coriander, cumin, caraway, fennel and juniper berries, raw",108.0,3572.0,6463.0
Romania,2002,"Anise, badian, coriander, cumin, caraway, fennel and juniper berries, raw",100.0,3859.0,5351.0
Romania,2003,"Anise, badian, coriander, cumin, caraway, fennel and juniper berries, raw",135.0,2495.0,5404.0
Romania,2004,"Anise, badian, coriander, cumin, caraway, fennel and juniper berries, raw",146.0,2876.0,9240.0
Romania,2005,"Anise, badian, coriander, cumin, caraway, fennel and juniper berries, raw",182.0,2910.0,3297.0
Romania,2007,"Anise, badian, coriander, cumin, caraway, fennel and juniper berries, raw",144.0,2708.0,2857.0
Romania,2008,"Anise, badian, coriander, cumin, caraway, fennel and juniper berries, raw",173.0,3156.0,7488.0
Romania,2009,"Anise, badian, coriander, cumin, caraway, fennel and juniper berries, raw",353.0,5367.0,7063.0
Romania,2010,"Anise, badian, coriander, cumin, caraway, fennel and juniper berries, raw",256.0,4656.0,15828.0
Romania,2011,"Anise, badian, coriander, cumin, caraway, fennel and juniper berries, raw",714.0,3620.0,11157.0
Romania,2012,"Anise, badian, coriander, cumin, caraway, fennel and juniper berries, raw",267.0,3404.0,4293.0
Romania,2013,"Anise, badian, coriander, cumin, caraway, fennel and juniper berries, raw",516.0,1512.0,4397.0
Romania,2014,"Anise, badian, coriander, cumin, caraway, fennel and juniper berries, raw",563.14,1558.16,4217.0
Romania,2015,"Anise, badian, coriander, cumin, caraway, fennel and juniper berries, raw",1442.41,2202.51,4225.0
Romania,2016,"Anise, badian, coriander, cumin, caraway, fennel and juniper berries, raw",880.35,2963.79,5627.0
Romania,2017,"Anise, badian, coriander, cumin, caraway, fennel and juniper berries, raw",642.77,2782.55,4079.0
Romania,2018,"Anise, badian, coriander, cumin, caraway, fennel and juniper berries, raw",1210.3,2256.6,0.0
Romania,2019,"Anise, badian, coriander, cumin, caraway, fennel and juniper berries, raw",663.62,1404.57,0.0
Romania,2020,"Anise, badian, coriander, cumin, caraway, fennel and juniper berries, raw",788.54,1443.52,0.0
Romania,2021,"Anise, badian, coriander, cumin, caraway, fennel and juniper berries, raw",1234.36,1520.64,0.0
Romania,2023,"Anise, badian, coriander, cumin, caraway, fennel and juniper berries, raw",1700.73,1170.23,0.0
Russian Federation,1994,"Anise, badian, coriander, cumin, caraway, fennel and juniper berries, raw",150.0,2700.0,5990.0
Russian Federation,1995,"Anise, badian, coriander, cumin, caraway, fennel and juniper berries, raw",100.0,4400.0,4150.0
Russian Federation,1996,"Anise, badian, coriander, cumin, caraway, fennel and juniper berries, raw",269.0,6687.0,750.0
Russian Federation,1997,"Anise, badian, coriander, cumin, caraway, fennel and juniper berries, raw",270.0,5000.0,4540.0
Russian Federation,1999,"Anise, badian, coriander, cumin, caraway, fennel and juniper berries, raw",214.0,948.0,4930.0
Russian Federation,2000,"Anise, badian, coriander, cumin, caraway, fennel and juniper berries, raw",282.14,2730.26,1750.0
Russian Federation,2001,"Anise, badian, coriander, cumin, caraway, fennel and juniper berries, raw",224.0,2276.0,1590.0
Russian Federation,2002,"Anise, badian, coriander, cumin, caraway, fennel and juniper berries, raw",397.0,451.0,2920.0
Russian Federation,2003,"Anise, badian, coriander, cumin, caraway, fennel and juniper berries, raw",589.0,882.0,7930.0
Russian Federation,2005,"Anise, badian, coriander, cumin, caraway, fennel and juniper berries, raw",629.0,930.0,4030.0
Russian Federation,2006,"Anise, badian, coriander, cumin, caraway, fennel and juniper berries, raw",703.0,1535.0,4190.0
Russian Federation,2007,"Anise, badian, coriander, cumin, caraway, fennel and juniper berries, raw",842.0,1747.0,2810.0
Russian Federation,2008,"Anise, badian, coriander, cumin, caraway, fennel and juniper berries, raw",995.0,806.0,7590.0
Russian Federation,2009,"Anise, badian, coriander, cumin, caraway, fennel and juniper berries, raw",974.0,1899.0,11200.0
Russian Federation,2010,"Anise, badian, coriander, cumin, caraway, fennel and juniper berries, raw",1084.0,2917.0,7710.0
Russian Federation,2011,"Anise, badian, coriander, cumin, caraway, fennel and juniper berries, raw",1220.0,702.0,13041.0
Russian Federation,2012,"Anise, badian, coriander, cumin, caraway, fennel and juniper berries, raw",1141.0,781.0,6123.0
Russian Federation,2013,"Anise, badian, coriander, cumin, caraway, fennel and juniper berries, raw",1153.0,6378.0,5689.0
Russian Federation,2014,"Anise, badian, coriander, cumin, caraway, fennel and juniper berries, raw",1430.95,8952.79,29251.0
Russian Federation,2015,"Anise, badian, coriander, cumin, caraway, fennel and juniper berries, raw",1294.67,31697.74,99869.1
Russian Federation,2016,"Anise, badian, coriander, cumin, caraway, fennel and juniper berries, raw",1894.11,60056.2,89260.0
Russian Federation,2017,"Anise, badian, coriander, cumin, caraway, fennel and juniper berries, raw",1709.54,49369.53,48488.0
Russian Federation,2018,"Anise, badian, coriander, cumin, caraway, fennel and juniper berries, raw",1974.72,42265.45,10146.0
Russian Federation,2019,"Anise, badian, coriander, cumin, caraway, fennel and juniper berries, raw",1941.09,30575.75,37577.9
Russian Federation,2020,"Anise, badian, coriander, cumin, caraway, fennel and juniper berries, raw",1942.04,31750.49,36926.1
Russian Federation,2022,"Anise, badian, coriander, cumin, caraway, fennel and juniper berries, raw",1734.33,66947.66,90264.14
Russian Federation,2023,"Anise, badian, coriander, cumin, caraway, fennel and juniper berries, raw",1097.06,75694.9,84220.49
Rwanda,2006,"Anise, badian, coriander, cumin, caraway, fennel and juniper berries, raw",1.0,0.0,0.0
Rwanda,2008,"Anise, badian, coriander, cumin, caraway, fennel and juniper berries, raw",2.0,0.0,0.0
Rwanda,2009,"Anise, badian, coriander, cumin, caraway, fennel and juniper berries, raw",1.0,0.0,0.0
Rwanda,2010,"Anise, badian, coriander, cumin, caraway, fennel and juniper berries, raw",1.0,0.0,0.0
Rwanda,2011,"Anise, badian, coriander, cumin, caraway, fennel and juniper berries, raw",3.0,0.0,0.0
Rwanda,2012,"Anise, badian, coriander, cumin, caraway, fennel and juniper berries, raw",3.0,0.0,0.0
Rwanda,2013,"Anise, badian, coriander, cumin, caraway, fennel and juniper berries, raw",0.0,0.0,0.0
Rwanda,2014,"Anise, badian, coriander, cumin, caraway, fennel and juniper berries, raw",0.11,0.0,0.0
Rwanda,2015,"Anise, badian, coriander, cumin, caraway, fennel and juniper berries, raw",0.57,0.0,0.0
Rwanda,2016,"Anise, badian, coriander, cumin, caraway, fennel and juniper berries, raw",1.16,0.0,0.0
Rwanda,2017,"Anise, badian, coriander, cumin, caraway, fennel and juniper berries, raw",2.47,0.0,0.0
Rwanda,2018,"Anise, badian, coriander, cumin, caraway, fennel and juniper berries, raw",2.79,0.0,0.0
Rwanda,2019,"Anise, badian, coriander, cumin, caraway, fennel and juniper berries, raw",18.34,0.54,0.0
Rwanda,2020,"Anise, badian, coriander, cumin, caraway, fennel and juniper berries, raw",29.31,0.0,0.0
Rwanda,2021,"Anise, badian, coriander, cumin, caraway, fennel and juniper berries, raw",13.04,0.1,0.0
Rwanda,2022,"Anise, badian, coriander, cumin, caraway, fennel and juniper berries, raw",10.25,0.5,0.0
Saint Kitts and Nevis,2006,"Anise, badian, coriander, cumin, caraway, fennel and juniper berries, raw",0.0,0.0,0.0
Saint Kitts and Nevis,2007,"Anise, badian, coriander, cumin, caraway, fennel and juniper berries, raw",0.0,0.0,0.0
Saint Kitts and Nevis,2008,"Anise, badian, coriander, cumin, caraway, fennel and juniper berries, raw",0.0,0.0,0.0
Saint Kitts and Nevis,2009,"Anise, badian, coriander, cumin, caraway, fennel and juniper berries, raw",0.0,0.0,0.0
Saint Kitts and Nevis,2010,"Anise, badian, coriander, cumin, caraway, fennel and juniper berries, raw",0.0,0.0,0.0
Saint Kitts and Nevis,2011,"Anise, badian, coriander, cumin, caraway, fennel and juniper berries, raw",0.0,0.0,0.0
Saint Kitts and Nevis,2012,"Anise, badian, coriander, cumin, caraway, fennel and juniper berries, raw",0.0,0.0,0.0
Saint Kitts and Nevis,2013,"Anise, badian, coriander, cumin, caraway, fennel and juniper berries, raw",0.0,0.0,0.0
Saint Kitts and Nevis,2014,"Anise, badian, coriander, cumin, caraway, fennel and juniper berries, raw",0.01,0.0,0.0
Saint Kitts and Nevis,2015,"Anise, badian, coriander, cumin, caraway, fennel and juniper berries, raw",0.37,0.0,0.0
Saint Kitts and Nevis,2017,"Anise, badian, coriander, cumin, caraway, fennel and juniper berries, raw",1.29,0.0,0.0
Saint Kitts and Nevis,2018,"Anise, badian, coriander, cumin, caraway, fennel and juniper berries, raw",0.19,0.48,0.0
Saint Kitts and Nevis,2019,"Anise, badian, coriander, cumin, caraway, fennel and juniper berries, raw",0.37,0.48,0.0
Saint Kitts and Nevis,2020,"Anise, badian, coriander, cumin, caraway, fennel and juniper berries, raw",0.24,0.42,0.0
Saint Kitts and Nevis,2021,"Anise, badian, coriander, cumin, caraway, fennel and juniper berries, raw",0.19,0.0,0.0
Saint Kitts and Nevis,2022,"Anise, badian, coriander, cumin, caraway, fennel and juniper berries, raw",0.15,0.0,0.0
Saint Kitts and Nevis,2023,"Anise, badian, coriander, cumin, caraway, fennel and juniper berries, raw",0.41,0.0,0.0
Saint Lucia,1993,"Anise, badian, coriander, cumin, caraway, fennel and juniper berries, raw",15.0,0.0,0.0
Saint Lucia,1994,"Anise, badian, coriander, cumin, caraway, fennel and juniper berries, raw",18.0,0.0,0.0
Saint Lucia,1995,"Anise, badian, coriander, cumin, caraway, fennel and juniper berries, raw",6.0,0.0,0.0
Saint Lucia,1996,"Anise, badian, coriander, cumin, caraway, fennel and juniper berries, raw",2.0,0.0,0.0
Saint Lucia,1997,"Anise, badian, coriander, cumin, caraway, fennel and juniper berries, raw",20.0,0.0,0.0
Saint Lucia,1998,"Anise, badian, coriander, cumin, caraway, fennel and juniper berries, raw",4.0,0.0,0.0
Saint Lucia,1999,"Anise, badian, coriander, cumin, caraway, fennel and juniper berries, raw",15.0,0.0,0.0
Saint Lucia,2000,"Anise, badian, coriander, cumin, caraway, fennel and juniper berries, raw",17.0,0.0,0.0
Saint Lucia,2001,"Anise, badian, coriander, cumin, caraway, fennel and juniper berries, raw",18.0,0.0,0.0
Saint Lucia,2002,"Anise, badian, coriander, cumin, caraway, fennel and juniper berries, raw",5.0,0.0,0.0
Saint Lucia,2003,"Anise, badian, coriander, cumin, caraway, fennel and juniper berries, raw",5.0,0.0,0.0
Saint Lucia,2004,"Anise, badian, coriander, cumin, caraway, fennel and juniper berries, raw",11.0,0.0,0.0
Saint Lucia,2005,"Anise, badian, coriander, cumin, caraway, fennel and juniper berries, raw",13.0,0.0,0.0
Saint Lucia,2006,"Anise, badian, coriander, cumin, caraway, fennel and juniper berries, raw",24.0,0.0,0.0
Saint Lucia,2007,"Anise, badian, coriander, cumin, caraway, fennel and juniper berries, raw",20.0,0.0,0.0
Saint Lucia,2008,"Anise, badian, coriander, cumin, caraway, fennel and juniper berries, raw",24.0,0.0,0.0
Saint Lucia,2009,"Anise, badian, coriander, cumin, caraway, fennel and juniper berries, raw",16.0,0.0,0.0
Saint Lucia,2010,"Anise, badian, coriander, cumin, caraway, fennel and juniper berries, raw",17.0,0.0,0.0
Saint Lucia,2011,"Anise, badian, coriander, cumin, caraway, fennel and juniper berries, raw",17.0,0.0,0.0
Saint Lucia,2012,"Anise, badian, coriander, cumin, caraway, fennel and juniper berries, raw",8.0,0.0,0.0
Saint Lucia,2013,"Anise, badian, coriander, cumin, caraway, fennel and juniper berries, raw",11.0,0.0,0.0
Saint Lucia,2014,"Anise, badian, coriander, cumin, caraway, fennel and juniper berries, raw",10.11,0.65,0.0
Saint Lucia,2015,"Anise, badian, coriander, cumin, caraway, fennel and juniper berries, raw",11.49,0.05,0.0
Saint Lucia,2016,"Anise, badian, coriander, cumin, caraway, fennel and juniper berries, raw",19.05,0.66,0.0
Saint Lucia,2017,"Anise, badian, coriander, cumin, caraway, fennel and juniper berries, raw",20.42,1.04,0.0
Saint Lucia,2018,"Anise, badian, coriander, cumin, caraway, fennel and juniper berries, raw",13.84,1.7,0.0
Saint Lucia,2019,"Anise, badian, coriander, cumin, caraway, fennel and juniper berries, raw",13.79,0.61,0.0
Saint Lucia,2020,"Anise, badian, coriander, cumin, caraway, fennel and juniper berries, raw",11.53,1.28,0.0
Saint Lucia,2021,"Anise, badian, coriander, cumin, caraway, fennel and juniper berries, raw",18.61,0.13,0.0
Saint Lucia,2022,"Anise, badian, coriander, cumin, caraway, fennel and juniper berries, raw",16.32,1.48,0.0
Saint Lucia,2023,"Anise, badian, coriander, cumin, caraway, fennel and juniper berries, raw",9.35,1.56,0.0
Saint Vincent and the Grenadines,2005,"Anise, badian, coriander, cumin, caraway, fennel and juniper berries, raw",0.0,0.0,0.0
Saint Vincent and the Grenadines,2006,"Anise, badian, coriander, cumin, caraway, fennel and juniper berries, raw",0.0,0.0,0.0
Saint Vincent and the Grenadines,2007,"Anise, badian, coriander, cumin, caraway, fennel and juniper berries, raw",0.0,0.0,0.0
Saint Vincent and the Grenadines,2008,"Anise, badian, coriander, cumin, caraway, fennel and juniper berries, raw",1.0,0.0,0.0
Saint Vincent and the Grenadines,2009,"Anise, badian, coriander, cumin, caraway, fennel and juniper berries, raw",1.0,0.0,0.0
Saint Vincent and the Grenadines,2010,"Anise, badian, coriander, cumin, caraway, fennel and juniper berries, raw",2.0,0.0,0.0
Saint Vincent and the Grenadines,2011,"Anise, badian, coriander, cumin, caraway, fennel and juniper berries, raw",2.0,0.0,0.0
Saint Vincent and the Grenadines,2012,"Anise, badian, coriander, cumin, caraway, fennel and juniper berries, raw",2.0,0.0,0.0
Saint Vincent and the Grenadines,2013,"Anise, badian, coriander, cumin, caraway, fennel and juniper berries, raw",2.0,0.0,0.0
Saint Vincent and the Grenadines,2014,"Anise, badian, coriander, cumin, caraway, fennel and juniper berries, raw",2.13,0.0,0.0
Saint Vincent and the Grenadines,2015,"Anise, badian, coriander, cumin, caraway, fennel and juniper berries, raw",1.77,0.0,0.0
Saint Vincent and the Grenadines,2018,"Anise, badian, coriander, cumin, caraway, fennel and juniper berries, raw",2.24,0.0,0.0
Saint Vincent and the Grenadines,2019,"Anise, badian, coriander, cumin, caraway, fennel and juniper berries, raw",2.08,0.0,0.0
Saint Vincent and the Grenadines,2020,"Anise, badian, coriander, cumin, caraway, fennel and juniper berries, raw",1.3,0.0,0.0
Saint Vincent and the Grenadines,2021,"Anise, badian, coriander, cumin, caraway, fennel and juniper berries, raw",1.53,0.0,0.0
Saint Vincent and the Grenadines,2022,"Anise, badian, coriander, cumin, caraway, fennel and juniper berries, raw",0.78,0.0,0.0
Saint Vincent and the Grenadines,2023,"Anise, badian, coriander, cumin, caraway, fennel and juniper berries, raw",0.85,0.0,0.0
Samoa,2012,"Anise, badian, coriander, cumin, caraway, fennel and juniper berries, raw",0.0,0.0,0.0
Samoa,2013,"Anise, badian, coriander, cumin, caraway, fennel and juniper berries, raw",0.0,0.0,0.0
Samoa,2014,"Anise, badian, coriander, cumin, caraway, fennel and juniper berries, raw",1.07,0.0,0.0
Samoa,2015,"Anise, badian, coriander, cumin, caraway, fennel and juniper berries, raw",1.57,0.0,0.0
Samoa,2016,"Anise, badian, coriander, cumin, caraway, fennel and juniper berries, raw",2.8,0.0,0.0
Samoa,2017,"Anise, badian, coriander, cumin, caraway, fennel and juniper berries, raw",1.78,0.0,0.0
Samoa,2018,"Anise, badian, coriander, cumin, caraway, fennel and juniper berries, raw",0.78,0.0,0.0
Samoa,2019,"Anise, badian, coriander, cumin, caraway, fennel and juniper berries, raw",0.91,0.0,0.0
Samoa,2020,"Anise, badian, coriander, cumin, caraway, fennel and juniper berries, raw",0.39,0.0,0.0
Samoa,2022,"Anise, badian, coriander, cumin, caraway, fennel and juniper berries, raw",0.65,0.0,0.0
Samoa,2023,"Anise, badian, coriander, cumin, caraway, fennel and juniper berries, raw",0.8,0.0,0.0
Sao Tome and Principe,1993,"Anise, badian, coriander, cumin, caraway, fennel and juniper berries, raw",0.0,0.0,0.0
Sao Tome and Principe,1994,"Anise, badian, coriander, cumin, caraway, fennel and juniper berries, raw",0.0,0.0,0.0
Sao Tome and Principe,1995,"Anise, badian, coriander, cumin, caraway, fennel and juniper berries, raw",0.0,0.0,0.0
Sao Tome and Principe,1996,"Anise, badian, coriander, cumin, caraway, fennel and juniper berries, raw",1.0,0.0,0.0
Sao Tome and Principe,1997,"Anise, badian, coriander, cumin, caraway, fennel and juniper berries, raw",2.0,0.0,0.0
Sao Tome and Principe,1998,"Anise, badian, coriander, cumin, caraway, fennel and juniper berries, raw",2.0,0.0,0.0
Sao Tome and Principe,1999,"Anise, badian, coriander, cumin, caraway, fennel and juniper berries, raw",3.0,0.0,0.0
Sao Tome and Principe,2000,"Anise, badian, coriander, cumin, caraway, fennel and juniper berries, raw",3.0,0.0,0.0
Sao Tome and Principe,2001,"Anise, badian, coriander, cumin, caraway, fennel and juniper berries, raw",1.0,0.0,0.0
Sao Tome and Principe,2002,"Anise, badian, coriander, cumin, caraway, fennel and juniper berries, raw",2.0,0.0,0.0
Sao Tome and Principe,2003,"Anise, badian, coriander, cumin, caraway, fennel and juniper berries, raw",5.0,0.0,0.0
Sao Tome and Principe,2004,"Anise, badian, coriander, cumin, caraway, fennel and juniper berries, raw",10.0,0.0,0.0
Sao Tome and Principe,2005,"Anise, badian, coriander, cumin, caraway, fennel and juniper berries, raw",5.0,0.0,0.0
Sao Tome and Principe,2006,"Anise, badian, coriander, cumin, caraway, fennel and juniper berries, raw",10.0,0.0,0.0
Sao Tome and Principe,2007,"Anise, badian, coriander, cumin, caraway, fennel and juniper berries, raw",5.0,0.0,0.0
Sao Tome and Principe,2008,"Anise, badian, coriander, cumin, caraway, fennel and juniper berries, raw",3.0,0.0,0.0
Sao Tome and Principe,2009,"Anise, badian, coriander, cumin, caraway, fennel and juniper berries, raw",10.0,0.0,0.0
Sao Tome and Principe,2010,"Anise, badian, coriander, cumin, caraway, fennel and juniper berries, raw",4.0,0.0,0.0
Sao Tome and Principe,2011,"Anise, badian, coriander, cumin, caraway, fennel and juniper berries, raw",2.0,0.0,0.0
Sao Tome and Principe,2012,"Anise, badian, coriander, cumin, caraway, fennel and juniper berries, raw",10.0,0.0,0.0
Sao Tome and Principe,2013,"Anise, badian, coriander, cumin, caraway, fennel and juniper berries, raw",9.0,0.0,0.0
Sao Tome and Principe,2014,"Anise, badian, coriander, cumin, caraway, fennel and juniper berries, raw",7.33,0.0,0.0
Sao Tome and Principe,2015,"Anise, badian, coriander, cumin, caraway, fennel and juniper berries, raw",12.5,0.0,0.0
Sao Tome and Principe,2016,"Anise, badian, coriander, cumin, caraway, fennel and juniper berries, raw",3.66,0.0,0.0
Sao Tome and Principe,2017,"Anise, badian, coriander, cumin, caraway, fennel and juniper berries, raw",6.07,0.0,0.0
Sao Tome and Principe,2018,"Anise, badian, coriander, cumin, caraway, fennel and juniper berries, raw",12.18,0.0,0.0
Sao Tome and Principe,2019,"Anise, badian, coriander, cumin, caraway, fennel and juniper berries, raw",10.75,0.0,0.0
Sao Tome and Principe,2020,"Anise, badian, coriander, cumin, caraway, fennel and juniper berries, raw",5.5,0.0,0.0
Sao Tome and Principe,2021,"Anise, badian, coriander, cumin, caraway, fennel and juniper berries, raw",10.27,0.0,0.0
Sao Tome and Principe,2022,"Anise, badian, coriander, cumin, caraway, fennel and juniper berries, raw",2.74,0.0,0.0
Sao Tome and Principe,2023,"Anise, badian, coriander, cumin, caraway, fennel and juniper berries, raw",5.69,0.0,0.0
Saudi Arabia,1993,"Anise, badian, coriander, cumin, caraway, fennel and juniper berries, raw",7359.0,7.0,0.0
Saudi Arabia,1994,"Anise, badian, coriander, cumin, caraway, fennel and juniper berries, raw",6305.0,43.0,0.0
Saudi Arabia,1995,"Anise, badian, coriander, cumin, caraway, fennel and juniper berries, raw",5776.0,26.0,0.0
Saudi Arabia,1996,"Anise, badian, coriander, cumin, caraway, fennel and juniper berries, raw",5073.0,20.0,0.0
Saudi Arabia,1997,"Anise, badian, coriander, cumin, caraway, fennel and juniper berries, raw",7715.0,14.0,0.0
Saudi Arabia,1998,"Anise, badian, coriander, cumin, caraway, fennel and juniper berries, raw",7756.0,15.0,0.0
Saudi Arabia,1999,"Anise, badian, coriander, cumin, caraway, fennel and juniper berries, raw",1100.0,150.0,0.0
Saudi Arabia,2000,"Anise, badian, coriander, cumin, caraway, fennel and juniper berries, raw",5009.15,59.54,0.0
Saudi Arabia,2001,"Anise, badian, coriander, cumin, caraway, fennel and juniper berries, raw",6972.0,147.0,0.0
Saudi Arabia,2002,"Anise, badian, coriander, cumin, caraway, fennel and juniper berries, raw",8976.0,485.0,0.0
Saudi Arabia,2003,"Anise, badian, coriander, cumin, caraway, fennel and juniper berries, raw",10127.0,569.0,0.0
Saudi Arabia,2004,"Anise, badian, coriander, cumin, caraway, fennel and juniper berries, raw",9980.0,403.0,0.0
Saudi Arabia,2005,"Anise, badian, coriander, cumin, caraway, fennel and juniper berries, raw",9339.0,282.0,0.0
Saudi Arabia,2006,"Anise, badian, coriander, cumin, caraway, fennel and juniper berries, raw",9618.0,317.0,0.0
Saudi Arabia,2007,"Anise, badian, coriander, cumin, caraway, fennel and juniper berries, raw",11015.0,471.0,0.0
Saudi Arabia,2008,"Anise, badian, coriander, cumin, caraway, fennel and juniper berries, raw",8948.0,471.0,0.0
Saudi Arabia,2010,"Anise, badian, coriander, cumin, caraway, fennel and juniper berries, raw",13390.0,521.0,0.0
Saudi Arabia,2011,"Anise, badian, coriander, cumin, caraway, fennel and juniper berries, raw",14098.0,551.0,0.0
Saudi Arabia,2012,"Anise, badian, coriander, cumin, caraway, fennel and juniper berries, raw",9239.0,398.0,0.0
Saudi Arabia,2013,"Anise, badian, coriander, cumin, caraway, fennel and juniper berries, raw",16982.0,502.0,0.0
Saudi Arabia,2014,"Anise, badian, coriander, cumin, caraway, fennel and juniper berries, raw",17851.0,414.0,0.0
Saudi Arabia,2015,"Anise, badian, coriander, cumin, caraway, fennel and juniper berries, raw",18159.0,189.0,0.0
Saudi Arabia,2016,"Anise, badian, coriander, cumin, caraway, fennel and juniper berries, raw",18759.0,48.0,0.0
Saudi Arabia,2017,"Anise, badian, coriander, cumin, caraway, fennel and juniper berries, raw",19266.88,186.5,0.0
Saudi Arabia,2019,"Anise, badian, coriander, cumin, caraway, fennel and juniper berries, raw",19568.79,0.0,0.0
Saudi Arabia,2020,"Anise, badian, coriander, cumin, caraway, fennel and juniper berries, raw",18903.58,270.35,0.0
Saudi Arabia,2021,"Anise, badian, coriander, cumin, caraway, fennel and juniper berries, raw",17460.33,404.14,0.0
Saudi Arabia,2022,"Anise, badian, coriander, cumin, caraway, fennel and juniper berries, raw",12210.95,14.07,0.0
Senegal,1993,"Anise, badian, coriander, cumin, caraway, fennel and juniper berries, raw",1.0,0.0,0.0
Senegal,1994,"Anise, badian, coriander, cumin, caraway, fennel and juniper berries, raw",1.0,0.0,0.0
Senegal,1995,"Anise, badian, coriander, cumin, caraway, fennel and juniper berries, raw",0.0,0.0,0.0
Senegal,1996,"Anise, badian, coriander, cumin, caraway, fennel and juniper berries, raw",0.0,0.0,0.0
Senegal,1997,"Anise, badian, coriander, cumin, caraway, fennel and juniper berries, raw",0.0,0.0,0.0
Senegal,1998,"Anise, badian, coriander, cumin, caraway, fennel and juniper berries, raw",6.0,0.0,0.0
Senegal,1999,"Anise, badian, coriander, cumin, caraway, fennel and juniper berries, raw",3.0,0.0,0.0
Senegal,2000,"Anise, badian, coriander, cumin, caraway, fennel and juniper berries, raw",3.67,0.0,0.0
Senegal,2001,"Anise, badian, coriander, cumin, caraway, fennel and juniper berries, raw",24.0,0.0,0.0
Senegal,2002,"Anise, badian, coriander, cumin, caraway, fennel and juniper berries, raw",38.0,0.0,0.0
Senegal,2003,"Anise, badian, coriander, cumin, caraway, fennel and juniper berries, raw",20.0,0.0,0.0
Senegal,2004,"Anise, badian, coriander, cumin, caraway, fennel and juniper berries, raw",68.0,0.0,0.0
Senegal,2005,"Anise, badian, coriander, cumin, caraway, fennel and juniper berries, raw",29.0,0.0,0.0
Senegal,2006,"Anise, badian, coriander, cumin, caraway, fennel and juniper berries, raw",76.0,0.0,0.0
Senegal,2007,"Anise, badian, coriander, cumin, caraway, fennel and juniper berries, raw",26.0,0.0,0.0
Senegal,2008,"Anise, badian, coriander, cumin, caraway, fennel and juniper berries, raw",42.0,0.0,0.0
Senegal,2009,"Anise, badian, coriander, cumin, caraway, fennel and juniper berries, raw",39.0,0.0,0.0
Senegal,2010,"Anise, badian, coriander, cumin, caraway, fennel and juniper berries, raw",45.0,0.0,0.0
Senegal,2011,"Anise, badian, coriander, cumin, caraway, fennel and juniper berries, raw",36.0,0.0,0.0
Senegal,2012,"Anise, badian, coriander, cumin, caraway, fennel and juniper berries, raw",23.0,0.0,0.0
Senegal,2013,"Anise, badian, coriander, cumin, caraway, fennel and juniper berries, raw",0.0,0.0,0.0
Senegal,2014,"Anise, badian, coriander, cumin, caraway, fennel and juniper berries, raw",4.46,0.0,0.0
Senegal,2015,"Anise, badian, coriander, cumin, caraway, fennel and juniper berries, raw",1.82,0.0,0.0
Senegal,2016,"Anise, badian, coriander, cumin, caraway, fennel and juniper berries, raw",8.58,0.0,0.0
Senegal,2017,"Anise, badian, coriander, cumin, caraway, fennel and juniper berries, raw",1.77,0.0,0.0
Senegal,2018,"Anise, badian, coriander, cumin, caraway, fennel and juniper berries, raw",15.0,0.0,0.0
Senegal,2019,"Anise, badian, coriander, cumin, caraway, fennel and juniper berries, raw",6.51,0.4,0.0
Senegal,2020,"Anise, badian, coriander, cumin, caraway, fennel and juniper berries, raw",33.4,0.0,0.0
Senegal,2022,"Anise, badian, coriander, cumin, caraway, fennel and juniper berries, raw",21.13,0.5,0.0
Senegal,2023,"Anise, badian, coriander, cumin, caraway, fennel and juniper berries, raw",34.12,1.05,0.0
Serbia,2006,"Anise, badian, coriander, cumin, caraway, fennel and juniper berries, raw",99.0,638.0,700.0
Serbia,2008,"Anise, badian, coriander, cumin, caraway, fennel and juniper berries, raw",111.0,608.0,709.69
Serbia,2009,"Anise, badian, coriander, cumin, caraway, fennel and juniper berries, raw",59.0,484.0,753.6
Serbia,2010,"Anise, badian, coriander, cumin, caraway, fennel and juniper berries, raw",71.0,861.0,796.98
Serbia,2011,"Anise, badian, coriander, cumin, caraway, fennel and juniper berries, raw",105.0,759.0,839.66
Serbia,2012,"Anise, badian, coriander, cumin, caraway, fennel and juniper berries, raw",107.0,391.0,950.0
Serbia,2013,"Anise, badian, coriander, cumin, caraway, fennel and juniper berries, raw",145.0,524.0,905.05
Serbia,2014,"Anise, badian, coriander, cumin, caraway, fennel and juniper berries, raw",92.43,972.83,900.0
Serbia,2015,"Anise, badian, coriander, cumin, caraway, fennel and juniper berries, raw",129.15,1174.52,966.17
Serbia,2016,"Anise, badian, coriander, cumin, caraway, fennel and juniper berries, raw",145.66,753.96,923.74
Serbia,2017,"Anise, badian, coriander, cumin, caraway, fennel and juniper berries, raw",60.55,1244.64,929.97
Serbia,2018,"Anise, badian, coriander, cumin, caraway, fennel and juniper berries, raw",83.05,1069.43,972.44
Serbia,2019,"Anise, badian, coriander, cumin, caraway, fennel and juniper berries, raw",45.74,1008.02,942.05
Serbia,2020,"Anise, badian, coriander, cumin, caraway, fennel and juniper berries, raw",225.63,1071.17,948.15
Serbia,2022,"Anise, badian, coriander, cumin, caraway, fennel and juniper berries, raw",348.4,950.06,948.14
Serbia,2023,"Anise, badian, coriander, cumin, caraway, fennel and juniper berries, raw",267.01,949.44,950.17
Serbia and Montenegro,1997,"Anise, badian, coriander, cumin, caraway, fennel and juniper berries, raw",8.0,886.0,0.0
Serbia and Montenegro,1998,"Anise, badian, coriander, cumin, caraway, fennel and juniper berries, raw",6.0,1700.0,0.0
Serbia and Montenegro,1999,"Anise, badian, coriander, cumin, caraway, fennel and juniper berries, raw",2.0,1157.0,0.0
Serbia and Montenegro,2000,"Anise, badian, coriander, cumin, caraway, fennel and juniper berries, raw",44.0,956.0,0.0
Serbia and Montenegro,2001,"Anise, badian, coriander, cumin, caraway, fennel and juniper berries, raw",87.0,546.0,0.0
Serbia and Montenegro,2002,"Anise, badian, coriander, cumin, caraway, fennel and juniper berries, raw",46.0,742.0,0.0
Serbia and Montenegro,2003,"Anise, badian, coriander, cumin, caraway, fennel and juniper berries, raw",46.0,700.0,0.0
Serbia and Montenegro,2004,"Anise, badian, coriander, cumin, caraway, fennel and juniper berries, raw",61.0,374.0,0.0
Serbia and Montenegro,2005,"Anise, badian, coriander, cumin, caraway, fennel and juniper berries, raw",67.0,936.0,0.0
Seychelles,1994,"Anise, badian, coriander, cumin, caraway, fennel and juniper berries, raw",11.0,0.0,0.0
Seychelles,1995,"Anise, badian, coriander, cumin, caraway, fennel and juniper berries, raw",8.0,0.0,0.0
Seychelles,1996,"Anise, badian, coriander, cumin, caraway, fennel and juniper berries, raw",12.0,0.0,0.0
Seychelles,1997,"Anise, badian, coriander, cumin, caraway, fennel and juniper berries, raw",10.0,0.0,0.0
Seychelles,1998,"Anise, badian, coriander, cumin, caraway, fennel and juniper berries, raw",10.0,0.0,0.0
Seychelles,1999,"Anise, badian, coriander, cumin, caraway, fennel and juniper berries, raw",6.0,0.0,0.0
Seychelles,2000,"Anise, badian, coriander, cumin, caraway, fennel and juniper berries, raw",6.96,0.0,0.0
Seychelles,2001,"Anise, badian, coriander, cumin, caraway, fennel and juniper berries, raw",6.96,0.0,0.0
Seychelles,2003,"Anise, badian, coriander, cumin, caraway, fennel and juniper berries, raw",8.0,0.0,0.0
Seychelles,2004,"Anise, badian, coriander, cumin, caraway, fennel and juniper berries, raw",3.0,0.0,0.0
Seychelles,2005,"Anise, badian, coriander, cumin, caraway, fennel and juniper berries, raw",10.0,0.0,0.0
Seychelles,2006,"Anise, badian, coriander, cumin, caraway, fennel and juniper berries, raw",11.0,0.0,0.0
Seychelles,2007,"Anise, badian, coriander, cumin, caraway, fennel and juniper berries, raw",18.0,0.0,0.0
Seychelles,2008,"Anise, badian, coriander, cumin, caraway, fennel and juniper berries, raw",10.0,0.0,0.0
Seychelles,2009,"Anise, badian, coriander, cumin, caraway, fennel and juniper berries, raw",15.0,0.0,0.0
Seychelles,2010,"Anise, badian, coriander, cumin, caraway, fennel and juniper berries, raw",22.0,0.0,0.0
Seychelles,2011,"Anise, badian, coriander, cumin, caraway, fennel and juniper berries, raw",25.0,0.0,0.0
Seychelles,2013,"Anise, badian, coriander, cumin, caraway, fennel and juniper berries, raw",23.0,0.0,0.0
Seychelles,2014,"Anise, badian, coriander, cumin, caraway, fennel and juniper berries, raw",26.0,0.0,0.0
Seychelles,2015,"Anise, badian, coriander, cumin, caraway, fennel and juniper berries, raw",51.3,0.0,0.0
Seychelles,2016,"Anise, badian, coriander, cumin, caraway, fennel and juniper berries, raw",59.54,0.0,0.0
Seychelles,2017,"Anise, badian, coriander, cumin, caraway, fennel and juniper berries, raw",49.85,0.0,0.0
Seychelles,2018,"Anise, badian, coriander, cumin, caraway, fennel and juniper berries, raw",81.77,0.0,0.0
Seychelles,2019,"Anise, badian, coriander, cumin, caraway, fennel and juniper berries, raw",79.6,0.0,0.0
Seychelles,2020,"Anise, badian, coriander, cumin, caraway, fennel and juniper berries, raw",81.27,0.0,0.0
Seychelles,2021,"Anise, badian, coriander, cumin, caraway, fennel and juniper berries, raw",94.43,0.0,0.0
Seychelles,2022,"Anise, badian, coriander, cumin, caraway, fennel and juniper berries, raw",89.93,0.0,0.0
Seychelles,2023,"Anise, badian, coriander, cumin, caraway, fennel and juniper berries, raw",93.38,0.0,0.0
Sierra Leone,2014,"Anise, badian, coriander, cumin, caraway, fennel and juniper berries, raw",0.31,0.0,0.0
Sierra Leone,2015,"Anise, badian, coriander, cumin, caraway, fennel and juniper berries, raw",0.39,0.0,0.0
Sierra Leone,2016,"Anise, badian, coriander, cumin, caraway, fennel and juniper berries, raw",0.05,0.0,0.0
Sierra Leone,2018,"Anise, badian, coriander, cumin, caraway, fennel and juniper berries, raw",2.75,0.02,0.0
Sierra Leone,2019,"Anise, badian, coriander, cumin, caraway, fennel and juniper berries, raw",2.63,0.05,0.0
Sierra Leone,2020,"Anise, badian, coriander, cumin, caraway, fennel and juniper berries, raw",0.54,0.0,0.0
Sierra Leone,2022,"Anise, badian, coriander, cumin, caraway, fennel and juniper berries, raw",23.03,0.0,0.0
Sierra Leone,2023,"Anise, badian, coriander, cumin, caraway, fennel and juniper berries, raw",16.34,0.02,0.0
Singapore,1993,"Anise, badian, coriander, cumin, caraway, fennel and juniper berries, raw",14894.0,7887.0,0.0
Singapore,1994,"Anise, badian, coriander, cumin, caraway, fennel and juniper berries, raw",11429.0,7196.0,0.0
Singapore,1995,"Anise, badian, coriander, cumin, caraway, fennel and juniper berries, raw",11592.0,9115.0,0.0
Singapore,1996,"Anise, badian, coriander, cumin, caraway, fennel and juniper berries, raw",16453.0,10772.0,0.0
Singapore,1997,"Anise, badian, coriander, cumin, caraway, fennel and juniper berries, raw",13978.0,9105.0,0.0
Singapore,1998,"Anise, badian, coriander, cumin, caraway, fennel and juniper berries, raw",8935.0,6697.0,0.0
Singapore,1999,"Anise, badian, coriander, cumin, caraway, fennel and juniper berries, raw",12040.0,7954.0,0.0
Singapore,2000,"Anise, badian, coriander, cumin, caraway, fennel and juniper berries, raw",10087.7,7059.88,0.0
Singapore,2001,"Anise, badian, coriander, cumin, caraway, fennel and juniper berries, raw",7986.0,6434.0,0.0
Singapore,2002,"Anise, badian, coriander, cumin, caraway, fennel and juniper berries, raw",7691.0,8647.0,0.0
Singapore,2003,"Anise, badian, coriander, cumin, caraway, fennel and juniper berries, raw",9954.0,9275.0,0.0
Singapore,2004,"Anise, badian, coriander, cumin, caraway, fennel and juniper berries, raw",9520.0,7841.0,0.0
Singapore,2005,"Anise, badian, coriander, cumin, caraway, fennel and juniper berries, raw",5981.0,5862.0,0.0
Singapore,2006,"Anise, badian, coriander, cumin, caraway, fennel and juniper berries, raw",8524.0,6989.0,0.0
Singapore,2007,"Anise, badian, coriander, cumin, caraway, fennel and juniper berries, raw",9988.0,8937.0,0.0
Singapore,2008,"Anise, badian, coriander, cumin, caraway, fennel and juniper berries, raw",5371.0,4762.0,0.0
Singapore,2009,"Anise, badian, coriander, cumin, caraway, fennel and juniper berries, raw",4784.0,3933.0,0.0
Singapore,2010,"Anise, badian, coriander, cumin, caraway, fennel and juniper berries, raw",4752.0,3917.0,0.0
Singapore,2011,"Anise, badian, coriander, cumin, caraway, fennel and juniper berries, raw",5150.0,3855.0,0.0
Singapore,2012,"Anise, badian, coriander, cumin, caraway, fennel and juniper berries, raw",2835.0,1891.0,0.0
Singapore,2013,"Anise, badian, coriander, cumin, caraway, fennel and juniper berries, raw",3663.0,2395.0,0.0
Singapore,2014,"Anise, badian, coriander, cumin, caraway, fennel and juniper berries, raw",3791.76,2418.2,0.0
Singapore,2015,"Anise, badian, coriander, cumin, caraway, fennel and juniper berries, raw",3516.08,1958.74,0.0
Singapore,2016,"Anise, badian, coriander, cumin, caraway, fennel and juniper berries, raw",3300.46,1801.1,0.0
Singapore,2017,"Anise, badian, coriander, cumin, caraway, fennel and juniper berries, raw",2812.18,1372.8,0.0
Singapore,2018,"Anise, badian, coriander, cumin, caraway, fennel and juniper berries, raw",3145.7,1627.1,0.0
Singapore,2019,"Anise, badian, coriander, cumin, caraway, fennel and juniper berries, raw",2767.79,1184.14,0.0
Singapore,2020,"Anise, badian, coriander, cumin, caraway, fennel and juniper berries, raw",2767.52,1084.53,0.0
Singapore,2021,"Anise, badian, coriander, cumin, caraway, fennel and juniper berries, raw",2189.57,644.64,0.0
Singapore,2022,"Anise, badian, coriander, cumin, caraway, fennel and juniper berries, raw",2132.79,660.48,0.0
Singapore,2023,"Anise, badian, coriander, cumin, caraway, fennel and juniper berries, raw",2911.54,1329.84,0.0
Slovakia,1993,"Anise, badian, coriander, cumin, caraway, fennel and juniper berries, raw",640.0,263.0,0.0
Slovakia,1995,"Anise, badian, coriander, cumin, caraway, fennel and juniper berries, raw",579.0,507.0,0.0
Slovakia,1996,"Anise, badian, coriander, cumin, caraway, fennel and juniper berries, raw",352.0,49.0,0.0
Slovakia,1997,"Anise, badian, coriander, cumin, caraway, fennel and juniper berries, raw",334.0,45.0,0.0
Slovakia,1998,"Anise, badian, coriander, cumin, caraway, fennel and juniper berries, raw",435.0,44.0,0.0
Slovakia,1999,"Anise, badian, coriander, cumin, caraway, fennel and juniper berries, raw",462.0,51.0,0.0
Slovakia,2000,"Anise, badian, coriander, cumin, caraway, fennel and juniper berries, raw",524.0,11.0,0.0
Slovakia,2001,"Anise, badian, coriander, cumin, caraway, fennel and juniper berries, raw",528.0,4.0,0.0
Slovakia,2002,"Anise, badian, coriander, cumin, caraway, fennel and juniper berries, raw",531.0,20.0,0.0
Slovakia,2003,"Anise, badian, coriander, cumin, caraway, fennel and juniper berries, raw",561.0,13.0,0.0
Slovakia,2004,"Anise, badian, coriander, cumin, caraway, fennel and juniper berries, raw",639.0,19.0,61.0
Slovakia,2005,"Anise, badian, coriander, cumin, caraway, fennel and juniper berries, raw",563.0,111.0,77.0
Slovakia,2006,"Anise, badian, coriander, cumin, caraway, fennel and juniper berries, raw",859.0,68.0,26.0
Slovakia,2007,"Anise, badian, coriander, cumin, caraway, fennel and juniper berries, raw",746.0,134.0,33.0
Slovakia,2008,"Anise, badian, coriander, cumin, caraway, fennel and juniper berries, raw",658.0,89.0,56.0
Slovakia,2009,"Anise, badian, coriander, cumin, caraway, fennel and juniper berries, raw",600.0,95.0,97.0
Slovakia,2010,"Anise, badian, coriander, cumin, caraway, fennel and juniper berries, raw",571.0,92.0,228.0
Slovakia,2012,"Anise, badian, coriander, cumin, caraway, fennel and juniper berries, raw",797.0,286.0,76.0
Slovakia,2013,"Anise, badian, coriander, cumin, caraway, fennel and juniper berries, raw",1025.0,331.0,176.0
Slovakia,2014,"Anise, badian, coriander, cumin, caraway, fennel and juniper berries, raw",1015.9,257.1,117.0
Slovakia,2015,"Anise, badian, coriander, cumin, caraway, fennel and juniper berries, raw",916.92,203.39,226.0
Slovakia,2016,"Anise, badian, coriander, cumin, caraway, fennel and juniper berries, raw",984.29,207.51,234.0
Slovakia,2018,"Anise, badian, coriander, cumin, caraway, fennel and juniper berries, raw",884.0,249.33,0.0
Slovakia,2019,"Anise, badian, coriander, cumin, caraway, fennel and juniper berries, raw",1071.25,219.33,0.0
Slovakia,2020,"Anise, badian, coriander, cumin, caraway, fennel and juniper berries, raw",989.6,251.85,0.0
Slovakia,2021,"Anise, badian, coriander, cumin, caraway, fennel and juniper berries, raw",840.92,314.94,0.0
Slovakia,2022,"Anise, badian, coriander, cumin, caraway, fennel and juniper berries, raw",906.83,235.43,0.0
Slovakia,2023,"Anise, badian, coriander, cumin, caraway, fennel and juniper berries, raw",824.97,312.02,0.0
Slovenia,1993,"Anise, badian, coriander, cumin, caraway, fennel and juniper berries, raw",524.0,70.0,0.0
Slovenia,1994,"Anise, badian, coriander, cumin, caraway, fennel and juniper berries, raw",342.0,36.0,0.0
Slovenia,1995,"Anise, badian, coriander, cumin, caraway, fennel and juniper berries, raw",660.0,1.0,0.0
Slovenia,1996,"Anise, badian, coriander, cumin, caraway, fennel and juniper berries, raw",457.0,36.0,0.0
Slovenia,1997,"Anise, badian, coriander, cumin, caraway, fennel and juniper berries, raw",374.0,6.0,0.0
Slovenia,1998,"Anise, badian, coriander, cumin, caraway, fennel and juniper berries, raw",872.0,4.0,0.0
Slovenia,2000,"Anise, badian, coriander, cumin, caraway, fennel and juniper berries, raw",524.49,11.33,0.0
Slovenia,2001,"Anise, badian, coriander, cumin, caraway, fennel and juniper berries, raw",330.0,6.0,0.0
Slovenia,2002,"Anise, badian, coriander, cumin, caraway, fennel and juniper berries, raw",380.0,14.0,0.0
Slovenia,2003,"Anise, badian, coriander, cumin, caraway, fennel and juniper berries, raw",429.0,7.0,0.0
Slovenia,2004,"Anise, badian, coriander, cumin, caraway, fennel and juniper berries, raw",228.0,3.0,0.0
Slovenia,2005,"Anise, badian, coriander, cumin, caraway, fennel and juniper berries, raw",508.0,14.0,0.0
Slovenia,2006,"Anise, badian, coriander, cumin, caraway, fennel and juniper berries, raw",581.0,23.0,0.0
Slovenia,2007,"Anise, badian, coriander, cumin, caraway, fennel and juniper berries, raw",337.0,10.0,0.0
Slovenia,2009,"Anise, badian, coriander, cumin, caraway, fennel and juniper berries, raw",480.0,25.0,0.0
Slovenia,2010,"Anise, badian, coriander, cumin, caraway, fennel and juniper berries, raw",402.0,17.0,0.0
Slovenia,2011,"Anise, badian, coriander, cumin, caraway, fennel and juniper berries, raw",501.0,23.0,0.0
Slovenia,2012,"Anise, badian, coriander, cumin, caraway, fennel and juniper berries, raw",373.0,32.0,0.0
Slovenia,2013,"Anise, badian, coriander, cumin, caraway, fennel and juniper berries, raw",335.0,2.0,0.0
Slovenia,2014,"Anise, badian, coriander, cumin, caraway, fennel and juniper berries, raw",385.36,35.38,0.0
Slovenia,2015,"Anise, badian, coriander, cumin, caraway, fennel and juniper berries, raw",561.57,109.37,0.0
Slovenia,2016,"Anise, badian, coriander, cumin, caraway, fennel and juniper berries, raw",404.98,122.01,0.0
Slovenia,2017,"Anise, badian, coriander, cumin, caraway, fennel and juniper berries, raw",578.39,223.35,0.0
Slovenia,2018,"Anise, badian, coriander, cumin, caraway, fennel and juniper berries, raw",435.5,172.67,0.0
Slovenia,2019,"Anise, badian, coriander, cumin, caraway, fennel and juniper berries, raw",361.53,155.26,0.0
Slovenia,2020,"Anise, badian, coriander, cumin, caraway, fennel and juniper berries, raw",542.0,204.64,0.0
Slovenia,2022,"Anise, badian, coriander, cumin, caraway, fennel and juniper berries, raw",532.19,318.98,0.0
Slovenia,2023,"Anise, badian, coriander, cumin, caraway, fennel and juniper berries, raw",451.46,243.6,0.0
Solomon Islands,2006,"Anise, badian, coriander, cumin, caraway, fennel and juniper berries, raw",0.0,0.0,0.0
Solomon Islands,2007,"Anise, badian, coriander, cumin, caraway, fennel and juniper berries, raw",0.0,0.0,0.0
Solomon Islands,2008,"Anise, badian, coriander, cumin, caraway, fennel and juniper berries, raw",0.0,0.0,0.0
Solomon Islands,2009,"Anise, badian, coriander, cumin, caraway, fennel and juniper berries, raw",0.0,0.0,0.0
Solomon Islands,2010,"Anise, badian, coriander, cumin, caraway, fennel and juniper berries, raw",0.0,0.0,0.0
Solomon Islands,2011,"Anise, badian, coriander, cumin, caraway, fennel and juniper berries, raw",0.0,0.0,0.0
Solomon Islands,2012,"Anise, badian, coriander, cumin, caraway, fennel and juniper berries, raw",0.0,0.0,0.0
Solomon Islands,2013,"Anise, badian, coriander, cumin, caraway, fennel and juniper berries, raw",0.0,0.0,0.0
Solomon Islands,2014,"Anise, badian, coriander, cumin, caraway, fennel and juniper berries, raw",0.0,0.0,0.0
Solomon Islands,2015,"Anise, badian, coriander, cumin, caraway, fennel and juniper berries, raw",0.0,0.0,0.0
Solomon Islands,2016,"Anise, badian, coriander, cumin, caraway, fennel and juniper berries, raw",0.11,0.0,0.0
Solomon Islands,2018,"Anise, badian, coriander, cumin, caraway, fennel and juniper berries, raw",1.19,0.0,0.0
Solomon Islands,2019,"Anise, badian, coriander, cumin, caraway, fennel and juniper berries, raw",0.11,0.0,0.0
Solomon Islands,2020,"Anise, badian, coriander, cumin, caraway, fennel and juniper berries, raw",0.02,0.0,0.0
Solomon Islands,2021,"Anise, badian, coriander, cumin, caraway, fennel and juniper berries, raw",0.01,0.0,0.0
Solomon Islands,2022,"Anise, badian, coriander, cumin, caraway, fennel and juniper berries, raw",2.59,0.0,0.0
Somalia,2012,"Anise, badian, coriander, cumin, caraway, fennel and juniper berries, raw",160.0,0.0,0.0
Somalia,2013,"Anise, badian, coriander, cumin, caraway, fennel and juniper berries, raw",415.0,0.0,0.0
Somalia,2014,"Anise, badian, coriander, cumin, caraway, fennel and juniper berries, raw",1498.95,0.0,0.0
Somalia,2015,"Anise, badian, coriander, cumin, caraway, fennel and juniper berries, raw",1293.38,0.0,0.0
Somalia,2017,"Anise, badian, coriander, cumin, caraway, fennel and juniper berries, raw",1337.37,0.0,0.0
Somalia,2018,"Anise, badian, coriander, cumin, caraway, fennel and juniper berries, raw",1379.75,0.0,0.0
Somalia,2019,"Anise, badian, coriander, cumin, caraway, fennel and juniper berries, raw",1597.82,0.0,0.0
Somalia,2020,"Anise, badian, coriander, cumin, caraway, fennel and juniper berries, raw",1532.77,0.0,0.0
Somalia,2022,"Anise, badian, coriander, cumin, caraway, fennel and juniper berries, raw",2010.41,0.0,0.0
Somalia,2023,"Anise, badian, coriander, cumin, caraway, fennel and juniper berries, raw",2071.42,0.0,0.0
South Africa,1993,"Anise, badian, coriander, cumin, caraway, fennel and juniper berries, raw",3155.0,40.0,0.0
South Africa,1995,"Anise, badian, coriander, cumin, caraway, fennel and juniper berries, raw",3545.0,81.0,0.0
South Africa,1996,"Anise, badian, coriander, cumin, caraway, fennel and juniper berries, raw",4251.0,46.0,0.0
South Africa,1997,"Anise, badian, coriander, cumin, caraway, fennel and juniper berries, raw",4573.0,34.0,0.0
South Africa,1998,"Anise, badian, coriander, cumin, caraway, fennel and juniper berries, raw",3450.0,9.0,0.0
South Africa,1999,"Anise, badian, coriander, cumin, caraway, fennel and juniper berries, raw",3795.0,29.0,0.0
South Africa,2000,"Anise, badian, coriander, cumin, caraway, fennel and juniper berries, raw",3758.18,12.42,0.0
South Africa,2001,"Anise, badian, coriander, cumin, caraway, fennel and juniper berries, raw",4048.0,26.0,0.0
South Africa,2002,"Anise, badian, coriander, cumin, caraway, fennel and juniper berries, raw",5203.0,7.0,0.0
South Africa,2003,"Anise, badian, coriander, cumin, caraway, fennel and juniper berries, raw",4218.0,16.0,0.0
South Africa,2004,"Anise, badian, coriander, cumin, caraway, fennel and juniper berries, raw",4870.0,6.0,0.0
South Africa,2005,"Anise, badian, coriander, cumin, caraway, fennel and juniper berries, raw",4480.0,21.0,0.0
South Africa,2006,"Anise, badian, coriander, cumin, caraway, fennel and juniper berries, raw",4423.0,31.0,0.0
South Africa,2007,"Anise, badian, coriander, cumin, caraway, fennel and juniper berries, raw",5108.0,29.0,0.0
South Africa,2009,"Anise, badian, coriander, cumin, caraway, fennel and juniper berries, raw",3761.0,38.0,0.0
South Africa,2010,"Anise, badian, coriander, cumin, caraway, fennel and juniper berries, raw",5034.0,36.0,0.0
South Africa,2011,"Anise, badian, coriander, cumin, caraway, fennel and juniper berries, raw",3683.0,44.0,0.0
South Africa,2012,"Anise, badian, coriander, cumin, caraway, fennel and juniper berries, raw",5219.0,60.0,0.0
South Africa,2013,"Anise, badian, coriander, cumin, caraway, fennel and juniper berries, raw",4896.0,101.0,0.0
South Africa,2014,"Anise, badian, coriander, cumin, caraway, fennel and juniper berries, raw",6439.9,111.66,0.0
South Africa,2015,"Anise, badian, coriander, cumin, caraway, fennel and juniper berries, raw",4996.39,125.48,0.0
South Africa,2016,"Anise, badian, coriander, cumin, caraway, fennel and juniper berries, raw",6798.1,98.41,0.0
South Africa,2017,"Anise, badian, coriander, cumin, caraway, fennel and juniper berries, raw",6244.97,89.09,0.0
South Africa,2018,"Anise, badian, coriander, cumin, caraway, fennel and juniper berries, raw",7385.89,62.78,0.0
South Africa,2019,"Anise, badian, coriander, cumin, caraway, fennel and juniper berries, raw",7808.07,73.16,0.0
South Africa,2020,"Anise, badian, coriander, cumin, caraway, fennel and juniper berries, raw",9582.31,77.04,0.0
South Africa,2021,"Anise, badian, coriander, cumin, caraway, fennel and juniper berries, raw",11340.36,90.9,0.0
South Africa,2022,"Anise, badian, coriander, cumin, caraway, fennel and juniper berries, raw",7867.0,112.14,0.0
South Africa,2023,"Anise, badian, coriander, cumin, caraway, fennel and juniper berries, raw",6909.84,121.19,0.0
South Sudan,2012,"Anise, badian, coriander, cumin, caraway, fennel and juniper berries, raw",0.0,0.0,0.0
South Sudan,2013,"Anise, badian, coriander, cumin, caraway, fennel and juniper berries, raw",0.0,0.0,0.0
South Sudan,2014,"Anise, badian, coriander, cumin, caraway, fennel and juniper berries, raw",0.29,0.0,0.0
South Sudan,2015,"Anise, badian, coriander, cumin, caraway, fennel and juniper berries, raw",0.14,0.0,0.0
South Sudan,2016,"Anise, badian, coriander, cumin, caraway, fennel and juniper berries, raw",1.52,0.0,0.0
South Sudan,2017,"Anise, badian, coriander, cumin, caraway, fennel and juniper berries, raw",0.09,0.0,0.0
South Sudan,2018,"Anise, badian, coriander, cumin, caraway, fennel and juniper berries, raw",6.43,0.02,0.0
South Sudan,2019,"Anise, badian, coriander, cumin, caraway, fennel and juniper berries, raw",6.35,0.0,0.0
South Sudan,2020,"Anise, badian, coriander, cumin, caraway, fennel and juniper berries, raw",13.26,0.0,0.0
South Sudan,2022,"Anise, badian, coriander, cumin, caraway, fennel and juniper berries, raw",34.46,0.0,0.0
South Sudan,2023,"Anise, badian, coriander, cumin, caraway, fennel and juniper berries, raw",18.88,0.18,0.0
Spain,1994,"Anise, badian, coriander, cumin, caraway, fennel and juniper berries, raw",2287.0,847.0,980.0
Spain,1995,"Anise, badian, coriander, cumin, caraway, fennel and juniper berries, raw",2038.0,922.0,378.0
Spain,1996,"Anise, badian, coriander, cumin, caraway, fennel and juniper berries, raw",2035.0,705.0,400.0
Spain,1998,"Anise, badian, coriander, cumin, caraway, fennel and juniper berries, raw",2095.0,961.0,401.0
Spain,1999,"Anise, badian, coriander, cumin, caraway, fennel and juniper berries, raw",1519.0,701.0,400.0
Spain,2000,"Anise, badian, coriander, cumin, caraway, fennel and juniper berries, raw",1444.0,832.0,839.76
Spain,2001,"Anise, badian, coriander, cumin, caraway, fennel and juniper berries, raw",1510.0,511.0,906.76
Spain,2003,"Anise, badian, coriander, cumin, caraway, fennel and juniper berries, raw",1515.0,658.0,1039.3
Spain,2004,"Anise, badian, coriander, cumin, caraway, fennel and juniper berries, raw",1926.0,722.0,1080.9
Spain,2006,"Anise, badian, coriander, cumin, caraway, fennel and juniper berries, raw",2202.0,679.0,1282.31
Spain,2007,"Anise, badian, coriander, cumin, caraway, fennel and juniper berries, raw",1744.0,773.0,960.0
Spain,2008,"Anise, badian, coriander, cumin, caraway, fennel and juniper berries, raw",1532.0,894.0,2000.0
Spain,2009,"Anise, badian, coriander, cumin, caraway, fennel and juniper berries, raw",1975.0,1473.0,2500.0
Spain,2010,"Anise, badian, coriander, cumin, caraway, fennel and juniper berries, raw",2181.0,1359.0,3353.0
Spain,2012,"Anise, badian, coriander, cumin, caraway, fennel and juniper berries, raw",2578.0,2059.0,2540.0
Spain,2013,"Anise, badian, coriander, cumin, caraway, fennel and juniper berries, raw",2359.0,2175.0,1478.0
Spain,2014,"Anise, badian, coriander, cumin, caraway, fennel and juniper berries, raw",2804.55,3404.52,3094.66
Spain,2015,"Anise, badian, coriander, cumin, caraway, fennel and juniper berries, raw",2756.12,3000.63,2370.89
Spain,2016,"Anise, badian, coriander, cumin, caraway, fennel and juniper berries, raw",3218.26,3723.43,4668.0
Spain,2017,"Anise, badian, coriander, cumin, caraway, fennel and juniper berries, raw",3659.89,5733.89,6860.0
Spain,2018,"Anise, badian, coriander, cumin, caraway, fennel and juniper berries, raw",3411.96,6919.49,0.0
Spain,2019,"Anise, badian, coriander, cumin, caraway, fennel and juniper berries, raw",3898.53,7258.18,0.0
Spain,2020,"Anise, badian, coriander, cumin, caraway, fennel and juniper berries, raw",4890.95,8011.54,0.0
Spain,2021,"Anise, badian, coriander, cumin, caraway, fennel and juniper berries, raw",5324.9,7777.58,0.0
Spain,2022,"Anise, badian, coriander, cumin, caraway, fennel and juniper berries, raw",4368.59,6695.53,0.0
Spain,2023,"Anise, badian, coriander, cumin, caraway, fennel and juniper berries, raw",4837.56,7915.88,0.0
Sri Lanka,1993,"Anise, badian, coriander, cumin, caraway, fennel and juniper berries, raw",12814.0,29.0,0.0
Sri Lanka,1994,"Anise, badian, coriander, cumin, caraway, fennel and juniper berries, raw",5823.0,2.0,0.0
Sri Lanka,1995,"Anise, badian, coriander, cumin, caraway, fennel and juniper berries, raw",8857.0,3.0,0.0
Sri Lanka,1996,"Anise, badian, coriander, cumin, caraway, fennel and juniper berries, raw",10301.0,14.0,0.0
Sri Lanka,1997,"Anise, badian, coriander, cumin, caraway, fennel and juniper berries, raw",13418.0,6.0,0.0
Sri Lanka,1998,"Anise, badian, coriander, cumin, caraway, fennel and juniper berries, raw",12020.0,6.0,0.0
Sri Lanka,1999,"Anise, badian, coriander, cumin, caraway, fennel and juniper berries, raw",12941.0,12.0,0.0
Sri Lanka,2001,"Anise, badian, coriander, cumin, caraway, fennel and juniper berries, raw",12955.0,19.0,0.0
Sri Lanka,2002,"Anise, badian, coriander, cumin, caraway, fennel and juniper berries, raw",14613.0,8.0,0.0
Sri Lanka,2003,"Anise, badian, coriander, cumin, caraway, fennel and juniper berries, raw",16232.0,21.0,0.0
Sri Lanka,2004,"Anise, badian, coriander, cumin, caraway, fennel and juniper berries, raw",16187.0,22.0,0.0
Sri Lanka,2005,"Anise, badian, coriander, cumin, caraway, fennel and juniper berries, raw",13349.0,32.0,0.0
Sri Lanka,2007,"Anise, badian, coriander, cumin, caraway, fennel and juniper berries, raw",15459.0,53.0,0.0
Sri Lanka,2008,"Anise, badian, coriander, cumin, caraway, fennel and juniper berries, raw",13221.0,22.0,0.0
Sri Lanka,2009,"Anise, badian, coriander, cumin, caraway, fennel and juniper berries, raw",14831.0,28.0,0.0
Sri Lanka,2010,"Anise, badian, coriander, cumin, caraway, fennel and juniper berries, raw",15842.0,41.0,0.0
Sri Lanka,2011,"Anise, badian, coriander, cumin, caraway, fennel and juniper berries, raw",17258.0,29.0,0.0
Sri Lanka,2012,"Anise, badian, coriander, cumin, caraway, fennel and juniper berries, raw",14178.0,38.0,0.0
Sri Lanka,2013,"Anise, badian, coriander, cumin, caraway, fennel and juniper berries, raw",19317.0,39.0,0.0
Sri Lanka,2014,"Anise, badian, coriander, cumin, caraway, fennel and juniper berries, raw",18062.62,38.12,0.0
Sri Lanka,2015,"Anise, badian, coriander, cumin, caraway, fennel and juniper berries, raw",16825.53,88.48,0.0
Sri Lanka,2016,"Anise, badian, coriander, cumin, caraway, fennel and juniper berries, raw",20590.65,815.0,0.0
Sri Lanka,2018,"Anise, badian, coriander, cumin, caraway, fennel and juniper berries, raw",22720.12,86.76,0.0
Sri Lanka,2019,"Anise, badian, coriander, cumin, caraway, fennel and juniper berries, raw",18469.27,41.07,0.0
Sri Lanka,2020,"Anise, badian, coriander, cumin, caraway, fennel and juniper berries, raw",25601.77,85.76,0.0
Sri Lanka,2021,"Anise, badian, coriander, cumin, caraway, fennel and juniper berries, raw",25227.61,37.92,0.0
Sri Lanka,2022,"Anise, badian, coriander, cumin, caraway, fennel and juniper berries, raw",15189.62,23.34,0.0
Sri Lanka,2023,"Anise, badian, coriander, cumin, caraway, fennel and juniper berries, raw",22301.63,28.12,0.0
Sudan,2012,"Anise, badian, coriander, cumin, caraway, fennel and juniper berries, raw",184.0,37.0,0.0
Sudan,2013,"Anise, badian, coriander, cumin, caraway, fennel and juniper berries, raw",278.0,8.0,0.0
Sudan,2014,"Anise, badian, coriander, cumin, caraway, fennel and juniper berries, raw",210.75,28.02,0.0
Sudan,2016,"Anise, badian, coriander, cumin, caraway, fennel and juniper berries, raw",512.49,260.97,0.0
Sudan,2017,"Anise, badian, coriander, cumin, caraway, fennel and juniper berries, raw",664.22,132.71,0.0
Sudan,2018,"Anise, badian, coriander, cumin, caraway, fennel and juniper berries, raw",330.57,372.53,0.0
Sudan,2019,"Anise, badian, coriander, cumin, caraway, fennel and juniper berries, raw",183.05,396.68,0.0
Sudan,2020,"Anise, badian, coriander, cumin, caraway, fennel and juniper berries, raw",152.6,366.69,0.0
Sudan,2021,"Anise, badian, coriander, cumin, caraway, fennel and juniper berries, raw",141.04,192.19,0.0
Sudan,2022,"Anise, badian, coriander, cumin, caraway, fennel and juniper berries, raw",75.91,2.79,0.0
Sudan,2023,"Anise, badian, coriander, cumin, caraway, fennel and juniper berries, raw",81.3,453.04,0.0
Sudan (former),1993,"Anise, badian, coriander, cumin, caraway, fennel and juniper berries, raw",25.0,0.0,0.0
Sudan (former),1994,"Anise, badian, coriander, cumin, caraway, fennel and juniper berries, raw",0.0,0.0,0.0
Sudan (former),1997,"Anise, badian, coriander, cumin, caraway, fennel and juniper berries, raw",123.0,21.0,0.0
Sudan (former),1998,"Anise, badian, coriander, cumin, caraway, fennel and juniper berries, raw",84.0,36.0,0.0
Sudan (former),1999,"Anise, badian, coriander, cumin, caraway, fennel and juniper berries, raw",306.0,40.0,0.0
Sudan (former),2001,"Anise, badian, coriander, cumin, caraway, fennel and juniper berries, raw",5.0,93.0,0.0
Sudan (former),2002,"Anise, badian, coriander, cumin, caraway, fennel and juniper berries, raw",0.0,82.0,0.0
Sudan (former),2003,"Anise, badian, coriander, cumin, caraway, fennel and juniper berries, raw",67.0,221.0,0.0
Sudan (former),2004,"Anise, badian, coriander, cumin, caraway, fennel and juniper berries, raw",0.0,33.0,0.0
Sudan (former),2005,"Anise, badian, coriander, cumin, caraway, fennel and juniper berries, raw",0.0,0.0,0.0
Sudan (former),2006,"Anise, badian, coriander, cumin, caraway, fennel and juniper berries, raw",690.0,0.0,0.0
Sudan (former),2007,"Anise, badian, coriander, cumin, caraway, fennel and juniper berries, raw",626.0,0.0,0.0
Sudan (former),2008,"Anise, badian, coriander, cumin, caraway, fennel and juniper berries, raw",645.0,54.0,0.0
Sudan (former),2009,"Anise, badian, coriander, cumin, caraway, fennel and juniper berries, raw",412.0,15.0,0.0
Sudan (former),2010,"Anise, badian, coriander, cumin, caraway, fennel and juniper berries, raw",236.0,89.0,0.0
Sudan (former),2011,"Anise, badian, coriander, cumin, caraway, fennel and juniper berries, raw",392.0,1.0,0.0
Suriname,1993,"Anise, badian, coriander, cumin, caraway, fennel and juniper berries, raw",118.0,0.0,0.0
Suriname,1994,"Anise, badian, coriander, cumin, caraway, fennel and juniper berries, raw",107.0,0.0,0.0
Suriname,1995,"Anise, badian, coriander, cumin, caraway, fennel and juniper berries, raw",193.0,0.0,0.0
Suriname,1996,"Anise, badian, coriander, cumin, caraway, fennel and juniper berries, raw",64.0,0.0,0.0
Suriname,1997,"Anise, badian, coriander, cumin, caraway, fennel and juniper berries, raw",176.0,0.0,0.0
Suriname,1998,"Anise, badian, coriander, cumin, caraway, fennel and juniper berries, raw",149.0,0.0,0.0
Suriname,1999,"Anise, badian, coriander, cumin, caraway, fennel and juniper berries, raw",188.0,0.0,0.0
Suriname,2001,"Anise, badian, coriander, cumin, caraway, fennel and juniper berries, raw",102.0,0.0,0.0
Suriname,2002,"Anise, badian, coriander, cumin, caraway, fennel and juniper berries, raw",262.0,0.0,0.0
Suriname,2003,"Anise, badian, coriander, cumin, caraway, fennel and juniper berries, raw",224.0,0.0,0.0
Suriname,2004,"Anise, badian, coriander, cumin, caraway, fennel and juniper berries, raw",184.0,0.0,0.0
Suriname,2005,"Anise, badian, coriander, cumin, caraway, fennel and juniper berries, raw",144.0,0.0,0.0
Suriname,2007,"Anise, badian, coriander, cumin, caraway, fennel and juniper berries, raw",190.0,0.0,0.0
Suriname,2008,"Anise, badian, coriander, cumin, caraway, fennel and juniper berries, raw",311.0,0.0,0.0
Suriname,2009,"Anise, badian, coriander, cumin, caraway, fennel and juniper berries, raw",200.0,0.0,0.0
Suriname,2010,"Anise, badian, coriander, cumin, caraway, fennel and juniper berries, raw",31.0,0.0,0.0
Suriname,2011,"Anise, badian, coriander, cumin, caraway, fennel and juniper berries, raw",39.0,182.0,0.0
Suriname,2012,"Anise, badian, coriander, cumin, caraway, fennel and juniper berries, raw",289.0,182.0,0.0
Suriname,2013,"Anise, badian, coriander, cumin, caraway, fennel and juniper berries, raw",253.0,182.0,0.0
Suriname,2014,"Anise, badian, coriander, cumin, caraway, fennel and juniper berries, raw",92.0,4.85,0.0
Suriname,2015,"Anise, badian, coriander, cumin, caraway, fennel and juniper berries, raw",181.45,3.23,0.0
Suriname,2016,"Anise, badian, coriander, cumin, caraway, fennel and juniper berries, raw",110.0,36.55,0.0
Suriname,2017,"Anise, badian, coriander, cumin, caraway, fennel and juniper berries, raw",80.97,40.61,0.0
Suriname,2018,"Anise, badian, coriander, cumin, caraway, fennel and juniper berries, raw",118.61,0.0,0.0
Suriname,2019,"Anise, badian, coriander, cumin, caraway, fennel and juniper berries, raw",107.57,0.0,0.0
Suriname,2020,"Anise, badian, coriander, cumin, caraway, fennel and juniper berries, raw",99.17,0.0,0.0
Suriname,2021,"Anise, badian, coriander, cumin, caraway, fennel and juniper berries, raw",83.49,0.0,0.0
Suriname,2022,"Anise, badian, coriander, cumin, caraway, fennel and juniper berries, raw",93.05,0.0,0.0
Sweden,1993,"Anise, badian, coriander, cumin, caraway, fennel and juniper berries, raw",381.0,16.0,0.0
Sweden,1994,"Anise, badian, coriander, cumin, caraway, fennel and juniper berries, raw",332.0,30.0,0.0
Sweden,1995,"Anise, badian, coriander, cumin, caraway, fennel and juniper berries, raw",357.0,13.0,0.0
Sweden,1996,"Anise, badian, coriander, cumin, caraway, fennel and juniper berries, raw",354.0,20.0,0.0
Sweden,1997,"Anise, badian, coriander, cumin, caraway, fennel and juniper berries, raw",379.0,26.0,0.0
Sweden,1999,"Anise, badian, coriander, cumin, caraway, fennel and juniper berries, raw",428.0,26.0,0.0
Sweden,2000,"Anise, badian, coriander, cumin, caraway, fennel and juniper berries, raw",444.0,26.0,0.0
Sweden,2001,"Anise, badian, coriander, cumin, caraway, fennel and juniper berries, raw",485.0,21.0,0.0
Sweden,2002,"Anise, badian, coriander, cumin, caraway, fennel and juniper berries, raw",489.0,50.0,0.0
Sweden,2003,"Anise, badian, coriander, cumin, caraway, fennel and juniper berries, raw",397.0,58.0,0.0
Sweden,2004,"Anise, badian, coriander, cumin, caraway, fennel and juniper berries, raw",498.0,66.0,0.0
Sweden,2005,"Anise, badian, coriander, cumin, caraway, fennel and juniper berries, raw",464.0,38.0,0.0
Sweden,2006,"Anise, badian, coriander, cumin, caraway, fennel and juniper berries, raw",551.0,37.0,0.0
Sweden,2007,"Anise, badian, coriander, cumin, caraway, fennel and juniper berries, raw",610.0,72.0,0.0
Sweden,2008,"Anise, badian, coriander, cumin, caraway, fennel and juniper berries, raw",632.0,60.0,0.0
Sweden,2009,"Anise, badian, coriander, cumin, caraway, fennel and juniper berries, raw",527.0,46.0,0.0
Sweden,2010,"Anise, badian, coriander, cumin, caraway, fennel and juniper berries, raw",743.0,87.0,0.0
Sweden,2011,"Anise, badian, coriander, cumin, caraway, fennel and juniper berries, raw",762.0,159.0,0.0
Sweden,2012,"Anise, badian, coriander, cumin, caraway, fennel and juniper berries, raw",725.0,111.0,0.0
Sweden,2013,"Anise, badian, coriander, cumin, caraway, fennel and juniper berries, raw",728.0,79.0,0.0
Sweden,2014,"Anise, badian, coriander, cumin, caraway, fennel and juniper berries, raw",775.63,101.63,0.0
Sweden,2015,"Anise, badian, coriander, cumin, caraway, fennel and juniper berries, raw",957.93,174.32,0.0
Sweden,2016,"Anise, badian, coriander, cumin, caraway, fennel and juniper berries, raw",1103.12,148.39,0.0
Sweden,2017,"Anise, badian, coriander, cumin, caraway, fennel and juniper berries, raw",1040.06,175.16,0.0
Sweden,2018,"Anise, badian, coriander, cumin, caraway, fennel and juniper berries, raw",988.21,164.42,0.0
Sweden,2019,"Anise, badian, coriander, cumin, caraway, fennel and juniper berries, raw",1105.56,178.86,0.0
Sweden,2020,"Anise, badian, coriander, cumin, caraway, fennel and juniper berries, raw",1197.65,154.14,0.0
Sweden,2021,"Anise, badian, coriander, cumin, caraway, fennel and juniper berries, raw",1362.01,205.56,0.0
Sweden,2022,"Anise, badian, coriander, cumin, caraway, fennel and juniper berries, raw",1409.4,214.09,0.0
Sweden,2023,"Anise, badian, coriander, cumin, caraway, fennel and juniper berries, raw",1254.56,158.4,0.0
Switzerland,1993,"Anise, badian, coriander, cumin, caraway, fennel and juniper berries, raw",1039.0,13.0,0.0
Switzerland,1994,"Anise, badian, coriander, cumin, caraway, fennel and juniper berries, raw",878.0,24.0,0.0
Switzerland,1995,"Anise, badian, coriander, cumin, caraway, fennel and juniper berries, raw",1073.0,6.0,0.0
Switzerland,1996,"Anise, badian, coriander, cumin, caraway, fennel and juniper berries, raw",943.0,9.0,0.0
Switzerland,1997,"Anise, badian, coriander, cumin, caraway, fennel and juniper berries, raw",984.0,19.0,0.0
Switzerland,1999,"Anise, badian, coriander, cumin, caraway, fennel and juniper berries, raw",871.0,11.0,0.0
Switzerland,2000,"Anise, badian, coriander, cumin, caraway, fennel and juniper berries, raw",951.34,15.12,0.0
Switzerland,2002,"Anise, badian, coriander, cumin, caraway, fennel and juniper berries, raw",922.0,12.0,0.0
Switzerland,2003,"Anise, badian, coriander, cumin, caraway, fennel and juniper berries, raw",986.0,12.0,0.0
Switzerland,2004,"Anise, badian, coriander, cumin, caraway, fennel and juniper berries, raw",988.0,9.0,0.0
Switzerland,2005,"Anise, badian, coriander, cumin, caraway, fennel and juniper berries, raw",950.0,8.0,0.0
Switzerland,2006,"Anise, badian, coriander, cumin, caraway, fennel and juniper berries, raw",955.0,10.0,0.0
Switzerland,2007,"Anise, badian, coriander, cumin, caraway, fennel and juniper berries, raw",790.0,11.0,0.0
Switzerland,2009,"Anise, badian, coriander, cumin, caraway, fennel and juniper berries, raw",825.0,12.0,0.0
Switzerland,2010,"Anise, badian, coriander, cumin, caraway, fennel and juniper berries, raw",956.0,14.0,0.0
Switzerland,2011,"Anise, badian, coriander, cumin, caraway, fennel and juniper berries, raw",959.0,15.0,0.0
Switzerland,2012,"Anise, badian, coriander, cumin, caraway, fennel and juniper berries, raw",873.0,12.0,0.0
Switzerland,2013,"Anise, badian, coriander, cumin, caraway, fennel and juniper berries, raw",893.0,42.0,0.0
Switzerland,2014,"Anise, badian, coriander, cumin, caraway, fennel and juniper berries, raw",1085.24,52.98,0.0
Switzerland,2015,"Anise, badian, coriander, cumin, caraway, fennel and juniper berries, raw",966.22,30.97,0.0
Switzerland,2017,"Anise, badian, coriander, cumin, caraway, fennel and juniper berries, raw",1003.27,68.36,0.0
Switzerland,2018,"Anise, badian, coriander, cumin, caraway, fennel and juniper berries, raw",1113.47,45.82,0.0
Switzerland,2019,"Anise, badian, coriander, cumin, caraway, fennel and juniper berries, raw",1134.17,64.25,0.0
Switzerland,2020,"Anise, badian, coriander, cumin, caraway, fennel and juniper berries, raw",1162.69,85.12,0.0
Switzerland,2021,"Anise, badian, coriander, cumin, caraway, fennel and juniper berries, raw",1179.44,111.15,0.0
Switzerland,2022,"Anise, badian, coriander, cumin, caraway, fennel and juniper berries, raw",1192.68,90.53,0.0
Syrian Arab Republic,1993,"Anise, badian, coriander, cumin, caraway, fennel and juniper berries, raw",5.0,15636.0,19465.0
Syrian Arab Republic,1994,"Anise, badian, coriander, cumin, caraway, fennel and juniper berries, raw",10.0,22508.0,16409.0
Syrian Arab Republic,1995,"Anise, badian, coriander, cumin, caraway, fennel and juniper berries, raw",170.0,19932.0,18087.0
Syrian Arab Republic,1996,"Anise, badian, coriander, cumin, caraway, fennel and juniper berries, raw",49.0,14450.0,18169.0
Syrian Arab Republic,1997,"Anise, badian, coriander, cumin, caraway, fennel and juniper berries, raw",93.0,13923.0,11747.0
Syrian Arab Republic,1998,"Anise, badian, coriander, cumin, caraway, fennel and juniper berries, raw",193.0,11482.0,11343.0
Syrian Arab Republic,1999,"Anise, badian, coriander, cumin, caraway, fennel and juniper berries, raw",70.0,7473.0,8012.0
Syrian Arab Republic,2000,"Anise, badian, coriander, cumin, caraway, fennel and juniper berries, raw",60.0,19000.0,15051.0
Syrian Arab Republic,2001,"Anise, badian, coriander, cumin, caraway, fennel and juniper berries, raw",0.0,22992.0,31400.0
Syrian Arab Republic,2003,"Anise, badian, coriander, cumin, caraway, fennel and juniper berries, raw",242.0,37437.0,51800.0
Syrian Arab Republic,2004,"Anise, badian, coriander, cumin, caraway, fennel and juniper berries, raw",318.0,35046.0,26000.0
Syrian Arab Republic,2005,"Anise, badian, coriander, cumin, caraway, fennel and juniper berries, raw",378.0,41657.0,33300.0
Syrian Arab Republic,2007,"Anise, badian, coriander, cumin, caraway, fennel and juniper berries, raw",940.0,38816.0,26000.0
Syrian Arab Republic,2008,"Anise, badian, coriander, cumin, caraway, fennel and juniper berries, raw",792.0,34010.0,27700.0
Syrian Arab Republic,2009,"Anise, badian, coriander, cumin, caraway, fennel and juniper berries, raw",654.0,19731.0,30829.0
Syrian Arab Republic,2010,"Anise, badian, coriander, cumin, caraway, fennel and juniper berries, raw",482.0,15306.0,41100.0
Syrian Arab Republic,2011,"Anise, badian, coriander, cumin, caraway, fennel and juniper berries, raw",868.0,41254.0,47587.0
Syrian Arab Republic,2012,"Anise, badian, coriander, cumin, caraway, fennel and juniper berries, raw",1128.0,18294.0,51503.0
Syrian Arab Republic,2013,"Anise, badian, coriander, cumin, caraway, fennel and juniper berries, raw",322.0,36859.0,47666.0
Syrian Arab Republic,2014,"Anise, badian, coriander, cumin, caraway, fennel and juniper berries, raw",51.16,22786.12,27668.0
Syrian Arab Republic,2015,"Anise, badian, coriander, cumin, caraway, fennel and juniper berries, raw",16.43,34087.41,43455.0
Syrian Arab Republic,2016,"Anise, badian, coriander, cumin, caraway, fennel and juniper berries, raw",2.5,45258.03,84796.0
Syrian Arab Republic,2018,"Anise, badian, coriander, cumin, caraway, fennel and juniper berries, raw",65.69,49515.99,76107.0
Syrian Arab Republic,2019,"Anise, badian, coriander, cumin, caraway, fennel and juniper berries, raw",699.55,37659.79,54740.0
Syrian Arab Republic,2020,"Anise, badian, coriander, cumin, caraway, fennel and juniper berries, raw",3263.17,39789.49,79643.0
Syrian Arab Republic,2021,"Anise, badian, coriander, cumin, caraway, fennel and juniper berries, raw",1992.88,24750.05,68098.3
Syrian Arab Republic,2022,"Anise, badian, coriander, cumin, caraway, fennel and juniper berries, raw",1065.16,14930.84,33142.0
Syrian Arab Republic,2023,"Anise, badian, coriander, cumin, caraway, fennel and juniper berries, raw",2832.99,19877.75,48637.0
Tajikistan,2014,"Anise, badian, coriander, cumin, caraway, fennel and juniper berries, raw",0.29,12.99,0.0
Tajikistan,2015,"Anise, badian, coriander, cumin, caraway, fennel and juniper berries, raw",0.6,25.39,0.0
Tajikistan,2017,"Anise, badian, coriander, cumin, caraway, fennel and juniper berries, raw",150.72,71.83,0.0
Tajikistan,2018,"Anise, badian, coriander, cumin, caraway, fennel and juniper berries, raw",117.1,27.64,0.0
Tajikistan,2019,"Anise, badian, coriander, cumin, caraway, fennel and juniper berries, raw",261.61,23.16,0.0
Tajikistan,2020,"Anise, badian, coriander, cumin, caraway, fennel and juniper berries, raw",50.33,18.54,0.0
Tajikistan,2021,"Anise, badian, coriander, cumin, caraway, fennel and juniper berries, raw",405.57,34.15,0.0
Tajikistan,2022,"Anise, badian, coriander, cumin, caraway, fennel and juniper berries, raw",327.1,80.62,0.0
Tajikistan,2023,"Anise, badian, coriander, cumin, caraway, fennel and juniper berries, raw",407.0,69.83,0.0
Thailand,1993,"Anise, badian, coriander, cumin, caraway, fennel and juniper berries, raw",889.0,4.0,0.0
Thailand,1995,"Anise, badian, coriander, cumin, caraway, fennel and juniper berries, raw",1175.0,13.0,0.0
Thailand,1996,"Anise, badian, coriander, cumin, caraway, fennel and juniper berries, raw",1404.0,7.0,0.0
Thailand,1997,"Anise, badian, coriander, cumin, caraway, fennel and juniper berries, raw",1198.0,14.0,0.0
Thailand,1998,"Anise, badian, coriander, cumin, caraway, fennel and juniper berries, raw",1315.0,24.0,0.0
Thailand,1999,"Anise, badian, coriander, cumin, caraway, fennel and juniper berries, raw",1165.0,37.0,0.0
Thailand,2000,"Anise, badian, coriander, cumin, caraway, fennel and juniper berries, raw",1206.0,42.0,0.0
Thailand,2001,"Anise, badian, coriander, cumin, caraway, fennel and juniper berries, raw",1730.0,60.0,0.0
Thailand,2002,"Anise, badian, coriander, cumin, caraway, fennel and juniper berries, raw",1894.0,73.0,0.0
Thailand,2003,"Anise, badian, coriander, cumin, caraway, fennel and juniper berries, raw",2183.0,211.0,0.0
Thailand,2004,"Anise, badian, coriander, cumin, caraway, fennel and juniper berries, raw",2037.0,201.0,0.0
Thailand,2005,"Anise, badian, coriander, cumin, caraway, fennel and juniper berries, raw",2491.0,422.0,0.0
Thailand,2006,"Anise, badian, coriander, cumin, caraway, fennel and juniper berries, raw",2643.0,537.0,0.0
Thailand,2007,"Anise, badian, coriander, cumin, caraway, fennel and juniper berries, raw",2595.0,127.0,0.0
Thailand,2008,"Anise, badian, coriander, cumin, caraway, fennel and juniper berries, raw",2650.0,88.0,0.0
Thailand,2009,"Anise, badian, coriander, cumin, caraway, fennel and juniper berries, raw",2850.0,53.0,0.0
Thailand,2010,"Anise, badian, coriander, cumin, caraway, fennel and juniper berries, raw",2791.0,144.0,0.0
Thailand,2011,"Anise, badian, coriander, cumin, caraway, fennel and juniper berries, raw",2761.0,58.0,0.0
Thailand,2012,"Anise, badian, coriander, cumin, caraway, fennel and juniper berries, raw",3558.0,83.0,0.0
Thailand,2013,"Anise, badian, coriander, cumin, caraway, fennel and juniper berries, raw",3135.0,171.0,0.0
Thailand,2014,"Anise, badian, coriander, cumin, caraway, fennel and juniper berries, raw",3548.29,65.87,0.0
Thailand,2015,"Anise, badian, coriander, cumin, caraway, fennel and juniper berries, raw",3771.46,145.57,0.0
Thailand,2016,"Anise, badian, coriander, cumin, caraway, fennel and juniper berries, raw",4402.08,188.51,0.0
Thailand,2018,"Anise, badian, coriander, cumin, caraway, fennel and juniper berries, raw",3994.28,130.15,0.0
Thailand,2019,"Anise, badian, coriander, cumin, caraway, fennel and juniper berries, raw",4073.39,89.95,0.0
Thailand,2020,"Anise, badian, coriander, cumin, caraway, fennel and juniper berries, raw",4371.96,114.74,0.0
Thailand,2021,"Anise, badian, coriander, cumin, caraway, fennel and juniper berries, raw",4477.06,65.71,0.0
Thailand,2023,"Anise, badian, coriander, cumin, caraway, fennel and juniper berries, raw",4095.86,103.44,0.0
Timor-Leste,2015,"Anise, badian, coriander, cumin, caraway, fennel and juniper berries, raw",1.49,0.0,0.0
Timor-Leste,2016,"Anise, badian, coriander, cumin, caraway, fennel and juniper berries, raw",2.93,0.0,0.0
Timor-Leste,2017,"Anise, badian, coriander, cumin, caraway, fennel and juniper berries, raw",2.23,0.0,0.0
Timor-Leste,2018,"Anise, badian, coriander, cumin, caraway, fennel and juniper berries, raw",4.43,0.0,0.0
Timor-Leste,2019,"Anise, badian, coriander, cumin, caraway, fennel and juniper berries, raw",2.82,0.0,0.0
Timor-Leste,2020,"Anise, badian, coriander, cumin, caraway, fennel and juniper berries, raw",6.57,0.0,0.0
Timor-Leste,2021,"Anise, badian, coriander, cumin, caraway, fennel and juniper berries, raw",5.45,0.0,0.0
Timor-Leste,2022,"Anise, badian, coriander, cumin, caraway, fennel and juniper berries, raw",5.9,0.0,0.0
Timor-Leste,2023,"Anise, badian, coriander, cumin, caraway, fennel and juniper berries, raw",4.99,0.0,0.0
Togo,1993,"Anise, badian, coriander, cumin, caraway, fennel and juniper berries, raw",43.0,21.0,0.0
Togo,1994,"Anise, badian, coriander, cumin, caraway, fennel and juniper berries, raw",63.0,8.0,0.0
Togo,1995,"Anise, badian, coriander, cumin, caraway, fennel and juniper berries, raw",26.0,3.0,0.0
Togo,1997,"Anise, badian, coriander, cumin, caraway, fennel and juniper berries, raw",64.0,3.0,0.0
Togo,1998,"Anise, badian, coriander, cumin, caraway, fennel and juniper berries, raw",28.0,0.0,0.0
Togo,1999,"Anise, badian, coriander, cumin, caraway, fennel and juniper berries, raw",27.96,6.82,0.0
Togo,2000,"Anise, badian, coriander, cumin, caraway, fennel and juniper berries, raw",2.66,22.0,0.0
Togo,2001,"Anise, badian, coriander, cumin, caraway, fennel and juniper berries, raw",6.0,31.0,0.0
Togo,2002,"Anise, badian, coriander, cumin, caraway, fennel and juniper berries, raw",16.0,8.0,0.0
Togo,2004,"Anise, badian, coriander, cumin, caraway, fennel and juniper berries, raw",0.0,0.0,0.0
Togo,2005,"Anise, badian, coriander, cumin, caraway, fennel and juniper berries, raw",0.0,0.0,0.0
Togo,2006,"Anise, badian, coriander, cumin, caraway, fennel and juniper berries, raw",3.0,0.0,0.0
Togo,2007,"Anise, badian, coriander, cumin, caraway, fennel and juniper berries, raw",0.0,1.0,0.0
Togo,2008,"Anise, badian, coriander, cumin, caraway, fennel and juniper berries, raw",0.0,0.0,0.0
Togo,2010,"Anise, badian, coriander, cumin, caraway, fennel and juniper berries, raw",0.0,0.0,0.0
Togo,2011,"Anise, badian, coriander, cumin, caraway, fennel and juniper berries, raw",0.0,0.0,0.0
Togo,2012,"Anise, badian, coriander, cumin, caraway, fennel and juniper berries, raw",0.0,0.0,0.0
Togo,2013,"Anise, badian, coriander, cumin, caraway, fennel and juniper berries, raw",0.0,0.0,0.0
Togo,2019,"Anise, badian, coriander, cumin, caraway, fennel and juniper berries, raw",18.0,0.0,0.0
Togo,2020,"Anise, badian, coriander, cumin, caraway, fennel and juniper berries, raw",1.16,0.0,0.0
Togo,2021,"Anise, badian, coriander, cumin, caraway, fennel and juniper berries, raw",23.55,0.0,0.0
Togo,2022,"Anise, badian, coriander, cumin, caraway, fennel and juniper berries, raw",38.97,0.0,0.0
Togo,2023,"Anise, badian, coriander, cumin, caraway, fennel and juniper berries, raw",45.6,0.0,0.0
Tonga,2000,"Anise, badian, coriander, cumin, caraway, fennel and juniper berries, raw",0.0,0.0,0.0
Tonga,2001,"Anise, badian, coriander, cumin, caraway, fennel and juniper berries, raw",0.0,0.0,0.0
Tonga,2002,"Anise, badian, coriander, cumin, caraway, fennel and juniper berries, raw",0.0,0.0,0.0
Tonga,2003,"Anise, badian, coriander, cumin, caraway, fennel and juniper berries, raw",1.0,0.0,0.0
Tonga,2004,"Anise, badian, coriander, cumin, caraway, fennel and juniper berries, raw",2.0,0.0,0.0
Tonga,2005,"Anise, badian, coriander, cumin, caraway, fennel and juniper berries, raw",1.0,0.0,0.0
Tonga,2006,"Anise, badian, coriander, cumin, caraway, fennel and juniper berries, raw",2.0,0.0,0.0
Tonga,2007,"Anise, badian, coriander, cumin, caraway, fennel and juniper berries, raw",1.0,0.0,0.0
Tonga,2008,"Anise, badian, coriander, cumin, caraway, fennel and juniper berries, raw",1.0,0.0,0.0
Tonga,2009,"Anise, badian, coriander, cumin, caraway, fennel and juniper berries, raw",1.0,0.0,0.0
Tonga,2010,"Anise, badian, coriander, cumin, caraway, fennel and juniper berries, raw",0.0,0.0,0.0
Tonga,2011,"Anise, badian, coriander, cumin, caraway, fennel and juniper berries, raw",0.0,0.0,0.0
Tonga,2012,"Anise, badian, coriander, cumin, caraway, fennel and juniper berries, raw",0.0,0.0,0.0
Tonga,2013,"Anise, badian, coriander, cumin, caraway, fennel and juniper berries, raw",0.0,0.0,0.0
Tonga,2014,"Anise, badian, coriander, cumin, caraway, fennel and juniper berries, raw",0.5,0.0,0.0
Tonga,2015,"Anise, badian, coriander, cumin, caraway, fennel and juniper berries, raw",0.16,0.0,0.0
Tonga,2016,"Anise, badian, coriander, cumin, caraway, fennel and juniper berries, raw",0.58,0.0,0.0
Tonga,2017,"Anise, badian, coriander, cumin, caraway, fennel and juniper berries, raw",0.01,0.0,0.0
Tonga,2018,"Anise, badian, coriander, cumin, caraway, fennel and juniper berries, raw",0.32,0.0,0.0
Tonga,2019,"Anise, badian, coriander, cumin, caraway, fennel and juniper berries, raw",0.4,0.0,0.0
Tonga,2020,"Anise, badian, coriander, cumin, caraway, fennel and juniper berries, raw",0.43,0.0,0.0
Tonga,2023,"Anise, badian, coriander, cumin, caraway, fennel and juniper berries, raw",0.43,0.0,0.0
Trinidad and Tobago,1993,"Anise, badian, coriander, cumin, caraway, fennel and juniper berries, raw",837.0,2.0,0.0
Trinidad and Tobago,1994,"Anise, badian, coriander, cumin, caraway, fennel and juniper berries, raw",572.0,2.0,0.0
Trinidad and Tobago,1995,"Anise, badian, coriander, cumin, caraway, fennel and juniper berries, raw",679.0,2.0,0.0
Trinidad and Tobago,1997,"Anise, badian, coriander, cumin, caraway, fennel and juniper berries, raw",659.0,4.0,0.0
Trinidad and Tobago,1998,"Anise, badian, coriander, cumin, caraway, fennel and juniper berries, raw",670.0,3.0,0.0
Trinidad and Tobago,2000,"Anise, badian, coriander, cumin, caraway, fennel and juniper berries, raw",784.58,13.08,0.0
Trinidad and Tobago,2001,"Anise, badian, coriander, cumin, caraway, fennel and juniper berries, raw",708.0,7.0,0.0
Trinidad and Tobago,2002,"Anise, badian, coriander, cumin, caraway, fennel and juniper berries, raw",673.0,18.0,0.0
Trinidad and Tobago,2003,"Anise, badian, coriander, cumin, caraway, fennel and juniper berries, raw",881.0,13.0,0.0
Trinidad and Tobago,2004,"Anise, badian, coriander, cumin, caraway, fennel and juniper berries, raw",770.0,8.0,0.0
Trinidad and Tobago,2005,"Anise, badian, coriander, cumin, caraway, fennel and juniper berries, raw",824.0,8.0,0.0
Trinidad and Tobago,2006,"Anise, badian, coriander, cumin, caraway, fennel and juniper berries, raw",718.0,13.0,0.0
Trinidad and Tobago,2007,"Anise, badian, coriander, cumin, caraway, fennel and juniper berries, raw",1172.0,18.0,0.0
Trinidad and Tobago,2008,"Anise, badian, coriander, cumin, caraway, fennel and juniper berries, raw",831.0,24.0,0.0
Trinidad and Tobago,2009,"Anise, badian, coriander, cumin, caraway, fennel and juniper berries, raw",487.0,15.0,0.0
Trinidad and Tobago,2010,"Anise, badian, coriander, cumin, caraway, fennel and juniper berries, raw",1006.0,20.0,0.0
Trinidad and Tobago,2011,"Anise, badian, coriander, cumin, caraway, fennel and juniper berries, raw",794.0,13.0,0.0
Trinidad and Tobago,2012,"Anise, badian, coriander, cumin, caraway, fennel and juniper berries, raw",866.0,9.0,0.0
Trinidad and Tobago,2013,"Anise, badian, coriander, cumin, caraway, fennel and juniper berries, raw",945.0,15.0,0.0
Trinidad and Tobago,2014,"Anise, badian, coriander, cumin, caraway, fennel and juniper berries, raw",646.77,13.83,0.0
Trinidad and Tobago,2015,"Anise, badian, coriander, cumin, caraway, fennel and juniper berries, raw",1190.3,45.27,0.0
Trinidad and Tobago,2016,"Anise, badian, coriander, cumin, caraway, fennel and juniper berries, raw",831.56,42.3,0.0
Trinidad and Tobago,2017,"Anise, badian, coriander, cumin, caraway, fennel and juniper berries, raw",1014.33,47.93,0.0
Trinidad and Tobago,2018,"Anise, badian, coriander, cumin, caraway, fennel and juniper berries, raw",978.54,51.33,0.0
Trinidad and Tobago,2019,"Anise, badian, coriander, cumin, caraway, fennel and juniper berries, raw",854.25,49.16,0.0
Trinidad and Tobago,2020,"Anise, badian, coriander, cumin, caraway, fennel and juniper berries, raw",1011.05,60.26,0.0
Trinidad and Tobago,2021,"Anise, badian, coriander, cumin, caraway, fennel and juniper berries, raw",1117.32,66.82,0.0
Trinidad and Tobago,2022,"Anise, badian, coriander, cumin, caraway, fennel and juniper berries, raw",852.93,51.34,0.0
Trinidad and Tobago,2023,"Anise, badian, coriander, cumin, caraway, fennel and juniper berries, raw",1097.43,16.49,0.0
Tunisia,1993,"Anise, badian, coriander, cumin, caraway, fennel and juniper berries, raw",1142.0,233.0,9900.0
Tunisia,1995,"Anise, badian, coriander, cumin, caraway, fennel and juniper berries, raw",2192.0,173.0,9685.03
Tunisia,1996,"Anise, badian, coriander, cumin, caraway, fennel and juniper berries, raw",1924.0,66.0,9600.0
Tunisia,1997,"Anise, badian, coriander, cumin, caraway, fennel and juniper berries, raw",1774.0,56.0,9683.1
Tunisia,1998,"Anise, badian, coriander, cumin, caraway, fennel and juniper berries, raw",3811.0,107.0,9700.0
Tunisia,1999,"Anise, badian, coriander, cumin, caraway, fennel and juniper berries, raw",2725.0,14.0,9680.03
Tunisia,2000,"Anise, badian, coriander, cumin, caraway, fennel and juniper berries, raw",3343.0,4.0,9800.0
Tunisia,2001,"Anise, badian, coriander, cumin, caraway, fennel and juniper berries, raw",3723.0,17.0,9800.0
Tunisia,2002,"Anise, badian, coriander, cumin, caraway, fennel and juniper berries, raw",3471.0,41.0,9800.0
Tunisia,2003,"Anise, badian, coriander, cumin, caraway, fennel and juniper berries, raw",4124.0,0.0,9800.0
Tunisia,2004,"Anise, badian, coriander, cumin, caraway, fennel and juniper berries, raw",2809.0,27.0,9800.0
Tunisia,2005,"Anise, badian, coriander, cumin, caraway, fennel and juniper berries, raw",2680.0,3.0,9800.0
Tunisia,2006,"Anise, badian, coriander, cumin, caraway, fennel and juniper berries, raw",3676.0,1.0,9800.0
Tunisia,2007,"Anise, badian, coriander, cumin, caraway, fennel and juniper berries, raw",4025.0,5.0,9800.0
Tunisia,2009,"Anise, badian, coriander, cumin, caraway, fennel and juniper berries, raw",3305.0,2.0,9307.73
Tunisia,2010,"Anise, badian, coriander, cumin, caraway, fennel and juniper berries, raw",3298.0,0.0,10029.3
Tunisia,2011,"Anise, badian, coriander, cumin, caraway, fennel and juniper berries, raw",2878.0,215.0,10504.51
Tunisia,2013,"Anise, badian, coriander, cumin, caraway, fennel and juniper berries, raw",2433.0,142.0,11401.74
Tunisia,2014,"Anise, badian, coriander, cumin, caraway, fennel and juniper berries, raw",2869.18,43.22,10681.97
Tunisia,2015,"Anise, badian, coriander, cumin, caraway, fennel and juniper berries, raw",3930.84,95.08,10768.97
Tunisia,2016,"Anise, badian, coriander, cumin, caraway, fennel and juniper berries, raw",3060.23,340.01,10750.46
Tunisia,2017,"Anise, badian, coriander, cumin, caraway, fennel and juniper berries, raw",2329.97,316.12,10792.01
Tunisia,2018,"Anise, badian, coriander, cumin, caraway, fennel and juniper berries, raw",2734.28,34.47,10831.15
Tunisia,2019,"Anise, badian, coriander, cumin, caraway, fennel and juniper berries, raw",3648.29,228.04,10858.65
Tunisia,2020,"Anise, badian, coriander, cumin, caraway, fennel and juniper berries, raw",3770.07,36.51,10922.77
Tunisia,2021,"Anise, badian, coriander, cumin, caraway, fennel and juniper berries, raw",2360.13,308.12,10995.63
Tunisia,2022,"Anise, badian, coriander, cumin, caraway, fennel and juniper berries, raw",2137.13,192.42,11051.6
Tunisia,2023,"Anise, badian, coriander, cumin, caraway, fennel and juniper berries, raw",2940.72,0.24,11107.57
Türkiye,1993,"Anise, badian, coriander, cumin, caraway, fennel and juniper berries, raw",4.0,12806.0,28000.0
Türkiye,1994,"Anise, badian, coriander, cumin, caraway, fennel and juniper berries, raw",78.0,11254.0,27500.0
Türkiye,1995,"Anise, badian, coriander, cumin, caraway, fennel and juniper berries, raw",27.0,11440.0,25000.0
Türkiye,1996,"Anise, badian, coriander, cumin, caraway, fennel and juniper berries, raw",689.0,12331.0,19000.0
Türkiye,1997,"Anise, badian, coriander, cumin, caraway, fennel and juniper berries, raw",2296.0,18543.0,21000.0
Türkiye,1999,"Anise, badian, coriander, cumin, caraway, fennel and juniper berries, raw",2060.0,12449.0,23000.0
Türkiye,2000,"Anise, badian, coriander, cumin, caraway, fennel and juniper berries, raw",2288.21,12435.38,20000.0
Türkiye,2001,"Anise, badian, coriander, cumin, caraway, fennel and juniper berries, raw",829.0,11831.0,11000.0
Türkiye,2003,"Anise, badian, coriander, cumin, caraway, fennel and juniper berries, raw",486.0,19559.0,12300.0
Türkiye,2004,"Anise, badian, coriander, cumin, caraway, fennel and juniper berries, raw",792.0,12237.0,11000.0
Türkiye,2006,"Anise, badian, coriander, cumin, caraway, fennel and juniper berries, raw",1099.0,8896.0,8479.0
Türkiye,2007,"Anise, badian, coriander, cumin, caraway, fennel and juniper berries, raw",1379.0,7311.0,8006.0
Türkiye,2008,"Anise, badian, coriander, cumin, caraway, fennel and juniper berries, raw",1057.0,6970.0,7234.0
Türkiye,2009,"Anise, badian, coriander, cumin, caraway, fennel and juniper berries, raw",763.0,9122.0,9472.0
Türkiye,2010,"Anise, badian, coriander, cumin, caraway, fennel and juniper berries, raw",1949.0,9505.0,13992.0
Türkiye,2011,"Anise, badian, coriander, cumin, caraway, fennel and juniper berries, raw",1168.0,9260.0,14879.0
Türkiye,2013,"Anise, badian, coriander, cumin, caraway, fennel and juniper berries, raw",1470.0,10115.0,12041.0
Türkiye,2014,"Anise, badian, coriander, cumin, caraway, fennel and juniper berries, raw",2575.23,9891.46,27309.0
Türkiye,2015,"Anise, badian, coriander, cumin, caraway, fennel and juniper berries, raw",3342.72,7182.57,27844.0
Türkiye,2016,"Anise, badian, coriander, cumin, caraway, fennel and juniper berries, raw",5309.69,12062.12,30583.0
Türkiye,2017,"Anise, badian, coriander, cumin, caraway, fennel and juniper berries, raw",5935.29,6950.19,32738.0
Türkiye,2018,"Anise, badian, coriander, cumin, caraway, fennel and juniper berries, raw",5138.37,9894.99,39277.0
Türkiye,2019,"Anise, badian, coriander, cumin, caraway, fennel and juniper berries, raw",13755.98,11940.25,306679.0
Türkiye,2020,"Anise, badian, coriander, cumin, caraway, fennel and juniper berries, raw",22069.42,17585.19,314999.0
Türkiye,2021,"Anise, badian, coriander, cumin, caraway, fennel and juniper berries, raw",19346.01,15739.85,332310.0
Türkiye,2022,"Anise, badian, coriander, cumin, caraway, fennel and juniper berries, raw",20326.11,13403.66,346905.0
Türkiye,2023,"Anise, badian, coriander, cumin, caraway, fennel and juniper berries, raw",16144.62,17242.79,341590.0
Turkmenistan,2014,"Anise, badian, coriander, cumin, caraway, fennel and juniper berries, raw",1.34,0.0,0.0
Turkmenistan,2015,"Anise, badian, coriander, cumin, caraway, fennel and juniper berries, raw",3.82,0.0,0.0
Turkmenistan,2016,"Anise, badian, coriander, cumin, caraway, fennel and juniper berries, raw",7.83,0.0,0.0
Turkmenistan,2017,"Anise, badian, coriander, cumin, caraway, fennel and juniper berries, raw",41.28,0.0,0.0
Turkmenistan,2018,"Anise, badian, coriander, cumin, caraway, fennel and juniper berries, raw",4.98,0.0,0.0
Turkmenistan,2020,"Anise, badian, coriander, cumin, caraway, fennel and juniper berries, raw",9.68,0.0,0.0
Turkmenistan,2021,"Anise, badian, coriander, cumin, caraway, fennel and juniper berries, raw",36.28,0.0,0.0
Turkmenistan,2022,"Anise, badian, coriander, cumin, caraway, fennel and juniper berries, raw",0.57,0.0,0.0
Turkmenistan,2023,"Anise, badian, coriander, cumin, caraway, fennel and juniper berries, raw",2.08,0.0,0.0
Tuvalu,2014,"Anise, badian, coriander, cumin, caraway, fennel and juniper berries, raw",0.3,0.0,0.0
Tuvalu,2015,"Anise, badian, coriander, cumin, caraway, fennel and juniper berries, raw",0.17,0.0,0.0
Tuvalu,2017,"Anise, badian, coriander, cumin, caraway, fennel and juniper berries, raw",0.01,0.0,0.0
Tuvalu,2018,"Anise, badian, coriander, cumin, caraway, fennel and juniper berries, raw",0.01,0.0,0.0
Tuvalu,2020,"Anise, badian, coriander, cumin, caraway, fennel and juniper berries, raw",0.01,0.0,0.0
Tuvalu,2021,"Anise, badian, coriander, cumin, caraway, fennel and juniper berries, raw",0.02,0.0,0.0
Tuvalu,2022,"Anise, badian, coriander, cumin, caraway, fennel and juniper berries, raw",0.05,0.0,0.0
Uganda,1993,"Anise, badian, coriander, cumin, caraway, fennel and juniper berries, raw",0.0,0.0,0.0
Uganda,1994,"Anise, badian, coriander, cumin, caraway, fennel and juniper berries, raw",1.42,10.55,0.0
Uganda,1995,"Anise, badian, coriander, cumin, caraway, fennel and juniper berries, raw",0.13,0.0,0.0
Uganda,1997,"Anise, badian, coriander, cumin, caraway, fennel and juniper berries, raw",0.0,4.5,0.0
Uganda,1998,"Anise, badian, coriander, cumin, caraway, fennel and juniper berries, raw",7.0,0.0,0.0
Uganda,1999,"Anise, badian, coriander, cumin, caraway, fennel and juniper berries, raw",0.0,0.0,0.0
Uganda,2000,"Anise, badian, coriander, cumin, caraway, fennel and juniper berries, raw",6.81,6.6,0.0
Uganda,2001,"Anise, badian, coriander, cumin, caraway, fennel and juniper berries, raw",1.0,5.0,0.0
Uganda,2003,"Anise, badian, coriander, cumin, caraway, fennel and juniper berries, raw",6.0,0.0,0.0
Uganda,2004,"Anise, badian, coriander, cumin, caraway, fennel and juniper berries, raw",11.0,0.0,0.0
Uganda,2005,"Anise, badian, coriander, cumin, caraway, fennel and juniper berries, raw",2.0,0.0,0.0
Uganda,2008,"Anise, badian, coriander, cumin, caraway, fennel and juniper berries, raw",7.0,4.0,0.0
Uganda,2009,"Anise, badian, coriander, cumin, caraway, fennel and juniper berries, raw",6.0,0.0,0.0
Uganda,2010,"Anise, badian, coriander, cumin, caraway, fennel and juniper berries, raw",12.0,0.0,0.0
Uganda,2011,"Anise, badian, coriander, cumin, caraway, fennel and juniper berries, raw",16.0,0.0,0.0
Uganda,2012,"Anise, badian, coriander, cumin, caraway, fennel and juniper berries, raw",24.0,0.0,0.0
Uganda,2013,"Anise, badian, coriander, cumin, caraway, fennel and juniper berries, raw",46.0,0.0,0.0
Uganda,2014,"Anise, badian, coriander, cumin, caraway, fennel and juniper berries, raw",84.94,0.0,0.0
Uganda,2016,"Anise, badian, coriander, cumin, caraway, fennel and juniper berries, raw",179.32,0.0,0.0
Uganda,2017,"Anise, badian, coriander, cumin, caraway, fennel and juniper berries, raw",215.15,0.14,0.0
Uganda,2018,"Anise, badian, coriander, cumin, caraway, fennel and juniper berries, raw",277.98,0.04,0.0
Uganda,2019,"Anise, badian, coriander, cumin, caraway, fennel and juniper berries, raw",290.73,0.08,0.0
Uganda,2020,"Anise, badian, coriander, cumin, caraway, fennel and juniper berries, raw",315.05,2.75,0.0
Uganda,2021,"Anise, badian, coriander, cumin, caraway, fennel and juniper berries, raw",208.83,0.7,0.0
Uganda,2022,"Anise, badian, coriander, cumin, caraway, fennel and juniper berries, raw",126.66,3.63,0.0
Uganda,2023,"Anise, badian, coriander, cumin, caraway, fennel and juniper berries, raw",115.38,0.09,0.0
Ukraine,1994,"Anise, badian, coriander, cumin, caraway, fennel and juniper berries, raw",2.0,907.0,1600.0
Ukraine,1995,"Anise, badian, coriander, cumin, caraway, fennel and juniper berries, raw",28.0,1090.0,2000.0
Ukraine,1996,"Anise, badian, coriander, cumin, caraway, fennel and juniper berries, raw",16.0,847.0,1800.0
Ukraine,1997,"Anise, badian, coriander, cumin, caraway, fennel and juniper berries, raw",82.0,652.0,1528.55
Ukraine,1998,"Anise, badian, coriander, cumin, caraway, fennel and juniper berries, raw",76.0,317.0,1500.0
Ukraine,1999,"Anise, badian, coriander, cumin, caraway, fennel and juniper berries, raw",63.0,296.0,2737.3
Ukraine,2000,"Anise, badian, coriander, cumin, caraway, fennel and juniper berries, raw",43.0,2188.0,2500.0
Ukraine,2001,"Anise, badian, coriander, cumin, caraway, fennel and juniper berries, raw",24.0,1334.0,1580.0
Ukraine,2002,"Anise, badian, coriander, cumin, caraway, fennel and juniper berries, raw",16.0,1827.0,2360.0
Ukraine,2003,"Anise, badian, coriander, cumin, caraway, fennel and juniper berries, raw",78.0,2033.0,4770.0
Ukraine,2004,"Anise, badian, coriander, cumin, caraway, fennel and juniper berries, raw",68.0,1778.0,4927.69
Ukraine,2005,"Anise, badian, coriander, cumin, caraway, fennel and juniper berries, raw",172.0,1552.0,3970.0
Ukraine,2006,"Anise, badian, coriander, cumin, caraway, fennel and juniper berries, raw",156.0,3407.0,3600.0
Ukraine,2007,"Anise, badian, coriander, cumin, caraway, fennel and juniper berries, raw",142.0,1687.0,1620.0
Ukraine,2008,"Anise, badian, coriander, cumin, caraway, fennel and juniper berries, raw",300.0,1530.0,5570.0
Ukraine,2009,"Anise, badian, coriander, cumin, caraway, fennel and juniper berries, raw",299.0,3861.0,7250.0
Ukraine,2010,"Anise, badian, coriander, cumin, caraway, fennel and juniper berries, raw",222.0,4150.0,16510.0
Ukraine,2011,"Anise, badian, coriander, cumin, caraway, fennel and juniper berries, raw",118.0,11955.0,20990.0
Ukraine,2012,"Anise, badian, coriander, cumin, caraway, fennel and juniper berries, raw",254.0,13129.0,10270.0
Ukraine,2013,"Anise, badian, coriander, cumin, caraway, fennel and juniper berries, raw",351.0,7968.0,6540.0
Ukraine,2014,"Anise, badian, coriander, cumin, caraway, fennel and juniper berries, raw",348.42,12871.53,6300.0
Ukraine,2016,"Anise, badian, coriander, cumin, caraway, fennel and juniper berries, raw",339.24,20008.11,1250.0
Ukraine,2017,"Anise, badian, coriander, cumin, caraway, fennel and juniper berries, raw",492.77,16099.62,2500.0
Ukraine,2018,"Anise, badian, coriander, cumin, caraway, fennel and juniper berries, raw",557.51,9005.04,950.0
Ukraine,2019,"Anise, badian, coriander, cumin, caraway, fennel and juniper berries, raw",531.12,6732.39,1460.0
Ukraine,2020,"Anise, badian, coriander, cumin, caraway, fennel and juniper berries, raw",509.0,7444.58,2870.0
Ukraine,2021,"Anise, badian, coriander, cumin, caraway, fennel and juniper berries, raw",674.38,7591.68,3710.0
Ukraine,2022,"Anise, badian, coriander, cumin, caraway, fennel and juniper berries, raw",321.19,4895.68,2870.0
Ukraine,2023,"Anise, badian, coriander, cumin, caraway, fennel and juniper berries, raw",417.51,2237.84,2460.0
United Arab Emirates,1993,"Anise, badian, coriander, cumin, caraway, fennel and juniper berries, raw",0.0,0.0,0.0
United Arab Emirates,1994,"Anise, badian, coriander, cumin, caraway, fennel and juniper berries, raw",0.0,0.0,0.0
United Arab Emirates,1995,"Anise, badian, coriander, cumin, caraway, fennel and juniper berries, raw",0.0,0.0,0.0
United Arab Emirates,1996,"Anise, badian, coriander, cumin, caraway, fennel and juniper berries, raw",0.0,0.0,0.0
United Arab Emirates,1997,"Anise, badian, coriander, cumin, caraway, fennel and juniper berries, raw",0.0,0.0,0.0
United Arab Emirates,1998,"Anise, badian, coriander, cumin, caraway, fennel and juniper berries, raw",14421.0,4019.0,0.0
United Arab Emirates,1999,"Anise, badian, coriander, cumin, caraway, fennel and juniper berries, raw",10770.0,5587.0,0.0
United Arab Emirates,2000,"Anise, badian, coriander, cumin, caraway, fennel and juniper berries, raw",9912.0,4108.0,0.0
United Arab Emirates,2001,"Anise, badian, coriander, cumin, caraway, fennel and juniper berries, raw",17350.0,2445.0,0.0
United Arab Emirates,2002,"Anise, badian, coriander, cumin, caraway, fennel and juniper berries, raw",23399.0,11091.0,0.0
United Arab Emirates,2003,"Anise, badian, coriander, cumin, caraway, fennel and juniper berries, raw",21440.0,11326.0,0.0
United Arab Emirates,2004,"Anise, badian, coriander, cumin, caraway, fennel and juniper berries, raw",20582.0,3212.0,0.0
United Arab Emirates,2005,"Anise, badian, coriander, cumin, caraway, fennel and juniper berries, raw",15498.0,14064.0,0.0
United Arab Emirates,2007,"Anise, badian, coriander, cumin, caraway, fennel and juniper berries, raw",26759.0,15334.0,0.0
United Arab Emirates,2008,"Anise, badian, coriander, cumin, caraway, fennel and juniper berries, raw",24886.0,10979.0,0.0
United Arab Emirates,2009,"Anise, badian, coriander, cumin, caraway, fennel and juniper berries, raw",12715.0,1718.0,0.0
United Arab Emirates,2010,"Anise, badian, coriander, cumin, caraway, fennel and juniper berries, raw",10941.0,1718.0,0.0
United Arab Emirates,2011,"Anise, badian, coriander, cumin, caraway, fennel and juniper berries, raw",13804.0,1483.0,0.0
United Arab Emirates,2012,"Anise, badian, coriander, cumin, caraway, fennel and juniper berries, raw",20840.0,705.0,0.0
United Arab Emirates,2013,"Anise, badian, coriander, cumin, caraway, fennel and juniper berries, raw",18789.0,1120.0,0.0
United Arab Emirates,2014,"Anise, badian, coriander, cumin, caraway, fennel and juniper berries, raw",25811.46,17058.16,0.0
United Arab Emirates,2015,"Anise, badian, coriander, cumin, caraway, fennel and juniper berries, raw",28666.05,23442.51,0.0
United Arab Emirates,2016,"Anise, badian, coriander, cumin, caraway, fennel and juniper berries, raw",20368.45,11896.97,0.0
United Arab Emirates,2017,"Anise, badian, coriander, cumin, caraway, fennel and juniper berries, raw",21931.38,11452.62,0.0
United Arab Emirates,2018,"Anise, badian, coriander, cumin, caraway, fennel and juniper berries, raw",18858.61,11789.44,0.0
United Arab Emirates,2019,"Anise, badian, coriander, cumin, caraway, fennel and juniper berries, raw",22302.18,14007.96,0.0
United Arab Emirates,2020,"Anise, badian, coriander, cumin, caraway, fennel and juniper berries, raw",27047.6,19617.82,0.0
United Arab Emirates,2021,"Anise, badian, coriander, cumin, caraway, fennel and juniper berries, raw",23813.0,18131.93,0.0
United Arab Emirates,2022,"Anise, badian, coriander, cumin, caraway, fennel and juniper berries, raw",29299.55,23015.87,0.0
United Arab Emirates,2023,"Anise, badian, coriander, cumin, caraway, fennel and juniper berries, raw",38693.36,28643.76,0.0
United Kingdom of Great Britain and Northern Ireland,1994,"Anise, badian, coriander, cumin, caraway, fennel and juniper berries, raw",6784.0,267.0,0.0
United Kingdom of Great Britain and Northern Ireland,1995,"Anise, badian, coriander, cumin, caraway, fennel and juniper berries, raw",6701.0,285.0,0.0
United Kingdom of Great Britain and Northern Ireland,1996,"Anise, badian, coriander, cumin, caraway, fennel and juniper berries, raw",7437.0,272.0,0.0
United Kingdom of Great Britain and Northern Ireland,1997,"Anise, badian, coriander, cumin, caraway, fennel and juniper berries, raw",8512.0,247.0,0.0
United Kingdom of Great Britain and Northern Ireland,1998,"Anise, badian, coriander, cumin, caraway, fennel and juniper berries, raw",7535.0,563.0,0.0
United Kingdom of Great Britain and Northern Ireland,1999,"Anise, badian, coriander, cumin, caraway, fennel and juniper berries, raw",7484.0,496.0,0.0
United Kingdom of Great Britain and Northern Ireland,2000,"Anise, badian, coriander, cumin, caraway, fennel and juniper berries, raw",9405.0,563.0,0.0
United Kingdom of Great Britain and Northern Ireland,2001,"Anise, badian, coriander, cumin, caraway, fennel and juniper berries, raw",7202.0,742.0,0.0
United Kingdom of Great Britain and Northern Ireland,2002,"Anise, badian, coriander, cumin, caraway, fennel and juniper berries, raw",7864.0,710.0,0.0
United Kingdom of Great Britain and Northern Ireland,2003,"Anise, badian, coriander, cumin, caraway, fennel and juniper berries, raw",8701.0,547.0,0.0
United Kingdom of Great Britain and Northern Ireland,2004,"Anise, badian, coriander, cumin, caraway, fennel and juniper berries, raw",8341.0,467.0,0.0
United Kingdom of Great Britain and Northern Ireland,2005,"Anise, badian, coriander, cumin, caraway, fennel and juniper berries, raw",8535.0,322.0,0.0
United Kingdom of Great Britain and Northern Ireland,2006,"Anise, badian, coriander, cumin, caraway, fennel and juniper berries, raw",8738.0,252.0,0.0
United Kingdom of Great Britain and Northern Ireland,2007,"Anise, badian, coriander, cumin, caraway, fennel and juniper berries, raw",10656.0,292.0,0.0
United Kingdom of Great Britain and Northern Ireland,2008,"Anise, badian, coriander, cumin, caraway, fennel and juniper berries, raw",11157.0,407.0,0.0
United Kingdom of Great Britain and Northern Ireland,2009,"Anise, badian, coriander, cumin, caraway, fennel and juniper berries, raw",8741.0,409.0,0.0
United Kingdom of Great Britain and Northern Ireland,2010,"Anise, badian, coriander, cumin, caraway, fennel and juniper berries, raw",10456.0,925.0,0.0
United Kingdom of Great Britain and Northern Ireland,2011,"Anise, badian, coriander, cumin, caraway, fennel and juniper berries, raw",11990.0,821.0,0.0
United Kingdom of Great Britain and Northern Ireland,2012,"Anise, badian, coriander, cumin, caraway, fennel and juniper berries, raw",10538.0,774.0,0.0
United Kingdom of Great Britain and Northern Ireland,2013,"Anise, badian, coriander, cumin, caraway, fennel and juniper berries, raw",12138.0,1247.0,0.0
United Kingdom of Great Britain and Northern Ireland,2014,"Anise, badian, coriander, cumin, caraway, fennel and juniper berries, raw",11972.98,937.93,0.0
United Kingdom of Great Britain and Northern Ireland,2015,"Anise, badian, coriander, cumin, caraway, fennel and juniper berries, raw",12502.29,1219.22,0.0
United Kingdom of Great Britain and Northern Ireland,2016,"Anise, badian, coriander, cumin, caraway, fennel and juniper berries, raw",13483.38,1616.68,0.0
United Kingdom of Great Britain and Northern Ireland,2017,"Anise, badian, coriander, cumin, caraway, fennel and juniper berries, raw",14923.92,1560.48,0.0
United Kingdom of Great Britain and Northern Ireland,2018,"Anise, badian, coriander, cumin, caraway, fennel and juniper berries, raw",14428.26,1397.04,0.0
United Kingdom of Great Britain and Northern Ireland,2019,"Anise, badian, coriander, cumin, caraway, fennel and juniper berries, raw",13918.81,1794.16,0.0
United Kingdom of Great Britain and Northern Ireland,2020,"Anise, badian, coriander, cumin, caraway, fennel and juniper berries, raw",16261.3,1957.96,0.0
United Kingdom of Great Britain and Northern Ireland,2021,"Anise, badian, coriander, cumin, caraway, fennel and juniper berries, raw",15666.27,1429.34,0.0
United Kingdom of Great Britain and Northern Ireland,2022,"Anise, badian, coriander, cumin, caraway, fennel and juniper berries, raw",15428.8,1017.0,0.0
United Kingdom of Great Britain and Northern Ireland,2023,"Anise, badian, coriander, cumin, caraway, fennel and juniper berries, raw",14413.11,1149.14,0.0
United Republic of Tanzania,1993,"Anise, badian, coriander, cumin, caraway, fennel and juniper berries, raw",30.0,0.0,0.0
United Republic of Tanzania,1994,"Anise, badian, coriander, cumin, caraway, fennel and juniper berries, raw",40.0,0.0,0.0
United Republic of Tanzania,1995,"Anise, badian, coriander, cumin, caraway, fennel and juniper berries, raw",90.0,0.0,0.0
United Republic of Tanzania,1996,"Anise, badian, coriander, cumin, caraway, fennel and juniper berries, raw",44.0,0.0,0.0
United Republic of Tanzania,1997,"Anise, badian, coriander, cumin, caraway, fennel and juniper berries, raw",62.0,178.0,150.0
United Republic of Tanzania,1998,"Anise, badian, coriander, cumin, caraway, fennel and juniper berries, raw",33.0,108.0,268.35
United Republic of Tanzania,1999,"Anise, badian, coriander, cumin, caraway, fennel and juniper berries, raw",55.0,433.0,400.0
United Republic of Tanzania,2000,"Anise, badian, coriander, cumin, caraway, fennel and juniper berries, raw",47.0,251.0,350.0
United Republic of Tanzania,2001,"Anise, badian, coriander, cumin, caraway, fennel and juniper berries, raw",64.0,95.0,450.0
United Republic of Tanzania,2002,"Anise, badian, coriander, cumin, caraway, fennel and juniper berries, raw",70.0,25.0,550.0
United Republic of Tanzania,2003,"Anise, badian, coriander, cumin, caraway, fennel and juniper berries, raw",39.0,47.0,700.0
United Republic of Tanzania,2004,"Anise, badian, coriander, cumin, caraway, fennel and juniper berries, raw",86.0,23.0,1000.0
United Republic of Tanzania,2006,"Anise, badian, coriander, cumin, caraway, fennel and juniper berries, raw",67.0,62.0,1000.0
United Republic of Tanzania,2007,"Anise, badian, coriander, cumin, caraway, fennel and juniper berries, raw",81.0,2.0,1500.0
United Republic of Tanzania,2008,"Anise, badian, coriander, cumin, caraway, fennel and juniper berries, raw",92.0,549.0,1400.0
United Republic of Tanzania,2010,"Anise, badian, coriander, cumin, caraway, fennel and juniper berries, raw",98.0,40.0,1200.0
United Republic of Tanzania,2011,"Anise, badian, coriander, cumin, caraway, fennel and juniper berries, raw",112.0,133.0,1000.0
United Republic of Tanzania,2012,"Anise, badian, coriander, cumin, caraway, fennel and juniper berries, raw",65.0,1.0,1150.0
United Republic of Tanzania,2013,"Anise, badian, coriander, cumin, caraway, fennel and juniper berries, raw",67.0,124.0,1200.0
United Republic of Tanzania,2014,"Anise, badian, coriander, cumin, caraway, fennel and juniper berries, raw",131.21,411.0,1308.98
United Republic of Tanzania,2015,"Anise, badian, coriander, cumin, caraway, fennel and juniper berries, raw",23.01,180.0,1370.95
United Republic of Tanzania,2016,"Anise, badian, coriander, cumin, caraway, fennel and juniper berries, raw",40.77,138.38,1293.31
United Republic of Tanzania,2017,"Anise, badian, coriander, cumin, caraway, fennel and juniper berries, raw",68.79,456.19,1312.24
United Republic of Tanzania,2018,"Anise, badian, coriander, cumin, caraway, fennel and juniper berries, raw",35.4,0.0,1334.17
United Republic of Tanzania,2019,"Anise, badian, coriander, cumin, caraway, fennel and juniper berries, raw",230.49,0.0,1357.11
United Republic of Tanzania,2020,"Anise, badian, coriander, cumin, caraway, fennel and juniper berries, raw",286.85,0.01,1334.51
United Republic of Tanzania,2021,"Anise, badian, coriander, cumin, caraway, fennel and juniper berries, raw",311.22,7.7,1341.93
United Republic of Tanzania,2023,"Anise, badian, coriander, cumin, caraway, fennel and juniper berries, raw",159.12,2.03,1340.32
United States of America,1993,"Anise, badian, coriander, cumin, caraway, fennel and juniper berries, raw",15340.0,448.0,0.0
United States of America,1994,"Anise, badian, coriander, cumin, caraway, fennel and juniper berries, raw",17114.0,453.0,0.0
United States of America,1995,"Anise, badian, coriander, cumin, caraway, fennel and juniper berries, raw",14683.0,447.0,0.0
United States of America,1996,"Anise, badian, coriander, cumin, caraway, fennel and juniper berries, raw",17986.0,734.0,0.0
United States of America,1997,"Anise, badian, coriander, cumin, caraway, fennel and juniper berries, raw",17429.0,662.0,0.0
United States of America,1998,"Anise, badian, coriander, cumin, caraway, fennel and juniper berries, raw",18873.0,705.0,0.0
United States of America,1999,"Anise, badian, coriander, cumin, caraway, fennel and juniper berries, raw",18942.0,564.0,0.0
United States of America,2000,"Anise, badian, coriander, cumin, caraway, fennel and juniper berries, raw",19997.87,658.95,0.0
United States of America,2001,"Anise, badian, coriander, cumin, caraway, fennel and juniper berries, raw",20618.0,1640.0,0.0
United States of America,2002,"Anise, badian, coriander, cumin, caraway, fennel and juniper berries, raw",20378.0,971.0,0.0
United States of America,2003,"Anise, badian, coriander, cumin, caraway, fennel and juniper berries, raw",20336.0,1401.0,0.0
United States of America,2004,"Anise, badian, coriander, cumin, caraway, fennel and juniper berries, raw",18861.0,1482.0,0.0
United States of America,2005,"Anise, badian, coriander, cumin, caraway, fennel and juniper berries, raw",22384.0,1299.0,0.0
United States of America,2006,"Anise, badian, coriander, cumin, caraway, fennel and juniper berries, raw",22604.0,1113.0,0.0
United States of America,2007,"Anise, badian, coriander, cumin, caraway, fennel and juniper berries, raw",24361.0,2119.0,0.0
United States of America,2008,"Anise, badian, coriander, cumin, caraway, fennel and juniper berries, raw",23012.0,1782.0,0.0
United States of America,2009,"Anise, badian, coriander, cumin, caraway, fennel and juniper berries, raw",21793.0,1929.0,0.0
United States of America,2010,"Anise, badian, coriander, cumin, caraway, fennel and juniper berries, raw",23909.0,2051.0,0.0
United States of America,2011,"Anise, badian, coriander, cumin, caraway, fennel and juniper berries, raw",24380.0,2220.0,0.0
United States of America,2012,"Anise, badian, coriander, cumin, caraway, fennel and juniper berries, raw",26472.0,2138.0,0.0
United States of America,2013,"Anise, badian, coriander, cumin, caraway, fennel and juniper berries, raw",28217.0,2704.0,0.0
United States of America,2014,"Anise, badian, coriander, cumin, caraway, fennel and juniper berries, raw",28214.27,2657.11,0.0
United States of America,2015,"Anise, badian, coriander, cumin, caraway, fennel and juniper berries, raw",28157.71,2629.9,0.0
United States of America,2016,"Anise, badian, coriander, cumin, caraway, fennel and juniper berries, raw",31975.34,2142.66,0.0
United States of America,2017,"Anise, badian, coriander, cumin, caraway, fennel and juniper berries, raw",31156.19,2346.66,0.0
United States of America,2018,"Anise, badian, coriander, cumin, caraway, fennel and juniper berries, raw",32714.37,2061.43,0.0
United States of America,2019,"Anise, badian, coriander, cumin, caraway, fennel and juniper berries, raw",32944.61,2325.65,0.0
United States of America,2020,"Anise, badian, coriander, cumin, caraway, fennel and juniper berries, raw",38255.98,2451.43,0.0
United States of America,2021,"Anise, badian, coriander, cumin, caraway, fennel and juniper berries, raw",40115.69,2553.89,0.0
United States of America,2022,"Anise, badian, coriander, cumin, caraway, fennel and juniper berries, raw",35092.24,2772.05,0.0
United States of America,2023,"Anise, badian, coriander, cumin, caraway, fennel and juniper berries, raw",39228.42,2738.13,0.0
Uruguay,1994,"Anise, badian, coriander, cumin, caraway, fennel and juniper berries, raw",39.0,0.0,0.0
Uruguay,1995,"Anise, badian, coriander, cumin, caraway, fennel and juniper berries, raw",34.0,0.0,0.0
Uruguay,1996,"Anise, badian, coriander, cumin, caraway, fennel and juniper berries, raw",35.0,0.0,0.0
Uruguay,1997,"Anise, badian, coriander, cumin, caraway, fennel and juniper berries, raw",49.0,0.0,0.0
Uruguay,1998,"Anise, badian, coriander, cumin, caraway, fennel and juniper berries, raw",47.0,0.0,0.0
Uruguay,1999,"Anise, badian, coriander, cumin, caraway, fennel and juniper berries, raw",56.0,0.0,0.0
Uruguay,2000,"Anise, badian, coriander, cumin, caraway, fennel and juniper berries, raw",61.87,0.0,0.0
Uruguay,2001,"Anise, badian, coriander, cumin, caraway, fennel and juniper berries, raw",75.0,0.0,0.0
Uruguay,2002,"Anise, badian, coriander, cumin, caraway, fennel and juniper berries, raw",37.0,0.0,0.0
Uruguay,2003,"Anise, badian, coriander, cumin, caraway, fennel and juniper berries, raw",61.0,0.0,0.0
Uruguay,2005,"Anise, badian, coriander, cumin, caraway, fennel and juniper berries, raw",75.0,76.0,0.0
Uruguay,2006,"Anise, badian, coriander, cumin, caraway, fennel and juniper berries, raw",60.0,42.0,0.0
Uruguay,2007,"Anise, badian, coriander, cumin, caraway, fennel and juniper berries, raw",65.0,0.0,0.0
Uruguay,2008,"Anise, badian, coriander, cumin, caraway, fennel and juniper berries, raw",76.0,0.0,0.0
Uruguay,2009,"Anise, badian, coriander, cumin, caraway, fennel and juniper berries, raw",37.0,0.0,0.0
Uruguay,2010,"Anise, badian, coriander, cumin, caraway, fennel and juniper berries, raw",118.0,0.0,0.0
Uruguay,2011,"Anise, badian, coriander, cumin, caraway, fennel and juniper berries, raw",124.0,0.0,0.0
Uruguay,2012,"Anise, badian, coriander, cumin, caraway, fennel and juniper berries, raw",131.0,0.0,0.0
Uruguay,2013,"Anise, badian, coriander, cumin, caraway, fennel and juniper berries, raw",115.0,0.0,0.0
Uruguay,2014,"Anise, badian, coriander, cumin, caraway, fennel and juniper berries, raw",110.45,0.0,0.0
Uruguay,2015,"Anise, badian, coriander, cumin, caraway, fennel and juniper berries, raw",90.1,0.0,0.0
Uruguay,2016,"Anise, badian, coriander, cumin, caraway, fennel and juniper berries, raw",92.27,0.06,0.0
Uruguay,2017,"Anise, badian, coriander, cumin, caraway, fennel and juniper berries, raw",89.81,0.06,0.0
Uruguay,2019,"Anise, badian, coriander, cumin, caraway, fennel and juniper berries, raw",100.44,0.2,0.0
Uruguay,2020,"Anise, badian, coriander, cumin, caraway, fennel and juniper berries, raw",76.08,0.07,0.0
Uruguay,2022,"Anise, badian, coriander, cumin, caraway, fennel and juniper berries, raw",112.69,0.03,0.0
Uruguay,2023,"Anise, badian, coriander, cumin, caraway, fennel and juniper berries, raw",113.35,0.0,0.0
Uzbekistan,1997,"Anise, badian, coriander, cumin, caraway, fennel and juniper berries, raw",142.0,0.0,0.0
Uzbekistan,1998,"Anise, badian, coriander, cumin, caraway, fennel and juniper berries, raw",117.0,0.0,0.0
Uzbekistan,1999,"Anise, badian, coriander, cumin, caraway, fennel and juniper berries, raw",124.0,0.0,0.0
Uzbekistan,2000,"Anise, badian, coriander, cumin, caraway, fennel and juniper berries, raw",78.7,4.7,0.0
Uzbekistan,2001,"Anise, badian, coriander, cumin, caraway, fennel and juniper berries, raw",165.0,0.0,0.0
Uzbekistan,2002,"Anise, badian, coriander, cumin, caraway, fennel and juniper berries, raw",221.0,11.0,0.0
Uzbekistan,2004,"Anise, badian, coriander, cumin, caraway, fennel and juniper berries, raw",224.0,13.0,0.0
Uzbekistan,2005,"Anise, badian, coriander, cumin, caraway, fennel and juniper berries, raw",239.0,3.0,0.0
Uzbekistan,2007,"Anise, badian, coriander, cumin, caraway, fennel and juniper berries, raw",1.0,26.0,0.0
Uzbekistan,2008,"Anise, badian, coriander, cumin, caraway, fennel and juniper berries, raw",0.0,179.0,0.0
Uzbekistan,2009,"Anise, badian, coriander, cumin, caraway, fennel and juniper berries, raw",60.0,180.0,0.0
Uzbekistan,2010,"Anise, badian, coriander, cumin, caraway, fennel and juniper berries, raw",2.0,44.4,0.0
Uzbekistan,2011,"Anise, badian, coriander, cumin, caraway, fennel and juniper berries, raw",237.0,1.0,0.0
Uzbekistan,2012,"Anise, badian, coriander, cumin, caraway, fennel and juniper berries, raw",511.0,25.0,0.0
Uzbekistan,2013,"Anise, badian, coriander, cumin, caraway, fennel and juniper berries, raw",687.0,25.0,0.0
Uzbekistan,2014,"Anise, badian, coriander, cumin, caraway, fennel and juniper berries, raw",1482.98,2.71,0.0
Uzbekistan,2015,"Anise, badian, coriander, cumin, caraway, fennel and juniper berries, raw",1371.77,34.1,0.0
Uzbekistan,2016,"Anise, badian, coriander, cumin, caraway, fennel and juniper berries, raw",1319.61,271.47,0.0
Uzbekistan,2017,"Anise, badian, coriander, cumin, caraway, fennel and juniper berries, raw",1709.68,215.35,0.0
Uzbekistan,2018,"Anise, badian, coriander, cumin, caraway, fennel and juniper berries, raw",2486.23,239.06,0.0
Uzbekistan,2019,"Anise, badian, coriander, cumin, caraway, fennel and juniper berries, raw",3160.55,186.47,0.0
Uzbekistan,2020,"Anise, badian, coriander, cumin, caraway, fennel and juniper berries, raw",2871.85,274.82,0.0
Uzbekistan,2021,"Anise, badian, coriander, cumin, caraway, fennel and juniper berries, raw",3176.51,157.39,0.0
Uzbekistan,2022,"Anise, badian, coriander, cumin, caraway, fennel and juniper berries, raw",5217.73,126.76,0.0
Uzbekistan,2023,"Anise, badian, coriander, cumin, caraway, fennel and juniper berries, raw",5718.07,30.99,0.0
Vanuatu,2006,"Anise, badian, coriander, cumin, caraway, fennel and juniper berries, raw",1.0,0.0,0.0
Vanuatu,2007,"Anise, badian, coriander, cumin, caraway, fennel and juniper berries, raw",2.0,0.0,0.0
Vanuatu,2008,"Anise, badian, coriander, cumin, caraway, fennel and juniper berries, raw",0.0,0.0,0.0
Vanuatu,2009,"Anise, badian, coriander, cumin, caraway, fennel and juniper berries, raw",0.0,0.0,0.0
Vanuatu,2010,"Anise, badian, coriander, cumin, caraway, fennel and juniper berries, raw",0.0,0.0,0.0
Vanuatu,2011,"Anise, badian, coriander, cumin, caraway, fennel and juniper berries, raw",0.0,0.0,0.0
Vanuatu,2012,"Anise, badian, coriander, cumin, caraway, fennel and juniper berries, raw",0.0,0.0,0.0
Vanuatu,2013,"Anise, badian, coriander, cumin, caraway, fennel and juniper berries, raw",0.0,0.0,0.0
Vanuatu,2014,"Anise, badian, coriander, cumin, caraway, fennel and juniper berries, raw",0.26,0.0,0.0
Vanuatu,2015,"Anise, badian, coriander, cumin, caraway, fennel and juniper berries, raw",0.73,0.0,0.0
Vanuatu,2016,"Anise, badian, coriander, cumin, caraway, fennel and juniper berries, raw",0.45,0.0,0.0
Vanuatu,2017,"Anise, badian, coriander, cumin, caraway, fennel and juniper berries, raw",0.7,0.0,0.0
Vanuatu,2018,"Anise, badian, coriander, cumin, caraway, fennel and juniper berries, raw",0.56,0.0,0.0
Vanuatu,2019,"Anise, badian, coriander, cumin, caraway, fennel and juniper berries, raw",0.75,0.0,0.0
Vanuatu,2020,"Anise, badian, coriander, cumin, caraway, fennel and juniper berries, raw",0.43,0.0,0.0
Vanuatu,2021,"Anise, badian, coriander, cumin, caraway, fennel and juniper berries, raw",0.63,0.0,0.0
Vanuatu,2022,"Anise, badian, coriander, cumin, caraway, fennel and juniper berries, raw",0.87,0.0,0.0
Vanuatu,2023,"Anise, badian, coriander, cumin, caraway, fennel and juniper berries, raw",0.85,0.0,0.0
Venezuela (Bolivarian Republic of),1993,"Anise, badian, coriander, cumin, caraway, fennel and juniper berries, raw",697.0,5.0,0.0
Venezuela (Bolivarian Republic of),1994,"Anise, badian, coriander, cumin, caraway, fennel and juniper berries, raw",593.0,12.0,0.0
Venezuela (Bolivarian Republic of),1996,"Anise, badian, coriander, cumin, caraway, fennel and juniper berries, raw",722.0,27.0,0.0
Venezuela (Bolivarian Republic of),1997,"Anise, badian, coriander, cumin, caraway, fennel and juniper berries, raw",786.0,30.0,0.0
Venezuela (Bolivarian Republic of),1998,"Anise, badian, coriander, cumin, caraway, fennel and juniper berries, raw",864.0,16.0,0.0
Venezuela (Bolivarian Republic of),1999,"Anise, badian, coriander, cumin, caraway, fennel and juniper berries, raw",1052.0,25.0,0.0
Venezuela (Bolivarian Republic of),2000,"Anise, badian, coriander, cumin, caraway, fennel and juniper berries, raw",1125.0,30.0,0.0
Venezuela (Bolivarian Republic of),2001,"Anise, badian, coriander, cumin, caraway, fennel and juniper berries, raw",1010.0,30.0,0.0
Venezuela (Bolivarian Republic of),2002,"Anise, badian, coriander, cumin, caraway, fennel and juniper berries, raw",824.0,14.0,0.0
Venezuela (Bolivarian Republic of),2003,"Anise, badian, coriander, cumin, caraway, fennel and juniper berries, raw",568.0,22.0,0.0
Venezuela (Bolivarian Republic of),2004,"Anise, badian, coriander, cumin, caraway, fennel and juniper berries, raw",1090.0,0.0,0.0
Venezuela (Bolivarian Republic of),2005,"Anise, badian, coriander, cumin, caraway, fennel and juniper berries, raw",1002.0,7.0,0.0
Venezuela (Bolivarian Republic of),2007,"Anise, badian, coriander, cumin, caraway, fennel and juniper berries, raw",1139.0,2.0,0.0
Venezuela (Bolivarian Republic of),2008,"Anise, badian, coriander, cumin, caraway, fennel and juniper berries, raw",1249.0,4.0,0.0
Venezuela (Bolivarian Republic of),2009,"Anise, badian, coriander, cumin, caraway, fennel and juniper berries, raw",804.0,0.0,0.0
Venezuela (Bolivarian Republic of),2010,"Anise, badian, coriander, cumin, caraway, fennel and juniper berries, raw",2615.0,0.0,0.0
Venezuela (Bolivarian Republic of),2011,"Anise, badian, coriander, cumin, caraway, fennel and juniper berries, raw",2193.0,8.0,0.0
Venezuela (Bolivarian Republic of),2012,"Anise, badian, coriander, cumin, caraway, fennel and juniper berries, raw",1305.0,23.0,0.0
Venezuela (Bolivarian Republic of),2013,"Anise, badian, coriander, cumin, caraway, fennel and juniper berries, raw",1116.0,11.0,0.0
Venezuela (Bolivarian Republic of),2014,"Anise, badian, coriander, cumin, caraway, fennel and juniper berries, raw",1443.98,9.87,0.0
Venezuela (Bolivarian Republic of),2015,"Anise, badian, coriander, cumin, caraway, fennel and juniper berries, raw",139.65,2.14,0.0
Venezuela (Bolivarian Republic of),2016,"Anise, badian, coriander, cumin, caraway, fennel and juniper berries, raw",64.83,0.0,0.0
Venezuela (Bolivarian Republic of),2017,"Anise, badian, coriander, cumin, caraway, fennel and juniper berries, raw",83.71,0.01,0.0
Venezuela (Bolivarian Republic of),2018,"Anise, badian, coriander, cumin, caraway, fennel and juniper berries, raw",64.96,0.0,0.0
Venezuela (Bolivarian Republic of),2019,"Anise, badian, coriander, cumin, caraway, fennel and juniper berries, raw",132.84,0.0,0.0
Venezuela (Bolivarian Republic of),2020,"Anise, badian, coriander, cumin, caraway, fennel and juniper berries, raw",278.99,0.0,0.0
Venezuela (Bolivarian Republic of),2021,"Anise, badian, coriander, cumin, caraway, fennel and juniper berries, raw",170.98,0.0,0.0
Venezuela (Bolivarian Republic of),2023,"Anise, badian, coriander, cumin, caraway, fennel and juniper berries, raw",237.1,0.0,0.0
Viet Nam,1993,"Anise, badian, coriander, cumin, caraway, fennel and juniper berries, raw",0.0,840.0,1300.0
Viet Nam,1995,"Anise, badian, coriander, cumin, caraway, fennel and juniper berries, raw",0.0,662.0,1200.0
Viet Nam,1996,"Anise, badian, coriander, cumin, caraway, fennel and juniper berries, raw",0.0,1681.0,2000.0
Viet Nam,1997,"Anise, badian, coriander, cumin, caraway, fennel and juniper berries, raw",0.0,850.0,2200.0
Viet Nam,1998,"Anise, badian, coriander, cumin, caraway, fennel and juniper berries, raw",0.0,2200.0,3000.0
Viet Nam,1999,"Anise, badian, coriander, cumin, caraway, fennel and juniper berries, raw",0.0,1820.0,3001.99
Viet Nam,2000,"Anise, badian, coriander, cumin, caraway, fennel and juniper berries, raw",0.0,1900.0,3200.0
Viet Nam,2001,"Anise, badian, coriander, cumin, caraway, fennel and juniper berries, raw",0.0,1300.0,3176.35
Viet Nam,2002,"Anise, badian, coriander, cumin, caraway, fennel and juniper berries, raw",161.0,2531.0,3244.44
Viet Nam,2003,"Anise, badian, coriander, cumin, caraway, fennel and juniper berries, raw",204.0,2373.0,3300.0
Viet Nam,2004,"Anise, badian, coriander, cumin, caraway, fennel and juniper berries, raw",901.0,2134.0,3396.46
Viet Nam,2005,"Anise, badian, coriander, cumin, caraway, fennel and juniper berries, raw",1784.0,3000.0,3473.41
Viet Nam,2007,"Anise, badian, coriander, cumin, caraway, fennel and juniper berries, raw",7409.0,3316.0,3687.11
Viet Nam,2008,"Anise, badian, coriander, cumin, caraway, fennel and juniper berries, raw",1679.0,2794.0,3774.38
Viet Nam,2009,"Anise, badian, coriander, cumin, caraway, fennel and juniper berries, raw",1717.0,4045.0,3859.82
Viet Nam,2010,"Anise, badian, coriander, cumin, caraway, fennel and juniper berries, raw",1149.0,3419.0,3944.15
Viet Nam,2011,"Anise, badian, coriander, cumin, caraway, fennel and juniper berries, raw",5073.0,2818.0,4027.94
Viet Nam,2012,"Anise, badian, coriander, cumin, caraway, fennel and juniper berries, raw",14074.0,4442.0,4100.0
Viet Nam,2014,"Anise, badian, coriander, cumin, caraway, fennel and juniper berries, raw",1000.26,6152.85,4265.25
Viet Nam,2015,"Anise, badian, coriander, cumin, caraway, fennel and juniper berries, raw",641.73,6087.52,4370.04
Viet Nam,2016,"Anise, badian, coriander, cumin, caraway, fennel and juniper berries, raw",1110.05,7013.36,4457.06
Viet Nam,2017,"Anise, badian, coriander, cumin, caraway, fennel and juniper berries, raw",1517.8,11082.36,7940.54
Viet Nam,2018,"Anise, badian, coriander, cumin, caraway, fennel and juniper berries, raw",1987.96,10449.68,11595.3
Viet Nam,2019,"Anise, badian, coriander, cumin, caraway, fennel and juniper berries, raw",1725.86,17473.29,15000.0
Viet Nam,2020,"Anise, badian, coriander, cumin, caraway, fennel and juniper berries, raw",2689.45,18144.37,18000.0
Viet Nam,2022,"Anise, badian, coriander, cumin, caraway, fennel and juniper berries, raw",7012.16,12704.17,16477.8
Viet Nam,2023,"Anise, badian, coriander, cumin, caraway, fennel and juniper berries, raw",8220.26,13623.15,18557.83
Yemen,1993,"Anise, badian, coriander, cumin, caraway, fennel and juniper berries, raw",0.0,0.0,0.0
Yemen,1994,"Anise, badian, coriander, cumin, caraway, fennel and juniper berries, raw",0.0,0.0,0.0
Yemen,1995,"Anise, badian, coriander, cumin, caraway, fennel and juniper berries, raw",0.0,0.0,0.0
Yemen,1996,"Anise, badian, coriander, cumin, caraway, fennel and juniper berries, raw",0.0,0.0,0.0
Yemen,1997,"Anise, badian, coriander, cumin, caraway, fennel and juniper berries, raw",0.0,0.0,0.0
Yemen,1998,"Anise, badian, coriander, cumin, caraway, fennel and juniper berries, raw",773.0,14.0,0.0
Yemen,1999,"Anise, badian, coriander, cumin, caraway, fennel and juniper berries, raw",917.0,27.0,0.0
Yemen,2000,"Anise, badian, coriander, cumin, caraway, fennel and juniper berries, raw",1020.0,30.0,0.0
Yemen,2001,"Anise, badian, coriander, cumin, caraway, fennel and juniper berries, raw",800.0,30.0,0.0
Yemen,2002,"Anise, badian, coriander, cumin, caraway, fennel and juniper berries, raw",1775.0,61.0,0.0
Yemen,2003,"Anise, badian, coriander, cumin, caraway, fennel and juniper berries, raw",1385.0,163.0,0.0
Yemen,2004,"Anise, badian, coriander, cumin, caraway, fennel and juniper berries, raw",1333.0,120.0,0.0
Yemen,2005,"Anise, badian, coriander, cumin, caraway, fennel and juniper berries, raw",2083.0,53.0,0.0
Yemen,2006,"Anise, badian, coriander, cumin, caraway, fennel and juniper berries, raw",2023.0,13.0,0.0
Yemen,2007,"Anise, badian, coriander, cumin, caraway, fennel and juniper berries, raw",2727.0,246.0,0.0
Yemen,2008,"Anise, badian, coriander, cumin, caraway, fennel and juniper berries, raw",2830.0,316.0,0.0
Yemen,2009,"Anise, badian, coriander, cumin, caraway, fennel and juniper berries, raw",3567.0,119.0,0.0
Yemen,2010,"Anise, badian, coriander, cumin, caraway, fennel and juniper berries, raw",1783.0,0.0,0.0
Yemen,2011,"Anise, badian, coriander, cumin, caraway, fennel and juniper berries, raw",1939.0,241.0,0.0
Yemen,2012,"Anise, badian, coriander, cumin, caraway, fennel and juniper berries, raw",3740.0,123.0,0.0
Yemen,2013,"Anise, badian, coriander, cumin, caraway, fennel and juniper berries, raw",4444.0,95.0,0.0
Yemen,2014,"Anise, badian, coriander, cumin, caraway, fennel and juniper berries, raw",4872.18,31.85,0.0
Yemen,2015,"Anise, badian, coriander, cumin, caraway, fennel and juniper berries, raw",2349.31,87.3,0.0
Yemen,2016,"Anise, badian, coriander, cumin, caraway, fennel and juniper berries, raw",2161.69,0.0,0.0
Yemen,2017,"Anise, badian, coriander, cumin, caraway, fennel and juniper berries, raw",2987.32,194.73,0.0
Yemen,2018,"Anise, badian, coriander, cumin, caraway, fennel and juniper berries, raw",1077.12,0.0,0.0
Yemen,2019,"Anise, badian, coriander, cumin, caraway, fennel and juniper berries, raw",3923.78,0.0,0.0
Yemen,2020,"Anise, badian, coriander, cumin, caraway, fennel and juniper berries, raw",9592.71,140.81,0.0
Yemen,2021,"Anise, badian, coriander, cumin, caraway, fennel and juniper berries, raw",8814.02,208.68,0.0
Yemen,2022,"Anise, badian, coriander, cumin, caraway, fennel and juniper berries, raw",8114.97,0.23,0.0
Yemen,2023,"Anise, badian, coriander, cumin, caraway, fennel and juniper berries, raw",7366.66,29.58,0.0
Zambia,1993,"Anise, badian, coriander, cumin, caraway, fennel and juniper berries, raw",0.0,3.0,0.0
Zambia,1994,"Anise, badian, coriander, cumin, caraway, fennel and juniper berries, raw",0.0,0.0,0.0
Zambia,1995,"Anise, badian, coriander, cumin, caraway, fennel and juniper berries, raw",0.0,2.0,0.0
Zambia,1996,"Anise, badian, coriander, cumin, caraway, fennel and juniper berries, raw",0.0,0.0,0.0
Zambia,1998,"Anise, badian, coriander, cumin, caraway, fennel and juniper berries, raw",29.0,10.0,0.0
Zambia,1999,"Anise, badian, coriander, cumin, caraway, fennel and juniper berries, raw",12.0,0.0,0.0
Zambia,2000,"Anise, badian, coriander, cumin, caraway, fennel and juniper berries, raw",0.0,0.0,0.0
Zambia,2002,"Anise, badian, coriander, cumin, caraway, fennel and juniper berries, raw",1.0,0.0,0.0
Zambia,2003,"Anise, badian, coriander, cumin, caraway, fennel and juniper berries, raw",0.0,0.0,0.0
Zambia,2004,"Anise, badian, coriander, cumin, caraway, fennel and juniper berries, raw",2.0,0.0,0.0
Zambia,2005,"Anise, badian, coriander, cumin, caraway, fennel and juniper berries, raw",0.0,0.0,0.0
Zambia,2006,"Anise, badian, coriander, cumin, caraway, fennel and juniper berries, raw",4.0,0.0,0.0
Zambia,2007,"Anise, badian, coriander, cumin, caraway, fennel and juniper berries, raw",2.0,0.0,0.0
Zambia,2008,"Anise, badian, coriander, cumin, caraway, fennel and juniper berries, raw",5.0,0.0,0.0
Zambia,2009,"Anise, badian, coriander, cumin, caraway, fennel and juniper berries, raw",9.0,0.0,0.0
Zambia,2010,"Anise, badian, coriander, cumin, caraway, fennel and juniper berries, raw",8.0,0.0,0.0
Zambia,2011,"Anise, badian, coriander, cumin, caraway, fennel and juniper berries, raw",9.0,0.0,0.0
Zambia,2012,"Anise, badian, coriander, cumin, caraway, fennel and juniper berries, raw",11.0,0.0,0.0
Zambia,2013,"Anise, badian, coriander, cumin, caraway, fennel and juniper berries, raw",19.0,0.0,0.0
Zambia,2015,"Anise, badian, coriander, cumin, caraway, fennel and juniper berries, raw",11.73,0.0,0.0
Zambia,2016,"Anise, badian, coriander, cumin, caraway, fennel and juniper berries, raw",10.52,0.0,0.0
Zambia,2017,"Anise, badian, coriander, cumin, caraway, fennel and juniper berries, raw",6.75,0.0,0.0
Zambia,2018,"Anise, badian, coriander, cumin, caraway, fennel and juniper berries, raw",21.15,0.0,0.0
Zambia,2019,"Anise, badian, coriander, cumin, caraway, fennel and juniper berries, raw",9.05,0.0,0.0
Zambia,2020,"Anise, badian, coriander, cumin, caraway, fennel and juniper berries, raw",14.85,0.0,0.0
Zambia,2021,"Anise, badian, coriander, cumin, caraway, fennel and juniper berries, raw",21.54,0.0,0.0
Zambia,2022,"Anise, badian, coriander, cumin, caraway, fennel and juniper berries, raw",10.93,0.0,0.0
Zimbabwe,1993,"Anise, badian, coriander, cumin, caraway, fennel and juniper berries, raw",18.0,105.0,146.13
Zimbabwe,1994,"Anise, badian, coriander, cumin, caraway, fennel and juniper berries, raw",11.0,147.0,139.03
Zimbabwe,1996,"Anise, badian, coriander, cumin, caraway, fennel and juniper berries, raw",52.0,53.0,129.98
Zimbabwe,1997,"Anise, badian, coriander, cumin, caraway, fennel and juniper berries, raw",70.0,0.0,128.11
Zimbabwe,1998,"Anise, badian, coriander, cumin, caraway, fennel and juniper berries, raw",28.0,16.0,126.56
Zimbabwe,1999,"Anise, badian, coriander, cumin, caraway, fennel and juniper berries, raw",33.0,35.0,125.26
Zimbabwe,2000,"Anise, badian, coriander, cumin, caraway, fennel and juniper berries, raw",25.14,14.26,124.15
Zimbabwe,2001,"Anise, badian, coriander, cumin, caraway, fennel and juniper berries, raw",19.0,0.0,123.18
Zimbabwe,2002,"Anise, badian, coriander, cumin, caraway, fennel and juniper berries, raw",13.0,46.0,122.27
Zimbabwe,2003,"Anise, badian, coriander, cumin, caraway, fennel and juniper berries, raw",1.0,14.0,121.38
Zimbabwe,2004,"Anise, badian, coriander, cumin, caraway, fennel and juniper berries, raw",28.0,21.0,120.44
Zimbabwe,2005,"Anise, badian, coriander, cumin, caraway, fennel and juniper berries, raw",6.0,0.0,119.39
Zimbabwe,2006,"Anise, badian, coriander, cumin, caraway, fennel and juniper berries, raw",6.0,0.0,118.17
Zimbabwe,2007,"Anise, badian, coriander, cumin, caraway, fennel and juniper berries, raw",11.0,0.0,129.64
Zimbabwe,2008,"Anise, badian, coriander, cumin, caraway, fennel and juniper berries, raw",18.0,0.0,113.57
Zimbabwe,2009,"Anise, badian, coriander, cumin, caraway, fennel and juniper berries, raw",26.0,0.0,110.26
Zimbabwe,2010,"Anise, badian, coriander, cumin, caraway, fennel and juniper berries, raw",21.0,0.0,106.93
Zimbabwe,2011,"Anise, badian, coriander, cumin, caraway, fennel and juniper berries, raw",59.0,0.0,103.7
Zimbabwe,2013,"Anise, badian, coriander, cumin, caraway, fennel and juniper berries, raw",40.0,0.0,80.0
Zimbabwe,2014,"Anise, badian, coriander, cumin, caraway, fennel and juniper berries, raw",62.11,0.0,84.73
Zimbabwe,2015,"Anise, badian, coriander, cumin, caraway, fennel and juniper berries, raw",46.53,0.0,88.72
Zimbabwe,2016,"Anise, badian, coriander, cumin, caraway, fennel and juniper berries, raw",17.4,0.0,85.93
Zimbabwe,2017,"Anise, badian, coriander, cumin, caraway, fennel and juniper berries, raw",31.79,0.0,84.1
Zimbabwe,2018,"Anise, badian, coriander, cumin, caraway, fennel and juniper berries, raw",21.88,0.0,86.25
Zimbabwe,2019,"Anise, badian, coriander, cumin, caraway, fennel and juniper berries, raw",16.98,0.0,82.17
Zimbabwe,2020,"Anise, badian, coriander, cumin, caraway, fennel and juniper berries, raw",20.96,0.0,84.18
Zimbabwe,2021,"Anise, badian, coriander, cumin, caraway, fennel and juniper berries, raw",43.78,0.0,84.2
Zimbabwe,2022,"Anise, badian, coriander, cumin, caraway, fennel and juniper berries, raw",35.8,0.0,83.52
Zimbabwe,2023,"Anise, badian, coriander, cumin, caraway, fennel and juniper berries, raw",35.19,0.0,83.96
