Area,Year,Item,Import,Export,Production
Afghanistan,2014,"Chillies and peppers, green (Capsicum spp. and Pimenta spp.)",1425.09,1.52,0.0
Afghanistan,2015,"Chillies and peppers, green (Capsicum spp. and Pimenta spp.)",5.23,0.13,0.0
Afghanistan,2016,"Chillies and peppers, green (Capsicum spp. and Pimenta spp.)",4439.92,174.43,0.0
Afghanistan,2018,"Chillies and peppers, green (Capsicum spp. and Pimenta spp.)",3382.84,36.67,0.0
Afghanistan,2020,"Chillies and peppers, green (Capsicum spp. and Pimenta spp.)",20209.43,436.5,0.0
Afghanistan,2021,"Chillies and peppers, green (Capsicum spp. and Pimenta spp.)",10069.99,145.89,0.0
Afghanistan,2022,"Chillies and peppers, green (Capsicum spp. and Pimenta spp.)",1.5,1253.65,0.0
Afghanistan,2023,"Chillies and peppers, green (Capsicum spp. and Pimenta spp.)",24.09,87.56,0.0
Albania,1996,"Chillies and peppers, green (Capsicum spp. and Pimenta spp.)",63.0,0.0,34000.0
Albania,1997,"Chillies and peppers, green (Capsicum spp. and Pimenta spp.)",43.0,0.0,37000.0
Albania,1998,"Chillies and peppers, green (Capsicum spp. and Pimenta spp.)",0.0,0.0,42000.0
Albania,1999,"Chillies and peppers, green (Capsicum spp. and Pimenta spp.)",1842.0,0.0,31000.0
Albania,2000,"Chillies and peppers, green (Capsicum spp. and Pimenta spp.)",501.0,0.0,33000.0
Albania,2001,"Chillies and peppers, green (Capsicum spp. and Pimenta spp.)",1094.0,5.0,26000.0
Albania,2002,"Chillies and peppers, green (Capsicum spp. and Pimenta spp.)",1092.0,51.0,27000.0
Albania,2003,"Chillies and peppers, green (Capsicum spp. and Pimenta spp.)",1287.0,18.0,44000.0
Albania,2004,"Chillies and peppers, green (Capsicum spp. and Pimenta spp.)",3603.0,85.0,45600.0
Albania,2005,"Chillies and peppers, green (Capsicum spp. and Pimenta spp.)",2132.0,4.0,46000.0
Albania,2006,"Chillies and peppers, green (Capsicum spp. and Pimenta spp.)",2129.0,7.0,49078.0
Albania,2007,"Chillies and peppers, green (Capsicum spp. and Pimenta spp.)",1072.0,119.0,45000.0
Albania,2008,"Chillies and peppers, green (Capsicum spp. and Pimenta spp.)",1094.0,168.0,46600.0
Albania,2009,"Chillies and peppers, green (Capsicum spp. and Pimenta spp.)",1174.0,170.0,51757.0
Albania,2010,"Chillies and peppers, green (Capsicum spp. and Pimenta spp.)",1613.0,353.0,65475.0
Albania,2011,"Chillies and peppers, green (Capsicum spp. and Pimenta spp.)",1594.0,479.0,63700.0
Albania,2012,"Chillies and peppers, green (Capsicum spp. and Pimenta spp.)",1779.0,1108.0,65400.0
Albania,2013,"Chillies and peppers, green (Capsicum spp. and Pimenta spp.)",1621.0,1303.0,66550.0
Albania,2014,"Chillies and peppers, green (Capsicum spp. and Pimenta spp.)",1438.58,1895.58,68970.0
Albania,2015,"Chillies and peppers, green (Capsicum spp. and Pimenta spp.)",1163.15,2567.97,75598.37
Albania,2016,"Chillies and peppers, green (Capsicum spp. and Pimenta spp.)",952.77,5396.5,76810.0
Albania,2017,"Chillies and peppers, green (Capsicum spp. and Pimenta spp.)",888.3,8835.99,75211.12
Albania,2018,"Chillies and peppers, green (Capsicum spp. and Pimenta spp.)",782.91,9376.3,81317.0
Albania,2019,"Chillies and peppers, green (Capsicum spp. and Pimenta spp.)",849.85,11256.55,85061.0
Albania,2020,"Chillies and peppers, green (Capsicum spp. and Pimenta spp.)",728.59,16434.28,103056.0
Albania,2021,"Chillies and peppers, green (Capsicum spp. and Pimenta spp.)",897.99,16004.52,99334.9
Albania,2022,"Chillies and peppers, green (Capsicum spp. and Pimenta spp.)",988.17,16627.94,97017.5
Algeria,1997,"Chillies and peppers, green (Capsicum spp. and Pimenta spp.)",0.0,0.0,190702.0
Algeria,1998,"Chillies and peppers, green (Capsicum spp. and Pimenta spp.)",0.0,0.0,156967.0
Algeria,1999,"Chillies and peppers, green (Capsicum spp. and Pimenta spp.)",0.0,5.0,155553.0
Algeria,2000,"Chillies and peppers, green (Capsicum spp. and Pimenta spp.)",0.0,1.0,174773.0
Algeria,2001,"Chillies and peppers, green (Capsicum spp. and Pimenta spp.)",0.0,5.0,159512.0
Algeria,2002,"Chillies and peppers, green (Capsicum spp. and Pimenta spp.)",0.0,55.0,167668.0
Algeria,2004,"Chillies and peppers, green (Capsicum spp. and Pimenta spp.)",0.0,4.0,265307.0
Algeria,2005,"Chillies and peppers, green (Capsicum spp. and Pimenta spp.)",0.0,52.0,248614.0
Algeria,2006,"Chillies and peppers, green (Capsicum spp. and Pimenta spp.)",5.0,10.0,275888.0
Algeria,2007,"Chillies and peppers, green (Capsicum spp. and Pimenta spp.)",3.0,14.0,268055.0
Algeria,2008,"Chillies and peppers, green (Capsicum spp. and Pimenta spp.)",5.0,64.0,280397.0
Algeria,2009,"Chillies and peppers, green (Capsicum spp. and Pimenta spp.)",83.0,1.0,318949.0
Algeria,2010,"Chillies and peppers, green (Capsicum spp. and Pimenta spp.)",43.0,1.0,380412.0
Algeria,2011,"Chillies and peppers, green (Capsicum spp. and Pimenta spp.)",44.0,0.0,384267.0
Algeria,2012,"Chillies and peppers, green (Capsicum spp. and Pimenta spp.)",85.0,1.0,426566.0
Algeria,2013,"Chillies and peppers, green (Capsicum spp. and Pimenta spp.)",98.0,6.0,482471.0
Algeria,2014,"Chillies and peppers, green (Capsicum spp. and Pimenta spp.)",87.47,7.19,532680.0
Algeria,2015,"Chillies and peppers, green (Capsicum spp. and Pimenta spp.)",86.78,25.63,557250.0
Algeria,2016,"Chillies and peppers, green (Capsicum spp. and Pimenta spp.)",0.85,22.63,598637.67
Algeria,2017,"Chillies and peppers, green (Capsicum spp. and Pimenta spp.)",0.03,47.49,614921.9
Algeria,2018,"Chillies and peppers, green (Capsicum spp. and Pimenta spp.)",4.28,34.97,651044.93
Algeria,2019,"Chillies and peppers, green (Capsicum spp. and Pimenta spp.)",21.0,49.13,675168.0
Algeria,2021,"Chillies and peppers, green (Capsicum spp. and Pimenta spp.)",25.59,71.55,351832.0
Algeria,2022,"Chillies and peppers, green (Capsicum spp. and Pimenta spp.)",9.85,12.75,497430.72
Algeria,2023,"Chillies and peppers, green (Capsicum spp. and Pimenta spp.)",16.89,10.0,624969.59
Angola,2014,"Chillies and peppers, green (Capsicum spp. and Pimenta spp.)",124.04,0.03,0.0
Angola,2016,"Chillies and peppers, green (Capsicum spp. and Pimenta spp.)",76.15,0.0,0.0
Angola,2017,"Chillies and peppers, green (Capsicum spp. and Pimenta spp.)",131.17,0.09,0.0
Angola,2018,"Chillies and peppers, green (Capsicum spp. and Pimenta spp.)",85.5,0.0,0.0
Angola,2019,"Chillies and peppers, green (Capsicum spp. and Pimenta spp.)",27.51,2.47,0.0
Angola,2020,"Chillies and peppers, green (Capsicum spp. and Pimenta spp.)",12.02,4.07,0.0
Angola,2021,"Chillies and peppers, green (Capsicum spp. and Pimenta spp.)",12.89,5.86,0.0
Angola,2022,"Chillies and peppers, green (Capsicum spp. and Pimenta spp.)",42.36,2.36,0.0
Angola,2023,"Chillies and peppers, green (Capsicum spp. and Pimenta spp.)",19.16,0.0,0.0
Antigua and Barbuda,1993,"Chillies and peppers, green (Capsicum spp. and Pimenta spp.)",1.0,0.0,67.99
Antigua and Barbuda,1994,"Chillies and peppers, green (Capsicum spp. and Pimenta spp.)",7.0,0.0,65.23
Antigua and Barbuda,1996,"Chillies and peppers, green (Capsicum spp. and Pimenta spp.)",0.0,0.0,62.51
Antigua and Barbuda,1997,"Chillies and peppers, green (Capsicum spp. and Pimenta spp.)",0.0,0.0,64.2
Antigua and Barbuda,1999,"Chillies and peppers, green (Capsicum spp. and Pimenta spp.)",2.0,0.0,68.17
Antigua and Barbuda,2000,"Chillies and peppers, green (Capsicum spp. and Pimenta spp.)",2.0,0.0,70.0
Antigua and Barbuda,2001,"Chillies and peppers, green (Capsicum spp. and Pimenta spp.)",3.0,0.0,75.0
Antigua and Barbuda,2002,"Chillies and peppers, green (Capsicum spp. and Pimenta spp.)",0.0,0.0,79.37
Antigua and Barbuda,2003,"Chillies and peppers, green (Capsicum spp. and Pimenta spp.)",3.0,0.0,90.0
Antigua and Barbuda,2004,"Chillies and peppers, green (Capsicum spp. and Pimenta spp.)",0.0,0.0,95.0
Antigua and Barbuda,2006,"Chillies and peppers, green (Capsicum spp. and Pimenta spp.)",11.0,0.0,90.98
Antigua and Barbuda,2007,"Chillies and peppers, green (Capsicum spp. and Pimenta spp.)",59.0,0.0,91.27
Antigua and Barbuda,2008,"Chillies and peppers, green (Capsicum spp. and Pimenta spp.)",5.0,0.0,91.58
Antigua and Barbuda,2009,"Chillies and peppers, green (Capsicum spp. and Pimenta spp.)",5.0,0.0,91.87
Antigua and Barbuda,2010,"Chillies and peppers, green (Capsicum spp. and Pimenta spp.)",2.0,0.0,92.16
Antigua and Barbuda,2011,"Chillies and peppers, green (Capsicum spp. and Pimenta spp.)",181.0,1.0,92.45
Antigua and Barbuda,2013,"Chillies and peppers, green (Capsicum spp. and Pimenta spp.)",236.0,1.0,94.81
Antigua and Barbuda,2014,"Chillies and peppers, green (Capsicum spp. and Pimenta spp.)",248.13,0.36,95.86
Antigua and Barbuda,2015,"Chillies and peppers, green (Capsicum spp. and Pimenta spp.)",269.64,0.39,98.54
Antigua and Barbuda,2016,"Chillies and peppers, green (Capsicum spp. and Pimenta spp.)",199.68,0.15,88.61
Antigua and Barbuda,2018,"Chillies and peppers, green (Capsicum spp. and Pimenta spp.)",305.01,0.15,85.99
Antigua and Barbuda,2019,"Chillies and peppers, green (Capsicum spp. and Pimenta spp.)",260.46,0.59,82.92
Antigua and Barbuda,2022,"Chillies and peppers, green (Capsicum spp. and Pimenta spp.)",298.64,0.0,81.66
Antigua and Barbuda,2023,"Chillies and peppers, green (Capsicum spp. and Pimenta spp.)",326.79,0.0,76.8
Argentina,1993,"Chillies and peppers, green (Capsicum spp. and Pimenta spp.)",810.0,14.0,90000.0
Argentina,1994,"Chillies and peppers, green (Capsicum spp. and Pimenta spp.)",517.0,59.0,80000.0
Argentina,1995,"Chillies and peppers, green (Capsicum spp. and Pimenta spp.)",1213.0,45.0,84000.0
Argentina,1996,"Chillies and peppers, green (Capsicum spp. and Pimenta spp.)",2582.0,5.0,90000.0
Argentina,1997,"Chillies and peppers, green (Capsicum spp. and Pimenta spp.)",860.0,101.0,99332.0
Argentina,1999,"Chillies and peppers, green (Capsicum spp. and Pimenta spp.)",4764.0,36.0,125700.0
Argentina,2000,"Chillies and peppers, green (Capsicum spp. and Pimenta spp.)",3594.37,8.06,120241.0
Argentina,2001,"Chillies and peppers, green (Capsicum spp. and Pimenta spp.)",3676.0,9.0,122000.0
Argentina,2002,"Chillies and peppers, green (Capsicum spp. and Pimenta spp.)",15.0,12.0,123000.0
Argentina,2003,"Chillies and peppers, green (Capsicum spp. and Pimenta spp.)",215.0,76.0,125000.0
Argentina,2004,"Chillies and peppers, green (Capsicum spp. and Pimenta spp.)",103.0,135.0,125510.05
Argentina,2005,"Chillies and peppers, green (Capsicum spp. and Pimenta spp.)",118.0,101.0,126114.18
Argentina,2006,"Chillies and peppers, green (Capsicum spp. and Pimenta spp.)",115.0,14.0,126000.0
Argentina,2008,"Chillies and peppers, green (Capsicum spp. and Pimenta spp.)",34.0,27.0,133113.25
Argentina,2009,"Chillies and peppers, green (Capsicum spp. and Pimenta spp.)",54.0,43.0,140000.0
Argentina,2010,"Chillies and peppers, green (Capsicum spp. and Pimenta spp.)",73.0,246.0,145411.5
Argentina,2011,"Chillies and peppers, green (Capsicum spp. and Pimenta spp.)",22.0,415.0,142888.15
Argentina,2012,"Chillies and peppers, green (Capsicum spp. and Pimenta spp.)",0.0,335.0,142775.54
Argentina,2013,"Chillies and peppers, green (Capsicum spp. and Pimenta spp.)",0.0,8.0,144102.91
Argentina,2018,"Chillies and peppers, green (Capsicum spp. and Pimenta spp.)",25.98,0.0,144955.02
Argentina,2019,"Chillies and peppers, green (Capsicum spp. and Pimenta spp.)",4.0,475.63,146346.31
Argentina,2022,"Chillies and peppers, green (Capsicum spp. and Pimenta spp.)",14.98,2842.5,145812.86
Armenia,2000,"Chillies and peppers, green (Capsicum spp. and Pimenta spp.)",0.0,0.0,0.0
Armenia,2004,"Chillies and peppers, green (Capsicum spp. and Pimenta spp.)",1.0,0.0,0.0
Armenia,2005,"Chillies and peppers, green (Capsicum spp. and Pimenta spp.)",8.0,9.0,0.0
Armenia,2006,"Chillies and peppers, green (Capsicum spp. and Pimenta spp.)",17.0,14.0,0.0
Armenia,2007,"Chillies and peppers, green (Capsicum spp. and Pimenta spp.)",23.0,16.0,0.0
Armenia,2008,"Chillies and peppers, green (Capsicum spp. and Pimenta spp.)",25.0,13.0,0.0
Armenia,2009,"Chillies and peppers, green (Capsicum spp. and Pimenta spp.)",15.0,15.0,0.0
Armenia,2010,"Chillies and peppers, green (Capsicum spp. and Pimenta spp.)",67.0,56.0,0.0
Armenia,2011,"Chillies and peppers, green (Capsicum spp. and Pimenta spp.)",105.0,38.0,0.0
Armenia,2012,"Chillies and peppers, green (Capsicum spp. and Pimenta spp.)",96.0,35.0,0.0
Armenia,2013,"Chillies and peppers, green (Capsicum spp. and Pimenta spp.)",122.0,68.0,0.0
Armenia,2014,"Chillies and peppers, green (Capsicum spp. and Pimenta spp.)",148.15,108.35,0.0
Armenia,2015,"Chillies and peppers, green (Capsicum spp. and Pimenta spp.)",84.14,31.0,0.0
Armenia,2016,"Chillies and peppers, green (Capsicum spp. and Pimenta spp.)",166.0,676.0,0.0
Armenia,2017,"Chillies and peppers, green (Capsicum spp. and Pimenta spp.)",331.6,667.16,0.0
Armenia,2018,"Chillies and peppers, green (Capsicum spp. and Pimenta spp.)",394.13,59.6,0.0
Armenia,2019,"Chillies and peppers, green (Capsicum spp. and Pimenta spp.)",856.09,318.05,0.0
Armenia,2020,"Chillies and peppers, green (Capsicum spp. and Pimenta spp.)",1293.74,579.22,0.0
Armenia,2021,"Chillies and peppers, green (Capsicum spp. and Pimenta spp.)",3181.55,2774.42,0.0
Armenia,2023,"Chillies and peppers, green (Capsicum spp. and Pimenta spp.)",2780.48,6909.9,0.0
Australia,1993,"Chillies and peppers, green (Capsicum spp. and Pimenta spp.)",0.0,645.0,25000.0
Australia,1994,"Chillies and peppers, green (Capsicum spp. and Pimenta spp.)",0.0,566.0,26500.0
Australia,1996,"Chillies and peppers, green (Capsicum spp. and Pimenta spp.)",23.0,560.0,30398.0
Australia,1997,"Chillies and peppers, green (Capsicum spp. and Pimenta spp.)",10.0,798.0,32221.0
Australia,1998,"Chillies and peppers, green (Capsicum spp. and Pimenta spp.)",50.0,807.0,30518.0
Australia,1999,"Chillies and peppers, green (Capsicum spp. and Pimenta spp.)",326.0,998.0,41262.0
Australia,2000,"Chillies and peppers, green (Capsicum spp. and Pimenta spp.)",506.0,820.0,43530.0
Australia,2001,"Chillies and peppers, green (Capsicum spp. and Pimenta spp.)",635.0,584.0,41753.0
Australia,2002,"Chillies and peppers, green (Capsicum spp. and Pimenta spp.)",842.0,691.0,43083.0
Australia,2003,"Chillies and peppers, green (Capsicum spp. and Pimenta spp.)",1504.0,1229.0,40810.0
Australia,2004,"Chillies and peppers, green (Capsicum spp. and Pimenta spp.)",1855.0,1375.0,56319.0
Australia,2005,"Chillies and peppers, green (Capsicum spp. and Pimenta spp.)",2224.0,1100.0,47426.0
Australia,2006,"Chillies and peppers, green (Capsicum spp. and Pimenta spp.)",2239.0,1162.0,63662.0
Australia,2007,"Chillies and peppers, green (Capsicum spp. and Pimenta spp.)",2618.0,922.0,58271.0
Australia,2008,"Chillies and peppers, green (Capsicum spp. and Pimenta spp.)",1685.0,822.0,59223.0
Australia,2009,"Chillies and peppers, green (Capsicum spp. and Pimenta spp.)",1603.0,978.0,49315.0
Australia,2010,"Chillies and peppers, green (Capsicum spp. and Pimenta spp.)",1959.0,842.0,49447.0
Australia,2011,"Chillies and peppers, green (Capsicum spp. and Pimenta spp.)",1728.0,399.0,50862.0
Australia,2012,"Chillies and peppers, green (Capsicum spp. and Pimenta spp.)",1757.0,172.0,36581.0
Australia,2013,"Chillies and peppers, green (Capsicum spp. and Pimenta spp.)",1852.0,241.0,33494.0
Australia,2014,"Chillies and peppers, green (Capsicum spp. and Pimenta spp.)",2393.54,562.19,54536.0
Australia,2015,"Chillies and peppers, green (Capsicum spp. and Pimenta spp.)",2221.49,479.36,43732.0
Australia,2016,"Chillies and peppers, green (Capsicum spp. and Pimenta spp.)",1577.54,429.2,36793.0
Australia,2017,"Chillies and peppers, green (Capsicum spp. and Pimenta spp.)",1333.6,316.54,38579.0
Australia,2018,"Chillies and peppers, green (Capsicum spp. and Pimenta spp.)",790.36,317.82,49039.0
Australia,2019,"Chillies and peppers, green (Capsicum spp. and Pimenta spp.)",627.7,418.08,44302.0
Australia,2020,"Chillies and peppers, green (Capsicum spp. and Pimenta spp.)",828.61,476.15,40574.0
Australia,2021,"Chillies and peppers, green (Capsicum spp. and Pimenta spp.)",783.0,431.8,55150.0
Austria,1993,"Chillies and peppers, green (Capsicum spp. and Pimenta spp.)",17556.0,353.0,4807.0
Austria,1994,"Chillies and peppers, green (Capsicum spp. and Pimenta spp.)",18159.0,300.0,5532.0
Austria,1995,"Chillies and peppers, green (Capsicum spp. and Pimenta spp.)",19875.0,354.0,6669.0
Austria,1996,"Chillies and peppers, green (Capsicum spp. and Pimenta spp.)",23290.0,963.0,5876.0
Austria,1997,"Chillies and peppers, green (Capsicum spp. and Pimenta spp.)",24908.0,2667.0,5758.0
Austria,1998,"Chillies and peppers, green (Capsicum spp. and Pimenta spp.)",31882.0,9704.0,4678.0
Austria,1999,"Chillies and peppers, green (Capsicum spp. and Pimenta spp.)",38734.0,15703.0,4996.75
Austria,2000,"Chillies and peppers, green (Capsicum spp. and Pimenta spp.)",41279.0,19366.0,8641.57
Austria,2001,"Chillies and peppers, green (Capsicum spp. and Pimenta spp.)",49469.0,22478.0,8259.57
Austria,2002,"Chillies and peppers, green (Capsicum spp. and Pimenta spp.)",48526.0,23775.0,8570.25
Austria,2004,"Chillies and peppers, green (Capsicum spp. and Pimenta spp.)",52794.0,23689.0,9861.0
Austria,2005,"Chillies and peppers, green (Capsicum spp. and Pimenta spp.)",54183.0,24805.0,9451.0
Austria,2006,"Chillies and peppers, green (Capsicum spp. and Pimenta spp.)",54836.0,22570.0,10368.0
Austria,2008,"Chillies and peppers, green (Capsicum spp. and Pimenta spp.)",51516.0,26464.0,17693.0
Austria,2009,"Chillies and peppers, green (Capsicum spp. and Pimenta spp.)",54400.0,28076.0,17855.0
Austria,2010,"Chillies and peppers, green (Capsicum spp. and Pimenta spp.)",54302.0,24962.0,14682.0
Austria,2011,"Chillies and peppers, green (Capsicum spp. and Pimenta spp.)",51305.0,22985.0,16047.0
Austria,2012,"Chillies and peppers, green (Capsicum spp. and Pimenta spp.)",48992.0,20979.0,17280.0
Austria,2013,"Chillies and peppers, green (Capsicum spp. and Pimenta spp.)",52090.0,23390.0,18355.0
Austria,2014,"Chillies and peppers, green (Capsicum spp. and Pimenta spp.)",50091.12,21407.37,18601.11
Austria,2015,"Chillies and peppers, green (Capsicum spp. and Pimenta spp.)",49350.88,21529.76,15860.45
Austria,2016,"Chillies and peppers, green (Capsicum spp. and Pimenta spp.)",52814.04,25944.34,14547.03
Austria,2017,"Chillies and peppers, green (Capsicum spp. and Pimenta spp.)",52521.68,25366.8,15806.0
Austria,2018,"Chillies and peppers, green (Capsicum spp. and Pimenta spp.)",58416.41,28797.58,15740.0
Austria,2019,"Chillies and peppers, green (Capsicum spp. and Pimenta spp.)",57213.12,26803.77,14980.0
Austria,2020,"Chillies and peppers, green (Capsicum spp. and Pimenta spp.)",59584.76,30269.85,15100.0
Austria,2021,"Chillies and peppers, green (Capsicum spp. and Pimenta spp.)",64318.8,34275.24,15340.0
Austria,2022,"Chillies and peppers, green (Capsicum spp. and Pimenta spp.)",62735.19,34927.55,12770.0
Austria,2023,"Chillies and peppers, green (Capsicum spp. and Pimenta spp.)",70442.51,40245.8,13480.0
Azerbaijan,1994,"Chillies and peppers, green (Capsicum spp. and Pimenta spp.)",2.0,17.0,0.0
Azerbaijan,2000,"Chillies and peppers, green (Capsicum spp. and Pimenta spp.)",0.0,0.0,0.0
Azerbaijan,2001,"Chillies and peppers, green (Capsicum spp. and Pimenta spp.)",0.0,0.0,0.0
Azerbaijan,2002,"Chillies and peppers, green (Capsicum spp. and Pimenta spp.)",0.0,5.0,0.0
Azerbaijan,2003,"Chillies and peppers, green (Capsicum spp. and Pimenta spp.)",1.0,8.0,0.0
Azerbaijan,2004,"Chillies and peppers, green (Capsicum spp. and Pimenta spp.)",642.0,18.0,0.0
Azerbaijan,2005,"Chillies and peppers, green (Capsicum spp. and Pimenta spp.)",1781.0,0.0,0.0
Azerbaijan,2006,"Chillies and peppers, green (Capsicum spp. and Pimenta spp.)",118.0,53.0,0.0
Azerbaijan,2007,"Chillies and peppers, green (Capsicum spp. and Pimenta spp.)",824.0,19.0,0.0
Azerbaijan,2008,"Chillies and peppers, green (Capsicum spp. and Pimenta spp.)",1013.0,69.0,38954.0
Azerbaijan,2009,"Chillies and peppers, green (Capsicum spp. and Pimenta spp.)",1205.0,4.0,36531.0
Azerbaijan,2010,"Chillies and peppers, green (Capsicum spp. and Pimenta spp.)",1674.0,14.0,39733.0
Azerbaijan,2011,"Chillies and peppers, green (Capsicum spp. and Pimenta spp.)",2039.0,20.0,45988.0
Azerbaijan,2012,"Chillies and peppers, green (Capsicum spp. and Pimenta spp.)",1494.0,19.0,49178.0
Azerbaijan,2013,"Chillies and peppers, green (Capsicum spp. and Pimenta spp.)",1627.0,3.0,43927.0
Azerbaijan,2014,"Chillies and peppers, green (Capsicum spp. and Pimenta spp.)",863.8,64.55,45556.0
Azerbaijan,2015,"Chillies and peppers, green (Capsicum spp. and Pimenta spp.)",536.76,23.66,55685.0
Azerbaijan,2016,"Chillies and peppers, green (Capsicum spp. and Pimenta spp.)",3667.67,58.38,54925.7
Azerbaijan,2017,"Chillies and peppers, green (Capsicum spp. and Pimenta spp.)",3866.01,99.99,47843.2
Azerbaijan,2018,"Chillies and peppers, green (Capsicum spp. and Pimenta spp.)",4344.54,9.49,49647.1
Azerbaijan,2019,"Chillies and peppers, green (Capsicum spp. and Pimenta spp.)",4357.42,30.19,51598.4
Azerbaijan,2021,"Chillies and peppers, green (Capsicum spp. and Pimenta spp.)",6853.75,29.46,53804.4
Azerbaijan,2022,"Chillies and peppers, green (Capsicum spp. and Pimenta spp.)",7037.19,74.7,49193.4
Azerbaijan,2023,"Chillies and peppers, green (Capsicum spp. and Pimenta spp.)",7655.38,0.46,48381.1
Bahamas,1998,"Chillies and peppers, green (Capsicum spp. and Pimenta spp.)",400.0,0.0,0.0
Bahamas,1999,"Chillies and peppers, green (Capsicum spp. and Pimenta spp.)",16.0,0.0,0.0
Bahamas,2000,"Chillies and peppers, green (Capsicum spp. and Pimenta spp.)",845.0,0.0,0.0
Bahamas,2001,"Chillies and peppers, green (Capsicum spp. and Pimenta spp.)",830.0,0.0,0.0
Bahamas,2002,"Chillies and peppers, green (Capsicum spp. and Pimenta spp.)",261.0,0.0,0.0
Bahamas,2003,"Chillies and peppers, green (Capsicum spp. and Pimenta spp.)",180.0,0.0,0.0
Bahamas,2004,"Chillies and peppers, green (Capsicum spp. and Pimenta spp.)",262.0,0.0,0.0
Bahamas,2005,"Chillies and peppers, green (Capsicum spp. and Pimenta spp.)",803.0,0.0,0.0
Bahamas,2006,"Chillies and peppers, green (Capsicum spp. and Pimenta spp.)",972.0,0.0,0.0
Bahamas,2007,"Chillies and peppers, green (Capsicum spp. and Pimenta spp.)",913.0,0.0,0.0
Bahamas,2008,"Chillies and peppers, green (Capsicum spp. and Pimenta spp.)",973.0,0.0,0.0
Bahamas,2009,"Chillies and peppers, green (Capsicum spp. and Pimenta spp.)",868.0,0.0,0.0
Bahamas,2010,"Chillies and peppers, green (Capsicum spp. and Pimenta spp.)",310.0,0.0,0.0
Bahamas,2011,"Chillies and peppers, green (Capsicum spp. and Pimenta spp.)",337.0,0.0,0.0
Bahamas,2012,"Chillies and peppers, green (Capsicum spp. and Pimenta spp.)",889.0,0.0,0.0
Bahamas,2013,"Chillies and peppers, green (Capsicum spp. and Pimenta spp.)",1059.0,0.0,0.0
Bahamas,2014,"Chillies and peppers, green (Capsicum spp. and Pimenta spp.)",680.41,0.0,0.0
Bahamas,2015,"Chillies and peppers, green (Capsicum spp. and Pimenta spp.)",732.66,0.0,0.0
Bahamas,2016,"Chillies and peppers, green (Capsicum spp. and Pimenta spp.)",739.46,0.0,0.0
Bahamas,2017,"Chillies and peppers, green (Capsicum spp. and Pimenta spp.)",1101.81,0.0,0.0
Bahamas,2018,"Chillies and peppers, green (Capsicum spp. and Pimenta spp.)",1834.51,0.0,0.0
Bahamas,2019,"Chillies and peppers, green (Capsicum spp. and Pimenta spp.)",1573.05,0.0,0.0
Bahamas,2020,"Chillies and peppers, green (Capsicum spp. and Pimenta spp.)",1678.19,0.0,0.0
Bahamas,2021,"Chillies and peppers, green (Capsicum spp. and Pimenta spp.)",1922.29,0.0,0.0
Bahamas,2022,"Chillies and peppers, green (Capsicum spp. and Pimenta spp.)",1949.08,0.0,0.0
Bahrain,2000,"Chillies and peppers, green (Capsicum spp. and Pimenta spp.)",540.0,0.0,218.0
Bahrain,2001,"Chillies and peppers, green (Capsicum spp. and Pimenta spp.)",114.0,0.0,262.0
Bahrain,2002,"Chillies and peppers, green (Capsicum spp. and Pimenta spp.)",135.0,0.0,112.0
Bahrain,2003,"Chillies and peppers, green (Capsicum spp. and Pimenta spp.)",448.0,1.0,17.0
Bahrain,2004,"Chillies and peppers, green (Capsicum spp. and Pimenta spp.)",1834.0,1.0,112.0
Bahrain,2005,"Chillies and peppers, green (Capsicum spp. and Pimenta spp.)",1767.0,6.0,110.0
Bahrain,2007,"Chillies and peppers, green (Capsicum spp. and Pimenta spp.)",2037.0,1.0,44.0
Bahrain,2008,"Chillies and peppers, green (Capsicum spp. and Pimenta spp.)",2632.0,1.0,45.0
Bahrain,2009,"Chillies and peppers, green (Capsicum spp. and Pimenta spp.)",968.0,0.0,154.0
Bahrain,2010,"Chillies and peppers, green (Capsicum spp. and Pimenta spp.)",2302.0,6.0,199.29
Bahrain,2011,"Chillies and peppers, green (Capsicum spp. and Pimenta spp.)",4270.0,13.0,88.79
Bahrain,2012,"Chillies and peppers, green (Capsicum spp. and Pimenta spp.)",4202.0,9.0,89.92
Bahrain,2013,"Chillies and peppers, green (Capsicum spp. and Pimenta spp.)",6043.0,1.0,87.27
Bahrain,2015,"Chillies and peppers, green (Capsicum spp. and Pimenta spp.)",9222.47,40.92,469.77
Bahrain,2016,"Chillies and peppers, green (Capsicum spp. and Pimenta spp.)",11240.44,6.64,674.19
Bahrain,2017,"Chillies and peppers, green (Capsicum spp. and Pimenta spp.)",11902.31,14.93,890.0
Bahrain,2019,"Chillies and peppers, green (Capsicum spp. and Pimenta spp.)",11213.41,7.34,951.0
Bahrain,2020,"Chillies and peppers, green (Capsicum spp. and Pimenta spp.)",9611.11,40.93,960.0
Bahrain,2021,"Chillies and peppers, green (Capsicum spp. and Pimenta spp.)",9170.19,0.49,2120.0
Bahrain,2022,"Chillies and peppers, green (Capsicum spp. and Pimenta spp.)",9431.54,1.24,2270.0
Bahrain,2023,"Chillies and peppers, green (Capsicum spp. and Pimenta spp.)",8010.9,4.61,2430.0
Bangladesh,2005,"Chillies and peppers, green (Capsicum spp. and Pimenta spp.)",1284.0,1.0,0.0
Bangladesh,2006,"Chillies and peppers, green (Capsicum spp. and Pimenta spp.)",117.0,1.0,0.0
Bangladesh,2007,"Chillies and peppers, green (Capsicum spp. and Pimenta spp.)",161.0,0.0,0.0
Bangladesh,2008,"Chillies and peppers, green (Capsicum spp. and Pimenta spp.)",4353.0,0.0,0.0
Bangladesh,2009,"Chillies and peppers, green (Capsicum spp. and Pimenta spp.)",599.0,0.0,0.0
Bangladesh,2010,"Chillies and peppers, green (Capsicum spp. and Pimenta spp.)",241.0,0.0,0.0
Bangladesh,2011,"Chillies and peppers, green (Capsicum spp. and Pimenta spp.)",4625.0,0.0,0.0
Bangladesh,2012,"Chillies and peppers, green (Capsicum spp. and Pimenta spp.)",520.0,0.0,0.0
Bangladesh,2013,"Chillies and peppers, green (Capsicum spp. and Pimenta spp.)",602.0,1162.0,0.0
Bangladesh,2014,"Chillies and peppers, green (Capsicum spp. and Pimenta spp.)",1571.16,1825.67,0.0
Bangladesh,2017,"Chillies and peppers, green (Capsicum spp. and Pimenta spp.)",7769.98,3426.46,0.0
Bangladesh,2018,"Chillies and peppers, green (Capsicum spp. and Pimenta spp.)",2403.0,4045.84,0.0
Bangladesh,2019,"Chillies and peppers, green (Capsicum spp. and Pimenta spp.)",1239.0,2690.95,0.0
Bangladesh,2021,"Chillies and peppers, green (Capsicum spp. and Pimenta spp.)",12604.98,3375.0,0.0
Bangladesh,2022,"Chillies and peppers, green (Capsicum spp. and Pimenta spp.)",4179.75,338.0,0.0
Bangladesh,2023,"Chillies and peppers, green (Capsicum spp. and Pimenta spp.)",27749.79,358.05,0.0
Barbados,1993,"Chillies and peppers, green (Capsicum spp. and Pimenta spp.)",1.0,369.0,367.0
Barbados,1994,"Chillies and peppers, green (Capsicum spp. and Pimenta spp.)",5.0,534.0,302.0
Barbados,1995,"Chillies and peppers, green (Capsicum spp. and Pimenta spp.)",39.0,287.0,639.0
Barbados,1996,"Chillies and peppers, green (Capsicum spp. and Pimenta spp.)",71.0,216.0,600.0
Barbados,1997,"Chillies and peppers, green (Capsicum spp. and Pimenta spp.)",110.0,181.0,902.0
Barbados,1998,"Chillies and peppers, green (Capsicum spp. and Pimenta spp.)",87.0,160.0,900.0
Barbados,1999,"Chillies and peppers, green (Capsicum spp. and Pimenta spp.)",10.0,69.0,900.0
Barbados,2000,"Chillies and peppers, green (Capsicum spp. and Pimenta spp.)",7.0,5.0,930.0
Barbados,2001,"Chillies and peppers, green (Capsicum spp. and Pimenta spp.)",162.0,36.0,950.0
Barbados,2002,"Chillies and peppers, green (Capsicum spp. and Pimenta spp.)",111.0,43.0,1108.0
Barbados,2004,"Chillies and peppers, green (Capsicum spp. and Pimenta spp.)",138.0,8.0,872.0
Barbados,2006,"Chillies and peppers, green (Capsicum spp. and Pimenta spp.)",75.0,0.0,614.0
Barbados,2007,"Chillies and peppers, green (Capsicum spp. and Pimenta spp.)",55.0,2.0,534.0
Barbados,2009,"Chillies and peppers, green (Capsicum spp. and Pimenta spp.)",105.0,1.0,455.0
Barbados,2010,"Chillies and peppers, green (Capsicum spp. and Pimenta spp.)",112.0,1.0,394.0
Barbados,2011,"Chillies and peppers, green (Capsicum spp. and Pimenta spp.)",174.0,1.0,396.0
Barbados,2014,"Chillies and peppers, green (Capsicum spp. and Pimenta spp.)",160.24,0.37,489.1
Barbados,2015,"Chillies and peppers, green (Capsicum spp. and Pimenta spp.)",189.05,0.25,418.4
Barbados,2016,"Chillies and peppers, green (Capsicum spp. and Pimenta spp.)",223.88,1.36,407.4
Barbados,2017,"Chillies and peppers, green (Capsicum spp. and Pimenta spp.)",280.33,0.23,148.28
Barbados,2018,"Chillies and peppers, green (Capsicum spp. and Pimenta spp.)",249.0,0.23,295.05
Barbados,2019,"Chillies and peppers, green (Capsicum spp. and Pimenta spp.)",303.2,0.0,437.0
Barbados,2020,"Chillies and peppers, green (Capsicum spp. and Pimenta spp.)",279.25,0.67,316.62
Barbados,2022,"Chillies and peppers, green (Capsicum spp. and Pimenta spp.)",271.86,0.38,226.0
Barbados,2023,"Chillies and peppers, green (Capsicum spp. and Pimenta spp.)",307.79,0.26,193.39
Belarus,1998,"Chillies and peppers, green (Capsicum spp. and Pimenta spp.)",355.0,19.0,0.0
Belarus,1999,"Chillies and peppers, green (Capsicum spp. and Pimenta spp.)",495.0,15.0,0.0
Belarus,2000,"Chillies and peppers, green (Capsicum spp. and Pimenta spp.)",500.0,18.0,0.0
Belarus,2001,"Chillies and peppers, green (Capsicum spp. and Pimenta spp.)",651.0,11.0,0.0
Belarus,2002,"Chillies and peppers, green (Capsicum spp. and Pimenta spp.)",964.0,26.0,0.0
Belarus,2003,"Chillies and peppers, green (Capsicum spp. and Pimenta spp.)",425.0,12.0,0.0
Belarus,2004,"Chillies and peppers, green (Capsicum spp. and Pimenta spp.)",1600.0,37.0,0.0
Belarus,2005,"Chillies and peppers, green (Capsicum spp. and Pimenta spp.)",1448.0,0.0,0.0
Belarus,2006,"Chillies and peppers, green (Capsicum spp. and Pimenta spp.)",2459.0,0.0,0.0
Belarus,2007,"Chillies and peppers, green (Capsicum spp. and Pimenta spp.)",3165.0,2.0,0.0
Belarus,2008,"Chillies and peppers, green (Capsicum spp. and Pimenta spp.)",2143.0,2.0,0.0
Belarus,2009,"Chillies and peppers, green (Capsicum spp. and Pimenta spp.)",2438.0,0.0,0.0
Belarus,2010,"Chillies and peppers, green (Capsicum spp. and Pimenta spp.)",3655.0,4.0,0.0
Belarus,2011,"Chillies and peppers, green (Capsicum spp. and Pimenta spp.)",3762.0,182.0,0.0
Belarus,2012,"Chillies and peppers, green (Capsicum spp. and Pimenta spp.)",3902.0,348.0,0.0
Belarus,2013,"Chillies and peppers, green (Capsicum spp. and Pimenta spp.)",7436.0,2956.0,0.0
Belarus,2014,"Chillies and peppers, green (Capsicum spp. and Pimenta spp.)",24381.58,16553.4,0.0
Belarus,2015,"Chillies and peppers, green (Capsicum spp. and Pimenta spp.)",35937.18,29889.18,0.0
Belarus,2016,"Chillies and peppers, green (Capsicum spp. and Pimenta spp.)",28555.04,14137.93,0.0
Belarus,2017,"Chillies and peppers, green (Capsicum spp. and Pimenta spp.)",36183.51,20757.31,0.0
Belarus,2018,"Chillies and peppers, green (Capsicum spp. and Pimenta spp.)",23857.84,14658.8,0.0
Belarus,2019,"Chillies and peppers, green (Capsicum spp. and Pimenta spp.)",13913.95,2450.71,0.0
Belarus,2020,"Chillies and peppers, green (Capsicum spp. and Pimenta spp.)",10663.81,1155.8,0.0
Belarus,2021,"Chillies and peppers, green (Capsicum spp. and Pimenta spp.)",15897.77,7422.13,0.0
Belarus,2022,"Chillies and peppers, green (Capsicum spp. and Pimenta spp.)",7021.96,75.95,0.0
Belarus,2023,"Chillies and peppers, green (Capsicum spp. and Pimenta spp.)",2196.33,10.88,0.0
Belgium,2001,"Chillies and peppers, green (Capsicum spp. and Pimenta spp.)",14830.0,12829.0,16200.0
Belgium,2002,"Chillies and peppers, green (Capsicum spp. and Pimenta spp.)",16524.0,14773.0,16200.0
Belgium,2003,"Chillies and peppers, green (Capsicum spp. and Pimenta spp.)",18821.0,16589.0,16200.0
Belgium,2004,"Chillies and peppers, green (Capsicum spp. and Pimenta spp.)",20547.0,21622.0,17000.0
Belgium,2005,"Chillies and peppers, green (Capsicum spp. and Pimenta spp.)",20036.0,23222.0,20000.0
Belgium,2006,"Chillies and peppers, green (Capsicum spp. and Pimenta spp.)",21371.0,16835.0,27000.0
Belgium,2007,"Chillies and peppers, green (Capsicum spp. and Pimenta spp.)",20534.0,22309.0,24000.0
Belgium,2008,"Chillies and peppers, green (Capsicum spp. and Pimenta spp.)",18655.0,21731.0,24000.0
Belgium,2009,"Chillies and peppers, green (Capsicum spp. and Pimenta spp.)",21322.0,24417.0,27300.0
Belgium,2010,"Chillies and peppers, green (Capsicum spp. and Pimenta spp.)",27890.0,28239.0,27800.0
Belgium,2011,"Chillies and peppers, green (Capsicum spp. and Pimenta spp.)",34989.0,32351.0,24300.0
Belgium,2012,"Chillies and peppers, green (Capsicum spp. and Pimenta spp.)",34797.0,30279.0,25500.0
Belgium,2013,"Chillies and peppers, green (Capsicum spp. and Pimenta spp.)",35852.0,31434.0,22700.0
Belgium,2014,"Chillies and peppers, green (Capsicum spp. and Pimenta spp.)",43148.16,35037.49,25200.0
Belgium,2015,"Chillies and peppers, green (Capsicum spp. and Pimenta spp.)",50839.68,43966.3,25480.0
Belgium,2016,"Chillies and peppers, green (Capsicum spp. and Pimenta spp.)",49653.64,42103.78,27048.0
Belgium,2017,"Chillies and peppers, green (Capsicum spp. and Pimenta spp.)",55056.54,45212.52,27600.0
Belgium,2018,"Chillies and peppers, green (Capsicum spp. and Pimenta spp.)",49626.32,35941.42,26040.0
Belgium,2019,"Chillies and peppers, green (Capsicum spp. and Pimenta spp.)",51617.84,34148.57,26600.0
Belgium,2020,"Chillies and peppers, green (Capsicum spp. and Pimenta spp.)",54830.5,34988.39,25300.0
Belgium,2021,"Chillies and peppers, green (Capsicum spp. and Pimenta spp.)",55690.9,40381.77,27250.0
Belgium,2022,"Chillies and peppers, green (Capsicum spp. and Pimenta spp.)",57576.31,43912.65,35100.0
Belgium,2023,"Chillies and peppers, green (Capsicum spp. and Pimenta spp.)",56964.57,47237.64,30740.0
Belgium-Luxembourg,1993,"Chillies and peppers, green (Capsicum spp. and Pimenta spp.)",10008.0,5955.0,12200.0
Belgium-Luxembourg,1994,"Chillies and peppers, green (Capsicum spp. and Pimenta spp.)",9488.0,6781.0,11382.0
Belgium-Luxembourg,1995,"Chillies and peppers, green (Capsicum spp. and Pimenta spp.)",9532.0,7380.0,11148.0
Belgium-Luxembourg,1996,"Chillies and peppers, green (Capsicum spp. and Pimenta spp.)",10133.0,8255.0,12660.0
Belgium-Luxembourg,1997,"Chillies and peppers, green (Capsicum spp. and Pimenta spp.)",13070.0,8575.0,12134.0
Belgium-Luxembourg,1998,"Chillies and peppers, green (Capsicum spp. and Pimenta spp.)",15385.0,11837.0,13600.0
Belgium-Luxembourg,1999,"Chillies and peppers, green (Capsicum spp. and Pimenta spp.)",16041.0,11979.0,14407.0
Belize,1993,"Chillies and peppers, green (Capsicum spp. and Pimenta spp.)",34.0,0.0,122.0
Belize,1994,"Chillies and peppers, green (Capsicum spp. and Pimenta spp.)",28.0,0.0,81.0
Belize,1995,"Chillies and peppers, green (Capsicum spp. and Pimenta spp.)",18.0,0.0,54.0
Belize,1996,"Chillies and peppers, green (Capsicum spp. and Pimenta spp.)",11.0,18.0,127.0
Belize,1997,"Chillies and peppers, green (Capsicum spp. and Pimenta spp.)",30.0,4.0,186.0
Belize,1999,"Chillies and peppers, green (Capsicum spp. and Pimenta spp.)",6.0,76.0,238.0
Belize,2000,"Chillies and peppers, green (Capsicum spp. and Pimenta spp.)",19.0,72.0,163.0
Belize,2002,"Chillies and peppers, green (Capsicum spp. and Pimenta spp.)",3.0,45.0,538.0
Belize,2003,"Chillies and peppers, green (Capsicum spp. and Pimenta spp.)",36.0,23.0,426.0
Belize,2004,"Chillies and peppers, green (Capsicum spp. and Pimenta spp.)",8.0,34.0,316.0
Belize,2005,"Chillies and peppers, green (Capsicum spp. and Pimenta spp.)",19.0,57.0,287.0
Belize,2006,"Chillies and peppers, green (Capsicum spp. and Pimenta spp.)",11.0,6.0,549.0
Belize,2007,"Chillies and peppers, green (Capsicum spp. and Pimenta spp.)",17.0,0.0,502.0
Belize,2008,"Chillies and peppers, green (Capsicum spp. and Pimenta spp.)",14.0,3.0,486.0
Belize,2010,"Chillies and peppers, green (Capsicum spp. and Pimenta spp.)",7.0,0.0,716.17
Belize,2011,"Chillies and peppers, green (Capsicum spp. and Pimenta spp.)",11.0,0.0,907.0
Belize,2012,"Chillies and peppers, green (Capsicum spp. and Pimenta spp.)",14.0,0.0,886.0
Belize,2013,"Chillies and peppers, green (Capsicum spp. and Pimenta spp.)",14.0,0.0,733.0
Belize,2014,"Chillies and peppers, green (Capsicum spp. and Pimenta spp.)",37.0,0.0,1034.0
Belize,2015,"Chillies and peppers, green (Capsicum spp. and Pimenta spp.)",24.0,0.0,1295.53
Belize,2016,"Chillies and peppers, green (Capsicum spp. and Pimenta spp.)",15.0,0.0,2088.0
Belize,2017,"Chillies and peppers, green (Capsicum spp. and Pimenta spp.)",25.0,0.0,1960.0
Belize,2018,"Chillies and peppers, green (Capsicum spp. and Pimenta spp.)",0.7,0.0,1690.0
Belize,2019,"Chillies and peppers, green (Capsicum spp. and Pimenta spp.)",1.1,0.0,254.0
Belize,2020,"Chillies and peppers, green (Capsicum spp. and Pimenta spp.)",0.24,0.0,276.0
Belize,2021,"Chillies and peppers, green (Capsicum spp. and Pimenta spp.)",0.28,0.0,268.0
Belize,2022,"Chillies and peppers, green (Capsicum spp. and Pimenta spp.)",7.42,0.0,326.0
Benin,1994,"Chillies and peppers, green (Capsicum spp. and Pimenta spp.)",0.0,0.0,19200.0
Benin,1995,"Chillies and peppers, green (Capsicum spp. and Pimenta spp.)",0.0,0.0,18000.0
Benin,1997,"Chillies and peppers, green (Capsicum spp. and Pimenta spp.)",0.0,0.0,23900.0
Benin,1999,"Chillies and peppers, green (Capsicum spp. and Pimenta spp.)",1.0,0.0,54562.0
Benin,2002,"Chillies and peppers, green (Capsicum spp. and Pimenta spp.)",0.0,0.0,36624.0
Benin,2004,"Chillies and peppers, green (Capsicum spp. and Pimenta spp.)",3.0,2.0,41865.0
Benin,2005,"Chillies and peppers, green (Capsicum spp. and Pimenta spp.)",3.0,6.0,50892.0
Benin,2006,"Chillies and peppers, green (Capsicum spp. and Pimenta spp.)",0.0,0.0,39755.0
Benin,2007,"Chillies and peppers, green (Capsicum spp. and Pimenta spp.)",0.0,0.0,45601.0
Benin,2008,"Chillies and peppers, green (Capsicum spp. and Pimenta spp.)",0.0,0.0,44931.0
Benin,2011,"Chillies and peppers, green (Capsicum spp. and Pimenta spp.)",1.0,0.0,38543.0
Benin,2012,"Chillies and peppers, green (Capsicum spp. and Pimenta spp.)",0.0,0.0,46865.3
Benin,2013,"Chillies and peppers, green (Capsicum spp. and Pimenta spp.)",4.0,0.0,54434.53
Benin,2015,"Chillies and peppers, green (Capsicum spp. and Pimenta spp.)",2.58,0.0,75721.83
Benin,2016,"Chillies and peppers, green (Capsicum spp. and Pimenta spp.)",12.77,0.0,88268.18
Benin,2017,"Chillies and peppers, green (Capsicum spp. and Pimenta spp.)",9.0,0.0,69438.66
Benin,2018,"Chillies and peppers, green (Capsicum spp. and Pimenta spp.)",44.59,0.0,49124.58
Benin,2020,"Chillies and peppers, green (Capsicum spp. and Pimenta spp.)",20.63,16.3,108933.69
Benin,2022,"Chillies and peppers, green (Capsicum spp. and Pimenta spp.)",102.67,0.0,133411.51
Benin,2023,"Chillies and peppers, green (Capsicum spp. and Pimenta spp.)",343.44,2.5,134120.2
Bhutan,1994,"Chillies and peppers, green (Capsicum spp. and Pimenta spp.)",128.0,10.0,8500.0
Bhutan,1995,"Chillies and peppers, green (Capsicum spp. and Pimenta spp.)",128.0,10.0,7829.58
Bhutan,1996,"Chillies and peppers, green (Capsicum spp. and Pimenta spp.)",128.0,10.0,7466.36
Bhutan,1997,"Chillies and peppers, green (Capsicum spp. and Pimenta spp.)",33.0,7.0,5806.19
Bhutan,1998,"Chillies and peppers, green (Capsicum spp. and Pimenta spp.)",33.0,7.0,4315.23
Bhutan,1999,"Chillies and peppers, green (Capsicum spp. and Pimenta spp.)",33.0,7.0,3842.18
Bhutan,2000,"Chillies and peppers, green (Capsicum spp. and Pimenta spp.)",33.0,7.0,3000.0
Bhutan,2001,"Chillies and peppers, green (Capsicum spp. and Pimenta spp.)",33.0,7.0,3081.61
Bhutan,2002,"Chillies and peppers, green (Capsicum spp. and Pimenta spp.)",33.0,7.0,3800.0
Bhutan,2003,"Chillies and peppers, green (Capsicum spp. and Pimenta spp.)",33.0,7.0,2800.0
Bhutan,2004,"Chillies and peppers, green (Capsicum spp. and Pimenta spp.)",33.0,7.0,4443.0
Bhutan,2005,"Chillies and peppers, green (Capsicum spp. and Pimenta spp.)",33.0,7.0,10444.0
Bhutan,2006,"Chillies and peppers, green (Capsicum spp. and Pimenta spp.)",33.0,7.0,11606.0
Bhutan,2007,"Chillies and peppers, green (Capsicum spp. and Pimenta spp.)",33.0,7.0,8368.0
Bhutan,2008,"Chillies and peppers, green (Capsicum spp. and Pimenta spp.)",33.0,7.0,7640.0
Bhutan,2009,"Chillies and peppers, green (Capsicum spp. and Pimenta spp.)",33.0,7.0,8974.0
Bhutan,2010,"Chillies and peppers, green (Capsicum spp. and Pimenta spp.)",1324.0,8.0,6696.0
Bhutan,2011,"Chillies and peppers, green (Capsicum spp. and Pimenta spp.)",1324.0,8.0,8309.0
Bhutan,2012,"Chillies and peppers, green (Capsicum spp. and Pimenta spp.)",1829.0,27.0,7726.0
Bhutan,2013,"Chillies and peppers, green (Capsicum spp. and Pimenta spp.)",1829.0,27.0,7062.0
Bhutan,2017,"Chillies and peppers, green (Capsicum spp. and Pimenta spp.)",17.16,0.0,13606.0
Bhutan,2018,"Chillies and peppers, green (Capsicum spp. and Pimenta spp.)",13.28,0.0,7133.04
Bhutan,2019,"Chillies and peppers, green (Capsicum spp. and Pimenta spp.)",2.96,0.0,7842.78
Bhutan,2020,"Chillies and peppers, green (Capsicum spp. and Pimenta spp.)",0.12,0.0,9332.93
Bhutan,2021,"Chillies and peppers, green (Capsicum spp. and Pimenta spp.)",0.23,0.98,5864.16
Bhutan,2022,"Chillies and peppers, green (Capsicum spp. and Pimenta spp.)",1182.73,2.35,5557.39
Bhutan,2023,"Chillies and peppers, green (Capsicum spp. and Pimenta spp.)",1776.19,0.0,4848.12
Bolivia (Plurinational State of),2001,"Chillies and peppers, green (Capsicum spp. and Pimenta spp.)",19.0,0.0,5800.0
Bolivia (Plurinational State of),2002,"Chillies and peppers, green (Capsicum spp. and Pimenta spp.)",21.0,0.0,5000.0
Bolivia (Plurinational State of),2003,"Chillies and peppers, green (Capsicum spp. and Pimenta spp.)",18.0,0.0,3500.0
Bolivia (Plurinational State of),2004,"Chillies and peppers, green (Capsicum spp. and Pimenta spp.)",8.0,0.0,2941.0
Bolivia (Plurinational State of),2005,"Chillies and peppers, green (Capsicum spp. and Pimenta spp.)",0.0,0.0,3101.0
Bolivia (Plurinational State of),2006,"Chillies and peppers, green (Capsicum spp. and Pimenta spp.)",1.0,1.0,3229.0
Bolivia (Plurinational State of),2007,"Chillies and peppers, green (Capsicum spp. and Pimenta spp.)",3.0,0.0,3306.0
Bolivia (Plurinational State of),2009,"Chillies and peppers, green (Capsicum spp. and Pimenta spp.)",0.0,1.0,3408.0
Bolivia (Plurinational State of),2010,"Chillies and peppers, green (Capsicum spp. and Pimenta spp.)",0.0,4.0,7558.07
Bolivia (Plurinational State of),2012,"Chillies and peppers, green (Capsicum spp. and Pimenta spp.)",0.0,4.0,14929.94
Bolivia (Plurinational State of),2014,"Chillies and peppers, green (Capsicum spp. and Pimenta spp.)",0.72,5.06,12988.21
Bolivia (Plurinational State of),2015,"Chillies and peppers, green (Capsicum spp. and Pimenta spp.)",0.01,4.73,11212.0
Bolivia (Plurinational State of),2019,"Chillies and peppers, green (Capsicum spp. and Pimenta spp.)",2.9,3.96,12554.0
Bolivia (Plurinational State of),2020,"Chillies and peppers, green (Capsicum spp. and Pimenta spp.)",0.47,3.82,11851.0
Bosnia and Herzegovina,2003,"Chillies and peppers, green (Capsicum spp. and Pimenta spp.)",3004.0,116.0,28371.0
Bosnia and Herzegovina,2004,"Chillies and peppers, green (Capsicum spp. and Pimenta spp.)",9113.0,48.0,48178.0
Bosnia and Herzegovina,2005,"Chillies and peppers, green (Capsicum spp. and Pimenta spp.)",11098.0,31.0,36123.0
Bosnia and Herzegovina,2006,"Chillies and peppers, green (Capsicum spp. and Pimenta spp.)",13129.0,270.0,43013.0
Bosnia and Herzegovina,2007,"Chillies and peppers, green (Capsicum spp. and Pimenta spp.)",8415.0,211.0,36780.0
Bosnia and Herzegovina,2008,"Chillies and peppers, green (Capsicum spp. and Pimenta spp.)",7329.0,304.0,39890.0
Bosnia and Herzegovina,2009,"Chillies and peppers, green (Capsicum spp. and Pimenta spp.)",11108.0,1130.0,40310.0
Bosnia and Herzegovina,2010,"Chillies and peppers, green (Capsicum spp. and Pimenta spp.)",10567.0,722.0,38397.0
Bosnia and Herzegovina,2011,"Chillies and peppers, green (Capsicum spp. and Pimenta spp.)",9805.0,1112.0,37071.0
Bosnia and Herzegovina,2012,"Chillies and peppers, green (Capsicum spp. and Pimenta spp.)",12267.0,661.0,35384.0
Bosnia and Herzegovina,2013,"Chillies and peppers, green (Capsicum spp. and Pimenta spp.)",13153.0,700.0,38524.0
Bosnia and Herzegovina,2014,"Chillies and peppers, green (Capsicum spp. and Pimenta spp.)",11206.03,819.52,28638.0
Bosnia and Herzegovina,2015,"Chillies and peppers, green (Capsicum spp. and Pimenta spp.)",11861.13,807.23,37177.0
Bosnia and Herzegovina,2016,"Chillies and peppers, green (Capsicum spp. and Pimenta spp.)",13179.24,871.91,53167.0
Bosnia and Herzegovina,2017,"Chillies and peppers, green (Capsicum spp. and Pimenta spp.)",11599.2,1007.67,47395.8
Bosnia and Herzegovina,2018,"Chillies and peppers, green (Capsicum spp. and Pimenta spp.)",11602.77,736.05,41279.0
Bosnia and Herzegovina,2019,"Chillies and peppers, green (Capsicum spp. and Pimenta spp.)",13814.54,949.76,44633.0
Bosnia and Herzegovina,2020,"Chillies and peppers, green (Capsicum spp. and Pimenta spp.)",13169.69,1020.0,44707.0
Bosnia and Herzegovina,2021,"Chillies and peppers, green (Capsicum spp. and Pimenta spp.)",12487.68,945.1,41230.0
Bosnia and Herzegovina,2022,"Chillies and peppers, green (Capsicum spp. and Pimenta spp.)",10678.14,914.58,22113.0
Bosnia and Herzegovina,2023,"Chillies and peppers, green (Capsicum spp. and Pimenta spp.)",10878.41,1202.05,24424.0
Botswana,1993,"Chillies and peppers, green (Capsicum spp. and Pimenta spp.)",115.0,0.0,0.0
Botswana,1994,"Chillies and peppers, green (Capsicum spp. and Pimenta spp.)",169.0,0.0,0.0
Botswana,1995,"Chillies and peppers, green (Capsicum spp. and Pimenta spp.)",141.0,0.0,0.0
Botswana,1996,"Chillies and peppers, green (Capsicum spp. and Pimenta spp.)",121.0,0.0,0.0
Botswana,1997,"Chillies and peppers, green (Capsicum spp. and Pimenta spp.)",201.0,0.0,0.0
Botswana,1998,"Chillies and peppers, green (Capsicum spp. and Pimenta spp.)",284.0,0.0,0.0
Botswana,1999,"Chillies and peppers, green (Capsicum spp. and Pimenta spp.)",336.0,0.0,0.0
Botswana,2000,"Chillies and peppers, green (Capsicum spp. and Pimenta spp.)",497.0,0.0,0.0
Botswana,2001,"Chillies and peppers, green (Capsicum spp. and Pimenta spp.)",416.0,0.0,0.0
Botswana,2003,"Chillies and peppers, green (Capsicum spp. and Pimenta spp.)",518.0,0.0,0.0
Botswana,2004,"Chillies and peppers, green (Capsicum spp. and Pimenta spp.)",518.0,0.0,0.0
Botswana,2005,"Chillies and peppers, green (Capsicum spp. and Pimenta spp.)",518.0,0.0,0.0
Botswana,2006,"Chillies and peppers, green (Capsicum spp. and Pimenta spp.)",518.0,0.0,0.0
Botswana,2007,"Chillies and peppers, green (Capsicum spp. and Pimenta spp.)",607.0,0.0,0.0
Botswana,2008,"Chillies and peppers, green (Capsicum spp. and Pimenta spp.)",395.0,0.0,0.0
Botswana,2009,"Chillies and peppers, green (Capsicum spp. and Pimenta spp.)",407.0,0.0,0.0
Botswana,2010,"Chillies and peppers, green (Capsicum spp. and Pimenta spp.)",389.0,0.0,0.0
Botswana,2011,"Chillies and peppers, green (Capsicum spp. and Pimenta spp.)",342.0,0.0,0.0
Botswana,2013,"Chillies and peppers, green (Capsicum spp. and Pimenta spp.)",452.0,0.0,0.0
Botswana,2014,"Chillies and peppers, green (Capsicum spp. and Pimenta spp.)",296.49,0.0,0.0
Botswana,2016,"Chillies and peppers, green (Capsicum spp. and Pimenta spp.)",795.88,0.01,0.0
Botswana,2017,"Chillies and peppers, green (Capsicum spp. and Pimenta spp.)",431.67,0.0,0.0
Botswana,2018,"Chillies and peppers, green (Capsicum spp. and Pimenta spp.)",533.44,0.0,0.0
Botswana,2019,"Chillies and peppers, green (Capsicum spp. and Pimenta spp.)",1333.29,0.0,0.0
Botswana,2020,"Chillies and peppers, green (Capsicum spp. and Pimenta spp.)",1700.6,0.0,0.0
Botswana,2021,"Chillies and peppers, green (Capsicum spp. and Pimenta spp.)",1761.97,0.0,0.0
Botswana,2023,"Chillies and peppers, green (Capsicum spp. and Pimenta spp.)",1.62,0.0,0.0
Brazil,1993,"Chillies and peppers, green (Capsicum spp. and Pimenta spp.)",8.0,710.0,0.0
Brazil,1994,"Chillies and peppers, green (Capsicum spp. and Pimenta spp.)",86.0,47.0,0.0
Brazil,1995,"Chillies and peppers, green (Capsicum spp. and Pimenta spp.)",108.0,216.0,0.0
Brazil,1996,"Chillies and peppers, green (Capsicum spp. and Pimenta spp.)",53.0,901.0,0.0
Brazil,1997,"Chillies and peppers, green (Capsicum spp. and Pimenta spp.)",35.0,43.0,0.0
Brazil,1998,"Chillies and peppers, green (Capsicum spp. and Pimenta spp.)",42.0,349.0,0.0
Brazil,1999,"Chillies and peppers, green (Capsicum spp. and Pimenta spp.)",19.0,3412.0,0.0
Brazil,2000,"Chillies and peppers, green (Capsicum spp. and Pimenta spp.)",0.1,2555.76,0.0
Brazil,2001,"Chillies and peppers, green (Capsicum spp. and Pimenta spp.)",0.0,1358.0,0.0
Brazil,2002,"Chillies and peppers, green (Capsicum spp. and Pimenta spp.)",0.0,405.0,0.0
Brazil,2003,"Chillies and peppers, green (Capsicum spp. and Pimenta spp.)",0.0,273.0,0.0
Brazil,2004,"Chillies and peppers, green (Capsicum spp. and Pimenta spp.)",66.0,171.0,0.0
Brazil,2005,"Chillies and peppers, green (Capsicum spp. and Pimenta spp.)",37.0,274.0,0.0
Brazil,2006,"Chillies and peppers, green (Capsicum spp. and Pimenta spp.)",29.0,254.0,0.0
Brazil,2007,"Chillies and peppers, green (Capsicum spp. and Pimenta spp.)",1.0,368.0,0.0
Brazil,2008,"Chillies and peppers, green (Capsicum spp. and Pimenta spp.)",0.0,141.0,0.0
Brazil,2009,"Chillies and peppers, green (Capsicum spp. and Pimenta spp.)",0.0,60.0,0.0
Brazil,2010,"Chillies and peppers, green (Capsicum spp. and Pimenta spp.)",41.0,75.0,0.0
Brazil,2011,"Chillies and peppers, green (Capsicum spp. and Pimenta spp.)",39.0,3.0,0.0
Brazil,2012,"Chillies and peppers, green (Capsicum spp. and Pimenta spp.)",14.0,4.0,0.0
Brazil,2013,"Chillies and peppers, green (Capsicum spp. and Pimenta spp.)",9.0,0.0,0.0
Brazil,2014,"Chillies and peppers, green (Capsicum spp. and Pimenta spp.)",4.11,2.01,0.0
Brazil,2015,"Chillies and peppers, green (Capsicum spp. and Pimenta spp.)",0.01,91.26,0.0
Brazil,2016,"Chillies and peppers, green (Capsicum spp. and Pimenta spp.)",16.64,66.48,0.0
Brazil,2018,"Chillies and peppers, green (Capsicum spp. and Pimenta spp.)",1.0,118.15,0.0
Brazil,2021,"Chillies and peppers, green (Capsicum spp. and Pimenta spp.)",691.57,279.91,0.0
Brazil,2023,"Chillies and peppers, green (Capsicum spp. and Pimenta spp.)",130.61,340.43,0.0
Brunei Darussalam,1994,"Chillies and peppers, green (Capsicum spp. and Pimenta spp.)",5.0,0.0,121.0
Brunei Darussalam,1995,"Chillies and peppers, green (Capsicum spp. and Pimenta spp.)",35.0,0.0,150.0
Brunei Darussalam,1996,"Chillies and peppers, green (Capsicum spp. and Pimenta spp.)",30.0,0.0,168.0
Brunei Darussalam,1997,"Chillies and peppers, green (Capsicum spp. and Pimenta spp.)",641.0,0.0,167.0
Brunei Darussalam,1998,"Chillies and peppers, green (Capsicum spp. and Pimenta spp.)",626.0,0.0,158.0
Brunei Darussalam,1999,"Chillies and peppers, green (Capsicum spp. and Pimenta spp.)",5.0,0.0,175.0
Brunei Darussalam,2000,"Chillies and peppers, green (Capsicum spp. and Pimenta spp.)",5.0,0.0,220.0
Brunei Darussalam,2001,"Chillies and peppers, green (Capsicum spp. and Pimenta spp.)",5.0,0.0,241.27
Brunei Darussalam,2002,"Chillies and peppers, green (Capsicum spp. and Pimenta spp.)",488.0,0.0,240.0
Brunei Darussalam,2003,"Chillies and peppers, green (Capsicum spp. and Pimenta spp.)",386.0,0.0,260.0
Brunei Darussalam,2004,"Chillies and peppers, green (Capsicum spp. and Pimenta spp.)",74.0,0.0,280.0
Brunei Darussalam,2006,"Chillies and peppers, green (Capsicum spp. and Pimenta spp.)",103.0,0.0,249.0
Brunei Darussalam,2007,"Chillies and peppers, green (Capsicum spp. and Pimenta spp.)",65.0,0.0,245.0
Brunei Darussalam,2008,"Chillies and peppers, green (Capsicum spp. and Pimenta spp.)",60.0,0.0,250.0
Brunei Darussalam,2009,"Chillies and peppers, green (Capsicum spp. and Pimenta spp.)",76.0,0.0,314.06
Brunei Darussalam,2010,"Chillies and peppers, green (Capsicum spp. and Pimenta spp.)",58.0,0.0,338.43
Brunei Darussalam,2011,"Chillies and peppers, green (Capsicum spp. and Pimenta spp.)",74.0,0.0,357.04
Brunei Darussalam,2012,"Chillies and peppers, green (Capsicum spp. and Pimenta spp.)",67.0,0.0,360.0
Brunei Darussalam,2013,"Chillies and peppers, green (Capsicum spp. and Pimenta spp.)",1211.0,0.0,400.82
Brunei Darussalam,2014,"Chillies and peppers, green (Capsicum spp. and Pimenta spp.)",1722.71,0.0,434.86
Brunei Darussalam,2016,"Chillies and peppers, green (Capsicum spp. and Pimenta spp.)",1927.33,0.0,604.0
Brunei Darussalam,2017,"Chillies and peppers, green (Capsicum spp. and Pimenta spp.)",2742.31,0.0,548.0
Brunei Darussalam,2018,"Chillies and peppers, green (Capsicum spp. and Pimenta spp.)",2690.43,0.0,428.0
Brunei Darussalam,2019,"Chillies and peppers, green (Capsicum spp. and Pimenta spp.)",2665.48,0.0,306.0
Brunei Darussalam,2020,"Chillies and peppers, green (Capsicum spp. and Pimenta spp.)",3339.28,0.1,421.0
Brunei Darussalam,2021,"Chillies and peppers, green (Capsicum spp. and Pimenta spp.)",3709.68,0.0,321.0
Brunei Darussalam,2022,"Chillies and peppers, green (Capsicum spp. and Pimenta spp.)",6455.34,0.12,402.0
Brunei Darussalam,2023,"Chillies and peppers, green (Capsicum spp. and Pimenta spp.)",7649.82,0.0,438.17
Bulgaria,1994,"Chillies and peppers, green (Capsicum spp. and Pimenta spp.)",737.0,11338.0,223078.0
Bulgaria,1995,"Chillies and peppers, green (Capsicum spp. and Pimenta spp.)",275.0,11356.0,262866.0
Bulgaria,1996,"Chillies and peppers, green (Capsicum spp. and Pimenta spp.)",76.0,16366.0,214055.0
Bulgaria,1998,"Chillies and peppers, green (Capsicum spp. and Pimenta spp.)",1346.0,7404.0,232775.0
Bulgaria,1999,"Chillies and peppers, green (Capsicum spp. and Pimenta spp.)",1300.0,4500.0,196320.0
Bulgaria,2000,"Chillies and peppers, green (Capsicum spp. and Pimenta spp.)",3200.0,3700.0,182048.0
Bulgaria,2001,"Chillies and peppers, green (Capsicum spp. and Pimenta spp.)",3325.0,5085.0,143740.0
Bulgaria,2002,"Chillies and peppers, green (Capsicum spp. and Pimenta spp.)",11330.0,3479.0,166619.0
Bulgaria,2003,"Chillies and peppers, green (Capsicum spp. and Pimenta spp.)",2008.0,2827.0,213876.0
Bulgaria,2004,"Chillies and peppers, green (Capsicum spp. and Pimenta spp.)",6571.0,3088.0,124907.0
Bulgaria,2005,"Chillies and peppers, green (Capsicum spp. and Pimenta spp.)",14196.0,1258.0,72155.0
Bulgaria,2006,"Chillies and peppers, green (Capsicum spp. and Pimenta spp.)",4985.0,1760.0,156684.0
Bulgaria,2007,"Chillies and peppers, green (Capsicum spp. and Pimenta spp.)",13840.0,1041.0,81744.0
Bulgaria,2008,"Chillies and peppers, green (Capsicum spp. and Pimenta spp.)",30418.0,1993.0,59524.0
Bulgaria,2009,"Chillies and peppers, green (Capsicum spp. and Pimenta spp.)",22325.0,1976.0,71469.0
Bulgaria,2010,"Chillies and peppers, green (Capsicum spp. and Pimenta spp.)",18233.0,1533.0,69080.0
Bulgaria,2011,"Chillies and peppers, green (Capsicum spp. and Pimenta spp.)",20704.0,1090.0,66298.0
Bulgaria,2012,"Chillies and peppers, green (Capsicum spp. and Pimenta spp.)",15814.0,567.0,47816.0
Bulgaria,2013,"Chillies and peppers, green (Capsicum spp. and Pimenta spp.)",14659.0,1045.0,63650.0
Bulgaria,2014,"Chillies and peppers, green (Capsicum spp. and Pimenta spp.)",23295.71,1596.3,49909.0
Bulgaria,2015,"Chillies and peppers, green (Capsicum spp. and Pimenta spp.)",28483.4,1189.4,67819.0
Bulgaria,2016,"Chillies and peppers, green (Capsicum spp. and Pimenta spp.)",25890.86,2086.8,72030.0
Bulgaria,2017,"Chillies and peppers, green (Capsicum spp. and Pimenta spp.)",24221.47,2325.71,54544.0
Bulgaria,2018,"Chillies and peppers, green (Capsicum spp. and Pimenta spp.)",31353.0,3685.67,51960.0
Bulgaria,2019,"Chillies and peppers, green (Capsicum spp. and Pimenta spp.)",29087.19,4152.08,63980.0
Bulgaria,2020,"Chillies and peppers, green (Capsicum spp. and Pimenta spp.)",29567.32,6535.89,50990.0
Bulgaria,2021,"Chillies and peppers, green (Capsicum spp. and Pimenta spp.)",35724.15,8306.02,61580.0
Bulgaria,2022,"Chillies and peppers, green (Capsicum spp. and Pimenta spp.)",28938.5,4958.21,46790.0
Bulgaria,2023,"Chillies and peppers, green (Capsicum spp. and Pimenta spp.)",33117.04,6369.57,52010.0
Burkina Faso,1995,"Chillies and peppers, green (Capsicum spp. and Pimenta spp.)",0.0,0.0,7171.55
Burkina Faso,1999,"Chillies and peppers, green (Capsicum spp. and Pimenta spp.)",63.0,0.0,7235.1
Burkina Faso,2001,"Chillies and peppers, green (Capsicum spp. and Pimenta spp.)",3.0,0.0,7146.18
Burkina Faso,2002,"Chillies and peppers, green (Capsicum spp. and Pimenta spp.)",0.0,0.0,7164.61
Burkina Faso,2003,"Chillies and peppers, green (Capsicum spp. and Pimenta spp.)",1.0,0.0,7201.99
Burkina Faso,2004,"Chillies and peppers, green (Capsicum spp. and Pimenta spp.)",0.0,0.0,7231.36
Burkina Faso,2005,"Chillies and peppers, green (Capsicum spp. and Pimenta spp.)",0.0,0.0,7200.0
Burkina Faso,2006,"Chillies and peppers, green (Capsicum spp. and Pimenta spp.)",0.0,0.0,7000.0
Burkina Faso,2007,"Chillies and peppers, green (Capsicum spp. and Pimenta spp.)",0.0,0.0,7700.0
Burkina Faso,2008,"Chillies and peppers, green (Capsicum spp. and Pimenta spp.)",0.0,0.0,7878.42
Burkina Faso,2009,"Chillies and peppers, green (Capsicum spp. and Pimenta spp.)",0.0,0.0,7995.72
Burkina Faso,2010,"Chillies and peppers, green (Capsicum spp. and Pimenta spp.)",0.0,0.0,8122.95
Burkina Faso,2012,"Chillies and peppers, green (Capsicum spp. and Pimenta spp.)",0.0,25.0,8500.0
Burkina Faso,2013,"Chillies and peppers, green (Capsicum spp. and Pimenta spp.)",0.0,0.0,8200.0
Burkina Faso,2015,"Chillies and peppers, green (Capsicum spp. and Pimenta spp.)",1.66,0.02,8506.85
Burkina Faso,2016,"Chillies and peppers, green (Capsicum spp. and Pimenta spp.)",0.98,0.45,8569.97
Burkina Faso,2017,"Chillies and peppers, green (Capsicum spp. and Pimenta spp.)",1.41,0.0,8595.76
Burkina Faso,2018,"Chillies and peppers, green (Capsicum spp. and Pimenta spp.)",0.04,1.48,8602.62
Burkina Faso,2020,"Chillies and peppers, green (Capsicum spp. and Pimenta spp.)",0.07,4.0,8644.97
Burkina Faso,2021,"Chillies and peppers, green (Capsicum spp. and Pimenta spp.)",3.37,8.0,8660.22
Burkina Faso,2023,"Chillies and peppers, green (Capsicum spp. and Pimenta spp.)",52.0,1.0,8696.86
Burundi,2006,"Chillies and peppers, green (Capsicum spp. and Pimenta spp.)",0.0,0.0,0.0
Burundi,2007,"Chillies and peppers, green (Capsicum spp. and Pimenta spp.)",0.0,0.0,0.0
Burundi,2008,"Chillies and peppers, green (Capsicum spp. and Pimenta spp.)",0.0,0.0,0.0
Burundi,2009,"Chillies and peppers, green (Capsicum spp. and Pimenta spp.)",0.0,0.0,0.0
Burundi,2010,"Chillies and peppers, green (Capsicum spp. and Pimenta spp.)",0.0,0.0,0.0
Burundi,2011,"Chillies and peppers, green (Capsicum spp. and Pimenta spp.)",0.0,0.0,0.0
Burundi,2012,"Chillies and peppers, green (Capsicum spp. and Pimenta spp.)",0.0,0.0,0.0
Burundi,2013,"Chillies and peppers, green (Capsicum spp. and Pimenta spp.)",0.0,0.0,0.0
Burundi,2016,"Chillies and peppers, green (Capsicum spp. and Pimenta spp.)",0.78,0.0,0.0
Burundi,2017,"Chillies and peppers, green (Capsicum spp. and Pimenta spp.)",0.51,0.0,0.0
Burundi,2018,"Chillies and peppers, green (Capsicum spp. and Pimenta spp.)",0.59,0.4,0.0
Burundi,2019,"Chillies and peppers, green (Capsicum spp. and Pimenta spp.)",0.05,0.05,0.0
Burundi,2020,"Chillies and peppers, green (Capsicum spp. and Pimenta spp.)",0.11,0.25,0.0
Burundi,2022,"Chillies and peppers, green (Capsicum spp. and Pimenta spp.)",0.42,27.05,0.0
Cabo Verde,1999,"Chillies and peppers, green (Capsicum spp. and Pimenta spp.)",37.0,0.0,0.0
Cabo Verde,2000,"Chillies and peppers, green (Capsicum spp. and Pimenta spp.)",40.0,0.0,0.0
Cabo Verde,2001,"Chillies and peppers, green (Capsicum spp. and Pimenta spp.)",38.0,0.0,0.0
Cabo Verde,2002,"Chillies and peppers, green (Capsicum spp. and Pimenta spp.)",22.0,0.0,0.0
Cabo Verde,2003,"Chillies and peppers, green (Capsicum spp. and Pimenta spp.)",15.0,0.0,0.0
Cabo Verde,2004,"Chillies and peppers, green (Capsicum spp. and Pimenta spp.)",12.0,0.0,0.0
Cabo Verde,2005,"Chillies and peppers, green (Capsicum spp. and Pimenta spp.)",37.0,0.0,0.0
Cabo Verde,2006,"Chillies and peppers, green (Capsicum spp. and Pimenta spp.)",80.0,0.0,0.0
Cabo Verde,2007,"Chillies and peppers, green (Capsicum spp. and Pimenta spp.)",91.0,0.0,0.0
Cabo Verde,2008,"Chillies and peppers, green (Capsicum spp. and Pimenta spp.)",97.0,0.0,0.0
Cabo Verde,2009,"Chillies and peppers, green (Capsicum spp. and Pimenta spp.)",146.0,0.0,0.0
Cabo Verde,2010,"Chillies and peppers, green (Capsicum spp. and Pimenta spp.)",158.0,0.0,0.0
Cabo Verde,2011,"Chillies and peppers, green (Capsicum spp. and Pimenta spp.)",159.0,0.0,0.0
Cabo Verde,2012,"Chillies and peppers, green (Capsicum spp. and Pimenta spp.)",177.0,0.0,0.0
Cabo Verde,2013,"Chillies and peppers, green (Capsicum spp. and Pimenta spp.)",176.0,0.0,0.0
Cabo Verde,2015,"Chillies and peppers, green (Capsicum spp. and Pimenta spp.)",220.42,0.04,0.0
Cabo Verde,2016,"Chillies and peppers, green (Capsicum spp. and Pimenta spp.)",220.22,0.0,0.0
Cabo Verde,2017,"Chillies and peppers, green (Capsicum spp. and Pimenta spp.)",297.69,0.0,0.0
Cabo Verde,2018,"Chillies and peppers, green (Capsicum spp. and Pimenta spp.)",307.12,0.0,0.0
Cabo Verde,2019,"Chillies and peppers, green (Capsicum spp. and Pimenta spp.)",322.2,0.0,0.0
Cabo Verde,2020,"Chillies and peppers, green (Capsicum spp. and Pimenta spp.)",189.0,0.0,0.0
Cabo Verde,2021,"Chillies and peppers, green (Capsicum spp. and Pimenta spp.)",153.54,0.0,0.0
Cabo Verde,2022,"Chillies and peppers, green (Capsicum spp. and Pimenta spp.)",325.32,0.0,0.0
Cambodia,2000,"Chillies and peppers, green (Capsicum spp. and Pimenta spp.)",6.0,0.0,0.0
Cambodia,2001,"Chillies and peppers, green (Capsicum spp. and Pimenta spp.)",4.0,0.0,0.0
Cambodia,2002,"Chillies and peppers, green (Capsicum spp. and Pimenta spp.)",2.0,0.0,0.0
Cambodia,2003,"Chillies and peppers, green (Capsicum spp. and Pimenta spp.)",3.0,0.0,0.0
Cambodia,2004,"Chillies and peppers, green (Capsicum spp. and Pimenta spp.)",5.0,0.0,0.0
Cambodia,2005,"Chillies and peppers, green (Capsicum spp. and Pimenta spp.)",0.0,0.0,0.0
Cambodia,2006,"Chillies and peppers, green (Capsicum spp. and Pimenta spp.)",0.0,0.0,0.0
Cambodia,2007,"Chillies and peppers, green (Capsicum spp. and Pimenta spp.)",0.0,0.0,0.0
Cambodia,2008,"Chillies and peppers, green (Capsicum spp. and Pimenta spp.)",0.0,0.0,0.0
Cambodia,2009,"Chillies and peppers, green (Capsicum spp. and Pimenta spp.)",0.0,0.0,0.0
Cambodia,2010,"Chillies and peppers, green (Capsicum spp. and Pimenta spp.)",0.0,50.0,0.0
Cambodia,2011,"Chillies and peppers, green (Capsicum spp. and Pimenta spp.)",0.0,16.0,0.0
Cambodia,2012,"Chillies and peppers, green (Capsicum spp. and Pimenta spp.)",2.0,55.0,0.0
Cambodia,2013,"Chillies and peppers, green (Capsicum spp. and Pimenta spp.)",7.0,20.0,0.0
Cambodia,2014,"Chillies and peppers, green (Capsicum spp. and Pimenta spp.)",40.92,8.12,0.0
Cambodia,2015,"Chillies and peppers, green (Capsicum spp. and Pimenta spp.)",98.52,15.53,0.0
Cambodia,2016,"Chillies and peppers, green (Capsicum spp. and Pimenta spp.)",169.4,8.42,0.0
Cambodia,2017,"Chillies and peppers, green (Capsicum spp. and Pimenta spp.)",4.04,411.7,0.0
Cambodia,2019,"Chillies and peppers, green (Capsicum spp. and Pimenta spp.)",1643.23,19.3,0.0
Cambodia,2020,"Chillies and peppers, green (Capsicum spp. and Pimenta spp.)",2047.08,17.42,0.0
Cambodia,2022,"Chillies and peppers, green (Capsicum spp. and Pimenta spp.)",246.37,9.13,0.0
Cameroon,1993,"Chillies and peppers, green (Capsicum spp. and Pimenta spp.)",3.0,0.0,2500.0
Cameroon,1994,"Chillies and peppers, green (Capsicum spp. and Pimenta spp.)",0.0,12.0,2700.0
Cameroon,1995,"Chillies and peppers, green (Capsicum spp. and Pimenta spp.)",13.0,6.0,2900.0
Cameroon,1997,"Chillies and peppers, green (Capsicum spp. and Pimenta spp.)",5.0,1.0,3500.0
Cameroon,1998,"Chillies and peppers, green (Capsicum spp. and Pimenta spp.)",3.0,1.0,3700.0
Cameroon,1999,"Chillies and peppers, green (Capsicum spp. and Pimenta spp.)",2.0,2.0,6133.0
Cameroon,2000,"Chillies and peppers, green (Capsicum spp. and Pimenta spp.)",5.0,0.0,6133.0
Cameroon,2001,"Chillies and peppers, green (Capsicum spp. and Pimenta spp.)",1.0,0.0,6138.0
Cameroon,2002,"Chillies and peppers, green (Capsicum spp. and Pimenta spp.)",0.0,0.0,7000.0
Cameroon,2003,"Chillies and peppers, green (Capsicum spp. and Pimenta spp.)",0.0,0.0,7942.0
Cameroon,2005,"Chillies and peppers, green (Capsicum spp. and Pimenta spp.)",2.0,0.0,14178.0
Cameroon,2006,"Chillies and peppers, green (Capsicum spp. and Pimenta spp.)",1.0,0.0,18228.0
Cameroon,2007,"Chillies and peppers, green (Capsicum spp. and Pimenta spp.)",2.0,0.0,20142.0
Cameroon,2009,"Chillies and peppers, green (Capsicum spp. and Pimenta spp.)",2.0,2.0,25987.0
Cameroon,2011,"Chillies and peppers, green (Capsicum spp. and Pimenta spp.)",2.0,0.0,33310.0
Cameroon,2012,"Chillies and peppers, green (Capsicum spp. and Pimenta spp.)",2.0,0.0,37307.0
Cameroon,2013,"Chillies and peppers, green (Capsicum spp. and Pimenta spp.)",2.0,3.0,35536.0
Cameroon,2014,"Chillies and peppers, green (Capsicum spp. and Pimenta spp.)",2.5,6.27,45673.0
Cameroon,2015,"Chillies and peppers, green (Capsicum spp. and Pimenta spp.)",4.53,2.27,52569.0
Cameroon,2016,"Chillies and peppers, green (Capsicum spp. and Pimenta spp.)",3.95,4.04,58903.0
Cameroon,2017,"Chillies and peppers, green (Capsicum spp. and Pimenta spp.)",2.13,4.45,52381.67
Cameroon,2018,"Chillies and peppers, green (Capsicum spp. and Pimenta spp.)",2.12,7.65,55694.55
Cameroon,2019,"Chillies and peppers, green (Capsicum spp. and Pimenta spp.)",1.61,7.28,55659.74
Cameroon,2022,"Chillies and peppers, green (Capsicum spp. and Pimenta spp.)",2.73,21.2,55183.13
Cameroon,2023,"Chillies and peppers, green (Capsicum spp. and Pimenta spp.)",2.46,0.54,55024.25
Canada,1993,"Chillies and peppers, green (Capsicum spp. and Pimenta spp.)",60127.0,3521.0,28480.0
Canada,1994,"Chillies and peppers, green (Capsicum spp. and Pimenta spp.)",63609.0,3839.0,32350.0
Canada,1995,"Chillies and peppers, green (Capsicum spp. and Pimenta spp.)",63470.0,6953.0,35050.0
Canada,1996,"Chillies and peppers, green (Capsicum spp. and Pimenta spp.)",73190.0,6567.0,36550.0
Canada,1997,"Chillies and peppers, green (Capsicum spp. and Pimenta spp.)",74303.0,10707.0,42000.0
Canada,1998,"Chillies and peppers, green (Capsicum spp. and Pimenta spp.)",71687.0,16621.0,43500.0
Canada,1999,"Chillies and peppers, green (Capsicum spp. and Pimenta spp.)",78074.0,22339.0,44880.0
Canada,2000,"Chillies and peppers, green (Capsicum spp. and Pimenta spp.)",85725.06,26478.25,48450.0
Canada,2001,"Chillies and peppers, green (Capsicum spp. and Pimenta spp.)",90441.0,35370.0,54020.0
Canada,2002,"Chillies and peppers, green (Capsicum spp. and Pimenta spp.)",93662.0,41925.0,40247.0
Canada,2003,"Chillies and peppers, green (Capsicum spp. and Pimenta spp.)",95443.0,46869.0,37156.0
Canada,2004,"Chillies and peppers, green (Capsicum spp. and Pimenta spp.)",95726.0,49206.0,36777.0
Canada,2005,"Chillies and peppers, green (Capsicum spp. and Pimenta spp.)",102582.0,57049.0,41145.0
Canada,2006,"Chillies and peppers, green (Capsicum spp. and Pimenta spp.)",107907.0,65319.0,46171.0
Canada,2007,"Chillies and peppers, green (Capsicum spp. and Pimenta spp.)",107985.0,74999.0,42577.0
Canada,2008,"Chillies and peppers, green (Capsicum spp. and Pimenta spp.)",108792.0,72255.0,41971.0
Canada,2009,"Chillies and peppers, green (Capsicum spp. and Pimenta spp.)",112446.0,79728.0,42678.0
Canada,2010,"Chillies and peppers, green (Capsicum spp. and Pimenta spp.)",111476.0,98080.0,46690.0
Canada,2011,"Chillies and peppers, green (Capsicum spp. and Pimenta spp.)",118825.0,98113.0,50687.0
Canada,2012,"Chillies and peppers, green (Capsicum spp. and Pimenta spp.)",119373.0,107518.0,56617.0
Canada,2013,"Chillies and peppers, green (Capsicum spp. and Pimenta spp.)",126944.0,115605.0,57417.0
Canada,2014,"Chillies and peppers, green (Capsicum spp. and Pimenta spp.)",122078.62,124332.35,66147.0
Canada,2015,"Chillies and peppers, green (Capsicum spp. and Pimenta spp.)",122807.2,126106.01,65314.0
Canada,2016,"Chillies and peppers, green (Capsicum spp. and Pimenta spp.)",134030.91,152702.6,68704.0
Canada,2017,"Chillies and peppers, green (Capsicum spp. and Pimenta spp.)",133449.0,142775.98,71242.0
Canada,2018,"Chillies and peppers, green (Capsicum spp. and Pimenta spp.)",141152.62,144992.16,66945.0
Canada,2020,"Chillies and peppers, green (Capsicum spp. and Pimenta spp.)",139109.7,171158.41,67747.0
Canada,2021,"Chillies and peppers, green (Capsicum spp. and Pimenta spp.)",153261.19,174902.52,69815.0
Canada,2022,"Chillies and peppers, green (Capsicum spp. and Pimenta spp.)",145218.58,180662.27,68832.0
Canada,2023,"Chillies and peppers, green (Capsicum spp. and Pimenta spp.)",152442.55,179678.66,67069.0
Central African Republic,2015,"Chillies and peppers, green (Capsicum spp. and Pimenta spp.)",85.89,0.0,0.0
Chad,2016,"Chillies and peppers, green (Capsicum spp. and Pimenta spp.)",0.92,0.0,0.0
Chad,2017,"Chillies and peppers, green (Capsicum spp. and Pimenta spp.)",0.53,0.0,0.0
Chad,2019,"Chillies and peppers, green (Capsicum spp. and Pimenta spp.)",0.23,0.0,0.0
Chad,2020,"Chillies and peppers, green (Capsicum spp. and Pimenta spp.)",0.15,0.0,0.0
Chad,2021,"Chillies and peppers, green (Capsicum spp. and Pimenta spp.)",1.75,0.0,0.0
Chad,2022,"Chillies and peppers, green (Capsicum spp. and Pimenta spp.)",1.48,0.0,0.0
Chad,2023,"Chillies and peppers, green (Capsicum spp. and Pimenta spp.)",0.31,0.0,0.0
Chile,1998,"Chillies and peppers, green (Capsicum spp. and Pimenta spp.)",0.0,1370.0,71438.0
Chile,1999,"Chillies and peppers, green (Capsicum spp. and Pimenta spp.)",0.0,1681.89,72000.0
Chile,2000,"Chillies and peppers, green (Capsicum spp. and Pimenta spp.)",0.0,1342.04,55000.0
Chile,2001,"Chillies and peppers, green (Capsicum spp. and Pimenta spp.)",0.0,2973.0,60000.0
Chile,2002,"Chillies and peppers, green (Capsicum spp. and Pimenta spp.)",0.0,24.0,62000.0
Chile,2003,"Chillies and peppers, green (Capsicum spp. and Pimenta spp.)",2.0,57.0,62500.0
Chile,2004,"Chillies and peppers, green (Capsicum spp. and Pimenta spp.)",2.0,116.0,63000.0
Chile,2005,"Chillies and peppers, green (Capsicum spp. and Pimenta spp.)",3.0,209.0,51000.0
Chile,2006,"Chillies and peppers, green (Capsicum spp. and Pimenta spp.)",0.0,118.0,42500.0
Chile,2007,"Chillies and peppers, green (Capsicum spp. and Pimenta spp.)",1.0,136.0,47000.0
Chile,2008,"Chillies and peppers, green (Capsicum spp. and Pimenta spp.)",1.0,38.0,52000.0
Chile,2010,"Chillies and peppers, green (Capsicum spp. and Pimenta spp.)",5.0,79.0,50000.0
Chile,2012,"Chillies and peppers, green (Capsicum spp. and Pimenta spp.)",1.0,325.0,51000.0
Chile,2013,"Chillies and peppers, green (Capsicum spp. and Pimenta spp.)",18.0,43.0,39000.0
Chile,2015,"Chillies and peppers, green (Capsicum spp. and Pimenta spp.)",19.9,90.93,28873.34
Chile,2016,"Chillies and peppers, green (Capsicum spp. and Pimenta spp.)",16.18,154.02,33661.5
Chile,2017,"Chillies and peppers, green (Capsicum spp. and Pimenta spp.)",20.05,1.71,48115.58
Chile,2018,"Chillies and peppers, green (Capsicum spp. and Pimenta spp.)",12.1,3.33,56342.12
Chile,2019,"Chillies and peppers, green (Capsicum spp. and Pimenta spp.)",35.0,1.61,57144.04
Chile,2020,"Chillies and peppers, green (Capsicum spp. and Pimenta spp.)",7.73,0.29,56383.91
Chile,2022,"Chillies and peppers, green (Capsicum spp. and Pimenta spp.)",56.44,1.03,56402.24
China,1993,"Chillies and peppers, green (Capsicum spp. and Pimenta spp.)",2736.0,8111.0,4325744.0
China,1995,"Chillies and peppers, green (Capsicum spp. and Pimenta spp.)",2469.0,4564.0,5492178.0
China,1996,"Chillies and peppers, green (Capsicum spp. and Pimenta spp.)",2761.0,2474.0,6525360.0
China,1997,"Chillies and peppers, green (Capsicum spp. and Pimenta spp.)",2993.0,663.0,7033114.0
China,1998,"Chillies and peppers, green (Capsicum spp. and Pimenta spp.)",2810.0,570.0,7283127.0
China,1999,"Chillies and peppers, green (Capsicum spp. and Pimenta spp.)",2807.0,1740.0,7841175.0
China,2000,"Chillies and peppers, green (Capsicum spp. and Pimenta spp.)",3000.51,5275.31,9436452.0
China,2001,"Chillies and peppers, green (Capsicum spp. and Pimenta spp.)",3455.0,12715.0,9883584.0
China,2002,"Chillies and peppers, green (Capsicum spp. and Pimenta spp.)",1860.0,23454.0,10534871.0
China,2003,"Chillies and peppers, green (Capsicum spp. and Pimenta spp.)",2165.0,56818.0,11528723.0
China,2004,"Chillies and peppers, green (Capsicum spp. and Pimenta spp.)",3597.0,66628.0,12031031.0
China,2005,"Chillies and peppers, green (Capsicum spp. and Pimenta spp.)",7192.0,41031.0,12530180.0
China,2006,"Chillies and peppers, green (Capsicum spp. and Pimenta spp.)",6491.0,27410.0,13030234.0
China,2007,"Chillies and peppers, green (Capsicum spp. and Pimenta spp.)",10707.0,49534.0,14026272.0
China,2008,"Chillies and peppers, green (Capsicum spp. and Pimenta spp.)",9937.0,77049.0,14274178.0
China,2009,"Chillies and peppers, green (Capsicum spp. and Pimenta spp.)",6857.0,60198.0,14520301.0
China,2010,"Chillies and peppers, green (Capsicum spp. and Pimenta spp.)",6245.0,71992.0,15001503.0
China,2012,"Chillies and peppers, green (Capsicum spp. and Pimenta spp.)",5693.0,64899.0,15623378.0
China,2013,"Chillies and peppers, green (Capsicum spp. and Pimenta spp.)",4220.0,68429.0,15826586.0
China,2014,"Chillies and peppers, green (Capsicum spp. and Pimenta spp.)",4537.73,71301.55,16290986.46
China,2015,"Chillies and peppers, green (Capsicum spp. and Pimenta spp.)",5989.08,87266.18,17207773.93
China,2016,"Chillies and peppers, green (Capsicum spp. and Pimenta spp.)",6446.26,89291.13,16441861.8
China,2017,"Chillies and peppers, green (Capsicum spp. and Pimenta spp.)",12458.05,97992.02,16781751.0
China,2018,"Chillies and peppers, green (Capsicum spp. and Pimenta spp.)",111710.34,99666.13,17053459.09
China,2019,"Chillies and peppers, green (Capsicum spp. and Pimenta spp.)",84647.99,110698.05,17346949.97
China,2020,"Chillies and peppers, green (Capsicum spp. and Pimenta spp.)",70276.59,126395.73,17061997.44
China,2021,"Chillies and peppers, green (Capsicum spp. and Pimenta spp.)",40779.14,90629.96,17152630.25
China,2022,"Chillies and peppers, green (Capsicum spp. and Pimenta spp.)",31109.48,114135.26,17187442.63
China,2023,"Chillies and peppers, green (Capsicum spp. and Pimenta spp.)",38386.5,158966.25,17134480.1
"China, Hong Kong SAR",1993,"Chillies and peppers, green (Capsicum spp. and Pimenta spp.)",2133.0,63.0,0.0
"China, Hong Kong SAR",1994,"Chillies and peppers, green (Capsicum spp. and Pimenta spp.)",2792.0,81.0,0.0
"China, Hong Kong SAR",1995,"Chillies and peppers, green (Capsicum spp. and Pimenta spp.)",1749.0,51.0,0.0
"China, Hong Kong SAR",1996,"Chillies and peppers, green (Capsicum spp. and Pimenta spp.)",957.0,22.0,0.0
"China, Hong Kong SAR",1997,"Chillies and peppers, green (Capsicum spp. and Pimenta spp.)",1030.0,11.0,0.0
"China, Hong Kong SAR",1998,"Chillies and peppers, green (Capsicum spp. and Pimenta spp.)",659.0,50.0,0.0
"China, Hong Kong SAR",1999,"Chillies and peppers, green (Capsicum spp. and Pimenta spp.)",813.0,43.0,0.0
"China, Hong Kong SAR",2000,"Chillies and peppers, green (Capsicum spp. and Pimenta spp.)",1017.02,1.66,0.0
"China, Hong Kong SAR",2001,"Chillies and peppers, green (Capsicum spp. and Pimenta spp.)",808.0,1.0,0.0
"China, Hong Kong SAR",2002,"Chillies and peppers, green (Capsicum spp. and Pimenta spp.)",727.0,2.0,0.0
"China, Hong Kong SAR",2003,"Chillies and peppers, green (Capsicum spp. and Pimenta spp.)",722.0,41.0,0.0
"China, Hong Kong SAR",2004,"Chillies and peppers, green (Capsicum spp. and Pimenta spp.)",1303.0,49.0,0.0
"China, Hong Kong SAR",2005,"Chillies and peppers, green (Capsicum spp. and Pimenta spp.)",2833.0,1591.0,0.0
"China, Hong Kong SAR",2006,"Chillies and peppers, green (Capsicum spp. and Pimenta spp.)",2406.0,1051.0,0.0
"China, Hong Kong SAR",2007,"Chillies and peppers, green (Capsicum spp. and Pimenta spp.)",3254.0,2372.0,0.0
"China, Hong Kong SAR",2008,"Chillies and peppers, green (Capsicum spp. and Pimenta spp.)",2194.0,2543.0,0.0
"China, Hong Kong SAR",2009,"Chillies and peppers, green (Capsicum spp. and Pimenta spp.)",1140.0,961.0,0.0
"China, Hong Kong SAR",2010,"Chillies and peppers, green (Capsicum spp. and Pimenta spp.)",911.0,631.0,0.0
"China, Hong Kong SAR",2011,"Chillies and peppers, green (Capsicum spp. and Pimenta spp.)",1118.0,425.0,0.0
"China, Hong Kong SAR",2012,"Chillies and peppers, green (Capsicum spp. and Pimenta spp.)",667.0,153.0,0.0
"China, Hong Kong SAR",2013,"Chillies and peppers, green (Capsicum spp. and Pimenta spp.)",631.0,88.0,0.0
"China, Hong Kong SAR",2014,"Chillies and peppers, green (Capsicum spp. and Pimenta spp.)",1162.87,184.68,0.0
"China, Hong Kong SAR",2015,"Chillies and peppers, green (Capsicum spp. and Pimenta spp.)",1237.56,135.54,0.0
"China, Hong Kong SAR",2016,"Chillies and peppers, green (Capsicum spp. and Pimenta spp.)",910.18,2.38,0.0
"China, Hong Kong SAR",2017,"Chillies and peppers, green (Capsicum spp. and Pimenta spp.)",971.38,9.4,0.0
"China, Hong Kong SAR",2018,"Chillies and peppers, green (Capsicum spp. and Pimenta spp.)",997.29,0.92,0.0
"China, Hong Kong SAR",2019,"Chillies and peppers, green (Capsicum spp. and Pimenta spp.)",1180.04,0.36,0.0
"China, Hong Kong SAR",2020,"Chillies and peppers, green (Capsicum spp. and Pimenta spp.)",1197.12,0.36,0.0
"China, Hong Kong SAR",2021,"Chillies and peppers, green (Capsicum spp. and Pimenta spp.)",999.9,0.34,0.0
"China, Hong Kong SAR",2023,"Chillies and peppers, green (Capsicum spp. and Pimenta spp.)",2249.48,0.57,0.0
"China, Macao SAR",1993,"Chillies and peppers, green (Capsicum spp. and Pimenta spp.)",165.0,0.0,0.0
"China, Macao SAR",1995,"Chillies and peppers, green (Capsicum spp. and Pimenta spp.)",208.0,0.0,0.0
"China, Macao SAR",1996,"Chillies and peppers, green (Capsicum spp. and Pimenta spp.)",159.0,0.0,0.0
"China, Macao SAR",1999,"Chillies and peppers, green (Capsicum spp. and Pimenta spp.)",247.0,0.0,0.0
"China, Macao SAR",2000,"Chillies and peppers, green (Capsicum spp. and Pimenta spp.)",186.05,0.0,0.0
"China, Macao SAR",2001,"Chillies and peppers, green (Capsicum spp. and Pimenta spp.)",112.0,0.0,0.0
"China, Macao SAR",2002,"Chillies and peppers, green (Capsicum spp. and Pimenta spp.)",76.0,0.0,0.0
"China, Macao SAR",2003,"Chillies and peppers, green (Capsicum spp. and Pimenta spp.)",110.0,0.0,0.0
"China, Macao SAR",2004,"Chillies and peppers, green (Capsicum spp. and Pimenta spp.)",117.0,0.0,0.0
"China, Macao SAR",2006,"Chillies and peppers, green (Capsicum spp. and Pimenta spp.)",667.0,0.0,0.0
"China, Macao SAR",2007,"Chillies and peppers, green (Capsicum spp. and Pimenta spp.)",764.0,0.0,0.0
"China, Macao SAR",2008,"Chillies and peppers, green (Capsicum spp. and Pimenta spp.)",880.0,0.0,0.0
"China, Macao SAR",2009,"Chillies and peppers, green (Capsicum spp. and Pimenta spp.)",875.0,0.0,0.0
"China, Macao SAR",2010,"Chillies and peppers, green (Capsicum spp. and Pimenta spp.)",909.0,0.0,0.0
"China, Macao SAR",2011,"Chillies and peppers, green (Capsicum spp. and Pimenta spp.)",1096.0,0.0,0.0
"China, Macao SAR",2012,"Chillies and peppers, green (Capsicum spp. and Pimenta spp.)",1253.0,0.0,0.0
"China, Macao SAR",2013,"Chillies and peppers, green (Capsicum spp. and Pimenta spp.)",1250.0,0.0,0.0
"China, Macao SAR",2014,"Chillies and peppers, green (Capsicum spp. and Pimenta spp.)",1740.09,0.0,0.0
"China, Macao SAR",2015,"Chillies and peppers, green (Capsicum spp. and Pimenta spp.)",1802.74,0.0,0.0
"China, Macao SAR",2016,"Chillies and peppers, green (Capsicum spp. and Pimenta spp.)",1973.25,0.0,0.0
"China, Macao SAR",2017,"Chillies and peppers, green (Capsicum spp. and Pimenta spp.)",1999.2,0.0,0.0
"China, Macao SAR",2018,"Chillies and peppers, green (Capsicum spp. and Pimenta spp.)",2181.73,0.0,0.0
"China, Macao SAR",2019,"Chillies and peppers, green (Capsicum spp. and Pimenta spp.)",2243.53,0.0,0.0
"China, Macao SAR",2020,"Chillies and peppers, green (Capsicum spp. and Pimenta spp.)",2336.57,0.0,0.0
"China, Macao SAR",2021,"Chillies and peppers, green (Capsicum spp. and Pimenta spp.)",2365.71,0.0,0.0
"China, Macao SAR",2022,"Chillies and peppers, green (Capsicum spp. and Pimenta spp.)",2255.99,0.0,0.0
"China, mainland",1993,"Chillies and peppers, green (Capsicum spp. and Pimenta spp.)",14.0,7883.0,4300000.0
"China, mainland",1994,"Chillies and peppers, green (Capsicum spp. and Pimenta spp.)",9.0,5476.0,5000000.0
"China, mainland",1995,"Chillies and peppers, green (Capsicum spp. and Pimenta spp.)",16.0,4436.0,5470000.0
"China, mainland",1996,"Chillies and peppers, green (Capsicum spp. and Pimenta spp.)",31.0,2422.0,6500000.0
"China, mainland",1997,"Chillies and peppers, green (Capsicum spp. and Pimenta spp.)",9.0,633.0,7000000.0
"China, mainland",1998,"Chillies and peppers, green (Capsicum spp. and Pimenta spp.)",26.0,504.0,7250000.0
"China, mainland",1999,"Chillies and peppers, green (Capsicum spp. and Pimenta spp.)",31.0,1690.0,7800000.0
"China, mainland",2000,"Chillies and peppers, green (Capsicum spp. and Pimenta spp.)",7.05,5272.67,9400000.0
"China, mainland",2001,"Chillies and peppers, green (Capsicum spp. and Pimenta spp.)",165.0,12713.0,9850000.0
"China, mainland",2002,"Chillies and peppers, green (Capsicum spp. and Pimenta spp.)",40.0,23419.0,10500000.0
"China, mainland",2003,"Chillies and peppers, green (Capsicum spp. and Pimenta spp.)",131.0,56733.0,11500000.0
"China, mainland",2004,"Chillies and peppers, green (Capsicum spp. and Pimenta spp.)",194.0,66518.0,12000000.0
"China, mainland",2005,"Chillies and peppers, green (Capsicum spp. and Pimenta spp.)",0.0,39425.0,12500000.0
"China, mainland",2006,"Chillies and peppers, green (Capsicum spp. and Pimenta spp.)",0.0,26322.0,13000000.0
"China, mainland",2007,"Chillies and peppers, green (Capsicum spp. and Pimenta spp.)",2.0,47153.0,14000000.0
"China, mainland",2008,"Chillies and peppers, green (Capsicum spp. and Pimenta spp.)",0.0,74490.0,14250000.0
"China, mainland",2010,"Chillies and peppers, green (Capsicum spp. and Pimenta spp.)",0.0,71275.0,14978000.0
"China, mainland",2011,"Chillies and peppers, green (Capsicum spp. and Pimenta spp.)",0.0,85909.0,15520000.0
"China, mainland",2012,"Chillies and peppers, green (Capsicum spp. and Pimenta spp.)",0.0,64398.0,15600000.0
"China, mainland",2013,"Chillies and peppers, green (Capsicum spp. and Pimenta spp.)",0.0,68059.0,15800000.0
"China, mainland",2016,"Chillies and peppers, green (Capsicum spp. and Pimenta spp.)",5.63,89198.77,16415580.8
"China, mainland",2017,"Chillies and peppers, green (Capsicum spp. and Pimenta spp.)",7007.79,97788.04,16753896.0
"China, mainland",2018,"Chillies and peppers, green (Capsicum spp. and Pimenta spp.)",106515.84,99591.77,17024152.09
"China, mainland",2019,"Chillies and peppers, green (Capsicum spp. and Pimenta spp.)",78465.74,110519.02,17317728.97
"China, mainland",2020,"Chillies and peppers, green (Capsicum spp. and Pimenta spp.)",65448.12,126267.43,17031925.69
"China, mainland",2021,"Chillies and peppers, green (Capsicum spp. and Pimenta spp.)",35439.42,90599.94,17124602.25
"China, mainland",2022,"Chillies and peppers, green (Capsicum spp. and Pimenta spp.)",24914.95,114027.11,17158085.63
"China, mainland",2023,"Chillies and peppers, green (Capsicum spp. and Pimenta spp.)",30433.38,158938.76,17104871.19
"China, Taiwan Province of",1993,"Chillies and peppers, green (Capsicum spp. and Pimenta spp.)",424.0,165.0,25744.0
"China, Taiwan Province of",1994,"Chillies and peppers, green (Capsicum spp. and Pimenta spp.)",1311.0,42.0,20603.0
"China, Taiwan Province of",1995,"Chillies and peppers, green (Capsicum spp. and Pimenta spp.)",496.0,77.0,22178.0
"China, Taiwan Province of",1996,"Chillies and peppers, green (Capsicum spp. and Pimenta spp.)",1614.0,30.0,25360.0
"China, Taiwan Province of",1997,"Chillies and peppers, green (Capsicum spp. and Pimenta spp.)",1954.0,19.0,33114.0
"China, Taiwan Province of",1998,"Chillies and peppers, green (Capsicum spp. and Pimenta spp.)",1555.0,16.0,33127.0
"China, Taiwan Province of",2000,"Chillies and peppers, green (Capsicum spp. and Pimenta spp.)",1790.4,0.98,36452.0
"China, Taiwan Province of",2001,"Chillies and peppers, green (Capsicum spp. and Pimenta spp.)",2370.0,1.0,33584.0
"China, Taiwan Province of",2002,"Chillies and peppers, green (Capsicum spp. and Pimenta spp.)",1017.0,33.0,34871.0
"China, Taiwan Province of",2003,"Chillies and peppers, green (Capsicum spp. and Pimenta spp.)",1202.0,44.0,28723.0
"China, Taiwan Province of",2004,"Chillies and peppers, green (Capsicum spp. and Pimenta spp.)",1983.0,61.0,31031.0
"China, Taiwan Province of",2005,"Chillies and peppers, green (Capsicum spp. and Pimenta spp.)",4343.0,0.0,30180.0
"China, Taiwan Province of",2006,"Chillies and peppers, green (Capsicum spp. and Pimenta spp.)",3418.0,37.0,30234.0
"China, Taiwan Province of",2007,"Chillies and peppers, green (Capsicum spp. and Pimenta spp.)",6687.0,9.0,26272.0
"China, Taiwan Province of",2008,"Chillies and peppers, green (Capsicum spp. and Pimenta spp.)",6863.0,16.0,24178.0
"China, Taiwan Province of",2009,"Chillies and peppers, green (Capsicum spp. and Pimenta spp.)",4542.0,93.0,20301.0
"China, Taiwan Province of",2010,"Chillies and peppers, green (Capsicum spp. and Pimenta spp.)",4425.0,86.0,23503.0
"China, Taiwan Province of",2011,"Chillies and peppers, green (Capsicum spp. and Pimenta spp.)",3295.0,134.0,21611.0
"China, Taiwan Province of",2012,"Chillies and peppers, green (Capsicum spp. and Pimenta spp.)",3773.0,348.0,23378.0
"China, Taiwan Province of",2013,"Chillies and peppers, green (Capsicum spp. and Pimenta spp.)",2339.0,282.0,26586.0
"China, Taiwan Province of",2014,"Chillies and peppers, green (Capsicum spp. and Pimenta spp.)",1634.77,303.52,27153.0
"China, Taiwan Province of",2015,"Chillies and peppers, green (Capsicum spp. and Pimenta spp.)",2948.79,244.31,24865.0
"China, Taiwan Province of",2016,"Chillies and peppers, green (Capsicum spp. and Pimenta spp.)",3557.19,89.98,26281.0
"China, Taiwan Province of",2017,"Chillies and peppers, green (Capsicum spp. and Pimenta spp.)",2479.68,194.58,27855.0
"China, Taiwan Province of",2018,"Chillies and peppers, green (Capsicum spp. and Pimenta spp.)",2015.47,73.45,29307.0
"China, Taiwan Province of",2019,"Chillies and peppers, green (Capsicum spp. and Pimenta spp.)",2758.67,178.68,29221.0
"China, Taiwan Province of",2020,"Chillies and peppers, green (Capsicum spp. and Pimenta spp.)",1294.77,127.94,30071.76
"China, Taiwan Province of",2022,"Chillies and peppers, green (Capsicum spp. and Pimenta spp.)",1765.7,60.14,29357.0
"China, Taiwan Province of",2023,"Chillies and peppers, green (Capsicum spp. and Pimenta spp.)",3001.4,26.92,29608.91
Colombia,1994,"Chillies and peppers, green (Capsicum spp. and Pimenta spp.)",0.0,2.0,11109.4
Colombia,1995,"Chillies and peppers, green (Capsicum spp. and Pimenta spp.)",2.0,7.0,12000.0
Colombia,1996,"Chillies and peppers, green (Capsicum spp. and Pimenta spp.)",2.0,0.0,15000.0
Colombia,1997,"Chillies and peppers, green (Capsicum spp. and Pimenta spp.)",1.0,0.0,16000.0
Colombia,1998,"Chillies and peppers, green (Capsicum spp. and Pimenta spp.)",1.0,3.0,14000.0
Colombia,1999,"Chillies and peppers, green (Capsicum spp. and Pimenta spp.)",0.0,175.0,17602.0
Colombia,2000,"Chillies and peppers, green (Capsicum spp. and Pimenta spp.)",0.0,53.57,15856.0
Colombia,2001,"Chillies and peppers, green (Capsicum spp. and Pimenta spp.)",0.0,181.0,45685.0
Colombia,2002,"Chillies and peppers, green (Capsicum spp. and Pimenta spp.)",0.0,150.0,53218.0
Colombia,2003,"Chillies and peppers, green (Capsicum spp. and Pimenta spp.)",0.0,57.0,44530.0
Colombia,2004,"Chillies and peppers, green (Capsicum spp. and Pimenta spp.)",0.0,86.0,47555.0
Colombia,2005,"Chillies and peppers, green (Capsicum spp. and Pimenta spp.)",1.0,11.0,49315.0
Colombia,2006,"Chillies and peppers, green (Capsicum spp. and Pimenta spp.)",0.0,48.0,49500.0
Colombia,2007,"Chillies and peppers, green (Capsicum spp. and Pimenta spp.)",0.0,91.0,50000.0
Colombia,2008,"Chillies and peppers, green (Capsicum spp. and Pimenta spp.)",2.0,84.0,34884.88
Colombia,2009,"Chillies and peppers, green (Capsicum spp. and Pimenta spp.)",2.0,75.0,19145.0
Colombia,2010,"Chillies and peppers, green (Capsicum spp. and Pimenta spp.)",2.0,91.0,17992.0
Colombia,2011,"Chillies and peppers, green (Capsicum spp. and Pimenta spp.)",0.0,75.0,16515.3
Colombia,2012,"Chillies and peppers, green (Capsicum spp. and Pimenta spp.)",0.0,100.0,21919.04
Colombia,2013,"Chillies and peppers, green (Capsicum spp. and Pimenta spp.)",0.0,103.0,29212.35
Colombia,2022,"Chillies and peppers, green (Capsicum spp. and Pimenta spp.)",0.01,96.41,89169.45
Comoros,2015,"Chillies and peppers, green (Capsicum spp. and Pimenta spp.)",0.16,0.0,0.0
Comoros,2019,"Chillies and peppers, green (Capsicum spp. and Pimenta spp.)",1.15,0.0,0.0
Comoros,2020,"Chillies and peppers, green (Capsicum spp. and Pimenta spp.)",0.1,0.0,0.0
Comoros,2021,"Chillies and peppers, green (Capsicum spp. and Pimenta spp.)",0.63,0.0,0.0
Comoros,2022,"Chillies and peppers, green (Capsicum spp. and Pimenta spp.)",0.95,0.0,0.0
Comoros,2023,"Chillies and peppers, green (Capsicum spp. and Pimenta spp.)",1.07,0.0,0.0
Congo,2005,"Chillies and peppers, green (Capsicum spp. and Pimenta spp.)",1.0,0.0,0.0
Congo,2006,"Chillies and peppers, green (Capsicum spp. and Pimenta spp.)",1.0,0.0,0.0
Congo,2008,"Chillies and peppers, green (Capsicum spp. and Pimenta spp.)",1.0,0.0,0.0
Congo,2009,"Chillies and peppers, green (Capsicum spp. and Pimenta spp.)",1.0,0.0,0.0
Congo,2010,"Chillies and peppers, green (Capsicum spp. and Pimenta spp.)",1.0,0.0,0.0
Congo,2011,"Chillies and peppers, green (Capsicum spp. and Pimenta spp.)",1.0,0.0,0.0
Congo,2012,"Chillies and peppers, green (Capsicum spp. and Pimenta spp.)",1.0,0.0,0.0
Congo,2013,"Chillies and peppers, green (Capsicum spp. and Pimenta spp.)",4.0,0.0,0.0
Congo,2014,"Chillies and peppers, green (Capsicum spp. and Pimenta spp.)",5.49,0.0,0.0
Congo,2015,"Chillies and peppers, green (Capsicum spp. and Pimenta spp.)",8.86,0.0,0.0
Congo,2016,"Chillies and peppers, green (Capsicum spp. and Pimenta spp.)",7.92,0.0,0.0
Congo,2017,"Chillies and peppers, green (Capsicum spp. and Pimenta spp.)",5.51,0.0,0.0
Congo,2018,"Chillies and peppers, green (Capsicum spp. and Pimenta spp.)",2.39,0.0,0.0
Congo,2019,"Chillies and peppers, green (Capsicum spp. and Pimenta spp.)",2.61,0.0,0.0
Congo,2020,"Chillies and peppers, green (Capsicum spp. and Pimenta spp.)",4.17,0.0,0.0
Congo,2021,"Chillies and peppers, green (Capsicum spp. and Pimenta spp.)",5.69,0.0,0.0
Congo,2022,"Chillies and peppers, green (Capsicum spp. and Pimenta spp.)",4.07,0.0,0.0
Congo,2023,"Chillies and peppers, green (Capsicum spp. and Pimenta spp.)",4.87,0.0,0.0
Cook Islands,1993,"Chillies and peppers, green (Capsicum spp. and Pimenta spp.)",1.0,3.0,3.0
Cook Islands,1994,"Chillies and peppers, green (Capsicum spp. and Pimenta spp.)",1.0,3.0,1.0
Cook Islands,1995,"Chillies and peppers, green (Capsicum spp. and Pimenta spp.)",1.0,3.0,1.0
Cook Islands,1996,"Chillies and peppers, green (Capsicum spp. and Pimenta spp.)",1.0,3.0,2.01
Cook Islands,1997,"Chillies and peppers, green (Capsicum spp. and Pimenta spp.)",1.0,3.0,2.0
Cook Islands,1998,"Chillies and peppers, green (Capsicum spp. and Pimenta spp.)",0.0,0.0,1.97
Cook Islands,1999,"Chillies and peppers, green (Capsicum spp. and Pimenta spp.)",2.0,0.0,1.78
Cook Islands,2000,"Chillies and peppers, green (Capsicum spp. and Pimenta spp.)",2.0,0.0,1.66
Cook Islands,2001,"Chillies and peppers, green (Capsicum spp. and Pimenta spp.)",6.0,0.0,1.5
Cook Islands,2002,"Chillies and peppers, green (Capsicum spp. and Pimenta spp.)",2.0,0.0,1.4
Cook Islands,2003,"Chillies and peppers, green (Capsicum spp. and Pimenta spp.)",2.0,3.0,1.0
Cook Islands,2004,"Chillies and peppers, green (Capsicum spp. and Pimenta spp.)",8.0,5.0,1.0
Cook Islands,2005,"Chillies and peppers, green (Capsicum spp. and Pimenta spp.)",11.0,1.0,1.0
Cook Islands,2006,"Chillies and peppers, green (Capsicum spp. and Pimenta spp.)",13.0,1.0,1.0
Cook Islands,2008,"Chillies and peppers, green (Capsicum spp. and Pimenta spp.)",8.0,0.0,1.26
Cook Islands,2009,"Chillies and peppers, green (Capsicum spp. and Pimenta spp.)",11.0,0.0,0.96
Cook Islands,2010,"Chillies and peppers, green (Capsicum spp. and Pimenta spp.)",8.0,0.0,0.94
Cook Islands,2011,"Chillies and peppers, green (Capsicum spp. and Pimenta spp.)",4.0,0.0,0.89
Cook Islands,2012,"Chillies and peppers, green (Capsicum spp. and Pimenta spp.)",6.0,0.0,0.86
Cook Islands,2013,"Chillies and peppers, green (Capsicum spp. and Pimenta spp.)",5.0,0.0,0.86
Cook Islands,2014,"Chillies and peppers, green (Capsicum spp. and Pimenta spp.)",5.44,0.0,0.82
Cook Islands,2015,"Chillies and peppers, green (Capsicum spp. and Pimenta spp.)",7.32,0.0,0.77
Cook Islands,2016,"Chillies and peppers, green (Capsicum spp. and Pimenta spp.)",6.63,0.0,0.7
Cook Islands,2018,"Chillies and peppers, green (Capsicum spp. and Pimenta spp.)",8.95,0.0,0.63
Cook Islands,2020,"Chillies and peppers, green (Capsicum spp. and Pimenta spp.)",7.74,0.0,0.58
Cook Islands,2021,"Chillies and peppers, green (Capsicum spp. and Pimenta spp.)",5.73,0.0,0.57
Cook Islands,2022,"Chillies and peppers, green (Capsicum spp. and Pimenta spp.)",8.89,0.0,0.5
Costa Rica,1996,"Chillies and peppers, green (Capsicum spp. and Pimenta spp.)",1.0,169.0,649.77
Costa Rica,1997,"Chillies and peppers, green (Capsicum spp. and Pimenta spp.)",3.0,143.0,615.57
Costa Rica,1999,"Chillies and peppers, green (Capsicum spp. and Pimenta spp.)",4.45,115.8,699.58
Costa Rica,2000,"Chillies and peppers, green (Capsicum spp. and Pimenta spp.)",0.92,156.05,1096.0
Costa Rica,2001,"Chillies and peppers, green (Capsicum spp. and Pimenta spp.)",26.0,85.0,1063.0
Costa Rica,2002,"Chillies and peppers, green (Capsicum spp. and Pimenta spp.)",39.0,61.0,1070.0
Costa Rica,2003,"Chillies and peppers, green (Capsicum spp. and Pimenta spp.)",2.0,64.0,1145.5
Costa Rica,2004,"Chillies and peppers, green (Capsicum spp. and Pimenta spp.)",59.0,95.0,1216.0
Costa Rica,2005,"Chillies and peppers, green (Capsicum spp. and Pimenta spp.)",40.0,158.0,1123.0
Costa Rica,2007,"Chillies and peppers, green (Capsicum spp. and Pimenta spp.)",26.0,134.0,1118.83
Costa Rica,2008,"Chillies and peppers, green (Capsicum spp. and Pimenta spp.)",23.0,99.0,948.53
Costa Rica,2009,"Chillies and peppers, green (Capsicum spp. and Pimenta spp.)",4.0,124.0,894.49
Costa Rica,2010,"Chillies and peppers, green (Capsicum spp. and Pimenta spp.)",78.0,198.0,950.8
Costa Rica,2011,"Chillies and peppers, green (Capsicum spp. and Pimenta spp.)",93.0,89.0,768.99
Costa Rica,2012,"Chillies and peppers, green (Capsicum spp. and Pimenta spp.)",3.0,1129.0,1000.0
Costa Rica,2013,"Chillies and peppers, green (Capsicum spp. and Pimenta spp.)",2.0,1328.0,725.09
Costa Rica,2014,"Chillies and peppers, green (Capsicum spp. and Pimenta spp.)",75.16,1604.35,561.52
Costa Rica,2015,"Chillies and peppers, green (Capsicum spp. and Pimenta spp.)",78.49,1693.64,593.79
Costa Rica,2016,"Chillies and peppers, green (Capsicum spp. and Pimenta spp.)",4.58,1352.76,626.8
Costa Rica,2017,"Chillies and peppers, green (Capsicum spp. and Pimenta spp.)",34.19,878.84,593.97
Costa Rica,2018,"Chillies and peppers, green (Capsicum spp. and Pimenta spp.)",70.51,4.3,604.85
Costa Rica,2019,"Chillies and peppers, green (Capsicum spp. and Pimenta spp.)",58.52,1.97,608.54
Costa Rica,2020,"Chillies and peppers, green (Capsicum spp. and Pimenta spp.)",61.11,13.18,602.45
Costa Rica,2021,"Chillies and peppers, green (Capsicum spp. and Pimenta spp.)",0.48,8.01,605.28
Costa Rica,2022,"Chillies and peppers, green (Capsicum spp. and Pimenta spp.)",0.41,3.78,605.42
Costa Rica,2023,"Chillies and peppers, green (Capsicum spp. and Pimenta spp.)",86.93,20.01,604.39
Côte d'Ivoire,1995,"Chillies and peppers, green (Capsicum spp. and Pimenta spp.)",2.0,1.0,20455.23
Côte d'Ivoire,1997,"Chillies and peppers, green (Capsicum spp. and Pimenta spp.)",6.63,2.53,21300.0
Côte d'Ivoire,1998,"Chillies and peppers, green (Capsicum spp. and Pimenta spp.)",6.19,3.57,21928.83
Côte d'Ivoire,1999,"Chillies and peppers, green (Capsicum spp. and Pimenta spp.)",4.29,4.58,22594.41
Côte d'Ivoire,2000,"Chillies and peppers, green (Capsicum spp. and Pimenta spp.)",2.67,1.85,23282.95
Côte d'Ivoire,2001,"Chillies and peppers, green (Capsicum spp. and Pimenta spp.)",3.0,9.0,24000.0
Côte d'Ivoire,2002,"Chillies and peppers, green (Capsicum spp. and Pimenta spp.)",3.0,10.0,24835.32
Côte d'Ivoire,2003,"Chillies and peppers, green (Capsicum spp. and Pimenta spp.)",2.0,12.0,27000.0
Côte d'Ivoire,2005,"Chillies and peppers, green (Capsicum spp. and Pimenta spp.)",4.0,17.0,25981.89
Côte d'Ivoire,2006,"Chillies and peppers, green (Capsicum spp. and Pimenta spp.)",5.0,4.0,25953.12
Côte d'Ivoire,2007,"Chillies and peppers, green (Capsicum spp. and Pimenta spp.)",9.0,22.0,25874.19
Côte d'Ivoire,2008,"Chillies and peppers, green (Capsicum spp. and Pimenta spp.)",4.0,10.0,25324.54
Côte d'Ivoire,2009,"Chillies and peppers, green (Capsicum spp. and Pimenta spp.)",6.0,2.0,25450.0
Côte d'Ivoire,2010,"Chillies and peppers, green (Capsicum spp. and Pimenta spp.)",11.0,2.0,25000.0
Côte d'Ivoire,2011,"Chillies and peppers, green (Capsicum spp. and Pimenta spp.)",3.0,7.0,25837.25
Côte d'Ivoire,2012,"Chillies and peppers, green (Capsicum spp. and Pimenta spp.)",15.0,14.0,26500.0
Côte d'Ivoire,2014,"Chillies and peppers, green (Capsicum spp. and Pimenta spp.)",31.49,4.65,26663.27
Côte d'Ivoire,2015,"Chillies and peppers, green (Capsicum spp. and Pimenta spp.)",34.49,6.1,26797.21
Côte d'Ivoire,2016,"Chillies and peppers, green (Capsicum spp. and Pimenta spp.)",77.81,6.55,26746.66
Côte d'Ivoire,2017,"Chillies and peppers, green (Capsicum spp. and Pimenta spp.)",251.29,3.78,26869.99
Côte d'Ivoire,2018,"Chillies and peppers, green (Capsicum spp. and Pimenta spp.)",317.51,175.65,27038.53
Côte d'Ivoire,2019,"Chillies and peppers, green (Capsicum spp. and Pimenta spp.)",644.15,1043.13,27383.88
Côte d'Ivoire,2020,"Chillies and peppers, green (Capsicum spp. and Pimenta spp.)",3422.9,2560.68,27939.77
Côte d'Ivoire,2021,"Chillies and peppers, green (Capsicum spp. and Pimenta spp.)",6539.85,3097.53,28118.25
Côte d'Ivoire,2022,"Chillies and peppers, green (Capsicum spp. and Pimenta spp.)",7853.97,1306.47,27813.97
Côte d'Ivoire,2023,"Chillies and peppers, green (Capsicum spp. and Pimenta spp.)",13783.23,1313.04,27957.33
Croatia,1994,"Chillies and peppers, green (Capsicum spp. and Pimenta spp.)",2370.0,1052.0,25962.0
Croatia,1995,"Chillies and peppers, green (Capsicum spp. and Pimenta spp.)",3547.0,477.0,26041.0
Croatia,1996,"Chillies and peppers, green (Capsicum spp. and Pimenta spp.)",3369.0,552.0,25999.0
Croatia,1997,"Chillies and peppers, green (Capsicum spp. and Pimenta spp.)",3791.0,350.0,25243.0
Croatia,1999,"Chillies and peppers, green (Capsicum spp. and Pimenta spp.)",3225.0,462.0,36813.0
Croatia,2000,"Chillies and peppers, green (Capsicum spp. and Pimenta spp.)",2842.0,388.0,12601.0
Croatia,2001,"Chillies and peppers, green (Capsicum spp. and Pimenta spp.)",3092.0,257.0,15937.0
Croatia,2002,"Chillies and peppers, green (Capsicum spp. and Pimenta spp.)",2584.0,599.0,18865.0
Croatia,2003,"Chillies and peppers, green (Capsicum spp. and Pimenta spp.)",3056.0,166.0,21321.0
Croatia,2004,"Chillies and peppers, green (Capsicum spp. and Pimenta spp.)",2137.0,1089.0,19559.0
Croatia,2007,"Chillies and peppers, green (Capsicum spp. and Pimenta spp.)",3315.0,1922.0,26085.0
Croatia,2008,"Chillies and peppers, green (Capsicum spp. and Pimenta spp.)",3685.0,692.0,27325.0
Croatia,2009,"Chillies and peppers, green (Capsicum spp. and Pimenta spp.)",6750.0,701.0,28804.0
Croatia,2010,"Chillies and peppers, green (Capsicum spp. and Pimenta spp.)",5946.0,516.0,12718.0
Croatia,2011,"Chillies and peppers, green (Capsicum spp. and Pimenta spp.)",5587.0,179.0,14760.0
Croatia,2012,"Chillies and peppers, green (Capsicum spp. and Pimenta spp.)",6265.0,285.0,11621.0
Croatia,2013,"Chillies and peppers, green (Capsicum spp. and Pimenta spp.)",8276.0,199.0,13783.0
Croatia,2014,"Chillies and peppers, green (Capsicum spp. and Pimenta spp.)",9243.0,1214.17,10894.0
Croatia,2015,"Chillies and peppers, green (Capsicum spp. and Pimenta spp.)",9941.31,690.64,15848.0
Croatia,2016,"Chillies and peppers, green (Capsicum spp. and Pimenta spp.)",13136.69,635.78,19257.0
Croatia,2017,"Chillies and peppers, green (Capsicum spp. and Pimenta spp.)",12560.07,736.42,19303.0
Croatia,2018,"Chillies and peppers, green (Capsicum spp. and Pimenta spp.)",14695.79,663.21,14340.0
Croatia,2019,"Chillies and peppers, green (Capsicum spp. and Pimenta spp.)",18476.1,685.42,8990.0
Croatia,2020,"Chillies and peppers, green (Capsicum spp. and Pimenta spp.)",18979.96,1664.7,13370.0
Croatia,2021,"Chillies and peppers, green (Capsicum spp. and Pimenta spp.)",17435.7,2247.41,13560.0
Croatia,2022,"Chillies and peppers, green (Capsicum spp. and Pimenta spp.)",20461.16,1683.07,7910.0
Croatia,2023,"Chillies and peppers, green (Capsicum spp. and Pimenta spp.)",22333.33,2964.2,7870.0
Cuba,1999,"Chillies and peppers, green (Capsicum spp. and Pimenta spp.)",91.0,0.0,27844.0
Cuba,2000,"Chillies and peppers, green (Capsicum spp. and Pimenta spp.)",46.0,0.0,45845.0
Cuba,2001,"Chillies and peppers, green (Capsicum spp. and Pimenta spp.)",24.0,0.0,59341.0
Cuba,2002,"Chillies and peppers, green (Capsicum spp. and Pimenta spp.)",3.0,1.0,61427.0
Cuba,2003,"Chillies and peppers, green (Capsicum spp. and Pimenta spp.)",1.0,2.0,68000.0
Cuba,2004,"Chillies and peppers, green (Capsicum spp. and Pimenta spp.)",8.0,23.0,91722.0
Cuba,2005,"Chillies and peppers, green (Capsicum spp. and Pimenta spp.)",7.0,48.0,81815.0
Cuba,2006,"Chillies and peppers, green (Capsicum spp. and Pimenta spp.)",1.0,19.0,62141.0
Cuba,2007,"Chillies and peppers, green (Capsicum spp. and Pimenta spp.)",0.0,64.0,55807.0
Cuba,2008,"Chillies and peppers, green (Capsicum spp. and Pimenta spp.)",39.0,41.0,63677.0
Cuba,2009,"Chillies and peppers, green (Capsicum spp. and Pimenta spp.)",39.0,32.0,56672.0
Cuba,2010,"Chillies and peppers, green (Capsicum spp. and Pimenta spp.)",25.0,42.0,44545.0
Cuba,2011,"Chillies and peppers, green (Capsicum spp. and Pimenta spp.)",25.0,20.0,55057.0
Cuba,2012,"Chillies and peppers, green (Capsicum spp. and Pimenta spp.)",25.0,8.0,62202.0
Cuba,2013,"Chillies and peppers, green (Capsicum spp. and Pimenta spp.)",25.0,8.0,73336.0
Cuba,2015,"Chillies and peppers, green (Capsicum spp. and Pimenta spp.)",0.05,33.04,69033.9
Cuba,2016,"Chillies and peppers, green (Capsicum spp. and Pimenta spp.)",0.01,74.17,70956.0
Cuba,2019,"Chillies and peppers, green (Capsicum spp. and Pimenta spp.)",0.2,84.94,79726.0
Cuba,2021,"Chillies and peppers, green (Capsicum spp. and Pimenta spp.)",0.23,127.75,62090.0
Cuba,2023,"Chillies and peppers, green (Capsicum spp. and Pimenta spp.)",0.01,43.87,68844.19
Cyprus,1993,"Chillies and peppers, green (Capsicum spp. and Pimenta spp.)",0.0,0.0,1300.0
Cyprus,1994,"Chillies and peppers, green (Capsicum spp. and Pimenta spp.)",2.0,0.0,1400.0
Cyprus,1995,"Chillies and peppers, green (Capsicum spp. and Pimenta spp.)",62.0,0.0,1600.0
Cyprus,1996,"Chillies and peppers, green (Capsicum spp. and Pimenta spp.)",84.0,2.0,1700.0
Cyprus,1997,"Chillies and peppers, green (Capsicum spp. and Pimenta spp.)",137.0,6.0,1600.0
Cyprus,1998,"Chillies and peppers, green (Capsicum spp. and Pimenta spp.)",192.0,10.0,1800.0
Cyprus,1999,"Chillies and peppers, green (Capsicum spp. and Pimenta spp.)",206.0,8.0,1900.0
Cyprus,2000,"Chillies and peppers, green (Capsicum spp. and Pimenta spp.)",232.55,3.44,1800.0
Cyprus,2001,"Chillies and peppers, green (Capsicum spp. and Pimenta spp.)",268.0,25.0,1700.0
Cyprus,2002,"Chillies and peppers, green (Capsicum spp. and Pimenta spp.)",304.0,0.0,1850.0
Cyprus,2003,"Chillies and peppers, green (Capsicum spp. and Pimenta spp.)",367.0,0.0,1800.0
Cyprus,2005,"Chillies and peppers, green (Capsicum spp. and Pimenta spp.)",478.0,22.0,1751.0
Cyprus,2006,"Chillies and peppers, green (Capsicum spp. and Pimenta spp.)",679.0,26.0,1803.0
Cyprus,2007,"Chillies and peppers, green (Capsicum spp. and Pimenta spp.)",734.0,6.0,1778.0
Cyprus,2008,"Chillies and peppers, green (Capsicum spp. and Pimenta spp.)",917.0,11.0,1728.0
Cyprus,2009,"Chillies and peppers, green (Capsicum spp. and Pimenta spp.)",904.0,4.0,1635.0
Cyprus,2010,"Chillies and peppers, green (Capsicum spp. and Pimenta spp.)",1058.0,3.0,1593.0
Cyprus,2011,"Chillies and peppers, green (Capsicum spp. and Pimenta spp.)",1213.0,1.0,1627.0
Cyprus,2012,"Chillies and peppers, green (Capsicum spp. and Pimenta spp.)",1418.0,7.0,1592.0
Cyprus,2013,"Chillies and peppers, green (Capsicum spp. and Pimenta spp.)",1499.0,4.0,1628.0
Cyprus,2014,"Chillies and peppers, green (Capsicum spp. and Pimenta spp.)",1343.1,1.8,1433.0
Cyprus,2015,"Chillies and peppers, green (Capsicum spp. and Pimenta spp.)",1352.87,30.1,1294.0
Cyprus,2016,"Chillies and peppers, green (Capsicum spp. and Pimenta spp.)",1260.83,23.59,1424.0
Cyprus,2017,"Chillies and peppers, green (Capsicum spp. and Pimenta spp.)",1249.43,1.78,1016.0
Cyprus,2018,"Chillies and peppers, green (Capsicum spp. and Pimenta spp.)",1411.49,5.14,1030.0
Cyprus,2020,"Chillies and peppers, green (Capsicum spp. and Pimenta spp.)",1649.05,0.0,1010.0
Cyprus,2021,"Chillies and peppers, green (Capsicum spp. and Pimenta spp.)",1877.94,0.0,1030.0
Cyprus,2022,"Chillies and peppers, green (Capsicum spp. and Pimenta spp.)",1888.35,0.0,1010.0
Cyprus,2023,"Chillies and peppers, green (Capsicum spp. and Pimenta spp.)",1883.03,0.0,1060.0
Czechia,1995,"Chillies and peppers, green (Capsicum spp. and Pimenta spp.)",31350.0,40.0,4985.49
Czechia,1996,"Chillies and peppers, green (Capsicum spp. and Pimenta spp.)",32134.0,37.0,5005.07
Czechia,1997,"Chillies and peppers, green (Capsicum spp. and Pimenta spp.)",28034.0,91.0,5008.09
Czechia,1998,"Chillies and peppers, green (Capsicum spp. and Pimenta spp.)",35725.0,155.0,4500.0
Czechia,1999,"Chillies and peppers, green (Capsicum spp. and Pimenta spp.)",36096.0,131.0,4800.0
Czechia,2000,"Chillies and peppers, green (Capsicum spp. and Pimenta spp.)",34675.55,102.94,4100.0
Czechia,2001,"Chillies and peppers, green (Capsicum spp. and Pimenta spp.)",38272.0,291.0,5325.0
Czechia,2002,"Chillies and peppers, green (Capsicum spp. and Pimenta spp.)",44562.0,140.0,5149.0
Czechia,2003,"Chillies and peppers, green (Capsicum spp. and Pimenta spp.)",41000.0,413.0,5275.0
Czechia,2004,"Chillies and peppers, green (Capsicum spp. and Pimenta spp.)",33974.0,1325.0,7900.0
Czechia,2005,"Chillies and peppers, green (Capsicum spp. and Pimenta spp.)",48975.0,2755.0,5758.0
Czechia,2006,"Chillies and peppers, green (Capsicum spp. and Pimenta spp.)",52515.0,3639.0,7500.0
Czechia,2007,"Chillies and peppers, green (Capsicum spp. and Pimenta spp.)",43315.0,3409.0,7000.0
Czechia,2008,"Chillies and peppers, green (Capsicum spp. and Pimenta spp.)",45120.0,4176.0,7200.0
Czechia,2009,"Chillies and peppers, green (Capsicum spp. and Pimenta spp.)",54223.0,4786.0,7161.82
Czechia,2010,"Chillies and peppers, green (Capsicum spp. and Pimenta spp.)",49198.0,5708.0,7395.64
Czechia,2011,"Chillies and peppers, green (Capsicum spp. and Pimenta spp.)",49548.0,7089.0,7640.4
Czechia,2012,"Chillies and peppers, green (Capsicum spp. and Pimenta spp.)",48242.0,6766.0,7819.3
Czechia,2014,"Chillies and peppers, green (Capsicum spp. and Pimenta spp.)",48894.79,6450.2,8362.47
Czechia,2015,"Chillies and peppers, green (Capsicum spp. and Pimenta spp.)",48317.1,6463.47,8651.89
Czechia,2017,"Chillies and peppers, green (Capsicum spp. and Pimenta spp.)",51018.57,6654.35,9182.09
Czechia,2018,"Chillies and peppers, green (Capsicum spp. and Pimenta spp.)",52861.3,5684.51,10310.0
Czechia,2019,"Chillies and peppers, green (Capsicum spp. and Pimenta spp.)",47461.3,6762.63,11330.0
Czechia,2020,"Chillies and peppers, green (Capsicum spp. and Pimenta spp.)",49671.66,7110.1,12230.0
Czechia,2021,"Chillies and peppers, green (Capsicum spp. and Pimenta spp.)",49423.43,5490.6,11400.0
Czechia,2022,"Chillies and peppers, green (Capsicum spp. and Pimenta spp.)",48856.75,5476.12,12070.0
Democratic People's Republic of Korea,2014,"Chillies and peppers, green (Capsicum spp. and Pimenta spp.)",665.25,0.0,50125.92
Democratic People's Republic of Korea,2017,"Chillies and peppers, green (Capsicum spp. and Pimenta spp.)",712.25,0.0,49742.3
Democratic People's Republic of Korea,2018,"Chillies and peppers, green (Capsicum spp. and Pimenta spp.)",576.23,0.0,49361.88
Democratic People's Republic of Korea,2019,"Chillies and peppers, green (Capsicum spp. and Pimenta spp.)",602.73,0.0,49555.63
Democratic People's Republic of Korea,2020,"Chillies and peppers, green (Capsicum spp. and Pimenta spp.)",111.87,0.0,49858.56
Democratic People's Republic of Korea,2021,"Chillies and peppers, green (Capsicum spp. and Pimenta spp.)",500.0,0.0,49642.14
Democratic People's Republic of Korea,2023,"Chillies and peppers, green (Capsicum spp. and Pimenta spp.)",16.96,0.0,49366.0
Democratic Republic of the Congo,2008,"Chillies and peppers, green (Capsicum spp. and Pimenta spp.)",54.0,0.0,0.0
Democratic Republic of the Congo,2009,"Chillies and peppers, green (Capsicum spp. and Pimenta spp.)",54.0,0.0,0.0
Democratic Republic of the Congo,2010,"Chillies and peppers, green (Capsicum spp. and Pimenta spp.)",43.0,0.0,0.0
Democratic Republic of the Congo,2011,"Chillies and peppers, green (Capsicum spp. and Pimenta spp.)",22.0,0.0,0.0
Democratic Republic of the Congo,2012,"Chillies and peppers, green (Capsicum spp. and Pimenta spp.)",16.0,0.0,0.0
Democratic Republic of the Congo,2013,"Chillies and peppers, green (Capsicum spp. and Pimenta spp.)",12.0,0.0,0.0
Democratic Republic of the Congo,2014,"Chillies and peppers, green (Capsicum spp. and Pimenta spp.)",5.83,0.06,0.0
Democratic Republic of the Congo,2016,"Chillies and peppers, green (Capsicum spp. and Pimenta spp.)",0.01,0.0,0.0
Democratic Republic of the Congo,2017,"Chillies and peppers, green (Capsicum spp. and Pimenta spp.)",4.48,0.0,0.0
Democratic Republic of the Congo,2018,"Chillies and peppers, green (Capsicum spp. and Pimenta spp.)",0.0,0.0,0.0
Democratic Republic of the Congo,2019,"Chillies and peppers, green (Capsicum spp. and Pimenta spp.)",0.44,0.0,0.0
Democratic Republic of the Congo,2022,"Chillies and peppers, green (Capsicum spp. and Pimenta spp.)",5.7,8.33,0.0
Democratic Republic of the Congo,2023,"Chillies and peppers, green (Capsicum spp. and Pimenta spp.)",6.02,0.27,0.0
Denmark,1993,"Chillies and peppers, green (Capsicum spp. and Pimenta spp.)",7335.0,247.0,0.0
Denmark,1994,"Chillies and peppers, green (Capsicum spp. and Pimenta spp.)",7231.0,259.0,0.0
Denmark,1996,"Chillies and peppers, green (Capsicum spp. and Pimenta spp.)",8995.0,205.0,0.0
Denmark,1997,"Chillies and peppers, green (Capsicum spp. and Pimenta spp.)",12600.0,188.0,0.0
Denmark,1998,"Chillies and peppers, green (Capsicum spp. and Pimenta spp.)",10479.0,167.0,0.0
Denmark,1999,"Chillies and peppers, green (Capsicum spp. and Pimenta spp.)",15782.0,161.0,0.0
Denmark,2000,"Chillies and peppers, green (Capsicum spp. and Pimenta spp.)",14833.0,138.0,0.0
Denmark,2001,"Chillies and peppers, green (Capsicum spp. and Pimenta spp.)",16368.0,223.0,0.0
Denmark,2002,"Chillies and peppers, green (Capsicum spp. and Pimenta spp.)",15810.0,259.0,0.0
Denmark,2003,"Chillies and peppers, green (Capsicum spp. and Pimenta spp.)",17199.0,364.0,0.0
Denmark,2004,"Chillies and peppers, green (Capsicum spp. and Pimenta spp.)",19251.0,550.0,0.0
Denmark,2005,"Chillies and peppers, green (Capsicum spp. and Pimenta spp.)",20570.0,470.0,0.0
Denmark,2006,"Chillies and peppers, green (Capsicum spp. and Pimenta spp.)",19751.0,344.0,0.0
Denmark,2007,"Chillies and peppers, green (Capsicum spp. and Pimenta spp.)",21156.0,442.0,0.0
Denmark,2008,"Chillies and peppers, green (Capsicum spp. and Pimenta spp.)",22477.0,778.0,0.0
Denmark,2009,"Chillies and peppers, green (Capsicum spp. and Pimenta spp.)",28810.0,693.0,0.0
Denmark,2010,"Chillies and peppers, green (Capsicum spp. and Pimenta spp.)",31216.0,998.0,0.0
Denmark,2011,"Chillies and peppers, green (Capsicum spp. and Pimenta spp.)",31378.0,1570.0,0.0
Denmark,2012,"Chillies and peppers, green (Capsicum spp. and Pimenta spp.)",26654.0,1726.0,0.0
Denmark,2013,"Chillies and peppers, green (Capsicum spp. and Pimenta spp.)",24138.0,1795.0,0.0
Denmark,2014,"Chillies and peppers, green (Capsicum spp. and Pimenta spp.)",25413.24,1676.17,0.0
Denmark,2015,"Chillies and peppers, green (Capsicum spp. and Pimenta spp.)",24025.58,1509.82,0.0
Denmark,2016,"Chillies and peppers, green (Capsicum spp. and Pimenta spp.)",22549.04,1013.85,0.0
Denmark,2017,"Chillies and peppers, green (Capsicum spp. and Pimenta spp.)",22726.58,1142.66,0.0
Denmark,2018,"Chillies and peppers, green (Capsicum spp. and Pimenta spp.)",25381.64,1291.91,0.0
Denmark,2019,"Chillies and peppers, green (Capsicum spp. and Pimenta spp.)",22526.32,1084.46,0.0
Denmark,2020,"Chillies and peppers, green (Capsicum spp. and Pimenta spp.)",23525.6,1190.99,0.0
Denmark,2021,"Chillies and peppers, green (Capsicum spp. and Pimenta spp.)",28110.07,1127.64,0.0
Denmark,2022,"Chillies and peppers, green (Capsicum spp. and Pimenta spp.)",22136.33,992.98,0.0
Denmark,2023,"Chillies and peppers, green (Capsicum spp. and Pimenta spp.)",22407.69,1355.47,0.0
Djibouti,2014,"Chillies and peppers, green (Capsicum spp. and Pimenta spp.)",19.96,0.0,11.02
Djibouti,2015,"Chillies and peppers, green (Capsicum spp. and Pimenta spp.)",30.47,0.0,11.32
Djibouti,2016,"Chillies and peppers, green (Capsicum spp. and Pimenta spp.)",25.1,0.0,11.51
Djibouti,2018,"Chillies and peppers, green (Capsicum spp. and Pimenta spp.)",2.0,0.0,11.27
Djibouti,2019,"Chillies and peppers, green (Capsicum spp. and Pimenta spp.)",5.19,0.0,14.66
Djibouti,2020,"Chillies and peppers, green (Capsicum spp. and Pimenta spp.)",1.76,0.0,15.8
Djibouti,2021,"Chillies and peppers, green (Capsicum spp. and Pimenta spp.)",2837.88,0.0,16.85
Djibouti,2022,"Chillies and peppers, green (Capsicum spp. and Pimenta spp.)",3407.46,0.0,17.46
Djibouti,2023,"Chillies and peppers, green (Capsicum spp. and Pimenta spp.)",769.47,0.0,16.01
Dominica,2001,"Chillies and peppers, green (Capsicum spp. and Pimenta spp.)",1.0,1.0,0.0
Dominica,2002,"Chillies and peppers, green (Capsicum spp. and Pimenta spp.)",1.0,1.0,0.0
Dominica,2003,"Chillies and peppers, green (Capsicum spp. and Pimenta spp.)",1.0,2.0,0.0
Dominica,2004,"Chillies and peppers, green (Capsicum spp. and Pimenta spp.)",1.0,2.0,0.0
Dominica,2005,"Chillies and peppers, green (Capsicum spp. and Pimenta spp.)",2.0,1.0,0.0
Dominica,2006,"Chillies and peppers, green (Capsicum spp. and Pimenta spp.)",1.0,2.0,0.0
Dominica,2008,"Chillies and peppers, green (Capsicum spp. and Pimenta spp.)",1.0,1.0,116.0
Dominica,2009,"Chillies and peppers, green (Capsicum spp. and Pimenta spp.)",0.0,9.0,309.0
Dominica,2011,"Chillies and peppers, green (Capsicum spp. and Pimenta spp.)",0.0,15.0,477.0
Dominica,2012,"Chillies and peppers, green (Capsicum spp. and Pimenta spp.)",4.0,0.0,616.4
Dominica,2013,"Chillies and peppers, green (Capsicum spp. and Pimenta spp.)",4.0,3.0,940.01
Dominica,2020,"Chillies and peppers, green (Capsicum spp. and Pimenta spp.)",9.21,5.89,740.41
Dominica,2021,"Chillies and peppers, green (Capsicum spp. and Pimenta spp.)",8.01,13.75,737.21
Dominica,2022,"Chillies and peppers, green (Capsicum spp. and Pimenta spp.)",7.02,29.85,748.15
Dominica,2023,"Chillies and peppers, green (Capsicum spp. and Pimenta spp.)",10.88,24.51,741.92
Dominican Republic,2014,"Chillies and peppers, green (Capsicum spp. and Pimenta spp.)",128.05,23455.01,40714.69
Dominican Republic,2015,"Chillies and peppers, green (Capsicum spp. and Pimenta spp.)",104.82,8343.56,44066.95
Dominican Republic,2016,"Chillies and peppers, green (Capsicum spp. and Pimenta spp.)",43.79,12439.42,41548.31
Dominican Republic,2017,"Chillies and peppers, green (Capsicum spp. and Pimenta spp.)",63.82,14287.05,42629.0
Dominican Republic,2018,"Chillies and peppers, green (Capsicum spp. and Pimenta spp.)",83.38,15728.42,46130.36
Dominican Republic,2019,"Chillies and peppers, green (Capsicum spp. and Pimenta spp.)",293.53,18343.43,47039.36
Dominican Republic,2020,"Chillies and peppers, green (Capsicum spp. and Pimenta spp.)",36.09,18802.85,46776.26
Dominican Republic,2023,"Chillies and peppers, green (Capsicum spp. and Pimenta spp.)",226.54,15846.61,65314.34
Ecuador,1993,"Chillies and peppers, green (Capsicum spp. and Pimenta spp.)",5.0,0.0,9546.0
Ecuador,1994,"Chillies and peppers, green (Capsicum spp. and Pimenta spp.)",1.0,0.0,8459.0
Ecuador,1995,"Chillies and peppers, green (Capsicum spp. and Pimenta spp.)",0.0,0.0,7912.0
Ecuador,1996,"Chillies and peppers, green (Capsicum spp. and Pimenta spp.)",0.0,2.0,7373.0
Ecuador,1997,"Chillies and peppers, green (Capsicum spp. and Pimenta spp.)",0.0,20.0,4798.0
Ecuador,1999,"Chillies and peppers, green (Capsicum spp. and Pimenta spp.)",0.0,1.0,9884.0
Ecuador,2000,"Chillies and peppers, green (Capsicum spp. and Pimenta spp.)",0.06,24.29,5517.0
Ecuador,2001,"Chillies and peppers, green (Capsicum spp. and Pimenta spp.)",2.0,10.0,6465.0
Ecuador,2002,"Chillies and peppers, green (Capsicum spp. and Pimenta spp.)",148.0,8.0,5904.0
Ecuador,2003,"Chillies and peppers, green (Capsicum spp. and Pimenta spp.)",63.0,18.0,6523.0
Ecuador,2004,"Chillies and peppers, green (Capsicum spp. and Pimenta spp.)",94.0,91.0,6811.0
Ecuador,2005,"Chillies and peppers, green (Capsicum spp. and Pimenta spp.)",0.0,3.0,7000.0
Ecuador,2006,"Chillies and peppers, green (Capsicum spp. and Pimenta spp.)",0.0,96.0,6500.0
Ecuador,2008,"Chillies and peppers, green (Capsicum spp. and Pimenta spp.)",0.0,64.0,7500.0
Ecuador,2009,"Chillies and peppers, green (Capsicum spp. and Pimenta spp.)",0.0,23.0,7800.0
Ecuador,2010,"Chillies and peppers, green (Capsicum spp. and Pimenta spp.)",0.0,5.0,7900.0
Ecuador,2011,"Chillies and peppers, green (Capsicum spp. and Pimenta spp.)",0.0,2.0,8000.0
Ecuador,2012,"Chillies and peppers, green (Capsicum spp. and Pimenta spp.)",0.0,3.0,8200.0
Ecuador,2013,"Chillies and peppers, green (Capsicum spp. and Pimenta spp.)",0.0,10.0,8400.0
Ecuador,2017,"Chillies and peppers, green (Capsicum spp. and Pimenta spp.)",0.05,8.98,8700.0
Ecuador,2019,"Chillies and peppers, green (Capsicum spp. and Pimenta spp.)",0.05,18.79,8223.47
Ecuador,2020,"Chillies and peppers, green (Capsicum spp. and Pimenta spp.)",1.73,7.73,8530.05
Ecuador,2021,"Chillies and peppers, green (Capsicum spp. and Pimenta spp.)",6.52,99.85,8473.39
Ecuador,2023,"Chillies and peppers, green (Capsicum spp. and Pimenta spp.)",112.79,128.29,8470.8
Egypt,2013,"Chillies and peppers, green (Capsicum spp. and Pimenta spp.)",1.0,564.0,565424.0
Egypt,2016,"Chillies and peppers, green (Capsicum spp. and Pimenta spp.)",0.43,4755.0,614273.0
Egypt,2017,"Chillies and peppers, green (Capsicum spp. and Pimenta spp.)",2.04,2593.0,676422.0
Egypt,2021,"Chillies and peppers, green (Capsicum spp. and Pimenta spp.)",0.0,4415.59,722997.0
Egypt,2023,"Chillies and peppers, green (Capsicum spp. and Pimenta spp.)",0.0,4322.42,1065143.26
El Salvador,1993,"Chillies and peppers, green (Capsicum spp. and Pimenta spp.)",51.0,0.0,2100.0
El Salvador,1995,"Chillies and peppers, green (Capsicum spp. and Pimenta spp.)",55.0,0.0,2300.0
El Salvador,1996,"Chillies and peppers, green (Capsicum spp. and Pimenta spp.)",19.0,24.0,2300.0
El Salvador,1997,"Chillies and peppers, green (Capsicum spp. and Pimenta spp.)",12.0,0.0,2400.0
El Salvador,1998,"Chillies and peppers, green (Capsicum spp. and Pimenta spp.)",482.0,0.0,2800.0
El Salvador,1999,"Chillies and peppers, green (Capsicum spp. and Pimenta spp.)",1360.0,0.0,3088.0
El Salvador,2000,"Chillies and peppers, green (Capsicum spp. and Pimenta spp.)",3810.78,0.0,3676.0
El Salvador,2001,"Chillies and peppers, green (Capsicum spp. and Pimenta spp.)",4768.0,2.0,3800.0
El Salvador,2002,"Chillies and peppers, green (Capsicum spp. and Pimenta spp.)",6269.0,5.0,3800.0
El Salvador,2003,"Chillies and peppers, green (Capsicum spp. and Pimenta spp.)",6528.0,0.0,11818.0
El Salvador,2004,"Chillies and peppers, green (Capsicum spp. and Pimenta spp.)",9099.0,1149.0,10814.0
El Salvador,2005,"Chillies and peppers, green (Capsicum spp. and Pimenta spp.)",7161.0,396.0,11479.0
El Salvador,2006,"Chillies and peppers, green (Capsicum spp. and Pimenta spp.)",10010.0,202.0,16185.0
El Salvador,2007,"Chillies and peppers, green (Capsicum spp. and Pimenta spp.)",11022.0,1240.0,17390.0
El Salvador,2008,"Chillies and peppers, green (Capsicum spp. and Pimenta spp.)",11340.0,1375.0,19304.0
El Salvador,2009,"Chillies and peppers, green (Capsicum spp. and Pimenta spp.)",12237.0,1175.0,4668.0
El Salvador,2010,"Chillies and peppers, green (Capsicum spp. and Pimenta spp.)",10589.0,1211.0,4668.0
El Salvador,2011,"Chillies and peppers, green (Capsicum spp. and Pimenta spp.)",10231.0,2600.0,1918.0
El Salvador,2012,"Chillies and peppers, green (Capsicum spp. and Pimenta spp.)",11196.0,2490.0,2589.0
El Salvador,2013,"Chillies and peppers, green (Capsicum spp. and Pimenta spp.)",9029.0,2769.0,5557.0
El Salvador,2014,"Chillies and peppers, green (Capsicum spp. and Pimenta spp.)",7359.51,1887.11,5845.0
El Salvador,2015,"Chillies and peppers, green (Capsicum spp. and Pimenta spp.)",7565.43,1709.77,5666.0
El Salvador,2016,"Chillies and peppers, green (Capsicum spp. and Pimenta spp.)",9074.21,1780.38,9175.0
El Salvador,2017,"Chillies and peppers, green (Capsicum spp. and Pimenta spp.)",10431.64,1573.79,10192.55
El Salvador,2018,"Chillies and peppers, green (Capsicum spp. and Pimenta spp.)",11289.14,1551.56,7187.41
El Salvador,2019,"Chillies and peppers, green (Capsicum spp. and Pimenta spp.)",12291.53,1215.61,11850.0
El Salvador,2020,"Chillies and peppers, green (Capsicum spp. and Pimenta spp.)",14335.42,1360.59,7832.18
El Salvador,2021,"Chillies and peppers, green (Capsicum spp. and Pimenta spp.)",13910.36,1916.34,15116.47
El Salvador,2022,"Chillies and peppers, green (Capsicum spp. and Pimenta spp.)",11555.91,1611.47,12823.0
El Salvador,2023,"Chillies and peppers, green (Capsicum spp. and Pimenta spp.)",12272.12,1342.61,12921.44
Equatorial Guinea,2014,"Chillies and peppers, green (Capsicum spp. and Pimenta spp.)",17.89,0.0,0.0
Equatorial Guinea,2015,"Chillies and peppers, green (Capsicum spp. and Pimenta spp.)",19.99,0.0,0.0
Equatorial Guinea,2016,"Chillies and peppers, green (Capsicum spp. and Pimenta spp.)",13.38,0.0,0.0
Equatorial Guinea,2017,"Chillies and peppers, green (Capsicum spp. and Pimenta spp.)",13.43,0.0,0.0
Equatorial Guinea,2018,"Chillies and peppers, green (Capsicum spp. and Pimenta spp.)",24.98,0.0,0.0
Equatorial Guinea,2019,"Chillies and peppers, green (Capsicum spp. and Pimenta spp.)",14.25,0.0,0.0
Equatorial Guinea,2020,"Chillies and peppers, green (Capsicum spp. and Pimenta spp.)",17.43,0.0,0.0
Equatorial Guinea,2021,"Chillies and peppers, green (Capsicum spp. and Pimenta spp.)",39.1,0.0,0.0
Equatorial Guinea,2023,"Chillies and peppers, green (Capsicum spp. and Pimenta spp.)",35.74,0.15,0.0
Eritrea,2018,"Chillies and peppers, green (Capsicum spp. and Pimenta spp.)",0.1,0.0,0.0
Estonia,1993,"Chillies and peppers, green (Capsicum spp. and Pimenta spp.)",198.0,9.0,0.0
Estonia,1994,"Chillies and peppers, green (Capsicum spp. and Pimenta spp.)",201.0,2.0,0.0
Estonia,1995,"Chillies and peppers, green (Capsicum spp. and Pimenta spp.)",529.0,0.0,0.0
Estonia,1996,"Chillies and peppers, green (Capsicum spp. and Pimenta spp.)",567.0,16.0,0.0
Estonia,1997,"Chillies and peppers, green (Capsicum spp. and Pimenta spp.)",685.0,12.0,0.0
Estonia,1998,"Chillies and peppers, green (Capsicum spp. and Pimenta spp.)",1131.0,36.0,0.0
Estonia,1999,"Chillies and peppers, green (Capsicum spp. and Pimenta spp.)",1315.0,1.0,0.0
Estonia,2000,"Chillies and peppers, green (Capsicum spp. and Pimenta spp.)",1227.0,5.0,0.0
Estonia,2001,"Chillies and peppers, green (Capsicum spp. and Pimenta spp.)",1554.0,25.0,0.0
Estonia,2002,"Chillies and peppers, green (Capsicum spp. and Pimenta spp.)",1818.0,11.0,0.0
Estonia,2003,"Chillies and peppers, green (Capsicum spp. and Pimenta spp.)",1731.0,10.0,0.0
Estonia,2006,"Chillies and peppers, green (Capsicum spp. and Pimenta spp.)",1702.0,66.0,0.0
Estonia,2007,"Chillies and peppers, green (Capsicum spp. and Pimenta spp.)",1618.0,40.0,0.0
Estonia,2008,"Chillies and peppers, green (Capsicum spp. and Pimenta spp.)",1358.0,0.0,0.0
Estonia,2009,"Chillies and peppers, green (Capsicum spp. and Pimenta spp.)",1761.0,4.0,0.0
Estonia,2010,"Chillies and peppers, green (Capsicum spp. and Pimenta spp.)",2076.0,9.0,0.0
Estonia,2011,"Chillies and peppers, green (Capsicum spp. and Pimenta spp.)",2326.0,17.0,0.0
Estonia,2012,"Chillies and peppers, green (Capsicum spp. and Pimenta spp.)",2376.0,10.0,0.0
Estonia,2013,"Chillies and peppers, green (Capsicum spp. and Pimenta spp.)",2371.0,10.0,0.0
Estonia,2014,"Chillies and peppers, green (Capsicum spp. and Pimenta spp.)",2964.5,6.41,0.0
Estonia,2015,"Chillies and peppers, green (Capsicum spp. and Pimenta spp.)",3215.5,18.37,0.0
Estonia,2016,"Chillies and peppers, green (Capsicum spp. and Pimenta spp.)",3405.24,12.07,0.0
Estonia,2017,"Chillies and peppers, green (Capsicum spp. and Pimenta spp.)",3502.0,14.18,0.0
Estonia,2018,"Chillies and peppers, green (Capsicum spp. and Pimenta spp.)",4182.75,19.68,0.0
Estonia,2019,"Chillies and peppers, green (Capsicum spp. and Pimenta spp.)",4083.73,22.64,0.0
Estonia,2020,"Chillies and peppers, green (Capsicum spp. and Pimenta spp.)",3895.94,23.31,0.0
Estonia,2022,"Chillies and peppers, green (Capsicum spp. and Pimenta spp.)",3990.17,26.08,0.0
Estonia,2023,"Chillies and peppers, green (Capsicum spp. and Pimenta spp.)",4284.21,24.3,0.0
Eswatini,1997,"Chillies and peppers, green (Capsicum spp. and Pimenta spp.)",4.0,0.0,0.0
Eswatini,1998,"Chillies and peppers, green (Capsicum spp. and Pimenta spp.)",16.0,0.0,0.0
Eswatini,1999,"Chillies and peppers, green (Capsicum spp. and Pimenta spp.)",20.0,0.0,0.0
Eswatini,2001,"Chillies and peppers, green (Capsicum spp. and Pimenta spp.)",60.0,0.0,0.0
Eswatini,2002,"Chillies and peppers, green (Capsicum spp. and Pimenta spp.)",2.0,0.0,0.0
Eswatini,2003,"Chillies and peppers, green (Capsicum spp. and Pimenta spp.)",7.0,0.0,0.0
Eswatini,2004,"Chillies and peppers, green (Capsicum spp. and Pimenta spp.)",3.0,2.0,0.0
Eswatini,2005,"Chillies and peppers, green (Capsicum spp. and Pimenta spp.)",18.0,3.0,0.0
Eswatini,2006,"Chillies and peppers, green (Capsicum spp. and Pimenta spp.)",12.0,0.0,0.0
Eswatini,2007,"Chillies and peppers, green (Capsicum spp. and Pimenta spp.)",1.0,1.0,0.0
Eswatini,2008,"Chillies and peppers, green (Capsicum spp. and Pimenta spp.)",1.0,1.0,0.0
Eswatini,2009,"Chillies and peppers, green (Capsicum spp. and Pimenta spp.)",1.0,1.0,0.0
Eswatini,2010,"Chillies and peppers, green (Capsicum spp. and Pimenta spp.)",0.0,0.0,0.0
Eswatini,2011,"Chillies and peppers, green (Capsicum spp. and Pimenta spp.)",14.0,0.0,0.0
Eswatini,2012,"Chillies and peppers, green (Capsicum spp. and Pimenta spp.)",14.0,9.0,0.0
Eswatini,2014,"Chillies and peppers, green (Capsicum spp. and Pimenta spp.)",238.4,14.09,0.0
Eswatini,2015,"Chillies and peppers, green (Capsicum spp. and Pimenta spp.)",96.86,11.04,0.0
Eswatini,2016,"Chillies and peppers, green (Capsicum spp. and Pimenta spp.)",342.63,19.32,0.0
Eswatini,2017,"Chillies and peppers, green (Capsicum spp. and Pimenta spp.)",491.72,5.54,0.0
Eswatini,2018,"Chillies and peppers, green (Capsicum spp. and Pimenta spp.)",449.76,13.86,0.0
Eswatini,2019,"Chillies and peppers, green (Capsicum spp. and Pimenta spp.)",548.28,5.17,0.0
Eswatini,2020,"Chillies and peppers, green (Capsicum spp. and Pimenta spp.)",455.77,23.09,0.0
Eswatini,2021,"Chillies and peppers, green (Capsicum spp. and Pimenta spp.)",499.15,27.17,0.0
Eswatini,2022,"Chillies and peppers, green (Capsicum spp. and Pimenta spp.)",549.14,18.05,0.0
Ethiopia,2009,"Chillies and peppers, green (Capsicum spp. and Pimenta spp.)",0.0,0.0,220791.0
Ethiopia,2010,"Chillies and peppers, green (Capsicum spp. and Pimenta spp.)",0.0,0.0,267645.0
Ethiopia,2011,"Chillies and peppers, green (Capsicum spp. and Pimenta spp.)",0.0,0.0,305221.0
Ethiopia,2012,"Chillies and peppers, green (Capsicum spp. and Pimenta spp.)",0.0,0.0,402109.0
Ethiopia,2013,"Chillies and peppers, green (Capsicum spp. and Pimenta spp.)",0.0,0.0,295438.0
Ethiopia,2014,"Chillies and peppers, green (Capsicum spp. and Pimenta spp.)",0.11,0.0,207558.0
Ethiopia,2015,"Chillies and peppers, green (Capsicum spp. and Pimenta spp.)",0.0,0.0,50545.03
Ethiopia,2017,"Chillies and peppers, green (Capsicum spp. and Pimenta spp.)",0.4,0.0,63240.45
Ethiopia,2019,"Chillies and peppers, green (Capsicum spp. and Pimenta spp.)",0.23,0.0,67203.44
Ethiopia,2020,"Chillies and peppers, green (Capsicum spp. and Pimenta spp.)",0.35,0.0,74007.0
Ethiopia,2021,"Chillies and peppers, green (Capsicum spp. and Pimenta spp.)",0.39,0.0,66147.0
Ethiopia,2022,"Chillies and peppers, green (Capsicum spp. and Pimenta spp.)",0.12,0.26,59924.79
Faroe Islands,1993,"Chillies and peppers, green (Capsicum spp. and Pimenta spp.)",24.0,0.0,0.0
Faroe Islands,1994,"Chillies and peppers, green (Capsicum spp. and Pimenta spp.)",26.0,0.0,0.0
Faroe Islands,1995,"Chillies and peppers, green (Capsicum spp. and Pimenta spp.)",39.0,0.0,0.0
Faroe Islands,1996,"Chillies and peppers, green (Capsicum spp. and Pimenta spp.)",42.0,0.0,0.0
Faroe Islands,1997,"Chillies and peppers, green (Capsicum spp. and Pimenta spp.)",47.0,0.0,0.0
Faroe Islands,1998,"Chillies and peppers, green (Capsicum spp. and Pimenta spp.)",55.0,0.0,0.0
Faroe Islands,1999,"Chillies and peppers, green (Capsicum spp. and Pimenta spp.)",65.0,0.0,0.0
Faroe Islands,2000,"Chillies and peppers, green (Capsicum spp. and Pimenta spp.)",67.0,0.0,0.0
Faroe Islands,2001,"Chillies and peppers, green (Capsicum spp. and Pimenta spp.)",60.0,0.0,0.0
Faroe Islands,2002,"Chillies and peppers, green (Capsicum spp. and Pimenta spp.)",50.0,0.0,0.0
Faroe Islands,2003,"Chillies and peppers, green (Capsicum spp. and Pimenta spp.)",44.0,0.0,0.0
Faroe Islands,2004,"Chillies and peppers, green (Capsicum spp. and Pimenta spp.)",93.0,0.0,0.0
Faroe Islands,2005,"Chillies and peppers, green (Capsicum spp. and Pimenta spp.)",113.0,0.0,0.0
Faroe Islands,2006,"Chillies and peppers, green (Capsicum spp. and Pimenta spp.)",103.0,0.0,0.0
Faroe Islands,2007,"Chillies and peppers, green (Capsicum spp. and Pimenta spp.)",121.0,0.0,0.0
Faroe Islands,2008,"Chillies and peppers, green (Capsicum spp. and Pimenta spp.)",113.0,0.0,0.0
Faroe Islands,2009,"Chillies and peppers, green (Capsicum spp. and Pimenta spp.)",133.0,0.0,0.0
Faroe Islands,2010,"Chillies and peppers, green (Capsicum spp. and Pimenta spp.)",107.0,0.0,0.0
Faroe Islands,2011,"Chillies and peppers, green (Capsicum spp. and Pimenta spp.)",110.0,0.0,0.0
Faroe Islands,2012,"Chillies and peppers, green (Capsicum spp. and Pimenta spp.)",81.0,0.0,0.0
Faroe Islands,2013,"Chillies and peppers, green (Capsicum spp. and Pimenta spp.)",70.0,0.0,0.0
Faroe Islands,2014,"Chillies and peppers, green (Capsicum spp. and Pimenta spp.)",68.9,0.0,0.0
Faroe Islands,2015,"Chillies and peppers, green (Capsicum spp. and Pimenta spp.)",117.8,0.0,0.0
Faroe Islands,2016,"Chillies and peppers, green (Capsicum spp. and Pimenta spp.)",128.8,0.0,0.0
Faroe Islands,2017,"Chillies and peppers, green (Capsicum spp. and Pimenta spp.)",139.39,0.0,0.0
Faroe Islands,2018,"Chillies and peppers, green (Capsicum spp. and Pimenta spp.)",208.36,0.0,0.0
Faroe Islands,2019,"Chillies and peppers, green (Capsicum spp. and Pimenta spp.)",191.08,0.0,0.0
Faroe Islands,2020,"Chillies and peppers, green (Capsicum spp. and Pimenta spp.)",164.75,0.0,0.0
Faroe Islands,2021,"Chillies and peppers, green (Capsicum spp. and Pimenta spp.)",159.41,0.0,0.0
Faroe Islands,2022,"Chillies and peppers, green (Capsicum spp. and Pimenta spp.)",150.53,0.0,0.0
Faroe Islands,2023,"Chillies and peppers, green (Capsicum spp. and Pimenta spp.)",152.64,0.0,0.0
Fiji,1994,"Chillies and peppers, green (Capsicum spp. and Pimenta spp.)",24.0,1.0,310.0
Fiji,1995,"Chillies and peppers, green (Capsicum spp. and Pimenta spp.)",17.0,1.0,400.0
Fiji,1996,"Chillies and peppers, green (Capsicum spp. and Pimenta spp.)",20.0,1.0,500.0
Fiji,1997,"Chillies and peppers, green (Capsicum spp. and Pimenta spp.)",5.0,1.0,570.0
Fiji,1998,"Chillies and peppers, green (Capsicum spp. and Pimenta spp.)",3.0,1.0,642.0
Fiji,1999,"Chillies and peppers, green (Capsicum spp. and Pimenta spp.)",24.0,1.0,700.0
Fiji,2001,"Chillies and peppers, green (Capsicum spp. and Pimenta spp.)",0.0,0.0,890.88
Fiji,2002,"Chillies and peppers, green (Capsicum spp. and Pimenta spp.)",0.0,2.0,999.27
Fiji,2003,"Chillies and peppers, green (Capsicum spp. and Pimenta spp.)",92.0,0.0,1112.19
Fiji,2004,"Chillies and peppers, green (Capsicum spp. and Pimenta spp.)",116.0,0.0,1423.99
Fiji,2005,"Chillies and peppers, green (Capsicum spp. and Pimenta spp.)",165.0,0.0,1561.18
Fiji,2006,"Chillies and peppers, green (Capsicum spp. and Pimenta spp.)",207.0,0.0,3072.65
Fiji,2007,"Chillies and peppers, green (Capsicum spp. and Pimenta spp.)",147.0,1.0,3077.79
Fiji,2008,"Chillies and peppers, green (Capsicum spp. and Pimenta spp.)",134.0,3.0,2842.09
Fiji,2009,"Chillies and peppers, green (Capsicum spp. and Pimenta spp.)",105.0,2.0,2586.28
Fiji,2010,"Chillies and peppers, green (Capsicum spp. and Pimenta spp.)",41.0,51.0,2279.0
Fiji,2011,"Chillies and peppers, green (Capsicum spp. and Pimenta spp.)",35.0,178.0,1953.0
Fiji,2013,"Chillies and peppers, green (Capsicum spp. and Pimenta spp.)",108.0,40.0,357.17
Fiji,2014,"Chillies and peppers, green (Capsicum spp. and Pimenta spp.)",175.58,58.22,77.01
Fiji,2015,"Chillies and peppers, green (Capsicum spp. and Pimenta spp.)",188.16,76.5,135.38
Fiji,2016,"Chillies and peppers, green (Capsicum spp. and Pimenta spp.)",260.74,52.46,115.0
Fiji,2017,"Chillies and peppers, green (Capsicum spp. and Pimenta spp.)",287.78,57.02,134.5
Fiji,2018,"Chillies and peppers, green (Capsicum spp. and Pimenta spp.)",366.25,42.84,251.0
Fiji,2019,"Chillies and peppers, green (Capsicum spp. and Pimenta spp.)",387.96,39.25,263.43
Fiji,2020,"Chillies and peppers, green (Capsicum spp. and Pimenta spp.)",226.81,42.47,774.43
Fiji,2021,"Chillies and peppers, green (Capsicum spp. and Pimenta spp.)",245.66,40.89,1641.27
Fiji,2023,"Chillies and peppers, green (Capsicum spp. and Pimenta spp.)",322.1,41.39,2501.3
Finland,1993,"Chillies and peppers, green (Capsicum spp. and Pimenta spp.)",6380.0,239.0,8.0
Finland,1994,"Chillies and peppers, green (Capsicum spp. and Pimenta spp.)",6585.0,632.0,8.0
Finland,1996,"Chillies and peppers, green (Capsicum spp. and Pimenta spp.)",7029.0,99.0,45.0
Finland,1997,"Chillies and peppers, green (Capsicum spp. and Pimenta spp.)",7372.0,70.0,16.0
Finland,1998,"Chillies and peppers, green (Capsicum spp. and Pimenta spp.)",7035.0,60.0,26.0
Finland,1999,"Chillies and peppers, green (Capsicum spp. and Pimenta spp.)",7465.0,22.0,54.0
Finland,2000,"Chillies and peppers, green (Capsicum spp. and Pimenta spp.)",6671.0,12.0,131.0
Finland,2001,"Chillies and peppers, green (Capsicum spp. and Pimenta spp.)",7857.0,27.0,423.0
Finland,2002,"Chillies and peppers, green (Capsicum spp. and Pimenta spp.)",8852.0,26.0,688.0
Finland,2003,"Chillies and peppers, green (Capsicum spp. and Pimenta spp.)",8801.0,17.0,689.0
Finland,2004,"Chillies and peppers, green (Capsicum spp. and Pimenta spp.)",8500.0,11.0,790.0
Finland,2005,"Chillies and peppers, green (Capsicum spp. and Pimenta spp.)",9384.0,5.0,986.0
Finland,2006,"Chillies and peppers, green (Capsicum spp. and Pimenta spp.)",10172.0,1.0,848.0
Finland,2007,"Chillies and peppers, green (Capsicum spp. and Pimenta spp.)",10345.0,76.0,658.0
Finland,2008,"Chillies and peppers, green (Capsicum spp. and Pimenta spp.)",11331.0,108.0,616.0
Finland,2009,"Chillies and peppers, green (Capsicum spp. and Pimenta spp.)",11728.0,108.0,895.0
Finland,2010,"Chillies and peppers, green (Capsicum spp. and Pimenta spp.)",12283.0,1.0,771.0
Finland,2011,"Chillies and peppers, green (Capsicum spp. and Pimenta spp.)",13549.0,2.0,720.0
Finland,2012,"Chillies and peppers, green (Capsicum spp. and Pimenta spp.)",14383.0,2.0,712.0
Finland,2013,"Chillies and peppers, green (Capsicum spp. and Pimenta spp.)",14417.0,11.0,613.0
Finland,2014,"Chillies and peppers, green (Capsicum spp. and Pimenta spp.)",15360.1,21.0,520.0
Finland,2015,"Chillies and peppers, green (Capsicum spp. and Pimenta spp.)",15221.13,28.97,487.0
Finland,2016,"Chillies and peppers, green (Capsicum spp. and Pimenta spp.)",15703.49,31.38,641.0
Finland,2017,"Chillies and peppers, green (Capsicum spp. and Pimenta spp.)",15700.21,38.96,1016.0
Finland,2018,"Chillies and peppers, green (Capsicum spp. and Pimenta spp.)",16116.49,60.88,1060.0
Finland,2019,"Chillies and peppers, green (Capsicum spp. and Pimenta spp.)",16301.9,79.67,1020.0
Finland,2020,"Chillies and peppers, green (Capsicum spp. and Pimenta spp.)",16677.78,52.42,1190.0
Finland,2021,"Chillies and peppers, green (Capsicum spp. and Pimenta spp.)",16433.29,37.2,1140.0
Finland,2022,"Chillies and peppers, green (Capsicum spp. and Pimenta spp.)",15233.89,26.88,1340.0
Finland,2023,"Chillies and peppers, green (Capsicum spp. and Pimenta spp.)",14711.53,49.83,1610.0
France,1993,"Chillies and peppers, green (Capsicum spp. and Pimenta spp.)",68194.0,8604.0,24457.7
France,1994,"Chillies and peppers, green (Capsicum spp. and Pimenta spp.)",72177.0,8466.0,24347.1
France,1995,"Chillies and peppers, green (Capsicum spp. and Pimenta spp.)",71235.0,7176.0,26125.6
France,1996,"Chillies and peppers, green (Capsicum spp. and Pimenta spp.)",75827.0,9122.0,26009.4
France,1997,"Chillies and peppers, green (Capsicum spp. and Pimenta spp.)",87038.0,11934.0,23881.6
France,1998,"Chillies and peppers, green (Capsicum spp. and Pimenta spp.)",98294.0,19273.0,21854.7
France,1999,"Chillies and peppers, green (Capsicum spp. and Pimenta spp.)",102935.0,22121.0,18667.1
France,2000,"Chillies and peppers, green (Capsicum spp. and Pimenta spp.)",99359.0,23877.0,20230.0
France,2001,"Chillies and peppers, green (Capsicum spp. and Pimenta spp.)",110871.0,26984.0,23325.9
France,2003,"Chillies and peppers, green (Capsicum spp. and Pimenta spp.)",115965.0,25027.0,27065.2
France,2004,"Chillies and peppers, green (Capsicum spp. and Pimenta spp.)",119306.0,26157.0,25314.0
France,2005,"Chillies and peppers, green (Capsicum spp. and Pimenta spp.)",131801.0,23181.0,23661.0
France,2006,"Chillies and peppers, green (Capsicum spp. and Pimenta spp.)",140311.0,40081.0,20775.6
France,2007,"Chillies and peppers, green (Capsicum spp. and Pimenta spp.)",135080.0,41391.0,19070.5
France,2008,"Chillies and peppers, green (Capsicum spp. and Pimenta spp.)",135080.0,46717.0,21632.1
France,2009,"Chillies and peppers, green (Capsicum spp. and Pimenta spp.)",122591.0,23946.0,21523.9
France,2010,"Chillies and peppers, green (Capsicum spp. and Pimenta spp.)",124661.0,28764.0,18136.7
France,2011,"Chillies and peppers, green (Capsicum spp. and Pimenta spp.)",136731.0,32381.0,17334.0
France,2012,"Chillies and peppers, green (Capsicum spp. and Pimenta spp.)",147887.0,32973.0,17340.1
France,2013,"Chillies and peppers, green (Capsicum spp. and Pimenta spp.)",150187.0,36815.0,20987.0
France,2014,"Chillies and peppers, green (Capsicum spp. and Pimenta spp.)",153482.14,41427.77,22969.0
France,2015,"Chillies and peppers, green (Capsicum spp. and Pimenta spp.)",154678.07,43079.17,21841.0
France,2017,"Chillies and peppers, green (Capsicum spp. and Pimenta spp.)",162604.79,42072.61,29613.6
France,2018,"Chillies and peppers, green (Capsicum spp. and Pimenta spp.)",171373.36,45371.52,31610.0
France,2019,"Chillies and peppers, green (Capsicum spp. and Pimenta spp.)",166259.25,44733.9,31780.0
France,2021,"Chillies and peppers, green (Capsicum spp. and Pimenta spp.)",185518.1,51938.18,30680.0
France,2022,"Chillies and peppers, green (Capsicum spp. and Pimenta spp.)",188491.61,51723.42,26440.0
French Polynesia,1993,"Chillies and peppers, green (Capsicum spp. and Pimenta spp.)",47.0,0.0,170.0
French Polynesia,1994,"Chillies and peppers, green (Capsicum spp. and Pimenta spp.)",2.0,0.0,155.0
French Polynesia,1995,"Chillies and peppers, green (Capsicum spp. and Pimenta spp.)",6.0,0.0,160.0
French Polynesia,1996,"Chillies and peppers, green (Capsicum spp. and Pimenta spp.)",20.0,0.0,180.0
French Polynesia,1997,"Chillies and peppers, green (Capsicum spp. and Pimenta spp.)",1.0,0.0,218.0
French Polynesia,1998,"Chillies and peppers, green (Capsicum spp. and Pimenta spp.)",7.0,0.0,164.0
French Polynesia,1999,"Chillies and peppers, green (Capsicum spp. and Pimenta spp.)",15.0,0.0,200.0
French Polynesia,2000,"Chillies and peppers, green (Capsicum spp. and Pimenta spp.)",2.0,0.0,220.0
French Polynesia,2001,"Chillies and peppers, green (Capsicum spp. and Pimenta spp.)",10.0,0.0,213.75
French Polynesia,2002,"Chillies and peppers, green (Capsicum spp. and Pimenta spp.)",17.0,0.0,204.22
French Polynesia,2003,"Chillies and peppers, green (Capsicum spp. and Pimenta spp.)",36.0,0.0,202.78
French Polynesia,2004,"Chillies and peppers, green (Capsicum spp. and Pimenta spp.)",11.0,0.0,210.0
French Polynesia,2005,"Chillies and peppers, green (Capsicum spp. and Pimenta spp.)",26.0,0.0,194.19
French Polynesia,2006,"Chillies and peppers, green (Capsicum spp. and Pimenta spp.)",19.0,0.0,186.89
French Polynesia,2007,"Chillies and peppers, green (Capsicum spp. and Pimenta spp.)",27.0,0.0,180.0
French Polynesia,2008,"Chillies and peppers, green (Capsicum spp. and Pimenta spp.)",28.0,0.0,160.0
French Polynesia,2009,"Chillies and peppers, green (Capsicum spp. and Pimenta spp.)",42.0,0.0,150.0
French Polynesia,2010,"Chillies and peppers, green (Capsicum spp. and Pimenta spp.)",58.0,0.0,150.0
French Polynesia,2011,"Chillies and peppers, green (Capsicum spp. and Pimenta spp.)",47.0,0.0,150.0
French Polynesia,2012,"Chillies and peppers, green (Capsicum spp. and Pimenta spp.)",72.0,0.0,172.75
French Polynesia,2013,"Chillies and peppers, green (Capsicum spp. and Pimenta spp.)",74.0,0.0,191.44
French Polynesia,2014,"Chillies and peppers, green (Capsicum spp. and Pimenta spp.)",88.82,0.0,189.39
French Polynesia,2015,"Chillies and peppers, green (Capsicum spp. and Pimenta spp.)",60.08,0.0,154.53
French Polynesia,2016,"Chillies and peppers, green (Capsicum spp. and Pimenta spp.)",117.64,0.0,178.45
French Polynesia,2017,"Chillies and peppers, green (Capsicum spp. and Pimenta spp.)",111.95,0.0,181.01
French Polynesia,2018,"Chillies and peppers, green (Capsicum spp. and Pimenta spp.)",166.68,0.0,171.33
French Polynesia,2019,"Chillies and peppers, green (Capsicum spp. and Pimenta spp.)",148.3,0.0,175.07
French Polynesia,2020,"Chillies and peppers, green (Capsicum spp. and Pimenta spp.)",97.27,0.0,180.01
French Polynesia,2021,"Chillies and peppers, green (Capsicum spp. and Pimenta spp.)",71.72,0.0,180.64
French Polynesia,2022,"Chillies and peppers, green (Capsicum spp. and Pimenta spp.)",78.97,0.0,181.77
French Polynesia,2023,"Chillies and peppers, green (Capsicum spp. and Pimenta spp.)",78.33,0.0,183.23
Gabon,1993,"Chillies and peppers, green (Capsicum spp. and Pimenta spp.)",1.0,0.0,0.0
Gabon,1994,"Chillies and peppers, green (Capsicum spp. and Pimenta spp.)",1.0,0.0,0.0
Gabon,1995,"Chillies and peppers, green (Capsicum spp. and Pimenta spp.)",1.0,0.0,0.0
Gabon,1996,"Chillies and peppers, green (Capsicum spp. and Pimenta spp.)",1.0,0.0,0.0
Gabon,1997,"Chillies and peppers, green (Capsicum spp. and Pimenta spp.)",11.0,0.0,0.0
Gabon,1998,"Chillies and peppers, green (Capsicum spp. and Pimenta spp.)",9.0,0.0,0.0
Gabon,1999,"Chillies and peppers, green (Capsicum spp. and Pimenta spp.)",2.0,0.0,0.0
Gabon,2000,"Chillies and peppers, green (Capsicum spp. and Pimenta spp.)",4.0,0.0,0.0
Gabon,2001,"Chillies and peppers, green (Capsicum spp. and Pimenta spp.)",5.0,0.0,49.0
Gabon,2002,"Chillies and peppers, green (Capsicum spp. and Pimenta spp.)",1.0,0.0,52.0
Gabon,2003,"Chillies and peppers, green (Capsicum spp. and Pimenta spp.)",6.0,0.0,45.0
Gabon,2004,"Chillies and peppers, green (Capsicum spp. and Pimenta spp.)",3.0,0.0,49.0
Gabon,2005,"Chillies and peppers, green (Capsicum spp. and Pimenta spp.)",8.0,0.0,49.0
Gabon,2006,"Chillies and peppers, green (Capsicum spp. and Pimenta spp.)",1.0,0.0,48.18
Gabon,2007,"Chillies and peppers, green (Capsicum spp. and Pimenta spp.)",1.0,0.0,48.18
Gabon,2008,"Chillies and peppers, green (Capsicum spp. and Pimenta spp.)",4.0,0.0,48.32
Gabon,2009,"Chillies and peppers, green (Capsicum spp. and Pimenta spp.)",4.0,0.0,48.29
Gabon,2010,"Chillies and peppers, green (Capsicum spp. and Pimenta spp.)",4.0,0.0,48.26
Gabon,2011,"Chillies and peppers, green (Capsicum spp. and Pimenta spp.)",0.0,0.0,48.23
Gabon,2012,"Chillies and peppers, green (Capsicum spp. and Pimenta spp.)",0.0,0.0,48.21
Gabon,2013,"Chillies and peppers, green (Capsicum spp. and Pimenta spp.)",0.0,0.0,48.18
Gabon,2014,"Chillies and peppers, green (Capsicum spp. and Pimenta spp.)",0.15,0.0,48.15
Gabon,2015,"Chillies and peppers, green (Capsicum spp. and Pimenta spp.)",0.02,0.0,48.13
Gabon,2016,"Chillies and peppers, green (Capsicum spp. and Pimenta spp.)",0.01,0.0,48.1
Gabon,2017,"Chillies and peppers, green (Capsicum spp. and Pimenta spp.)",1.26,0.0,48.07
Gabon,2018,"Chillies and peppers, green (Capsicum spp. and Pimenta spp.)",3.85,0.0,48.1
Gabon,2020,"Chillies and peppers, green (Capsicum spp. and Pimenta spp.)",11.89,0.0,48.11
Gabon,2021,"Chillies and peppers, green (Capsicum spp. and Pimenta spp.)",4.88,0.05,48.17
Gabon,2022,"Chillies and peppers, green (Capsicum spp. and Pimenta spp.)",14.96,0.04,48.16
Gabon,2023,"Chillies and peppers, green (Capsicum spp. and Pimenta spp.)",9.09,0.0,48.15
Gambia,2014,"Chillies and peppers, green (Capsicum spp. and Pimenta spp.)",0.33,0.0,0.0
Gambia,2016,"Chillies and peppers, green (Capsicum spp. and Pimenta spp.)",0.06,0.0,0.0
Gambia,2020,"Chillies and peppers, green (Capsicum spp. and Pimenta spp.)",18.0,20.16,0.0
Gambia,2022,"Chillies and peppers, green (Capsicum spp. and Pimenta spp.)",57.19,253.65,0.0
Gambia,2023,"Chillies and peppers, green (Capsicum spp. and Pimenta spp.)",75.83,340.18,0.0
Georgia,2002,"Chillies and peppers, green (Capsicum spp. and Pimenta spp.)",40.0,0.0,0.0
Georgia,2003,"Chillies and peppers, green (Capsicum spp. and Pimenta spp.)",77.0,0.0,0.0
Georgia,2004,"Chillies and peppers, green (Capsicum spp. and Pimenta spp.)",203.0,0.0,28000.0
Georgia,2005,"Chillies and peppers, green (Capsicum spp. and Pimenta spp.)",141.0,1.0,31000.0
Georgia,2006,"Chillies and peppers, green (Capsicum spp. and Pimenta spp.)",505.0,2.0,4600.0
Georgia,2007,"Chillies and peppers, green (Capsicum spp. and Pimenta spp.)",614.0,2.0,4300.0
Georgia,2008,"Chillies and peppers, green (Capsicum spp. and Pimenta spp.)",748.0,0.0,5800.0
Georgia,2009,"Chillies and peppers, green (Capsicum spp. and Pimenta spp.)",862.0,0.0,3200.0
Georgia,2010,"Chillies and peppers, green (Capsicum spp. and Pimenta spp.)",1140.0,0.0,3300.0
Georgia,2011,"Chillies and peppers, green (Capsicum spp. and Pimenta spp.)",1808.0,0.0,5600.0
Georgia,2012,"Chillies and peppers, green (Capsicum spp. and Pimenta spp.)",1926.0,69.0,3800.0
Georgia,2013,"Chillies and peppers, green (Capsicum spp. and Pimenta spp.)",2950.0,267.0,4000.0
Georgia,2014,"Chillies and peppers, green (Capsicum spp. and Pimenta spp.)",3794.39,209.62,4600.0
Georgia,2015,"Chillies and peppers, green (Capsicum spp. and Pimenta spp.)",3611.64,9.44,2600.0
Georgia,2016,"Chillies and peppers, green (Capsicum spp. and Pimenta spp.)",3668.06,33.1,5200.0
Georgia,2017,"Chillies and peppers, green (Capsicum spp. and Pimenta spp.)",3958.59,188.32,4800.0
Georgia,2018,"Chillies and peppers, green (Capsicum spp. and Pimenta spp.)",4186.63,262.06,5800.0
Georgia,2019,"Chillies and peppers, green (Capsicum spp. and Pimenta spp.)",3772.52,161.52,7100.0
Georgia,2020,"Chillies and peppers, green (Capsicum spp. and Pimenta spp.)",3864.17,363.87,8200.0
Georgia,2021,"Chillies and peppers, green (Capsicum spp. and Pimenta spp.)",4186.74,378.28,7600.0
Georgia,2022,"Chillies and peppers, green (Capsicum spp. and Pimenta spp.)",5202.02,485.11,7600.0
Germany,1993,"Chillies and peppers, green (Capsicum spp. and Pimenta spp.)",215649.0,1625.0,0.0
Germany,1994,"Chillies and peppers, green (Capsicum spp. and Pimenta spp.)",235906.0,2059.0,0.0
Germany,1995,"Chillies and peppers, green (Capsicum spp. and Pimenta spp.)",223967.0,2927.0,0.0
Germany,1996,"Chillies and peppers, green (Capsicum spp. and Pimenta spp.)",244926.0,4693.0,697.5
Germany,1997,"Chillies and peppers, green (Capsicum spp. and Pimenta spp.)",243187.0,4584.0,749.33
Germany,1999,"Chillies and peppers, green (Capsicum spp. and Pimenta spp.)",238956.0,5462.0,642.43
Germany,2000,"Chillies and peppers, green (Capsicum spp. and Pimenta spp.)",254276.0,4463.0,673.15
Germany,2001,"Chillies and peppers, green (Capsicum spp. and Pimenta spp.)",260043.0,3913.0,714.37
Germany,2002,"Chillies and peppers, green (Capsicum spp. and Pimenta spp.)",284300.0,6203.0,813.57
Germany,2003,"Chillies and peppers, green (Capsicum spp. and Pimenta spp.)",269954.0,5180.0,924.08
Germany,2004,"Chillies and peppers, green (Capsicum spp. and Pimenta spp.)",282179.0,6916.0,1206.49
Germany,2005,"Chillies and peppers, green (Capsicum spp. and Pimenta spp.)",287943.0,11753.0,0.0
Germany,2006,"Chillies and peppers, green (Capsicum spp. and Pimenta spp.)",278357.0,12144.0,1801.0
Germany,2007,"Chillies and peppers, green (Capsicum spp. and Pimenta spp.)",277774.0,12038.0,2066.0
Germany,2008,"Chillies and peppers, green (Capsicum spp. and Pimenta spp.)",303660.0,17675.0,1904.0
Germany,2009,"Chillies and peppers, green (Capsicum spp. and Pimenta spp.)",326433.0,21025.0,2057.0
Germany,2010,"Chillies and peppers, green (Capsicum spp. and Pimenta spp.)",331612.0,18760.0,2159.0
Germany,2011,"Chillies and peppers, green (Capsicum spp. and Pimenta spp.)",351622.0,16933.0,2325.0
Germany,2012,"Chillies and peppers, green (Capsicum spp. and Pimenta spp.)",362288.0,15235.0,5235.0
Germany,2013,"Chillies and peppers, green (Capsicum spp. and Pimenta spp.)",359627.0,17333.0,7515.0
Germany,2014,"Chillies and peppers, green (Capsicum spp. and Pimenta spp.)",385769.01,16055.85,8416.0
Germany,2015,"Chillies and peppers, green (Capsicum spp. and Pimenta spp.)",403224.75,16907.07,7501.07
Germany,2016,"Chillies and peppers, green (Capsicum spp. and Pimenta spp.)",398150.97,17222.88,9375.0
Germany,2017,"Chillies and peppers, green (Capsicum spp. and Pimenta spp.)",401567.77,17303.4,12289.0
Germany,2018,"Chillies and peppers, green (Capsicum spp. and Pimenta spp.)",409020.18,17786.43,14660.0
Germany,2019,"Chillies and peppers, green (Capsicum spp. and Pimenta spp.)",395531.14,16292.86,13960.0
Germany,2020,"Chillies and peppers, green (Capsicum spp. and Pimenta spp.)",429396.39,16699.14,15960.0
Germany,2021,"Chillies and peppers, green (Capsicum spp. and Pimenta spp.)",431123.01,18676.22,17780.0
Germany,2022,"Chillies and peppers, green (Capsicum spp. and Pimenta spp.)",403706.11,16038.39,16950.0
Germany,2023,"Chillies and peppers, green (Capsicum spp. and Pimenta spp.)",387423.53,13361.65,16160.0
Ghana,2001,"Chillies and peppers, green (Capsicum spp. and Pimenta spp.)",0.0,0.0,258689.29
Ghana,2002,"Chillies and peppers, green (Capsicum spp. and Pimenta spp.)",0.0,0.0,256098.65
Ghana,2003,"Chillies and peppers, green (Capsicum spp. and Pimenta spp.)",0.0,0.0,279521.36
Ghana,2004,"Chillies and peppers, green (Capsicum spp. and Pimenta spp.)",4.0,0.0,264049.93
Ghana,2005,"Chillies and peppers, green (Capsicum spp. and Pimenta spp.)",0.0,0.0,200000.0
Ghana,2007,"Chillies and peppers, green (Capsicum spp. and Pimenta spp.)",0.0,32.0,110000.0
Ghana,2008,"Chillies and peppers, green (Capsicum spp. and Pimenta spp.)",0.0,36.0,90000.0
Ghana,2009,"Chillies and peppers, green (Capsicum spp. and Pimenta spp.)",0.0,36.0,85000.0
Ghana,2010,"Chillies and peppers, green (Capsicum spp. and Pimenta spp.)",1.0,90.0,90000.0
Ghana,2011,"Chillies and peppers, green (Capsicum spp. and Pimenta spp.)",10.0,90.0,95000.0
Ghana,2012,"Chillies and peppers, green (Capsicum spp. and Pimenta spp.)",6.0,1.0,110000.0
Ghana,2013,"Chillies and peppers, green (Capsicum spp. and Pimenta spp.)",16.0,0.0,116690.0
Ghana,2015,"Chillies and peppers, green (Capsicum spp. and Pimenta spp.)",35.3,556.73,122400.0
Ghana,2016,"Chillies and peppers, green (Capsicum spp. and Pimenta spp.)",44.84,27.27,122400.0
Ghana,2017,"Chillies and peppers, green (Capsicum spp. and Pimenta spp.)",44.96,3.26,117779.66
Ghana,2018,"Chillies and peppers, green (Capsicum spp. and Pimenta spp.)",78.46,448.79,119765.41
Ghana,2019,"Chillies and peppers, green (Capsicum spp. and Pimenta spp.)",89.1,0.04,122593.32
Ghana,2020,"Chillies and peppers, green (Capsicum spp. and Pimenta spp.)",98.27,28.78,120046.13
Ghana,2021,"Chillies and peppers, green (Capsicum spp. and Pimenta spp.)",30.62,21.77,120801.62
Ghana,2022,"Chillies and peppers, green (Capsicum spp. and Pimenta spp.)",64.15,30.13,121147.02
Ghana,2023,"Chillies and peppers, green (Capsicum spp. and Pimenta spp.)",59.62,0.0,120664.92
Greece,1993,"Chillies and peppers, green (Capsicum spp. and Pimenta spp.)",288.0,1502.0,87584.46
Greece,1994,"Chillies and peppers, green (Capsicum spp. and Pimenta spp.)",608.0,1641.0,93703.17
Greece,1995,"Chillies and peppers, green (Capsicum spp. and Pimenta spp.)",1034.0,4290.0,92504.39
Greece,1996,"Chillies and peppers, green (Capsicum spp. and Pimenta spp.)",2957.0,5667.0,98721.26
Greece,1997,"Chillies and peppers, green (Capsicum spp. and Pimenta spp.)",2484.0,9350.0,106987.18
Greece,1998,"Chillies and peppers, green (Capsicum spp. and Pimenta spp.)",1751.0,9527.0,115074.94
Greece,1999,"Chillies and peppers, green (Capsicum spp. and Pimenta spp.)",2974.0,4386.0,111312.74
Greece,2000,"Chillies and peppers, green (Capsicum spp. and Pimenta spp.)",7466.0,2570.0,107713.84
Greece,2003,"Chillies and peppers, green (Capsicum spp. and Pimenta spp.)",10569.0,6135.0,102844.94
Greece,2004,"Chillies and peppers, green (Capsicum spp. and Pimenta spp.)",10624.0,8853.0,108062.0
Greece,2005,"Chillies and peppers, green (Capsicum spp. and Pimenta spp.)",12090.0,10398.0,104650.0
Greece,2007,"Chillies and peppers, green (Capsicum spp. and Pimenta spp.)",9250.0,9254.0,106556.0
Greece,2008,"Chillies and peppers, green (Capsicum spp. and Pimenta spp.)",7097.0,10799.0,107404.6
Greece,2009,"Chillies and peppers, green (Capsicum spp. and Pimenta spp.)",6516.0,12319.0,109074.32
Greece,2010,"Chillies and peppers, green (Capsicum spp. and Pimenta spp.)",5445.0,12624.0,109107.67
Greece,2011,"Chillies and peppers, green (Capsicum spp. and Pimenta spp.)",6760.0,13107.0,106935.75
Greece,2012,"Chillies and peppers, green (Capsicum spp. and Pimenta spp.)",5878.0,23415.0,96089.76
Greece,2013,"Chillies and peppers, green (Capsicum spp. and Pimenta spp.)",4707.0,22691.0,94411.94
Greece,2014,"Chillies and peppers, green (Capsicum spp. and Pimenta spp.)",5330.7,19747.4,62686.0
Greece,2015,"Chillies and peppers, green (Capsicum spp. and Pimenta spp.)",5870.14,18994.24,83414.28
Greece,2016,"Chillies and peppers, green (Capsicum spp. and Pimenta spp.)",4170.77,21553.44,135284.79
Greece,2017,"Chillies and peppers, green (Capsicum spp. and Pimenta spp.)",4657.28,20079.97,127028.0
Greece,2018,"Chillies and peppers, green (Capsicum spp. and Pimenta spp.)",5640.71,19667.71,145810.0
Greece,2019,"Chillies and peppers, green (Capsicum spp. and Pimenta spp.)",6625.13,17354.96,155000.0
Greece,2020,"Chillies and peppers, green (Capsicum spp. and Pimenta spp.)",7315.12,18887.11,164290.0
Greece,2021,"Chillies and peppers, green (Capsicum spp. and Pimenta spp.)",6003.9,19159.86,138280.0
Greece,2022,"Chillies and peppers, green (Capsicum spp. and Pimenta spp.)",6844.75,16478.84,135810.0
Greece,2023,"Chillies and peppers, green (Capsicum spp. and Pimenta spp.)",6498.13,19017.76,108400.0
Grenada,2002,"Chillies and peppers, green (Capsicum spp. and Pimenta spp.)",6.0,0.0,0.0
Grenada,2003,"Chillies and peppers, green (Capsicum spp. and Pimenta spp.)",6.0,0.0,0.0
Grenada,2004,"Chillies and peppers, green (Capsicum spp. and Pimenta spp.)",16.0,2.0,0.0
Grenada,2005,"Chillies and peppers, green (Capsicum spp. and Pimenta spp.)",13.0,2.0,0.0
Grenada,2006,"Chillies and peppers, green (Capsicum spp. and Pimenta spp.)",18.0,17.0,0.0
Grenada,2008,"Chillies and peppers, green (Capsicum spp. and Pimenta spp.)",50.0,49.0,0.0
Grenada,2009,"Chillies and peppers, green (Capsicum spp. and Pimenta spp.)",36.0,0.0,0.0
Grenada,2010,"Chillies and peppers, green (Capsicum spp. and Pimenta spp.)",36.0,0.0,0.0
Grenada,2011,"Chillies and peppers, green (Capsicum spp. and Pimenta spp.)",36.0,3.0,0.0
Grenada,2012,"Chillies and peppers, green (Capsicum spp. and Pimenta spp.)",36.0,3.0,0.0
Grenada,2013,"Chillies and peppers, green (Capsicum spp. and Pimenta spp.)",36.0,3.0,0.0
Grenada,2014,"Chillies and peppers, green (Capsicum spp. and Pimenta spp.)",36.0,0.0,0.0
Grenada,2015,"Chillies and peppers, green (Capsicum spp. and Pimenta spp.)",36.0,0.0,0.0
Grenada,2016,"Chillies and peppers, green (Capsicum spp. and Pimenta spp.)",36.0,0.42,0.0
Grenada,2017,"Chillies and peppers, green (Capsicum spp. and Pimenta spp.)",72.01,0.12,0.0
Grenada,2018,"Chillies and peppers, green (Capsicum spp. and Pimenta spp.)",74.14,0.0,0.0
Grenada,2019,"Chillies and peppers, green (Capsicum spp. and Pimenta spp.)",60.63,0.0,0.0
Grenada,2020,"Chillies and peppers, green (Capsicum spp. and Pimenta spp.)",54.31,0.0,0.0
Grenada,2021,"Chillies and peppers, green (Capsicum spp. and Pimenta spp.)",51.63,0.05,0.0
Guatemala,1993,"Chillies and peppers, green (Capsicum spp. and Pimenta spp.)",13.0,64.0,1057.58
Guatemala,1994,"Chillies and peppers, green (Capsicum spp. and Pimenta spp.)",13.0,40.0,1250.0
Guatemala,1995,"Chillies and peppers, green (Capsicum spp. and Pimenta spp.)",34.0,125.0,2481.74
Guatemala,1996,"Chillies and peppers, green (Capsicum spp. and Pimenta spp.)",91.0,306.0,1500.0
Guatemala,1997,"Chillies and peppers, green (Capsicum spp. and Pimenta spp.)",65.0,622.0,1800.0
Guatemala,1998,"Chillies and peppers, green (Capsicum spp. and Pimenta spp.)",66.0,1732.0,10000.0
Guatemala,1999,"Chillies and peppers, green (Capsicum spp. and Pimenta spp.)",114.81,15811.5,18600.0
Guatemala,2000,"Chillies and peppers, green (Capsicum spp. and Pimenta spp.)",103.83,18477.07,21600.0
Guatemala,2001,"Chillies and peppers, green (Capsicum spp. and Pimenta spp.)",705.0,14555.0,22407.46
Guatemala,2002,"Chillies and peppers, green (Capsicum spp. and Pimenta spp.)",883.0,6698.0,15558.22
Guatemala,2003,"Chillies and peppers, green (Capsicum spp. and Pimenta spp.)",1089.0,5403.0,26816.0
Guatemala,2004,"Chillies and peppers, green (Capsicum spp. and Pimenta spp.)",922.0,5680.0,17010.0
Guatemala,2005,"Chillies and peppers, green (Capsicum spp. and Pimenta spp.)",512.0,2980.0,17690.0
Guatemala,2006,"Chillies and peppers, green (Capsicum spp. and Pimenta spp.)",472.0,4044.0,44901.11
Guatemala,2007,"Chillies and peppers, green (Capsicum spp. and Pimenta spp.)",221.0,6299.0,44901.11
Guatemala,2008,"Chillies and peppers, green (Capsicum spp. and Pimenta spp.)",111.0,6070.0,45722.11
Guatemala,2009,"Chillies and peppers, green (Capsicum spp. and Pimenta spp.)",566.0,3770.0,50620.91
Guatemala,2010,"Chillies and peppers, green (Capsicum spp. and Pimenta spp.)",437.0,4405.0,50078.87
Guatemala,2011,"Chillies and peppers, green (Capsicum spp. and Pimenta spp.)",502.0,5268.0,51187.9
Guatemala,2012,"Chillies and peppers, green (Capsicum spp. and Pimenta spp.)",60.0,13105.0,52567.0
Guatemala,2013,"Chillies and peppers, green (Capsicum spp. and Pimenta spp.)",346.0,12637.0,53517.1
Guatemala,2014,"Chillies and peppers, green (Capsicum spp. and Pimenta spp.)",68.16,11924.52,55755.57
Guatemala,2015,"Chillies and peppers, green (Capsicum spp. and Pimenta spp.)",229.5,13221.5,56785.23
Guatemala,2016,"Chillies and peppers, green (Capsicum spp. and Pimenta spp.)",260.23,17031.97,53324.32
Guatemala,2017,"Chillies and peppers, green (Capsicum spp. and Pimenta spp.)",268.9,17506.31,57572.0
Guatemala,2019,"Chillies and peppers, green (Capsicum spp. and Pimenta spp.)",386.02,17761.89,71379.0
Guatemala,2021,"Chillies and peppers, green (Capsicum spp. and Pimenta spp.)",270.06,20387.65,79632.0
Guatemala,2022,"Chillies and peppers, green (Capsicum spp. and Pimenta spp.)",337.37,19404.11,86658.0
Guatemala,2023,"Chillies and peppers, green (Capsicum spp. and Pimenta spp.)",153.33,18990.17,88569.5
Guinea,2014,"Chillies and peppers, green (Capsicum spp. and Pimenta spp.)",0.15,0.5,0.0
Guinea,2015,"Chillies and peppers, green (Capsicum spp. and Pimenta spp.)",0.75,0.2,0.0
Guinea,2016,"Chillies and peppers, green (Capsicum spp. and Pimenta spp.)",3.32,0.0,0.0
Guinea,2018,"Chillies and peppers, green (Capsicum spp. and Pimenta spp.)",120.36,4861.27,0.0
Guinea,2019,"Chillies and peppers, green (Capsicum spp. and Pimenta spp.)",884.26,0.0,0.0
Guinea,2020,"Chillies and peppers, green (Capsicum spp. and Pimenta spp.)",2207.13,0.0,0.0
Guinea,2021,"Chillies and peppers, green (Capsicum spp. and Pimenta spp.)",2266.45,0.01,0.0
Guinea,2023,"Chillies and peppers, green (Capsicum spp. and Pimenta spp.)",846.5,0.0,0.0
Guinea-Bissau,2014,"Chillies and peppers, green (Capsicum spp. and Pimenta spp.)",0.08,0.0,0.0
Guinea-Bissau,2017,"Chillies and peppers, green (Capsicum spp. and Pimenta spp.)",0.98,0.0,0.0
Guinea-Bissau,2018,"Chillies and peppers, green (Capsicum spp. and Pimenta spp.)",0.03,21.42,0.0
Guinea-Bissau,2019,"Chillies and peppers, green (Capsicum spp. and Pimenta spp.)",0.99,79.78,0.0
Guinea-Bissau,2021,"Chillies and peppers, green (Capsicum spp. and Pimenta spp.)",0.03,0.0,0.0
Guinea-Bissau,2022,"Chillies and peppers, green (Capsicum spp. and Pimenta spp.)",13.07,0.0,0.0
Guyana,1999,"Chillies and peppers, green (Capsicum spp. and Pimenta spp.)",17.0,2.0,1351.0
Guyana,2000,"Chillies and peppers, green (Capsicum spp. and Pimenta spp.)",9.0,3.0,4878.0
Guyana,2001,"Chillies and peppers, green (Capsicum spp. and Pimenta spp.)",1.0,1.0,3182.0
Guyana,2002,"Chillies and peppers, green (Capsicum spp. and Pimenta spp.)",0.0,6.0,283.0
Guyana,2003,"Chillies and peppers, green (Capsicum spp. and Pimenta spp.)",0.0,13.0,2176.0
Guyana,2005,"Chillies and peppers, green (Capsicum spp. and Pimenta spp.)",1.0,11.0,966.0
Guyana,2006,"Chillies and peppers, green (Capsicum spp. and Pimenta spp.)",4.0,7.0,2102.0
Guyana,2007,"Chillies and peppers, green (Capsicum spp. and Pimenta spp.)",19.0,4.0,1883.0
Guyana,2008,"Chillies and peppers, green (Capsicum spp. and Pimenta spp.)",12.0,41.0,1493.0
Guyana,2009,"Chillies and peppers, green (Capsicum spp. and Pimenta spp.)",12.0,41.0,2900.0
Guyana,2010,"Chillies and peppers, green (Capsicum spp. and Pimenta spp.)",1.0,85.0,4312.0
Guyana,2012,"Chillies and peppers, green (Capsicum spp. and Pimenta spp.)",5.0,72.0,3459.0
Guyana,2013,"Chillies and peppers, green (Capsicum spp. and Pimenta spp.)",13.0,26.0,7968.0
Guyana,2014,"Chillies and peppers, green (Capsicum spp. and Pimenta spp.)",21.67,17.59,13171.0
Guyana,2015,"Chillies and peppers, green (Capsicum spp. and Pimenta spp.)",20.34,19.22,35377.48
Guyana,2016,"Chillies and peppers, green (Capsicum spp. and Pimenta spp.)",42.45,28.11,33539.76
Guyana,2017,"Chillies and peppers, green (Capsicum spp. and Pimenta spp.)",52.51,13.12,31819.0
Guyana,2018,"Chillies and peppers, green (Capsicum spp. and Pimenta spp.)",27.36,66.65,37885.5
Guyana,2019,"Chillies and peppers, green (Capsicum spp. and Pimenta spp.)",49.26,84.53,13121.08
Guyana,2020,"Chillies and peppers, green (Capsicum spp. and Pimenta spp.)",45.82,11.2,12918.03
Guyana,2022,"Chillies and peppers, green (Capsicum spp. and Pimenta spp.)",73.46,3.64,12574.0
Guyana,2023,"Chillies and peppers, green (Capsicum spp. and Pimenta spp.)",109.86,26.55,13621.0
Haiti,2014,"Chillies and peppers, green (Capsicum spp. and Pimenta spp.)",954.2,0.0,0.0
Haiti,2015,"Chillies and peppers, green (Capsicum spp. and Pimenta spp.)",388.42,121.35,0.0
Haiti,2016,"Chillies and peppers, green (Capsicum spp. and Pimenta spp.)",71.71,124.77,0.0
Haiti,2017,"Chillies and peppers, green (Capsicum spp. and Pimenta spp.)",62.18,0.01,0.0
Haiti,2018,"Chillies and peppers, green (Capsicum spp. and Pimenta spp.)",319.92,0.0,0.0
Haiti,2019,"Chillies and peppers, green (Capsicum spp. and Pimenta spp.)",331.2,0.0,0.0
Haiti,2020,"Chillies and peppers, green (Capsicum spp. and Pimenta spp.)",50.62,0.0,0.0
Haiti,2021,"Chillies and peppers, green (Capsicum spp. and Pimenta spp.)",1.63,0.0,0.0
Honduras,1993,"Chillies and peppers, green (Capsicum spp. and Pimenta spp.)",16.0,3293.0,3385.0
Honduras,1994,"Chillies and peppers, green (Capsicum spp. and Pimenta spp.)",34.0,186.0,3400.0
Honduras,1995,"Chillies and peppers, green (Capsicum spp. and Pimenta spp.)",60.0,384.0,3450.0
Honduras,1996,"Chillies and peppers, green (Capsicum spp. and Pimenta spp.)",8.0,1600.0,3500.0
Honduras,1997,"Chillies and peppers, green (Capsicum spp. and Pimenta spp.)",10.0,257.0,3500.0
Honduras,1998,"Chillies and peppers, green (Capsicum spp. and Pimenta spp.)",162.0,636.0,1824.0
Honduras,1999,"Chillies and peppers, green (Capsicum spp. and Pimenta spp.)",297.0,50.0,1200.0
Honduras,2000,"Chillies and peppers, green (Capsicum spp. and Pimenta spp.)",122.0,271.0,1096.0
Honduras,2001,"Chillies and peppers, green (Capsicum spp. and Pimenta spp.)",60.0,0.0,1260.0
Honduras,2002,"Chillies and peppers, green (Capsicum spp. and Pimenta spp.)",57.0,0.0,3758.0
Honduras,2003,"Chillies and peppers, green (Capsicum spp. and Pimenta spp.)",103.0,2957.0,4545.0
Honduras,2004,"Chillies and peppers, green (Capsicum spp. and Pimenta spp.)",59.0,1249.0,6010.0
Honduras,2005,"Chillies and peppers, green (Capsicum spp. and Pimenta spp.)",91.0,3014.0,6121.0
Honduras,2006,"Chillies and peppers, green (Capsicum spp. and Pimenta spp.)",225.0,3842.0,10200.0
Honduras,2007,"Chillies and peppers, green (Capsicum spp. and Pimenta spp.)",315.0,15384.0,14350.0
Honduras,2008,"Chillies and peppers, green (Capsicum spp. and Pimenta spp.)",368.0,13204.0,15641.0
Honduras,2009,"Chillies and peppers, green (Capsicum spp. and Pimenta spp.)",1112.0,15261.0,15735.0
Honduras,2011,"Chillies and peppers, green (Capsicum spp. and Pimenta spp.)",3691.0,6116.0,14272.0
Honduras,2012,"Chillies and peppers, green (Capsicum spp. and Pimenta spp.)",1739.0,13435.0,14350.0
Honduras,2013,"Chillies and peppers, green (Capsicum spp. and Pimenta spp.)",2471.0,6935.0,15141.06
Honduras,2014,"Chillies and peppers, green (Capsicum spp. and Pimenta spp.)",443.85,15589.64,23528.42
Honduras,2015,"Chillies and peppers, green (Capsicum spp. and Pimenta spp.)",722.9,17069.89,26093.5
Honduras,2016,"Chillies and peppers, green (Capsicum spp. and Pimenta spp.)",352.16,18252.63,30494.78
Honduras,2017,"Chillies and peppers, green (Capsicum spp. and Pimenta spp.)",462.88,16942.99,30500.0
Honduras,2018,"Chillies and peppers, green (Capsicum spp. and Pimenta spp.)",303.24,14753.95,31000.0
Honduras,2019,"Chillies and peppers, green (Capsicum spp. and Pimenta spp.)",33.47,9605.24,31990.16
Honduras,2020,"Chillies and peppers, green (Capsicum spp. and Pimenta spp.)",10.05,21662.8,31163.39
Honduras,2021,"Chillies and peppers, green (Capsicum spp. and Pimenta spp.)",9.55,23749.08,31384.51
Honduras,2023,"Chillies and peppers, green (Capsicum spp. and Pimenta spp.)",128.0,13315.45,31353.53
Hungary,1993,"Chillies and peppers, green (Capsicum spp. and Pimenta spp.)",1123.0,14020.0,120233.0
Hungary,1995,"Chillies and peppers, green (Capsicum spp. and Pimenta spp.)",1009.0,25752.0,123311.0
Hungary,1996,"Chillies and peppers, green (Capsicum spp. and Pimenta spp.)",1186.0,22835.0,131484.0
Hungary,1997,"Chillies and peppers, green (Capsicum spp. and Pimenta spp.)",1157.0,27267.0,141106.0
Hungary,1998,"Chillies and peppers, green (Capsicum spp. and Pimenta spp.)",1748.0,36876.0,152326.0
Hungary,2000,"Chillies and peppers, green (Capsicum spp. and Pimenta spp.)",2329.7,39343.6,134202.0
Hungary,2001,"Chillies and peppers, green (Capsicum spp. and Pimenta spp.)",3771.0,36850.0,134839.0
Hungary,2002,"Chillies and peppers, green (Capsicum spp. and Pimenta spp.)",5890.0,40748.0,116916.0
Hungary,2003,"Chillies and peppers, green (Capsicum spp. and Pimenta spp.)",5492.0,32897.0,109622.0
Hungary,2004,"Chillies and peppers, green (Capsicum spp. and Pimenta spp.)",8742.0,25004.0,126133.0
Hungary,2005,"Chillies and peppers, green (Capsicum spp. and Pimenta spp.)",14114.0,33972.0,113371.0
Hungary,2006,"Chillies and peppers, green (Capsicum spp. and Pimenta spp.)",15053.0,30507.0,206419.0
Hungary,2007,"Chillies and peppers, green (Capsicum spp. and Pimenta spp.)",11301.0,27110.0,208200.0
Hungary,2008,"Chillies and peppers, green (Capsicum spp. and Pimenta spp.)",12579.0,22106.0,166579.0
Hungary,2009,"Chillies and peppers, green (Capsicum spp. and Pimenta spp.)",12822.0,27077.0,168944.0
Hungary,2011,"Chillies and peppers, green (Capsicum spp. and Pimenta spp.)",11986.0,26317.0,128003.0
Hungary,2012,"Chillies and peppers, green (Capsicum spp. and Pimenta spp.)",8161.0,28509.0,92608.0
Hungary,2013,"Chillies and peppers, green (Capsicum spp. and Pimenta spp.)",10994.0,27402.0,87200.0
Hungary,2014,"Chillies and peppers, green (Capsicum spp. and Pimenta spp.)",8816.5,27186.49,84790.0
Hungary,2015,"Chillies and peppers, green (Capsicum spp. and Pimenta spp.)",11615.4,29272.76,117074.0
Hungary,2016,"Chillies and peppers, green (Capsicum spp. and Pimenta spp.)",9625.75,26871.76,139075.0
Hungary,2017,"Chillies and peppers, green (Capsicum spp. and Pimenta spp.)",9344.64,29902.51,134449.0
Hungary,2018,"Chillies and peppers, green (Capsicum spp. and Pimenta spp.)",11029.01,23288.61,98880.0
Hungary,2019,"Chillies and peppers, green (Capsicum spp. and Pimenta spp.)",13247.15,22507.71,102570.0
Hungary,2020,"Chillies and peppers, green (Capsicum spp. and Pimenta spp.)",15483.68,19522.93,87120.0
Hungary,2021,"Chillies and peppers, green (Capsicum spp. and Pimenta spp.)",16141.14,24047.89,92790.0
Hungary,2022,"Chillies and peppers, green (Capsicum spp. and Pimenta spp.)",12162.43,20048.27,84990.0
Hungary,2023,"Chillies and peppers, green (Capsicum spp. and Pimenta spp.)",14666.83,24870.71,91480.0
Iceland,1994,"Chillies and peppers, green (Capsicum spp. and Pimenta spp.)",337.0,0.0,0.0
Iceland,1995,"Chillies and peppers, green (Capsicum spp. and Pimenta spp.)",309.0,1.0,0.0
Iceland,1996,"Chillies and peppers, green (Capsicum spp. and Pimenta spp.)",312.0,0.0,0.0
Iceland,1997,"Chillies and peppers, green (Capsicum spp. and Pimenta spp.)",332.0,0.0,0.0
Iceland,1998,"Chillies and peppers, green (Capsicum spp. and Pimenta spp.)",350.0,1.0,0.0
Iceland,1999,"Chillies and peppers, green (Capsicum spp. and Pimenta spp.)",407.0,0.0,0.0
Iceland,2000,"Chillies and peppers, green (Capsicum spp. and Pimenta spp.)",438.01,0.39,0.0
Iceland,2001,"Chillies and peppers, green (Capsicum spp. and Pimenta spp.)",498.0,0.0,0.0
Iceland,2002,"Chillies and peppers, green (Capsicum spp. and Pimenta spp.)",648.0,0.0,0.0
Iceland,2003,"Chillies and peppers, green (Capsicum spp. and Pimenta spp.)",805.0,1.0,0.0
Iceland,2004,"Chillies and peppers, green (Capsicum spp. and Pimenta spp.)",900.0,1.0,0.0
Iceland,2005,"Chillies and peppers, green (Capsicum spp. and Pimenta spp.)",978.0,1.0,0.0
Iceland,2007,"Chillies and peppers, green (Capsicum spp. and Pimenta spp.)",1229.0,1.0,0.0
Iceland,2008,"Chillies and peppers, green (Capsicum spp. and Pimenta spp.)",1167.0,1.0,0.0
Iceland,2009,"Chillies and peppers, green (Capsicum spp. and Pimenta spp.)",1135.0,1.0,0.0
Iceland,2010,"Chillies and peppers, green (Capsicum spp. and Pimenta spp.)",1159.0,1.0,0.0
Iceland,2011,"Chillies and peppers, green (Capsicum spp. and Pimenta spp.)",1228.0,1.0,0.0
Iceland,2012,"Chillies and peppers, green (Capsicum spp. and Pimenta spp.)",1270.0,2.0,0.0
Iceland,2014,"Chillies and peppers, green (Capsicum spp. and Pimenta spp.)",1352.09,2.0,0.0
Iceland,2015,"Chillies and peppers, green (Capsicum spp. and Pimenta spp.)",1411.37,2.08,0.0
Iceland,2016,"Chillies and peppers, green (Capsicum spp. and Pimenta spp.)",1528.79,1.94,0.0
Iceland,2017,"Chillies and peppers, green (Capsicum spp. and Pimenta spp.)",1619.69,1.26,0.0
Iceland,2018,"Chillies and peppers, green (Capsicum spp. and Pimenta spp.)",1633.96,1.2,0.0
Iceland,2019,"Chillies and peppers, green (Capsicum spp. and Pimenta spp.)",1651.02,0.68,0.0
Iceland,2020,"Chillies and peppers, green (Capsicum spp. and Pimenta spp.)",1519.38,0.63,0.0
Iceland,2022,"Chillies and peppers, green (Capsicum spp. and Pimenta spp.)",1586.17,0.65,0.0
India,1997,"Chillies and peppers, green (Capsicum spp. and Pimenta spp.)",0.0,1116.0,48000.0
India,1999,"Chillies and peppers, green (Capsicum spp. and Pimenta spp.)",0.29,1565.59,49413.26
India,2000,"Chillies and peppers, green (Capsicum spp. and Pimenta spp.)",0.0,3579.0,50000.0
India,2001,"Chillies and peppers, green (Capsicum spp. and Pimenta spp.)",0.0,3124.0,50500.0
India,2002,"Chillies and peppers, green (Capsicum spp. and Pimenta spp.)",0.0,3792.0,51343.82
India,2004,"Chillies and peppers, green (Capsicum spp. and Pimenta spp.)",0.0,7903.0,51983.54
India,2005,"Chillies and peppers, green (Capsicum spp. and Pimenta spp.)",0.0,9831.0,52354.72
India,2006,"Chillies and peppers, green (Capsicum spp. and Pimenta spp.)",0.0,19830.0,51000.0
India,2007,"Chillies and peppers, green (Capsicum spp. and Pimenta spp.)",0.0,27757.0,54821.81
India,2008,"Chillies and peppers, green (Capsicum spp. and Pimenta spp.)",0.0,30743.0,57014.12
India,2009,"Chillies and peppers, green (Capsicum spp. and Pimenta spp.)",25.0,30959.0,59433.12
India,2010,"Chillies and peppers, green (Capsicum spp. and Pimenta spp.)",40.0,30696.0,61938.97
India,2011,"Chillies and peppers, green (Capsicum spp. and Pimenta spp.)",20.0,47389.0,64350.49
India,2013,"Chillies and peppers, green (Capsicum spp. and Pimenta spp.)",51.0,42855.0,68000.0
India,2017,"Chillies and peppers, green (Capsicum spp. and Pimenta spp.)",0.91,44068.62,71553.68
India,2018,"Chillies and peppers, green (Capsicum spp. and Pimenta spp.)",0.66,41028.02,72217.56
India,2019,"Chillies and peppers, green (Capsicum spp. and Pimenta spp.)",1.01,42216.29,73132.36
India,2021,"Chillies and peppers, green (Capsicum spp. and Pimenta spp.)",0.98,56169.75,73343.76
Indonesia,1993,"Chillies and peppers, green (Capsicum spp. and Pimenta spp.)",34.0,554.0,315385.0
Indonesia,1994,"Chillies and peppers, green (Capsicum spp. and Pimenta spp.)",122.0,566.0,316915.0
Indonesia,1995,"Chillies and peppers, green (Capsicum spp. and Pimenta spp.)",118.0,494.0,471017.0
Indonesia,1996,"Chillies and peppers, green (Capsicum spp. and Pimenta spp.)",42.0,146.0,1043211.0
Indonesia,1997,"Chillies and peppers, green (Capsicum spp. and Pimenta spp.)",23.0,47.0,801545.0
Indonesia,1998,"Chillies and peppers, green (Capsicum spp. and Pimenta spp.)",26.0,193.0,848388.0
Indonesia,1999,"Chillies and peppers, green (Capsicum spp. and Pimenta spp.)",350.0,86.0,1007726.0
Indonesia,2000,"Chillies and peppers, green (Capsicum spp. and Pimenta spp.)",158.98,58.52,727747.0
Indonesia,2001,"Chillies and peppers, green (Capsicum spp. and Pimenta spp.)",193.0,182.0,580464.0
Indonesia,2002,"Chillies and peppers, green (Capsicum spp. and Pimenta spp.)",25.0,1457.0,635089.0
Indonesia,2003,"Chillies and peppers, green (Capsicum spp. and Pimenta spp.)",34.0,1022.0,1066722.0
Indonesia,2004,"Chillies and peppers, green (Capsicum spp. and Pimenta spp.)",112.0,854.0,1100514.0
Indonesia,2005,"Chillies and peppers, green (Capsicum spp. and Pimenta spp.)",291.0,894.0,1058023.0
Indonesia,2006,"Chillies and peppers, green (Capsicum spp. and Pimenta spp.)",145.0,1183.0,1185057.0
Indonesia,2007,"Chillies and peppers, green (Capsicum spp. and Pimenta spp.)",310.0,1362.0,1128791.7
Indonesia,2008,"Chillies and peppers, green (Capsicum spp. and Pimenta spp.)",501.0,1218.0,1174197.0
Indonesia,2009,"Chillies and peppers, green (Capsicum spp. and Pimenta spp.)",905.0,555.0,1424275.0
Indonesia,2010,"Chillies and peppers, green (Capsicum spp. and Pimenta spp.)",1850.0,1504.0,1384184.0
Indonesia,2012,"Chillies and peppers, green (Capsicum spp. and Pimenta spp.)",2822.0,545.0,1742711.0
Indonesia,2013,"Chillies and peppers, green (Capsicum spp. and Pimenta spp.)",294.0,570.0,1733214.7
Indonesia,2015,"Chillies and peppers, green (Capsicum spp. and Pimenta spp.)",42.57,536.38,1915016.0
Indonesia,2018,"Chillies and peppers, green (Capsicum spp. and Pimenta spp.)",0.12,152.29,2542333.0
Indonesia,2020,"Chillies and peppers, green (Capsicum spp. and Pimenta spp.)",0.01,418.97,2772593.76
Indonesia,2021,"Chillies and peppers, green (Capsicum spp. and Pimenta spp.)",0.04,246.75,2747018.03
Indonesia,2022,"Chillies and peppers, green (Capsicum spp. and Pimenta spp.)",0.07,106.46,3020262.11
Iran (Islamic Republic of),2008,"Chillies and peppers, green (Capsicum spp. and Pimenta spp.)",10.0,21778.0,33494.5
Iran (Islamic Republic of),2009,"Chillies and peppers, green (Capsicum spp. and Pimenta spp.)",25.0,9843.0,47267.3
Iran (Islamic Republic of),2010,"Chillies and peppers, green (Capsicum spp. and Pimenta spp.)",0.0,84700.0,81869.1
Iran (Islamic Republic of),2011,"Chillies and peppers, green (Capsicum spp. and Pimenta spp.)",0.0,64944.0,65246.9
Iran (Islamic Republic of),2012,"Chillies and peppers, green (Capsicum spp. and Pimenta spp.)",0.0,79337.0,67453.0
Iran (Islamic Republic of),2013,"Chillies and peppers, green (Capsicum spp. and Pimenta spp.)",0.0,97764.0,78947.8
Iran (Islamic Republic of),2015,"Chillies and peppers, green (Capsicum spp. and Pimenta spp.)",20.22,27282.0,90534.06
Iran (Islamic Republic of),2019,"Chillies and peppers, green (Capsicum spp. and Pimenta spp.)",27.28,38723.4,93654.89
Iran (Islamic Republic of),2022,"Chillies and peppers, green (Capsicum spp. and Pimenta spp.)",17.09,71377.74,93763.67
Iran (Islamic Republic of),2023,"Chillies and peppers, green (Capsicum spp. and Pimenta spp.)",36.49,27066.9,93799.93
Iraq,1993,"Chillies and peppers, green (Capsicum spp. and Pimenta spp.)",0.0,0.0,32000.0
Iraq,1994,"Chillies and peppers, green (Capsicum spp. and Pimenta spp.)",0.0,0.0,31000.0
Iraq,1995,"Chillies and peppers, green (Capsicum spp. and Pimenta spp.)",0.0,0.0,32000.0
Iraq,1996,"Chillies and peppers, green (Capsicum spp. and Pimenta spp.)",0.0,0.0,31000.0
Iraq,1997,"Chillies and peppers, green (Capsicum spp. and Pimenta spp.)",0.0,0.0,30000.0
Iraq,1998,"Chillies and peppers, green (Capsicum spp. and Pimenta spp.)",0.0,0.0,31500.0
Iraq,1999,"Chillies and peppers, green (Capsicum spp. and Pimenta spp.)",0.0,0.0,24000.0
Iraq,2000,"Chillies and peppers, green (Capsicum spp. and Pimenta spp.)",0.0,0.0,18000.0
Iraq,2001,"Chillies and peppers, green (Capsicum spp. and Pimenta spp.)",0.0,0.0,16249.66
Iraq,2002,"Chillies and peppers, green (Capsicum spp. and Pimenta spp.)",89.0,0.0,15000.0
Iraq,2003,"Chillies and peppers, green (Capsicum spp. and Pimenta spp.)",160.0,0.0,18000.0
Iraq,2004,"Chillies and peppers, green (Capsicum spp. and Pimenta spp.)",3138.0,0.0,20000.0
Iraq,2005,"Chillies and peppers, green (Capsicum spp. and Pimenta spp.)",6397.0,0.0,28000.0
Iraq,2006,"Chillies and peppers, green (Capsicum spp. and Pimenta spp.)",7960.0,0.0,35000.0
Iraq,2007,"Chillies and peppers, green (Capsicum spp. and Pimenta spp.)",3717.0,0.0,46000.0
Iraq,2008,"Chillies and peppers, green (Capsicum spp. and Pimenta spp.)",4286.0,0.0,69500.0
Iraq,2009,"Chillies and peppers, green (Capsicum spp. and Pimenta spp.)",16273.0,0.0,63811.0
Iraq,2011,"Chillies and peppers, green (Capsicum spp. and Pimenta spp.)",3809.0,0.0,84072.0
Iraq,2012,"Chillies and peppers, green (Capsicum spp. and Pimenta spp.)",209.0,0.0,92292.0
Iraq,2013,"Chillies and peppers, green (Capsicum spp. and Pimenta spp.)",209.0,0.0,112193.0
Iraq,2014,"Chillies and peppers, green (Capsicum spp. and Pimenta spp.)",15346.0,0.0,86086.0
Iraq,2015,"Chillies and peppers, green (Capsicum spp. and Pimenta spp.)",18677.0,0.0,28568.0
Iraq,2016,"Chillies and peppers, green (Capsicum spp. and Pimenta spp.)",42170.83,0.0,16152.0
Iraq,2017,"Chillies and peppers, green (Capsicum spp. and Pimenta spp.)",28906.69,0.0,13169.0
Iraq,2018,"Chillies and peppers, green (Capsicum spp. and Pimenta spp.)",41847.0,0.0,23473.0
Iraq,2019,"Chillies and peppers, green (Capsicum spp. and Pimenta spp.)",29000.0,0.0,23112.0
Iraq,2020,"Chillies and peppers, green (Capsicum spp. and Pimenta spp.)",33000.0,0.0,46498.0
Iraq,2021,"Chillies and peppers, green (Capsicum spp. and Pimenta spp.)",34620.0,0.0,58781.0
Ireland,1993,"Chillies and peppers, green (Capsicum spp. and Pimenta spp.)",3502.0,3.0,400.0
Ireland,1994,"Chillies and peppers, green (Capsicum spp. and Pimenta spp.)",3940.0,7.0,400.0
Ireland,1995,"Chillies and peppers, green (Capsicum spp. and Pimenta spp.)",4401.0,13.0,100.0
Ireland,1996,"Chillies and peppers, green (Capsicum spp. and Pimenta spp.)",5032.0,9.0,100.0
Ireland,1997,"Chillies and peppers, green (Capsicum spp. and Pimenta spp.)",5787.0,16.0,140.0
Ireland,1998,"Chillies and peppers, green (Capsicum spp. and Pimenta spp.)",8819.0,31.0,140.0
Ireland,1999,"Chillies and peppers, green (Capsicum spp. and Pimenta spp.)",5487.0,108.0,120.0
Ireland,2000,"Chillies and peppers, green (Capsicum spp. and Pimenta spp.)",7450.0,116.0,370.0
Ireland,2001,"Chillies and peppers, green (Capsicum spp. and Pimenta spp.)",7878.0,133.0,400.0
Ireland,2002,"Chillies and peppers, green (Capsicum spp. and Pimenta spp.)",9126.0,159.0,300.0
Ireland,2003,"Chillies and peppers, green (Capsicum spp. and Pimenta spp.)",9543.0,193.0,350.0
Ireland,2004,"Chillies and peppers, green (Capsicum spp. and Pimenta spp.)",9218.0,101.0,360.0
Ireland,2005,"Chillies and peppers, green (Capsicum spp. and Pimenta spp.)",7890.0,804.0,356.96
Ireland,2006,"Chillies and peppers, green (Capsicum spp. and Pimenta spp.)",9307.0,517.0,380.0
Ireland,2007,"Chillies and peppers, green (Capsicum spp. and Pimenta spp.)",8293.0,690.0,400.0
Ireland,2008,"Chillies and peppers, green (Capsicum spp. and Pimenta spp.)",10134.0,782.0,394.21
Ireland,2009,"Chillies and peppers, green (Capsicum spp. and Pimenta spp.)",11816.0,1251.0,370.59
Ireland,2010,"Chillies and peppers, green (Capsicum spp. and Pimenta spp.)",14279.0,1597.0,383.19
Ireland,2011,"Chillies and peppers, green (Capsicum spp. and Pimenta spp.)",14525.0,940.0,390.87
Ireland,2012,"Chillies and peppers, green (Capsicum spp. and Pimenta spp.)",13338.0,425.0,398.54
Ireland,2013,"Chillies and peppers, green (Capsicum spp. and Pimenta spp.)",14265.0,384.0,406.22
Ireland,2014,"Chillies and peppers, green (Capsicum spp. and Pimenta spp.)",14792.1,518.2,375.58
Ireland,2015,"Chillies and peppers, green (Capsicum spp. and Pimenta spp.)",15785.38,610.1,287.91
Ireland,2016,"Chillies and peppers, green (Capsicum spp. and Pimenta spp.)",18657.88,620.92,356.57
Ireland,2017,"Chillies and peppers, green (Capsicum spp. and Pimenta spp.)",17452.21,618.16,340.02
Ireland,2018,"Chillies and peppers, green (Capsicum spp. and Pimenta spp.)",18346.44,342.24,0.0
Ireland,2019,"Chillies and peppers, green (Capsicum spp. and Pimenta spp.)",19854.54,339.79,0.0
Ireland,2020,"Chillies and peppers, green (Capsicum spp. and Pimenta spp.)",19583.23,270.37,0.0
Ireland,2022,"Chillies and peppers, green (Capsicum spp. and Pimenta spp.)",22947.78,381.3,0.0
Ireland,2023,"Chillies and peppers, green (Capsicum spp. and Pimenta spp.)",23850.69,204.27,0.0
Israel,1999,"Chillies and peppers, green (Capsicum spp. and Pimenta spp.)",40.0,21576.0,102300.0
Israel,2000,"Chillies and peppers, green (Capsicum spp. and Pimenta spp.)",12.0,20519.0,95000.0
Israel,2001,"Chillies and peppers, green (Capsicum spp. and Pimenta spp.)",22.0,23460.0,108000.0
Israel,2002,"Chillies and peppers, green (Capsicum spp. and Pimenta spp.)",5.0,20795.0,110910.0
Israel,2003,"Chillies and peppers, green (Capsicum spp. and Pimenta spp.)",0.0,52599.0,113390.0
Israel,2004,"Chillies and peppers, green (Capsicum spp. and Pimenta spp.)",8.0,65100.0,129100.0
Israel,2005,"Chillies and peppers, green (Capsicum spp. and Pimenta spp.)",0.0,80182.0,134700.0
Israel,2006,"Chillies and peppers, green (Capsicum spp. and Pimenta spp.)",36.0,94690.0,158777.0
Israel,2007,"Chillies and peppers, green (Capsicum spp. and Pimenta spp.)",18.0,116655.0,178600.0
Israel,2008,"Chillies and peppers, green (Capsicum spp. and Pimenta spp.)",82.0,80911.0,177900.0
Israel,2009,"Chillies and peppers, green (Capsicum spp. and Pimenta spp.)",0.0,89893.0,202300.0
Israel,2010,"Chillies and peppers, green (Capsicum spp. and Pimenta spp.)",0.0,104924.0,203982.0
Israel,2011,"Chillies and peppers, green (Capsicum spp. and Pimenta spp.)",57.0,101874.0,226075.0
Israel,2012,"Chillies and peppers, green (Capsicum spp. and Pimenta spp.)",343.0,115169.0,240776.0
Israel,2013,"Chillies and peppers, green (Capsicum spp. and Pimenta spp.)",301.0,116936.0,244049.0
Israel,2014,"Chillies and peppers, green (Capsicum spp. and Pimenta spp.)",93.89,114056.58,232522.0
Israel,2015,"Chillies and peppers, green (Capsicum spp. and Pimenta spp.)",673.75,85727.08,191419.0
Israel,2016,"Chillies and peppers, green (Capsicum spp. and Pimenta spp.)",853.5,59481.45,189149.0
Israel,2017,"Chillies and peppers, green (Capsicum spp. and Pimenta spp.)",2316.24,73965.98,171503.0
Israel,2018,"Chillies and peppers, green (Capsicum spp. and Pimenta spp.)",640.38,81998.63,196112.0
Israel,2019,"Chillies and peppers, green (Capsicum spp. and Pimenta spp.)",3089.25,68047.38,171340.0
Israel,2020,"Chillies and peppers, green (Capsicum spp. and Pimenta spp.)",1971.48,59800.83,146869.0
Israel,2021,"Chillies and peppers, green (Capsicum spp. and Pimenta spp.)",3679.58,57241.32,150921.0
Israel,2022,"Chillies and peppers, green (Capsicum spp. and Pimenta spp.)",11462.14,37622.96,120392.0
Israel,2023,"Chillies and peppers, green (Capsicum spp. and Pimenta spp.)",7458.67,36870.82,117760.0
Italy,1993,"Chillies and peppers, green (Capsicum spp. and Pimenta spp.)",34919.0,10900.0,363066.0
Italy,1995,"Chillies and peppers, green (Capsicum spp. and Pimenta spp.)",28041.0,10857.0,325116.0
Italy,1996,"Chillies and peppers, green (Capsicum spp. and Pimenta spp.)",39587.0,11549.0,346500.0
Italy,1997,"Chillies and peppers, green (Capsicum spp. and Pimenta spp.)",38232.0,10218.0,357187.0
Italy,1998,"Chillies and peppers, green (Capsicum spp. and Pimenta spp.)",43337.0,9048.0,359830.0
Italy,1999,"Chillies and peppers, green (Capsicum spp. and Pimenta spp.)",53424.0,7913.0,341623.0
Italy,2000,"Chillies and peppers, green (Capsicum spp. and Pimenta spp.)",47442.0,9554.0,364963.0
Italy,2001,"Chillies and peppers, green (Capsicum spp. and Pimenta spp.)",42353.0,9035.0,379700.0
Italy,2003,"Chillies and peppers, green (Capsicum spp. and Pimenta spp.)",58702.0,8122.0,360621.0
Italy,2004,"Chillies and peppers, green (Capsicum spp. and Pimenta spp.)",50512.0,7797.0,362430.0
Italy,2005,"Chillies and peppers, green (Capsicum spp. and Pimenta spp.)",60893.0,8847.0,362994.0
Italy,2006,"Chillies and peppers, green (Capsicum spp. and Pimenta spp.)",68602.0,11235.0,345152.0
Italy,2007,"Chillies and peppers, green (Capsicum spp. and Pimenta spp.)",58464.0,11803.0,252194.0
Italy,2008,"Chillies and peppers, green (Capsicum spp. and Pimenta spp.)",57344.0,11680.0,325727.0
Italy,2009,"Chillies and peppers, green (Capsicum spp. and Pimenta spp.)",91725.0,28137.0,323869.0
Italy,2010,"Chillies and peppers, green (Capsicum spp. and Pimenta spp.)",84631.0,32676.0,293647.0
Italy,2012,"Chillies and peppers, green (Capsicum spp. and Pimenta spp.)",72947.0,11996.0,291661.2
Italy,2013,"Chillies and peppers, green (Capsicum spp. and Pimenta spp.)",72590.0,12841.0,307122.0
Italy,2014,"Chillies and peppers, green (Capsicum spp. and Pimenta spp.)",74642.67,14873.87,285203.1
Italy,2015,"Chillies and peppers, green (Capsicum spp. and Pimenta spp.)",76681.96,13917.72,282896.2
Italy,2016,"Chillies and peppers, green (Capsicum spp. and Pimenta spp.)",72572.79,14201.39,271256.2
Italy,2017,"Chillies and peppers, green (Capsicum spp. and Pimenta spp.)",75990.18,15794.31,250072.0
Italy,2018,"Chillies and peppers, green (Capsicum spp. and Pimenta spp.)",84061.78,14797.01,260750.0
Italy,2019,"Chillies and peppers, green (Capsicum spp. and Pimenta spp.)",91195.76,14724.53,249640.0
Italy,2020,"Chillies and peppers, green (Capsicum spp. and Pimenta spp.)",84775.78,13734.51,247620.0
Italy,2021,"Chillies and peppers, green (Capsicum spp. and Pimenta spp.)",84306.76,14191.64,244050.0
Italy,2022,"Chillies and peppers, green (Capsicum spp. and Pimenta spp.)",91136.1,13072.1,232680.0
Italy,2023,"Chillies and peppers, green (Capsicum spp. and Pimenta spp.)",81433.34,12541.33,227510.0
Jamaica,1993,"Chillies and peppers, green (Capsicum spp. and Pimenta spp.)",8.0,471.0,5512.0
Jamaica,1994,"Chillies and peppers, green (Capsicum spp. and Pimenta spp.)",6.0,587.0,7632.0
Jamaica,1995,"Chillies and peppers, green (Capsicum spp. and Pimenta spp.)",32.0,590.0,8002.0
Jamaica,1996,"Chillies and peppers, green (Capsicum spp. and Pimenta spp.)",55.0,489.0,9517.0
Jamaica,1997,"Chillies and peppers, green (Capsicum spp. and Pimenta spp.)",110.0,421.0,6997.0
Jamaica,1998,"Chillies and peppers, green (Capsicum spp. and Pimenta spp.)",55.0,450.0,8320.0
Jamaica,1999,"Chillies and peppers, green (Capsicum spp. and Pimenta spp.)",289.0,320.0,8546.0
Jamaica,2000,"Chillies and peppers, green (Capsicum spp. and Pimenta spp.)",55.0,120.0,7877.0
Jamaica,2001,"Chillies and peppers, green (Capsicum spp. and Pimenta spp.)",195.0,330.0,8418.0
Jamaica,2002,"Chillies and peppers, green (Capsicum spp. and Pimenta spp.)",4.0,26.0,6646.0
Jamaica,2003,"Chillies and peppers, green (Capsicum spp. and Pimenta spp.)",2.0,56.0,9226.0
Jamaica,2004,"Chillies and peppers, green (Capsicum spp. and Pimenta spp.)",202.0,215.0,7416.0
Jamaica,2005,"Chillies and peppers, green (Capsicum spp. and Pimenta spp.)",335.0,125.0,7139.0
Jamaica,2006,"Chillies and peppers, green (Capsicum spp. and Pimenta spp.)",5.0,54.0,9240.2
Jamaica,2007,"Chillies and peppers, green (Capsicum spp. and Pimenta spp.)",339.0,129.0,8556.0
Jamaica,2008,"Chillies and peppers, green (Capsicum spp. and Pimenta spp.)",263.0,66.0,7869.0
Jamaica,2009,"Chillies and peppers, green (Capsicum spp. and Pimenta spp.)",89.0,23.0,10804.0
Jamaica,2010,"Chillies and peppers, green (Capsicum spp. and Pimenta spp.)",171.0,20.0,10017.0
Jamaica,2011,"Chillies and peppers, green (Capsicum spp. and Pimenta spp.)",171.0,102.0,14998.0
Jamaica,2012,"Chillies and peppers, green (Capsicum spp. and Pimenta spp.)",44.0,76.0,15155.0
Jamaica,2013,"Chillies and peppers, green (Capsicum spp. and Pimenta spp.)",10.0,109.0,17396.0
Jamaica,2014,"Chillies and peppers, green (Capsicum spp. and Pimenta spp.)",24.68,139.62,15445.0
Jamaica,2016,"Chillies and peppers, green (Capsicum spp. and Pimenta spp.)",1.98,142.81,18494.0
Jamaica,2017,"Chillies and peppers, green (Capsicum spp. and Pimenta spp.)",1.92,113.72,18282.0
Jamaica,2018,"Chillies and peppers, green (Capsicum spp. and Pimenta spp.)",7.34,86.97,19571.0
Jamaica,2019,"Chillies and peppers, green (Capsicum spp. and Pimenta spp.)",13.4,226.6,19396.0
Jamaica,2020,"Chillies and peppers, green (Capsicum spp. and Pimenta spp.)",22.51,159.9,18990.0
Jamaica,2021,"Chillies and peppers, green (Capsicum spp. and Pimenta spp.)",25.09,190.49,21364.0
Jamaica,2022,"Chillies and peppers, green (Capsicum spp. and Pimenta spp.)",26.01,147.83,24240.0
Japan,1993,"Chillies and peppers, green (Capsicum spp. and Pimenta spp.)",495.0,0.0,156100.0
Japan,1994,"Chillies and peppers, green (Capsicum spp. and Pimenta spp.)",1365.0,0.0,164800.0
Japan,1995,"Chillies and peppers, green (Capsicum spp. and Pimenta spp.)",2355.0,0.0,169200.0
Japan,1996,"Chillies and peppers, green (Capsicum spp. and Pimenta spp.)",3985.0,0.0,166300.0
Japan,1997,"Chillies and peppers, green (Capsicum spp. and Pimenta spp.)",5823.0,0.0,168600.0
Japan,1998,"Chillies and peppers, green (Capsicum spp. and Pimenta spp.)",8807.0,0.0,160000.0
Japan,1999,"Chillies and peppers, green (Capsicum spp. and Pimenta spp.)",11185.0,0.0,165100.0
Japan,2000,"Chillies and peppers, green (Capsicum spp. and Pimenta spp.)",16237.45,0.0,171400.0
Japan,2001,"Chillies and peppers, green (Capsicum spp. and Pimenta spp.)",21602.0,0.0,159400.0
Japan,2002,"Chillies and peppers, green (Capsicum spp. and Pimenta spp.)",23629.0,0.0,161000.0
Japan,2003,"Chillies and peppers, green (Capsicum spp. and Pimenta spp.)",23338.0,1.0,151500.0
Japan,2004,"Chillies and peppers, green (Capsicum spp. and Pimenta spp.)",24880.0,2.0,153400.0
Japan,2006,"Chillies and peppers, green (Capsicum spp. and Pimenta spp.)",23302.0,1.0,146800.0
Japan,2008,"Chillies and peppers, green (Capsicum spp. and Pimenta spp.)",22731.0,2.0,150300.0
Japan,2009,"Chillies and peppers, green (Capsicum spp. and Pimenta spp.)",25174.0,2.0,142700.0
Japan,2010,"Chillies and peppers, green (Capsicum spp. and Pimenta spp.)",25997.0,2.0,137300.0
Japan,2011,"Chillies and peppers, green (Capsicum spp. and Pimenta spp.)",27425.0,0.0,141800.0
Japan,2012,"Chillies and peppers, green (Capsicum spp. and Pimenta spp.)",33626.0,0.0,145000.0
Japan,2013,"Chillies and peppers, green (Capsicum spp. and Pimenta spp.)",34233.0,2.0,145300.0
Japan,2014,"Chillies and peppers, green (Capsicum spp. and Pimenta spp.)",34667.08,0.04,145300.0
Japan,2015,"Chillies and peppers, green (Capsicum spp. and Pimenta spp.)",39824.43,0.51,140400.0
Japan,2016,"Chillies and peppers, green (Capsicum spp. and Pimenta spp.)",40947.16,0.07,144800.0
Japan,2017,"Chillies and peppers, green (Capsicum spp. and Pimenta spp.)",44421.11,0.07,147000.0
Japan,2018,"Chillies and peppers, green (Capsicum spp. and Pimenta spp.)",40557.52,1.49,140300.0
Japan,2020,"Chillies and peppers, green (Capsicum spp. and Pimenta spp.)",37478.51,3.59,143100.0
Japan,2021,"Chillies and peppers, green (Capsicum spp. and Pimenta spp.)",33705.08,1.43,148500.0
Japan,2022,"Chillies and peppers, green (Capsicum spp. and Pimenta spp.)",29167.63,1.45,150000.0
Japan,2023,"Chillies and peppers, green (Capsicum spp. and Pimenta spp.)",25291.66,0.89,146755.31
Jordan,1993,"Chillies and peppers, green (Capsicum spp. and Pimenta spp.)",0.0,11806.0,14116.0
Jordan,1995,"Chillies and peppers, green (Capsicum spp. and Pimenta spp.)",0.0,13234.0,18434.0
Jordan,1996,"Chillies and peppers, green (Capsicum spp. and Pimenta spp.)",0.0,13234.0,16801.0
Jordan,1997,"Chillies and peppers, green (Capsicum spp. and Pimenta spp.)",0.0,16931.0,16012.0
Jordan,1999,"Chillies and peppers, green (Capsicum spp. and Pimenta spp.)",15.0,16945.0,22753.0
Jordan,2000,"Chillies and peppers, green (Capsicum spp. and Pimenta spp.)",0.0,13679.67,22034.0
Jordan,2001,"Chillies and peppers, green (Capsicum spp. and Pimenta spp.)",0.0,16271.0,21256.0
Jordan,2002,"Chillies and peppers, green (Capsicum spp. and Pimenta spp.)",8.0,19158.0,33160.0
Jordan,2003,"Chillies and peppers, green (Capsicum spp. and Pimenta spp.)",41.0,24027.0,28054.0
Jordan,2004,"Chillies and peppers, green (Capsicum spp. and Pimenta spp.)",20.0,23021.0,39102.0
Jordan,2005,"Chillies and peppers, green (Capsicum spp. and Pimenta spp.)",64.0,22380.0,38400.0
Jordan,2006,"Chillies and peppers, green (Capsicum spp. and Pimenta spp.)",78.0,25930.0,38312.0
Jordan,2007,"Chillies and peppers, green (Capsicum spp. and Pimenta spp.)",66.0,24093.0,41735.0
Jordan,2008,"Chillies and peppers, green (Capsicum spp. and Pimenta spp.)",181.0,25926.0,51527.0
Jordan,2009,"Chillies and peppers, green (Capsicum spp. and Pimenta spp.)",236.0,34588.0,43672.0
Jordan,2010,"Chillies and peppers, green (Capsicum spp. and Pimenta spp.)",309.0,36407.0,55138.0
Jordan,2011,"Chillies and peppers, green (Capsicum spp. and Pimenta spp.)",178.0,32239.0,63738.0
Jordan,2012,"Chillies and peppers, green (Capsicum spp. and Pimenta spp.)",330.0,28848.0,72178.0
Jordan,2014,"Chillies and peppers, green (Capsicum spp. and Pimenta spp.)",180.39,36639.14,66103.0
Jordan,2015,"Chillies and peppers, green (Capsicum spp. and Pimenta spp.)",172.28,51522.35,86677.0
Jordan,2016,"Chillies and peppers, green (Capsicum spp. and Pimenta spp.)",5.2,55828.15,100471.0
Jordan,2017,"Chillies and peppers, green (Capsicum spp. and Pimenta spp.)",14.47,47984.53,68566.0
Jordan,2018,"Chillies and peppers, green (Capsicum spp. and Pimenta spp.)",49.59,47879.72,80145.0
Jordan,2019,"Chillies and peppers, green (Capsicum spp. and Pimenta spp.)",0.16,45815.45,65786.0
Jordan,2020,"Chillies and peppers, green (Capsicum spp. and Pimenta spp.)",3.23,33503.6,95323.0
Jordan,2021,"Chillies and peppers, green (Capsicum spp. and Pimenta spp.)",1.66,34576.12,103022.0
Jordan,2022,"Chillies and peppers, green (Capsicum spp. and Pimenta spp.)",1.01,26338.98,86267.39
Jordan,2023,"Chillies and peppers, green (Capsicum spp. and Pimenta spp.)",1.02,44686.02,118880.0
Kazakhstan,1995,"Chillies and peppers, green (Capsicum spp. and Pimenta spp.)",71.0,90.0,15000.0
Kazakhstan,1996,"Chillies and peppers, green (Capsicum spp. and Pimenta spp.)",51.0,1164.0,20000.0
Kazakhstan,1997,"Chillies and peppers, green (Capsicum spp. and Pimenta spp.)",85.0,991.0,22000.0
Kazakhstan,1998,"Chillies and peppers, green (Capsicum spp. and Pimenta spp.)",383.0,446.0,27000.0
Kazakhstan,2000,"Chillies and peppers, green (Capsicum spp. and Pimenta spp.)",322.0,4443.0,40000.0
Kazakhstan,2001,"Chillies and peppers, green (Capsicum spp. and Pimenta spp.)",368.0,4234.0,43735.0
Kazakhstan,2002,"Chillies and peppers, green (Capsicum spp. and Pimenta spp.)",154.0,6835.0,51723.0
Kazakhstan,2003,"Chillies and peppers, green (Capsicum spp. and Pimenta spp.)",154.0,5121.0,58370.0
Kazakhstan,2004,"Chillies and peppers, green (Capsicum spp. and Pimenta spp.)",330.0,17773.0,73530.0
Kazakhstan,2005,"Chillies and peppers, green (Capsicum spp. and Pimenta spp.)",475.0,16370.0,85390.0
Kazakhstan,2006,"Chillies and peppers, green (Capsicum spp. and Pimenta spp.)",1357.0,14684.0,89570.0
Kazakhstan,2007,"Chillies and peppers, green (Capsicum spp. and Pimenta spp.)",479.0,11895.0,105830.0
Kazakhstan,2008,"Chillies and peppers, green (Capsicum spp. and Pimenta spp.)",4344.0,15316.0,121790.0
Kazakhstan,2009,"Chillies and peppers, green (Capsicum spp. and Pimenta spp.)",3062.0,15764.0,139150.0
Kazakhstan,2010,"Chillies and peppers, green (Capsicum spp. and Pimenta spp.)",2717.0,15.0,136660.0
Kazakhstan,2011,"Chillies and peppers, green (Capsicum spp. and Pimenta spp.)",21386.0,56.0,131492.9
Kazakhstan,2012,"Chillies and peppers, green (Capsicum spp. and Pimenta spp.)",26913.0,0.0,148224.7
Kazakhstan,2013,"Chillies and peppers, green (Capsicum spp. and Pimenta spp.)",17742.0,31.0,162795.6
Kazakhstan,2014,"Chillies and peppers, green (Capsicum spp. and Pimenta spp.)",31532.16,1434.04,174174.0
Kazakhstan,2015,"Chillies and peppers, green (Capsicum spp. and Pimenta spp.)",14988.88,1466.79,182570.0
Kazakhstan,2016,"Chillies and peppers, green (Capsicum spp. and Pimenta spp.)",9178.98,592.23,199800.0
Kazakhstan,2017,"Chillies and peppers, green (Capsicum spp. and Pimenta spp.)",22398.6,2254.93,203177.02
Kazakhstan,2018,"Chillies and peppers, green (Capsicum spp. and Pimenta spp.)",23860.04,6096.47,226037.15
Kazakhstan,2019,"Chillies and peppers, green (Capsicum spp. and Pimenta spp.)",18871.93,8272.0,213910.25
Kazakhstan,2020,"Chillies and peppers, green (Capsicum spp. and Pimenta spp.)",15601.88,1111.92,227547.72
Kazakhstan,2021,"Chillies and peppers, green (Capsicum spp. and Pimenta spp.)",14049.92,1505.4,236851.92
Kazakhstan,2023,"Chillies and peppers, green (Capsicum spp. and Pimenta spp.)",20646.59,1550.14,327423.73
Kenya,2003,"Chillies and peppers, green (Capsicum spp. and Pimenta spp.)",17.0,0.0,5599.0
Kenya,2004,"Chillies and peppers, green (Capsicum spp. and Pimenta spp.)",0.0,0.0,5214.0
Kenya,2005,"Chillies and peppers, green (Capsicum spp. and Pimenta spp.)",20.0,0.0,12860.0
Kenya,2006,"Chillies and peppers, green (Capsicum spp. and Pimenta spp.)",0.0,0.0,10520.0
Kenya,2007,"Chillies and peppers, green (Capsicum spp. and Pimenta spp.)",0.0,0.0,10850.0
Kenya,2008,"Chillies and peppers, green (Capsicum spp. and Pimenta spp.)",0.0,0.0,7500.0
Kenya,2009,"Chillies and peppers, green (Capsicum spp. and Pimenta spp.)",0.0,0.0,3355.0
Kenya,2010,"Chillies and peppers, green (Capsicum spp. and Pimenta spp.)",0.0,0.0,4284.0
Kenya,2011,"Chillies and peppers, green (Capsicum spp. and Pimenta spp.)",0.0,0.0,4230.0
Kenya,2012,"Chillies and peppers, green (Capsicum spp. and Pimenta spp.)",0.0,0.0,2921.0
Kenya,2013,"Chillies and peppers, green (Capsicum spp. and Pimenta spp.)",2.0,935.0,1733.0
Kenya,2015,"Chillies and peppers, green (Capsicum spp. and Pimenta spp.)",2.62,1869.57,3356.55
Kenya,2017,"Chillies and peppers, green (Capsicum spp. and Pimenta spp.)",0.61,349.93,4681.05
Kenya,2018,"Chillies and peppers, green (Capsicum spp. and Pimenta spp.)",0.6,224.15,5410.5
Kenya,2019,"Chillies and peppers, green (Capsicum spp. and Pimenta spp.)",0.3,332.91,6077.03
Kenya,2021,"Chillies and peppers, green (Capsicum spp. and Pimenta spp.)",0.0,469.88,8843.69
Kenya,2022,"Chillies and peppers, green (Capsicum spp. and Pimenta spp.)",0.45,326.43,11729.66
Kiribati,2005,"Chillies and peppers, green (Capsicum spp. and Pimenta spp.)",1.0,0.0,0.0
Kiribati,2006,"Chillies and peppers, green (Capsicum spp. and Pimenta spp.)",3.0,0.0,0.0
Kiribati,2007,"Chillies and peppers, green (Capsicum spp. and Pimenta spp.)",2.0,0.0,0.0
Kiribati,2008,"Chillies and peppers, green (Capsicum spp. and Pimenta spp.)",2.0,0.0,0.0
Kiribati,2009,"Chillies and peppers, green (Capsicum spp. and Pimenta spp.)",5.0,0.0,0.0
Kiribati,2010,"Chillies and peppers, green (Capsicum spp. and Pimenta spp.)",1.0,0.0,0.0
Kiribati,2011,"Chillies and peppers, green (Capsicum spp. and Pimenta spp.)",6.0,0.0,0.0
Kiribati,2012,"Chillies and peppers, green (Capsicum spp. and Pimenta spp.)",2.0,0.0,0.0
Kiribati,2013,"Chillies and peppers, green (Capsicum spp. and Pimenta spp.)",0.0,0.0,0.0
Kiribati,2014,"Chillies and peppers, green (Capsicum spp. and Pimenta spp.)",4.34,0.0,0.0
Kiribati,2015,"Chillies and peppers, green (Capsicum spp. and Pimenta spp.)",3.95,0.0,0.0
Kiribati,2016,"Chillies and peppers, green (Capsicum spp. and Pimenta spp.)",0.54,0.0,0.0
Kiribati,2017,"Chillies and peppers, green (Capsicum spp. and Pimenta spp.)",0.41,0.0,0.0
Kiribati,2018,"Chillies and peppers, green (Capsicum spp. and Pimenta spp.)",0.13,0.0,0.0
Kiribati,2019,"Chillies and peppers, green (Capsicum spp. and Pimenta spp.)",0.23,0.0,0.0
Kiribati,2020,"Chillies and peppers, green (Capsicum spp. and Pimenta spp.)",0.32,0.0,0.0
Kiribati,2021,"Chillies and peppers, green (Capsicum spp. and Pimenta spp.)",1.47,0.0,0.0
Kiribati,2022,"Chillies and peppers, green (Capsicum spp. and Pimenta spp.)",0.65,0.0,0.0
Kiribati,2023,"Chillies and peppers, green (Capsicum spp. and Pimenta spp.)",1.89,0.0,0.0
Kuwait,1994,"Chillies and peppers, green (Capsicum spp. and Pimenta spp.)",7531.0,1.0,1688.0
Kuwait,1995,"Chillies and peppers, green (Capsicum spp. and Pimenta spp.)",5834.0,0.0,3556.0
Kuwait,1996,"Chillies and peppers, green (Capsicum spp. and Pimenta spp.)",5734.0,1.0,4188.0
Kuwait,1997,"Chillies and peppers, green (Capsicum spp. and Pimenta spp.)",6781.0,0.0,4189.0
Kuwait,1998,"Chillies and peppers, green (Capsicum spp. and Pimenta spp.)",8750.0,3.0,4713.0
Kuwait,1999,"Chillies and peppers, green (Capsicum spp. and Pimenta spp.)",6944.0,1.0,5134.0
Kuwait,2000,"Chillies and peppers, green (Capsicum spp. and Pimenta spp.)",8041.0,5.0,5494.0
Kuwait,2001,"Chillies and peppers, green (Capsicum spp. and Pimenta spp.)",7345.0,0.0,5994.0
Kuwait,2002,"Chillies and peppers, green (Capsicum spp. and Pimenta spp.)",6775.0,0.0,5892.0
Kuwait,2003,"Chillies and peppers, green (Capsicum spp. and Pimenta spp.)",5180.0,0.0,7477.0
Kuwait,2004,"Chillies and peppers, green (Capsicum spp. and Pimenta spp.)",6785.0,0.0,7685.0
Kuwait,2005,"Chillies and peppers, green (Capsicum spp. and Pimenta spp.)",4137.0,0.0,9342.0
Kuwait,2006,"Chillies and peppers, green (Capsicum spp. and Pimenta spp.)",4614.0,0.0,10877.0
Kuwait,2007,"Chillies and peppers, green (Capsicum spp. and Pimenta spp.)",5616.0,0.0,12898.0
Kuwait,2008,"Chillies and peppers, green (Capsicum spp. and Pimenta spp.)",5886.0,0.0,16391.0
Kuwait,2009,"Chillies and peppers, green (Capsicum spp. and Pimenta spp.)",6443.0,0.0,16686.0
Kuwait,2010,"Chillies and peppers, green (Capsicum spp. and Pimenta spp.)",5660.0,0.0,16568.0
Kuwait,2011,"Chillies and peppers, green (Capsicum spp. and Pimenta spp.)",5209.0,0.0,16270.0
Kuwait,2012,"Chillies and peppers, green (Capsicum spp. and Pimenta spp.)",5290.0,0.0,16056.0
Kuwait,2014,"Chillies and peppers, green (Capsicum spp. and Pimenta spp.)",16620.05,27.73,13080.0
Kuwait,2015,"Chillies and peppers, green (Capsicum spp. and Pimenta spp.)",16582.22,1116.32,14006.0
Kuwait,2017,"Chillies and peppers, green (Capsicum spp. and Pimenta spp.)",19646.69,142.73,14063.0
Kuwait,2018,"Chillies and peppers, green (Capsicum spp. and Pimenta spp.)",19678.62,15.59,11488.0
Kuwait,2021,"Chillies and peppers, green (Capsicum spp. and Pimenta spp.)",18658.48,9.39,11407.0
Kuwait,2022,"Chillies and peppers, green (Capsicum spp. and Pimenta spp.)",19548.67,0.0,10024.0
Kuwait,2023,"Chillies and peppers, green (Capsicum spp. and Pimenta spp.)",16289.22,0.0,13470.0
Kyrgyzstan,1999,"Chillies and peppers, green (Capsicum spp. and Pimenta spp.)",9.0,1778.0,2000.0
Kyrgyzstan,2000,"Chillies and peppers, green (Capsicum spp. and Pimenta spp.)",8.0,1332.0,1500.0
Kyrgyzstan,2001,"Chillies and peppers, green (Capsicum spp. and Pimenta spp.)",0.0,961.0,1000.0
Kyrgyzstan,2002,"Chillies and peppers, green (Capsicum spp. and Pimenta spp.)",2.0,807.0,1000.0
Kyrgyzstan,2003,"Chillies and peppers, green (Capsicum spp. and Pimenta spp.)",1.0,724.0,900.0
Kyrgyzstan,2004,"Chillies and peppers, green (Capsicum spp. and Pimenta spp.)",2.0,932.0,1000.0
Kyrgyzstan,2005,"Chillies and peppers, green (Capsicum spp. and Pimenta spp.)",0.0,935.0,1100.0
Kyrgyzstan,2006,"Chillies and peppers, green (Capsicum spp. and Pimenta spp.)",0.0,579.0,1200.0
Kyrgyzstan,2007,"Chillies and peppers, green (Capsicum spp. and Pimenta spp.)",36.0,1487.0,1800.0
Kyrgyzstan,2008,"Chillies and peppers, green (Capsicum spp. and Pimenta spp.)",123.0,3204.0,3100.0
Kyrgyzstan,2009,"Chillies and peppers, green (Capsicum spp. and Pimenta spp.)",120.0,4232.0,4200.0
Kyrgyzstan,2010,"Chillies and peppers, green (Capsicum spp. and Pimenta spp.)",549.0,5122.0,5000.0
Kyrgyzstan,2012,"Chillies and peppers, green (Capsicum spp. and Pimenta spp.)",459.0,4620.0,6000.0
Kyrgyzstan,2013,"Chillies and peppers, green (Capsicum spp. and Pimenta spp.)",336.0,5375.0,8000.0
Kyrgyzstan,2014,"Chillies and peppers, green (Capsicum spp. and Pimenta spp.)",1319.87,4368.63,7000.0
Kyrgyzstan,2015,"Chillies and peppers, green (Capsicum spp. and Pimenta spp.)",758.23,783.83,8500.0
Kyrgyzstan,2017,"Chillies and peppers, green (Capsicum spp. and Pimenta spp.)",1544.27,2309.72,8227.23
Kyrgyzstan,2018,"Chillies and peppers, green (Capsicum spp. and Pimenta spp.)",756.54,640.81,8636.95
Kyrgyzstan,2019,"Chillies and peppers, green (Capsicum spp. and Pimenta spp.)",3830.46,4196.75,8351.01
Kyrgyzstan,2020,"Chillies and peppers, green (Capsicum spp. and Pimenta spp.)",2008.88,2840.64,8405.06
Kyrgyzstan,2021,"Chillies and peppers, green (Capsicum spp. and Pimenta spp.)",4126.95,6843.83,8464.34
Kyrgyzstan,2022,"Chillies and peppers, green (Capsicum spp. and Pimenta spp.)",4258.8,2773.28,8406.8
Kyrgyzstan,2023,"Chillies and peppers, green (Capsicum spp. and Pimenta spp.)",4335.24,607.02,8425.4
Lao People's Democratic Republic,2014,"Chillies and peppers, green (Capsicum spp. and Pimenta spp.)",5.52,49.53,16989.5
Lao People's Democratic Republic,2015,"Chillies and peppers, green (Capsicum spp. and Pimenta spp.)",3.18,470.0,16994.2
Lao People's Democratic Republic,2016,"Chillies and peppers, green (Capsicum spp. and Pimenta spp.)",0.47,184.4,17225.96
Lao People's Democratic Republic,2017,"Chillies and peppers, green (Capsicum spp. and Pimenta spp.)",16.02,101.15,17404.56
Lao People's Democratic Republic,2018,"Chillies and peppers, green (Capsicum spp. and Pimenta spp.)",17.8,533.14,17402.32
Lao People's Democratic Republic,2019,"Chillies and peppers, green (Capsicum spp. and Pimenta spp.)",47.75,463.02,17665.11
Lao People's Democratic Republic,2020,"Chillies and peppers, green (Capsicum spp. and Pimenta spp.)",461.78,546.01,17841.06
Lao People's Democratic Republic,2022,"Chillies and peppers, green (Capsicum spp. and Pimenta spp.)",2765.91,372.71,17431.95
Lao People's Democratic Republic,2023,"Chillies and peppers, green (Capsicum spp. and Pimenta spp.)",83.76,133.65,17548.83
Latvia,1993,"Chillies and peppers, green (Capsicum spp. and Pimenta spp.)",550.0,14.0,0.0
Latvia,1994,"Chillies and peppers, green (Capsicum spp. and Pimenta spp.)",271.0,10.0,0.0
Latvia,1995,"Chillies and peppers, green (Capsicum spp. and Pimenta spp.)",399.0,1.0,0.0
Latvia,1996,"Chillies and peppers, green (Capsicum spp. and Pimenta spp.)",541.0,1.0,0.0
Latvia,1997,"Chillies and peppers, green (Capsicum spp. and Pimenta spp.)",1117.0,2.0,0.0
Latvia,1998,"Chillies and peppers, green (Capsicum spp. and Pimenta spp.)",2265.0,0.0,0.0
Latvia,1999,"Chillies and peppers, green (Capsicum spp. and Pimenta spp.)",2976.0,0.0,0.0
Latvia,2000,"Chillies and peppers, green (Capsicum spp. and Pimenta spp.)",2694.0,3.0,0.0
Latvia,2001,"Chillies and peppers, green (Capsicum spp. and Pimenta spp.)",2752.0,1.0,0.0
Latvia,2002,"Chillies and peppers, green (Capsicum spp. and Pimenta spp.)",3354.0,2.0,0.0
Latvia,2003,"Chillies and peppers, green (Capsicum spp. and Pimenta spp.)",3395.0,2.0,0.0
Latvia,2004,"Chillies and peppers, green (Capsicum spp. and Pimenta spp.)",3476.0,10.0,0.0
Latvia,2005,"Chillies and peppers, green (Capsicum spp. and Pimenta spp.)",4081.0,180.0,0.0
Latvia,2006,"Chillies and peppers, green (Capsicum spp. and Pimenta spp.)",3906.0,148.0,0.0
Latvia,2007,"Chillies and peppers, green (Capsicum spp. and Pimenta spp.)",3732.0,243.0,0.0
Latvia,2008,"Chillies and peppers, green (Capsicum spp. and Pimenta spp.)",3525.0,208.0,0.0
Latvia,2009,"Chillies and peppers, green (Capsicum spp. and Pimenta spp.)",3159.0,356.0,0.0
Latvia,2010,"Chillies and peppers, green (Capsicum spp. and Pimenta spp.)",3176.0,384.0,0.0
Latvia,2011,"Chillies and peppers, green (Capsicum spp. and Pimenta spp.)",3722.0,679.0,0.0
Latvia,2012,"Chillies and peppers, green (Capsicum spp. and Pimenta spp.)",5087.0,1681.0,0.0
Latvia,2013,"Chillies and peppers, green (Capsicum spp. and Pimenta spp.)",5580.0,1829.0,0.0
Latvia,2014,"Chillies and peppers, green (Capsicum spp. and Pimenta spp.)",6123.1,1421.41,0.0
Latvia,2015,"Chillies and peppers, green (Capsicum spp. and Pimenta spp.)",5189.22,1276.41,0.0
Latvia,2016,"Chillies and peppers, green (Capsicum spp. and Pimenta spp.)",5081.57,910.19,0.0
Latvia,2017,"Chillies and peppers, green (Capsicum spp. and Pimenta spp.)",6052.03,986.72,0.0
Latvia,2018,"Chillies and peppers, green (Capsicum spp. and Pimenta spp.)",5942.32,1030.93,0.0
Latvia,2019,"Chillies and peppers, green (Capsicum spp. and Pimenta spp.)",6069.12,1288.72,0.0
Latvia,2020,"Chillies and peppers, green (Capsicum spp. and Pimenta spp.)",6731.18,1428.24,0.0
Latvia,2021,"Chillies and peppers, green (Capsicum spp. and Pimenta spp.)",6910.91,1630.12,0.0
Latvia,2022,"Chillies and peppers, green (Capsicum spp. and Pimenta spp.)",6707.62,1658.39,0.0
Lebanon,1993,"Chillies and peppers, green (Capsicum spp. and Pimenta spp.)",4400.0,1400.0,4500.0
Lebanon,1994,"Chillies and peppers, green (Capsicum spp. and Pimenta spp.)",1200.0,600.0,5000.0
Lebanon,1995,"Chillies and peppers, green (Capsicum spp. and Pimenta spp.)",1700.0,800.0,6000.0
Lebanon,1996,"Chillies and peppers, green (Capsicum spp. and Pimenta spp.)",2300.0,406.0,7000.0
Lebanon,1998,"Chillies and peppers, green (Capsicum spp. and Pimenta spp.)",3057.0,1531.0,7000.0
Lebanon,1999,"Chillies and peppers, green (Capsicum spp. and Pimenta spp.)",2075.0,1675.0,6400.0
Lebanon,2000,"Chillies and peppers, green (Capsicum spp. and Pimenta spp.)",3659.0,1380.0,6900.0
Lebanon,2001,"Chillies and peppers, green (Capsicum spp. and Pimenta spp.)",3711.0,1609.0,5900.0
Lebanon,2002,"Chillies and peppers, green (Capsicum spp. and Pimenta spp.)",3836.0,2096.0,4270.0
Lebanon,2003,"Chillies and peppers, green (Capsicum spp. and Pimenta spp.)",4547.0,1585.0,3600.0
Lebanon,2005,"Chillies and peppers, green (Capsicum spp. and Pimenta spp.)",3824.0,991.0,4300.0
Lebanon,2006,"Chillies and peppers, green (Capsicum spp. and Pimenta spp.)",4090.0,1073.0,7200.0
Lebanon,2007,"Chillies and peppers, green (Capsicum spp. and Pimenta spp.)",4513.0,1541.0,7800.0
Lebanon,2008,"Chillies and peppers, green (Capsicum spp. and Pimenta spp.)",4035.0,1256.0,9000.0
Lebanon,2009,"Chillies and peppers, green (Capsicum spp. and Pimenta spp.)",4011.0,1254.0,10400.0
Lebanon,2011,"Chillies and peppers, green (Capsicum spp. and Pimenta spp.)",4837.0,1265.0,23339.19
Lebanon,2012,"Chillies and peppers, green (Capsicum spp. and Pimenta spp.)",5595.0,1180.0,15670.19
Lebanon,2013,"Chillies and peppers, green (Capsicum spp. and Pimenta spp.)",3347.0,1152.0,16811.06
Lebanon,2014,"Chillies and peppers, green (Capsicum spp. and Pimenta spp.)",3656.78,1231.32,14859.49
Lebanon,2015,"Chillies and peppers, green (Capsicum spp. and Pimenta spp.)",1705.91,571.76,12646.39
Lebanon,2016,"Chillies and peppers, green (Capsicum spp. and Pimenta spp.)",2245.49,285.8,9042.0
Lebanon,2017,"Chillies and peppers, green (Capsicum spp. and Pimenta spp.)",6083.1,349.0,7226.0
Lebanon,2018,"Chillies and peppers, green (Capsicum spp. and Pimenta spp.)",784.27,192.31,8040.0
Lebanon,2020,"Chillies and peppers, green (Capsicum spp. and Pimenta spp.)",3277.78,335.33,7920.0
Lebanon,2021,"Chillies and peppers, green (Capsicum spp. and Pimenta spp.)",3685.45,73.31,7920.0
Lebanon,2022,"Chillies and peppers, green (Capsicum spp. and Pimenta spp.)",1584.23,37.91,8443.33
Lebanon,2023,"Chillies and peppers, green (Capsicum spp. and Pimenta spp.)",948.31,7.71,8713.89
Lesotho,2014,"Chillies and peppers, green (Capsicum spp. and Pimenta spp.)",263.15,0.0,0.0
Lesotho,2015,"Chillies and peppers, green (Capsicum spp. and Pimenta spp.)",402.84,0.0,0.0
Lesotho,2016,"Chillies and peppers, green (Capsicum spp. and Pimenta spp.)",223.13,0.0,0.0
Lesotho,2017,"Chillies and peppers, green (Capsicum spp. and Pimenta spp.)",321.56,0.0,0.0
Lesotho,2018,"Chillies and peppers, green (Capsicum spp. and Pimenta spp.)",122.72,0.0,0.0
Lesotho,2019,"Chillies and peppers, green (Capsicum spp. and Pimenta spp.)",178.21,0.0,0.0
Lesotho,2020,"Chillies and peppers, green (Capsicum spp. and Pimenta spp.)",211.49,0.0,0.0
Lesotho,2021,"Chillies and peppers, green (Capsicum spp. and Pimenta spp.)",209.29,0.0,0.0
Lesotho,2022,"Chillies and peppers, green (Capsicum spp. and Pimenta spp.)",284.78,0.0,0.0
Lesotho,2023,"Chillies and peppers, green (Capsicum spp. and Pimenta spp.)",245.34,0.0,0.0
Liberia,2014,"Chillies and peppers, green (Capsicum spp. and Pimenta spp.)",10.16,0.0,0.0
Liberia,2015,"Chillies and peppers, green (Capsicum spp. and Pimenta spp.)",17.62,0.0,0.0
Liberia,2017,"Chillies and peppers, green (Capsicum spp. and Pimenta spp.)",14.77,0.02,0.0
Liberia,2018,"Chillies and peppers, green (Capsicum spp. and Pimenta spp.)",82.55,0.0,0.0
Liberia,2021,"Chillies and peppers, green (Capsicum spp. and Pimenta spp.)",14.77,0.0,0.0
Liberia,2022,"Chillies and peppers, green (Capsicum spp. and Pimenta spp.)",14.62,0.0,0.0
Liberia,2023,"Chillies and peppers, green (Capsicum spp. and Pimenta spp.)",33.87,0.0,0.0
Libya,2002,"Chillies and peppers, green (Capsicum spp. and Pimenta spp.)",3.0,8.0,15999.7
Libya,2003,"Chillies and peppers, green (Capsicum spp. and Pimenta spp.)",3.0,8.0,16892.84
Libya,2004,"Chillies and peppers, green (Capsicum spp. and Pimenta spp.)",0.0,8.0,17794.07
Libya,2006,"Chillies and peppers, green (Capsicum spp. and Pimenta spp.)",0.0,8.0,19988.37
Libya,2007,"Chillies and peppers, green (Capsicum spp. and Pimenta spp.)",0.0,8.0,20983.29
Libya,2008,"Chillies and peppers, green (Capsicum spp. and Pimenta spp.)",0.0,8.0,21963.58
Libya,2009,"Chillies and peppers, green (Capsicum spp. and Pimenta spp.)",0.0,3.0,22901.79
Libya,2010,"Chillies and peppers, green (Capsicum spp. and Pimenta spp.)",520.0,6.0,24000.0
Libya,2011,"Chillies and peppers, green (Capsicum spp. and Pimenta spp.)",445.0,6.0,24198.12
Libya,2012,"Chillies and peppers, green (Capsicum spp. and Pimenta spp.)",1656.0,6.0,24500.0
Libya,2013,"Chillies and peppers, green (Capsicum spp. and Pimenta spp.)",941.0,6.0,25252.49
Libya,2014,"Chillies and peppers, green (Capsicum spp. and Pimenta spp.)",1353.12,0.0,25918.52
Libya,2015,"Chillies and peppers, green (Capsicum spp. and Pimenta spp.)",1708.86,8.0,26738.71
Libya,2016,"Chillies and peppers, green (Capsicum spp. and Pimenta spp.)",709.0,229.65,25969.9
Libya,2017,"Chillies and peppers, green (Capsicum spp. and Pimenta spp.)",352.0,229.65,25530.69
Libya,2018,"Chillies and peppers, green (Capsicum spp. and Pimenta spp.)",260.0,0.0,28770.0
Libya,2019,"Chillies and peppers, green (Capsicum spp. and Pimenta spp.)",8.48,0.0,29420.0
Libya,2020,"Chillies and peppers, green (Capsicum spp. and Pimenta spp.)",0.89,0.0,26230.0
Libya,2022,"Chillies and peppers, green (Capsicum spp. and Pimenta spp.)",199.6,0.0,25903.53
Lithuania,1994,"Chillies and peppers, green (Capsicum spp. and Pimenta spp.)",323.0,22.0,0.0
Lithuania,1995,"Chillies and peppers, green (Capsicum spp. and Pimenta spp.)",635.0,33.0,0.0
Lithuania,1996,"Chillies and peppers, green (Capsicum spp. and Pimenta spp.)",594.0,27.0,0.0
Lithuania,1997,"Chillies and peppers, green (Capsicum spp. and Pimenta spp.)",780.0,43.0,0.0
Lithuania,1998,"Chillies and peppers, green (Capsicum spp. and Pimenta spp.)",1381.0,55.0,0.0
Lithuania,1999,"Chillies and peppers, green (Capsicum spp. and Pimenta spp.)",1620.0,23.0,0.0
Lithuania,2000,"Chillies and peppers, green (Capsicum spp. and Pimenta spp.)",1595.0,17.0,0.0
Lithuania,2001,"Chillies and peppers, green (Capsicum spp. and Pimenta spp.)",1741.0,40.0,0.0
Lithuania,2002,"Chillies and peppers, green (Capsicum spp. and Pimenta spp.)",2048.0,62.0,0.0
Lithuania,2003,"Chillies and peppers, green (Capsicum spp. and Pimenta spp.)",2132.0,57.0,0.0
Lithuania,2004,"Chillies and peppers, green (Capsicum spp. and Pimenta spp.)",1956.0,112.0,0.0
Lithuania,2005,"Chillies and peppers, green (Capsicum spp. and Pimenta spp.)",2509.0,352.0,0.0
Lithuania,2006,"Chillies and peppers, green (Capsicum spp. and Pimenta spp.)",3878.0,3145.0,0.0
Lithuania,2007,"Chillies and peppers, green (Capsicum spp. and Pimenta spp.)",4499.0,7967.0,0.0
Lithuania,2008,"Chillies and peppers, green (Capsicum spp. and Pimenta spp.)",12042.0,10720.0,0.0
Lithuania,2009,"Chillies and peppers, green (Capsicum spp. and Pimenta spp.)",11838.0,9595.0,0.0
Lithuania,2010,"Chillies and peppers, green (Capsicum spp. and Pimenta spp.)",24211.0,22069.0,0.0
Lithuania,2011,"Chillies and peppers, green (Capsicum spp. and Pimenta spp.)",34181.0,32107.0,0.0
Lithuania,2012,"Chillies and peppers, green (Capsicum spp. and Pimenta spp.)",42401.0,40519.0,0.0
Lithuania,2013,"Chillies and peppers, green (Capsicum spp. and Pimenta spp.)",47147.0,43713.0,0.0
Lithuania,2014,"Chillies and peppers, green (Capsicum spp. and Pimenta spp.)",48882.42,43601.8,0.0
Lithuania,2015,"Chillies and peppers, green (Capsicum spp. and Pimenta spp.)",34938.9,31366.53,0.0
Lithuania,2016,"Chillies and peppers, green (Capsicum spp. and Pimenta spp.)",20653.59,15248.79,0.0
Lithuania,2017,"Chillies and peppers, green (Capsicum spp. and Pimenta spp.)",28533.99,22841.72,0.0
Lithuania,2018,"Chillies and peppers, green (Capsicum spp. and Pimenta spp.)",23071.02,15777.84,0.0
Lithuania,2019,"Chillies and peppers, green (Capsicum spp. and Pimenta spp.)",11278.33,5497.74,0.0
Lithuania,2020,"Chillies and peppers, green (Capsicum spp. and Pimenta spp.)",10212.09,4146.84,0.0
Lithuania,2021,"Chillies and peppers, green (Capsicum spp. and Pimenta spp.)",8674.46,2469.61,0.0
Lithuania,2022,"Chillies and peppers, green (Capsicum spp. and Pimenta spp.)",7286.07,1221.86,0.0
Lithuania,2023,"Chillies and peppers, green (Capsicum spp. and Pimenta spp.)",7977.33,1256.92,0.0
Luxembourg,2000,"Chillies and peppers, green (Capsicum spp. and Pimenta spp.)",766.0,52.0,0.0
Luxembourg,2001,"Chillies and peppers, green (Capsicum spp. and Pimenta spp.)",756.0,68.0,0.0
Luxembourg,2002,"Chillies and peppers, green (Capsicum spp. and Pimenta spp.)",686.0,48.0,0.0
Luxembourg,2003,"Chillies and peppers, green (Capsicum spp. and Pimenta spp.)",852.0,40.0,0.0
Luxembourg,2004,"Chillies and peppers, green (Capsicum spp. and Pimenta spp.)",692.0,33.0,0.0
Luxembourg,2005,"Chillies and peppers, green (Capsicum spp. and Pimenta spp.)",581.0,36.0,0.0
Luxembourg,2006,"Chillies and peppers, green (Capsicum spp. and Pimenta spp.)",896.0,75.0,0.0
Luxembourg,2007,"Chillies and peppers, green (Capsicum spp. and Pimenta spp.)",996.0,78.0,0.0
Luxembourg,2008,"Chillies and peppers, green (Capsicum spp. and Pimenta spp.)",1000.0,81.0,0.0
Luxembourg,2009,"Chillies and peppers, green (Capsicum spp. and Pimenta spp.)",813.0,91.0,0.0
Luxembourg,2010,"Chillies and peppers, green (Capsicum spp. and Pimenta spp.)",1194.0,127.0,0.0
Luxembourg,2011,"Chillies and peppers, green (Capsicum spp. and Pimenta spp.)",1247.0,141.0,0.0
Luxembourg,2012,"Chillies and peppers, green (Capsicum spp. and Pimenta spp.)",1215.0,114.0,0.0
Luxembourg,2013,"Chillies and peppers, green (Capsicum spp. and Pimenta spp.)",1248.0,118.0,0.0
Luxembourg,2014,"Chillies and peppers, green (Capsicum spp. and Pimenta spp.)",1349.73,139.5,0.0
Luxembourg,2015,"Chillies and peppers, green (Capsicum spp. and Pimenta spp.)",1413.82,139.63,0.0
Luxembourg,2016,"Chillies and peppers, green (Capsicum spp. and Pimenta spp.)",1754.07,149.07,0.0
Luxembourg,2017,"Chillies and peppers, green (Capsicum spp. and Pimenta spp.)",1747.53,145.14,0.0
Luxembourg,2018,"Chillies and peppers, green (Capsicum spp. and Pimenta spp.)",1886.1,170.97,0.0
Luxembourg,2019,"Chillies and peppers, green (Capsicum spp. and Pimenta spp.)",1881.58,192.74,0.0
Luxembourg,2020,"Chillies and peppers, green (Capsicum spp. and Pimenta spp.)",2019.48,174.47,0.0
Luxembourg,2021,"Chillies and peppers, green (Capsicum spp. and Pimenta spp.)",1948.86,207.23,0.0
Luxembourg,2022,"Chillies and peppers, green (Capsicum spp. and Pimenta spp.)",2078.47,222.36,0.0
Luxembourg,2023,"Chillies and peppers, green (Capsicum spp. and Pimenta spp.)",2149.14,199.33,0.0
Madagascar,2006,"Chillies and peppers, green (Capsicum spp. and Pimenta spp.)",0.0,58.0,210.93
Madagascar,2008,"Chillies and peppers, green (Capsicum spp. and Pimenta spp.)",0.0,78.0,252.52
Madagascar,2009,"Chillies and peppers, green (Capsicum spp. and Pimenta spp.)",0.0,91.0,273.33
Madagascar,2010,"Chillies and peppers, green (Capsicum spp. and Pimenta spp.)",0.0,70.0,293.35
Madagascar,2011,"Chillies and peppers, green (Capsicum spp. and Pimenta spp.)",0.0,62.0,312.58
Madagascar,2013,"Chillies and peppers, green (Capsicum spp. and Pimenta spp.)",0.0,66.0,340.0
Madagascar,2016,"Chillies and peppers, green (Capsicum spp. and Pimenta spp.)",0.2,28.0,420.15
Madagascar,2017,"Chillies and peppers, green (Capsicum spp. and Pimenta spp.)",1.5,37.88,435.89
Madagascar,2019,"Chillies and peppers, green (Capsicum spp. and Pimenta spp.)",1.02,55.03,467.75
Madagascar,2021,"Chillies and peppers, green (Capsicum spp. and Pimenta spp.)",0.43,57.19,501.74
Madagascar,2023,"Chillies and peppers, green (Capsicum spp. and Pimenta spp.)",0.87,52.08,560.73
Malawi,2011,"Chillies and peppers, green (Capsicum spp. and Pimenta spp.)",9.0,0.0,0.0
Malawi,2012,"Chillies and peppers, green (Capsicum spp. and Pimenta spp.)",6.0,0.0,0.0
Malawi,2013,"Chillies and peppers, green (Capsicum spp. and Pimenta spp.)",5.0,0.0,0.0
Malawi,2014,"Chillies and peppers, green (Capsicum spp. and Pimenta spp.)",4.52,0.0,0.0
Malawi,2015,"Chillies and peppers, green (Capsicum spp. and Pimenta spp.)",12.38,0.0,0.0
Malawi,2016,"Chillies and peppers, green (Capsicum spp. and Pimenta spp.)",24.87,0.0,0.0
Malawi,2017,"Chillies and peppers, green (Capsicum spp. and Pimenta spp.)",21.72,0.0,294.0
Malawi,2018,"Chillies and peppers, green (Capsicum spp. and Pimenta spp.)",21.82,0.0,1228.0
Malawi,2019,"Chillies and peppers, green (Capsicum spp. and Pimenta spp.)",24.49,0.0,507.33
Malawi,2020,"Chillies and peppers, green (Capsicum spp. and Pimenta spp.)",96.04,0.0,676.44
Malawi,2021,"Chillies and peppers, green (Capsicum spp. and Pimenta spp.)",98.85,0.45,803.93
Malaysia,1996,"Chillies and peppers, green (Capsicum spp. and Pimenta spp.)",13503.0,0.0,23000.0
Malaysia,1997,"Chillies and peppers, green (Capsicum spp. and Pimenta spp.)",5700.0,0.0,23000.0
Malaysia,1998,"Chillies and peppers, green (Capsicum spp. and Pimenta spp.)",0.0,0.0,23000.0
Malaysia,1999,"Chillies and peppers, green (Capsicum spp. and Pimenta spp.)",0.0,0.0,25000.0
Malaysia,2000,"Chillies and peppers, green (Capsicum spp. and Pimenta spp.)",0.0,0.0,25000.0
Malaysia,2001,"Chillies and peppers, green (Capsicum spp. and Pimenta spp.)",0.0,0.0,25000.0
Malaysia,2002,"Chillies and peppers, green (Capsicum spp. and Pimenta spp.)",0.0,0.0,27000.0
Malaysia,2003,"Chillies and peppers, green (Capsicum spp. and Pimenta spp.)",0.0,0.0,27000.0
Malaysia,2004,"Chillies and peppers, green (Capsicum spp. and Pimenta spp.)",0.0,0.0,27000.0
Malaysia,2005,"Chillies and peppers, green (Capsicum spp. and Pimenta spp.)",0.0,0.0,29000.0
Malaysia,2006,"Chillies and peppers, green (Capsicum spp. and Pimenta spp.)",0.0,0.0,29000.0
Malaysia,2007,"Chillies and peppers, green (Capsicum spp. and Pimenta spp.)",0.0,0.0,33032.0
Malaysia,2008,"Chillies and peppers, green (Capsicum spp. and Pimenta spp.)",42271.0,7895.0,30796.0
Malaysia,2009,"Chillies and peppers, green (Capsicum spp. and Pimenta spp.)",44180.0,7938.0,34823.0
Malaysia,2010,"Chillies and peppers, green (Capsicum spp. and Pimenta spp.)",39399.0,10148.0,29538.0
Malaysia,2011,"Chillies and peppers, green (Capsicum spp. and Pimenta spp.)",40240.0,8968.0,28766.0
Malaysia,2012,"Chillies and peppers, green (Capsicum spp. and Pimenta spp.)",43138.0,6771.0,40097.0
Malaysia,2013,"Chillies and peppers, green (Capsicum spp. and Pimenta spp.)",43950.0,6728.0,59775.0
Malaysia,2014,"Chillies and peppers, green (Capsicum spp. and Pimenta spp.)",49108.75,6450.23,40521.0
Malaysia,2016,"Chillies and peppers, green (Capsicum spp. and Pimenta spp.)",55903.95,6209.71,43738.0
Malaysia,2017,"Chillies and peppers, green (Capsicum spp. and Pimenta spp.)",55353.18,6742.24,27358.44
Malaysia,2018,"Chillies and peppers, green (Capsicum spp. and Pimenta spp.)",63489.92,6446.93,24428.32
Malaysia,2019,"Chillies and peppers, green (Capsicum spp. and Pimenta spp.)",68078.9,6788.71,27631.11
Malaysia,2020,"Chillies and peppers, green (Capsicum spp. and Pimenta spp.)",68999.47,5840.26,28264.36
Malaysia,2021,"Chillies and peppers, green (Capsicum spp. and Pimenta spp.)",76521.73,6966.35,36403.38
Malaysia,2022,"Chillies and peppers, green (Capsicum spp. and Pimenta spp.)",83874.51,6042.75,39178.34
Malaysia,2023,"Chillies and peppers, green (Capsicum spp. and Pimenta spp.)",84275.1,6130.83,35046.07
Maldives,1994,"Chillies and peppers, green (Capsicum spp. and Pimenta spp.)",228.0,0.0,199.99
Maldives,1995,"Chillies and peppers, green (Capsicum spp. and Pimenta spp.)",281.0,0.0,200.0
Maldives,1996,"Chillies and peppers, green (Capsicum spp. and Pimenta spp.)",300.0,0.0,190.08
Maldives,1997,"Chillies and peppers, green (Capsicum spp. and Pimenta spp.)",317.0,0.0,185.49
Maldives,1998,"Chillies and peppers, green (Capsicum spp. and Pimenta spp.)",394.0,0.0,170.0
Maldives,1999,"Chillies and peppers, green (Capsicum spp. and Pimenta spp.)",453.0,0.0,117.0
Maldives,2000,"Chillies and peppers, green (Capsicum spp. and Pimenta spp.)",465.0,0.0,312.0
Maldives,2001,"Chillies and peppers, green (Capsicum spp. and Pimenta spp.)",470.0,0.0,44.0
Maldives,2002,"Chillies and peppers, green (Capsicum spp. and Pimenta spp.)",483.0,0.0,40.0
Maldives,2003,"Chillies and peppers, green (Capsicum spp. and Pimenta spp.)",529.0,0.0,35.0
Maldives,2004,"Chillies and peppers, green (Capsicum spp. and Pimenta spp.)",558.0,0.0,104.0
Maldives,2005,"Chillies and peppers, green (Capsicum spp. and Pimenta spp.)",512.0,0.0,87.0
Maldives,2007,"Chillies and peppers, green (Capsicum spp. and Pimenta spp.)",511.0,0.0,63.0
Maldives,2008,"Chillies and peppers, green (Capsicum spp. and Pimenta spp.)",515.0,0.0,59.0
Maldives,2009,"Chillies and peppers, green (Capsicum spp. and Pimenta spp.)",500.0,0.0,80.0
Maldives,2011,"Chillies and peppers, green (Capsicum spp. and Pimenta spp.)",623.0,0.0,129.63
Maldives,2012,"Chillies and peppers, green (Capsicum spp. and Pimenta spp.)",661.0,0.0,126.68
Maldives,2013,"Chillies and peppers, green (Capsicum spp. and Pimenta spp.)",753.0,0.0,119.78
Maldives,2014,"Chillies and peppers, green (Capsicum spp. and Pimenta spp.)",853.17,0.0,109.93
Maldives,2015,"Chillies and peppers, green (Capsicum spp. and Pimenta spp.)",945.2,0.0,107.55
Maldives,2016,"Chillies and peppers, green (Capsicum spp. and Pimenta spp.)",1288.7,0.0,102.78
Maldives,2017,"Chillies and peppers, green (Capsicum spp. and Pimenta spp.)",1281.41,0.0,105.0
Maldives,2018,"Chillies and peppers, green (Capsicum spp. and Pimenta spp.)",1404.89,0.0,63.0
Maldives,2019,"Chillies and peppers, green (Capsicum spp. and Pimenta spp.)",1739.26,0.05,54.0
Maldives,2021,"Chillies and peppers, green (Capsicum spp. and Pimenta spp.)",1495.35,0.05,2.02
Maldives,2022,"Chillies and peppers, green (Capsicum spp. and Pimenta spp.)",1730.76,0.0,3.73
Maldives,2023,"Chillies and peppers, green (Capsicum spp. and Pimenta spp.)",1663.87,0.0,51.36
Mali,2002,"Chillies and peppers, green (Capsicum spp. and Pimenta spp.)",1.0,5.0,1923.0
Mali,2003,"Chillies and peppers, green (Capsicum spp. and Pimenta spp.)",0.0,0.0,3420.0
Mali,2004,"Chillies and peppers, green (Capsicum spp. and Pimenta spp.)",0.0,2.0,3838.0
Mali,2005,"Chillies and peppers, green (Capsicum spp. and Pimenta spp.)",0.0,2.0,4189.0
Mali,2006,"Chillies and peppers, green (Capsicum spp. and Pimenta spp.)",0.0,1.0,3838.0
Mali,2007,"Chillies and peppers, green (Capsicum spp. and Pimenta spp.)",0.0,0.0,16804.0
Mali,2008,"Chillies and peppers, green (Capsicum spp. and Pimenta spp.)",0.0,0.0,17000.0
Mali,2009,"Chillies and peppers, green (Capsicum spp. and Pimenta spp.)",0.0,0.0,18241.91
Mali,2010,"Chillies and peppers, green (Capsicum spp. and Pimenta spp.)",0.0,0.0,20407.72
Mali,2011,"Chillies and peppers, green (Capsicum spp. and Pimenta spp.)",0.0,0.0,23033.95
Mali,2013,"Chillies and peppers, green (Capsicum spp. and Pimenta spp.)",83.0,9.0,25473.0
Mali,2015,"Chillies and peppers, green (Capsicum spp. and Pimenta spp.)",176.55,0.05,27573.0
Mali,2016,"Chillies and peppers, green (Capsicum spp. and Pimenta spp.)",599.97,125.34,33014.81
Mali,2018,"Chillies and peppers, green (Capsicum spp. and Pimenta spp.)",454.05,1578.4,44244.0
Mali,2019,"Chillies and peppers, green (Capsicum spp. and Pimenta spp.)",255.83,574.4,42850.0
Mali,2020,"Chillies and peppers, green (Capsicum spp. and Pimenta spp.)",1106.08,492.11,38891.17
Mali,2021,"Chillies and peppers, green (Capsicum spp. and Pimenta spp.)",287.66,1125.22,35380.0
Mali,2022,"Chillies and peppers, green (Capsicum spp. and Pimenta spp.)",242.26,2411.59,25140.0
Mali,2023,"Chillies and peppers, green (Capsicum spp. and Pimenta spp.)",181.76,2224.22,25140.0
Malta,1994,"Chillies and peppers, green (Capsicum spp. and Pimenta spp.)",24.0,0.0,0.0
Malta,1995,"Chillies and peppers, green (Capsicum spp. and Pimenta spp.)",32.0,0.0,0.0
Malta,1996,"Chillies and peppers, green (Capsicum spp. and Pimenta spp.)",34.0,0.0,0.0
Malta,1997,"Chillies and peppers, green (Capsicum spp. and Pimenta spp.)",33.0,0.0,0.0
Malta,1998,"Chillies and peppers, green (Capsicum spp. and Pimenta spp.)",49.0,0.0,0.0
Malta,1999,"Chillies and peppers, green (Capsicum spp. and Pimenta spp.)",43.0,0.0,0.0
Malta,2000,"Chillies and peppers, green (Capsicum spp. and Pimenta spp.)",34.0,0.0,0.0
Malta,2002,"Chillies and peppers, green (Capsicum spp. and Pimenta spp.)",65.0,0.0,0.0
Malta,2003,"Chillies and peppers, green (Capsicum spp. and Pimenta spp.)",69.0,0.0,0.0
Malta,2004,"Chillies and peppers, green (Capsicum spp. and Pimenta spp.)",132.0,0.0,0.0
Malta,2005,"Chillies and peppers, green (Capsicum spp. and Pimenta spp.)",213.0,0.0,0.0
Malta,2006,"Chillies and peppers, green (Capsicum spp. and Pimenta spp.)",265.0,0.0,0.0
Malta,2007,"Chillies and peppers, green (Capsicum spp. and Pimenta spp.)",217.0,0.0,0.0
Malta,2009,"Chillies and peppers, green (Capsicum spp. and Pimenta spp.)",365.0,0.0,0.0
Malta,2010,"Chillies and peppers, green (Capsicum spp. and Pimenta spp.)",229.0,0.0,0.0
Malta,2011,"Chillies and peppers, green (Capsicum spp. and Pimenta spp.)",497.0,0.0,0.0
Malta,2012,"Chillies and peppers, green (Capsicum spp. and Pimenta spp.)",474.0,0.0,0.0
Malta,2013,"Chillies and peppers, green (Capsicum spp. and Pimenta spp.)",353.0,0.0,0.0
Malta,2014,"Chillies and peppers, green (Capsicum spp. and Pimenta spp.)",286.2,0.0,0.0
Malta,2016,"Chillies and peppers, green (Capsicum spp. and Pimenta spp.)",703.27,0.0,0.0
Malta,2017,"Chillies and peppers, green (Capsicum spp. and Pimenta spp.)",674.51,0.0,0.0
Malta,2018,"Chillies and peppers, green (Capsicum spp. and Pimenta spp.)",641.05,0.0,0.0
Malta,2019,"Chillies and peppers, green (Capsicum spp. and Pimenta spp.)",751.51,0.0,0.0
Malta,2020,"Chillies and peppers, green (Capsicum spp. and Pimenta spp.)",642.47,0.0,0.0
Malta,2021,"Chillies and peppers, green (Capsicum spp. and Pimenta spp.)",924.43,0.37,0.0
Malta,2022,"Chillies and peppers, green (Capsicum spp. and Pimenta spp.)",915.45,0.16,0.0
Malta,2023,"Chillies and peppers, green (Capsicum spp. and Pimenta spp.)",1178.83,0.85,0.0
Mauritania,2001,"Chillies and peppers, green (Capsicum spp. and Pimenta spp.)",24.0,0.0,0.0
Mauritania,2002,"Chillies and peppers, green (Capsicum spp. and Pimenta spp.)",18.0,0.0,0.0
Mauritania,2003,"Chillies and peppers, green (Capsicum spp. and Pimenta spp.)",28.0,0.0,0.0
Mauritania,2004,"Chillies and peppers, green (Capsicum spp. and Pimenta spp.)",21.0,0.0,0.0
Mauritania,2005,"Chillies and peppers, green (Capsicum spp. and Pimenta spp.)",0.0,0.0,0.0
Mauritania,2006,"Chillies and peppers, green (Capsicum spp. and Pimenta spp.)",1.0,0.0,0.0
Mauritania,2007,"Chillies and peppers, green (Capsicum spp. and Pimenta spp.)",6.0,0.0,0.0
Mauritania,2008,"Chillies and peppers, green (Capsicum spp. and Pimenta spp.)",0.0,0.0,0.0
Mauritania,2009,"Chillies and peppers, green (Capsicum spp. and Pimenta spp.)",0.0,0.0,0.0
Mauritania,2010,"Chillies and peppers, green (Capsicum spp. and Pimenta spp.)",0.0,0.0,0.0
Mauritania,2011,"Chillies and peppers, green (Capsicum spp. and Pimenta spp.)",0.0,0.0,0.0
Mauritania,2012,"Chillies and peppers, green (Capsicum spp. and Pimenta spp.)",0.0,0.0,0.0
Mauritania,2013,"Chillies and peppers, green (Capsicum spp. and Pimenta spp.)",0.0,0.0,0.0
Mauritania,2014,"Chillies and peppers, green (Capsicum spp. and Pimenta spp.)",2000.0,0.0,0.0
Mauritania,2015,"Chillies and peppers, green (Capsicum spp. and Pimenta spp.)",4875.11,0.0,0.0
Mauritania,2016,"Chillies and peppers, green (Capsicum spp. and Pimenta spp.)",2000.0,0.0,0.0
Mauritania,2017,"Chillies and peppers, green (Capsicum spp. and Pimenta spp.)",2000.0,0.0,0.0
Mauritania,2018,"Chillies and peppers, green (Capsicum spp. and Pimenta spp.)",0.33,0.0,0.0
Mauritania,2022,"Chillies and peppers, green (Capsicum spp. and Pimenta spp.)",13.05,0.0,0.0
Mauritania,2023,"Chillies and peppers, green (Capsicum spp. and Pimenta spp.)",79.33,0.0,0.0
Mauritius,1995,"Chillies and peppers, green (Capsicum spp. and Pimenta spp.)",9.0,12.0,955.0
Mauritius,1996,"Chillies and peppers, green (Capsicum spp. and Pimenta spp.)",10.0,47.0,1105.0
Mauritius,1997,"Chillies and peppers, green (Capsicum spp. and Pimenta spp.)",14.0,25.0,987.0
Mauritius,1998,"Chillies and peppers, green (Capsicum spp. and Pimenta spp.)",33.0,9.0,1076.0
Mauritius,1999,"Chillies and peppers, green (Capsicum spp. and Pimenta spp.)",36.0,7.0,795.0
Mauritius,2000,"Chillies and peppers, green (Capsicum spp. and Pimenta spp.)",70.87,8.73,905.0
Mauritius,2001,"Chillies and peppers, green (Capsicum spp. and Pimenta spp.)",92.0,19.0,1031.0
Mauritius,2002,"Chillies and peppers, green (Capsicum spp. and Pimenta spp.)",147.0,13.0,826.0
Mauritius,2003,"Chillies and peppers, green (Capsicum spp. and Pimenta spp.)",167.0,21.0,1056.0
Mauritius,2004,"Chillies and peppers, green (Capsicum spp. and Pimenta spp.)",188.0,32.0,1340.0
Mauritius,2005,"Chillies and peppers, green (Capsicum spp. and Pimenta spp.)",195.0,25.0,1169.0
Mauritius,2006,"Chillies and peppers, green (Capsicum spp. and Pimenta spp.)",181.0,50.0,1517.0
Mauritius,2007,"Chillies and peppers, green (Capsicum spp. and Pimenta spp.)",200.0,42.0,1438.0
Mauritius,2008,"Chillies and peppers, green (Capsicum spp. and Pimenta spp.)",265.0,54.0,969.0
Mauritius,2009,"Chillies and peppers, green (Capsicum spp. and Pimenta spp.)",319.0,37.0,1228.0
Mauritius,2010,"Chillies and peppers, green (Capsicum spp. and Pimenta spp.)",229.0,2.0,1329.0
Mauritius,2011,"Chillies and peppers, green (Capsicum spp. and Pimenta spp.)",187.0,21.0,1383.0
Mauritius,2012,"Chillies and peppers, green (Capsicum spp. and Pimenta spp.)",169.0,18.0,1471.0
Mauritius,2013,"Chillies and peppers, green (Capsicum spp. and Pimenta spp.)",155.0,11.0,1492.0
Mauritius,2014,"Chillies and peppers, green (Capsicum spp. and Pimenta spp.)",229.49,6.99,1674.0
Mauritius,2015,"Chillies and peppers, green (Capsicum spp. and Pimenta spp.)",281.69,2.47,1491.0
Mauritius,2016,"Chillies and peppers, green (Capsicum spp. and Pimenta spp.)",300.48,5.13,1902.9
Mauritius,2017,"Chillies and peppers, green (Capsicum spp. and Pimenta spp.)",313.3,2.81,2030.0
Mauritius,2018,"Chillies and peppers, green (Capsicum spp. and Pimenta spp.)",242.72,0.47,1395.0
Mauritius,2019,"Chillies and peppers, green (Capsicum spp. and Pimenta spp.)",275.39,0.48,1988.0
Mauritius,2020,"Chillies and peppers, green (Capsicum spp. and Pimenta spp.)",109.23,0.0,2553.0
Mauritius,2021,"Chillies and peppers, green (Capsicum spp. and Pimenta spp.)",1.4,0.26,2942.0
Mauritius,2022,"Chillies and peppers, green (Capsicum spp. and Pimenta spp.)",17.8,0.4,2959.0
Mauritius,2023,"Chillies and peppers, green (Capsicum spp. and Pimenta spp.)",122.62,0.0,3172.0
Mexico,1993,"Chillies and peppers, green (Capsicum spp. and Pimenta spp.)",2656.0,170499.0,875527.0
Mexico,1994,"Chillies and peppers, green (Capsicum spp. and Pimenta spp.)",2547.0,194722.0,766715.0
Mexico,1995,"Chillies and peppers, green (Capsicum spp. and Pimenta spp.)",1037.0,253587.0,918491.0
Mexico,1996,"Chillies and peppers, green (Capsicum spp. and Pimenta spp.)",711.0,298676.0,982447.0
Mexico,1997,"Chillies and peppers, green (Capsicum spp. and Pimenta spp.)",2796.0,294718.0,1445723.0
Mexico,1998,"Chillies and peppers, green (Capsicum spp. and Pimenta spp.)",2675.0,299857.0,1849559.0
Mexico,1999,"Chillies and peppers, green (Capsicum spp. and Pimenta spp.)",1878.0,325577.0,1797197.0
Mexico,2000,"Chillies and peppers, green (Capsicum spp. and Pimenta spp.)",3394.07,325144.3,1734630.0
Mexico,2001,"Chillies and peppers, green (Capsicum spp. and Pimenta spp.)",4945.0,334325.0,1870890.0
Mexico,2002,"Chillies and peppers, green (Capsicum spp. and Pimenta spp.)",4089.0,374189.0,1784540.0
Mexico,2003,"Chillies and peppers, green (Capsicum spp. and Pimenta spp.)",5746.0,401117.0,1853610.0
Mexico,2004,"Chillies and peppers, green (Capsicum spp. and Pimenta spp.)",6974.0,432960.0,1431258.0
Mexico,2005,"Chillies and peppers, green (Capsicum spp. and Pimenta spp.)",3412.0,478066.0,1617264.0
Mexico,2006,"Chillies and peppers, green (Capsicum spp. and Pimenta spp.)",4791.0,517832.0,1681277.0
Mexico,2007,"Chillies and peppers, green (Capsicum spp. and Pimenta spp.)",7649.0,530896.0,1890428.0
Mexico,2008,"Chillies and peppers, green (Capsicum spp. and Pimenta spp.)",7086.0,580864.0,2054968.0
Mexico,2009,"Chillies and peppers, green (Capsicum spp. and Pimenta spp.)",4767.0,608644.0,1941564.0
Mexico,2010,"Chillies and peppers, green (Capsicum spp. and Pimenta spp.)",6440.0,644560.0,2335562.0
Mexico,2011,"Chillies and peppers, green (Capsicum spp. and Pimenta spp.)",4713.0,699657.0,2131740.0
Mexico,2012,"Chillies and peppers, green (Capsicum spp. and Pimenta spp.)",6473.0,767860.0,2379736.0
Mexico,2013,"Chillies and peppers, green (Capsicum spp. and Pimenta spp.)",3616.0,793501.0,2294400.0
Mexico,2014,"Chillies and peppers, green (Capsicum spp. and Pimenta spp.)",3852.7,818039.53,2382988.59
Mexico,2015,"Chillies and peppers, green (Capsicum spp. and Pimenta spp.)",2639.09,856890.27,2389828.87
Mexico,2016,"Chillies and peppers, green (Capsicum spp. and Pimenta spp.)",2124.97,949662.02,2737028.11
Mexico,2017,"Chillies and peppers, green (Capsicum spp. and Pimenta spp.)",2098.86,1037393.89,3296874.66
Mexico,2019,"Chillies and peppers, green (Capsicum spp. and Pimenta spp.)",1975.84,1071412.93,2717393.53
Mexico,2020,"Chillies and peppers, green (Capsicum spp. and Pimenta spp.)",3064.47,1138288.2,2818442.96
Mexico,2022,"Chillies and peppers, green (Capsicum spp. and Pimenta spp.)",3024.68,1110341.69,2577010.05
Mongolia,1997,"Chillies and peppers, green (Capsicum spp. and Pimenta spp.)",7.0,0.0,0.0
Mongolia,1999,"Chillies and peppers, green (Capsicum spp. and Pimenta spp.)",0.0,0.0,0.0
Mongolia,2000,"Chillies and peppers, green (Capsicum spp. and Pimenta spp.)",8.0,0.0,0.0
Mongolia,2001,"Chillies and peppers, green (Capsicum spp. and Pimenta spp.)",1.0,0.0,0.0
Mongolia,2002,"Chillies and peppers, green (Capsicum spp. and Pimenta spp.)",77.0,0.0,0.0
Mongolia,2003,"Chillies and peppers, green (Capsicum spp. and Pimenta spp.)",218.0,0.0,0.0
Mongolia,2004,"Chillies and peppers, green (Capsicum spp. and Pimenta spp.)",268.0,0.0,0.0
Mongolia,2005,"Chillies and peppers, green (Capsicum spp. and Pimenta spp.)",287.0,0.0,0.0
Mongolia,2006,"Chillies and peppers, green (Capsicum spp. and Pimenta spp.)",534.0,0.0,0.0
Mongolia,2007,"Chillies and peppers, green (Capsicum spp. and Pimenta spp.)",658.0,0.0,0.0
Mongolia,2008,"Chillies and peppers, green (Capsicum spp. and Pimenta spp.)",650.0,0.0,0.0
Mongolia,2009,"Chillies and peppers, green (Capsicum spp. and Pimenta spp.)",700.0,0.0,0.0
Mongolia,2010,"Chillies and peppers, green (Capsicum spp. and Pimenta spp.)",750.0,0.0,0.0
Mongolia,2011,"Chillies and peppers, green (Capsicum spp. and Pimenta spp.)",800.0,0.0,0.0
Mongolia,2012,"Chillies and peppers, green (Capsicum spp. and Pimenta spp.)",9021.0,0.0,0.0
Mongolia,2013,"Chillies and peppers, green (Capsicum spp. and Pimenta spp.)",9725.0,0.0,0.0
Mongolia,2014,"Chillies and peppers, green (Capsicum spp. and Pimenta spp.)",6424.15,0.0,0.0
Mongolia,2015,"Chillies and peppers, green (Capsicum spp. and Pimenta spp.)",2807.4,0.0,0.0
Mongolia,2016,"Chillies and peppers, green (Capsicum spp. and Pimenta spp.)",3010.74,0.0,0.0
Mongolia,2017,"Chillies and peppers, green (Capsicum spp. and Pimenta spp.)",4707.23,0.0,0.0
Mongolia,2018,"Chillies and peppers, green (Capsicum spp. and Pimenta spp.)",5067.96,0.0,0.0
Mongolia,2019,"Chillies and peppers, green (Capsicum spp. and Pimenta spp.)",5086.1,0.0,0.0
Mongolia,2020,"Chillies and peppers, green (Capsicum spp. and Pimenta spp.)",16272.24,0.0,0.0
Mongolia,2021,"Chillies and peppers, green (Capsicum spp. and Pimenta spp.)",18333.51,0.0,0.0
Mongolia,2022,"Chillies and peppers, green (Capsicum spp. and Pimenta spp.)",7469.79,0.0,0.0
Montenegro,2007,"Chillies and peppers, green (Capsicum spp. and Pimenta spp.)",576.0,239.0,2612.0
Montenegro,2008,"Chillies and peppers, green (Capsicum spp. and Pimenta spp.)",1629.0,75.0,2768.0
Montenegro,2009,"Chillies and peppers, green (Capsicum spp. and Pimenta spp.)",2304.0,142.0,2626.0
Montenegro,2010,"Chillies and peppers, green (Capsicum spp. and Pimenta spp.)",2907.0,467.0,2758.0
Montenegro,2011,"Chillies and peppers, green (Capsicum spp. and Pimenta spp.)",3085.0,334.0,2842.0
Montenegro,2012,"Chillies and peppers, green (Capsicum spp. and Pimenta spp.)",3415.0,265.0,2690.0
Montenegro,2013,"Chillies and peppers, green (Capsicum spp. and Pimenta spp.)",2609.0,54.0,2776.0
Montenegro,2014,"Chillies and peppers, green (Capsicum spp. and Pimenta spp.)",2347.93,50.05,2569.0
Montenegro,2015,"Chillies and peppers, green (Capsicum spp. and Pimenta spp.)",2966.82,39.39,4500.0
Montenegro,2016,"Chillies and peppers, green (Capsicum spp. and Pimenta spp.)",3265.35,0.78,5643.8
Montenegro,2017,"Chillies and peppers, green (Capsicum spp. and Pimenta spp.)",3448.58,5.03,5479.2
Montenegro,2018,"Chillies and peppers, green (Capsicum spp. and Pimenta spp.)",2806.09,50.05,5546.0
Montenegro,2019,"Chillies and peppers, green (Capsicum spp. and Pimenta spp.)",3262.93,27.98,3238.0
Montenegro,2020,"Chillies and peppers, green (Capsicum spp. and Pimenta spp.)",2766.24,20.34,3437.0
Montenegro,2021,"Chillies and peppers, green (Capsicum spp. and Pimenta spp.)",2979.56,13.31,3349.0
Montenegro,2023,"Chillies and peppers, green (Capsicum spp. and Pimenta spp.)",3157.53,13.23,3217.08
Morocco,1993,"Chillies and peppers, green (Capsicum spp. and Pimenta spp.)",0.0,5691.0,78360.0
Morocco,1995,"Chillies and peppers, green (Capsicum spp. and Pimenta spp.)",3.0,5029.0,101335.0
Morocco,1996,"Chillies and peppers, green (Capsicum spp. and Pimenta spp.)",24.0,6303.0,200260.0
Morocco,1997,"Chillies and peppers, green (Capsicum spp. and Pimenta spp.)",24.0,7317.0,201100.0
Morocco,1998,"Chillies and peppers, green (Capsicum spp. and Pimenta spp.)",0.0,8019.0,203950.0
Morocco,1999,"Chillies and peppers, green (Capsicum spp. and Pimenta spp.)",12.0,9459.0,180830.0
Morocco,2000,"Chillies and peppers, green (Capsicum spp. and Pimenta spp.)",0.0,8896.0,180170.0
Morocco,2001,"Chillies and peppers, green (Capsicum spp. and Pimenta spp.)",6.0,14768.0,177350.0
Morocco,2003,"Chillies and peppers, green (Capsicum spp. and Pimenta spp.)",28.0,21276.0,193660.0
Morocco,2005,"Chillies and peppers, green (Capsicum spp. and Pimenta spp.)",35.0,30240.0,190480.0
Morocco,2006,"Chillies and peppers, green (Capsicum spp. and Pimenta spp.)",0.0,29913.0,235570.0
Morocco,2007,"Chillies and peppers, green (Capsicum spp. and Pimenta spp.)",1.0,46457.0,213760.0
Morocco,2008,"Chillies and peppers, green (Capsicum spp. and Pimenta spp.)",0.0,56850.0,232220.0
Morocco,2009,"Chillies and peppers, green (Capsicum spp. and Pimenta spp.)",0.0,56523.0,202914.0
Morocco,2010,"Chillies and peppers, green (Capsicum spp. and Pimenta spp.)",0.0,58777.0,224648.0
Morocco,2011,"Chillies and peppers, green (Capsicum spp. and Pimenta spp.)",0.0,61539.0,143128.0
Morocco,2012,"Chillies and peppers, green (Capsicum spp. and Pimenta spp.)",24.0,73008.0,180591.0
Morocco,2013,"Chillies and peppers, green (Capsicum spp. and Pimenta spp.)",16.0,92334.0,179859.0
Morocco,2015,"Chillies and peppers, green (Capsicum spp. and Pimenta spp.)",5.46,99460.39,177329.7
Morocco,2016,"Chillies and peppers, green (Capsicum spp. and Pimenta spp.)",9.04,110908.91,173642.5
Morocco,2017,"Chillies and peppers, green (Capsicum spp. and Pimenta spp.)",1.68,200000.0,191096.0
Morocco,2018,"Chillies and peppers, green (Capsicum spp. and Pimenta spp.)",9.35,175184.41,256522.0
Morocco,2019,"Chillies and peppers, green (Capsicum spp. and Pimenta spp.)",0.05,131289.35,247609.0
Morocco,2021,"Chillies and peppers, green (Capsicum spp. and Pimenta spp.)",15.32,159824.85,213135.0
Morocco,2022,"Chillies and peppers, green (Capsicum spp. and Pimenta spp.)",31.74,166895.7,273609.0
Morocco,2023,"Chillies and peppers, green (Capsicum spp. and Pimenta spp.)",13.45,174126.32,226067.5
Mozambique,2013,"Chillies and peppers, green (Capsicum spp. and Pimenta spp.)",247.0,0.0,0.0
Mozambique,2014,"Chillies and peppers, green (Capsicum spp. and Pimenta spp.)",249.0,0.0,0.0
Mozambique,2015,"Chillies and peppers, green (Capsicum spp. and Pimenta spp.)",295.35,46.85,0.0
Mozambique,2016,"Chillies and peppers, green (Capsicum spp. and Pimenta spp.)",203.64,0.62,0.0
Mozambique,2017,"Chillies and peppers, green (Capsicum spp. and Pimenta spp.)",305.25,578.91,0.0
Mozambique,2018,"Chillies and peppers, green (Capsicum spp. and Pimenta spp.)",254.4,454.62,0.0
Mozambique,2019,"Chillies and peppers, green (Capsicum spp. and Pimenta spp.)",35.23,1.09,0.0
Mozambique,2020,"Chillies and peppers, green (Capsicum spp. and Pimenta spp.)",33.59,1.11,0.0
Mozambique,2021,"Chillies and peppers, green (Capsicum spp. and Pimenta spp.)",42.62,1.05,0.0
Mozambique,2022,"Chillies and peppers, green (Capsicum spp. and Pimenta spp.)",54.52,1.28,0.0
Myanmar,2014,"Chillies and peppers, green (Capsicum spp. and Pimenta spp.)",29.91,9.16,0.0
Myanmar,2017,"Chillies and peppers, green (Capsicum spp. and Pimenta spp.)",145.75,3248.42,0.0
Myanmar,2019,"Chillies and peppers, green (Capsicum spp. and Pimenta spp.)",438.18,13572.22,0.0
Myanmar,2020,"Chillies and peppers, green (Capsicum spp. and Pimenta spp.)",73.68,21874.57,0.0
Myanmar,2021,"Chillies and peppers, green (Capsicum spp. and Pimenta spp.)",6.0,16371.58,0.0
Myanmar,2022,"Chillies and peppers, green (Capsicum spp. and Pimenta spp.)",9.16,35883.83,0.0
Namibia,1997,"Chillies and peppers, green (Capsicum spp. and Pimenta spp.)",8.0,0.0,0.0
Namibia,1998,"Chillies and peppers, green (Capsicum spp. and Pimenta spp.)",3.0,0.0,0.0
Namibia,1999,"Chillies and peppers, green (Capsicum spp. and Pimenta spp.)",23.0,1.0,0.0
Namibia,2000,"Chillies and peppers, green (Capsicum spp. and Pimenta spp.)",14.0,0.0,10.0
Namibia,2002,"Chillies and peppers, green (Capsicum spp. and Pimenta spp.)",18.0,0.0,50.0
Namibia,2003,"Chillies and peppers, green (Capsicum spp. and Pimenta spp.)",8.0,0.0,70.0
Namibia,2004,"Chillies and peppers, green (Capsicum spp. and Pimenta spp.)",20.0,0.0,90.0
Namibia,2005,"Chillies and peppers, green (Capsicum spp. and Pimenta spp.)",32.0,0.0,110.0
Namibia,2007,"Chillies and peppers, green (Capsicum spp. and Pimenta spp.)",32.0,0.0,151.0
Namibia,2008,"Chillies and peppers, green (Capsicum spp. and Pimenta spp.)",32.0,0.0,234.0
Namibia,2009,"Chillies and peppers, green (Capsicum spp. and Pimenta spp.)",32.0,0.0,752.0
Namibia,2010,"Chillies and peppers, green (Capsicum spp. and Pimenta spp.)",32.0,0.0,800.0
Namibia,2011,"Chillies and peppers, green (Capsicum spp. and Pimenta spp.)",32.0,0.0,783.85
Namibia,2012,"Chillies and peppers, green (Capsicum spp. and Pimenta spp.)",212.0,1.0,825.0
Namibia,2013,"Chillies and peppers, green (Capsicum spp. and Pimenta spp.)",122.0,1.0,879.09
Namibia,2014,"Chillies and peppers, green (Capsicum spp. and Pimenta spp.)",102.02,0.04,939.8
Namibia,2016,"Chillies and peppers, green (Capsicum spp. and Pimenta spp.)",358.98,0.03,972.33
Namibia,2018,"Chillies and peppers, green (Capsicum spp. and Pimenta spp.)",267.44,0.0,967.44
Namibia,2019,"Chillies and peppers, green (Capsicum spp. and Pimenta spp.)",301.78,0.0,979.81
Namibia,2020,"Chillies and peppers, green (Capsicum spp. and Pimenta spp.)",269.34,0.12,968.68
Namibia,2021,"Chillies and peppers, green (Capsicum spp. and Pimenta spp.)",94.48,293.43,971.98
Namibia,2022,"Chillies and peppers, green (Capsicum spp. and Pimenta spp.)",82.5,186.37,973.49
Namibia,2023,"Chillies and peppers, green (Capsicum spp. and Pimenta spp.)",84.15,73.38,971.38
Nauru,2015,"Chillies and peppers, green (Capsicum spp. and Pimenta spp.)",4.11,0.0,0.0
Nauru,2016,"Chillies and peppers, green (Capsicum spp. and Pimenta spp.)",3.75,0.0,0.0
Nauru,2017,"Chillies and peppers, green (Capsicum spp. and Pimenta spp.)",4.41,0.0,0.0
Nauru,2018,"Chillies and peppers, green (Capsicum spp. and Pimenta spp.)",3.64,0.0,0.0
Nauru,2019,"Chillies and peppers, green (Capsicum spp. and Pimenta spp.)",4.07,0.0,0.0
Nauru,2020,"Chillies and peppers, green (Capsicum spp. and Pimenta spp.)",6.6,0.0,0.0
Nauru,2021,"Chillies and peppers, green (Capsicum spp. and Pimenta spp.)",5.66,0.0,0.0
Nauru,2022,"Chillies and peppers, green (Capsicum spp. and Pimenta spp.)",3.84,0.0,0.0
Nauru,2023,"Chillies and peppers, green (Capsicum spp. and Pimenta spp.)",3.07,0.0,0.0
Nepal,2000,"Chillies and peppers, green (Capsicum spp. and Pimenta spp.)",0.0,0.0,5000.0
Nepal,2001,"Chillies and peppers, green (Capsicum spp. and Pimenta spp.)",2.0,0.0,6528.0
Nepal,2002,"Chillies and peppers, green (Capsicum spp. and Pimenta spp.)",145.0,0.0,7082.0
Nepal,2004,"Chillies and peppers, green (Capsicum spp. and Pimenta spp.)",292.0,0.0,11966.0
Nepal,2005,"Chillies and peppers, green (Capsicum spp. and Pimenta spp.)",559.0,0.0,12624.0
Nepal,2006,"Chillies and peppers, green (Capsicum spp. and Pimenta spp.)",813.0,0.0,13784.0
Nepal,2007,"Chillies and peppers, green (Capsicum spp. and Pimenta spp.)",1363.0,0.0,15569.0
Nepal,2008,"Chillies and peppers, green (Capsicum spp. and Pimenta spp.)",1176.0,0.0,16362.0
Nepal,2011,"Chillies and peppers, green (Capsicum spp. and Pimenta spp.)",2026.0,0.0,27203.0
Nepal,2012,"Chillies and peppers, green (Capsicum spp. and Pimenta spp.)",1947.0,1.0,27429.0
Nepal,2013,"Chillies and peppers, green (Capsicum spp. and Pimenta spp.)",1388.0,0.0,27948.0
Nepal,2014,"Chillies and peppers, green (Capsicum spp. and Pimenta spp.)",1484.24,0.3,35667.72
Nepal,2015,"Chillies and peppers, green (Capsicum spp. and Pimenta spp.)",1018.07,0.4,90928.0
Nepal,2017,"Chillies and peppers, green (Capsicum spp. and Pimenta spp.)",1172.57,0.0,101298.0
Nepal,2018,"Chillies and peppers, green (Capsicum spp. and Pimenta spp.)",1758.04,3.35,115478.0
Nepal,2019,"Chillies and peppers, green (Capsicum spp. and Pimenta spp.)",815.97,0.0,120462.0
Nepal,2020,"Chillies and peppers, green (Capsicum spp. and Pimenta spp.)",1189.26,0.0,116824.0
Nepal,2021,"Chillies and peppers, green (Capsicum spp. and Pimenta spp.)",3871.96,0.07,97193.0
Nepal,2022,"Chillies and peppers, green (Capsicum spp. and Pimenta spp.)",2659.61,20.46,101049.0
Nepal,2023,"Chillies and peppers, green (Capsicum spp. and Pimenta spp.)",2264.15,24.19,86992.04
Netherlands (Kingdom of the),1994,"Chillies and peppers, green (Capsicum spp. and Pimenta spp.)",41816.0,230017.0,234600.0
Netherlands (Kingdom of the),1995,"Chillies and peppers, green (Capsicum spp. and Pimenta spp.)",31259.0,233927.0,244300.0
Netherlands (Kingdom of the),1996,"Chillies and peppers, green (Capsicum spp. and Pimenta spp.)",38412.0,226806.0,252600.0
Netherlands (Kingdom of the),1997,"Chillies and peppers, green (Capsicum spp. and Pimenta spp.)",39225.0,204866.0,251200.0
Netherlands (Kingdom of the),1998,"Chillies and peppers, green (Capsicum spp. and Pimenta spp.)",44900.0,202898.0,250000.0
Netherlands (Kingdom of the),1999,"Chillies and peppers, green (Capsicum spp. and Pimenta spp.)",44062.0,268779.0,285000.0
Netherlands (Kingdom of the),2001,"Chillies and peppers, green (Capsicum spp. and Pimenta spp.)",41577.0,256853.0,295000.0
Netherlands (Kingdom of the),2002,"Chillies and peppers, green (Capsicum spp. and Pimenta spp.)",47362.0,284263.0,310000.0
Netherlands (Kingdom of the),2003,"Chillies and peppers, green (Capsicum spp. and Pimenta spp.)",63100.0,307233.0,315000.0
Netherlands (Kingdom of the),2004,"Chillies and peppers, green (Capsicum spp. and Pimenta spp.)",77079.0,330776.0,318000.0
Netherlands (Kingdom of the),2006,"Chillies and peppers, green (Capsicum spp. and Pimenta spp.)",107854.0,346592.0,318000.0
Netherlands (Kingdom of the),2007,"Chillies and peppers, green (Capsicum spp. and Pimenta spp.)",117991.0,378062.0,320000.0
Netherlands (Kingdom of the),2008,"Chillies and peppers, green (Capsicum spp. and Pimenta spp.)",96939.0,407664.0,335000.0
Netherlands (Kingdom of the),2009,"Chillies and peppers, green (Capsicum spp. and Pimenta spp.)",100286.0,444368.0,370000.0
Netherlands (Kingdom of the),2010,"Chillies and peppers, green (Capsicum spp. and Pimenta spp.)",97669.0,433868.0,365000.0
Netherlands (Kingdom of the),2011,"Chillies and peppers, green (Capsicum spp. and Pimenta spp.)",119896.0,474013.0,365000.0
Netherlands (Kingdom of the),2012,"Chillies and peppers, green (Capsicum spp. and Pimenta spp.)",135391.0,462554.0,345000.0
Netherlands (Kingdom of the),2013,"Chillies and peppers, green (Capsicum spp. and Pimenta spp.)",110939.0,407823.0,325000.0
Netherlands (Kingdom of the),2014,"Chillies and peppers, green (Capsicum spp. and Pimenta spp.)",101814.57,407329.03,340000.0
Netherlands (Kingdom of the),2015,"Chillies and peppers, green (Capsicum spp. and Pimenta spp.)",98409.11,410583.18,360000.0
Netherlands (Kingdom of the),2016,"Chillies and peppers, green (Capsicum spp. and Pimenta spp.)",86120.98,396060.79,365000.0
Netherlands (Kingdom of the),2017,"Chillies and peppers, green (Capsicum spp. and Pimenta spp.)",111871.26,467436.71,370000.0
Netherlands (Kingdom of the),2018,"Chillies and peppers, green (Capsicum spp. and Pimenta spp.)",110928.06,451059.52,355000.0
Netherlands (Kingdom of the),2019,"Chillies and peppers, green (Capsicum spp. and Pimenta spp.)",109224.74,456326.78,415000.0
Netherlands (Kingdom of the),2020,"Chillies and peppers, green (Capsicum spp. and Pimenta spp.)",125960.46,467461.47,430000.0
Netherlands (Kingdom of the),2021,"Chillies and peppers, green (Capsicum spp. and Pimenta spp.)",124273.13,450891.77,440000.0
Netherlands (Kingdom of the),2022,"Chillies and peppers, green (Capsicum spp. and Pimenta spp.)",104385.85,430559.78,435000.0
Netherlands (Kingdom of the),2023,"Chillies and peppers, green (Capsicum spp. and Pimenta spp.)",102647.6,416552.23,420000.0
New Caledonia,1997,"Chillies and peppers, green (Capsicum spp. and Pimenta spp.)",9.0,0.0,0.0
New Caledonia,1998,"Chillies and peppers, green (Capsicum spp. and Pimenta spp.)",1.0,0.0,0.0
New Caledonia,1999,"Chillies and peppers, green (Capsicum spp. and Pimenta spp.)",10.0,0.0,0.0
New Caledonia,2000,"Chillies and peppers, green (Capsicum spp. and Pimenta spp.)",50.0,0.0,0.0
New Caledonia,2001,"Chillies and peppers, green (Capsicum spp. and Pimenta spp.)",31.0,0.0,0.0
New Caledonia,2002,"Chillies and peppers, green (Capsicum spp. and Pimenta spp.)",47.0,0.0,0.0
New Caledonia,2003,"Chillies and peppers, green (Capsicum spp. and Pimenta spp.)",42.0,0.0,0.0
New Caledonia,2004,"Chillies and peppers, green (Capsicum spp. and Pimenta spp.)",17.0,0.0,0.0
New Caledonia,2005,"Chillies and peppers, green (Capsicum spp. and Pimenta spp.)",5.0,0.0,0.0
New Caledonia,2006,"Chillies and peppers, green (Capsicum spp. and Pimenta spp.)",11.0,0.0,0.0
New Caledonia,2007,"Chillies and peppers, green (Capsicum spp. and Pimenta spp.)",19.0,0.0,0.0
New Caledonia,2008,"Chillies and peppers, green (Capsicum spp. and Pimenta spp.)",31.0,0.0,0.0
New Caledonia,2009,"Chillies and peppers, green (Capsicum spp. and Pimenta spp.)",43.0,0.0,0.0
New Caledonia,2010,"Chillies and peppers, green (Capsicum spp. and Pimenta spp.)",49.0,0.0,0.0
New Caledonia,2012,"Chillies and peppers, green (Capsicum spp. and Pimenta spp.)",48.0,0.0,0.0
New Caledonia,2013,"Chillies and peppers, green (Capsicum spp. and Pimenta spp.)",39.0,0.0,0.0
New Caledonia,2014,"Chillies and peppers, green (Capsicum spp. and Pimenta spp.)",30.99,0.0,0.0
New Caledonia,2015,"Chillies and peppers, green (Capsicum spp. and Pimenta spp.)",45.27,0.0,0.0
New Caledonia,2016,"Chillies and peppers, green (Capsicum spp. and Pimenta spp.)",92.72,0.0,0.0
New Caledonia,2018,"Chillies and peppers, green (Capsicum spp. and Pimenta spp.)",74.29,0.0,0.0
New Caledonia,2019,"Chillies and peppers, green (Capsicum spp. and Pimenta spp.)",69.34,0.0,0.0
New Caledonia,2020,"Chillies and peppers, green (Capsicum spp. and Pimenta spp.)",92.56,0.0,0.0
New Caledonia,2021,"Chillies and peppers, green (Capsicum spp. and Pimenta spp.)",113.43,0.0,0.0
New Caledonia,2022,"Chillies and peppers, green (Capsicum spp. and Pimenta spp.)",125.42,0.0,0.0
New Zealand,1993,"Chillies and peppers, green (Capsicum spp. and Pimenta spp.)",417.0,51.0,1405.56
New Zealand,1994,"Chillies and peppers, green (Capsicum spp. and Pimenta spp.)",405.0,73.0,1551.8
New Zealand,1995,"Chillies and peppers, green (Capsicum spp. and Pimenta spp.)",7.0,121.0,1999.05
New Zealand,1996,"Chillies and peppers, green (Capsicum spp. and Pimenta spp.)",817.0,379.0,2687.65
New Zealand,1997,"Chillies and peppers, green (Capsicum spp. and Pimenta spp.)",504.0,673.0,3518.13
New Zealand,1998,"Chillies and peppers, green (Capsicum spp. and Pimenta spp.)",782.0,1253.0,4300.0
New Zealand,1999,"Chillies and peppers, green (Capsicum spp. and Pimenta spp.)",897.0,2097.0,5000.0
New Zealand,2000,"Chillies and peppers, green (Capsicum spp. and Pimenta spp.)",634.99,2769.89,5000.0
New Zealand,2001,"Chillies and peppers, green (Capsicum spp. and Pimenta spp.)",736.0,3511.0,5000.0
New Zealand,2002,"Chillies and peppers, green (Capsicum spp. and Pimenta spp.)",875.0,3855.0,5000.0
New Zealand,2003,"Chillies and peppers, green (Capsicum spp. and Pimenta spp.)",859.0,4129.0,5000.0
New Zealand,2004,"Chillies and peppers, green (Capsicum spp. and Pimenta spp.)",1310.0,4609.0,5203.9
New Zealand,2005,"Chillies and peppers, green (Capsicum spp. and Pimenta spp.)",1195.0,5357.0,5600.0
New Zealand,2006,"Chillies and peppers, green (Capsicum spp. and Pimenta spp.)",1065.0,5983.0,5435.43
New Zealand,2007,"Chillies and peppers, green (Capsicum spp. and Pimenta spp.)",849.0,6428.0,5600.0
New Zealand,2008,"Chillies and peppers, green (Capsicum spp. and Pimenta spp.)",683.0,4680.0,5650.0
New Zealand,2009,"Chillies and peppers, green (Capsicum spp. and Pimenta spp.)",798.0,5675.0,5500.0
New Zealand,2010,"Chillies and peppers, green (Capsicum spp. and Pimenta spp.)",815.0,6651.0,5053.32
New Zealand,2011,"Chillies and peppers, green (Capsicum spp. and Pimenta spp.)",374.0,3180.0,4714.77
New Zealand,2012,"Chillies and peppers, green (Capsicum spp. and Pimenta spp.)",325.0,7970.0,4327.77
New Zealand,2013,"Chillies and peppers, green (Capsicum spp. and Pimenta spp.)",349.0,6871.0,3849.08
New Zealand,2014,"Chillies and peppers, green (Capsicum spp. and Pimenta spp.)",623.73,7890.0,7670.0
New Zealand,2015,"Chillies and peppers, green (Capsicum spp. and Pimenta spp.)",513.7,7914.36,7830.0
New Zealand,2016,"Chillies and peppers, green (Capsicum spp. and Pimenta spp.)",488.31,6924.77,6850.0
New Zealand,2017,"Chillies and peppers, green (Capsicum spp. and Pimenta spp.)",444.83,5237.72,5080.0
New Zealand,2018,"Chillies and peppers, green (Capsicum spp. and Pimenta spp.)",395.2,4108.38,4140.0
New Zealand,2019,"Chillies and peppers, green (Capsicum spp. and Pimenta spp.)",330.35,4048.17,7245.36
New Zealand,2020,"Chillies and peppers, green (Capsicum spp. and Pimenta spp.)",384.25,4882.31,3956.06
New Zealand,2021,"Chillies and peppers, green (Capsicum spp. and Pimenta spp.)",328.43,3859.51,4265.97
New Zealand,2022,"Chillies and peppers, green (Capsicum spp. and Pimenta spp.)",155.81,2644.43,4173.45
New Zealand,2023,"Chillies and peppers, green (Capsicum spp. and Pimenta spp.)",204.4,2922.33,4347.56
Nicaragua,1993,"Chillies and peppers, green (Capsicum spp. and Pimenta spp.)",27.0,6.0,131.4
Nicaragua,1994,"Chillies and peppers, green (Capsicum spp. and Pimenta spp.)",27.0,14.0,138.36
Nicaragua,1995,"Chillies and peppers, green (Capsicum spp. and Pimenta spp.)",25.0,0.0,145.32
Nicaragua,1996,"Chillies and peppers, green (Capsicum spp. and Pimenta spp.)",36.0,1.0,152.28
Nicaragua,1997,"Chillies and peppers, green (Capsicum spp. and Pimenta spp.)",98.0,144.0,159.24
Nicaragua,1998,"Chillies and peppers, green (Capsicum spp. and Pimenta spp.)",175.0,122.0,166.2
Nicaragua,1999,"Chillies and peppers, green (Capsicum spp. and Pimenta spp.)",95.0,188.0,173.16
Nicaragua,2000,"Chillies and peppers, green (Capsicum spp. and Pimenta spp.)",73.31,0.0,180.12
Nicaragua,2001,"Chillies and peppers, green (Capsicum spp. and Pimenta spp.)",45.0,285.0,187.08
Nicaragua,2002,"Chillies and peppers, green (Capsicum spp. and Pimenta spp.)",29.0,406.0,194.04
Nicaragua,2003,"Chillies and peppers, green (Capsicum spp. and Pimenta spp.)",80.0,165.0,201.0
Nicaragua,2004,"Chillies and peppers, green (Capsicum spp. and Pimenta spp.)",121.0,214.0,207.96
Nicaragua,2005,"Chillies and peppers, green (Capsicum spp. and Pimenta spp.)",132.0,51.0,214.92
Nicaragua,2006,"Chillies and peppers, green (Capsicum spp. and Pimenta spp.)",74.0,667.0,221.88
Nicaragua,2007,"Chillies and peppers, green (Capsicum spp. and Pimenta spp.)",248.0,543.0,228.84
Nicaragua,2008,"Chillies and peppers, green (Capsicum spp. and Pimenta spp.)",227.0,2491.0,235.8
Nicaragua,2009,"Chillies and peppers, green (Capsicum spp. and Pimenta spp.)",188.0,1603.0,242.76
Nicaragua,2010,"Chillies and peppers, green (Capsicum spp. and Pimenta spp.)",278.0,1188.0,249.72
Nicaragua,2011,"Chillies and peppers, green (Capsicum spp. and Pimenta spp.)",310.0,1237.0,2820.25
Nicaragua,2014,"Chillies and peppers, green (Capsicum spp. and Pimenta spp.)",251.25,341.89,11061.74
Nicaragua,2015,"Chillies and peppers, green (Capsicum spp. and Pimenta spp.)",305.92,370.46,13643.35
Nicaragua,2016,"Chillies and peppers, green (Capsicum spp. and Pimenta spp.)",331.05,137.43,16982.97
Nicaragua,2017,"Chillies and peppers, green (Capsicum spp. and Pimenta spp.)",216.49,374.53,19249.8
Nicaragua,2019,"Chillies and peppers, green (Capsicum spp. and Pimenta spp.)",117.26,322.48,20362.0
Nicaragua,2020,"Chillies and peppers, green (Capsicum spp. and Pimenta spp.)",56.85,353.11,21099.0
Nicaragua,2021,"Chillies and peppers, green (Capsicum spp. and Pimenta spp.)",21.04,525.46,21853.62
Nicaragua,2022,"Chillies and peppers, green (Capsicum spp. and Pimenta spp.)",2.4,333.83,22736.51
Nicaragua,2023,"Chillies and peppers, green (Capsicum spp. and Pimenta spp.)",11.37,348.84,22116.28
Niger,1994,"Chillies and peppers, green (Capsicum spp. and Pimenta spp.)",3.0,0.0,710.0
Niger,1995,"Chillies and peppers, green (Capsicum spp. and Pimenta spp.)",7.0,0.0,380.0
Niger,1996,"Chillies and peppers, green (Capsicum spp. and Pimenta spp.)",117.0,0.0,1960.0
Niger,1997,"Chillies and peppers, green (Capsicum spp. and Pimenta spp.)",285.0,9.0,1600.0
Niger,1998,"Chillies and peppers, green (Capsicum spp. and Pimenta spp.)",407.0,26.0,460.0
Niger,1999,"Chillies and peppers, green (Capsicum spp. and Pimenta spp.)",213.0,23.0,520.0
Niger,2000,"Chillies and peppers, green (Capsicum spp. and Pimenta spp.)",158.0,194.0,1000.0
Niger,2001,"Chillies and peppers, green (Capsicum spp. and Pimenta spp.)",63.0,85.0,310.0
Niger,2002,"Chillies and peppers, green (Capsicum spp. and Pimenta spp.)",159.0,174.0,1920.0
Niger,2003,"Chillies and peppers, green (Capsicum spp. and Pimenta spp.)",185.0,89.0,2830.0
Niger,2004,"Chillies and peppers, green (Capsicum spp. and Pimenta spp.)",125.0,72.0,8294.03
Niger,2005,"Chillies and peppers, green (Capsicum spp. and Pimenta spp.)",131.0,66.0,18000.0
Niger,2006,"Chillies and peppers, green (Capsicum spp. and Pimenta spp.)",180.0,57.0,20000.0
Niger,2008,"Chillies and peppers, green (Capsicum spp. and Pimenta spp.)",182.0,119.0,25845.0
Niger,2009,"Chillies and peppers, green (Capsicum spp. and Pimenta spp.)",182.0,119.0,16137.0
Niger,2010,"Chillies and peppers, green (Capsicum spp. and Pimenta spp.)",185.0,6.0,50269.5
Niger,2011,"Chillies and peppers, green (Capsicum spp. and Pimenta spp.)",121.0,9.0,74592.43
Niger,2012,"Chillies and peppers, green (Capsicum spp. and Pimenta spp.)",128.0,64.0,86823.58
Niger,2013,"Chillies and peppers, green (Capsicum spp. and Pimenta spp.)",156.0,2.0,97084.0
Niger,2014,"Chillies and peppers, green (Capsicum spp. and Pimenta spp.)",93.44,1.14,233156.0
Niger,2015,"Chillies and peppers, green (Capsicum spp. and Pimenta spp.)",142.74,33.99,198469.0
Niger,2016,"Chillies and peppers, green (Capsicum spp. and Pimenta spp.)",245.97,147.65,224176.94
Niger,2017,"Chillies and peppers, green (Capsicum spp. and Pimenta spp.)",40.68,193.25,187097.25
Niger,2018,"Chillies and peppers, green (Capsicum spp. and Pimenta spp.)",1074.03,1962.93,211413.19
Niger,2019,"Chillies and peppers, green (Capsicum spp. and Pimenta spp.)",1801.73,3435.06,260915.24
Niger,2020,"Chillies and peppers, green (Capsicum spp. and Pimenta spp.)",1172.62,3649.55,239556.22
Niger,2021,"Chillies and peppers, green (Capsicum spp. and Pimenta spp.)",304.9,47.95,244629.99
Niger,2022,"Chillies and peppers, green (Capsicum spp. and Pimenta spp.)",786.09,175.34,271388.47
Niger,2023,"Chillies and peppers, green (Capsicum spp. and Pimenta spp.)",520.96,124.03,279574.93
Nigeria,2002,"Chillies and peppers, green (Capsicum spp. and Pimenta spp.)",10.0,0.0,720000.0
Nigeria,2003,"Chillies and peppers, green (Capsicum spp. and Pimenta spp.)",0.0,0.0,717168.45
Nigeria,2004,"Chillies and peppers, green (Capsicum spp. and Pimenta spp.)",6.0,0.0,718408.57
Nigeria,2006,"Chillies and peppers, green (Capsicum spp. and Pimenta spp.)",45.0,0.0,721500.0
Nigeria,2007,"Chillies and peppers, green (Capsicum spp. and Pimenta spp.)",2.0,0.0,723000.0
Nigeria,2008,"Chillies and peppers, green (Capsicum spp. and Pimenta spp.)",16.0,0.0,725000.0
Nigeria,2009,"Chillies and peppers, green (Capsicum spp. and Pimenta spp.)",21.0,0.0,727813.63
Nigeria,2010,"Chillies and peppers, green (Capsicum spp. and Pimenta spp.)",20.0,0.0,733630.91
Nigeria,2011,"Chillies and peppers, green (Capsicum spp. and Pimenta spp.)",48.0,0.0,733206.51
Nigeria,2012,"Chillies and peppers, green (Capsicum spp. and Pimenta spp.)",84.0,0.0,735765.33
Nigeria,2013,"Chillies and peppers, green (Capsicum spp. and Pimenta spp.)",16.0,0.0,738324.14
Nigeria,2014,"Chillies and peppers, green (Capsicum spp. and Pimenta spp.)",32.67,91.91,742883.79
Nigeria,2015,"Chillies and peppers, green (Capsicum spp. and Pimenta spp.)",60.23,135.63,750105.38
Nigeria,2016,"Chillies and peppers, green (Capsicum spp. and Pimenta spp.)",36.51,242.51,755959.89
Nigeria,2017,"Chillies and peppers, green (Capsicum spp. and Pimenta spp.)",59.79,62.09,759149.58
Nigeria,2019,"Chillies and peppers, green (Capsicum spp. and Pimenta spp.)",115.05,1837.4,765622.53
Nigeria,2020,"Chillies and peppers, green (Capsicum spp. and Pimenta spp.)",172.32,1152.01,770467.16
Nigeria,2021,"Chillies and peppers, green (Capsicum spp. and Pimenta spp.)",108.57,618.92,769727.6
Nigeria,2022,"Chillies and peppers, green (Capsicum spp. and Pimenta spp.)",256.42,791.52,771844.84
Nigeria,2023,"Chillies and peppers, green (Capsicum spp. and Pimenta spp.)",113.31,756.82,773962.09
Niue,2014,"Chillies and peppers, green (Capsicum spp. and Pimenta spp.)",0.47,0.0,0.0
Niue,2015,"Chillies and peppers, green (Capsicum spp. and Pimenta spp.)",0.37,0.0,0.0
Niue,2016,"Chillies and peppers, green (Capsicum spp. and Pimenta spp.)",0.3,0.0,0.0
Niue,2017,"Chillies and peppers, green (Capsicum spp. and Pimenta spp.)",0.25,0.0,0.0
Niue,2018,"Chillies and peppers, green (Capsicum spp. and Pimenta spp.)",0.34,0.0,0.0
Niue,2019,"Chillies and peppers, green (Capsicum spp. and Pimenta spp.)",0.59,0.0,0.0
Niue,2020,"Chillies and peppers, green (Capsicum spp. and Pimenta spp.)",0.8,0.0,0.0
Niue,2021,"Chillies and peppers, green (Capsicum spp. and Pimenta spp.)",0.55,0.0,0.0
Niue,2022,"Chillies and peppers, green (Capsicum spp. and Pimenta spp.)",0.47,0.0,0.0
Niue,2023,"Chillies and peppers, green (Capsicum spp. and Pimenta spp.)",0.61,0.0,0.0
North Macedonia,1994,"Chillies and peppers, green (Capsicum spp. and Pimenta spp.)",157.0,10823.0,87323.0
North Macedonia,1995,"Chillies and peppers, green (Capsicum spp. and Pimenta spp.)",73.0,7667.0,95570.0
North Macedonia,1996,"Chillies and peppers, green (Capsicum spp. and Pimenta spp.)",160.0,3460.0,120813.0
North Macedonia,1998,"Chillies and peppers, green (Capsicum spp. and Pimenta spp.)",310.0,690.0,110676.0
North Macedonia,1999,"Chillies and peppers, green (Capsicum spp. and Pimenta spp.)",0.0,0.0,116468.0
North Macedonia,2000,"Chillies and peppers, green (Capsicum spp. and Pimenta spp.)",0.0,0.0,116597.0
North Macedonia,2001,"Chillies and peppers, green (Capsicum spp. and Pimenta spp.)",0.0,0.0,117000.0
North Macedonia,2002,"Chillies and peppers, green (Capsicum spp. and Pimenta spp.)",336.0,11035.0,108050.0
North Macedonia,2003,"Chillies and peppers, green (Capsicum spp. and Pimenta spp.)",236.0,11093.0,111413.0
North Macedonia,2004,"Chillies and peppers, green (Capsicum spp. and Pimenta spp.)",134.0,19191.0,105000.0
North Macedonia,2005,"Chillies and peppers, green (Capsicum spp. and Pimenta spp.)",390.0,20752.0,100000.0
North Macedonia,2006,"Chillies and peppers, green (Capsicum spp. and Pimenta spp.)",434.0,9244.0,119879.65
North Macedonia,2007,"Chillies and peppers, green (Capsicum spp. and Pimenta spp.)",391.0,14400.0,140558.0
North Macedonia,2009,"Chillies and peppers, green (Capsicum spp. and Pimenta spp.)",658.0,17963.0,154771.0
North Macedonia,2010,"Chillies and peppers, green (Capsicum spp. and Pimenta spp.)",685.0,34002.0,168150.0
North Macedonia,2011,"Chillies and peppers, green (Capsicum spp. and Pimenta spp.)",358.0,34502.0,153842.0
North Macedonia,2012,"Chillies and peppers, green (Capsicum spp. and Pimenta spp.)",551.0,20928.0,166247.0
North Macedonia,2013,"Chillies and peppers, green (Capsicum spp. and Pimenta spp.)",419.0,27076.0,152153.0
North Macedonia,2014,"Chillies and peppers, green (Capsicum spp. and Pimenta spp.)",640.09,35345.31,175867.0
North Macedonia,2015,"Chillies and peppers, green (Capsicum spp. and Pimenta spp.)",725.94,34357.47,189443.0
North Macedonia,2016,"Chillies and peppers, green (Capsicum spp. and Pimenta spp.)",464.91,28840.19,181852.0
North Macedonia,2017,"Chillies and peppers, green (Capsicum spp. and Pimenta spp.)",580.61,18377.82,175100.0
North Macedonia,2018,"Chillies and peppers, green (Capsicum spp. and Pimenta spp.)",1133.56,21963.76,182872.0
North Macedonia,2019,"Chillies and peppers, green (Capsicum spp. and Pimenta spp.)",1774.28,28125.96,185452.0
North Macedonia,2020,"Chillies and peppers, green (Capsicum spp. and Pimenta spp.)",1583.62,25463.63,204919.0
North Macedonia,2021,"Chillies and peppers, green (Capsicum spp. and Pimenta spp.)",2239.08,21046.23,222926.0
North Macedonia,2022,"Chillies and peppers, green (Capsicum spp. and Pimenta spp.)",1610.44,20877.85,237624.0
North Macedonia,2023,"Chillies and peppers, green (Capsicum spp. and Pimenta spp.)",2144.13,22710.14,247417.0
Norway,1993,"Chillies and peppers, green (Capsicum spp. and Pimenta spp.)",4850.0,0.0,0.0
Norway,1995,"Chillies and peppers, green (Capsicum spp. and Pimenta spp.)",5052.0,0.0,0.0
Norway,1996,"Chillies and peppers, green (Capsicum spp. and Pimenta spp.)",5742.0,0.0,0.0
Norway,1997,"Chillies and peppers, green (Capsicum spp. and Pimenta spp.)",6251.0,0.0,0.0
Norway,1998,"Chillies and peppers, green (Capsicum spp. and Pimenta spp.)",6934.0,0.0,0.0
Norway,1999,"Chillies and peppers, green (Capsicum spp. and Pimenta spp.)",7871.0,0.0,0.0
Norway,2000,"Chillies and peppers, green (Capsicum spp. and Pimenta spp.)",8216.65,0.0,0.0
Norway,2002,"Chillies and peppers, green (Capsicum spp. and Pimenta spp.)",9718.0,0.0,0.0
Norway,2003,"Chillies and peppers, green (Capsicum spp. and Pimenta spp.)",9925.0,0.0,0.0
Norway,2004,"Chillies and peppers, green (Capsicum spp. and Pimenta spp.)",10829.0,0.0,0.0
Norway,2005,"Chillies and peppers, green (Capsicum spp. and Pimenta spp.)",11550.0,1.0,0.0
Norway,2007,"Chillies and peppers, green (Capsicum spp. and Pimenta spp.)",13428.0,0.0,0.0
Norway,2008,"Chillies and peppers, green (Capsicum spp. and Pimenta spp.)",14362.0,1.0,0.0
Norway,2009,"Chillies and peppers, green (Capsicum spp. and Pimenta spp.)",14414.0,0.0,0.0
Norway,2010,"Chillies and peppers, green (Capsicum spp. and Pimenta spp.)",14648.0,0.0,0.0
Norway,2011,"Chillies and peppers, green (Capsicum spp. and Pimenta spp.)",15937.0,8.0,0.0
Norway,2012,"Chillies and peppers, green (Capsicum spp. and Pimenta spp.)",16721.0,1.0,0.0
Norway,2013,"Chillies and peppers, green (Capsicum spp. and Pimenta spp.)",17744.0,4.0,0.0
Norway,2014,"Chillies and peppers, green (Capsicum spp. and Pimenta spp.)",18496.12,6.57,0.0
Norway,2015,"Chillies and peppers, green (Capsicum spp. and Pimenta spp.)",18786.27,22.3,0.0
Norway,2016,"Chillies and peppers, green (Capsicum spp. and Pimenta spp.)",19593.46,5.63,0.0
Norway,2018,"Chillies and peppers, green (Capsicum spp. and Pimenta spp.)",20205.1,13.95,0.0
Norway,2019,"Chillies and peppers, green (Capsicum spp. and Pimenta spp.)",20608.66,3.49,0.0
Norway,2020,"Chillies and peppers, green (Capsicum spp. and Pimenta spp.)",20445.16,0.05,0.0
Norway,2021,"Chillies and peppers, green (Capsicum spp. and Pimenta spp.)",20988.57,0.14,0.0
Norway,2022,"Chillies and peppers, green (Capsicum spp. and Pimenta spp.)",21001.93,0.05,0.0
Oman,1994,"Chillies and peppers, green (Capsicum spp. and Pimenta spp.)",174.0,551.0,7500.0
Oman,1995,"Chillies and peppers, green (Capsicum spp. and Pimenta spp.)",102.0,764.0,8000.0
Oman,1999,"Chillies and peppers, green (Capsicum spp. and Pimenta spp.)",363.0,219.0,6800.0
Oman,2000,"Chillies and peppers, green (Capsicum spp. and Pimenta spp.)",355.0,239.0,7700.0
Oman,2001,"Chillies and peppers, green (Capsicum spp. and Pimenta spp.)",424.0,739.0,8000.0
Oman,2002,"Chillies and peppers, green (Capsicum spp. and Pimenta spp.)",262.0,1227.0,7000.0
Oman,2003,"Chillies and peppers, green (Capsicum spp. and Pimenta spp.)",664.0,938.0,10000.0
Oman,2004,"Chillies and peppers, green (Capsicum spp. and Pimenta spp.)",746.0,849.0,11960.0
Oman,2005,"Chillies and peppers, green (Capsicum spp. and Pimenta spp.)",2779.0,1204.0,5527.0
Oman,2006,"Chillies and peppers, green (Capsicum spp. and Pimenta spp.)",4693.0,715.0,4558.0
Oman,2007,"Chillies and peppers, green (Capsicum spp. and Pimenta spp.)",4225.0,1971.0,7348.0
Oman,2008,"Chillies and peppers, green (Capsicum spp. and Pimenta spp.)",4422.0,9673.0,9400.0
Oman,2009,"Chillies and peppers, green (Capsicum spp. and Pimenta spp.)",4670.0,9034.0,8159.0
Oman,2011,"Chillies and peppers, green (Capsicum spp. and Pimenta spp.)",4470.0,7500.0,12298.0
Oman,2012,"Chillies and peppers, green (Capsicum spp. and Pimenta spp.)",3570.0,5671.0,11587.7
Oman,2013,"Chillies and peppers, green (Capsicum spp. and Pimenta spp.)",4692.0,3356.0,12026.54
Oman,2014,"Chillies and peppers, green (Capsicum spp. and Pimenta spp.)",8784.93,3873.89,11634.0
Oman,2016,"Chillies and peppers, green (Capsicum spp. and Pimenta spp.)",10002.31,3593.44,10922.0
Oman,2017,"Chillies and peppers, green (Capsicum spp. and Pimenta spp.)",9725.39,4047.87,66016.0
Oman,2018,"Chillies and peppers, green (Capsicum spp. and Pimenta spp.)",13217.35,3897.43,64663.0
Oman,2019,"Chillies and peppers, green (Capsicum spp. and Pimenta spp.)",12973.54,3914.71,65331.0
Oman,2020,"Chillies and peppers, green (Capsicum spp. and Pimenta spp.)",12925.97,3656.84,92815.0
Oman,2021,"Chillies and peppers, green (Capsicum spp. and Pimenta spp.)",14580.0,3162.85,89514.0
Oman,2022,"Chillies and peppers, green (Capsicum spp. and Pimenta spp.)",7173.21,4611.34,93418.0
Pakistan,1995,"Chillies and peppers, green (Capsicum spp. and Pimenta spp.)",5.0,0.0,0.0
Pakistan,1996,"Chillies and peppers, green (Capsicum spp. and Pimenta spp.)",95.0,0.0,0.0
Pakistan,1998,"Chillies and peppers, green (Capsicum spp. and Pimenta spp.)",163.0,0.0,0.0
Pakistan,1999,"Chillies and peppers, green (Capsicum spp. and Pimenta spp.)",4.0,0.0,0.0
Pakistan,2001,"Chillies and peppers, green (Capsicum spp. and Pimenta spp.)",12.0,1.0,0.0
Pakistan,2002,"Chillies and peppers, green (Capsicum spp. and Pimenta spp.)",10.0,1.0,0.0
Pakistan,2003,"Chillies and peppers, green (Capsicum spp. and Pimenta spp.)",0.0,0.0,0.0
Pakistan,2004,"Chillies and peppers, green (Capsicum spp. and Pimenta spp.)",4.0,0.0,0.0
Pakistan,2005,"Chillies and peppers, green (Capsicum spp. and Pimenta spp.)",122.0,0.0,0.0
Pakistan,2006,"Chillies and peppers, green (Capsicum spp. and Pimenta spp.)",0.0,0.0,0.0
Pakistan,2007,"Chillies and peppers, green (Capsicum spp. and Pimenta spp.)",25.0,1.0,0.0
Pakistan,2010,"Chillies and peppers, green (Capsicum spp. and Pimenta spp.)",23.0,0.0,0.0
Pakistan,2011,"Chillies and peppers, green (Capsicum spp. and Pimenta spp.)",764.0,0.0,0.0
Pakistan,2012,"Chillies and peppers, green (Capsicum spp. and Pimenta spp.)",3090.0,0.0,0.0
Pakistan,2013,"Chillies and peppers, green (Capsicum spp. and Pimenta spp.)",2583.0,0.0,0.0
Pakistan,2015,"Chillies and peppers, green (Capsicum spp. and Pimenta spp.)",164.63,0.86,0.0
Pakistan,2016,"Chillies and peppers, green (Capsicum spp. and Pimenta spp.)",25.78,0.0,0.0
Pakistan,2017,"Chillies and peppers, green (Capsicum spp. and Pimenta spp.)",43.71,103.72,0.0
Pakistan,2018,"Chillies and peppers, green (Capsicum spp. and Pimenta spp.)",36.62,122.93,0.0
Pakistan,2019,"Chillies and peppers, green (Capsicum spp. and Pimenta spp.)",161.06,118.5,0.0
Pakistan,2021,"Chillies and peppers, green (Capsicum spp. and Pimenta spp.)",276.14,117.36,0.0
Pakistan,2022,"Chillies and peppers, green (Capsicum spp. and Pimenta spp.)",1656.39,157.0,0.0
Pakistan,2023,"Chillies and peppers, green (Capsicum spp. and Pimenta spp.)",91.37,487.11,0.0
Palestine,1993,"Chillies and peppers, green (Capsicum spp. and Pimenta spp.)",0.0,0.0,0.0
Palestine,1994,"Chillies and peppers, green (Capsicum spp. and Pimenta spp.)",0.0,0.0,0.0
Palestine,1995,"Chillies and peppers, green (Capsicum spp. and Pimenta spp.)",0.0,0.0,12129.0
Palestine,1996,"Chillies and peppers, green (Capsicum spp. and Pimenta spp.)",13.0,551.0,12659.0
Palestine,1997,"Chillies and peppers, green (Capsicum spp. and Pimenta spp.)",53.0,1924.0,19544.0
Palestine,1998,"Chillies and peppers, green (Capsicum spp. and Pimenta spp.)",108.0,2700.0,17709.0
Palestine,1999,"Chillies and peppers, green (Capsicum spp. and Pimenta spp.)",489.0,2378.0,14824.0
Palestine,2001,"Chillies and peppers, green (Capsicum spp. and Pimenta spp.)",500.0,2200.0,13206.0
Palestine,2003,"Chillies and peppers, green (Capsicum spp. and Pimenta spp.)",500.0,2500.0,12627.0
Palestine,2004,"Chillies and peppers, green (Capsicum spp. and Pimenta spp.)",500.0,2461.0,15563.0
Palestine,2005,"Chillies and peppers, green (Capsicum spp. and Pimenta spp.)",500.0,2500.0,14854.0
Palestine,2006,"Chillies and peppers, green (Capsicum spp. and Pimenta spp.)",24.0,2600.0,17450.0
Palestine,2007,"Chillies and peppers, green (Capsicum spp. and Pimenta spp.)",0.0,2600.0,23538.0
Palestine,2009,"Chillies and peppers, green (Capsicum spp. and Pimenta spp.)",0.0,99.0,18293.43
Palestine,2010,"Chillies and peppers, green (Capsicum spp. and Pimenta spp.)",0.0,195.0,18340.71
Palestine,2011,"Chillies and peppers, green (Capsicum spp. and Pimenta spp.)",0.0,212.0,18195.49
Palestine,2012,"Chillies and peppers, green (Capsicum spp. and Pimenta spp.)",0.0,530.0,18458.07
Palestine,2023,"Chillies and peppers, green (Capsicum spp. and Pimenta spp.)",0.04,3.39,19926.61
Panama,1993,"Chillies and peppers, green (Capsicum spp. and Pimenta spp.)",0.0,0.0,1618.0
Panama,1994,"Chillies and peppers, green (Capsicum spp. and Pimenta spp.)",0.0,0.0,1772.0
Panama,1995,"Chillies and peppers, green (Capsicum spp. and Pimenta spp.)",0.0,0.0,1942.0
Panama,1996,"Chillies and peppers, green (Capsicum spp. and Pimenta spp.)",6.0,0.0,2127.0
Panama,1997,"Chillies and peppers, green (Capsicum spp. and Pimenta spp.)",10.0,0.0,2330.0
Panama,1999,"Chillies and peppers, green (Capsicum spp. and Pimenta spp.)",16.0,0.0,2797.0
Panama,2000,"Chillies and peppers, green (Capsicum spp. and Pimenta spp.)",2.33,0.0,2606.0
Panama,2001,"Chillies and peppers, green (Capsicum spp. and Pimenta spp.)",4.0,0.0,2625.0
Panama,2002,"Chillies and peppers, green (Capsicum spp. and Pimenta spp.)",6.0,0.0,2626.0
Panama,2003,"Chillies and peppers, green (Capsicum spp. and Pimenta spp.)",3.0,0.0,2645.0
Panama,2004,"Chillies and peppers, green (Capsicum spp. and Pimenta spp.)",7.0,0.0,2665.0
Panama,2005,"Chillies and peppers, green (Capsicum spp. and Pimenta spp.)",3.0,0.0,2685.0
Panama,2007,"Chillies and peppers, green (Capsicum spp. and Pimenta spp.)",22.0,4.0,2746.0
Panama,2008,"Chillies and peppers, green (Capsicum spp. and Pimenta spp.)",9.0,1.0,2767.0
Panama,2009,"Chillies and peppers, green (Capsicum spp. and Pimenta spp.)",23.0,10.0,2787.0
Panama,2010,"Chillies and peppers, green (Capsicum spp. and Pimenta spp.)",51.0,7.0,2808.0
Panama,2011,"Chillies and peppers, green (Capsicum spp. and Pimenta spp.)",27.0,0.0,2773.0
Panama,2012,"Chillies and peppers, green (Capsicum spp. and Pimenta spp.)",33.0,0.0,2699.0
Panama,2013,"Chillies and peppers, green (Capsicum spp. and Pimenta spp.)",43.0,373.0,2526.0
Panama,2014,"Chillies and peppers, green (Capsicum spp. and Pimenta spp.)",48.44,639.59,2354.0
Panama,2015,"Chillies and peppers, green (Capsicum spp. and Pimenta spp.)",16.49,506.34,2372.0
Panama,2016,"Chillies and peppers, green (Capsicum spp. and Pimenta spp.)",25.49,1054.74,2390.0
Panama,2017,"Chillies and peppers, green (Capsicum spp. and Pimenta spp.)",18.24,88.53,2408.0
Panama,2018,"Chillies and peppers, green (Capsicum spp. and Pimenta spp.)",13.27,194.69,2426.0
Panama,2019,"Chillies and peppers, green (Capsicum spp. and Pimenta spp.)",12.96,0.0,9160.0
Panama,2020,"Chillies and peppers, green (Capsicum spp. and Pimenta spp.)",12.29,0.0,8526.0
Panama,2021,"Chillies and peppers, green (Capsicum spp. and Pimenta spp.)",15.72,0.0,8843.0
Panama,2022,"Chillies and peppers, green (Capsicum spp. and Pimenta spp.)",11.47,0.32,8216.58
Panama,2023,"Chillies and peppers, green (Capsicum spp. and Pimenta spp.)",29.41,0.38,7642.48
Papua New Guinea,1993,"Chillies and peppers, green (Capsicum spp. and Pimenta spp.)",0.0,0.0,0.0
Papua New Guinea,1994,"Chillies and peppers, green (Capsicum spp. and Pimenta spp.)",0.0,0.0,0.0
Papua New Guinea,1995,"Chillies and peppers, green (Capsicum spp. and Pimenta spp.)",8.0,0.0,0.0
Papua New Guinea,1996,"Chillies and peppers, green (Capsicum spp. and Pimenta spp.)",4.0,0.0,0.0
Papua New Guinea,1997,"Chillies and peppers, green (Capsicum spp. and Pimenta spp.)",3.0,0.0,0.0
Papua New Guinea,1998,"Chillies and peppers, green (Capsicum spp. and Pimenta spp.)",1.0,0.0,0.0
Papua New Guinea,1999,"Chillies and peppers, green (Capsicum spp. and Pimenta spp.)",10.0,0.0,0.0
Papua New Guinea,2000,"Chillies and peppers, green (Capsicum spp. and Pimenta spp.)",9.25,0.0,0.0
Papua New Guinea,2001,"Chillies and peppers, green (Capsicum spp. and Pimenta spp.)",16.0,0.0,0.0
Papua New Guinea,2002,"Chillies and peppers, green (Capsicum spp. and Pimenta spp.)",7.0,0.0,0.0
Papua New Guinea,2003,"Chillies and peppers, green (Capsicum spp. and Pimenta spp.)",4.0,0.0,0.0
Papua New Guinea,2004,"Chillies and peppers, green (Capsicum spp. and Pimenta spp.)",18.0,0.0,0.0
Papua New Guinea,2005,"Chillies and peppers, green (Capsicum spp. and Pimenta spp.)",15.0,0.0,0.0
Papua New Guinea,2006,"Chillies and peppers, green (Capsicum spp. and Pimenta spp.)",15.0,0.0,0.0
Papua New Guinea,2007,"Chillies and peppers, green (Capsicum spp. and Pimenta spp.)",18.0,0.0,0.0
Papua New Guinea,2008,"Chillies and peppers, green (Capsicum spp. and Pimenta spp.)",27.0,0.0,0.0
Papua New Guinea,2009,"Chillies and peppers, green (Capsicum spp. and Pimenta spp.)",30.0,0.0,0.0
Papua New Guinea,2010,"Chillies and peppers, green (Capsicum spp. and Pimenta spp.)",51.0,0.0,0.0
Papua New Guinea,2011,"Chillies and peppers, green (Capsicum spp. and Pimenta spp.)",66.0,0.0,0.0
Papua New Guinea,2012,"Chillies and peppers, green (Capsicum spp. and Pimenta spp.)",110.0,0.0,0.0
Papua New Guinea,2013,"Chillies and peppers, green (Capsicum spp. and Pimenta spp.)",132.0,0.0,0.0
Papua New Guinea,2015,"Chillies and peppers, green (Capsicum spp. and Pimenta spp.)",45.98,0.0,0.0
Papua New Guinea,2016,"Chillies and peppers, green (Capsicum spp. and Pimenta spp.)",43.18,0.0,0.0
Papua New Guinea,2017,"Chillies and peppers, green (Capsicum spp. and Pimenta spp.)",65.85,0.0,0.0
Papua New Guinea,2018,"Chillies and peppers, green (Capsicum spp. and Pimenta spp.)",34.42,0.0,0.0
Papua New Guinea,2019,"Chillies and peppers, green (Capsicum spp. and Pimenta spp.)",14.44,0.0,0.0
Papua New Guinea,2021,"Chillies and peppers, green (Capsicum spp. and Pimenta spp.)",34.88,0.0,0.0
Papua New Guinea,2022,"Chillies and peppers, green (Capsicum spp. and Pimenta spp.)",4.71,0.0,0.0
Papua New Guinea,2023,"Chillies and peppers, green (Capsicum spp. and Pimenta spp.)",4.03,0.0,0.0
Paraguay,1994,"Chillies and peppers, green (Capsicum spp. and Pimenta spp.)",55.0,0.0,6406.0
Paraguay,1995,"Chillies and peppers, green (Capsicum spp. and Pimenta spp.)",0.0,0.0,6612.0
Paraguay,1996,"Chillies and peppers, green (Capsicum spp. and Pimenta spp.)",345.0,9.0,6659.0
Paraguay,1997,"Chillies and peppers, green (Capsicum spp. and Pimenta spp.)",1706.0,13.0,9575.0
Paraguay,1999,"Chillies and peppers, green (Capsicum spp. and Pimenta spp.)",2378.0,0.0,10877.0
Paraguay,2000,"Chillies and peppers, green (Capsicum spp. and Pimenta spp.)",9604.0,6.0,8266.0
Paraguay,2002,"Chillies and peppers, green (Capsicum spp. and Pimenta spp.)",10988.0,0.0,9405.0
Paraguay,2003,"Chillies and peppers, green (Capsicum spp. and Pimenta spp.)",6.0,0.0,9771.0
Paraguay,2004,"Chillies and peppers, green (Capsicum spp. and Pimenta spp.)",4072.0,0.0,9397.0
Paraguay,2006,"Chillies and peppers, green (Capsicum spp. and Pimenta spp.)",5921.0,0.0,9325.0
Paraguay,2007,"Chillies and peppers, green (Capsicum spp. and Pimenta spp.)",7299.0,0.0,9500.0
Paraguay,2008,"Chillies and peppers, green (Capsicum spp. and Pimenta spp.)",6892.0,0.0,3979.0
Paraguay,2009,"Chillies and peppers, green (Capsicum spp. and Pimenta spp.)",6295.0,0.0,5208.0
Paraguay,2010,"Chillies and peppers, green (Capsicum spp. and Pimenta spp.)",3660.0,0.0,8652.0
Paraguay,2011,"Chillies and peppers, green (Capsicum spp. and Pimenta spp.)",2118.0,0.0,5312.0
Paraguay,2012,"Chillies and peppers, green (Capsicum spp. and Pimenta spp.)",769.0,0.0,5307.0
Paraguay,2013,"Chillies and peppers, green (Capsicum spp. and Pimenta spp.)",183.0,0.0,4465.0
Paraguay,2014,"Chillies and peppers, green (Capsicum spp. and Pimenta spp.)",1888.15,0.0,5535.0
Paraguay,2015,"Chillies and peppers, green (Capsicum spp. and Pimenta spp.)",86.33,0.0,5825.0
Paraguay,2016,"Chillies and peppers, green (Capsicum spp. and Pimenta spp.)",3008.15,0.0,6900.0
Paraguay,2017,"Chillies and peppers, green (Capsicum spp. and Pimenta spp.)",3715.05,0.0,8300.0
Paraguay,2018,"Chillies and peppers, green (Capsicum spp. and Pimenta spp.)",3511.29,0.0,10480.0
Paraguay,2019,"Chillies and peppers, green (Capsicum spp. and Pimenta spp.)",3741.4,0.0,10606.0
Paraguay,2020,"Chillies and peppers, green (Capsicum spp. and Pimenta spp.)",3875.17,0.0,11136.0
Paraguay,2021,"Chillies and peppers, green (Capsicum spp. and Pimenta spp.)",2326.82,0.0,12216.0
Paraguay,2022,"Chillies and peppers, green (Capsicum spp. and Pimenta spp.)",4479.45,0.0,13818.0
Paraguay,2023,"Chillies and peppers, green (Capsicum spp. and Pimenta spp.)",2725.23,0.0,13424.71
Philippines,1993,"Chillies and peppers, green (Capsicum spp. and Pimenta spp.)",5.0,0.0,15662.02
Philippines,1994,"Chillies and peppers, green (Capsicum spp. and Pimenta spp.)",49.0,4.0,14453.01
Philippines,1995,"Chillies and peppers, green (Capsicum spp. and Pimenta spp.)",5.0,0.0,16528.37
Philippines,1996,"Chillies and peppers, green (Capsicum spp. and Pimenta spp.)",10.0,1.0,17269.92
Philippines,1997,"Chillies and peppers, green (Capsicum spp. and Pimenta spp.)",30.0,26.0,17253.31
Philippines,1998,"Chillies and peppers, green (Capsicum spp. and Pimenta spp.)",43.0,623.0,15645.77
Philippines,1999,"Chillies and peppers, green (Capsicum spp. and Pimenta spp.)",1.0,449.0,15150.13
Philippines,2000,"Chillies and peppers, green (Capsicum spp. and Pimenta spp.)",0.0,132.56,15753.03
Philippines,2001,"Chillies and peppers, green (Capsicum spp. and Pimenta spp.)",55.0,17.0,15982.73
Philippines,2002,"Chillies and peppers, green (Capsicum spp. and Pimenta spp.)",0.0,3.0,16790.0
Philippines,2003,"Chillies and peppers, green (Capsicum spp. and Pimenta spp.)",5.0,1.0,16913.28
Philippines,2004,"Chillies and peppers, green (Capsicum spp. and Pimenta spp.)",0.0,10.0,17493.0
Philippines,2006,"Chillies and peppers, green (Capsicum spp. and Pimenta spp.)",0.0,3.0,17974.0
Philippines,2007,"Chillies and peppers, green (Capsicum spp. and Pimenta spp.)",4.0,0.0,19143.0
Philippines,2008,"Chillies and peppers, green (Capsicum spp. and Pimenta spp.)",1.0,0.0,20328.0
Philippines,2009,"Chillies and peppers, green (Capsicum spp. and Pimenta spp.)",3.0,1.0,20324.0
Philippines,2010,"Chillies and peppers, green (Capsicum spp. and Pimenta spp.)",7.0,0.0,20853.0
Philippines,2011,"Chillies and peppers, green (Capsicum spp. and Pimenta spp.)",0.0,23.0,21003.0
Philippines,2013,"Chillies and peppers, green (Capsicum spp. and Pimenta spp.)",3.0,1088.0,21462.37
Philippines,2015,"Chillies and peppers, green (Capsicum spp. and Pimenta spp.)",2.22,739.91,22019.25
Philippines,2017,"Chillies and peppers, green (Capsicum spp. and Pimenta spp.)",0.18,15.97,23251.76
Philippines,2018,"Chillies and peppers, green (Capsicum spp. and Pimenta spp.)",46.37,71.03,23366.75
Philippines,2019,"Chillies and peppers, green (Capsicum spp. and Pimenta spp.)",67.74,3.32,23794.07
Philippines,2020,"Chillies and peppers, green (Capsicum spp. and Pimenta spp.)",101.39,1.36,24662.79
Philippines,2021,"Chillies and peppers, green (Capsicum spp. and Pimenta spp.)",0.12,0.1,25827.97
Poland,1994,"Chillies and peppers, green (Capsicum spp. and Pimenta spp.)",13718.0,160.0,0.0
Poland,1995,"Chillies and peppers, green (Capsicum spp. and Pimenta spp.)",14296.0,78.0,0.0
Poland,1996,"Chillies and peppers, green (Capsicum spp. and Pimenta spp.)",17512.0,0.0,0.0
Poland,1997,"Chillies and peppers, green (Capsicum spp. and Pimenta spp.)",17801.0,0.0,0.0
Poland,1998,"Chillies and peppers, green (Capsicum spp. and Pimenta spp.)",22512.0,0.0,0.0
Poland,1999,"Chillies and peppers, green (Capsicum spp. and Pimenta spp.)",21005.0,0.0,0.0
Poland,2000,"Chillies and peppers, green (Capsicum spp. and Pimenta spp.)",15111.23,1252.22,0.0
Poland,2002,"Chillies and peppers, green (Capsicum spp. and Pimenta spp.)",23715.0,1958.0,0.0
Poland,2003,"Chillies and peppers, green (Capsicum spp. and Pimenta spp.)",17412.0,3582.0,0.0
Poland,2004,"Chillies and peppers, green (Capsicum spp. and Pimenta spp.)",17522.0,5788.0,0.0
Poland,2005,"Chillies and peppers, green (Capsicum spp. and Pimenta spp.)",23046.0,4745.0,0.0
Poland,2006,"Chillies and peppers, green (Capsicum spp. and Pimenta spp.)",24492.0,8756.0,0.0
Poland,2007,"Chillies and peppers, green (Capsicum spp. and Pimenta spp.)",24653.0,12850.0,0.0
Poland,2008,"Chillies and peppers, green (Capsicum spp. and Pimenta spp.)",31605.0,11253.0,0.0
Poland,2009,"Chillies and peppers, green (Capsicum spp. and Pimenta spp.)",42989.0,10975.0,0.0
Poland,2010,"Chillies and peppers, green (Capsicum spp. and Pimenta spp.)",40947.0,9045.0,0.0
Poland,2011,"Chillies and peppers, green (Capsicum spp. and Pimenta spp.)",46914.0,12766.0,0.0
Poland,2012,"Chillies and peppers, green (Capsicum spp. and Pimenta spp.)",47345.0,18275.0,0.0
Poland,2013,"Chillies and peppers, green (Capsicum spp. and Pimenta spp.)",48482.0,19209.0,0.0
Poland,2014,"Chillies and peppers, green (Capsicum spp. and Pimenta spp.)",57188.1,16452.66,0.0
Poland,2015,"Chillies and peppers, green (Capsicum spp. and Pimenta spp.)",56626.93,14487.14,0.0
Poland,2016,"Chillies and peppers, green (Capsicum spp. and Pimenta spp.)",57156.97,20604.61,0.0
Poland,2017,"Chillies and peppers, green (Capsicum spp. and Pimenta spp.)",67982.31,19718.19,0.0
Poland,2018,"Chillies and peppers, green (Capsicum spp. and Pimenta spp.)",73507.97,23115.98,166950.0
Poland,2019,"Chillies and peppers, green (Capsicum spp. and Pimenta spp.)",78289.99,28946.45,164700.0
Poland,2020,"Chillies and peppers, green (Capsicum spp. and Pimenta spp.)",77285.61,27322.81,161400.0
Poland,2021,"Chillies and peppers, green (Capsicum spp. and Pimenta spp.)",69407.21,21954.83,376300.0
Poland,2022,"Chillies and peppers, green (Capsicum spp. and Pimenta spp.)",71203.86,26373.91,376000.0
Poland,2023,"Chillies and peppers, green (Capsicum spp. and Pimenta spp.)",72630.58,28187.32,286000.0
Portugal,1993,"Chillies and peppers, green (Capsicum spp. and Pimenta spp.)",1364.0,428.0,1032.33
Portugal,1994,"Chillies and peppers, green (Capsicum spp. and Pimenta spp.)",1748.0,833.0,1037.92
Portugal,1995,"Chillies and peppers, green (Capsicum spp. and Pimenta spp.)",1701.0,500.0,1044.58
Portugal,1996,"Chillies and peppers, green (Capsicum spp. and Pimenta spp.)",3479.0,656.0,1052.14
Portugal,1997,"Chillies and peppers, green (Capsicum spp. and Pimenta spp.)",2917.0,680.0,1060.43
Portugal,1998,"Chillies and peppers, green (Capsicum spp. and Pimenta spp.)",3689.0,687.0,1068.9
Portugal,1999,"Chillies and peppers, green (Capsicum spp. and Pimenta spp.)",4365.0,1016.0,1077.99
Portugal,2000,"Chillies and peppers, green (Capsicum spp. and Pimenta spp.)",4404.0,1310.0,1030.19
Portugal,2001,"Chillies and peppers, green (Capsicum spp. and Pimenta spp.)",5509.0,1306.0,1049.54
Portugal,2002,"Chillies and peppers, green (Capsicum spp. and Pimenta spp.)",7634.0,1017.0,1069.72
Portugal,2003,"Chillies and peppers, green (Capsicum spp. and Pimenta spp.)",6876.0,3750.0,1090.98
Portugal,2004,"Chillies and peppers, green (Capsicum spp. and Pimenta spp.)",9623.0,2562.0,1113.69
Portugal,2005,"Chillies and peppers, green (Capsicum spp. and Pimenta spp.)",10920.0,2464.0,1138.42
Portugal,2006,"Chillies and peppers, green (Capsicum spp. and Pimenta spp.)",11319.0,2247.0,1200.0
Portugal,2007,"Chillies and peppers, green (Capsicum spp. and Pimenta spp.)",13884.0,2626.0,1250.0
Portugal,2008,"Chillies and peppers, green (Capsicum spp. and Pimenta spp.)",11919.0,2178.0,1300.0
Portugal,2009,"Chillies and peppers, green (Capsicum spp. and Pimenta spp.)",12129.0,1977.0,1400.0
Portugal,2010,"Chillies and peppers, green (Capsicum spp. and Pimenta spp.)",10591.0,2531.0,1120.6
Portugal,2011,"Chillies and peppers, green (Capsicum spp. and Pimenta spp.)",11159.0,2368.0,862.95
Portugal,2012,"Chillies and peppers, green (Capsicum spp. and Pimenta spp.)",14572.0,2602.0,897.4
Portugal,2013,"Chillies and peppers, green (Capsicum spp. and Pimenta spp.)",14316.0,4392.0,818.3
Portugal,2015,"Chillies and peppers, green (Capsicum spp. and Pimenta spp.)",16323.39,4791.17,884.2
Portugal,2016,"Chillies and peppers, green (Capsicum spp. and Pimenta spp.)",20984.88,1077.93,862.24
Portugal,2017,"Chillies and peppers, green (Capsicum spp. and Pimenta spp.)",20208.36,1375.25,822.19
Portugal,2018,"Chillies and peppers, green (Capsicum spp. and Pimenta spp.)",20268.18,2262.98,38140.0
Portugal,2019,"Chillies and peppers, green (Capsicum spp. and Pimenta spp.)",20863.55,1612.35,36660.0
Portugal,2020,"Chillies and peppers, green (Capsicum spp. and Pimenta spp.)",19041.76,1243.68,54500.0
Portugal,2021,"Chillies and peppers, green (Capsicum spp. and Pimenta spp.)",22828.16,1727.28,54190.0
Portugal,2022,"Chillies and peppers, green (Capsicum spp. and Pimenta spp.)",25266.23,3203.17,41280.0
Portugal,2023,"Chillies and peppers, green (Capsicum spp. and Pimenta spp.)",27885.22,6853.76,46680.0
Qatar,2001,"Chillies and peppers, green (Capsicum spp. and Pimenta spp.)",3316.0,0.0,646.0
Qatar,2002,"Chillies and peppers, green (Capsicum spp. and Pimenta spp.)",3268.0,0.0,352.0
Qatar,2004,"Chillies and peppers, green (Capsicum spp. and Pimenta spp.)",3490.0,0.0,295.0
Qatar,2005,"Chillies and peppers, green (Capsicum spp. and Pimenta spp.)",3734.0,0.0,493.0
Qatar,2006,"Chillies and peppers, green (Capsicum spp. and Pimenta spp.)",4286.0,1.0,681.0
Qatar,2008,"Chillies and peppers, green (Capsicum spp. and Pimenta spp.)",5410.0,1.0,808.4
Qatar,2009,"Chillies and peppers, green (Capsicum spp. and Pimenta spp.)",4288.0,1.0,845.0
Qatar,2010,"Chillies and peppers, green (Capsicum spp. and Pimenta spp.)",2957.0,1.0,1016.0
Qatar,2011,"Chillies and peppers, green (Capsicum spp. and Pimenta spp.)",5052.0,1.0,920.0
Qatar,2012,"Chillies and peppers, green (Capsicum spp. and Pimenta spp.)",7148.0,0.0,1004.0
Qatar,2013,"Chillies and peppers, green (Capsicum spp. and Pimenta spp.)",9243.0,0.0,1339.0
Qatar,2014,"Chillies and peppers, green (Capsicum spp. and Pimenta spp.)",10821.05,0.0,949.0
Qatar,2015,"Chillies and peppers, green (Capsicum spp. and Pimenta spp.)",11314.71,0.0,1429.0
Qatar,2016,"Chillies and peppers, green (Capsicum spp. and Pimenta spp.)",15622.75,0.0,1233.0
Qatar,2017,"Chillies and peppers, green (Capsicum spp. and Pimenta spp.)",12075.74,0.0,1261.0
Qatar,2018,"Chillies and peppers, green (Capsicum spp. and Pimenta spp.)",15879.13,0.0,1796.0
Qatar,2019,"Chillies and peppers, green (Capsicum spp. and Pimenta spp.)",16055.65,0.0,2386.0
Qatar,2020,"Chillies and peppers, green (Capsicum spp. and Pimenta spp.)",15971.43,0.0,3357.0
Qatar,2021,"Chillies and peppers, green (Capsicum spp. and Pimenta spp.)",14062.73,0.0,4111.0
Qatar,2022,"Chillies and peppers, green (Capsicum spp. and Pimenta spp.)",16965.79,0.0,4072.0
Republic of Korea,1998,"Chillies and peppers, green (Capsicum spp. and Pimenta spp.)",1.0,1277.0,288102.0
Republic of Korea,1999,"Chillies and peppers, green (Capsicum spp. and Pimenta spp.)",1.0,3547.0,436647.0
Republic of Korea,2000,"Chillies and peppers, green (Capsicum spp. and Pimenta spp.)",2.54,6829.84,391298.0
Republic of Korea,2001,"Chillies and peppers, green (Capsicum spp. and Pimenta spp.)",5.0,12633.0,411750.0
Republic of Korea,2002,"Chillies and peppers, green (Capsicum spp. and Pimenta spp.)",9.0,13627.0,381156.0
Republic of Korea,2003,"Chillies and peppers, green (Capsicum spp. and Pimenta spp.)",53.0,15543.0,350174.0
Republic of Korea,2004,"Chillies and peppers, green (Capsicum spp. and Pimenta spp.)",0.0,17426.0,410281.0
Republic of Korea,2005,"Chillies and peppers, green (Capsicum spp. and Pimenta spp.)",46.0,18844.0,395293.0
Republic of Korea,2006,"Chillies and peppers, green (Capsicum spp. and Pimenta spp.)",29.0,15149.0,352966.0
Republic of Korea,2007,"Chillies and peppers, green (Capsicum spp. and Pimenta spp.)",18.0,14767.0,414136.0
Republic of Korea,2008,"Chillies and peppers, green (Capsicum spp. and Pimenta spp.)",25.0,17654.0,385763.0
Republic of Korea,2009,"Chillies and peppers, green (Capsicum spp. and Pimenta spp.)",16.0,18684.0,350436.0
Republic of Korea,2010,"Chillies and peppers, green (Capsicum spp. and Pimenta spp.)",0.0,17054.0,310462.0
Republic of Korea,2011,"Chillies and peppers, green (Capsicum spp. and Pimenta spp.)",13.0,17328.0,262257.0
Republic of Korea,2012,"Chillies and peppers, green (Capsicum spp. and Pimenta spp.)",15.0,21405.0,302015.0
Republic of Korea,2013,"Chillies and peppers, green (Capsicum spp. and Pimenta spp.)",0.0,22846.0,298885.0
Republic of Korea,2015,"Chillies and peppers, green (Capsicum spp. and Pimenta spp.)",0.0,29683.41,273271.0
Republic of Korea,2016,"Chillies and peppers, green (Capsicum spp. and Pimenta spp.)",0.0,30441.98,254658.0
Republic of Korea,2017,"Chillies and peppers, green (Capsicum spp. and Pimenta spp.)",0.0,35085.08,241946.0
Republic of Korea,2018,"Chillies and peppers, green (Capsicum spp. and Pimenta spp.)",0.01,32164.27,265254.0
Republic of Korea,2019,"Chillies and peppers, green (Capsicum spp. and Pimenta spp.)",0.01,35660.96,254280.0
Republic of Korea,2020,"Chillies and peppers, green (Capsicum spp. and Pimenta spp.)",0.0,30783.78,243424.0
Republic of Korea,2021,"Chillies and peppers, green (Capsicum spp. and Pimenta spp.)",2.02,27972.06,261132.0
Republic of Korea,2022,"Chillies and peppers, green (Capsicum spp. and Pimenta spp.)",4.43,27154.16,215050.0
Republic of Moldova,1995,"Chillies and peppers, green (Capsicum spp. and Pimenta spp.)",11.0,5818.0,50101.0
Republic of Moldova,1996,"Chillies and peppers, green (Capsicum spp. and Pimenta spp.)",1.0,2366.0,26000.0
Republic of Moldova,1997,"Chillies and peppers, green (Capsicum spp. and Pimenta spp.)",11.0,1395.0,12800.0
Republic of Moldova,1998,"Chillies and peppers, green (Capsicum spp. and Pimenta spp.)",3.0,1657.0,16400.0
Republic of Moldova,1999,"Chillies and peppers, green (Capsicum spp. and Pimenta spp.)",11.0,622.0,17500.0
Republic of Moldova,2000,"Chillies and peppers, green (Capsicum spp. and Pimenta spp.)",16.0,276.0,12100.0
Republic of Moldova,2001,"Chillies and peppers, green (Capsicum spp. and Pimenta spp.)",47.0,367.0,22313.0
Republic of Moldova,2002,"Chillies and peppers, green (Capsicum spp. and Pimenta spp.)",30.0,402.0,22072.0
Republic of Moldova,2003,"Chillies and peppers, green (Capsicum spp. and Pimenta spp.)",123.0,52.0,20228.0
Republic of Moldova,2004,"Chillies and peppers, green (Capsicum spp. and Pimenta spp.)",190.0,75.0,20485.0
Republic of Moldova,2005,"Chillies and peppers, green (Capsicum spp. and Pimenta spp.)",192.0,100.0,32135.0
Republic of Moldova,2007,"Chillies and peppers, green (Capsicum spp. and Pimenta spp.)",252.0,0.0,19120.0
Republic of Moldova,2008,"Chillies and peppers, green (Capsicum spp. and Pimenta spp.)",585.0,0.0,19189.0
Republic of Moldova,2009,"Chillies and peppers, green (Capsicum spp. and Pimenta spp.)",1127.0,126.0,23794.0
Republic of Moldova,2010,"Chillies and peppers, green (Capsicum spp. and Pimenta spp.)",1162.0,359.0,18872.0
Republic of Moldova,2011,"Chillies and peppers, green (Capsicum spp. and Pimenta spp.)",1886.0,831.0,23977.0
Republic of Moldova,2012,"Chillies and peppers, green (Capsicum spp. and Pimenta spp.)",2568.0,1480.0,14641.0
Republic of Moldova,2013,"Chillies and peppers, green (Capsicum spp. and Pimenta spp.)",2357.0,1236.0,17908.0
Republic of Moldova,2014,"Chillies and peppers, green (Capsicum spp. and Pimenta spp.)",2615.52,1170.58,15872.0
Republic of Moldova,2015,"Chillies and peppers, green (Capsicum spp. and Pimenta spp.)",2484.88,905.55,11876.0
Republic of Moldova,2016,"Chillies and peppers, green (Capsicum spp. and Pimenta spp.)",1856.15,305.86,9855.0
Republic of Moldova,2017,"Chillies and peppers, green (Capsicum spp. and Pimenta spp.)",1699.36,30.87,10739.0
Republic of Moldova,2018,"Chillies and peppers, green (Capsicum spp. and Pimenta spp.)",2241.55,28.55,9283.0
Republic of Moldova,2019,"Chillies and peppers, green (Capsicum spp. and Pimenta spp.)",2580.21,30.0,14063.0
Republic of Moldova,2021,"Chillies and peppers, green (Capsicum spp. and Pimenta spp.)",3029.96,44.83,9962.0
Republic of Moldova,2023,"Chillies and peppers, green (Capsicum spp. and Pimenta spp.)",3674.63,24.55,12144.0
Romania,1993,"Chillies and peppers, green (Capsicum spp. and Pimenta spp.)",38.0,313.0,176287.0
Romania,1994,"Chillies and peppers, green (Capsicum spp. and Pimenta spp.)",429.0,329.0,163154.0
Romania,1995,"Chillies and peppers, green (Capsicum spp. and Pimenta spp.)",1743.0,249.0,195648.0
Romania,1996,"Chillies and peppers, green (Capsicum spp. and Pimenta spp.)",1508.0,57.0,186575.0
Romania,1997,"Chillies and peppers, green (Capsicum spp. and Pimenta spp.)",1326.0,0.0,167375.0
Romania,1998,"Chillies and peppers, green (Capsicum spp. and Pimenta spp.)",1752.0,11.0,191376.0
Romania,1999,"Chillies and peppers, green (Capsicum spp. and Pimenta spp.)",2316.0,180.0,212294.0
Romania,2000,"Chillies and peppers, green (Capsicum spp. and Pimenta spp.)",2586.0,1.0,174836.0
Romania,2001,"Chillies and peppers, green (Capsicum spp. and Pimenta spp.)",2113.0,144.0,184815.0
Romania,2002,"Chillies and peppers, green (Capsicum spp. and Pimenta spp.)",2336.0,73.0,197442.0
Romania,2003,"Chillies and peppers, green (Capsicum spp. and Pimenta spp.)",2441.0,58.0,249125.0
Romania,2004,"Chillies and peppers, green (Capsicum spp. and Pimenta spp.)",3117.0,155.0,237240.0
Romania,2005,"Chillies and peppers, green (Capsicum spp. and Pimenta spp.)",8952.0,130.0,203751.0
Romania,2006,"Chillies and peppers, green (Capsicum spp. and Pimenta spp.)",9728.0,53.0,279126.0
Romania,2007,"Chillies and peppers, green (Capsicum spp. and Pimenta spp.)",12735.0,283.0,184939.0
Romania,2008,"Chillies and peppers, green (Capsicum spp. and Pimenta spp.)",14878.0,136.0,238682.0
Romania,2009,"Chillies and peppers, green (Capsicum spp. and Pimenta spp.)",13093.0,195.0,245661.0
Romania,2010,"Chillies and peppers, green (Capsicum spp. and Pimenta spp.)",19183.0,1295.0,243493.0
Romania,2011,"Chillies and peppers, green (Capsicum spp. and Pimenta spp.)",17950.0,983.0,253505.0
Romania,2012,"Chillies and peppers, green (Capsicum spp. and Pimenta spp.)",17403.0,829.0,207072.0
Romania,2013,"Chillies and peppers, green (Capsicum spp. and Pimenta spp.)",15580.0,815.0,227690.0
Romania,2014,"Chillies and peppers, green (Capsicum spp. and Pimenta spp.)",19639.83,306.0,228576.0
Romania,2015,"Chillies and peppers, green (Capsicum spp. and Pimenta spp.)",22529.48,183.93,226300.0
Romania,2016,"Chillies and peppers, green (Capsicum spp. and Pimenta spp.)",26488.17,138.46,201881.0
Romania,2017,"Chillies and peppers, green (Capsicum spp. and Pimenta spp.)",30164.4,121.53,226459.0
Romania,2018,"Chillies and peppers, green (Capsicum spp. and Pimenta spp.)",35486.52,120.55,140260.0
Romania,2019,"Chillies and peppers, green (Capsicum spp. and Pimenta spp.)",34905.7,232.23,135500.0
Romania,2020,"Chillies and peppers, green (Capsicum spp. and Pimenta spp.)",40784.1,252.07,140820.0
Romania,2021,"Chillies and peppers, green (Capsicum spp. and Pimenta spp.)",44491.53,496.13,154790.0
Romania,2022,"Chillies and peppers, green (Capsicum spp. and Pimenta spp.)",46114.45,928.09,105210.0
Romania,2023,"Chillies and peppers, green (Capsicum spp. and Pimenta spp.)",50231.65,1465.33,104560.0
Russian Federation,1993,"Chillies and peppers, green (Capsicum spp. and Pimenta spp.)",31.0,9.0,0.0
Russian Federation,1994,"Chillies and peppers, green (Capsicum spp. and Pimenta spp.)",12000.0,0.0,0.0
Russian Federation,1996,"Chillies and peppers, green (Capsicum spp. and Pimenta spp.)",16201.0,23.0,0.0
Russian Federation,1997,"Chillies and peppers, green (Capsicum spp. and Pimenta spp.)",27107.0,8.0,0.0
Russian Federation,1998,"Chillies and peppers, green (Capsicum spp. and Pimenta spp.)",29487.0,32.0,0.0
Russian Federation,2000,"Chillies and peppers, green (Capsicum spp. and Pimenta spp.)",18955.53,44.93,0.0
Russian Federation,2001,"Chillies and peppers, green (Capsicum spp. and Pimenta spp.)",18372.0,41.0,0.0
Russian Federation,2002,"Chillies and peppers, green (Capsicum spp. and Pimenta spp.)",27458.0,10.0,0.0
Russian Federation,2003,"Chillies and peppers, green (Capsicum spp. and Pimenta spp.)",43764.0,12.0,0.0
Russian Federation,2004,"Chillies and peppers, green (Capsicum spp. and Pimenta spp.)",58514.0,39.0,0.0
Russian Federation,2005,"Chillies and peppers, green (Capsicum spp. and Pimenta spp.)",62247.0,126.0,0.0
Russian Federation,2006,"Chillies and peppers, green (Capsicum spp. and Pimenta spp.)",71108.0,63.0,0.0
Russian Federation,2007,"Chillies and peppers, green (Capsicum spp. and Pimenta spp.)",77055.0,17.0,0.0
Russian Federation,2008,"Chillies and peppers, green (Capsicum spp. and Pimenta spp.)",95677.0,92.0,0.0
Russian Federation,2009,"Chillies and peppers, green (Capsicum spp. and Pimenta spp.)",103746.0,36.0,0.0
Russian Federation,2010,"Chillies and peppers, green (Capsicum spp. and Pimenta spp.)",102839.0,28.0,0.0
Russian Federation,2011,"Chillies and peppers, green (Capsicum spp. and Pimenta spp.)",114571.0,25.0,0.0
Russian Federation,2012,"Chillies and peppers, green (Capsicum spp. and Pimenta spp.)",142757.0,13.0,0.0
Russian Federation,2013,"Chillies and peppers, green (Capsicum spp. and Pimenta spp.)",166025.0,37.0,0.0
Russian Federation,2014,"Chillies and peppers, green (Capsicum spp. and Pimenta spp.)",159990.47,9.09,0.0
Russian Federation,2015,"Chillies and peppers, green (Capsicum spp. and Pimenta spp.)",121554.23,5028.82,0.0
Russian Federation,2016,"Chillies and peppers, green (Capsicum spp. and Pimenta spp.)",112213.77,4919.28,0.0
Russian Federation,2017,"Chillies and peppers, green (Capsicum spp. and Pimenta spp.)",139301.76,6167.25,0.0
Russian Federation,2018,"Chillies and peppers, green (Capsicum spp. and Pimenta spp.)",165719.95,6382.24,0.0
Russian Federation,2019,"Chillies and peppers, green (Capsicum spp. and Pimenta spp.)",162092.21,6697.03,0.0
Russian Federation,2020,"Chillies and peppers, green (Capsicum spp. and Pimenta spp.)",131758.14,7264.53,0.0
Russian Federation,2021,"Chillies and peppers, green (Capsicum spp. and Pimenta spp.)",114293.32,5892.15,0.0
Russian Federation,2022,"Chillies and peppers, green (Capsicum spp. and Pimenta spp.)",88742.55,6500.0,0.0
Rwanda,1996,"Chillies and peppers, green (Capsicum spp. and Pimenta spp.)",2.0,0.0,0.0
Rwanda,2013,"Chillies and peppers, green (Capsicum spp. and Pimenta spp.)",11.0,6.0,4646.54
Rwanda,2014,"Chillies and peppers, green (Capsicum spp. and Pimenta spp.)",1.84,0.0,4443.36
Rwanda,2015,"Chillies and peppers, green (Capsicum spp. and Pimenta spp.)",0.8,0.04,4414.35
Rwanda,2016,"Chillies and peppers, green (Capsicum spp. and Pimenta spp.)",2.45,0.0,4460.0
Rwanda,2023,"Chillies and peppers, green (Capsicum spp. and Pimenta spp.)",0.01,1116.42,4179.2
Saint Kitts and Nevis,2000,"Chillies and peppers, green (Capsicum spp. and Pimenta spp.)",89.0,0.0,32.0
Saint Kitts and Nevis,2001,"Chillies and peppers, green (Capsicum spp. and Pimenta spp.)",73.0,0.0,30.0
Saint Kitts and Nevis,2002,"Chillies and peppers, green (Capsicum spp. and Pimenta spp.)",68.0,0.0,30.0
Saint Kitts and Nevis,2003,"Chillies and peppers, green (Capsicum spp. and Pimenta spp.)",42.0,0.0,35.0
Saint Kitts and Nevis,2004,"Chillies and peppers, green (Capsicum spp. and Pimenta spp.)",51.0,0.0,42.39
Saint Kitts and Nevis,2005,"Chillies and peppers, green (Capsicum spp. and Pimenta spp.)",65.0,0.0,29.0
Saint Kitts and Nevis,2006,"Chillies and peppers, green (Capsicum spp. and Pimenta spp.)",61.0,9.0,50.0
Saint Kitts and Nevis,2010,"Chillies and peppers, green (Capsicum spp. and Pimenta spp.)",1.0,0.0,55.0
Saint Kitts and Nevis,2011,"Chillies and peppers, green (Capsicum spp. and Pimenta spp.)",1.0,0.0,51.0
Saint Kitts and Nevis,2012,"Chillies and peppers, green (Capsicum spp. and Pimenta spp.)",2.0,0.0,52.0
Saint Kitts and Nevis,2013,"Chillies and peppers, green (Capsicum spp. and Pimenta spp.)",7.0,0.0,60.0
Saint Kitts and Nevis,2014,"Chillies and peppers, green (Capsicum spp. and Pimenta spp.)",0.02,0.01,57.0
Saint Kitts and Nevis,2015,"Chillies and peppers, green (Capsicum spp. and Pimenta spp.)",86.2,0.09,33.0
Saint Kitts and Nevis,2016,"Chillies and peppers, green (Capsicum spp. and Pimenta spp.)",167.35,0.03,36.0
Saint Kitts and Nevis,2018,"Chillies and peppers, green (Capsicum spp. and Pimenta spp.)",13.89,0.0,149.0
Saint Kitts and Nevis,2019,"Chillies and peppers, green (Capsicum spp. and Pimenta spp.)",7.44,0.0,62.5
Saint Kitts and Nevis,2020,"Chillies and peppers, green (Capsicum spp. and Pimenta spp.)",0.11,0.02,65.65
Saint Kitts and Nevis,2021,"Chillies and peppers, green (Capsicum spp. and Pimenta spp.)",0.01,0.08,51.5
Saint Kitts and Nevis,2022,"Chillies and peppers, green (Capsicum spp. and Pimenta spp.)",2.73,0.14,81.5
Saint Kitts and Nevis,2023,"Chillies and peppers, green (Capsicum spp. and Pimenta spp.)",4.39,0.01,42.0
Saint Lucia,2000,"Chillies and peppers, green (Capsicum spp. and Pimenta spp.)",65.0,1.0,0.0
Saint Lucia,2001,"Chillies and peppers, green (Capsicum spp. and Pimenta spp.)",58.0,1.0,0.0
Saint Lucia,2002,"Chillies and peppers, green (Capsicum spp. and Pimenta spp.)",57.0,1.0,0.0
Saint Lucia,2003,"Chillies and peppers, green (Capsicum spp. and Pimenta spp.)",119.0,1.0,0.0
Saint Lucia,2004,"Chillies and peppers, green (Capsicum spp. and Pimenta spp.)",107.0,0.0,0.0
Saint Lucia,2005,"Chillies and peppers, green (Capsicum spp. and Pimenta spp.)",106.0,0.0,0.0
Saint Lucia,2006,"Chillies and peppers, green (Capsicum spp. and Pimenta spp.)",137.0,1.0,0.0
Saint Lucia,2008,"Chillies and peppers, green (Capsicum spp. and Pimenta spp.)",96.0,0.0,0.0
Saint Lucia,2009,"Chillies and peppers, green (Capsicum spp. and Pimenta spp.)",110.0,0.0,0.0
Saint Lucia,2010,"Chillies and peppers, green (Capsicum spp. and Pimenta spp.)",110.0,0.0,0.0
Saint Lucia,2011,"Chillies and peppers, green (Capsicum spp. and Pimenta spp.)",12.0,0.0,0.0
Saint Lucia,2012,"Chillies and peppers, green (Capsicum spp. and Pimenta spp.)",13.0,0.0,0.0
Saint Lucia,2013,"Chillies and peppers, green (Capsicum spp. and Pimenta spp.)",13.0,0.0,0.0
Saint Lucia,2014,"Chillies and peppers, green (Capsicum spp. and Pimenta spp.)",143.98,2.1,0.0
Saint Lucia,2016,"Chillies and peppers, green (Capsicum spp. and Pimenta spp.)",111.21,0.01,0.0
Saint Lucia,2017,"Chillies and peppers, green (Capsicum spp. and Pimenta spp.)",143.32,0.37,0.0
Saint Lucia,2018,"Chillies and peppers, green (Capsicum spp. and Pimenta spp.)",136.39,1.22,0.0
Saint Lucia,2019,"Chillies and peppers, green (Capsicum spp. and Pimenta spp.)",132.4,0.74,0.0
Saint Lucia,2020,"Chillies and peppers, green (Capsicum spp. and Pimenta spp.)",109.15,1.04,0.0
Saint Lucia,2023,"Chillies and peppers, green (Capsicum spp. and Pimenta spp.)",51.54,0.71,0.0
Saint Vincent and the Grenadines,2003,"Chillies and peppers, green (Capsicum spp. and Pimenta spp.)",14.0,0.0,448.0
Saint Vincent and the Grenadines,2004,"Chillies and peppers, green (Capsicum spp. and Pimenta spp.)",11.0,1.0,445.0
Saint Vincent and the Grenadines,2005,"Chillies and peppers, green (Capsicum spp. and Pimenta spp.)",23.0,0.0,450.0
Saint Vincent and the Grenadines,2006,"Chillies and peppers, green (Capsicum spp. and Pimenta spp.)",22.0,1.0,475.0
Saint Vincent and the Grenadines,2007,"Chillies and peppers, green (Capsicum spp. and Pimenta spp.)",21.0,2.0,475.0
Saint Vincent and the Grenadines,2008,"Chillies and peppers, green (Capsicum spp. and Pimenta spp.)",22.0,0.0,500.0
Saint Vincent and the Grenadines,2009,"Chillies and peppers, green (Capsicum spp. and Pimenta spp.)",20.0,0.0,525.0
Saint Vincent and the Grenadines,2010,"Chillies and peppers, green (Capsicum spp. and Pimenta spp.)",31.0,0.0,416.18
Saint Vincent and the Grenadines,2011,"Chillies and peppers, green (Capsicum spp. and Pimenta spp.)",31.0,0.0,348.7
Saint Vincent and the Grenadines,2012,"Chillies and peppers, green (Capsicum spp. and Pimenta spp.)",9.0,0.0,223.0
Saint Vincent and the Grenadines,2013,"Chillies and peppers, green (Capsicum spp. and Pimenta spp.)",9.0,0.0,284.0
Saint Vincent and the Grenadines,2014,"Chillies and peppers, green (Capsicum spp. and Pimenta spp.)",32.52,2.23,308.0
Saint Vincent and the Grenadines,2016,"Chillies and peppers, green (Capsicum spp. and Pimenta spp.)",34.04,0.35,310.0
Saint Vincent and the Grenadines,2017,"Chillies and peppers, green (Capsicum spp. and Pimenta spp.)",30.44,1.59,324.0
Saint Vincent and the Grenadines,2018,"Chillies and peppers, green (Capsicum spp. and Pimenta spp.)",52.49,2.51,908.0
Saint Vincent and the Grenadines,2019,"Chillies and peppers, green (Capsicum spp. and Pimenta spp.)",43.39,0.21,1252.0
Saint Vincent and the Grenadines,2020,"Chillies and peppers, green (Capsicum spp. and Pimenta spp.)",38.54,0.49,905.0
Saint Vincent and the Grenadines,2021,"Chillies and peppers, green (Capsicum spp. and Pimenta spp.)",45.24,0.0,421.0
Saint Vincent and the Grenadines,2022,"Chillies and peppers, green (Capsicum spp. and Pimenta spp.)",2.2,0.04,342.0
Saint Vincent and the Grenadines,2023,"Chillies and peppers, green (Capsicum spp. and Pimenta spp.)",4.53,0.0,330.0
Samoa,2012,"Chillies and peppers, green (Capsicum spp. and Pimenta spp.)",14.0,0.0,0.0
Samoa,2013,"Chillies and peppers, green (Capsicum spp. and Pimenta spp.)",20.0,0.0,0.0
Samoa,2015,"Chillies and peppers, green (Capsicum spp. and Pimenta spp.)",52.41,0.0,0.0
Samoa,2016,"Chillies and peppers, green (Capsicum spp. and Pimenta spp.)",40.91,0.0,0.0
Samoa,2017,"Chillies and peppers, green (Capsicum spp. and Pimenta spp.)",38.55,0.0,0.0
Samoa,2018,"Chillies and peppers, green (Capsicum spp. and Pimenta spp.)",34.2,0.0,0.0
Samoa,2020,"Chillies and peppers, green (Capsicum spp. and Pimenta spp.)",11.5,0.0,0.0
Samoa,2021,"Chillies and peppers, green (Capsicum spp. and Pimenta spp.)",38.6,0.0,0.0
Samoa,2022,"Chillies and peppers, green (Capsicum spp. and Pimenta spp.)",6.77,0.0,0.0
Samoa,2023,"Chillies and peppers, green (Capsicum spp. and Pimenta spp.)",10.86,0.0,0.0
Sao Tome and Principe,2014,"Chillies and peppers, green (Capsicum spp. and Pimenta spp.)",2.16,0.0,0.0
Sao Tome and Principe,2016,"Chillies and peppers, green (Capsicum spp. and Pimenta spp.)",3.13,0.0,14.0
Sao Tome and Principe,2017,"Chillies and peppers, green (Capsicum spp. and Pimenta spp.)",3.18,0.0,15.0
Sao Tome and Principe,2018,"Chillies and peppers, green (Capsicum spp. and Pimenta spp.)",3.62,0.0,14.0
Sao Tome and Principe,2019,"Chillies and peppers, green (Capsicum spp. and Pimenta spp.)",2.94,0.0,14.0
Sao Tome and Principe,2020,"Chillies and peppers, green (Capsicum spp. and Pimenta spp.)",1.82,0.0,14.21
Sao Tome and Principe,2022,"Chillies and peppers, green (Capsicum spp. and Pimenta spp.)",1.22,0.0,14.19
Sao Tome and Principe,2023,"Chillies and peppers, green (Capsicum spp. and Pimenta spp.)",1.37,0.0,14.2
Saudi Arabia,1994,"Chillies and peppers, green (Capsicum spp. and Pimenta spp.)",5429.0,931.0,0.0
Saudi Arabia,1995,"Chillies and peppers, green (Capsicum spp. and Pimenta spp.)",3649.0,898.0,0.0
Saudi Arabia,1996,"Chillies and peppers, green (Capsicum spp. and Pimenta spp.)",4242.0,780.0,0.0
Saudi Arabia,1998,"Chillies and peppers, green (Capsicum spp. and Pimenta spp.)",6505.0,872.0,0.0
Saudi Arabia,1999,"Chillies and peppers, green (Capsicum spp. and Pimenta spp.)",1200.0,490.0,0.0
Saudi Arabia,2000,"Chillies and peppers, green (Capsicum spp. and Pimenta spp.)",7581.6,785.57,0.0
Saudi Arabia,2001,"Chillies and peppers, green (Capsicum spp. and Pimenta spp.)",8593.0,552.0,0.0
Saudi Arabia,2002,"Chillies and peppers, green (Capsicum spp. and Pimenta spp.)",14555.0,412.0,0.0
Saudi Arabia,2003,"Chillies and peppers, green (Capsicum spp. and Pimenta spp.)",13588.0,367.0,0.0
Saudi Arabia,2004,"Chillies and peppers, green (Capsicum spp. and Pimenta spp.)",12396.0,132.0,0.0
Saudi Arabia,2005,"Chillies and peppers, green (Capsicum spp. and Pimenta spp.)",9472.0,231.0,0.0
Saudi Arabia,2006,"Chillies and peppers, green (Capsicum spp. and Pimenta spp.)",10343.0,70.0,0.0
Saudi Arabia,2007,"Chillies and peppers, green (Capsicum spp. and Pimenta spp.)",13671.0,289.0,0.0
Saudi Arabia,2008,"Chillies and peppers, green (Capsicum spp. and Pimenta spp.)",1613.0,582.0,0.0
Saudi Arabia,2009,"Chillies and peppers, green (Capsicum spp. and Pimenta spp.)",8868.0,582.0,0.0
Saudi Arabia,2010,"Chillies and peppers, green (Capsicum spp. and Pimenta spp.)",21693.0,729.0,0.0
Saudi Arabia,2011,"Chillies and peppers, green (Capsicum spp. and Pimenta spp.)",20732.0,1800.0,0.0
Saudi Arabia,2012,"Chillies and peppers, green (Capsicum spp. and Pimenta spp.)",21390.0,1795.0,0.0
Saudi Arabia,2013,"Chillies and peppers, green (Capsicum spp. and Pimenta spp.)",18074.0,1827.0,0.0
Saudi Arabia,2014,"Chillies and peppers, green (Capsicum spp. and Pimenta spp.)",22123.0,1037.0,0.0
Saudi Arabia,2015,"Chillies and peppers, green (Capsicum spp. and Pimenta spp.)",28049.0,907.0,0.0
Saudi Arabia,2016,"Chillies and peppers, green (Capsicum spp. and Pimenta spp.)",31304.0,2939.0,0.0
Saudi Arabia,2017,"Chillies and peppers, green (Capsicum spp. and Pimenta spp.)",28211.73,6126.83,47871.0
Saudi Arabia,2018,"Chillies and peppers, green (Capsicum spp. and Pimenta spp.)",28652.9,3445.53,52136.0
Saudi Arabia,2019,"Chillies and peppers, green (Capsicum spp. and Pimenta spp.)",27005.77,4714.27,24469.0
Saudi Arabia,2020,"Chillies and peppers, green (Capsicum spp. and Pimenta spp.)",42429.94,5658.69,94812.0
Saudi Arabia,2021,"Chillies and peppers, green (Capsicum spp. and Pimenta spp.)",45619.08,4466.42,108057.0
Saudi Arabia,2022,"Chillies and peppers, green (Capsicum spp. and Pimenta spp.)",49593.0,3167.7,119780.0
Saudi Arabia,2023,"Chillies and peppers, green (Capsicum spp. and Pimenta spp.)",25867.98,3288.11,128921.96
Senegal,1997,"Chillies and peppers, green (Capsicum spp. and Pimenta spp.)",2.0,0.0,0.0
Senegal,1998,"Chillies and peppers, green (Capsicum spp. and Pimenta spp.)",0.0,0.0,0.0
Senegal,1999,"Chillies and peppers, green (Capsicum spp. and Pimenta spp.)",2.0,0.0,0.0
Senegal,2000,"Chillies and peppers, green (Capsicum spp. and Pimenta spp.)",0.0,0.0,0.0
Senegal,2001,"Chillies and peppers, green (Capsicum spp. and Pimenta spp.)",1.0,0.0,0.0
Senegal,2002,"Chillies and peppers, green (Capsicum spp. and Pimenta spp.)",1.0,1.0,0.0
Senegal,2004,"Chillies and peppers, green (Capsicum spp. and Pimenta spp.)",4.0,0.0,0.0
Senegal,2005,"Chillies and peppers, green (Capsicum spp. and Pimenta spp.)",1.0,17.0,0.0
Senegal,2006,"Chillies and peppers, green (Capsicum spp. and Pimenta spp.)",3.0,19.0,0.0
Senegal,2007,"Chillies and peppers, green (Capsicum spp. and Pimenta spp.)",5.0,29.0,0.0
Senegal,2008,"Chillies and peppers, green (Capsicum spp. and Pimenta spp.)",1.0,0.0,0.0
Senegal,2009,"Chillies and peppers, green (Capsicum spp. and Pimenta spp.)",3.0,23.0,0.0
Senegal,2010,"Chillies and peppers, green (Capsicum spp. and Pimenta spp.)",14.0,33.0,0.0
Senegal,2011,"Chillies and peppers, green (Capsicum spp. and Pimenta spp.)",1.0,47.0,0.0
Senegal,2012,"Chillies and peppers, green (Capsicum spp. and Pimenta spp.)",2.0,118.0,0.0
Senegal,2014,"Chillies and peppers, green (Capsicum spp. and Pimenta spp.)",11.38,215.11,0.0
Senegal,2015,"Chillies and peppers, green (Capsicum spp. and Pimenta spp.)",17.85,207.34,0.0
Senegal,2016,"Chillies and peppers, green (Capsicum spp. and Pimenta spp.)",12.17,401.05,0.0
Senegal,2017,"Chillies and peppers, green (Capsicum spp. and Pimenta spp.)",30.76,713.29,0.0
Senegal,2018,"Chillies and peppers, green (Capsicum spp. and Pimenta spp.)",0.84,788.69,0.0
Senegal,2019,"Chillies and peppers, green (Capsicum spp. and Pimenta spp.)",30.18,911.74,0.0
Senegal,2020,"Chillies and peppers, green (Capsicum spp. and Pimenta spp.)",11.31,936.36,0.0
Senegal,2023,"Chillies and peppers, green (Capsicum spp. and Pimenta spp.)",5665.88,1068.52,0.0
Serbia,2006,"Chillies and peppers, green (Capsicum spp. and Pimenta spp.)",1577.0,10149.0,177255.0
Serbia,2007,"Chillies and peppers, green (Capsicum spp. and Pimenta spp.)",2128.0,7363.0,150257.0
Serbia,2009,"Chillies and peppers, green (Capsicum spp. and Pimenta spp.)",3383.0,9309.0,171366.0
Serbia,2010,"Chillies and peppers, green (Capsicum spp. and Pimenta spp.)",5075.0,8712.0,154953.0
Serbia,2011,"Chillies and peppers, green (Capsicum spp. and Pimenta spp.)",5939.0,10580.0,145206.0
Serbia,2013,"Chillies and peppers, green (Capsicum spp. and Pimenta spp.)",3895.0,11339.0,100439.6
Serbia,2014,"Chillies and peppers, green (Capsicum spp. and Pimenta spp.)",5669.21,8238.06,114471.57
Serbia,2015,"Chillies and peppers, green (Capsicum spp. and Pimenta spp.)",4688.37,12957.25,165195.16
Serbia,2016,"Chillies and peppers, green (Capsicum spp. and Pimenta spp.)",4319.28,13315.53,227645.0
Serbia,2018,"Chillies and peppers, green (Capsicum spp. and Pimenta spp.)",6632.21,13981.47,135072.0
Serbia,2019,"Chillies and peppers, green (Capsicum spp. and Pimenta spp.)",7343.54,13815.89,118256.06
Serbia,2020,"Chillies and peppers, green (Capsicum spp. and Pimenta spp.)",10471.24,13966.58,106562.22
Serbia,2021,"Chillies and peppers, green (Capsicum spp. and Pimenta spp.)",12843.82,10469.24,147663.0
Serbia,2022,"Chillies and peppers, green (Capsicum spp. and Pimenta spp.)",10343.04,9001.77,144061.0
Serbia,2023,"Chillies and peppers, green (Capsicum spp. and Pimenta spp.)",13935.58,5256.85,119396.43
Serbia and Montenegro,1999,"Chillies and peppers, green (Capsicum spp. and Pimenta spp.)",102.0,0.0,131000.0
Serbia and Montenegro,2000,"Chillies and peppers, green (Capsicum spp. and Pimenta spp.)",439.0,4076.0,130818.0
Serbia and Montenegro,2001,"Chillies and peppers, green (Capsicum spp. and Pimenta spp.)",2930.0,1978.0,132474.0
Serbia and Montenegro,2002,"Chillies and peppers, green (Capsicum spp. and Pimenta spp.)",2289.0,3688.0,161530.0
Serbia and Montenegro,2003,"Chillies and peppers, green (Capsicum spp. and Pimenta spp.)",9633.0,1743.0,158366.0
Serbia and Montenegro,2004,"Chillies and peppers, green (Capsicum spp. and Pimenta spp.)",3546.0,3832.0,159741.0
Seychelles,1994,"Chillies and peppers, green (Capsicum spp. and Pimenta spp.)",119.0,0.0,0.0
Seychelles,1996,"Chillies and peppers, green (Capsicum spp. and Pimenta spp.)",95.0,0.0,0.0
Seychelles,1997,"Chillies and peppers, green (Capsicum spp. and Pimenta spp.)",88.0,1.0,0.0
Seychelles,1998,"Chillies and peppers, green (Capsicum spp. and Pimenta spp.)",103.0,1.0,0.0
Seychelles,1999,"Chillies and peppers, green (Capsicum spp. and Pimenta spp.)",103.0,1.0,0.0
Seychelles,2000,"Chillies and peppers, green (Capsicum spp. and Pimenta spp.)",104.62,0.0,0.0
Seychelles,2001,"Chillies and peppers, green (Capsicum spp. and Pimenta spp.)",3.0,0.0,0.0
Seychelles,2002,"Chillies and peppers, green (Capsicum spp. and Pimenta spp.)",4.0,0.0,0.0
Seychelles,2003,"Chillies and peppers, green (Capsicum spp. and Pimenta spp.)",125.0,4.0,0.0
Seychelles,2004,"Chillies and peppers, green (Capsicum spp. and Pimenta spp.)",40.0,4.0,0.0
Seychelles,2005,"Chillies and peppers, green (Capsicum spp. and Pimenta spp.)",84.0,5.0,0.0
Seychelles,2006,"Chillies and peppers, green (Capsicum spp. and Pimenta spp.)",80.0,3.0,0.0
Seychelles,2007,"Chillies and peppers, green (Capsicum spp. and Pimenta spp.)",133.0,3.0,0.0
Seychelles,2008,"Chillies and peppers, green (Capsicum spp. and Pimenta spp.)",74.0,3.0,0.0
Seychelles,2009,"Chillies and peppers, green (Capsicum spp. and Pimenta spp.)",43.0,3.0,0.0
Seychelles,2010,"Chillies and peppers, green (Capsicum spp. and Pimenta spp.)",36.0,0.0,0.0
Seychelles,2011,"Chillies and peppers, green (Capsicum spp. and Pimenta spp.)",31.0,0.0,0.0
Seychelles,2012,"Chillies and peppers, green (Capsicum spp. and Pimenta spp.)",16.0,0.0,0.0
Seychelles,2013,"Chillies and peppers, green (Capsicum spp. and Pimenta spp.)",0.0,0.0,0.0
Seychelles,2014,"Chillies and peppers, green (Capsicum spp. and Pimenta spp.)",293.9,0.0,0.0
Seychelles,2015,"Chillies and peppers, green (Capsicum spp. and Pimenta spp.)",259.31,0.0,0.0
Seychelles,2016,"Chillies and peppers, green (Capsicum spp. and Pimenta spp.)",334.61,0.0,0.0
Seychelles,2017,"Chillies and peppers, green (Capsicum spp. and Pimenta spp.)",369.1,0.0,0.0
Seychelles,2018,"Chillies and peppers, green (Capsicum spp. and Pimenta spp.)",339.68,0.0,0.0
Seychelles,2019,"Chillies and peppers, green (Capsicum spp. and Pimenta spp.)",405.8,0.0,0.0
Seychelles,2020,"Chillies and peppers, green (Capsicum spp. and Pimenta spp.)",316.62,0.0,0.0
Seychelles,2021,"Chillies and peppers, green (Capsicum spp. and Pimenta spp.)",227.56,0.0,0.0
Seychelles,2022,"Chillies and peppers, green (Capsicum spp. and Pimenta spp.)",264.97,0.0,0.0
Seychelles,2023,"Chillies and peppers, green (Capsicum spp. and Pimenta spp.)",492.52,0.0,0.0
Sierra Leone,2014,"Chillies and peppers, green (Capsicum spp. and Pimenta spp.)",0.8,0.0,0.0
Sierra Leone,2015,"Chillies and peppers, green (Capsicum spp. and Pimenta spp.)",1.04,0.0,0.0
Sierra Leone,2017,"Chillies and peppers, green (Capsicum spp. and Pimenta spp.)",0.38,0.02,0.0
Sierra Leone,2021,"Chillies and peppers, green (Capsicum spp. and Pimenta spp.)",2.83,0.0,38029.29
Sierra Leone,2022,"Chillies and peppers, green (Capsicum spp. and Pimenta spp.)",4.92,0.0,59193.72
Sierra Leone,2023,"Chillies and peppers, green (Capsicum spp. and Pimenta spp.)",0.86,0.0,59492.5
Singapore,1993,"Chillies and peppers, green (Capsicum spp. and Pimenta spp.)",7392.0,147.0,0.0
Singapore,1994,"Chillies and peppers, green (Capsicum spp. and Pimenta spp.)",6808.0,129.0,0.0
Singapore,1995,"Chillies and peppers, green (Capsicum spp. and Pimenta spp.)",7964.0,192.0,0.0
Singapore,1996,"Chillies and peppers, green (Capsicum spp. and Pimenta spp.)",8012.0,192.0,0.0
Singapore,1997,"Chillies and peppers, green (Capsicum spp. and Pimenta spp.)",8193.0,71.0,0.0
Singapore,1998,"Chillies and peppers, green (Capsicum spp. and Pimenta spp.)",7963.0,121.0,0.0
Singapore,1999,"Chillies and peppers, green (Capsicum spp. and Pimenta spp.)",8372.0,53.0,0.0
Singapore,2000,"Chillies and peppers, green (Capsicum spp. and Pimenta spp.)",8875.96,45.46,0.0
Singapore,2001,"Chillies and peppers, green (Capsicum spp. and Pimenta spp.)",11813.0,17.0,0.0
Singapore,2002,"Chillies and peppers, green (Capsicum spp. and Pimenta spp.)",11380.0,60.0,0.0
Singapore,2003,"Chillies and peppers, green (Capsicum spp. and Pimenta spp.)",10619.0,69.0,0.0
Singapore,2004,"Chillies and peppers, green (Capsicum spp. and Pimenta spp.)",11317.0,175.0,0.0
Singapore,2005,"Chillies and peppers, green (Capsicum spp. and Pimenta spp.)",12239.0,258.0,0.0
Singapore,2006,"Chillies and peppers, green (Capsicum spp. and Pimenta spp.)",13255.0,415.0,0.0
Singapore,2007,"Chillies and peppers, green (Capsicum spp. and Pimenta spp.)",13856.0,552.0,0.0
Singapore,2008,"Chillies and peppers, green (Capsicum spp. and Pimenta spp.)",14037.0,728.0,0.0
Singapore,2009,"Chillies and peppers, green (Capsicum spp. and Pimenta spp.)",15159.0,1082.0,0.0
Singapore,2010,"Chillies and peppers, green (Capsicum spp. and Pimenta spp.)",16791.0,1011.0,0.0
Singapore,2011,"Chillies and peppers, green (Capsicum spp. and Pimenta spp.)",16559.0,895.0,0.0
Singapore,2012,"Chillies and peppers, green (Capsicum spp. and Pimenta spp.)",17211.0,1498.0,0.0
Singapore,2013,"Chillies and peppers, green (Capsicum spp. and Pimenta spp.)",17532.0,1106.0,0.0
Singapore,2014,"Chillies and peppers, green (Capsicum spp. and Pimenta spp.)",17753.14,1318.87,0.0
Singapore,2015,"Chillies and peppers, green (Capsicum spp. and Pimenta spp.)",17818.7,1657.06,0.0
Singapore,2016,"Chillies and peppers, green (Capsicum spp. and Pimenta spp.)",17204.37,933.9,0.0
Singapore,2017,"Chillies and peppers, green (Capsicum spp. and Pimenta spp.)",17102.88,471.66,0.0
Singapore,2018,"Chillies and peppers, green (Capsicum spp. and Pimenta spp.)",17250.74,228.77,0.0
Singapore,2019,"Chillies and peppers, green (Capsicum spp. and Pimenta spp.)",17516.56,330.72,0.0
Singapore,2020,"Chillies and peppers, green (Capsicum spp. and Pimenta spp.)",17424.86,256.65,0.0
Singapore,2021,"Chillies and peppers, green (Capsicum spp. and Pimenta spp.)",18150.39,193.46,0.0
Singapore,2022,"Chillies and peppers, green (Capsicum spp. and Pimenta spp.)",18089.2,243.07,0.0
Singapore,2023,"Chillies and peppers, green (Capsicum spp. and Pimenta spp.)",18914.95,209.2,0.0
Slovakia,1993,"Chillies and peppers, green (Capsicum spp. and Pimenta spp.)",1999.0,11989.0,33000.0
Slovakia,1994,"Chillies and peppers, green (Capsicum spp. and Pimenta spp.)",2148.0,16357.0,34800.0
Slovakia,1995,"Chillies and peppers, green (Capsicum spp. and Pimenta spp.)",2110.0,16292.0,33000.0
Slovakia,1996,"Chillies and peppers, green (Capsicum spp. and Pimenta spp.)",3030.0,14209.0,37000.0
Slovakia,1997,"Chillies and peppers, green (Capsicum spp. and Pimenta spp.)",3428.0,9677.0,42000.0
Slovakia,1998,"Chillies and peppers, green (Capsicum spp. and Pimenta spp.)",4681.0,13664.0,29234.0
Slovakia,1999,"Chillies and peppers, green (Capsicum spp. and Pimenta spp.)",4430.0,9874.0,40389.0
Slovakia,2000,"Chillies and peppers, green (Capsicum spp. and Pimenta spp.)",3550.0,13304.0,35400.0
Slovakia,2001,"Chillies and peppers, green (Capsicum spp. and Pimenta spp.)",4790.0,7111.0,36000.0
Slovakia,2002,"Chillies and peppers, green (Capsicum spp. and Pimenta spp.)",6736.0,9549.0,33017.29
Slovakia,2003,"Chillies and peppers, green (Capsicum spp. and Pimenta spp.)",5301.0,10065.0,30678.55
Slovakia,2004,"Chillies and peppers, green (Capsicum spp. and Pimenta spp.)",6605.0,5733.0,26969.0
Slovakia,2005,"Chillies and peppers, green (Capsicum spp. and Pimenta spp.)",9391.0,24421.0,28713.0
Slovakia,2006,"Chillies and peppers, green (Capsicum spp. and Pimenta spp.)",11359.0,18301.0,28616.0
Slovakia,2007,"Chillies and peppers, green (Capsicum spp. and Pimenta spp.)",10256.0,4362.0,26833.0
Slovakia,2008,"Chillies and peppers, green (Capsicum spp. and Pimenta spp.)",14368.0,3506.0,24619.0
Slovakia,2009,"Chillies and peppers, green (Capsicum spp. and Pimenta spp.)",15765.0,3433.0,26238.0
Slovakia,2010,"Chillies and peppers, green (Capsicum spp. and Pimenta spp.)",15002.0,1953.0,23584.0
Slovakia,2011,"Chillies and peppers, green (Capsicum spp. and Pimenta spp.)",15373.0,619.0,16146.72
Slovakia,2012,"Chillies and peppers, green (Capsicum spp. and Pimenta spp.)",14531.0,425.0,5746.0
Slovakia,2013,"Chillies and peppers, green (Capsicum spp. and Pimenta spp.)",14713.0,967.0,5413.0
Slovakia,2014,"Chillies and peppers, green (Capsicum spp. and Pimenta spp.)",17193.11,718.84,5083.0
Slovakia,2015,"Chillies and peppers, green (Capsicum spp. and Pimenta spp.)",17220.52,991.83,5780.0
Slovakia,2016,"Chillies and peppers, green (Capsicum spp. and Pimenta spp.)",18263.91,763.68,6036.0
Slovakia,2017,"Chillies and peppers, green (Capsicum spp. and Pimenta spp.)",17795.84,392.56,6163.0
Slovakia,2018,"Chillies and peppers, green (Capsicum spp. and Pimenta spp.)",20420.67,410.48,3700.0
Slovakia,2019,"Chillies and peppers, green (Capsicum spp. and Pimenta spp.)",21354.92,1247.64,4740.0
Slovakia,2020,"Chillies and peppers, green (Capsicum spp. and Pimenta spp.)",24366.23,1172.73,4300.0
Slovakia,2021,"Chillies and peppers, green (Capsicum spp. and Pimenta spp.)",22508.21,836.96,4660.0
Slovakia,2022,"Chillies and peppers, green (Capsicum spp. and Pimenta spp.)",22156.03,722.87,1860.0
Slovakia,2023,"Chillies and peppers, green (Capsicum spp. and Pimenta spp.)",23027.7,1089.08,1560.0
Slovenia,1993,"Chillies and peppers, green (Capsicum spp. and Pimenta spp.)",11075.0,26.0,1225.0
Slovenia,1994,"Chillies and peppers, green (Capsicum spp. and Pimenta spp.)",10916.0,70.0,1151.0
Slovenia,1995,"Chillies and peppers, green (Capsicum spp. and Pimenta spp.)",10611.0,83.0,1818.0
Slovenia,1996,"Chillies and peppers, green (Capsicum spp. and Pimenta spp.)",9553.0,34.0,2319.0
Slovenia,1997,"Chillies and peppers, green (Capsicum spp. and Pimenta spp.)",8157.0,6.0,2313.0
Slovenia,1998,"Chillies and peppers, green (Capsicum spp. and Pimenta spp.)",0.0,0.0,3179.0
Slovenia,1999,"Chillies and peppers, green (Capsicum spp. and Pimenta spp.)",5800.0,0.0,5113.0
Slovenia,2000,"Chillies and peppers, green (Capsicum spp. and Pimenta spp.)",3549.67,0.0,5824.0
Slovenia,2001,"Chillies and peppers, green (Capsicum spp. and Pimenta spp.)",6476.0,17.0,4617.0
Slovenia,2002,"Chillies and peppers, green (Capsicum spp. and Pimenta spp.)",5777.0,23.0,6778.0
Slovenia,2003,"Chillies and peppers, green (Capsicum spp. and Pimenta spp.)",5400.0,37.0,4862.0
Slovenia,2004,"Chillies and peppers, green (Capsicum spp. and Pimenta spp.)",5846.0,64.0,6140.0
Slovenia,2006,"Chillies and peppers, green (Capsicum spp. and Pimenta spp.)",18090.0,9842.0,4776.0
Slovenia,2007,"Chillies and peppers, green (Capsicum spp. and Pimenta spp.)",22873.0,16516.0,3650.0
Slovenia,2008,"Chillies and peppers, green (Capsicum spp. and Pimenta spp.)",24098.0,17342.0,4286.0
Slovenia,2009,"Chillies and peppers, green (Capsicum spp. and Pimenta spp.)",47335.0,39797.0,4562.0
Slovenia,2010,"Chillies and peppers, green (Capsicum spp. and Pimenta spp.)",48046.0,41198.0,3375.0
Slovenia,2011,"Chillies and peppers, green (Capsicum spp. and Pimenta spp.)",36591.0,30320.0,3701.0
Slovenia,2012,"Chillies and peppers, green (Capsicum spp. and Pimenta spp.)",46606.0,39311.0,3381.0
Slovenia,2013,"Chillies and peppers, green (Capsicum spp. and Pimenta spp.)",45758.0,39087.0,3249.0
Slovenia,2014,"Chillies and peppers, green (Capsicum spp. and Pimenta spp.)",39398.24,31932.14,3594.0
Slovenia,2015,"Chillies and peppers, green (Capsicum spp. and Pimenta spp.)",34737.2,27118.71,4171.0
Slovenia,2016,"Chillies and peppers, green (Capsicum spp. and Pimenta spp.)",26603.54,18530.79,4201.0
Slovenia,2017,"Chillies and peppers, green (Capsicum spp. and Pimenta spp.)",25348.92,16853.92,3894.0
Slovenia,2018,"Chillies and peppers, green (Capsicum spp. and Pimenta spp.)",25090.17,17093.27,4280.0
Slovenia,2019,"Chillies and peppers, green (Capsicum spp. and Pimenta spp.)",22072.93,14674.91,4500.0
Slovenia,2020,"Chillies and peppers, green (Capsicum spp. and Pimenta spp.)",15671.02,7803.24,4640.0
Slovenia,2021,"Chillies and peppers, green (Capsicum spp. and Pimenta spp.)",16453.08,7673.41,3950.0
Slovenia,2023,"Chillies and peppers, green (Capsicum spp. and Pimenta spp.)",18469.69,7760.9,2850.0
Solomon Islands,2011,"Chillies and peppers, green (Capsicum spp. and Pimenta spp.)",4.0,0.0,0.0
Solomon Islands,2012,"Chillies and peppers, green (Capsicum spp. and Pimenta spp.)",5.0,0.0,0.0
Solomon Islands,2013,"Chillies and peppers, green (Capsicum spp. and Pimenta spp.)",6.0,0.0,0.0
Solomon Islands,2014,"Chillies and peppers, green (Capsicum spp. and Pimenta spp.)",4.55,0.0,0.0
Solomon Islands,2015,"Chillies and peppers, green (Capsicum spp. and Pimenta spp.)",4.23,0.0,0.0
Solomon Islands,2016,"Chillies and peppers, green (Capsicum spp. and Pimenta spp.)",1.24,0.0,0.0
Solomon Islands,2017,"Chillies and peppers, green (Capsicum spp. and Pimenta spp.)",1.04,0.0,0.0
Solomon Islands,2018,"Chillies and peppers, green (Capsicum spp. and Pimenta spp.)",1.34,0.0,0.0
Solomon Islands,2020,"Chillies and peppers, green (Capsicum spp. and Pimenta spp.)",0.15,0.02,0.0
Solomon Islands,2022,"Chillies and peppers, green (Capsicum spp. and Pimenta spp.)",0.69,0.04,0.0
Solomon Islands,2023,"Chillies and peppers, green (Capsicum spp. and Pimenta spp.)",0.47,0.0,0.0
Somalia,2013,"Chillies and peppers, green (Capsicum spp. and Pimenta spp.)",47.0,0.0,0.0
Somalia,2015,"Chillies and peppers, green (Capsicum spp. and Pimenta spp.)",0.14,0.0,0.0
Somalia,2017,"Chillies and peppers, green (Capsicum spp. and Pimenta spp.)",4.63,0.0,0.0
Somalia,2018,"Chillies and peppers, green (Capsicum spp. and Pimenta spp.)",53.25,0.0,0.0
Somalia,2019,"Chillies and peppers, green (Capsicum spp. and Pimenta spp.)",51.82,0.0,0.0
Somalia,2020,"Chillies and peppers, green (Capsicum spp. and Pimenta spp.)",25.04,0.0,0.0
Somalia,2021,"Chillies and peppers, green (Capsicum spp. and Pimenta spp.)",0.01,0.0,0.0
Somalia,2022,"Chillies and peppers, green (Capsicum spp. and Pimenta spp.)",8.6,0.0,0.0
Somalia,2023,"Chillies and peppers, green (Capsicum spp. and Pimenta spp.)",0.72,0.0,0.0
South Africa,1994,"Chillies and peppers, green (Capsicum spp. and Pimenta spp.)",10.0,18.0,215.02
South Africa,1995,"Chillies and peppers, green (Capsicum spp. and Pimenta spp.)",9.0,28.0,218.96
South Africa,1996,"Chillies and peppers, green (Capsicum spp. and Pimenta spp.)",60.0,28.0,229.2
South Africa,1997,"Chillies and peppers, green (Capsicum spp. and Pimenta spp.)",35.0,48.0,237.36
South Africa,1998,"Chillies and peppers, green (Capsicum spp. and Pimenta spp.)",19.0,74.0,180.0
South Africa,1999,"Chillies and peppers, green (Capsicum spp. and Pimenta spp.)",8.0,317.0,400.0
South Africa,2000,"Chillies and peppers, green (Capsicum spp. and Pimenta spp.)",7.24,256.14,399.37
South Africa,2001,"Chillies and peppers, green (Capsicum spp. and Pimenta spp.)",10.0,215.0,435.29
South Africa,2002,"Chillies and peppers, green (Capsicum spp. and Pimenta spp.)",1.0,140.0,456.03
South Africa,2003,"Chillies and peppers, green (Capsicum spp. and Pimenta spp.)",8.0,153.0,500.0
South Africa,2005,"Chillies and peppers, green (Capsicum spp. and Pimenta spp.)",44.0,248.0,750.0
South Africa,2006,"Chillies and peppers, green (Capsicum spp. and Pimenta spp.)",13.0,324.0,756.21
South Africa,2007,"Chillies and peppers, green (Capsicum spp. and Pimenta spp.)",22.0,309.0,811.88
South Africa,2008,"Chillies and peppers, green (Capsicum spp. and Pimenta spp.)",7.0,449.0,793.65
South Africa,2009,"Chillies and peppers, green (Capsicum spp. and Pimenta spp.)",4.0,472.0,813.52
South Africa,2010,"Chillies and peppers, green (Capsicum spp. and Pimenta spp.)",61.0,544.0,832.58
South Africa,2011,"Chillies and peppers, green (Capsicum spp. and Pimenta spp.)",197.0,555.0,850.0
South Africa,2012,"Chillies and peppers, green (Capsicum spp. and Pimenta spp.)",268.0,767.0,900.0
South Africa,2013,"Chillies and peppers, green (Capsicum spp. and Pimenta spp.)",141.0,1409.0,918.1
South Africa,2014,"Chillies and peppers, green (Capsicum spp. and Pimenta spp.)",331.26,1355.0,929.81
South Africa,2015,"Chillies and peppers, green (Capsicum spp. and Pimenta spp.)",580.1,2077.24,983.71
South Africa,2016,"Chillies and peppers, green (Capsicum spp. and Pimenta spp.)",1248.9,2169.8,996.07
South Africa,2017,"Chillies and peppers, green (Capsicum spp. and Pimenta spp.)",1494.25,1985.83,1007.67
South Africa,2018,"Chillies and peppers, green (Capsicum spp. and Pimenta spp.)",1099.65,1994.93,1060.77
South Africa,2019,"Chillies and peppers, green (Capsicum spp. and Pimenta spp.)",1090.42,2141.47,1062.75
South Africa,2020,"Chillies and peppers, green (Capsicum spp. and Pimenta spp.)",377.97,2194.02,1105.53
South Africa,2021,"Chillies and peppers, green (Capsicum spp. and Pimenta spp.)",2606.69,2694.65,1104.77
South Africa,2022,"Chillies and peppers, green (Capsicum spp. and Pimenta spp.)",3482.36,1711.86,1117.89
South Africa,2023,"Chillies and peppers, green (Capsicum spp. and Pimenta spp.)",2304.92,1559.22,1161.15
South Sudan,2012,"Chillies and peppers, green (Capsicum spp. and Pimenta spp.)",0.0,0.0,0.0
South Sudan,2013,"Chillies and peppers, green (Capsicum spp. and Pimenta spp.)",0.0,0.0,0.0
South Sudan,2014,"Chillies and peppers, green (Capsicum spp. and Pimenta spp.)",20.42,0.0,0.0
South Sudan,2016,"Chillies and peppers, green (Capsicum spp. and Pimenta spp.)",1.62,0.0,0.0
South Sudan,2017,"Chillies and peppers, green (Capsicum spp. and Pimenta spp.)",10.0,0.0,0.0
South Sudan,2018,"Chillies and peppers, green (Capsicum spp. and Pimenta spp.)",0.99,0.0,0.0
South Sudan,2019,"Chillies and peppers, green (Capsicum spp. and Pimenta spp.)",0.1,0.0,0.0
South Sudan,2021,"Chillies and peppers, green (Capsicum spp. and Pimenta spp.)",0.14,0.0,0.0
South Sudan,2022,"Chillies and peppers, green (Capsicum spp. and Pimenta spp.)",0.04,0.0,0.0
South Sudan,2023,"Chillies and peppers, green (Capsicum spp. and Pimenta spp.)",0.05,0.0,0.0
Spain,1993,"Chillies and peppers, green (Capsicum spp. and Pimenta spp.)",2083.0,277244.0,733800.0
Spain,1994,"Chillies and peppers, green (Capsicum spp. and Pimenta spp.)",2170.0,248834.0,742600.0
Spain,1995,"Chillies and peppers, green (Capsicum spp. and Pimenta spp.)",2160.0,320723.0,790500.0
Spain,1996,"Chillies and peppers, green (Capsicum spp. and Pimenta spp.)",1265.0,376793.0,867700.0
Spain,1997,"Chillies and peppers, green (Capsicum spp. and Pimenta spp.)",1036.0,351043.0,893275.0
Spain,1998,"Chillies and peppers, green (Capsicum spp. and Pimenta spp.)",1165.0,402841.0,890070.0
Spain,1999,"Chillies and peppers, green (Capsicum spp. and Pimenta spp.)",2036.0,403241.0,924100.0
Spain,2000,"Chillies and peppers, green (Capsicum spp. and Pimenta spp.)",3093.0,359854.0,946762.0
Spain,2001,"Chillies and peppers, green (Capsicum spp. and Pimenta spp.)",4723.0,390951.0,979151.0
Spain,2002,"Chillies and peppers, green (Capsicum spp. and Pimenta spp.)",8293.0,432547.0,1056184.0
Spain,2003,"Chillies and peppers, green (Capsicum spp. and Pimenta spp.)",11513.0,429354.0,1056181.0
Spain,2004,"Chillies and peppers, green (Capsicum spp. and Pimenta spp.)",14086.0,395437.0,1077025.0
Spain,2005,"Chillies and peppers, green (Capsicum spp. and Pimenta spp.)",18335.0,429359.0,1060362.0
Spain,2006,"Chillies and peppers, green (Capsicum spp. and Pimenta spp.)",17882.0,477806.0,1147774.0
Spain,2007,"Chillies and peppers, green (Capsicum spp. and Pimenta spp.)",25744.0,368534.0,1057533.0
Spain,2008,"Chillies and peppers, green (Capsicum spp. and Pimenta spp.)",31682.0,435221.0,918140.0
Spain,2009,"Chillies and peppers, green (Capsicum spp. and Pimenta spp.)",32060.0,465251.0,932191.0
Spain,2010,"Chillies and peppers, green (Capsicum spp. and Pimenta spp.)",23537.0,446299.0,875657.0
Spain,2011,"Chillies and peppers, green (Capsicum spp. and Pimenta spp.)",28971.0,511340.0,921089.0
Spain,2012,"Chillies and peppers, green (Capsicum spp. and Pimenta spp.)",24853.0,531448.0,970296.0
Spain,2013,"Chillies and peppers, green (Capsicum spp. and Pimenta spp.)",31371.0,583827.0,999600.0
Spain,2014,"Chillies and peppers, green (Capsicum spp. and Pimenta spp.)",33696.66,893590.34,1130340.0
Spain,2015,"Chillies and peppers, green (Capsicum spp. and Pimenta spp.)",37443.17,698182.99,1102522.0
Spain,2016,"Chillies and peppers, green (Capsicum spp. and Pimenta spp.)",45667.53,734087.62,1175635.0
Spain,2017,"Chillies and peppers, green (Capsicum spp. and Pimenta spp.)",54516.7,717106.91,1277908.0
Spain,2018,"Chillies and peppers, green (Capsicum spp. and Pimenta spp.)",66303.07,775771.04,1275460.0
Spain,2019,"Chillies and peppers, green (Capsicum spp. and Pimenta spp.)",73530.38,869775.77,1402380.0
Spain,2020,"Chillies and peppers, green (Capsicum spp. and Pimenta spp.)",67638.18,885991.61,1472850.0
Spain,2021,"Chillies and peppers, green (Capsicum spp. and Pimenta spp.)",76400.09,879028.38,1511560.0
Spain,2022,"Chillies and peppers, green (Capsicum spp. and Pimenta spp.)",89571.01,830354.74,1533280.0
Spain,2023,"Chillies and peppers, green (Capsicum spp. and Pimenta spp.)",85431.74,747705.21,1389830.0
Sri Lanka,1993,"Chillies and peppers, green (Capsicum spp. and Pimenta spp.)",9.0,113.0,94700.0
Sri Lanka,1994,"Chillies and peppers, green (Capsicum spp. and Pimenta spp.)",23.0,53.0,93014.0
Sri Lanka,1995,"Chillies and peppers, green (Capsicum spp. and Pimenta spp.)",18.0,60.0,101485.0
Sri Lanka,1996,"Chillies and peppers, green (Capsicum spp. and Pimenta spp.)",11.0,124.0,73611.0
Sri Lanka,1997,"Chillies and peppers, green (Capsicum spp. and Pimenta spp.)",25.0,57.0,72231.0
Sri Lanka,1998,"Chillies and peppers, green (Capsicum spp. and Pimenta spp.)",22.0,61.0,62470.0
Sri Lanka,1999,"Chillies and peppers, green (Capsicum spp. and Pimenta spp.)",18.0,127.0,60030.0
Sri Lanka,2000,"Chillies and peppers, green (Capsicum spp. and Pimenta spp.)",19.01,111.27,55860.0
Sri Lanka,2001,"Chillies and peppers, green (Capsicum spp. and Pimenta spp.)",28.0,65.0,49040.0
Sri Lanka,2002,"Chillies and peppers, green (Capsicum spp. and Pimenta spp.)",27.0,11.0,46350.0
Sri Lanka,2003,"Chillies and peppers, green (Capsicum spp. and Pimenta spp.)",24.0,7.0,58690.0
Sri Lanka,2004,"Chillies and peppers, green (Capsicum spp. and Pimenta spp.)",28.0,3.0,53230.0
Sri Lanka,2005,"Chillies and peppers, green (Capsicum spp. and Pimenta spp.)",26.0,4.0,66990.0
Sri Lanka,2007,"Chillies and peppers, green (Capsicum spp. and Pimenta spp.)",26.0,344.0,48700.0
Sri Lanka,2008,"Chillies and peppers, green (Capsicum spp. and Pimenta spp.)",21.0,5.0,51010.0
Sri Lanka,2009,"Chillies and peppers, green (Capsicum spp. and Pimenta spp.)",8.0,1.0,46420.0
Sri Lanka,2010,"Chillies and peppers, green (Capsicum spp. and Pimenta spp.)",2.0,0.0,49000.0
Sri Lanka,2011,"Chillies and peppers, green (Capsicum spp. and Pimenta spp.)",7.0,0.0,44400.0
Sri Lanka,2012,"Chillies and peppers, green (Capsicum spp. and Pimenta spp.)",0.0,11.0,64290.0
Sri Lanka,2013,"Chillies and peppers, green (Capsicum spp. and Pimenta spp.)",0.0,0.0,71175.0
Sri Lanka,2015,"Chillies and peppers, green (Capsicum spp. and Pimenta spp.)",0.7,8.9,63208.93
Sri Lanka,2016,"Chillies and peppers, green (Capsicum spp. and Pimenta spp.)",1.46,13.85,72311.0
Sri Lanka,2017,"Chillies and peppers, green (Capsicum spp. and Pimenta spp.)",6.22,18.47,51827.0
Sri Lanka,2019,"Chillies and peppers, green (Capsicum spp. and Pimenta spp.)",13.38,70.3,60593.0
Sri Lanka,2020,"Chillies and peppers, green (Capsicum spp. and Pimenta spp.)",2.16,57.43,110833.8
Sri Lanka,2022,"Chillies and peppers, green (Capsicum spp. and Pimenta spp.)",15.11,71.74,89135.0
Sri Lanka,2023,"Chillies and peppers, green (Capsicum spp. and Pimenta spp.)",20.62,40.01,90456.0
Sudan,2012,"Chillies and peppers, green (Capsicum spp. and Pimenta spp.)",1.0,0.0,13602.0
Sudan,2013,"Chillies and peppers, green (Capsicum spp. and Pimenta spp.)",0.0,0.0,14282.0
Sudan,2016,"Chillies and peppers, green (Capsicum spp. and Pimenta spp.)",0.31,0.0,38100.0
Sudan,2017,"Chillies and peppers, green (Capsicum spp. and Pimenta spp.)",0.79,0.82,38400.0
Sudan,2021,"Chillies and peppers, green (Capsicum spp. and Pimenta spp.)",5.04,0.0,36580.5
Sudan (former),2008,"Chillies and peppers, green (Capsicum spp. and Pimenta spp.)",20.0,0.0,9270.0
Sudan (former),2009,"Chillies and peppers, green (Capsicum spp. and Pimenta spp.)",2.0,0.0,12000.0
Sudan (former),2010,"Chillies and peppers, green (Capsicum spp. and Pimenta spp.)",0.0,0.0,12700.0
Sudan (former),2011,"Chillies and peppers, green (Capsicum spp. and Pimenta spp.)",82.0,0.0,13335.0
Suriname,2011,"Chillies and peppers, green (Capsicum spp. and Pimenta spp.)",37.0,3.0,0.0
Suriname,2012,"Chillies and peppers, green (Capsicum spp. and Pimenta spp.)",37.0,3.0,0.0
Suriname,2013,"Chillies and peppers, green (Capsicum spp. and Pimenta spp.)",37.0,3.0,0.0
Suriname,2014,"Chillies and peppers, green (Capsicum spp. and Pimenta spp.)",34.0,17.8,0.0
Suriname,2015,"Chillies and peppers, green (Capsicum spp. and Pimenta spp.)",60.0,19.5,0.0
Suriname,2016,"Chillies and peppers, green (Capsicum spp. and Pimenta spp.)",86.0,15.22,0.0
Suriname,2017,"Chillies and peppers, green (Capsicum spp. and Pimenta spp.)",50.69,2.57,0.0
Suriname,2020,"Chillies and peppers, green (Capsicum spp. and Pimenta spp.)",11.94,0.0,0.0
Suriname,2021,"Chillies and peppers, green (Capsicum spp. and Pimenta spp.)",18.55,3.18,0.0
Suriname,2022,"Chillies and peppers, green (Capsicum spp. and Pimenta spp.)",35.61,0.0,0.0
Suriname,2023,"Chillies and peppers, green (Capsicum spp. and Pimenta spp.)",56.97,1.47,0.0
Sweden,1993,"Chillies and peppers, green (Capsicum spp. and Pimenta spp.)",15831.0,19.0,0.0
Sweden,1994,"Chillies and peppers, green (Capsicum spp. and Pimenta spp.)",15982.0,30.0,0.0
Sweden,1995,"Chillies and peppers, green (Capsicum spp. and Pimenta spp.)",18242.0,24.0,0.0
Sweden,1996,"Chillies and peppers, green (Capsicum spp. and Pimenta spp.)",20009.0,24.0,0.0
Sweden,1997,"Chillies and peppers, green (Capsicum spp. and Pimenta spp.)",20912.0,116.0,0.0
Sweden,1998,"Chillies and peppers, green (Capsicum spp. and Pimenta spp.)",19380.0,52.0,0.0
Sweden,1999,"Chillies and peppers, green (Capsicum spp. and Pimenta spp.)",22460.0,26.0,0.0
Sweden,2000,"Chillies and peppers, green (Capsicum spp. and Pimenta spp.)",22690.0,129.0,0.0
Sweden,2001,"Chillies and peppers, green (Capsicum spp. and Pimenta spp.)",24890.0,442.0,0.0
Sweden,2002,"Chillies and peppers, green (Capsicum spp. and Pimenta spp.)",27702.0,379.0,0.0
Sweden,2003,"Chillies and peppers, green (Capsicum spp. and Pimenta spp.)",27686.0,235.0,0.0
Sweden,2004,"Chillies and peppers, green (Capsicum spp. and Pimenta spp.)",30419.0,260.0,0.0
Sweden,2005,"Chillies and peppers, green (Capsicum spp. and Pimenta spp.)",33047.0,292.0,0.0
Sweden,2006,"Chillies and peppers, green (Capsicum spp. and Pimenta spp.)",34547.0,294.0,0.0
Sweden,2007,"Chillies and peppers, green (Capsicum spp. and Pimenta spp.)",30821.0,111.0,0.0
Sweden,2008,"Chillies and peppers, green (Capsicum spp. and Pimenta spp.)",31688.0,55.0,0.0
Sweden,2009,"Chillies and peppers, green (Capsicum spp. and Pimenta spp.)",33718.0,31.0,0.0
Sweden,2010,"Chillies and peppers, green (Capsicum spp. and Pimenta spp.)",34536.0,60.0,0.0
Sweden,2012,"Chillies and peppers, green (Capsicum spp. and Pimenta spp.)",33166.0,58.0,0.0
Sweden,2013,"Chillies and peppers, green (Capsicum spp. and Pimenta spp.)",28383.0,74.0,0.0
Sweden,2014,"Chillies and peppers, green (Capsicum spp. and Pimenta spp.)",29319.3,77.4,0.0
Sweden,2015,"Chillies and peppers, green (Capsicum spp. and Pimenta spp.)",29874.96,109.31,0.0
Sweden,2016,"Chillies and peppers, green (Capsicum spp. and Pimenta spp.)",31661.83,198.57,0.0
Sweden,2017,"Chillies and peppers, green (Capsicum spp. and Pimenta spp.)",31544.69,446.6,0.0
Sweden,2018,"Chillies and peppers, green (Capsicum spp. and Pimenta spp.)",32344.89,347.98,40.0
Sweden,2019,"Chillies and peppers, green (Capsicum spp. and Pimenta spp.)",31636.21,139.25,40.0
Sweden,2020,"Chillies and peppers, green (Capsicum spp. and Pimenta spp.)",33595.61,448.93,40.0
Sweden,2021,"Chillies and peppers, green (Capsicum spp. and Pimenta spp.)",38453.74,359.03,50.0
Sweden,2022,"Chillies and peppers, green (Capsicum spp. and Pimenta spp.)",35106.65,215.63,50.0
Sweden,2023,"Chillies and peppers, green (Capsicum spp. and Pimenta spp.)",31687.16,501.53,40.0
Switzerland,1994,"Chillies and peppers, green (Capsicum spp. and Pimenta spp.)",16463.0,13.0,0.0
Switzerland,1995,"Chillies and peppers, green (Capsicum spp. and Pimenta spp.)",16713.0,1.0,0.0
Switzerland,1996,"Chillies and peppers, green (Capsicum spp. and Pimenta spp.)",17348.0,5.0,0.0
Switzerland,1997,"Chillies and peppers, green (Capsicum spp. and Pimenta spp.)",16716.0,12.0,0.0
Switzerland,1998,"Chillies and peppers, green (Capsicum spp. and Pimenta spp.)",18258.0,6.0,0.0
Switzerland,1999,"Chillies and peppers, green (Capsicum spp. and Pimenta spp.)",17923.0,0.0,0.0
Switzerland,2000,"Chillies and peppers, green (Capsicum spp. and Pimenta spp.)",18983.17,0.65,0.0
Switzerland,2002,"Chillies and peppers, green (Capsicum spp. and Pimenta spp.)",20784.0,1.0,0.0
Switzerland,2003,"Chillies and peppers, green (Capsicum spp. and Pimenta spp.)",20385.0,2.0,191.0
Switzerland,2004,"Chillies and peppers, green (Capsicum spp. and Pimenta spp.)",20946.0,2.0,162.0
Switzerland,2005,"Chillies and peppers, green (Capsicum spp. and Pimenta spp.)",22295.0,1.0,185.0
Switzerland,2006,"Chillies and peppers, green (Capsicum spp. and Pimenta spp.)",23010.0,3.0,205.0
Switzerland,2007,"Chillies and peppers, green (Capsicum spp. and Pimenta spp.)",22915.0,16.0,233.0
Switzerland,2009,"Chillies and peppers, green (Capsicum spp. and Pimenta spp.)",27596.0,3.0,249.0
Switzerland,2010,"Chillies and peppers, green (Capsicum spp. and Pimenta spp.)",27724.0,8.0,231.0
Switzerland,2011,"Chillies and peppers, green (Capsicum spp. and Pimenta spp.)",28814.0,7.0,343.0
Switzerland,2013,"Chillies and peppers, green (Capsicum spp. and Pimenta spp.)",29657.0,4.0,453.0
Switzerland,2014,"Chillies and peppers, green (Capsicum spp. and Pimenta spp.)",31187.47,6.89,532.0
Switzerland,2015,"Chillies and peppers, green (Capsicum spp. and Pimenta spp.)",31691.36,4.77,930.0
Switzerland,2016,"Chillies and peppers, green (Capsicum spp. and Pimenta spp.)",32609.9,0.75,725.0
Switzerland,2017,"Chillies and peppers, green (Capsicum spp. and Pimenta spp.)",32429.65,18.35,918.0
Switzerland,2018,"Chillies and peppers, green (Capsicum spp. and Pimenta spp.)",32925.82,17.87,1057.0
Switzerland,2019,"Chillies and peppers, green (Capsicum spp. and Pimenta spp.)",33975.05,7.04,949.0
Switzerland,2020,"Chillies and peppers, green (Capsicum spp. and Pimenta spp.)",39164.34,9.33,911.0
Switzerland,2021,"Chillies and peppers, green (Capsicum spp. and Pimenta spp.)",39272.97,13.73,780.0
Switzerland,2022,"Chillies and peppers, green (Capsicum spp. and Pimenta spp.)",37653.42,24.45,719.0
Switzerland,2023,"Chillies and peppers, green (Capsicum spp. and Pimenta spp.)",38669.05,41.46,517.0
Syrian Arab Republic,2002,"Chillies and peppers, green (Capsicum spp. and Pimenta spp.)",2310.0,14930.0,42905.0
Syrian Arab Republic,2003,"Chillies and peppers, green (Capsicum spp. and Pimenta spp.)",6072.0,3681.0,51830.5
Syrian Arab Republic,2005,"Chillies and peppers, green (Capsicum spp. and Pimenta spp.)",2217.0,5892.0,71255.0
Syrian Arab Republic,2006,"Chillies and peppers, green (Capsicum spp. and Pimenta spp.)",0.0,0.0,72632.0
Syrian Arab Republic,2007,"Chillies and peppers, green (Capsicum spp. and Pimenta spp.)",0.0,0.0,91826.0
Syrian Arab Republic,2008,"Chillies and peppers, green (Capsicum spp. and Pimenta spp.)",327.0,1717.0,84958.5
Syrian Arab Republic,2009,"Chillies and peppers, green (Capsicum spp. and Pimenta spp.)",2923.0,27866.0,68445.5
Syrian Arab Republic,2010,"Chillies and peppers, green (Capsicum spp. and Pimenta spp.)",4090.0,36644.0,106680.0
Syrian Arab Republic,2011,"Chillies and peppers, green (Capsicum spp. and Pimenta spp.)",2664.0,14828.0,85714.0
Syrian Arab Republic,2012,"Chillies and peppers, green (Capsicum spp. and Pimenta spp.)",2781.0,11829.0,74627.0
Syrian Arab Republic,2014,"Chillies and peppers, green (Capsicum spp. and Pimenta spp.)",1100.89,2874.0,74998.0
Syrian Arab Republic,2015,"Chillies and peppers, green (Capsicum spp. and Pimenta spp.)",451.0,1502.0,74509.0
Syrian Arab Republic,2016,"Chillies and peppers, green (Capsicum spp. and Pimenta spp.)",126.0,1900.0,76433.0
Syrian Arab Republic,2018,"Chillies and peppers, green (Capsicum spp. and Pimenta spp.)",327.0,896.0,77870.0
Syrian Arab Republic,2020,"Chillies and peppers, green (Capsicum spp. and Pimenta spp.)",2160.54,4547.89,77705.0
Syrian Arab Republic,2021,"Chillies and peppers, green (Capsicum spp. and Pimenta spp.)",3460.52,5778.0,74464.14
Syrian Arab Republic,2022,"Chillies and peppers, green (Capsicum spp. and Pimenta spp.)",2695.53,1708.79,78704.0
Syrian Arab Republic,2023,"Chillies and peppers, green (Capsicum spp. and Pimenta spp.)",1355.42,1090.46,70203.0
Tajikistan,2014,"Chillies and peppers, green (Capsicum spp. and Pimenta spp.)",16.49,0.0,0.0
Tajikistan,2017,"Chillies and peppers, green (Capsicum spp. and Pimenta spp.)",127.96,0.47,0.0
Tajikistan,2018,"Chillies and peppers, green (Capsicum spp. and Pimenta spp.)",98.18,15.38,0.0
Tajikistan,2019,"Chillies and peppers, green (Capsicum spp. and Pimenta spp.)",61.97,10.6,0.0
Tajikistan,2020,"Chillies and peppers, green (Capsicum spp. and Pimenta spp.)",313.11,0.0,0.0
Tajikistan,2021,"Chillies and peppers, green (Capsicum spp. and Pimenta spp.)",200.76,6.9,0.0
Tajikistan,2022,"Chillies and peppers, green (Capsicum spp. and Pimenta spp.)",333.34,0.43,0.0
Thailand,1993,"Chillies and peppers, green (Capsicum spp. and Pimenta spp.)",2.0,10497.0,14000.0
Thailand,1995,"Chillies and peppers, green (Capsicum spp. and Pimenta spp.)",13.0,10358.0,14000.0
Thailand,1997,"Chillies and peppers, green (Capsicum spp. and Pimenta spp.)",19.0,10002.0,13500.0
Thailand,1998,"Chillies and peppers, green (Capsicum spp. and Pimenta spp.)",21.0,10687.0,14500.0
Thailand,1999,"Chillies and peppers, green (Capsicum spp. and Pimenta spp.)",30.0,10735.0,14000.0
Thailand,2000,"Chillies and peppers, green (Capsicum spp. and Pimenta spp.)",19.0,10639.0,14000.0
Thailand,2001,"Chillies and peppers, green (Capsicum spp. and Pimenta spp.)",47.0,12286.0,16000.0
Thailand,2002,"Chillies and peppers, green (Capsicum spp. and Pimenta spp.)",133.0,11108.0,15000.0
Thailand,2003,"Chillies and peppers, green (Capsicum spp. and Pimenta spp.)",66.0,13483.0,15500.0
Thailand,2004,"Chillies and peppers, green (Capsicum spp. and Pimenta spp.)",143.0,2973.0,16800.0
Thailand,2005,"Chillies and peppers, green (Capsicum spp. and Pimenta spp.)",94.0,8946.0,15000.0
Thailand,2006,"Chillies and peppers, green (Capsicum spp. and Pimenta spp.)",265.0,1087.0,13000.0
Thailand,2007,"Chillies and peppers, green (Capsicum spp. and Pimenta spp.)",807.0,7575.0,15000.0
Thailand,2008,"Chillies and peppers, green (Capsicum spp. and Pimenta spp.)",819.0,13099.0,16000.0
Thailand,2009,"Chillies and peppers, green (Capsicum spp. and Pimenta spp.)",501.0,15229.0,18000.0
Thailand,2010,"Chillies and peppers, green (Capsicum spp. and Pimenta spp.)",483.0,12457.0,17725.75
Thailand,2011,"Chillies and peppers, green (Capsicum spp. and Pimenta spp.)",1293.0,13680.0,17794.2
Thailand,2012,"Chillies and peppers, green (Capsicum spp. and Pimenta spp.)",971.0,14644.0,18000.0
Thailand,2013,"Chillies and peppers, green (Capsicum spp. and Pimenta spp.)",3743.0,12955.0,18000.0
Thailand,2015,"Chillies and peppers, green (Capsicum spp. and Pimenta spp.)",11787.29,14418.83,18288.94
Thailand,2016,"Chillies and peppers, green (Capsicum spp. and Pimenta spp.)",10521.66,9737.61,18495.98
Thailand,2017,"Chillies and peppers, green (Capsicum spp. and Pimenta spp.)",19333.5,14256.0,18698.18
Thailand,2018,"Chillies and peppers, green (Capsicum spp. and Pimenta spp.)",25342.03,20349.89,18973.14
Thailand,2019,"Chillies and peppers, green (Capsicum spp. and Pimenta spp.)",30980.2,13636.86,19281.94
Thailand,2020,"Chillies and peppers, green (Capsicum spp. and Pimenta spp.)",53867.32,23987.81,19534.67
Thailand,2021,"Chillies and peppers, green (Capsicum spp. and Pimenta spp.)",83044.04,76596.04,19263.25
Thailand,2022,"Chillies and peppers, green (Capsicum spp. and Pimenta spp.)",88397.29,56365.27,19359.95
Thailand,2023,"Chillies and peppers, green (Capsicum spp. and Pimenta spp.)",82381.1,40074.87,19385.96
Timor-Leste,2014,"Chillies and peppers, green (Capsicum spp. and Pimenta spp.)",19.54,0.0,0.0
Timor-Leste,2015,"Chillies and peppers, green (Capsicum spp. and Pimenta spp.)",21.82,0.0,0.0
Timor-Leste,2016,"Chillies and peppers, green (Capsicum spp. and Pimenta spp.)",6.43,0.0,0.0
Timor-Leste,2017,"Chillies and peppers, green (Capsicum spp. and Pimenta spp.)",14.22,0.0,0.0
Timor-Leste,2019,"Chillies and peppers, green (Capsicum spp. and Pimenta spp.)",7.45,0.0,0.0
Timor-Leste,2020,"Chillies and peppers, green (Capsicum spp. and Pimenta spp.)",13.37,0.0,0.0
Timor-Leste,2021,"Chillies and peppers, green (Capsicum spp. and Pimenta spp.)",28.22,0.0,0.0
Timor-Leste,2022,"Chillies and peppers, green (Capsicum spp. and Pimenta spp.)",31.62,0.0,0.0
Timor-Leste,2023,"Chillies and peppers, green (Capsicum spp. and Pimenta spp.)",55.52,0.0,0.0
Togo,1993,"Chillies and peppers, green (Capsicum spp. and Pimenta spp.)",2.0,0.0,0.0
Togo,1994,"Chillies and peppers, green (Capsicum spp. and Pimenta spp.)",3.0,0.0,0.0
Togo,1995,"Chillies and peppers, green (Capsicum spp. and Pimenta spp.)",0.0,0.0,0.0
Togo,1996,"Chillies and peppers, green (Capsicum spp. and Pimenta spp.)",0.0,0.0,0.0
Togo,1997,"Chillies and peppers, green (Capsicum spp. and Pimenta spp.)",0.0,4.0,0.0
Togo,1999,"Chillies and peppers, green (Capsicum spp. and Pimenta spp.)",0.0,0.35,0.0
Togo,2000,"Chillies and peppers, green (Capsicum spp. and Pimenta spp.)",0.0,0.35,0.0
Togo,2001,"Chillies and peppers, green (Capsicum spp. and Pimenta spp.)",11.0,0.0,0.0
Togo,2002,"Chillies and peppers, green (Capsicum spp. and Pimenta spp.)",5.0,1.0,0.0
Togo,2003,"Chillies and peppers, green (Capsicum spp. and Pimenta spp.)",5.0,1.0,0.0
Togo,2004,"Chillies and peppers, green (Capsicum spp. and Pimenta spp.)",2.0,0.0,0.0
Togo,2005,"Chillies and peppers, green (Capsicum spp. and Pimenta spp.)",0.0,0.0,0.0
Togo,2006,"Chillies and peppers, green (Capsicum spp. and Pimenta spp.)",0.0,0.0,0.0
Togo,2007,"Chillies and peppers, green (Capsicum spp. and Pimenta spp.)",0.0,0.0,0.0
Togo,2008,"Chillies and peppers, green (Capsicum spp. and Pimenta spp.)",0.0,0.0,0.0
Togo,2009,"Chillies and peppers, green (Capsicum spp. and Pimenta spp.)",0.0,0.0,0.0
Togo,2010,"Chillies and peppers, green (Capsicum spp. and Pimenta spp.)",0.0,0.0,0.0
Togo,2011,"Chillies and peppers, green (Capsicum spp. and Pimenta spp.)",9.0,0.0,0.0
Togo,2013,"Chillies and peppers, green (Capsicum spp. and Pimenta spp.)",19.0,0.0,0.0
Togo,2016,"Chillies and peppers, green (Capsicum spp. and Pimenta spp.)",20.21,0.0,0.0
Togo,2017,"Chillies and peppers, green (Capsicum spp. and Pimenta spp.)",0.03,0.0,0.0
Togo,2020,"Chillies and peppers, green (Capsicum spp. and Pimenta spp.)",19.0,5.74,0.0
Togo,2021,"Chillies and peppers, green (Capsicum spp. and Pimenta spp.)",0.75,0.0,0.0
Togo,2022,"Chillies and peppers, green (Capsicum spp. and Pimenta spp.)",2.0,0.0,0.0
Tonga,2001,"Chillies and peppers, green (Capsicum spp. and Pimenta spp.)",0.0,0.0,0.0
Tonga,2002,"Chillies and peppers, green (Capsicum spp. and Pimenta spp.)",1.0,0.0,0.0
Tonga,2003,"Chillies and peppers, green (Capsicum spp. and Pimenta spp.)",0.0,0.0,0.0
Tonga,2004,"Chillies and peppers, green (Capsicum spp. and Pimenta spp.)",1.0,0.0,0.0
Tonga,2005,"Chillies and peppers, green (Capsicum spp. and Pimenta spp.)",1.0,0.0,0.0
Tonga,2006,"Chillies and peppers, green (Capsicum spp. and Pimenta spp.)",1.0,0.0,0.0
Tonga,2007,"Chillies and peppers, green (Capsicum spp. and Pimenta spp.)",1.0,0.0,0.0
Tonga,2008,"Chillies and peppers, green (Capsicum spp. and Pimenta spp.)",1.0,0.0,0.0
Tonga,2009,"Chillies and peppers, green (Capsicum spp. and Pimenta spp.)",0.0,0.0,0.0
Tonga,2010,"Chillies and peppers, green (Capsicum spp. and Pimenta spp.)",1.0,0.0,0.0
Tonga,2011,"Chillies and peppers, green (Capsicum spp. and Pimenta spp.)",0.0,0.0,0.0
Tonga,2012,"Chillies and peppers, green (Capsicum spp. and Pimenta spp.)",0.0,0.0,0.0
Tonga,2013,"Chillies and peppers, green (Capsicum spp. and Pimenta spp.)",0.0,0.0,0.0
Tonga,2014,"Chillies and peppers, green (Capsicum spp. and Pimenta spp.)",0.06,0.2,0.0
Tonga,2015,"Chillies and peppers, green (Capsicum spp. and Pimenta spp.)",0.06,0.0,0.0
Tonga,2017,"Chillies and peppers, green (Capsicum spp. and Pimenta spp.)",0.12,0.48,0.0
Tonga,2018,"Chillies and peppers, green (Capsicum spp. and Pimenta spp.)",3.39,0.0,0.0
Tonga,2019,"Chillies and peppers, green (Capsicum spp. and Pimenta spp.)",3.92,0.0,0.0
Tonga,2020,"Chillies and peppers, green (Capsicum spp. and Pimenta spp.)",2.16,0.0,0.0
Tonga,2021,"Chillies and peppers, green (Capsicum spp. and Pimenta spp.)",1.0,0.0,0.0
Tonga,2022,"Chillies and peppers, green (Capsicum spp. and Pimenta spp.)",0.36,0.0,0.0
Tonga,2023,"Chillies and peppers, green (Capsicum spp. and Pimenta spp.)",1.23,0.0,0.0
Trinidad and Tobago,1993,"Chillies and peppers, green (Capsicum spp. and Pimenta spp.)",0.0,599.0,229.0
Trinidad and Tobago,1994,"Chillies and peppers, green (Capsicum spp. and Pimenta spp.)",0.0,970.0,219.0
Trinidad and Tobago,1995,"Chillies and peppers, green (Capsicum spp. and Pimenta spp.)",0.0,602.0,214.0
Trinidad and Tobago,1996,"Chillies and peppers, green (Capsicum spp. and Pimenta spp.)",1.0,920.0,503.0
Trinidad and Tobago,1997,"Chillies and peppers, green (Capsicum spp. and Pimenta spp.)",0.0,922.0,289.0
Trinidad and Tobago,1998,"Chillies and peppers, green (Capsicum spp. and Pimenta spp.)",1.0,804.0,395.0
Trinidad and Tobago,1999,"Chillies and peppers, green (Capsicum spp. and Pimenta spp.)",21.0,1379.0,390.0
Trinidad and Tobago,2000,"Chillies and peppers, green (Capsicum spp. and Pimenta spp.)",30.88,1750.26,448.0
Trinidad and Tobago,2001,"Chillies and peppers, green (Capsicum spp. and Pimenta spp.)",52.0,1526.0,487.0
Trinidad and Tobago,2002,"Chillies and peppers, green (Capsicum spp. and Pimenta spp.)",58.0,1668.0,656.0
Trinidad and Tobago,2003,"Chillies and peppers, green (Capsicum spp. and Pimenta spp.)",100.0,1483.0,680.0
Trinidad and Tobago,2005,"Chillies and peppers, green (Capsicum spp. and Pimenta spp.)",273.0,1661.0,750.0
Trinidad and Tobago,2006,"Chillies and peppers, green (Capsicum spp. and Pimenta spp.)",75.0,1487.0,718.22
Trinidad and Tobago,2007,"Chillies and peppers, green (Capsicum spp. and Pimenta spp.)",121.0,1546.0,800.0
Trinidad and Tobago,2008,"Chillies and peppers, green (Capsicum spp. and Pimenta spp.)",6.0,195.0,794.12
Trinidad and Tobago,2009,"Chillies and peppers, green (Capsicum spp. and Pimenta spp.)",201.0,491.0,831.34
Trinidad and Tobago,2010,"Chillies and peppers, green (Capsicum spp. and Pimenta spp.)",285.0,499.0,899.56
Trinidad and Tobago,2011,"Chillies and peppers, green (Capsicum spp. and Pimenta spp.)",285.0,499.0,1017.0
Trinidad and Tobago,2012,"Chillies and peppers, green (Capsicum spp. and Pimenta spp.)",50.0,499.0,595.0
Trinidad and Tobago,2013,"Chillies and peppers, green (Capsicum spp. and Pimenta spp.)",120.0,499.0,781.0
Trinidad and Tobago,2014,"Chillies and peppers, green (Capsicum spp. and Pimenta spp.)",173.07,449.0,909.0
Trinidad and Tobago,2016,"Chillies and peppers, green (Capsicum spp. and Pimenta spp.)",508.87,694.93,1111.0
Trinidad and Tobago,2017,"Chillies and peppers, green (Capsicum spp. and Pimenta spp.)",478.43,378.09,1190.0
Trinidad and Tobago,2018,"Chillies and peppers, green (Capsicum spp. and Pimenta spp.)",444.17,312.02,3259.0
Trinidad and Tobago,2019,"Chillies and peppers, green (Capsicum spp. and Pimenta spp.)",388.14,183.25,1006.0
Trinidad and Tobago,2020,"Chillies and peppers, green (Capsicum spp. and Pimenta spp.)",282.44,134.14,2024.0
Trinidad and Tobago,2021,"Chillies and peppers, green (Capsicum spp. and Pimenta spp.)",282.98,148.84,3355.0
Trinidad and Tobago,2022,"Chillies and peppers, green (Capsicum spp. and Pimenta spp.)",470.89,113.84,3092.0
Trinidad and Tobago,2023,"Chillies and peppers, green (Capsicum spp. and Pimenta spp.)",341.31,44.53,1760.0
Tunisia,1993,"Chillies and peppers, green (Capsicum spp. and Pimenta spp.)",48.0,31.0,180000.0
Tunisia,1994,"Chillies and peppers, green (Capsicum spp. and Pimenta spp.)",12.0,29.0,165000.0
Tunisia,1995,"Chillies and peppers, green (Capsicum spp. and Pimenta spp.)",49.0,27.0,150000.0
Tunisia,1996,"Chillies and peppers, green (Capsicum spp. and Pimenta spp.)",0.0,18.0,190000.0
Tunisia,1997,"Chillies and peppers, green (Capsicum spp. and Pimenta spp.)",0.0,19.0,186000.0
Tunisia,1998,"Chillies and peppers, green (Capsicum spp. and Pimenta spp.)",0.0,54.0,189000.0
Tunisia,1999,"Chillies and peppers, green (Capsicum spp. and Pimenta spp.)",1.0,4.0,185000.0
Tunisia,2000,"Chillies and peppers, green (Capsicum spp. and Pimenta spp.)",0.0,35.0,190000.0
Tunisia,2002,"Chillies and peppers, green (Capsicum spp. and Pimenta spp.)",8.0,9.0,242000.0
Tunisia,2003,"Chillies and peppers, green (Capsicum spp. and Pimenta spp.)",0.0,19.0,247000.0
Tunisia,2004,"Chillies and peppers, green (Capsicum spp. and Pimenta spp.)",0.0,8.0,255000.0
Tunisia,2005,"Chillies and peppers, green (Capsicum spp. and Pimenta spp.)",0.0,66.0,256000.0
Tunisia,2006,"Chillies and peppers, green (Capsicum spp. and Pimenta spp.)",0.0,52.0,260000.0
Tunisia,2008,"Chillies and peppers, green (Capsicum spp. and Pimenta spp.)",3.0,1361.0,291000.0
Tunisia,2009,"Chillies and peppers, green (Capsicum spp. and Pimenta spp.)",0.0,859.0,281000.0
Tunisia,2010,"Chillies and peppers, green (Capsicum spp. and Pimenta spp.)",1.0,604.0,304000.0
Tunisia,2011,"Chillies and peppers, green (Capsicum spp. and Pimenta spp.)",0.0,407.0,268000.0
Tunisia,2013,"Chillies and peppers, green (Capsicum spp. and Pimenta spp.)",1.0,951.0,384000.0
Tunisia,2014,"Chillies and peppers, green (Capsicum spp. and Pimenta spp.)",2.34,1406.63,380000.0
Tunisia,2015,"Chillies and peppers, green (Capsicum spp. and Pimenta spp.)",8.66,1786.16,511000.0
Tunisia,2016,"Chillies and peppers, green (Capsicum spp. and Pimenta spp.)",94.78,956.01,454000.0
Tunisia,2017,"Chillies and peppers, green (Capsicum spp. and Pimenta spp.)",272.29,812.48,463000.0
Tunisia,2018,"Chillies and peppers, green (Capsicum spp. and Pimenta spp.)",202.8,1130.48,459000.0
Tunisia,2019,"Chillies and peppers, green (Capsicum spp. and Pimenta spp.)",92.98,527.55,435000.0
Tunisia,2020,"Chillies and peppers, green (Capsicum spp. and Pimenta spp.)",123.4,1120.72,420000.0
Tunisia,2021,"Chillies and peppers, green (Capsicum spp. and Pimenta spp.)",277.18,2571.47,460000.0
Tunisia,2022,"Chillies and peppers, green (Capsicum spp. and Pimenta spp.)",64.04,1543.52,425000.0
Tunisia,2023,"Chillies and peppers, green (Capsicum spp. and Pimenta spp.)",149.95,54.96,444948.09
Türkiye,1993,"Chillies and peppers, green (Capsicum spp. and Pimenta spp.)",598.0,24692.0,965000.0
Türkiye,1994,"Chillies and peppers, green (Capsicum spp. and Pimenta spp.)",83.0,27001.0,1008000.0
Türkiye,1995,"Chillies and peppers, green (Capsicum spp. and Pimenta spp.)",8.0,30156.0,1080000.0
Türkiye,1996,"Chillies and peppers, green (Capsicum spp. and Pimenta spp.)",1944.0,29632.0,1150000.0
Türkiye,1998,"Chillies and peppers, green (Capsicum spp. and Pimenta spp.)",1243.0,27156.0,1400000.0
Türkiye,1999,"Chillies and peppers, green (Capsicum spp. and Pimenta spp.)",41.0,27873.0,1462000.0
Türkiye,2000,"Chillies and peppers, green (Capsicum spp. and Pimenta spp.)",156.5,32092.98,1480000.0
Türkiye,2001,"Chillies and peppers, green (Capsicum spp. and Pimenta spp.)",43.0,40201.0,1560000.0
Türkiye,2002,"Chillies and peppers, green (Capsicum spp. and Pimenta spp.)",0.0,49950.0,1750000.0
Türkiye,2003,"Chillies and peppers, green (Capsicum spp. and Pimenta spp.)",98.0,43038.0,1790000.0
Türkiye,2004,"Chillies and peppers, green (Capsicum spp. and Pimenta spp.)",10.0,50684.0,1700000.0
Türkiye,2005,"Chillies and peppers, green (Capsicum spp. and Pimenta spp.)",22.0,63918.0,1829000.0
Türkiye,2006,"Chillies and peppers, green (Capsicum spp. and Pimenta spp.)",124.0,59495.0,1842175.0
Türkiye,2007,"Chillies and peppers, green (Capsicum spp. and Pimenta spp.)",7.0,51379.0,1757226.0
Türkiye,2008,"Chillies and peppers, green (Capsicum spp. and Pimenta spp.)",0.0,65965.0,1796177.0
Türkiye,2009,"Chillies and peppers, green (Capsicum spp. and Pimenta spp.)",30.0,64765.0,1837003.0
Türkiye,2010,"Chillies and peppers, green (Capsicum spp. and Pimenta spp.)",53.0,61247.0,1986700.0
Türkiye,2011,"Chillies and peppers, green (Capsicum spp. and Pimenta spp.)",43.0,68599.0,1975269.0
Türkiye,2012,"Chillies and peppers, green (Capsicum spp. and Pimenta spp.)",7.0,69727.0,2042360.0
Türkiye,2014,"Chillies and peppers, green (Capsicum spp. and Pimenta spp.)",196.95,81568.08,2232308.0
Türkiye,2015,"Chillies and peppers, green (Capsicum spp. and Pimenta spp.)",66.84,88022.19,2307456.0
Türkiye,2016,"Chillies and peppers, green (Capsicum spp. and Pimenta spp.)",250.68,97314.1,2457822.0
Türkiye,2017,"Chillies and peppers, green (Capsicum spp. and Pimenta spp.)",32.46,93242.39,2608172.0
Türkiye,2018,"Chillies and peppers, green (Capsicum spp. and Pimenta spp.)",234.95,124472.08,2554974.0
Türkiye,2019,"Chillies and peppers, green (Capsicum spp. and Pimenta spp.)",220.23,109975.22,2625669.0
Türkiye,2020,"Chillies and peppers, green (Capsicum spp. and Pimenta spp.)",296.91,148819.85,2636905.0
Türkiye,2021,"Chillies and peppers, green (Capsicum spp. and Pimenta spp.)",921.36,187300.9,3091295.0
Türkiye,2022,"Chillies and peppers, green (Capsicum spp. and Pimenta spp.)",827.25,155804.68,3018775.0
Türkiye,2023,"Chillies and peppers, green (Capsicum spp. and Pimenta spp.)",546.22,182400.94,3081010.0
Turkmenistan,2014,"Chillies and peppers, green (Capsicum spp. and Pimenta spp.)",403.69,204.78,0.0
Turkmenistan,2015,"Chillies and peppers, green (Capsicum spp. and Pimenta spp.)",15.59,125.7,0.0
Turkmenistan,2016,"Chillies and peppers, green (Capsicum spp. and Pimenta spp.)",322.87,173.11,0.0
Turkmenistan,2018,"Chillies and peppers, green (Capsicum spp. and Pimenta spp.)",291.14,212.06,0.0
Turkmenistan,2020,"Chillies and peppers, green (Capsicum spp. and Pimenta spp.)",3.99,12.5,0.0
Turkmenistan,2021,"Chillies and peppers, green (Capsicum spp. and Pimenta spp.)",1227.91,129.3,0.0
Turkmenistan,2022,"Chillies and peppers, green (Capsicum spp. and Pimenta spp.)",0.01,219.62,0.0
Tuvalu,2001,"Chillies and peppers, green (Capsicum spp. and Pimenta spp.)",0.0,0.0,0.0
Tuvalu,2002,"Chillies and peppers, green (Capsicum spp. and Pimenta spp.)",2.0,0.0,0.0
Tuvalu,2004,"Chillies and peppers, green (Capsicum spp. and Pimenta spp.)",1.0,0.0,0.0
Tuvalu,2005,"Chillies and peppers, green (Capsicum spp. and Pimenta spp.)",0.0,0.0,0.0
Tuvalu,2006,"Chillies and peppers, green (Capsicum spp. and Pimenta spp.)",0.0,0.0,0.0
Tuvalu,2007,"Chillies and peppers, green (Capsicum spp. and Pimenta spp.)",0.0,0.0,0.0
Tuvalu,2008,"Chillies and peppers, green (Capsicum spp. and Pimenta spp.)",0.0,0.0,0.0
Tuvalu,2009,"Chillies and peppers, green (Capsicum spp. and Pimenta spp.)",0.0,0.0,0.0
Tuvalu,2010,"Chillies and peppers, green (Capsicum spp. and Pimenta spp.)",0.0,0.0,0.0
Tuvalu,2011,"Chillies and peppers, green (Capsicum spp. and Pimenta spp.)",0.0,0.0,0.0
Tuvalu,2012,"Chillies and peppers, green (Capsicum spp. and Pimenta spp.)",0.0,0.0,0.0
Tuvalu,2013,"Chillies and peppers, green (Capsicum spp. and Pimenta spp.)",0.0,0.0,0.0
Tuvalu,2018,"Chillies and peppers, green (Capsicum spp. and Pimenta spp.)",0.01,0.0,0.0
Tuvalu,2019,"Chillies and peppers, green (Capsicum spp. and Pimenta spp.)",0.05,0.0,0.0
Tuvalu,2020,"Chillies and peppers, green (Capsicum spp. and Pimenta spp.)",0.04,0.0,0.0
Tuvalu,2021,"Chillies and peppers, green (Capsicum spp. and Pimenta spp.)",0.02,0.0,0.0
Tuvalu,2022,"Chillies and peppers, green (Capsicum spp. and Pimenta spp.)",0.02,0.0,0.0
Uganda,1994,"Chillies and peppers, green (Capsicum spp. and Pimenta spp.)",0.0,0.0,0.0
Uganda,1995,"Chillies and peppers, green (Capsicum spp. and Pimenta spp.)",0.0,0.44,0.0
Uganda,1998,"Chillies and peppers, green (Capsicum spp. and Pimenta spp.)",0.0,0.0,0.0
Uganda,1999,"Chillies and peppers, green (Capsicum spp. and Pimenta spp.)",0.0,0.0,0.0
Uganda,2001,"Chillies and peppers, green (Capsicum spp. and Pimenta spp.)",0.0,0.0,0.0
Uganda,2002,"Chillies and peppers, green (Capsicum spp. and Pimenta spp.)",0.0,0.0,0.0
Uganda,2003,"Chillies and peppers, green (Capsicum spp. and Pimenta spp.)",0.0,0.0,0.0
Uganda,2005,"Chillies and peppers, green (Capsicum spp. and Pimenta spp.)",0.0,1.0,0.0
Uganda,2006,"Chillies and peppers, green (Capsicum spp. and Pimenta spp.)",0.0,0.0,0.0
Uganda,2007,"Chillies and peppers, green (Capsicum spp. and Pimenta spp.)",0.0,0.0,0.0
Uganda,2008,"Chillies and peppers, green (Capsicum spp. and Pimenta spp.)",0.0,0.0,0.0
Uganda,2010,"Chillies and peppers, green (Capsicum spp. and Pimenta spp.)",0.0,0.0,0.0
Uganda,2011,"Chillies and peppers, green (Capsicum spp. and Pimenta spp.)",0.0,0.0,0.0
Uganda,2012,"Chillies and peppers, green (Capsicum spp. and Pimenta spp.)",0.0,8.0,0.0
Uganda,2013,"Chillies and peppers, green (Capsicum spp. and Pimenta spp.)",0.0,0.0,0.0
Uganda,2015,"Chillies and peppers, green (Capsicum spp. and Pimenta spp.)",2.92,12.99,0.0
Uganda,2018,"Chillies and peppers, green (Capsicum spp. and Pimenta spp.)",1.67,0.86,0.0
Uganda,2019,"Chillies and peppers, green (Capsicum spp. and Pimenta spp.)",1.31,1.56,0.0
Uganda,2020,"Chillies and peppers, green (Capsicum spp. and Pimenta spp.)",0.08,1.74,0.0
Uganda,2021,"Chillies and peppers, green (Capsicum spp. and Pimenta spp.)",0.01,5.96,0.0
Uganda,2023,"Chillies and peppers, green (Capsicum spp. and Pimenta spp.)",17.4,1242.44,0.0
Ukraine,2001,"Chillies and peppers, green (Capsicum spp. and Pimenta spp.)",63.0,321.0,119800.0
Ukraine,2002,"Chillies and peppers, green (Capsicum spp. and Pimenta spp.)",60.0,602.0,130600.0
Ukraine,2003,"Chillies and peppers, green (Capsicum spp. and Pimenta spp.)",181.0,618.0,131800.0
Ukraine,2004,"Chillies and peppers, green (Capsicum spp. and Pimenta spp.)",240.0,1906.0,128200.0
Ukraine,2005,"Chillies and peppers, green (Capsicum spp. and Pimenta spp.)",2009.0,1714.0,131500.0
Ukraine,2006,"Chillies and peppers, green (Capsicum spp. and Pimenta spp.)",5717.0,1808.0,145200.0
Ukraine,2007,"Chillies and peppers, green (Capsicum spp. and Pimenta spp.)",5545.0,1375.0,134000.0
Ukraine,2008,"Chillies and peppers, green (Capsicum spp. and Pimenta spp.)",10702.0,118.0,146000.0
Ukraine,2009,"Chillies and peppers, green (Capsicum spp. and Pimenta spp.)",9532.0,1611.0,155300.0
Ukraine,2010,"Chillies and peppers, green (Capsicum spp. and Pimenta spp.)",6609.0,1323.0,163600.0
Ukraine,2011,"Chillies and peppers, green (Capsicum spp. and Pimenta spp.)",10903.0,194.0,185200.0
Ukraine,2012,"Chillies and peppers, green (Capsicum spp. and Pimenta spp.)",11925.0,1385.0,189700.0
Ukraine,2013,"Chillies and peppers, green (Capsicum spp. and Pimenta spp.)",13417.0,451.0,194110.0
Ukraine,2014,"Chillies and peppers, green (Capsicum spp. and Pimenta spp.)",11062.68,2665.13,187860.0
Ukraine,2015,"Chillies and peppers, green (Capsicum spp. and Pimenta spp.)",3488.74,962.78,167160.0
Ukraine,2016,"Chillies and peppers, green (Capsicum spp. and Pimenta spp.)",4792.37,2456.11,193120.0
Ukraine,2017,"Chillies and peppers, green (Capsicum spp. and Pimenta spp.)",6094.06,1536.76,175060.0
Ukraine,2018,"Chillies and peppers, green (Capsicum spp. and Pimenta spp.)",8110.15,751.55,176150.0
Ukraine,2019,"Chillies and peppers, green (Capsicum spp. and Pimenta spp.)",13826.56,349.75,172830.0
Ukraine,2020,"Chillies and peppers, green (Capsicum spp. and Pimenta spp.)",14900.08,350.28,181290.0
Ukraine,2021,"Chillies and peppers, green (Capsicum spp. and Pimenta spp.)",19439.23,259.15,173560.0
Ukraine,2022,"Chillies and peppers, green (Capsicum spp. and Pimenta spp.)",16981.57,3.25,116710.0
Ukraine,2023,"Chillies and peppers, green (Capsicum spp. and Pimenta spp.)",18452.54,5.3,123850.0
United Arab Emirates,2002,"Chillies and peppers, green (Capsicum spp. and Pimenta spp.)",12602.0,335.0,5263.0
United Arab Emirates,2003,"Chillies and peppers, green (Capsicum spp. and Pimenta spp.)",13203.0,259.0,5448.0
United Arab Emirates,2004,"Chillies and peppers, green (Capsicum spp. and Pimenta spp.)",15522.0,249.0,6000.0
United Arab Emirates,2005,"Chillies and peppers, green (Capsicum spp. and Pimenta spp.)",17941.0,911.0,8594.0
United Arab Emirates,2006,"Chillies and peppers, green (Capsicum spp. and Pimenta spp.)",30704.0,1278.0,4986.0
United Arab Emirates,2007,"Chillies and peppers, green (Capsicum spp. and Pimenta spp.)",25514.0,2554.0,3411.0
United Arab Emirates,2008,"Chillies and peppers, green (Capsicum spp. and Pimenta spp.)",23774.0,2412.0,8242.0
United Arab Emirates,2009,"Chillies and peppers, green (Capsicum spp. and Pimenta spp.)",39445.0,2412.0,3664.0
United Arab Emirates,2010,"Chillies and peppers, green (Capsicum spp. and Pimenta spp.)",42198.0,2412.0,2586.0
United Arab Emirates,2011,"Chillies and peppers, green (Capsicum spp. and Pimenta spp.)",45457.0,2270.0,3298.0
United Arab Emirates,2012,"Chillies and peppers, green (Capsicum spp. and Pimenta spp.)",41797.0,1705.0,3831.0
United Arab Emirates,2014,"Chillies and peppers, green (Capsicum spp. and Pimenta spp.)",41146.87,8345.29,3548.0
United Arab Emirates,2015,"Chillies and peppers, green (Capsicum spp. and Pimenta spp.)",42710.64,5500.57,3710.0
United Arab Emirates,2016,"Chillies and peppers, green (Capsicum spp. and Pimenta spp.)",47989.38,5282.07,5451.0
United Arab Emirates,2017,"Chillies and peppers, green (Capsicum spp. and Pimenta spp.)",50021.67,2461.53,5569.3
United Arab Emirates,2018,"Chillies and peppers, green (Capsicum spp. and Pimenta spp.)",44582.52,9076.6,4150.0
United Arab Emirates,2019,"Chillies and peppers, green (Capsicum spp. and Pimenta spp.)",45186.78,8783.37,5183.36
United Arab Emirates,2020,"Chillies and peppers, green (Capsicum spp. and Pimenta spp.)",49864.29,14348.44,6377.0
United Arab Emirates,2021,"Chillies and peppers, green (Capsicum spp. and Pimenta spp.)",66607.83,17318.44,8899.81
United Arab Emirates,2022,"Chillies and peppers, green (Capsicum spp. and Pimenta spp.)",76882.8,18927.0,8967.0
United Arab Emirates,2023,"Chillies and peppers, green (Capsicum spp. and Pimenta spp.)",72152.34,14703.03,6071.55
United Kingdom of Great Britain and Northern Ireland,1993,"Chillies and peppers, green (Capsicum spp. and Pimenta spp.)",43979.0,129.0,6041.0
United Kingdom of Great Britain and Northern Ireland,1994,"Chillies and peppers, green (Capsicum spp. and Pimenta spp.)",53712.0,93.0,6192.0
United Kingdom of Great Britain and Northern Ireland,1995,"Chillies and peppers, green (Capsicum spp. and Pimenta spp.)",45590.0,78.0,7500.0
United Kingdom of Great Britain and Northern Ireland,1996,"Chillies and peppers, green (Capsicum spp. and Pimenta spp.)",57819.0,278.0,5900.0
United Kingdom of Great Britain and Northern Ireland,1997,"Chillies and peppers, green (Capsicum spp. and Pimenta spp.)",65294.0,280.0,6900.0
United Kingdom of Great Britain and Northern Ireland,1998,"Chillies and peppers, green (Capsicum spp. and Pimenta spp.)",76048.0,359.0,7100.0
United Kingdom of Great Britain and Northern Ireland,2000,"Chillies and peppers, green (Capsicum spp. and Pimenta spp.)",88073.0,124.0,10800.0
United Kingdom of Great Britain and Northern Ireland,2001,"Chillies and peppers, green (Capsicum spp. and Pimenta spp.)",90230.0,449.0,11200.0
United Kingdom of Great Britain and Northern Ireland,2002,"Chillies and peppers, green (Capsicum spp. and Pimenta spp.)",93988.0,250.0,12900.0
United Kingdom of Great Britain and Northern Ireland,2003,"Chillies and peppers, green (Capsicum spp. and Pimenta spp.)",99823.0,511.0,13000.0
United Kingdom of Great Britain and Northern Ireland,2004,"Chillies and peppers, green (Capsicum spp. and Pimenta spp.)",115984.0,750.0,13600.0
United Kingdom of Great Britain and Northern Ireland,2005,"Chillies and peppers, green (Capsicum spp. and Pimenta spp.)",154251.0,849.0,13600.0
United Kingdom of Great Britain and Northern Ireland,2006,"Chillies and peppers, green (Capsicum spp. and Pimenta spp.)",140342.0,604.0,16000.0
United Kingdom of Great Britain and Northern Ireland,2007,"Chillies and peppers, green (Capsicum spp. and Pimenta spp.)",148082.0,521.0,14900.0
United Kingdom of Great Britain and Northern Ireland,2008,"Chillies and peppers, green (Capsicum spp. and Pimenta spp.)",150139.0,638.0,16300.0
United Kingdom of Great Britain and Northern Ireland,2009,"Chillies and peppers, green (Capsicum spp. and Pimenta spp.)",136874.0,746.0,19400.0
United Kingdom of Great Britain and Northern Ireland,2010,"Chillies and peppers, green (Capsicum spp. and Pimenta spp.)",144553.0,692.0,19200.0
United Kingdom of Great Britain and Northern Ireland,2011,"Chillies and peppers, green (Capsicum spp. and Pimenta spp.)",157134.0,715.0,19100.0
United Kingdom of Great Britain and Northern Ireland,2012,"Chillies and peppers, green (Capsicum spp. and Pimenta spp.)",169620.0,2424.0,21300.0
United Kingdom of Great Britain and Northern Ireland,2013,"Chillies and peppers, green (Capsicum spp. and Pimenta spp.)",188179.0,1284.0,23500.0
United Kingdom of Great Britain and Northern Ireland,2014,"Chillies and peppers, green (Capsicum spp. and Pimenta spp.)",188941.9,2210.87,23700.0
United Kingdom of Great Britain and Northern Ireland,2015,"Chillies and peppers, green (Capsicum spp. and Pimenta spp.)",192921.06,2767.46,23100.0
United Kingdom of Great Britain and Northern Ireland,2016,"Chillies and peppers, green (Capsicum spp. and Pimenta spp.)",217449.2,3387.95,23040.0
United Kingdom of Great Britain and Northern Ireland,2017,"Chillies and peppers, green (Capsicum spp. and Pimenta spp.)",214845.77,2881.8,20570.0
United Kingdom of Great Britain and Northern Ireland,2018,"Chillies and peppers, green (Capsicum spp. and Pimenta spp.)",210463.77,2880.15,20640.0
United Kingdom of Great Britain and Northern Ireland,2019,"Chillies and peppers, green (Capsicum spp. and Pimenta spp.)",221763.74,2382.87,20435.0
United Kingdom of Great Britain and Northern Ireland,2020,"Chillies and peppers, green (Capsicum spp. and Pimenta spp.)",256690.68,1230.67,19975.0
United Kingdom of Great Britain and Northern Ireland,2021,"Chillies and peppers, green (Capsicum spp. and Pimenta spp.)",228709.65,499.88,18130.56
United Kingdom of Great Britain and Northern Ireland,2022,"Chillies and peppers, green (Capsicum spp. and Pimenta spp.)",240965.99,385.54,17347.0
United Kingdom of Great Britain and Northern Ireland,2023,"Chillies and peppers, green (Capsicum spp. and Pimenta spp.)",230710.08,235.67,17090.3
United Republic of Tanzania,2006,"Chillies and peppers, green (Capsicum spp. and Pimenta spp.)",1.0,0.0,8004.4
United Republic of Tanzania,2007,"Chillies and peppers, green (Capsicum spp. and Pimenta spp.)",1.0,0.0,9058.5
United Republic of Tanzania,2008,"Chillies and peppers, green (Capsicum spp. and Pimenta spp.)",4.0,0.0,9874.56
United Republic of Tanzania,2009,"Chillies and peppers, green (Capsicum spp. and Pimenta spp.)",5.0,0.0,10687.83
United Republic of Tanzania,2010,"Chillies and peppers, green (Capsicum spp. and Pimenta spp.)",0.0,0.0,11500.0
United Republic of Tanzania,2011,"Chillies and peppers, green (Capsicum spp. and Pimenta spp.)",0.0,0.0,12624.59
United Republic of Tanzania,2012,"Chillies and peppers, green (Capsicum spp. and Pimenta spp.)",1.0,0.0,14000.0
United Republic of Tanzania,2013,"Chillies and peppers, green (Capsicum spp. and Pimenta spp.)",0.0,0.0,14000.0
United Republic of Tanzania,2014,"Chillies and peppers, green (Capsicum spp. and Pimenta spp.)",1.21,0.0,14809.04
United Republic of Tanzania,2015,"Chillies and peppers, green (Capsicum spp. and Pimenta spp.)",0.24,2.09,16024.36
United Republic of Tanzania,2016,"Chillies and peppers, green (Capsicum spp. and Pimenta spp.)",0.46,68.49,14944.47
United Republic of Tanzania,2017,"Chillies and peppers, green (Capsicum spp. and Pimenta spp.)",1.28,29.97,15711.89
United Republic of Tanzania,2018,"Chillies and peppers, green (Capsicum spp. and Pimenta spp.)",0.43,48.89,16272.24
United Republic of Tanzania,2019,"Chillies and peppers, green (Capsicum spp. and Pimenta spp.)",1.0,507.69,15642.86
United Republic of Tanzania,2020,"Chillies and peppers, green (Capsicum spp. and Pimenta spp.)",1.0,498.91,15875.66
United Republic of Tanzania,2021,"Chillies and peppers, green (Capsicum spp. and Pimenta spp.)",0.17,72.2,15930.25
United Republic of Tanzania,2022,"Chillies and peppers, green (Capsicum spp. and Pimenta spp.)",0.46,16.7,15816.26
United Republic of Tanzania,2023,"Chillies and peppers, green (Capsicum spp. and Pimenta spp.)",0.18,9.24,15874.06
United States of America,1993,"Chillies and peppers, green (Capsicum spp. and Pimenta spp.)",157478.0,67904.0,689900.0
United States of America,1994,"Chillies and peppers, green (Capsicum spp. and Pimenta spp.)",167094.0,61983.0,697100.0
United States of America,1995,"Chillies and peppers, green (Capsicum spp. and Pimenta spp.)",231389.0,58572.0,642800.0
United States of America,1997,"Chillies and peppers, green (Capsicum spp. and Pimenta spp.)",290554.0,71751.0,678600.0
United States of America,1998,"Chillies and peppers, green (Capsicum spp. and Pimenta spp.)",329317.0,68847.0,660250.0
United States of America,1999,"Chillies and peppers, green (Capsicum spp. and Pimenta spp.)",342075.0,74564.0,705880.0
United States of America,2000,"Chillies and peppers, green (Capsicum spp. and Pimenta spp.)",346654.1,81415.91,912990.0
United States of America,2001,"Chillies and peppers, green (Capsicum spp. and Pimenta spp.)",361019.0,87111.0,857330.0
United States of America,2002,"Chillies and peppers, green (Capsicum spp. and Pimenta spp.)",401195.0,86969.0,868260.0
United States of America,2003,"Chillies and peppers, green (Capsicum spp. and Pimenta spp.)",426166.0,90538.0,932630.0
United States of America,2004,"Chillies and peppers, green (Capsicum spp. and Pimenta spp.)",445997.0,93701.0,978890.0
United States of America,2005,"Chillies and peppers, green (Capsicum spp. and Pimenta spp.)",488937.0,94914.0,959070.0
United States of America,2007,"Chillies and peppers, green (Capsicum spp. and Pimenta spp.)",585025.0,108521.0,906140.0
United States of America,2008,"Chillies and peppers, green (Capsicum spp. and Pimenta spp.)",616525.0,106902.0,911810.0
United States of America,2009,"Chillies and peppers, green (Capsicum spp. and Pimenta spp.)",648740.0,99939.0,970510.0
United States of America,2010,"Chillies and peppers, green (Capsicum spp. and Pimenta spp.)",763108.0,107278.0,898340.0
United States of America,2011,"Chillies and peppers, green (Capsicum spp. and Pimenta spp.)",779393.0,105379.0,916390.0
United States of America,2012,"Chillies and peppers, green (Capsicum spp. and Pimenta spp.)",896146.0,109373.0,907270.0
United States of America,2013,"Chillies and peppers, green (Capsicum spp. and Pimenta spp.)",905822.0,118605.0,845630.0
United States of America,2014,"Chillies and peppers, green (Capsicum spp. and Pimenta spp.)",961737.31,116366.31,914490.0
United States of America,2015,"Chillies and peppers, green (Capsicum spp. and Pimenta spp.)",948486.01,110563.1,870350.0
United States of America,2016,"Chillies and peppers, green (Capsicum spp. and Pimenta spp.)",1099662.87,116514.03,856160.0
United States of America,2017,"Chillies and peppers, green (Capsicum spp. and Pimenta spp.)",1109866.2,115950.82,804039.0
United States of America,2018,"Chillies and peppers, green (Capsicum spp. and Pimenta spp.)",1146828.5,123632.15,705790.0
United States of America,2019,"Chillies and peppers, green (Capsicum spp. and Pimenta spp.)",1167295.43,125507.79,658322.0
United States of America,2020,"Chillies and peppers, green (Capsicum spp. and Pimenta spp.)",1195927.44,124572.85,565743.0
United States of America,2021,"Chillies and peppers, green (Capsicum spp. and Pimenta spp.)",1334021.63,137085.96,579873.0
United States of America,2022,"Chillies and peppers, green (Capsicum spp. and Pimenta spp.)",1266979.75,129158.45,621512.0
United States of America,2023,"Chillies and peppers, green (Capsicum spp. and Pimenta spp.)",1251711.17,131357.21,576743.0
Uruguay,1994,"Chillies and peppers, green (Capsicum spp. and Pimenta spp.)",115.0,20.0,6735.0
Uruguay,1995,"Chillies and peppers, green (Capsicum spp. and Pimenta spp.)",69.0,24.0,7200.0
Uruguay,1997,"Chillies and peppers, green (Capsicum spp. and Pimenta spp.)",46.0,75.0,9100.0
Uruguay,1998,"Chillies and peppers, green (Capsicum spp. and Pimenta spp.)",399.0,14.0,10500.0
Uruguay,1999,"Chillies and peppers, green (Capsicum spp. and Pimenta spp.)",254.0,35.0,12500.0
Uruguay,2000,"Chillies and peppers, green (Capsicum spp. and Pimenta spp.)",176.52,4.23,16000.0
Uruguay,2001,"Chillies and peppers, green (Capsicum spp. and Pimenta spp.)",67.0,0.0,19000.0
Uruguay,2002,"Chillies and peppers, green (Capsicum spp. and Pimenta spp.)",13.0,0.0,13138.0
Uruguay,2003,"Chillies and peppers, green (Capsicum spp. and Pimenta spp.)",0.0,14.0,14410.0
Uruguay,2004,"Chillies and peppers, green (Capsicum spp. and Pimenta spp.)",0.0,34.0,12354.0
Uruguay,2005,"Chillies and peppers, green (Capsicum spp. and Pimenta spp.)",3.0,12.0,14178.0
Uruguay,2006,"Chillies and peppers, green (Capsicum spp. and Pimenta spp.)",1.0,29.0,14177.0
Uruguay,2008,"Chillies and peppers, green (Capsicum spp. and Pimenta spp.)",2.0,0.0,13571.0
Uruguay,2009,"Chillies and peppers, green (Capsicum spp. and Pimenta spp.)",1.0,16.0,14453.0
Uruguay,2010,"Chillies and peppers, green (Capsicum spp. and Pimenta spp.)",28.0,0.0,15119.0
Uruguay,2014,"Chillies and peppers, green (Capsicum spp. and Pimenta spp.)",11.43,3.21,13995.0
Uruguay,2015,"Chillies and peppers, green (Capsicum spp. and Pimenta spp.)",45.3,3.87,14539.0
Uruguay,2018,"Chillies and peppers, green (Capsicum spp. and Pimenta spp.)",14.77,2.45,13574.48
Uzbekistan,2015,"Chillies and peppers, green (Capsicum spp. and Pimenta spp.)",0.18,4074.98,68500.0
Uzbekistan,2016,"Chillies and peppers, green (Capsicum spp. and Pimenta spp.)",11.88,3094.0,69833.33
Uzbekistan,2017,"Chillies and peppers, green (Capsicum spp. and Pimenta spp.)",187.57,6839.41,66777.78
Uzbekistan,2018,"Chillies and peppers, green (Capsicum spp. and Pimenta spp.)",231.44,7685.57,68370.37
Uzbekistan,2019,"Chillies and peppers, green (Capsicum spp. and Pimenta spp.)",241.17,9676.5,71036.64
Uzbekistan,2022,"Chillies and peppers, green (Capsicum spp. and Pimenta spp.)",291.28,10289.68,69714.44
Uzbekistan,2023,"Chillies and peppers, green (Capsicum spp. and Pimenta spp.)",874.66,11380.11,69273.71
Vanuatu,2006,"Chillies and peppers, green (Capsicum spp. and Pimenta spp.)",11.0,0.0,0.0
Vanuatu,2007,"Chillies and peppers, green (Capsicum spp. and Pimenta spp.)",9.0,0.0,0.0
Vanuatu,2008,"Chillies and peppers, green (Capsicum spp. and Pimenta spp.)",13.0,0.0,0.0
Vanuatu,2009,"Chillies and peppers, green (Capsicum spp. and Pimenta spp.)",15.0,0.0,0.0
Vanuatu,2010,"Chillies and peppers, green (Capsicum spp. and Pimenta spp.)",18.0,0.0,0.0
Vanuatu,2011,"Chillies and peppers, green (Capsicum spp. and Pimenta spp.)",22.0,0.0,0.0
Vanuatu,2012,"Chillies and peppers, green (Capsicum spp. and Pimenta spp.)",10.0,0.0,0.0
Vanuatu,2013,"Chillies and peppers, green (Capsicum spp. and Pimenta spp.)",9.0,0.0,0.0
Vanuatu,2014,"Chillies and peppers, green (Capsicum spp. and Pimenta spp.)",5.21,0.0,0.0
Vanuatu,2015,"Chillies and peppers, green (Capsicum spp. and Pimenta spp.)",5.3,0.0,0.0
Vanuatu,2016,"Chillies and peppers, green (Capsicum spp. and Pimenta spp.)",3.6,0.0,0.0
Vanuatu,2017,"Chillies and peppers, green (Capsicum spp. and Pimenta spp.)",9.47,0.0,0.0
Vanuatu,2018,"Chillies and peppers, green (Capsicum spp. and Pimenta spp.)",9.36,0.0,0.0
Vanuatu,2019,"Chillies and peppers, green (Capsicum spp. and Pimenta spp.)",9.58,0.0,0.0
Vanuatu,2020,"Chillies and peppers, green (Capsicum spp. and Pimenta spp.)",5.95,0.0,0.0
Vanuatu,2021,"Chillies and peppers, green (Capsicum spp. and Pimenta spp.)",6.64,0.0,0.0
Vanuatu,2022,"Chillies and peppers, green (Capsicum spp. and Pimenta spp.)",6.81,0.0,17028.0
Venezuela (Bolivarian Republic of),1994,"Chillies and peppers, green (Capsicum spp. and Pimenta spp.)",3.0,485.0,43290.0
Venezuela (Bolivarian Republic of),1995,"Chillies and peppers, green (Capsicum spp. and Pimenta spp.)",10.0,331.0,53468.0
Venezuela (Bolivarian Republic of),1996,"Chillies and peppers, green (Capsicum spp. and Pimenta spp.)",3.0,491.0,61381.0
Venezuela (Bolivarian Republic of),1997,"Chillies and peppers, green (Capsicum spp. and Pimenta spp.)",2.0,598.0,62009.0
Venezuela (Bolivarian Republic of),1998,"Chillies and peppers, green (Capsicum spp. and Pimenta spp.)",14.0,558.0,86577.0
Venezuela (Bolivarian Republic of),1999,"Chillies and peppers, green (Capsicum spp. and Pimenta spp.)",149.0,468.0,87222.0
Venezuela (Bolivarian Republic of),2000,"Chillies and peppers, green (Capsicum spp. and Pimenta spp.)",109.0,460.0,77724.0
Venezuela (Bolivarian Republic of),2001,"Chillies and peppers, green (Capsicum spp. and Pimenta spp.)",18.0,376.0,62232.0
Venezuela (Bolivarian Republic of),2002,"Chillies and peppers, green (Capsicum spp. and Pimenta spp.)",0.0,376.0,69376.0
Venezuela (Bolivarian Republic of),2004,"Chillies and peppers, green (Capsicum spp. and Pimenta spp.)",0.0,384.0,91407.0
Venezuela (Bolivarian Republic of),2005,"Chillies and peppers, green (Capsicum spp. and Pimenta spp.)",0.0,405.0,94161.0
Venezuela (Bolivarian Republic of),2006,"Chillies and peppers, green (Capsicum spp. and Pimenta spp.)",1.0,436.0,101143.0
Venezuela (Bolivarian Republic of),2007,"Chillies and peppers, green (Capsicum spp. and Pimenta spp.)",1.0,448.0,124106.0
Venezuela (Bolivarian Republic of),2008,"Chillies and peppers, green (Capsicum spp. and Pimenta spp.)",0.0,381.0,152229.0
Venezuela (Bolivarian Republic of),2009,"Chillies and peppers, green (Capsicum spp. and Pimenta spp.)",0.0,46.0,139239.0
Venezuela (Bolivarian Republic of),2010,"Chillies and peppers, green (Capsicum spp. and Pimenta spp.)",0.0,290.0,159462.0
Venezuela (Bolivarian Republic of),2011,"Chillies and peppers, green (Capsicum spp. and Pimenta spp.)",0.0,63.0,188727.0
Venezuela (Bolivarian Republic of),2013,"Chillies and peppers, green (Capsicum spp. and Pimenta spp.)",0.0,236.0,121696.0
Venezuela (Bolivarian Republic of),2021,"Chillies and peppers, green (Capsicum spp. and Pimenta spp.)",0.0,0.0,147275.8
Venezuela (Bolivarian Republic of),2022,"Chillies and peppers, green (Capsicum spp. and Pimenta spp.)",0.01,0.0,154585.41
Viet Nam,2014,"Chillies and peppers, green (Capsicum spp. and Pimenta spp.)",71.48,23655.21,0.0
Viet Nam,2015,"Chillies and peppers, green (Capsicum spp. and Pimenta spp.)",37.74,25907.29,0.0
Viet Nam,2016,"Chillies and peppers, green (Capsicum spp. and Pimenta spp.)",40.21,36459.3,0.0
Viet Nam,2017,"Chillies and peppers, green (Capsicum spp. and Pimenta spp.)",516.45,45300.9,0.0
Viet Nam,2019,"Chillies and peppers, green (Capsicum spp. and Pimenta spp.)",417.52,27491.88,0.0
Viet Nam,2020,"Chillies and peppers, green (Capsicum spp. and Pimenta spp.)",433.21,29867.82,0.0
Viet Nam,2021,"Chillies and peppers, green (Capsicum spp. and Pimenta spp.)",321.35,28213.65,0.0
Viet Nam,2023,"Chillies and peppers, green (Capsicum spp. and Pimenta spp.)",15497.37,39743.03,0.0
Yemen,2005,"Chillies and peppers, green (Capsicum spp. and Pimenta spp.)",1.0,2172.0,16810.0
Yemen,2006,"Chillies and peppers, green (Capsicum spp. and Pimenta spp.)",2.0,1192.0,17088.0
Yemen,2007,"Chillies and peppers, green (Capsicum spp. and Pimenta spp.)",5.0,178.0,18798.0
Yemen,2008,"Chillies and peppers, green (Capsicum spp. and Pimenta spp.)",7.0,19.0,19550.0
Yemen,2009,"Chillies and peppers, green (Capsicum spp. and Pimenta spp.)",4.0,5.0,20777.0
Yemen,2010,"Chillies and peppers, green (Capsicum spp. and Pimenta spp.)",0.0,6.0,22350.0
Yemen,2011,"Chillies and peppers, green (Capsicum spp. and Pimenta spp.)",0.0,209.0,17800.0
Yemen,2012,"Chillies and peppers, green (Capsicum spp. and Pimenta spp.)",122.0,173.0,21500.0
Yemen,2013,"Chillies and peppers, green (Capsicum spp. and Pimenta spp.)",0.0,17.0,17800.0
Yemen,2014,"Chillies and peppers, green (Capsicum spp. and Pimenta spp.)",1.38,37.84,17703.2
Yemen,2015,"Chillies and peppers, green (Capsicum spp. and Pimenta spp.)",96.86,32.81,16418.0
Yemen,2019,"Chillies and peppers, green (Capsicum spp. and Pimenta spp.)",1.27,0.0,15373.0
Yemen,2020,"Chillies and peppers, green (Capsicum spp. and Pimenta spp.)",51.54,161.0,15592.0
Yemen,2021,"Chillies and peppers, green (Capsicum spp. and Pimenta spp.)",115.17,27.51,18478.0
Yemen,2022,"Chillies and peppers, green (Capsicum spp. and Pimenta spp.)",77.21,18.25,18769.81
Yemen,2023,"Chillies and peppers, green (Capsicum spp. and Pimenta spp.)",62.52,66.85,16591.87
Zambia,1995,"Chillies and peppers, green (Capsicum spp. and Pimenta spp.)",0.0,0.0,0.0
Zambia,1997,"Chillies and peppers, green (Capsicum spp. and Pimenta spp.)",1.0,0.0,0.0
Zambia,1999,"Chillies and peppers, green (Capsicum spp. and Pimenta spp.)",0.0,0.0,0.0
Zambia,2007,"Chillies and peppers, green (Capsicum spp. and Pimenta spp.)",1.0,0.0,0.0
Zambia,2008,"Chillies and peppers, green (Capsicum spp. and Pimenta spp.)",9.0,0.0,0.0
Zambia,2009,"Chillies and peppers, green (Capsicum spp. and Pimenta spp.)",24.0,0.0,0.0
Zambia,2010,"Chillies and peppers, green (Capsicum spp. and Pimenta spp.)",35.0,0.0,0.0
Zambia,2011,"Chillies and peppers, green (Capsicum spp. and Pimenta spp.)",50.0,0.0,0.0
Zambia,2012,"Chillies and peppers, green (Capsicum spp. and Pimenta spp.)",40.0,0.0,0.0
Zambia,2013,"Chillies and peppers, green (Capsicum spp. and Pimenta spp.)",46.0,0.0,0.0
Zambia,2014,"Chillies and peppers, green (Capsicum spp. and Pimenta spp.)",31.91,0.0,0.0
Zambia,2015,"Chillies and peppers, green (Capsicum spp. and Pimenta spp.)",55.89,0.0,0.0
Zambia,2016,"Chillies and peppers, green (Capsicum spp. and Pimenta spp.)",79.02,0.0,0.0
Zambia,2017,"Chillies and peppers, green (Capsicum spp. and Pimenta spp.)",43.02,0.0,0.0
Zambia,2018,"Chillies and peppers, green (Capsicum spp. and Pimenta spp.)",68.8,0.0,0.0
Zambia,2019,"Chillies and peppers, green (Capsicum spp. and Pimenta spp.)",33.68,0.0,0.0
Zambia,2020,"Chillies and peppers, green (Capsicum spp. and Pimenta spp.)",24.54,8.45,0.0
Zambia,2021,"Chillies and peppers, green (Capsicum spp. and Pimenta spp.)",53.17,1.98,0.0
Zambia,2023,"Chillies and peppers, green (Capsicum spp. and Pimenta spp.)",64.19,0.0,0.0
Zimbabwe,1994,"Chillies and peppers, green (Capsicum spp. and Pimenta spp.)",1.0,349.0,294.45
Zimbabwe,1995,"Chillies and peppers, green (Capsicum spp. and Pimenta spp.)",4.0,232.0,300.0
Zimbabwe,1996,"Chillies and peppers, green (Capsicum spp. and Pimenta spp.)",15.0,174.0,250.0
Zimbabwe,1997,"Chillies and peppers, green (Capsicum spp. and Pimenta spp.)",5.0,117.0,623.58
Zimbabwe,1998,"Chillies and peppers, green (Capsicum spp. and Pimenta spp.)",15.0,137.0,220.0
Zimbabwe,1999,"Chillies and peppers, green (Capsicum spp. and Pimenta spp.)",101.0,73.0,978.91
Zimbabwe,2000,"Chillies and peppers, green (Capsicum spp. and Pimenta spp.)",100.0,353.32,1238.46
Zimbabwe,2001,"Chillies and peppers, green (Capsicum spp. and Pimenta spp.)",51.0,55.0,1535.51
Zimbabwe,2002,"Chillies and peppers, green (Capsicum spp. and Pimenta spp.)",20.0,358.0,1867.79
Zimbabwe,2003,"Chillies and peppers, green (Capsicum spp. and Pimenta spp.)",19.0,516.0,2230.26
Zimbabwe,2004,"Chillies and peppers, green (Capsicum spp. and Pimenta spp.)",10.0,541.0,2963.75
Zimbabwe,2006,"Chillies and peppers, green (Capsicum spp. and Pimenta spp.)",1.0,243.0,3845.37
Zimbabwe,2007,"Chillies and peppers, green (Capsicum spp. and Pimenta spp.)",1.0,404.0,4292.48
Zimbabwe,2008,"Chillies and peppers, green (Capsicum spp. and Pimenta spp.)",2.0,502.0,4752.37
Zimbabwe,2009,"Chillies and peppers, green (Capsicum spp. and Pimenta spp.)",18.0,9.0,5234.21
Zimbabwe,2010,"Chillies and peppers, green (Capsicum spp. and Pimenta spp.)",90.0,0.0,5747.9
Zimbabwe,2011,"Chillies and peppers, green (Capsicum spp. and Pimenta spp.)",41.0,33.0,7312.54
Zimbabwe,2012,"Chillies and peppers, green (Capsicum spp. and Pimenta spp.)",137.0,18.0,8260.8
Zimbabwe,2013,"Chillies and peppers, green (Capsicum spp. and Pimenta spp.)",130.0,33.0,9312.1
Zimbabwe,2014,"Chillies and peppers, green (Capsicum spp. and Pimenta spp.)",122.63,105.89,11822.92
Zimbabwe,2015,"Chillies and peppers, green (Capsicum spp. and Pimenta spp.)",53.46,6.83,13390.32
Zimbabwe,2016,"Chillies and peppers, green (Capsicum spp. and Pimenta spp.)",13.54,29.74,15020.95
Zimbabwe,2017,"Chillies and peppers, green (Capsicum spp. and Pimenta spp.)",0.47,182.17,16713.8
Zimbabwe,2018,"Chillies and peppers, green (Capsicum spp. and Pimenta spp.)",0.32,8.88,18458.55
Zimbabwe,2022,"Chillies and peppers, green (Capsicum spp. and Pimenta spp.)",1.18,82.66,9451.02
