Area,Year,Item,Import,Export,Production
Afghanistan,2014,"Ginger, raw",0.37,0.0,0.0
Afghanistan,2015,"Ginger, raw",17.18,0.0,0.0
Afghanistan,2016,"Ginger, raw",7.07,0.01,0.0
Afghanistan,2018,"Ginger, raw",13.55,1.39,0.0
Afghanistan,2019,"Ginger, raw",93.4,0.02,0.0
Afghanistan,2021,"Ginger, raw",1443.95,0.32,0.0
Afghanistan,2022,"Ginger, raw",401.24,4.27,0.0
Afghanistan,2023,"Ginger, raw",304.89,3.72,0.0
Albania,1999,"Ginger, raw",1.0,60.0,0.0
Albania,2000,"Ginger, raw",1.0,68.0,0.0
Albania,2002,"Ginger, raw",2.0,0.0,0.0
Albania,2003,"Ginger, raw",0.0,13.0,0.0
Albania,2004,"Ginger, raw",0.0,0.0,0.0
Albania,2005,"Ginger, raw",0.0,0.0,0.0
Albania,2006,"Ginger, raw",0.0,0.0,0.0
Albania,2007,"Ginger, raw",0.0,0.0,0.0
Albania,2008,"Ginger, raw",1.0,0.0,0.0
Albania,2009,"Ginger, raw",1.0,0.0,0.0
Albania,2010,"Ginger, raw",0.0,0.0,0.0
Albania,2011,"Ginger, raw",1.0,0.0,0.0
Albania,2012,"Ginger, raw",1.0,0.0,0.0
Albania,2013,"Ginger, raw",0.0,0.0,0.0
Albania,2015,"Ginger, raw",1.89,0.0,0.0
Albania,2016,"Ginger, raw",1.49,0.0,0.0
Albania,2018,"Ginger, raw",0.8,0.0,0.0
Albania,2020,"Ginger, raw",144.81,0.0,0.0
Albania,2021,"Ginger, raw",8.82,0.0,0.0
Albania,2022,"Ginger, raw",183.26,132.84,0.0
Albania,2023,"Ginger, raw",168.06,42.71,0.0
Algeria,1993,"Ginger, raw",11.0,0.0,0.0
Algeria,1994,"Ginger, raw",51.0,0.0,0.0
Algeria,1995,"Ginger, raw",37.0,0.0,0.0
Algeria,1996,"Ginger, raw",56.0,0.0,0.0
Algeria,1997,"Ginger, raw",186.0,0.0,0.0
Algeria,1998,"Ginger, raw",197.0,0.0,0.0
Algeria,1999,"Ginger, raw",101.0,0.0,0.0
Algeria,2000,"Ginger, raw",48.0,0.0,0.0
Algeria,2001,"Ginger, raw",168.0,0.0,0.0
Algeria,2002,"Ginger, raw",264.0,0.0,0.0
Algeria,2003,"Ginger, raw",406.0,0.0,0.0
Algeria,2004,"Ginger, raw",69.0,0.0,0.0
Algeria,2005,"Ginger, raw",89.0,0.0,0.0
Algeria,2006,"Ginger, raw",490.0,0.0,0.0
Algeria,2007,"Ginger, raw",788.0,0.0,0.0
Algeria,2008,"Ginger, raw",995.0,0.0,0.0
Algeria,2009,"Ginger, raw",1602.0,0.0,0.0
Algeria,2010,"Ginger, raw",1602.0,0.0,0.0
Algeria,2011,"Ginger, raw",1186.0,0.0,0.0
Algeria,2012,"Ginger, raw",914.0,0.0,0.0
Algeria,2013,"Ginger, raw",708.0,0.0,0.0
Algeria,2014,"Ginger, raw",756.99,0.0,0.0
Algeria,2015,"Ginger, raw",1028.96,1.25,0.0
Algeria,2016,"Ginger, raw",1426.38,2.69,0.0
Algeria,2017,"Ginger, raw",1806.82,3.72,0.0
Algeria,2018,"Ginger, raw",1157.13,1.59,0.0
Algeria,2019,"Ginger, raw",1462.13,1.58,0.0
Algeria,2020,"Ginger, raw",1704.16,0.0,0.0
Algeria,2022,"Ginger, raw",1631.38,2.87,0.0
Algeria,2023,"Ginger, raw",1531.6,3.78,0.0
Angola,2014,"Ginger, raw",237.52,0.0,0.0
Angola,2015,"Ginger, raw",178.48,0.0,0.0
Angola,2016,"Ginger, raw",138.86,0.04,0.0
Angola,2017,"Ginger, raw",184.89,0.0,0.0
Angola,2018,"Ginger, raw",141.65,0.0,0.0
Angola,2019,"Ginger, raw",207.53,0.49,0.0
Angola,2020,"Ginger, raw",155.91,0.02,0.0
Angola,2021,"Ginger, raw",113.02,0.38,0.0
Angola,2022,"Ginger, raw",156.19,0.25,0.0
Angola,2023,"Ginger, raw",82.36,0.03,0.0
Antigua and Barbuda,2006,"Ginger, raw",23.0,0.0,0.0
Antigua and Barbuda,2007,"Ginger, raw",23.0,0.0,0.0
Antigua and Barbuda,2008,"Ginger, raw",21.0,0.0,0.0
Antigua and Barbuda,2009,"Ginger, raw",10.0,0.0,0.0
Antigua and Barbuda,2010,"Ginger, raw",8.0,0.0,0.0
Antigua and Barbuda,2011,"Ginger, raw",15.0,0.0,0.0
Antigua and Barbuda,2013,"Ginger, raw",43.0,0.0,0.0
Antigua and Barbuda,2014,"Ginger, raw",49.06,0.0,0.0
Antigua and Barbuda,2015,"Ginger, raw",44.96,0.0,0.0
Antigua and Barbuda,2017,"Ginger, raw",77.36,0.0,0.0
Antigua and Barbuda,2018,"Ginger, raw",91.01,0.0,0.0
Antigua and Barbuda,2019,"Ginger, raw",90.2,0.0,0.0
Antigua and Barbuda,2020,"Ginger, raw",82.61,0.0,0.0
Antigua and Barbuda,2021,"Ginger, raw",78.57,0.0,0.0
Antigua and Barbuda,2022,"Ginger, raw",64.94,0.0,0.0
Antigua and Barbuda,2023,"Ginger, raw",53.29,0.0,0.0
Argentina,1993,"Ginger, raw",13.0,0.0,0.0
Argentina,1995,"Ginger, raw",4.0,0.0,0.0
Argentina,1996,"Ginger, raw",13.0,0.0,0.0
Argentina,1997,"Ginger, raw",9.0,0.0,0.0
Argentina,1998,"Ginger, raw",18.0,0.0,0.0
Argentina,1999,"Ginger, raw",12.0,0.0,0.0
Argentina,2001,"Ginger, raw",23.0,0.0,0.0
Argentina,2002,"Ginger, raw",3.0,0.0,0.0
Argentina,2003,"Ginger, raw",22.0,0.0,0.0
Argentina,2004,"Ginger, raw",46.0,0.0,0.0
Argentina,2006,"Ginger, raw",110.0,0.0,0.0
Argentina,2007,"Ginger, raw",118.0,0.0,0.0
Argentina,2008,"Ginger, raw",108.0,0.0,0.0
Argentina,2009,"Ginger, raw",167.0,0.0,0.0
Argentina,2010,"Ginger, raw",145.0,1.0,0.0
Argentina,2011,"Ginger, raw",164.0,0.0,0.0
Argentina,2012,"Ginger, raw",172.0,0.0,0.0
Argentina,2013,"Ginger, raw",217.0,1.0,0.0
Argentina,2014,"Ginger, raw",101.99,0.25,0.0
Argentina,2015,"Ginger, raw",170.77,0.25,0.0
Argentina,2016,"Ginger, raw",330.01,0.0,0.0
Argentina,2017,"Ginger, raw",432.25,0.25,0.0
Argentina,2018,"Ginger, raw",1444.65,0.0,0.0
Argentina,2019,"Ginger, raw",1327.54,0.0,0.0
Argentina,2020,"Ginger, raw",2673.29,0.0,0.0
Argentina,2021,"Ginger, raw",2875.8,0.0,0.0
Argentina,2022,"Ginger, raw",2729.13,0.0,0.0
Armenia,2000,"Ginger, raw",0.0,0.0,0.0
Armenia,2001,"Ginger, raw",0.0,0.0,0.0
Armenia,2002,"Ginger, raw",1.0,0.0,0.0
Armenia,2003,"Ginger, raw",0.0,0.0,0.0
Armenia,2004,"Ginger, raw",0.0,0.0,0.0
Armenia,2005,"Ginger, raw",0.0,0.0,0.0
Armenia,2006,"Ginger, raw",0.0,0.0,0.0
Armenia,2007,"Ginger, raw",0.0,0.0,0.0
Armenia,2008,"Ginger, raw",0.0,0.0,0.0
Armenia,2009,"Ginger, raw",1.0,0.0,0.0
Armenia,2011,"Ginger, raw",1.0,0.0,0.0
Armenia,2012,"Ginger, raw",1.0,0.0,0.0
Armenia,2013,"Ginger, raw",1.0,0.0,0.0
Armenia,2014,"Ginger, raw",14.04,0.0,0.0
Armenia,2015,"Ginger, raw",2.11,0.0,0.0
Armenia,2017,"Ginger, raw",30.43,0.01,0.0
Armenia,2018,"Ginger, raw",63.92,0.06,0.0
Armenia,2019,"Ginger, raw",74.85,0.0,0.0
Armenia,2021,"Ginger, raw",76.03,0.06,0.0
Armenia,2022,"Ginger, raw",81.36,0.04,0.0
Armenia,2023,"Ginger, raw",81.57,5.14,0.0
Australia,1993,"Ginger, raw",134.0,324.0,0.0
Australia,1994,"Ginger, raw",153.0,385.0,0.0
Australia,1995,"Ginger, raw",200.0,199.0,0.0
Australia,1996,"Ginger, raw",185.0,283.0,0.0
Australia,1997,"Ginger, raw",220.0,401.0,0.0
Australia,1999,"Ginger, raw",259.0,142.0,0.0
Australia,2000,"Ginger, raw",266.0,111.0,0.0
Australia,2001,"Ginger, raw",326.0,136.0,0.0
Australia,2002,"Ginger, raw",881.0,196.0,0.0
Australia,2003,"Ginger, raw",784.0,187.0,0.0
Australia,2004,"Ginger, raw",777.0,183.0,0.0
Australia,2005,"Ginger, raw",772.0,224.0,0.0
Australia,2006,"Ginger, raw",869.0,185.0,0.0
Australia,2007,"Ginger, raw",663.0,210.0,0.0
Australia,2008,"Ginger, raw",722.0,161.0,0.0
Australia,2009,"Ginger, raw",655.0,160.0,0.0
Australia,2010,"Ginger, raw",686.0,141.0,0.0
Australia,2011,"Ginger, raw",833.0,95.0,0.0
Australia,2012,"Ginger, raw",600.0,138.0,0.0
Australia,2013,"Ginger, raw",542.0,83.0,0.0
Australia,2014,"Ginger, raw",511.44,84.97,0.0
Australia,2015,"Ginger, raw",793.89,178.63,0.0
Australia,2016,"Ginger, raw",838.33,85.28,0.0
Australia,2017,"Ginger, raw",686.54,221.21,0.0
Australia,2018,"Ginger, raw",798.09,210.88,0.0
Australia,2019,"Ginger, raw",708.03,68.49,0.0
Australia,2020,"Ginger, raw",1339.51,118.05,0.0
Australia,2021,"Ginger, raw",2161.51,53.24,0.0
Australia,2022,"Ginger, raw",1823.22,97.15,0.0
Austria,1993,"Ginger, raw",105.0,12.0,0.0
Austria,1994,"Ginger, raw",109.0,2.0,0.0
Austria,1995,"Ginger, raw",96.0,6.0,0.0
Austria,1996,"Ginger, raw",118.0,0.0,0.0
Austria,1997,"Ginger, raw",183.0,15.0,0.0
Austria,1998,"Ginger, raw",195.0,7.0,0.0
Austria,1999,"Ginger, raw",212.0,11.0,0.0
Austria,2000,"Ginger, raw",216.0,34.0,0.0
Austria,2001,"Ginger, raw",237.0,15.0,0.0
Austria,2002,"Ginger, raw",289.0,20.0,0.0
Austria,2003,"Ginger, raw",284.0,28.0,0.0
Austria,2004,"Ginger, raw",353.0,23.0,0.0
Austria,2005,"Ginger, raw",334.0,24.0,0.0
Austria,2006,"Ginger, raw",481.0,32.0,0.0
Austria,2007,"Ginger, raw",460.0,29.0,0.0
Austria,2008,"Ginger, raw",854.0,36.0,0.0
Austria,2010,"Ginger, raw",831.0,80.0,0.0
Austria,2011,"Ginger, raw",757.0,64.0,0.0
Austria,2012,"Ginger, raw",738.0,58.0,0.0
Austria,2013,"Ginger, raw",770.0,115.0,0.0
Austria,2014,"Ginger, raw",1450.75,315.08,0.0
Austria,2015,"Ginger, raw",1426.47,613.58,0.0
Austria,2016,"Ginger, raw",1894.01,947.38,0.0
Austria,2017,"Ginger, raw",2966.37,1692.91,0.0
Austria,2018,"Ginger, raw",2513.43,904.89,0.0
Austria,2019,"Ginger, raw",3016.14,1835.94,0.0
Austria,2020,"Ginger, raw",3060.88,793.98,0.0
Austria,2021,"Ginger, raw",2557.88,432.9,0.0
Austria,2022,"Ginger, raw",2373.63,347.16,0.0
Austria,2023,"Ginger, raw",2285.01,137.21,0.0
Azerbaijan,2001,"Ginger, raw",0.0,0.0,0.0
Azerbaijan,2002,"Ginger, raw",0.0,0.0,0.0
Azerbaijan,2003,"Ginger, raw",0.0,0.0,0.0
Azerbaijan,2004,"Ginger, raw",0.0,0.0,0.0
Azerbaijan,2005,"Ginger, raw",0.0,0.0,0.0
Azerbaijan,2006,"Ginger, raw",0.0,0.0,0.0
Azerbaijan,2007,"Ginger, raw",0.0,0.0,0.0
Azerbaijan,2008,"Ginger, raw",0.0,0.0,0.0
Azerbaijan,2009,"Ginger, raw",0.0,0.0,0.0
Azerbaijan,2010,"Ginger, raw",0.0,0.0,0.0
Azerbaijan,2011,"Ginger, raw",2.0,0.0,0.0
Azerbaijan,2012,"Ginger, raw",1.0,0.0,0.0
Azerbaijan,2013,"Ginger, raw",0.0,0.0,0.0
Azerbaijan,2014,"Ginger, raw",5.57,0.0,0.0
Azerbaijan,2015,"Ginger, raw",144.52,0.0,0.0
Azerbaijan,2016,"Ginger, raw",221.95,0.0,0.0
Azerbaijan,2017,"Ginger, raw",180.33,0.0,0.0
Azerbaijan,2018,"Ginger, raw",386.73,0.0,0.0
Azerbaijan,2019,"Ginger, raw",344.52,0.0,0.0
Azerbaijan,2022,"Ginger, raw",383.38,0.01,0.0
Azerbaijan,2023,"Ginger, raw",335.69,0.0,0.0
Bahamas,1997,"Ginger, raw",5.0,0.0,0.0
Bahamas,1998,"Ginger, raw",2.0,0.0,0.0
Bahamas,1999,"Ginger, raw",10.0,0.0,0.0
Bahamas,2000,"Ginger, raw",85.0,0.0,0.0
Bahamas,2001,"Ginger, raw",61.0,0.0,0.0
Bahamas,2002,"Ginger, raw",0.0,0.0,0.0
Bahamas,2003,"Ginger, raw",0.0,0.0,0.0
Bahamas,2004,"Ginger, raw",0.0,0.0,0.0
Bahamas,2005,"Ginger, raw",10.0,0.0,0.0
Bahamas,2006,"Ginger, raw",8.0,0.0,0.0
Bahamas,2007,"Ginger, raw",11.0,0.0,0.0
Bahamas,2008,"Ginger, raw",11.0,0.0,0.0
Bahamas,2009,"Ginger, raw",9.0,0.0,0.0
Bahamas,2010,"Ginger, raw",3.0,0.0,0.0
Bahamas,2011,"Ginger, raw",3.0,0.0,0.0
Bahamas,2012,"Ginger, raw",27.0,0.0,0.0
Bahamas,2013,"Ginger, raw",26.0,0.0,0.0
Bahamas,2014,"Ginger, raw",24.1,0.0,0.0
Bahamas,2015,"Ginger, raw",27.29,0.0,0.0
Bahamas,2016,"Ginger, raw",18.77,0.0,0.0
Bahamas,2017,"Ginger, raw",47.9,0.0,0.0
Bahamas,2018,"Ginger, raw",148.09,0.0,0.0
Bahamas,2019,"Ginger, raw",99.77,0.0,0.0
Bahamas,2021,"Ginger, raw",123.4,0.0,0.0
Bahamas,2022,"Ginger, raw",133.23,0.0,0.0
Bahamas,2023,"Ginger, raw",152.96,0.0,0.0
Bahrain,2000,"Ginger, raw",637.0,2.0,0.0
Bahrain,2002,"Ginger, raw",763.0,31.0,0.0
Bahrain,2003,"Ginger, raw",770.0,52.0,0.0
Bahrain,2004,"Ginger, raw",603.0,25.0,0.0
Bahrain,2006,"Ginger, raw",840.0,32.0,0.0
Bahrain,2007,"Ginger, raw",956.0,65.0,0.0
Bahrain,2008,"Ginger, raw",662.0,3.0,0.0
Bahrain,2009,"Ginger, raw",1278.0,34.0,0.0
Bahrain,2010,"Ginger, raw",1078.0,47.0,0.0
Bahrain,2011,"Ginger, raw",1695.0,71.0,0.0
Bahrain,2012,"Ginger, raw",1842.0,40.0,0.0
Bahrain,2013,"Ginger, raw",1710.0,46.0,0.0
Bahrain,2014,"Ginger, raw",1834.09,16.33,0.0
Bahrain,2015,"Ginger, raw",2278.78,27.51,0.0
Bahrain,2016,"Ginger, raw",2380.85,27.25,0.0
Bahrain,2017,"Ginger, raw",2786.51,15.47,0.0
Bahrain,2018,"Ginger, raw",2764.45,4.03,0.0
Bahrain,2019,"Ginger, raw",2394.66,4.58,0.0
Bahrain,2021,"Ginger, raw",2709.36,18.62,0.0
Bahrain,2022,"Ginger, raw",2956.02,21.48,0.0
Bahrain,2023,"Ginger, raw",2437.48,10.06,0.0
Bangladesh,1993,"Ginger, raw",525.0,0.0,41940.0
Bangladesh,1994,"Ginger, raw",1150.0,0.0,40000.0
Bangladesh,1996,"Ginger, raw",3993.0,0.0,39000.0
Bangladesh,1997,"Ginger, raw",2943.0,0.0,39000.0
Bangladesh,1998,"Ginger, raw",526.0,0.0,39000.0
Bangladesh,1999,"Ginger, raw",4800.0,0.0,38000.0
Bangladesh,2000,"Ginger, raw",5100.0,0.0,38000.0
Bangladesh,2001,"Ginger, raw",6700.0,0.0,42000.0
Bangladesh,2002,"Ginger, raw",8258.0,0.0,43000.0
Bangladesh,2003,"Ginger, raw",13710.0,0.0,42825.0
Bangladesh,2005,"Ginger, raw",8426.0,15.0,49405.0
Bangladesh,2006,"Ginger, raw",10116.0,0.0,57000.0
Bangladesh,2007,"Ginger, raw",15331.0,3.0,63325.0
Bangladesh,2008,"Ginger, raw",27120.0,2.0,77046.0
Bangladesh,2009,"Ginger, raw",49496.0,1.0,72608.0
Bangladesh,2010,"Ginger, raw",37585.0,10.0,74841.0
Bangladesh,2011,"Ginger, raw",47939.0,26.0,74380.0
Bangladesh,2012,"Ginger, raw",62860.0,199.0,72084.0
Bangladesh,2013,"Ginger, raw",69311.0,233.0,69000.0
Bangladesh,2014,"Ginger, raw",49979.71,298.94,77000.0
Bangladesh,2015,"Ginger, raw",66243.47,20.71,83004.0
Bangladesh,2016,"Ginger, raw",87234.99,36.12,77290.0
Bangladesh,2017,"Ginger, raw",71357.17,85.37,77478.0
Bangladesh,2018,"Ginger, raw",85083.92,48.37,79438.0
Bangladesh,2019,"Ginger, raw",111127.64,61.97,80234.0
Bangladesh,2020,"Ginger, raw",132604.43,13.13,84887.0
Bangladesh,2021,"Ginger, raw",159027.92,47.21,81715.0
Bangladesh,2022,"Ginger, raw",97977.31,182.46,82152.0
Bangladesh,2023,"Ginger, raw",68342.87,375.9,83726.0
Barbados,1993,"Ginger, raw",54.0,1.0,0.0
Barbados,1994,"Ginger, raw",39.0,1.0,0.0
Barbados,1995,"Ginger, raw",57.0,1.0,0.0
Barbados,1996,"Ginger, raw",48.0,0.0,0.0
Barbados,1997,"Ginger, raw",48.0,0.0,0.0
Barbados,1999,"Ginger, raw",57.0,0.0,0.0
Barbados,2000,"Ginger, raw",57.0,0.0,0.0
Barbados,2001,"Ginger, raw",61.0,0.0,0.0
Barbados,2002,"Ginger, raw",63.0,0.0,0.0
Barbados,2003,"Ginger, raw",64.0,0.0,0.0
Barbados,2004,"Ginger, raw",29.0,0.0,0.0
Barbados,2005,"Ginger, raw",70.0,0.0,0.0
Barbados,2006,"Ginger, raw",48.0,0.0,0.0
Barbados,2007,"Ginger, raw",47.0,0.0,0.0
Barbados,2009,"Ginger, raw",50.0,0.0,0.0
Barbados,2010,"Ginger, raw",70.0,0.0,0.0
Barbados,2011,"Ginger, raw",56.0,0.0,0.0
Barbados,2012,"Ginger, raw",59.0,0.0,0.0
Barbados,2013,"Ginger, raw",61.0,0.0,0.0
Barbados,2014,"Ginger, raw",62.07,0.0,0.0
Barbados,2015,"Ginger, raw",103.1,0.0,0.0
Barbados,2016,"Ginger, raw",74.23,0.0,0.0
Barbados,2018,"Ginger, raw",124.78,0.0,0.0
Barbados,2019,"Ginger, raw",105.34,0.0,0.0
Barbados,2020,"Ginger, raw",132.72,0.0,0.0
Barbados,2021,"Ginger, raw",175.08,0.0,0.0
Barbados,2022,"Ginger, raw",158.5,0.0,0.0
Barbados,2023,"Ginger, raw",115.65,0.0,0.0
Belarus,1999,"Ginger, raw",3.0,1.0,0.0
Belarus,2000,"Ginger, raw",3.0,1.0,0.0
Belarus,2001,"Ginger, raw",3.0,0.0,0.0
Belarus,2002,"Ginger, raw",2.0,0.0,0.0
Belarus,2003,"Ginger, raw",2.0,0.0,0.0
Belarus,2004,"Ginger, raw",3.0,0.0,0.0
Belarus,2005,"Ginger, raw",3.0,0.0,0.0
Belarus,2006,"Ginger, raw",5.0,0.0,0.0
Belarus,2007,"Ginger, raw",5.0,0.0,0.0
Belarus,2008,"Ginger, raw",15.0,0.0,0.0
Belarus,2009,"Ginger, raw",42.0,0.0,0.0
Belarus,2010,"Ginger, raw",55.0,0.0,0.0
Belarus,2011,"Ginger, raw",97.0,4.0,0.0
Belarus,2012,"Ginger, raw",175.0,0.0,0.0
Belarus,2013,"Ginger, raw",307.0,9.0,0.0
Belarus,2014,"Ginger, raw",438.31,142.16,0.0
Belarus,2015,"Ginger, raw",1535.74,1146.53,0.0
Belarus,2016,"Ginger, raw",734.35,146.21,0.0
Belarus,2017,"Ginger, raw",958.19,341.94,0.0
Belarus,2018,"Ginger, raw",2276.01,1706.98,0.0
Belarus,2019,"Ginger, raw",3041.81,2548.32,0.0
Belarus,2020,"Ginger, raw",2264.58,1654.2,0.0
Belarus,2021,"Ginger, raw",1607.47,1210.99,0.0
Belarus,2022,"Ginger, raw",1365.42,0.05,0.0
Belarus,2023,"Ginger, raw",1293.95,0.04,0.0
Belgium,2000,"Ginger, raw",220.0,125.0,0.0
Belgium,2001,"Ginger, raw",417.0,249.0,0.0
Belgium,2002,"Ginger, raw",584.0,476.0,0.0
Belgium,2003,"Ginger, raw",459.0,253.0,0.0
Belgium,2004,"Ginger, raw",637.0,405.0,0.0
Belgium,2005,"Ginger, raw",717.0,498.0,0.0
Belgium,2006,"Ginger, raw",836.0,520.0,0.0
Belgium,2007,"Ginger, raw",660.0,435.0,0.0
Belgium,2008,"Ginger, raw",820.0,588.0,0.0
Belgium,2009,"Ginger, raw",1003.0,721.0,0.0
Belgium,2010,"Ginger, raw",877.0,542.0,0.0
Belgium,2011,"Ginger, raw",1052.0,590.0,0.0
Belgium,2012,"Ginger, raw",1410.0,888.0,0.0
Belgium,2013,"Ginger, raw",1622.0,1074.0,0.0
Belgium,2014,"Ginger, raw",2455.11,988.06,0.0
Belgium,2015,"Ginger, raw",2570.98,1208.08,0.0
Belgium,2016,"Ginger, raw",1706.53,892.56,0.0
Belgium,2017,"Ginger, raw",2587.44,1181.07,0.0
Belgium,2018,"Ginger, raw",2175.99,925.45,0.0
Belgium,2019,"Ginger, raw",2477.3,953.76,0.0
Belgium,2020,"Ginger, raw",2823.96,1155.12,0.0
Belgium,2021,"Ginger, raw",3616.47,1403.73,0.0
Belgium,2022,"Ginger, raw",2987.42,1269.75,0.0
Belgium,2023,"Ginger, raw",3146.32,1761.81,0.0
Belgium-Luxembourg,1993,"Ginger, raw",125.0,45.0,0.0
Belgium-Luxembourg,1994,"Ginger, raw",120.0,65.0,0.0
Belgium-Luxembourg,1995,"Ginger, raw",149.0,42.0,0.0
Belgium-Luxembourg,1996,"Ginger, raw",146.0,14.0,0.0
Belgium-Luxembourg,1998,"Ginger, raw",357.0,208.0,0.0
Belgium-Luxembourg,1999,"Ginger, raw",218.0,99.0,0.0
Belize,1994,"Ginger, raw",1.0,0.0,0.0
Belize,1996,"Ginger, raw",0.0,0.0,0.0
Belize,1997,"Ginger, raw",1.0,0.0,0.0
Belize,1998,"Ginger, raw",0.0,0.0,0.0
Belize,1999,"Ginger, raw",0.0,0.0,0.0
Belize,2000,"Ginger, raw",1.0,0.0,0.0
Belize,2001,"Ginger, raw",0.0,0.0,0.0
Belize,2002,"Ginger, raw",1.0,0.0,0.0
Belize,2004,"Ginger, raw",0.0,0.0,0.0
Belize,2006,"Ginger, raw",1.0,0.0,0.0
Belize,2007,"Ginger, raw",1.0,0.0,0.0
Belize,2008,"Ginger, raw",1.0,0.0,0.0
Belize,2009,"Ginger, raw",1.0,0.0,0.0
Belize,2010,"Ginger, raw",1.0,0.0,0.0
Belize,2011,"Ginger, raw",1.0,0.0,0.0
Belize,2012,"Ginger, raw",1.0,0.0,0.0
Belize,2013,"Ginger, raw",1.0,0.0,0.0
Belize,2015,"Ginger, raw",3.0,0.0,0.0
Belize,2016,"Ginger, raw",2.0,0.0,0.0
Belize,2017,"Ginger, raw",1.0,0.0,0.0
Belize,2020,"Ginger, raw",0.05,0.02,91.0
Belize,2021,"Ginger, raw",0.41,0.0,85.0
Belize,2022,"Ginger, raw",0.26,0.01,78.0
Belize,2023,"Ginger, raw",0.09,0.0,81.0
Benin,1994,"Ginger, raw",0.0,0.0,0.0
Benin,1995,"Ginger, raw",0.0,0.0,0.0
Benin,1997,"Ginger, raw",0.0,0.0,0.0
Benin,2000,"Ginger, raw",0.0,0.0,0.0
Benin,2001,"Ginger, raw",0.0,0.0,0.0
Benin,2002,"Ginger, raw",0.0,0.0,0.0
Benin,2003,"Ginger, raw",0.0,0.0,0.0
Benin,2004,"Ginger, raw",1.0,4.0,0.0
Benin,2005,"Ginger, raw",1.0,12.0,0.0
Benin,2006,"Ginger, raw",3.0,389.0,0.0
Benin,2008,"Ginger, raw",197.0,372.0,0.0
Benin,2009,"Ginger, raw",139.0,150.0,0.0
Benin,2010,"Ginger, raw",153.0,76.0,0.0
Benin,2012,"Ginger, raw",159.0,108.0,0.0
Benin,2013,"Ginger, raw",160.0,291.0,0.0
Benin,2014,"Ginger, raw",180.26,284.88,0.0
Benin,2015,"Ginger, raw",198.35,0.0,0.0
Benin,2016,"Ginger, raw",404.2,10.0,0.0
Benin,2017,"Ginger, raw",363.79,111.58,0.0
Benin,2019,"Ginger, raw",1199.06,0.0,0.0
Benin,2021,"Ginger, raw",665.93,0.2,0.0
Benin,2022,"Ginger, raw",508.46,0.0,0.0
Benin,2023,"Ginger, raw",551.01,0.0,0.0
Bhutan,1994,"Ginger, raw",1.0,858.0,4269.78
Bhutan,1995,"Ginger, raw",1.0,750.0,4324.73
Bhutan,1996,"Ginger, raw",1.0,1000.0,4379.68
Bhutan,1997,"Ginger, raw",2.0,1151.0,4434.63
Bhutan,1998,"Ginger, raw",2.0,600.0,4489.58
Bhutan,2000,"Ginger, raw",2.0,600.0,4336.79
Bhutan,2001,"Ginger, raw",2.0,600.0,4100.0
Bhutan,2002,"Ginger, raw",2.0,600.0,4400.0
Bhutan,2003,"Ginger, raw",2.0,600.0,5000.0
Bhutan,2004,"Ginger, raw",2.0,600.0,6225.0
Bhutan,2005,"Ginger, raw",2.0,600.0,6901.0
Bhutan,2006,"Ginger, raw",2.0,600.0,7571.0
Bhutan,2007,"Ginger, raw",2.0,600.0,9870.0
Bhutan,2008,"Ginger, raw",2.0,600.0,7600.0
Bhutan,2009,"Ginger, raw",2.0,600.0,3766.0
Bhutan,2010,"Ginger, raw",5.0,1108.0,4074.0
Bhutan,2011,"Ginger, raw",5.0,1108.0,4566.0
Bhutan,2012,"Ginger, raw",2.0,448.0,5014.0
Bhutan,2013,"Ginger, raw",2.0,448.0,3405.0
Bhutan,2017,"Ginger, raw",0.71,0.0,6445.0
Bhutan,2019,"Ginger, raw",0.05,0.0,6209.18
Bhutan,2020,"Ginger, raw",2.91,0.0,8890.06
Bhutan,2021,"Ginger, raw",1.66,0.11,7153.99
Bhutan,2022,"Ginger, raw",5.45,685.87,3710.59
Bhutan,2023,"Ginger, raw",4.63,555.33,3076.03
Bolivia (Plurinational State of),1993,"Ginger, raw",0.0,0.0,0.0
Bolivia (Plurinational State of),1994,"Ginger, raw",0.0,0.0,0.0
Bolivia (Plurinational State of),1995,"Ginger, raw",0.0,0.0,0.0
Bolivia (Plurinational State of),1996,"Ginger, raw",0.0,0.0,0.0
Bolivia (Plurinational State of),1997,"Ginger, raw",0.0,0.0,0.0
Bolivia (Plurinational State of),1999,"Ginger, raw",0.18,0.0,0.0
Bolivia (Plurinational State of),2000,"Ginger, raw",0.16,0.0,0.0
Bolivia (Plurinational State of),2001,"Ginger, raw",0.0,0.0,0.0
Bolivia (Plurinational State of),2002,"Ginger, raw",0.0,0.0,0.0
Bolivia (Plurinational State of),2003,"Ginger, raw",0.0,0.0,0.0
Bolivia (Plurinational State of),2004,"Ginger, raw",0.0,0.0,0.0
Bolivia (Plurinational State of),2005,"Ginger, raw",0.0,0.0,0.0
Bolivia (Plurinational State of),2006,"Ginger, raw",0.0,0.0,0.0
Bolivia (Plurinational State of),2007,"Ginger, raw",0.0,0.0,0.0
Bolivia (Plurinational State of),2008,"Ginger, raw",0.0,0.0,0.0
Bolivia (Plurinational State of),2009,"Ginger, raw",1.0,0.0,0.0
Bolivia (Plurinational State of),2010,"Ginger, raw",1.0,0.0,0.0
Bolivia (Plurinational State of),2011,"Ginger, raw",1.0,0.0,0.0
Bolivia (Plurinational State of),2012,"Ginger, raw",1.0,0.0,0.0
Bolivia (Plurinational State of),2013,"Ginger, raw",1.0,0.0,0.0
Bolivia (Plurinational State of),2014,"Ginger, raw",0.93,0.0,0.0
Bolivia (Plurinational State of),2015,"Ginger, raw",0.98,0.0,0.0
Bolivia (Plurinational State of),2017,"Ginger, raw",1.4,0.0,0.0
Bolivia (Plurinational State of),2018,"Ginger, raw",1.51,0.0,0.0
Bolivia (Plurinational State of),2019,"Ginger, raw",1.06,0.0,0.0
Bolivia (Plurinational State of),2020,"Ginger, raw",2.12,0.0,0.0
Bolivia (Plurinational State of),2021,"Ginger, raw",2.26,0.0,0.0
Bolivia (Plurinational State of),2022,"Ginger, raw",2.18,0.0,0.0
Bosnia and Herzegovina,2003,"Ginger, raw",1.0,0.0,0.0
Bosnia and Herzegovina,2004,"Ginger, raw",1.0,0.0,0.0
Bosnia and Herzegovina,2005,"Ginger, raw",3.0,0.0,0.0
Bosnia and Herzegovina,2006,"Ginger, raw",5.0,0.0,0.0
Bosnia and Herzegovina,2007,"Ginger, raw",9.0,0.0,0.0
Bosnia and Herzegovina,2008,"Ginger, raw",11.0,0.0,0.0
Bosnia and Herzegovina,2009,"Ginger, raw",14.0,0.0,0.0
Bosnia and Herzegovina,2010,"Ginger, raw",17.0,0.0,0.0
Bosnia and Herzegovina,2011,"Ginger, raw",17.0,2.0,0.0
Bosnia and Herzegovina,2012,"Ginger, raw",33.0,0.0,0.0
Bosnia and Herzegovina,2013,"Ginger, raw",118.0,0.0,0.0
Bosnia and Herzegovina,2014,"Ginger, raw",141.26,4.0,0.0
Bosnia and Herzegovina,2016,"Ginger, raw",292.44,0.08,0.0
Bosnia and Herzegovina,2017,"Ginger, raw",246.91,0.07,0.0
Bosnia and Herzegovina,2018,"Ginger, raw",286.4,0.69,0.0
Bosnia and Herzegovina,2019,"Ginger, raw",224.84,1.25,0.0
Bosnia and Herzegovina,2020,"Ginger, raw",321.61,2.98,0.0
Bosnia and Herzegovina,2021,"Ginger, raw",267.75,5.09,0.0
Bosnia and Herzegovina,2023,"Ginger, raw",189.21,4.93,0.0
Botswana,1993,"Ginger, raw",38.0,0.0,0.0
Botswana,1994,"Ginger, raw",51.0,0.0,0.0
Botswana,1995,"Ginger, raw",152.0,0.0,0.0
Botswana,1996,"Ginger, raw",55.0,0.0,0.0
Botswana,1997,"Ginger, raw",98.0,0.0,0.0
Botswana,1998,"Ginger, raw",113.0,0.0,0.0
Botswana,1999,"Ginger, raw",174.0,0.0,0.0
Botswana,2000,"Ginger, raw",83.0,0.0,0.0
Botswana,2001,"Ginger, raw",50.0,0.0,0.0
Botswana,2003,"Ginger, raw",44.0,0.0,0.0
Botswana,2004,"Ginger, raw",0.0,0.0,0.0
Botswana,2005,"Ginger, raw",0.0,0.0,0.0
Botswana,2006,"Ginger, raw",10.0,0.0,0.0
Botswana,2007,"Ginger, raw",102.0,0.0,0.0
Botswana,2008,"Ginger, raw",124.0,0.0,0.0
Botswana,2011,"Ginger, raw",141.0,0.0,0.0
Botswana,2012,"Ginger, raw",76.0,0.0,0.0
Botswana,2013,"Ginger, raw",65.0,0.0,0.0
Botswana,2015,"Ginger, raw",84.9,0.0,0.0
Botswana,2016,"Ginger, raw",130.56,0.02,0.0
Botswana,2017,"Ginger, raw",204.66,0.02,0.0
Botswana,2018,"Ginger, raw",119.73,0.32,0.0
Botswana,2020,"Ginger, raw",260.58,0.01,0.0
Botswana,2022,"Ginger, raw",76.55,31.53,0.0
Botswana,2023,"Ginger, raw",125.6,0.03,0.0
Brazil,1993,"Ginger, raw",1.0,6877.0,0.0
Brazil,1994,"Ginger, raw",8.0,6722.0,0.0
Brazil,1995,"Ginger, raw",42.0,6278.0,0.0
Brazil,1996,"Ginger, raw",23.0,5033.0,0.0
Brazil,1997,"Ginger, raw",41.0,5970.0,0.0
Brazil,1998,"Ginger, raw",40.0,7874.0,0.0
Brazil,1999,"Ginger, raw",58.0,8558.0,0.0
Brazil,2000,"Ginger, raw",22.05,7741.33,0.0
Brazil,2001,"Ginger, raw",27.0,9883.0,0.0
Brazil,2002,"Ginger, raw",37.0,5844.0,0.0
Brazil,2003,"Ginger, raw",57.0,5107.0,0.0
Brazil,2004,"Ginger, raw",50.0,6002.0,0.0
Brazil,2005,"Ginger, raw",77.0,9106.0,0.0
Brazil,2006,"Ginger, raw",63.0,7070.0,0.0
Brazil,2008,"Ginger, raw",86.0,3865.0,0.0
Brazil,2009,"Ginger, raw",64.0,3952.0,0.0
Brazil,2010,"Ginger, raw",69.0,6212.0,0.0
Brazil,2011,"Ginger, raw",99.0,6668.0,0.0
Brazil,2012,"Ginger, raw",128.0,4480.0,0.0
Brazil,2013,"Ginger, raw",201.0,5220.0,0.0
Brazil,2014,"Ginger, raw",359.86,3692.13,0.0
Brazil,2015,"Ginger, raw",681.73,7587.82,0.0
Brazil,2016,"Ginger, raw",595.02,8847.31,0.0
Brazil,2017,"Ginger, raw",597.64,5638.67,0.0
Brazil,2018,"Ginger, raw",274.46,15326.27,0.0
Brazil,2019,"Ginger, raw",490.9,22095.1,0.0
Brazil,2020,"Ginger, raw",760.35,31712.69,0.0
Brazil,2021,"Ginger, raw",378.82,41870.65,0.0
Brazil,2022,"Ginger, raw",403.62,34439.91,0.0
Brazil,2023,"Ginger, raw",425.64,32257.91,0.0
Brunei Darussalam,1993,"Ginger, raw",380.0,2.0,0.0
Brunei Darussalam,1994,"Ginger, raw",191.0,2.0,0.0
Brunei Darussalam,1995,"Ginger, raw",382.0,2.0,0.0
Brunei Darussalam,1996,"Ginger, raw",340.0,2.0,0.0
Brunei Darussalam,1997,"Ginger, raw",297.0,0.0,0.0
Brunei Darussalam,1999,"Ginger, raw",370.0,0.0,0.0
Brunei Darussalam,2000,"Ginger, raw",360.0,0.0,0.0
Brunei Darussalam,2001,"Ginger, raw",460.0,0.0,0.0
Brunei Darussalam,2002,"Ginger, raw",472.0,0.0,0.0
Brunei Darussalam,2003,"Ginger, raw",481.0,0.0,0.0
Brunei Darussalam,2004,"Ginger, raw",584.0,0.0,0.0
Brunei Darussalam,2005,"Ginger, raw",708.0,0.0,0.0
Brunei Darussalam,2006,"Ginger, raw",444.0,0.0,0.0
Brunei Darussalam,2007,"Ginger, raw",338.0,0.0,0.0
Brunei Darussalam,2008,"Ginger, raw",262.0,0.0,0.0
Brunei Darussalam,2009,"Ginger, raw",246.0,0.0,0.0
Brunei Darussalam,2010,"Ginger, raw",158.0,0.0,0.0
Brunei Darussalam,2011,"Ginger, raw",150.0,0.0,0.0
Brunei Darussalam,2012,"Ginger, raw",263.0,0.0,0.0
Brunei Darussalam,2013,"Ginger, raw",1095.0,3.0,0.0
Brunei Darussalam,2015,"Ginger, raw",1142.85,3.41,0.0
Brunei Darussalam,2016,"Ginger, raw",1045.74,12.69,0.0
Brunei Darussalam,2017,"Ginger, raw",884.49,0.56,0.0
Brunei Darussalam,2018,"Ginger, raw",773.86,0.28,0.0
Brunei Darussalam,2019,"Ginger, raw",996.96,0.0,0.0
Brunei Darussalam,2020,"Ginger, raw",1096.65,0.0,0.0
Brunei Darussalam,2021,"Ginger, raw",1760.75,0.0,0.0
Brunei Darussalam,2022,"Ginger, raw",2464.98,0.0,0.0
Bulgaria,1994,"Ginger, raw",5.0,0.0,0.0
Bulgaria,1995,"Ginger, raw",0.0,0.0,0.0
Bulgaria,1996,"Ginger, raw",2.0,0.0,0.0
Bulgaria,1997,"Ginger, raw",7.0,0.0,0.0
Bulgaria,1998,"Ginger, raw",7.0,0.0,0.0
Bulgaria,1999,"Ginger, raw",7.0,0.0,0.0
Bulgaria,2000,"Ginger, raw",7.0,0.0,0.0
Bulgaria,2001,"Ginger, raw",6.0,0.0,0.0
Bulgaria,2002,"Ginger, raw",6.0,0.0,0.0
Bulgaria,2003,"Ginger, raw",13.0,0.0,0.0
Bulgaria,2004,"Ginger, raw",8.0,0.0,0.0
Bulgaria,2005,"Ginger, raw",10.0,0.0,0.0
Bulgaria,2006,"Ginger, raw",20.0,1.0,0.0
Bulgaria,2007,"Ginger, raw",25.0,0.0,0.0
Bulgaria,2008,"Ginger, raw",30.0,1.0,0.0
Bulgaria,2009,"Ginger, raw",38.0,0.0,0.0
Bulgaria,2010,"Ginger, raw",33.0,0.0,0.0
Bulgaria,2011,"Ginger, raw",70.0,1.0,0.0
Bulgaria,2012,"Ginger, raw",74.0,7.0,0.0
Bulgaria,2013,"Ginger, raw",213.0,5.0,0.0
Bulgaria,2014,"Ginger, raw",184.3,6.2,0.0
Bulgaria,2015,"Ginger, raw",243.89,13.26,0.0
Bulgaria,2016,"Ginger, raw",446.99,23.39,0.0
Bulgaria,2017,"Ginger, raw",417.78,36.41,0.0
Bulgaria,2018,"Ginger, raw",597.02,49.36,0.0
Bulgaria,2019,"Ginger, raw",683.11,29.7,0.0
Bulgaria,2021,"Ginger, raw",931.49,65.86,0.0
Bulgaria,2022,"Ginger, raw",857.36,43.17,0.0
Bulgaria,2023,"Ginger, raw",878.82,30.89,0.0
Burkina Faso,1994,"Ginger, raw",12.0,0.0,0.0
Burkina Faso,1995,"Ginger, raw",0.0,0.0,0.0
Burkina Faso,1996,"Ginger, raw",4.0,0.0,0.0
Burkina Faso,1997,"Ginger, raw",118.0,0.0,0.0
Burkina Faso,1998,"Ginger, raw",121.0,0.0,0.0
Burkina Faso,2000,"Ginger, raw",211.0,0.0,0.0
Burkina Faso,2001,"Ginger, raw",158.0,0.0,0.0
Burkina Faso,2002,"Ginger, raw",128.0,0.0,0.0
Burkina Faso,2003,"Ginger, raw",177.0,0.0,0.0
Burkina Faso,2004,"Ginger, raw",186.0,0.0,0.0
Burkina Faso,2005,"Ginger, raw",50.0,0.0,0.0
Burkina Faso,2006,"Ginger, raw",0.0,0.0,0.0
Burkina Faso,2007,"Ginger, raw",0.0,0.0,0.0
Burkina Faso,2008,"Ginger, raw",0.0,0.0,0.0
Burkina Faso,2010,"Ginger, raw",91.0,0.0,0.0
Burkina Faso,2012,"Ginger, raw",120.0,23.0,0.0
Burkina Faso,2013,"Ginger, raw",75.0,30.0,0.0
Burkina Faso,2014,"Ginger, raw",114.3,116.9,0.0
Burkina Faso,2015,"Ginger, raw",77.03,2.87,0.0
Burkina Faso,2016,"Ginger, raw",682.95,37.15,0.0
Burkina Faso,2017,"Ginger, raw",781.1,105.45,0.0
Burkina Faso,2018,"Ginger, raw",913.79,128.42,0.0
Burkina Faso,2019,"Ginger, raw",352.47,94.95,0.0
Burkina Faso,2020,"Ginger, raw",651.65,155.78,0.0
Burkina Faso,2021,"Ginger, raw",874.8,124.38,0.0
Burkina Faso,2022,"Ginger, raw",534.85,150.91,0.0
Burkina Faso,2023,"Ginger, raw",554.84,115.36,0.0
Burundi,1998,"Ginger, raw",0.0,0.0,0.0
Burundi,1999,"Ginger, raw",0.0,0.0,0.0
Burundi,2000,"Ginger, raw",0.02,0.0,0.0
Burundi,2001,"Ginger, raw",1.0,0.0,0.0
Burundi,2002,"Ginger, raw",0.0,0.0,0.0
Burundi,2003,"Ginger, raw",0.0,0.0,0.0
Burundi,2004,"Ginger, raw",1.0,0.0,0.0
Burundi,2005,"Ginger, raw",0.0,0.0,0.0
Burundi,2006,"Ginger, raw",0.0,0.0,0.0
Burundi,2007,"Ginger, raw",0.0,0.0,0.0
Burundi,2008,"Ginger, raw",0.0,0.0,0.0
Burundi,2009,"Ginger, raw",0.0,0.0,0.0
Burundi,2010,"Ginger, raw",0.0,0.0,0.0
Burundi,2011,"Ginger, raw",0.0,0.0,0.0
Burundi,2012,"Ginger, raw",1.0,0.0,0.0
Burundi,2013,"Ginger, raw",1.0,0.0,0.0
Burundi,2014,"Ginger, raw",1.08,0.0,0.0
Burundi,2015,"Ginger, raw",1.32,0.0,0.0
Burundi,2017,"Ginger, raw",9.11,0.04,0.0
Burundi,2018,"Ginger, raw",289.66,0.0,0.0
Burundi,2019,"Ginger, raw",599.66,0.0,0.0
Burundi,2020,"Ginger, raw",1157.87,0.03,0.0
Burundi,2023,"Ginger, raw",600.48,0.05,0.0
Cabo Verde,2006,"Ginger, raw",1.0,0.0,0.0
Cabo Verde,2007,"Ginger, raw",2.0,0.0,0.0
Cabo Verde,2008,"Ginger, raw",2.0,0.0,0.0
Cabo Verde,2009,"Ginger, raw",3.0,0.0,0.0
Cabo Verde,2010,"Ginger, raw",3.0,0.0,0.0
Cabo Verde,2011,"Ginger, raw",3.0,0.0,0.0
Cabo Verde,2012,"Ginger, raw",3.0,0.0,0.0
Cabo Verde,2013,"Ginger, raw",6.0,0.0,0.0
Cabo Verde,2014,"Ginger, raw",8.51,0.0,0.0
Cabo Verde,2015,"Ginger, raw",14.51,0.0,0.0
Cabo Verde,2016,"Ginger, raw",21.89,0.0,0.0
Cabo Verde,2017,"Ginger, raw",20.11,0.0,0.0
Cabo Verde,2018,"Ginger, raw",21.24,0.0,0.0
Cabo Verde,2019,"Ginger, raw",24.27,0.0,0.0
Cabo Verde,2021,"Ginger, raw",17.76,0.0,0.0
Cabo Verde,2022,"Ginger, raw",18.8,0.0,0.0
Cabo Verde,2023,"Ginger, raw",39.82,0.0,0.0
Cambodia,2001,"Ginger, raw",1.0,7.0,0.0
Cambodia,2003,"Ginger, raw",0.0,0.0,0.0
Cambodia,2004,"Ginger, raw",1.0,0.0,0.0
Cambodia,2005,"Ginger, raw",0.0,0.0,0.0
Cambodia,2006,"Ginger, raw",0.0,0.0,0.0
Cambodia,2007,"Ginger, raw",0.0,0.0,0.0
Cambodia,2008,"Ginger, raw",0.0,0.0,0.0
Cambodia,2009,"Ginger, raw",0.0,0.0,0.0
Cambodia,2010,"Ginger, raw",2.0,0.0,0.0
Cambodia,2012,"Ginger, raw",2.0,0.0,0.0
Cambodia,2013,"Ginger, raw",0.0,0.0,0.0
Cambodia,2014,"Ginger, raw",144.52,0.0,0.0
Cambodia,2016,"Ginger, raw",2.06,0.04,0.0
Cambodia,2017,"Ginger, raw",38.53,0.0,0.0
Cambodia,2018,"Ginger, raw",1.8,0.0,0.0
Cambodia,2019,"Ginger, raw",0.09,1.0,0.0
Cambodia,2021,"Ginger, raw",1.44,0.35,0.0
Cambodia,2022,"Ginger, raw",0.13,8.57,0.0
Cambodia,2023,"Ginger, raw",3.11,22.26,0.0
Cameroon,1993,"Ginger, raw",1.0,0.0,2000.0
Cameroon,1994,"Ginger, raw",0.0,0.0,2500.0
Cameroon,1995,"Ginger, raw",1.0,0.0,3000.0
Cameroon,1996,"Ginger, raw",0.0,8.0,4000.0
Cameroon,1997,"Ginger, raw",0.0,8.0,5000.0
Cameroon,1998,"Ginger, raw",0.0,19.0,6000.0
Cameroon,2000,"Ginger, raw",1.0,2.0,7430.0
Cameroon,2001,"Ginger, raw",5.0,6.0,7593.0
Cameroon,2002,"Ginger, raw",1.0,22.0,7434.0
Cameroon,2003,"Ginger, raw",1.0,4.0,7931.0
Cameroon,2004,"Ginger, raw",0.0,11.0,8106.0
Cameroon,2005,"Ginger, raw",0.0,6.0,8284.0
Cameroon,2006,"Ginger, raw",0.0,0.0,11336.0
Cameroon,2007,"Ginger, raw",0.0,13.0,11960.0
Cameroon,2008,"Ginger, raw",0.0,65.0,12584.0
Cameroon,2009,"Ginger, raw",0.0,49.0,33086.0
Cameroon,2010,"Ginger, raw",0.0,69.0,39342.0
Cameroon,2011,"Ginger, raw",0.0,36.0,40531.0
Cameroon,2012,"Ginger, raw",1.0,7.0,44990.0
Cameroon,2013,"Ginger, raw",1.0,38.0,48960.0
Cameroon,2014,"Ginger, raw",0.72,139.96,51039.0
Cameroon,2015,"Ginger, raw",1.07,107.91,55428.0
Cameroon,2017,"Ginger, raw",3.19,21.7,44990.0
Cameroon,2018,"Ginger, raw",1.75,9.74,49940.0
Cameroon,2019,"Ginger, raw",1.45,25.15,51039.0
Cameroon,2020,"Ginger, raw",12.64,46.87,55428.0
Cameroon,2022,"Ginger, raw",0.04,267.49,52253.14
Cameroon,2023,"Ginger, raw",2.32,201.66,51763.48
Canada,1994,"Ginger, raw",3509.0,49.0,0.0
Canada,1995,"Ginger, raw",3596.0,16.0,0.0
Canada,1996,"Ginger, raw",3700.0,37.0,0.0
Canada,1997,"Ginger, raw",4332.0,18.0,0.0
Canada,1998,"Ginger, raw",4953.0,32.0,0.0
Canada,1999,"Ginger, raw",4605.0,77.0,0.0
Canada,2000,"Ginger, raw",4679.78,146.78,0.0
Canada,2001,"Ginger, raw",5376.0,78.0,0.0
Canada,2002,"Ginger, raw",4251.0,96.0,0.0
Canada,2003,"Ginger, raw",3269.0,213.0,0.0
Canada,2004,"Ginger, raw",6855.0,466.0,0.0
Canada,2005,"Ginger, raw",7625.0,308.0,0.0
Canada,2006,"Ginger, raw",8360.0,204.0,0.0
Canada,2007,"Ginger, raw",8783.0,281.0,0.0
Canada,2009,"Ginger, raw",10156.0,232.0,0.0
Canada,2010,"Ginger, raw",9549.0,69.0,0.0
Canada,2011,"Ginger, raw",11404.0,175.0,0.0
Canada,2012,"Ginger, raw",12757.0,25.0,0.0
Canada,2013,"Ginger, raw",11927.0,74.0,0.0
Canada,2014,"Ginger, raw",12475.33,81.56,0.0
Canada,2015,"Ginger, raw",13702.53,64.63,0.0
Canada,2016,"Ginger, raw",14498.9,34.95,0.0
Canada,2017,"Ginger, raw",15979.93,102.01,0.0
Canada,2018,"Ginger, raw",17332.86,117.25,0.0
Canada,2019,"Ginger, raw",18155.17,348.51,0.0
Canada,2020,"Ginger, raw",20157.04,261.67,0.0
Canada,2021,"Ginger, raw",21246.53,134.54,0.0
Canada,2022,"Ginger, raw",21251.35,196.97,0.0
Canada,2023,"Ginger, raw",19480.75,195.58,0.0
Central African Republic,2015,"Ginger, raw",44.06,0.0,0.0
Central African Republic,2022,"Ginger, raw",70.97,0.0,0.0
Central African Republic,2023,"Ginger, raw",68.06,0.0,0.0
Chad,2014,"Ginger, raw",59.24,0.0,0.0
Chad,2015,"Ginger, raw",0.03,0.0,0.0
Chad,2016,"Ginger, raw",0.0,30.13,0.0
Chad,2019,"Ginger, raw",2.84,0.0,0.0
Chad,2020,"Ginger, raw",2.54,0.0,0.0
Chad,2021,"Ginger, raw",0.1,2.0,0.0
Chad,2022,"Ginger, raw",0.06,0.0,0.0
Chad,2023,"Ginger, raw",0.0,0.0,0.0
Chile,1993,"Ginger, raw",11.0,0.0,0.0
Chile,1994,"Ginger, raw",12.0,0.0,0.0
Chile,1995,"Ginger, raw",14.0,1.0,0.0
Chile,1996,"Ginger, raw",18.0,1.0,0.0
Chile,1997,"Ginger, raw",18.0,0.0,0.0
Chile,1998,"Ginger, raw",10.0,0.0,0.0
Chile,1999,"Ginger, raw",5.42,0.22,0.0
Chile,2000,"Ginger, raw",11.74,0.13,0.0
Chile,2001,"Ginger, raw",8.0,0.0,0.0
Chile,2003,"Ginger, raw",17.0,0.0,0.0
Chile,2004,"Ginger, raw",71.0,0.0,0.0
Chile,2005,"Ginger, raw",97.0,0.0,0.0
Chile,2006,"Ginger, raw",101.0,0.0,0.0
Chile,2007,"Ginger, raw",109.0,0.0,0.0
Chile,2008,"Ginger, raw",115.0,0.0,0.0
Chile,2009,"Ginger, raw",137.0,0.0,0.0
Chile,2010,"Ginger, raw",147.0,0.0,0.0
Chile,2011,"Ginger, raw",189.0,0.0,0.0
Chile,2012,"Ginger, raw",231.0,0.0,0.0
Chile,2013,"Ginger, raw",268.0,0.0,0.0
Chile,2014,"Ginger, raw",448.02,0.03,0.0
Chile,2015,"Ginger, raw",879.18,0.38,0.0
Chile,2016,"Ginger, raw",1507.2,0.06,0.0
Chile,2017,"Ginger, raw",1746.81,0.47,0.0
Chile,2018,"Ginger, raw",1370.99,0.76,0.0
Chile,2019,"Ginger, raw",1435.09,0.26,0.0
Chile,2020,"Ginger, raw",1871.25,0.21,0.0
Chile,2021,"Ginger, raw",1861.74,8.78,0.0
Chile,2022,"Ginger, raw",1732.84,10.56,0.0
Chile,2023,"Ginger, raw",1773.64,6.49,0.0
China,1993,"Ginger, raw",11177.0,32866.0,96579.0
China,1994,"Ginger, raw",10400.0,68795.0,115878.0
China,1996,"Ginger, raw",8688.0,48132.0,163288.0
China,1997,"Ginger, raw",8124.0,49002.0,167086.0
China,1998,"Ginger, raw",4732.0,58003.0,184018.0
China,1999,"Ginger, raw",2660.0,87529.0,201128.0
China,2000,"Ginger, raw",1565.37,157212.8,228056.0
China,2001,"Ginger, raw",1089.0,177059.0,246976.0
China,2002,"Ginger, raw",1335.0,200658.0,253263.0
China,2003,"Ginger, raw",1548.0,226300.0,269719.0
China,2004,"Ginger, raw",3217.0,192076.0,274852.0
China,2005,"Ginger, raw",5327.0,244118.0,286698.0
China,2006,"Ginger, raw",2029.0,282758.0,319824.0
China,2007,"Ginger, raw",4291.0,276080.0,327373.0
China,2008,"Ginger, raw",8443.0,269119.0,328810.0
China,2009,"Ginger, raw",1996.0,341445.0,381393.0
China,2010,"Ginger, raw",3243.0,301464.0,399864.0
China,2011,"Ginger, raw",1405.0,411011.0,506617.0
China,2012,"Ginger, raw",1697.0,449679.0,524284.0
China,2013,"Ginger, raw",1296.0,381981.0,436351.0
China,2015,"Ginger, raw",703.02,423078.1,520388.4
China,2016,"Ginger, raw",1105.48,538536.94,573417.0
China,2017,"Ginger, raw",1970.6,455522.42,579909.13
China,2018,"Ginger, raw",2653.44,491889.42,599934.3
China,2019,"Ginger, raw",2925.16,539683.79,623986.0
China,2020,"Ginger, raw",5679.27,513147.66,642880.55
China,2021,"Ginger, raw",12419.04,458233.89,658558.7
China,2022,"Ginger, raw",5204.36,418471.24,676914.28
China,2023,"Ginger, raw",16548.5,292359.18,697347.54
"China, Hong Kong SAR",1993,"Ginger, raw",10761.0,3472.0,0.0
"China, Hong Kong SAR",1994,"Ginger, raw",9754.0,7019.0,0.0
"China, Hong Kong SAR",1995,"Ginger, raw",10808.0,6538.0,0.0
"China, Hong Kong SAR",1996,"Ginger, raw",7823.0,1192.0,0.0
"China, Hong Kong SAR",1997,"Ginger, raw",6728.0,712.0,0.0
"China, Hong Kong SAR",1998,"Ginger, raw",3513.0,852.0,0.0
"China, Hong Kong SAR",1999,"Ginger, raw",1631.0,864.0,0.0
"China, Hong Kong SAR",2000,"Ginger, raw",911.8,317.03,0.0
"China, Hong Kong SAR",2001,"Ginger, raw",530.0,227.0,0.0
"China, Hong Kong SAR",2002,"Ginger, raw",729.0,280.0,0.0
"China, Hong Kong SAR",2003,"Ginger, raw",768.0,157.0,0.0
"China, Hong Kong SAR",2004,"Ginger, raw",1487.0,870.0,0.0
"China, Hong Kong SAR",2006,"Ginger, raw",542.0,143.0,0.0
"China, Hong Kong SAR",2007,"Ginger, raw",436.0,125.0,0.0
"China, Hong Kong SAR",2008,"Ginger, raw",341.0,573.0,0.0
"China, Hong Kong SAR",2009,"Ginger, raw",268.0,57.0,0.0
"China, Hong Kong SAR",2010,"Ginger, raw",385.0,87.0,0.0
"China, Hong Kong SAR",2011,"Ginger, raw",351.0,60.0,0.0
"China, Hong Kong SAR",2012,"Ginger, raw",66.0,29.0,0.0
"China, Hong Kong SAR",2013,"Ginger, raw",77.0,23.0,0.0
"China, Hong Kong SAR",2014,"Ginger, raw",72.41,42.17,0.0
"China, Hong Kong SAR",2015,"Ginger, raw",93.46,71.54,0.0
"China, Hong Kong SAR",2016,"Ginger, raw",143.55,70.36,0.0
"China, Hong Kong SAR",2017,"Ginger, raw",231.43,18.14,0.0
"China, Hong Kong SAR",2018,"Ginger, raw",246.8,7.92,0.0
"China, Hong Kong SAR",2019,"Ginger, raw",191.83,37.94,0.0
"China, Hong Kong SAR",2020,"Ginger, raw",469.55,24.54,0.0
"China, Hong Kong SAR",2021,"Ginger, raw",951.28,12.45,0.0
"China, Hong Kong SAR",2022,"Ginger, raw",924.1,10.81,0.0
"China, Hong Kong SAR",2023,"Ginger, raw",656.31,64.06,0.0
"China, Macao SAR",1993,"Ginger, raw",0.0,0.0,0.0
"China, Macao SAR",1994,"Ginger, raw",0.0,0.0,0.0
"China, Macao SAR",1996,"Ginger, raw",2.0,0.0,0.0
"China, Macao SAR",1997,"Ginger, raw",0.0,0.0,0.0
"China, Macao SAR",1998,"Ginger, raw",0.0,0.0,0.0
"China, Macao SAR",1999,"Ginger, raw",0.0,0.0,0.0
"China, Macao SAR",2001,"Ginger, raw",0.0,0.0,0.0
"China, Macao SAR",2002,"Ginger, raw",0.0,0.0,0.0
"China, Macao SAR",2003,"Ginger, raw",0.0,0.0,0.0
"China, Macao SAR",2004,"Ginger, raw",0.0,0.0,0.0
"China, Macao SAR",2005,"Ginger, raw",4.0,0.0,0.0
"China, Macao SAR",2006,"Ginger, raw",85.0,0.0,0.0
"China, Macao SAR",2007,"Ginger, raw",93.0,0.0,0.0
"China, Macao SAR",2008,"Ginger, raw",110.0,0.0,0.0
"China, Macao SAR",2009,"Ginger, raw",108.0,0.0,0.0
"China, Macao SAR",2010,"Ginger, raw",136.0,0.0,0.0
"China, Macao SAR",2011,"Ginger, raw",228.0,0.0,0.0
"China, Macao SAR",2012,"Ginger, raw",214.0,0.0,0.0
"China, Macao SAR",2013,"Ginger, raw",220.0,0.0,0.0
"China, Macao SAR",2014,"Ginger, raw",109.21,0.0,0.0
"China, Macao SAR",2015,"Ginger, raw",60.46,0.0,0.0
"China, Macao SAR",2016,"Ginger, raw",130.2,0.0,0.0
"China, Macao SAR",2017,"Ginger, raw",765.97,0.0,0.0
"China, Macao SAR",2018,"Ginger, raw",994.51,0.0,0.0
"China, Macao SAR",2019,"Ginger, raw",1098.22,0.0,0.0
"China, Macao SAR",2020,"Ginger, raw",1761.93,0.0,0.0
"China, Macao SAR",2021,"Ginger, raw",1501.6,0.0,0.0
"China, Macao SAR",2022,"Ginger, raw",1526.85,0.0,0.0
"China, Macao SAR",2023,"Ginger, raw",1516.3,0.0,0.0
"China, mainland",1993,"Ginger, raw",161.0,24364.0,70000.0
"China, mainland",1994,"Ginger, raw",24.0,59589.0,90000.0
"China, mainland",1996,"Ginger, raw",446.0,42993.0,130000.0
"China, mainland",1997,"Ginger, raw",988.0,44249.0,135000.0
"China, mainland",1998,"Ginger, raw",792.0,53035.0,145000.0
"China, mainland",1999,"Ginger, raw",786.0,82310.0,170000.0
"China, mainland",2000,"Ginger, raw",201.33,153842.2,195000.0
"China, mainland",2001,"Ginger, raw",194.0,174162.0,215000.0
"China, mainland",2002,"Ginger, raw",86.0,197526.0,225000.0
"China, mainland",2003,"Ginger, raw",70.0,223898.0,240000.0
"China, mainland",2004,"Ginger, raw",1074.0,188376.0,235000.0
"China, mainland",2006,"Ginger, raw",146.0,280368.0,290000.0
"China, mainland",2007,"Ginger, raw",62.0,273337.0,295000.0
"China, mainland",2008,"Ginger, raw",92.0,265766.0,297000.0
"China, mainland",2009,"Ginger, raw",781.0,340055.0,350000.0
"China, mainland",2011,"Ginger, raw",320.0,408848.0,470000.0
"China, mainland",2012,"Ginger, raw",247.0,448070.0,490000.0
"China, mainland",2013,"Ginger, raw",45.0,380138.0,410000.0
"China, mainland",2015,"Ginger, raw",91.13,422017.0,495923.4
"China, mainland",2016,"Ginger, raw",63.28,537698.6,550000.0
"China, mainland",2017,"Ginger, raw",59.58,454549.03,557811.13
"China, mainland",2018,"Ginger, raw",192.59,490464.72,576562.3
"China, mainland",2019,"Ginger, raw",559.83,537826.45,600000.0
"China, mainland",2020,"Ginger, raw",2903.12,511093.71,620536.88
"China, mainland",2021,"Ginger, raw",9141.88,456832.46,636321.7
"China, mainland",2022,"Ginger, raw",2151.96,417072.26,652823.28
"China, mainland",2023,"Ginger, raw",13215.64,290683.53,672914.37
"China, Taiwan Province of",1993,"Ginger, raw",255.0,5030.0,26579.0
"China, Taiwan Province of",1994,"Ginger, raw",622.0,2187.0,25878.0
"China, Taiwan Province of",1996,"Ginger, raw",417.0,3947.0,33288.0
"China, Taiwan Province of",1997,"Ginger, raw",408.0,4041.0,32086.0
"China, Taiwan Province of",2000,"Ginger, raw",452.2,3053.57,33056.0
"China, Taiwan Province of",2001,"Ginger, raw",365.0,2670.0,31976.0
"China, Taiwan Province of",2002,"Ginger, raw",520.0,2852.0,28263.0
"China, Taiwan Province of",2003,"Ginger, raw",710.0,2245.0,29719.0
"China, Taiwan Province of",2004,"Ginger, raw",656.0,2830.0,39852.0
"China, Taiwan Province of",2005,"Ginger, raw",426.0,2563.0,36698.0
"China, Taiwan Province of",2006,"Ginger, raw",1256.0,2247.0,29824.0
"China, Taiwan Province of",2007,"Ginger, raw",3700.0,2618.0,32373.0
"China, Taiwan Province of",2009,"Ginger, raw",839.0,1333.0,31393.0
"China, Taiwan Province of",2010,"Ginger, raw",662.0,1523.0,34864.0
"China, Taiwan Province of",2011,"Ginger, raw",506.0,2103.0,36617.0
"China, Taiwan Province of",2012,"Ginger, raw",1170.0,1580.0,34284.0
"China, Taiwan Province of",2013,"Ginger, raw",954.0,1820.0,26351.0
"China, Taiwan Province of",2014,"Ginger, raw",812.75,1686.93,21865.0
"China, Taiwan Province of",2015,"Ginger, raw",457.97,989.56,24465.0
"China, Taiwan Province of",2016,"Ginger, raw",768.45,767.97,23417.0
"China, Taiwan Province of",2017,"Ginger, raw",913.61,955.24,22098.0
"China, Taiwan Province of",2018,"Ginger, raw",1219.55,1416.78,23372.0
"China, Taiwan Province of",2019,"Ginger, raw",1075.29,1819.4,23986.0
"China, Taiwan Province of",2020,"Ginger, raw",544.66,2029.42,22343.66
"China, Taiwan Province of",2021,"Ginger, raw",824.27,1388.98,22237.0
"China, Taiwan Province of",2022,"Ginger, raw",601.46,1388.17,24091.0
"China, Taiwan Province of",2023,"Ginger, raw",1160.24,1611.59,24433.17
Colombia,1993,"Ginger, raw",2.0,0.0,0.0
Colombia,1994,"Ginger, raw",7.0,0.0,0.0
Colombia,1996,"Ginger, raw",3.0,1.0,0.0
Colombia,1997,"Ginger, raw",8.0,0.0,0.0
Colombia,1998,"Ginger, raw",3.0,0.0,0.0
Colombia,1999,"Ginger, raw",0.0,0.0,0.0
Colombia,2000,"Ginger, raw",3.52,0.0,0.0
Colombia,2001,"Ginger, raw",8.0,0.0,0.0
Colombia,2002,"Ginger, raw",9.0,0.0,0.0
Colombia,2003,"Ginger, raw",8.0,0.0,0.0
Colombia,2004,"Ginger, raw",16.0,1.0,0.0
Colombia,2005,"Ginger, raw",181.0,0.0,0.0
Colombia,2006,"Ginger, raw",219.0,10.0,0.0
Colombia,2007,"Ginger, raw",276.0,22.0,0.0
Colombia,2008,"Ginger, raw",226.0,30.0,0.0
Colombia,2009,"Ginger, raw",319.0,1.0,0.0
Colombia,2010,"Ginger, raw",540.0,0.0,0.0
Colombia,2011,"Ginger, raw",524.0,0.0,0.0
Colombia,2012,"Ginger, raw",642.0,0.0,0.0
Colombia,2013,"Ginger, raw",544.0,0.0,0.0
Colombia,2014,"Ginger, raw",699.52,0.0,0.0
Colombia,2015,"Ginger, raw",776.29,15.55,0.0
Colombia,2016,"Ginger, raw",960.74,0.38,0.0
Colombia,2018,"Ginger, raw",770.01,0.26,0.0
Colombia,2019,"Ginger, raw",440.5,6.18,0.0
Colombia,2021,"Ginger, raw",942.09,5.67,0.0
Colombia,2022,"Ginger, raw",1264.37,12.43,0.0
Colombia,2023,"Ginger, raw",937.25,14.18,0.0
Comoros,1995,"Ginger, raw",0.0,0.0,0.0
Comoros,1996,"Ginger, raw",0.09,0.0,0.0
Comoros,1997,"Ginger, raw",1.0,0.0,0.0
Comoros,1998,"Ginger, raw",2.0,0.0,0.0
Comoros,1999,"Ginger, raw",2.0,0.0,0.0
Comoros,2000,"Ginger, raw",1.0,0.0,0.0
Comoros,2001,"Ginger, raw",0.0,0.0,0.0
Comoros,2002,"Ginger, raw",1.0,0.0,0.0
Comoros,2003,"Ginger, raw",2.0,0.0,0.0
Comoros,2004,"Ginger, raw",10.0,0.0,0.0
Comoros,2005,"Ginger, raw",44.0,0.0,0.0
Comoros,2006,"Ginger, raw",33.0,0.0,0.0
Comoros,2007,"Ginger, raw",7.0,0.0,0.0
Comoros,2008,"Ginger, raw",1.0,0.0,0.0
Comoros,2009,"Ginger, raw",1.0,0.0,0.0
Comoros,2010,"Ginger, raw",1.0,0.0,0.0
Comoros,2011,"Ginger, raw",0.0,0.0,0.0
Comoros,2012,"Ginger, raw",0.0,0.0,0.0
Comoros,2013,"Ginger, raw",2.0,0.0,0.0
Comoros,2016,"Ginger, raw",0.1,0.0,0.0
Comoros,2017,"Ginger, raw",0.95,0.0,0.0
Comoros,2018,"Ginger, raw",0.05,0.0,0.0
Comoros,2019,"Ginger, raw",1.12,0.0,0.0
Comoros,2021,"Ginger, raw",5.79,0.0,0.0
Comoros,2022,"Ginger, raw",31.25,0.0,0.0
Comoros,2023,"Ginger, raw",19.75,0.0,0.0
Congo,1994,"Ginger, raw",0.0,0.0,0.0
Congo,1995,"Ginger, raw",0.0,0.0,0.0
Congo,1996,"Ginger, raw",0.0,0.0,0.0
Congo,1997,"Ginger, raw",0.0,0.0,0.0
Congo,1998,"Ginger, raw",0.0,0.0,0.0
Congo,1999,"Ginger, raw",0.0,0.0,0.0
Congo,2000,"Ginger, raw",0.0,0.0,0.0
Congo,2001,"Ginger, raw",0.0,0.0,0.0
Congo,2003,"Ginger, raw",3.0,0.0,0.0
Congo,2004,"Ginger, raw",9.0,0.0,0.0
Congo,2005,"Ginger, raw",0.0,0.0,0.0
Congo,2006,"Ginger, raw",0.0,0.0,0.0
Congo,2007,"Ginger, raw",1.0,0.0,0.0
Congo,2008,"Ginger, raw",1.0,0.0,0.0
Congo,2009,"Ginger, raw",1.0,0.0,0.0
Congo,2010,"Ginger, raw",1.0,0.0,0.0
Congo,2012,"Ginger, raw",2.0,0.0,0.0
Congo,2013,"Ginger, raw",1.0,0.0,0.0
Congo,2014,"Ginger, raw",1.85,0.0,0.0
Congo,2015,"Ginger, raw",1.64,0.0,0.0
Congo,2016,"Ginger, raw",1.12,0.0,0.0
Congo,2017,"Ginger, raw",1.32,0.0,0.0
Congo,2018,"Ginger, raw",3.89,0.0,0.0
Congo,2020,"Ginger, raw",10.67,0.0,0.0
Congo,2022,"Ginger, raw",1.78,1.23,0.0
Congo,2023,"Ginger, raw",2.42,0.06,0.0
Cook Islands,1997,"Ginger, raw",0.0,0.0,0.0
Cook Islands,1998,"Ginger, raw",0.0,0.0,0.0
Cook Islands,1999,"Ginger, raw",0.0,0.0,0.0
Cook Islands,2000,"Ginger, raw",0.0,0.0,0.0
Cook Islands,2001,"Ginger, raw",0.0,0.0,0.0
Cook Islands,2002,"Ginger, raw",0.0,0.0,0.0
Cook Islands,2003,"Ginger, raw",0.0,0.0,0.0
Cook Islands,2004,"Ginger, raw",0.0,0.0,0.0
Cook Islands,2005,"Ginger, raw",0.0,0.0,0.0
Cook Islands,2006,"Ginger, raw",0.0,0.0,0.0
Cook Islands,2007,"Ginger, raw",0.0,0.0,0.0
Cook Islands,2008,"Ginger, raw",0.0,0.0,0.0
Cook Islands,2009,"Ginger, raw",0.0,0.0,0.0
Cook Islands,2010,"Ginger, raw",3.0,0.0,0.0
Cook Islands,2011,"Ginger, raw",1.0,0.0,0.0
Cook Islands,2012,"Ginger, raw",4.0,0.0,0.0
Cook Islands,2013,"Ginger, raw",3.0,0.0,0.0
Cook Islands,2014,"Ginger, raw",2.81,0.0,0.0
Cook Islands,2015,"Ginger, raw",3.66,0.0,0.0
Cook Islands,2016,"Ginger, raw",5.44,0.0,0.0
Cook Islands,2018,"Ginger, raw",5.85,0.02,0.0
Cook Islands,2019,"Ginger, raw",5.65,0.0,0.0
Cook Islands,2020,"Ginger, raw",3.8,0.0,0.0
Cook Islands,2021,"Ginger, raw",3.46,0.0,0.0
Cook Islands,2022,"Ginger, raw",4.64,0.0,0.0
Cook Islands,2023,"Ginger, raw",5.51,0.0,0.0
Costa Rica,1994,"Ginger, raw",56.0,2366.0,10400.0
Costa Rica,1996,"Ginger, raw",0.0,10794.0,11993.0
Costa Rica,1997,"Ginger, raw",5.0,11230.0,15535.0
Costa Rica,1998,"Ginger, raw",6.0,7842.0,21315.0
Costa Rica,1999,"Ginger, raw",9.65,4053.82,1225.0
Costa Rica,2000,"Ginger, raw",8.45,703.13,3788.0
Costa Rica,2001,"Ginger, raw",9.0,2739.0,4163.0
Costa Rica,2002,"Ginger, raw",10.0,3035.0,3134.0
Costa Rica,2003,"Ginger, raw",14.0,923.0,1527.0
Costa Rica,2004,"Ginger, raw",15.0,1287.0,1336.0
Costa Rica,2005,"Ginger, raw",14.0,1947.0,4300.0
Costa Rica,2006,"Ginger, raw",17.0,1803.0,4229.0
Costa Rica,2007,"Ginger, raw",10.0,2074.0,1044.0
Costa Rica,2008,"Ginger, raw",16.0,642.0,960.0
Costa Rica,2009,"Ginger, raw",10.0,713.0,1449.0
Costa Rica,2010,"Ginger, raw",13.0,684.0,1690.0
Costa Rica,2011,"Ginger, raw",12.0,400.0,1703.0
Costa Rica,2012,"Ginger, raw",14.0,844.0,1836.0
Costa Rica,2013,"Ginger, raw",12.0,1895.0,1836.0
Costa Rica,2014,"Ginger, raw",14.57,2957.06,2148.0
Costa Rica,2015,"Ginger, raw",11.0,952.7,4056.0
Costa Rica,2016,"Ginger, raw",11.71,1745.18,3708.0
Costa Rica,2017,"Ginger, raw",15.23,4287.04,3888.0
Costa Rica,2018,"Ginger, raw",15.96,2704.84,3135.0
Costa Rica,2019,"Ginger, raw",15.15,2927.79,3741.48
Costa Rica,2020,"Ginger, raw",28.58,5812.44,5900.0
Costa Rica,2022,"Ginger, raw",22.06,3851.94,4278.29
Costa Rica,2023,"Ginger, raw",20.04,4023.77,3893.36
Côte d'Ivoire,1997,"Ginger, raw",1.03,7.43,3200.0
Côte d'Ivoire,1998,"Ginger, raw",0.89,1.03,3838.0
Côte d'Ivoire,1999,"Ginger, raw",1.25,9.21,3969.0
Côte d'Ivoire,2000,"Ginger, raw",1.77,24.5,4105.0
Côte d'Ivoire,2001,"Ginger, raw",1.0,46.0,4245.0
Côte d'Ivoire,2002,"Ginger, raw",1.0,14.0,4385.0
Côte d'Ivoire,2004,"Ginger, raw",3.0,170.0,4678.0
Côte d'Ivoire,2005,"Ginger, raw",2.0,146.0,5000.0
Côte d'Ivoire,2006,"Ginger, raw",6.0,77.0,5040.0
Côte d'Ivoire,2008,"Ginger, raw",3.0,411.0,7500.0
Côte d'Ivoire,2009,"Ginger, raw",3.0,377.0,7000.0
Côte d'Ivoire,2010,"Ginger, raw",3.0,367.0,6525.35
Côte d'Ivoire,2011,"Ginger, raw",2.0,375.0,5778.0
Côte d'Ivoire,2012,"Ginger, raw",1.0,760.0,5940.0
Côte d'Ivoire,2013,"Ginger, raw",4.0,1549.0,6394.33
Côte d'Ivoire,2014,"Ginger, raw",1.31,1630.86,6822.49
Côte d'Ivoire,2016,"Ginger, raw",11.98,436.08,6721.56
Côte d'Ivoire,2017,"Ginger, raw",2.04,1026.93,6810.62
Côte d'Ivoire,2018,"Ginger, raw",3.04,1721.27,7033.88
Côte d'Ivoire,2019,"Ginger, raw",2.58,2463.01,6855.36
Côte d'Ivoire,2021,"Ginger, raw",5.25,3896.7,6929.73
Côte d'Ivoire,2022,"Ginger, raw",9.0,7071.69,6895.01
Côte d'Ivoire,2023,"Ginger, raw",7.0,10238.19,6908.23
Croatia,1993,"Ginger, raw",1.0,0.0,0.0
Croatia,1994,"Ginger, raw",2.0,0.0,0.0
Croatia,1995,"Ginger, raw",1.0,0.0,0.0
Croatia,1996,"Ginger, raw",1.0,0.0,0.0
Croatia,1997,"Ginger, raw",2.0,0.0,0.0
Croatia,1998,"Ginger, raw",1.0,0.0,0.0
Croatia,2000,"Ginger, raw",2.0,0.0,0.0
Croatia,2001,"Ginger, raw",2.0,0.0,0.0
Croatia,2002,"Ginger, raw",2.0,0.0,0.0
Croatia,2003,"Ginger, raw",7.0,0.0,0.0
Croatia,2004,"Ginger, raw",15.0,0.0,0.0
Croatia,2005,"Ginger, raw",18.0,0.0,0.0
Croatia,2006,"Ginger, raw",22.0,0.0,0.0
Croatia,2007,"Ginger, raw",26.0,1.0,0.0
Croatia,2008,"Ginger, raw",29.0,0.0,0.0
Croatia,2009,"Ginger, raw",33.0,1.0,0.0
Croatia,2010,"Ginger, raw",45.0,0.0,0.0
Croatia,2011,"Ginger, raw",66.0,1.0,0.0
Croatia,2012,"Ginger, raw",82.0,1.0,0.0
Croatia,2013,"Ginger, raw",127.0,1.0,0.0
Croatia,2014,"Ginger, raw",110.32,1.15,0.0
Croatia,2015,"Ginger, raw",476.48,14.29,0.0
Croatia,2016,"Ginger, raw",840.87,10.47,0.0
Croatia,2017,"Ginger, raw",619.78,9.45,0.0
Croatia,2018,"Ginger, raw",682.51,9.64,0.0
Croatia,2019,"Ginger, raw",628.2,31.04,0.0
Croatia,2020,"Ginger, raw",634.52,48.67,0.0
Croatia,2021,"Ginger, raw",686.78,79.31,0.0
Croatia,2023,"Ginger, raw",679.64,193.35,0.0
Cuba,2000,"Ginger, raw",2.0,0.0,0.0
Cuba,2001,"Ginger, raw",1.0,0.0,0.0
Cuba,2002,"Ginger, raw",2.0,0.0,0.0
Cuba,2003,"Ginger, raw",1.0,0.0,0.0
Cuba,2004,"Ginger, raw",3.0,0.0,0.0
Cuba,2005,"Ginger, raw",2.0,0.0,0.0
Cuba,2006,"Ginger, raw",0.0,0.0,0.0
Cuba,2007,"Ginger, raw",2.0,0.0,0.0
Cuba,2008,"Ginger, raw",0.0,0.0,0.0
Cuba,2009,"Ginger, raw",0.0,0.0,0.0
Cuba,2010,"Ginger, raw",3.0,0.0,0.0
Cuba,2011,"Ginger, raw",2.0,0.0,0.0
Cuba,2012,"Ginger, raw",2.0,0.0,0.0
Cuba,2014,"Ginger, raw",0.75,0.0,0.0
Cuba,2015,"Ginger, raw",1.8,0.0,0.0
Cuba,2016,"Ginger, raw",0.02,0.0,0.0
Cuba,2018,"Ginger, raw",0.72,0.0,0.0
Cuba,2019,"Ginger, raw",2.86,0.01,0.0
Cuba,2020,"Ginger, raw",2.73,0.74,0.0
Cuba,2022,"Ginger, raw",1.62,0.0,0.0
Cuba,2023,"Ginger, raw",7.36,0.0,0.0
Cyprus,1993,"Ginger, raw",2.0,0.0,0.0
Cyprus,1994,"Ginger, raw",3.0,0.0,0.0
Cyprus,1995,"Ginger, raw",2.0,0.0,0.0
Cyprus,1996,"Ginger, raw",4.0,0.0,0.0
Cyprus,1997,"Ginger, raw",5.0,0.0,0.0
Cyprus,1998,"Ginger, raw",11.0,0.0,0.0
Cyprus,1999,"Ginger, raw",11.0,0.0,0.0
Cyprus,2000,"Ginger, raw",12.78,0.0,0.0
Cyprus,2001,"Ginger, raw",27.0,0.0,0.0
Cyprus,2002,"Ginger, raw",19.0,0.0,0.0
Cyprus,2003,"Ginger, raw",26.0,0.0,0.0
Cyprus,2004,"Ginger, raw",23.0,0.0,0.0
Cyprus,2006,"Ginger, raw",11.0,0.0,0.0
Cyprus,2007,"Ginger, raw",14.0,0.0,0.0
Cyprus,2008,"Ginger, raw",56.0,0.0,0.0
Cyprus,2009,"Ginger, raw",58.0,0.0,0.0
Cyprus,2010,"Ginger, raw",66.0,0.0,0.0
Cyprus,2011,"Ginger, raw",76.0,0.0,0.0
Cyprus,2012,"Ginger, raw",70.0,0.0,0.0
Cyprus,2013,"Ginger, raw",66.0,0.0,0.0
Cyprus,2014,"Ginger, raw",64.79,0.0,0.0
Cyprus,2016,"Ginger, raw",98.04,0.01,0.0
Cyprus,2017,"Ginger, raw",131.76,0.0,0.0
Cyprus,2018,"Ginger, raw",144.79,0.0,0.0
Cyprus,2019,"Ginger, raw",153.26,0.0,0.0
Cyprus,2020,"Ginger, raw",176.88,0.0,0.0
Cyprus,2021,"Ginger, raw",206.26,0.0,0.0
Cyprus,2022,"Ginger, raw",198.79,0.0,0.0
Cyprus,2023,"Ginger, raw",172.63,0.0,0.0
Czechia,1993,"Ginger, raw",51.0,7.0,0.0
Czechia,1995,"Ginger, raw",48.0,3.0,0.0
Czechia,1996,"Ginger, raw",51.0,5.0,0.0
Czechia,1997,"Ginger, raw",84.0,2.0,0.0
Czechia,1998,"Ginger, raw",76.0,10.0,0.0
Czechia,1999,"Ginger, raw",80.0,8.0,0.0
Czechia,2000,"Ginger, raw",91.53,6.26,0.0
Czechia,2001,"Ginger, raw",103.0,4.0,0.0
Czechia,2002,"Ginger, raw",131.0,6.0,0.0
Czechia,2003,"Ginger, raw",148.0,9.0,0.0
Czechia,2004,"Ginger, raw",195.0,7.0,0.0
Czechia,2005,"Ginger, raw",236.0,12.0,0.0
Czechia,2006,"Ginger, raw",297.0,9.0,0.0
Czechia,2007,"Ginger, raw",667.0,25.0,0.0
Czechia,2008,"Ginger, raw",968.0,21.0,0.0
Czechia,2009,"Ginger, raw",711.0,23.0,0.0
Czechia,2010,"Ginger, raw",856.0,107.0,0.0
Czechia,2011,"Ginger, raw",1202.0,154.0,0.0
Czechia,2012,"Ginger, raw",1852.0,399.0,0.0
Czechia,2013,"Ginger, raw",2177.0,454.0,0.0
Czechia,2014,"Ginger, raw",1981.3,492.84,0.0
Czechia,2015,"Ginger, raw",2784.38,569.99,0.0
Czechia,2016,"Ginger, raw",2860.51,654.08,0.0
Czechia,2017,"Ginger, raw",2690.6,627.79,0.0
Czechia,2018,"Ginger, raw",2640.38,678.2,0.0
Czechia,2019,"Ginger, raw",2611.66,646.81,0.0
Czechia,2020,"Ginger, raw",2113.71,591.44,0.0
Czechia,2021,"Ginger, raw",2238.2,528.22,0.0
Czechia,2022,"Ginger, raw",2448.84,388.63,0.0
Czechia,2023,"Ginger, raw",2176.91,236.6,0.0
Democratic People's Republic of Korea,2015,"Ginger, raw",2.76,0.0,0.0
Democratic People's Republic of Korea,2016,"Ginger, raw",14.71,0.0,0.0
Democratic People's Republic of Korea,2017,"Ginger, raw",21.52,0.0,0.0
Democratic People's Republic of Korea,2018,"Ginger, raw",8.24,0.0,0.0
Democratic People's Republic of Korea,2019,"Ginger, raw",26.15,0.0,0.0
Democratic People's Republic of Korea,2020,"Ginger, raw",0.01,0.0,0.0
Democratic Republic of the Congo,2014,"Ginger, raw",5.75,0.01,0.0
Democratic Republic of the Congo,2016,"Ginger, raw",42.5,0.0,0.0
Democratic Republic of the Congo,2017,"Ginger, raw",98.03,0.0,0.0
Democratic Republic of the Congo,2018,"Ginger, raw",59.12,0.0,0.0
Democratic Republic of the Congo,2019,"Ginger, raw",17.68,0.0,0.0
Democratic Republic of the Congo,2020,"Ginger, raw",6.89,0.08,0.0
Democratic Republic of the Congo,2021,"Ginger, raw",6.43,0.0,0.0
Democratic Republic of the Congo,2023,"Ginger, raw",44.61,0.38,0.0
Denmark,1993,"Ginger, raw",49.0,1.0,0.0
Denmark,1994,"Ginger, raw",100.0,3.0,0.0
Denmark,1995,"Ginger, raw",147.0,9.0,0.0
Denmark,1996,"Ginger, raw",146.0,11.0,0.0
Denmark,1998,"Ginger, raw",699.0,10.0,0.0
Denmark,1999,"Ginger, raw",808.0,10.0,0.0
Denmark,2000,"Ginger, raw",492.0,9.0,0.0
Denmark,2001,"Ginger, raw",1225.0,5.0,0.0
Denmark,2002,"Ginger, raw",878.0,10.0,0.0
Denmark,2003,"Ginger, raw",1267.0,17.0,0.0
Denmark,2004,"Ginger, raw",813.0,16.0,0.0
Denmark,2005,"Ginger, raw",345.0,22.0,0.0
Denmark,2006,"Ginger, raw",933.0,21.0,0.0
Denmark,2007,"Ginger, raw",459.0,18.0,0.0
Denmark,2008,"Ginger, raw",791.0,24.0,0.0
Denmark,2009,"Ginger, raw",1031.0,108.0,0.0
Denmark,2010,"Ginger, raw",996.0,86.0,0.0
Denmark,2011,"Ginger, raw",1494.0,75.0,0.0
Denmark,2013,"Ginger, raw",2581.0,64.0,0.0
Denmark,2014,"Ginger, raw",3435.94,118.58,0.0
Denmark,2015,"Ginger, raw",3595.65,89.87,0.0
Denmark,2016,"Ginger, raw",4236.38,202.42,0.0
Denmark,2017,"Ginger, raw",2893.36,241.74,0.0
Denmark,2018,"Ginger, raw",2990.18,267.19,0.0
Denmark,2019,"Ginger, raw",2947.45,372.39,0.0
Denmark,2020,"Ginger, raw",2327.57,608.03,0.0
Denmark,2021,"Ginger, raw",2368.97,415.84,0.0
Denmark,2022,"Ginger, raw",2705.0,358.39,0.0
Denmark,2023,"Ginger, raw",2663.59,781.38,0.0
Djibouti,2015,"Ginger, raw",39.91,0.0,0.0
Djibouti,2016,"Ginger, raw",130.29,0.0,0.0
Djibouti,2017,"Ginger, raw",123.59,0.0,0.0
Djibouti,2018,"Ginger, raw",159.07,0.0,0.0
Djibouti,2019,"Ginger, raw",128.13,0.0,0.0
Djibouti,2020,"Ginger, raw",186.5,0.0,0.0
Djibouti,2022,"Ginger, raw",358.87,0.0,0.0
Djibouti,2023,"Ginger, raw",622.69,0.0,0.0
Dominica,2000,"Ginger, raw",1.0,29.0,110.45
Dominica,2001,"Ginger, raw",1.0,40.0,108.41
Dominica,2002,"Ginger, raw",0.0,51.0,106.38
Dominica,2003,"Ginger, raw",0.0,42.0,104.3
Dominica,2004,"Ginger, raw",0.0,44.0,102.16
Dominica,2005,"Ginger, raw",0.0,38.0,100.13
Dominica,2006,"Ginger, raw",0.0,36.0,98.12
Dominica,2008,"Ginger, raw",0.0,50.0,89.0
Dominica,2009,"Ginger, raw",0.0,39.0,138.0
Dominica,2010,"Ginger, raw",0.0,50.0,116.0
Dominica,2011,"Ginger, raw",0.0,53.0,168.0
Dominica,2012,"Ginger, raw",0.0,117.0,152.39
Dominica,2013,"Ginger, raw",0.0,78.0,154.76
Dominica,2014,"Ginger, raw",1.16,75.34,157.13
Dominica,2016,"Ginger, raw",1.8,149.25,161.68
Dominica,2019,"Ginger, raw",0.28,99.57,160.93
Dominica,2022,"Ginger, raw",0.83,181.14,166.56
Dominica,2023,"Ginger, raw",0.4,218.4,167.86
Dominican Republic,2015,"Ginger, raw",102.26,72.87,234.38
Dominican Republic,2016,"Ginger, raw",106.15,49.0,185.1
Dominican Republic,2017,"Ginger, raw",59.19,38.09,197.53
Dominican Republic,2019,"Ginger, raw",22.48,262.98,196.1
Dominican Republic,2020,"Ginger, raw",509.31,43.11,199.77
Dominican Republic,2021,"Ginger, raw",951.33,29.94,200.51
Dominican Republic,2022,"Ginger, raw",18.53,5.28,198.79
Dominican Republic,2023,"Ginger, raw",128.73,16.8,199.69
Ecuador,1996,"Ginger, raw",0.0,578.0,0.0
Ecuador,1998,"Ginger, raw",0.0,244.0,0.0
Ecuador,1999,"Ginger, raw",0.0,118.0,0.0
Ecuador,2000,"Ginger, raw",0.39,113.35,0.0
Ecuador,2001,"Ginger, raw",1.0,192.0,0.0
Ecuador,2002,"Ginger, raw",0.0,203.0,0.0
Ecuador,2004,"Ginger, raw",3.0,140.0,0.0
Ecuador,2005,"Ginger, raw",8.0,144.0,0.0
Ecuador,2006,"Ginger, raw",8.0,366.0,0.0
Ecuador,2008,"Ginger, raw",1.0,192.0,0.0
Ecuador,2009,"Ginger, raw",2.0,292.0,0.0
Ecuador,2010,"Ginger, raw",1.0,570.0,0.0
Ecuador,2011,"Ginger, raw",1.0,401.0,0.0
Ecuador,2012,"Ginger, raw",2.0,205.0,0.0
Ecuador,2013,"Ginger, raw",1.0,390.0,0.0
Ecuador,2014,"Ginger, raw",0.96,1705.3,0.0
Ecuador,2015,"Ginger, raw",2.42,1234.15,0.0
Ecuador,2016,"Ginger, raw",5.05,968.0,0.0
Ecuador,2017,"Ginger, raw",1.18,153.05,0.0
Ecuador,2018,"Ginger, raw",3.89,140.86,0.0
Ecuador,2019,"Ginger, raw",5.59,302.03,0.0
Ecuador,2020,"Ginger, raw",9.58,3677.9,0.0
Ecuador,2021,"Ginger, raw",12.21,1361.6,0.0
Ecuador,2022,"Ginger, raw",3.22,1880.89,0.0
Ecuador,2023,"Ginger, raw",28.91,2123.41,0.0
Egypt,1993,"Ginger, raw",125.0,0.0,0.0
Egypt,1995,"Ginger, raw",102.0,0.0,0.0
Egypt,1998,"Ginger, raw",203.0,0.0,0.0
Egypt,1999,"Ginger, raw",144.0,0.0,0.0
Egypt,2000,"Ginger, raw",59.57,0.0,0.0
Egypt,2001,"Ginger, raw",146.0,0.0,0.0
Egypt,2003,"Ginger, raw",40.0,0.0,0.0
Egypt,2004,"Ginger, raw",128.0,1.0,0.0
Egypt,2005,"Ginger, raw",207.0,0.0,0.0
Egypt,2006,"Ginger, raw",557.0,0.0,0.0
Egypt,2007,"Ginger, raw",267.0,9.0,0.0
Egypt,2009,"Ginger, raw",300.0,16.0,0.0
Egypt,2010,"Ginger, raw",759.0,2.0,0.0
Egypt,2011,"Ginger, raw",1068.0,16.0,0.0
Egypt,2012,"Ginger, raw",1709.0,1.0,0.0
Egypt,2013,"Ginger, raw",1314.0,27.0,0.0
Egypt,2014,"Ginger, raw",1250.45,13.01,0.0
Egypt,2015,"Ginger, raw",1543.07,6.59,0.0
Egypt,2016,"Ginger, raw",1928.94,42.1,0.0
Egypt,2017,"Ginger, raw",1735.43,28.69,0.0
Egypt,2018,"Ginger, raw",2466.61,1.55,0.0
Egypt,2019,"Ginger, raw",2270.09,2.84,0.0
Egypt,2020,"Ginger, raw",2577.13,11.23,0.0
Egypt,2022,"Ginger, raw",2429.08,5.85,0.0
Egypt,2023,"Ginger, raw",1414.2,15.23,0.0
El Salvador,1995,"Ginger, raw",0.0,1.0,0.0
El Salvador,1996,"Ginger, raw",1.0,1.0,0.0
El Salvador,1997,"Ginger, raw",4.0,1.0,0.0
El Salvador,1998,"Ginger, raw",2.0,1.0,0.0
El Salvador,1999,"Ginger, raw",4.0,1.0,0.0
El Salvador,2000,"Ginger, raw",3.43,19.38,0.0
El Salvador,2002,"Ginger, raw",16.0,18.0,0.0
El Salvador,2003,"Ginger, raw",5.0,1.0,0.0
El Salvador,2004,"Ginger, raw",15.0,1.0,0.0
El Salvador,2005,"Ginger, raw",14.0,1.0,0.0
El Salvador,2006,"Ginger, raw",16.0,1.0,0.0
El Salvador,2008,"Ginger, raw",30.0,1.0,0.0
El Salvador,2009,"Ginger, raw",27.0,1.0,0.0
El Salvador,2010,"Ginger, raw",25.0,0.0,0.0
El Salvador,2011,"Ginger, raw",18.0,0.0,0.0
El Salvador,2012,"Ginger, raw",55.0,0.0,0.0
El Salvador,2013,"Ginger, raw",32.0,1.0,0.0
El Salvador,2014,"Ginger, raw",25.42,0.38,0.0
El Salvador,2015,"Ginger, raw",50.23,0.88,0.0
El Salvador,2016,"Ginger, raw",69.46,0.87,0.0
El Salvador,2017,"Ginger, raw",45.54,0.67,0.0
El Salvador,2018,"Ginger, raw",118.93,0.44,0.0
El Salvador,2019,"Ginger, raw",142.13,0.44,0.0
El Salvador,2020,"Ginger, raw",136.4,0.47,0.0
El Salvador,2022,"Ginger, raw",176.1,0.5,0.0
El Salvador,2023,"Ginger, raw",164.0,0.32,0.0
Equatorial Guinea,2015,"Ginger, raw",0.37,0.0,0.0
Equatorial Guinea,2016,"Ginger, raw",0.74,0.0,0.0
Equatorial Guinea,2017,"Ginger, raw",0.44,0.0,0.0
Equatorial Guinea,2018,"Ginger, raw",1.11,0.0,0.0
Equatorial Guinea,2019,"Ginger, raw",1.12,0.0,0.0
Equatorial Guinea,2021,"Ginger, raw",1.08,0.0,0.0
Equatorial Guinea,2023,"Ginger, raw",1.35,0.09,0.0
Eritrea,2014,"Ginger, raw",37.5,0.0,0.0
Eritrea,2015,"Ginger, raw",0.03,0.0,0.0
Eritrea,2017,"Ginger, raw",0.01,0.0,0.0
Eritrea,2018,"Ginger, raw",0.03,0.0,0.0
Eritrea,2019,"Ginger, raw",0.05,0.0,0.0
Eritrea,2020,"Ginger, raw",1.86,0.0,0.0
Eritrea,2022,"Ginger, raw",3.21,0.0,0.0
Eritrea,2023,"Ginger, raw",7.01,0.0,0.0
Estonia,1995,"Ginger, raw",3.0,2.0,0.0
Estonia,1996,"Ginger, raw",35.0,1.0,0.0
Estonia,1997,"Ginger, raw",20.0,16.0,0.0
Estonia,1998,"Ginger, raw",43.0,45.0,0.0
Estonia,2000,"Ginger, raw",14.0,4.0,0.0
Estonia,2001,"Ginger, raw",21.0,3.0,0.0
Estonia,2002,"Ginger, raw",21.0,3.0,0.0
Estonia,2003,"Ginger, raw",37.0,7.0,0.0
Estonia,2004,"Ginger, raw",29.0,6.0,0.0
Estonia,2005,"Ginger, raw",42.0,11.0,0.0
Estonia,2006,"Ginger, raw",37.0,16.0,0.0
Estonia,2007,"Ginger, raw",50.0,17.0,0.0
Estonia,2008,"Ginger, raw",92.0,8.0,0.0
Estonia,2009,"Ginger, raw",117.0,20.0,0.0
Estonia,2010,"Ginger, raw",172.0,19.0,0.0
Estonia,2011,"Ginger, raw",198.0,30.0,0.0
Estonia,2012,"Ginger, raw",135.0,27.0,0.0
Estonia,2013,"Ginger, raw",149.0,27.0,0.0
Estonia,2015,"Ginger, raw",175.79,27.54,0.0
Estonia,2016,"Ginger, raw",213.99,25.81,0.0
Estonia,2017,"Ginger, raw",195.94,26.93,0.0
Estonia,2018,"Ginger, raw",327.39,14.9,0.0
Estonia,2020,"Ginger, raw",550.73,21.34,0.0
Estonia,2022,"Ginger, raw",185.2,21.42,0.0
Estonia,2023,"Ginger, raw",136.68,17.94,0.0
Eswatini,1997,"Ginger, raw",1.0,0.0,0.0
Eswatini,1998,"Ginger, raw",2.0,0.0,0.0
Eswatini,1999,"Ginger, raw",1.0,0.0,0.0
Eswatini,2001,"Ginger, raw",4.0,0.0,0.0
Eswatini,2002,"Ginger, raw",4.0,0.0,0.0
Eswatini,2003,"Ginger, raw",17.0,0.0,0.0
Eswatini,2005,"Ginger, raw",12.0,0.0,0.0
Eswatini,2006,"Ginger, raw",18.0,2.0,0.0
Eswatini,2007,"Ginger, raw",7.0,0.0,0.0
Eswatini,2008,"Ginger, raw",7.0,0.0,0.0
Eswatini,2009,"Ginger, raw",7.0,0.0,0.0
Eswatini,2010,"Ginger, raw",7.0,0.0,0.0
Eswatini,2011,"Ginger, raw",7.0,0.0,0.0
Eswatini,2012,"Ginger, raw",0.0,0.0,0.0
Eswatini,2013,"Ginger, raw",20.0,0.0,0.0
Eswatini,2014,"Ginger, raw",29.17,0.03,0.0
Eswatini,2015,"Ginger, raw",40.89,0.0,0.0
Eswatini,2016,"Ginger, raw",60.25,0.0,0.0
Eswatini,2017,"Ginger, raw",48.05,0.05,0.0
Eswatini,2018,"Ginger, raw",29.24,0.0,0.0
Eswatini,2019,"Ginger, raw",32.24,0.0,0.0
Eswatini,2020,"Ginger, raw",77.07,0.04,0.0
Eswatini,2021,"Ginger, raw",46.8,0.0,0.0
Eswatini,2023,"Ginger, raw",40.13,0.0,0.0
Ethiopia,1995,"Ginger, raw",0.0,38.0,1176.35
Ethiopia,1996,"Ginger, raw",0.0,38.0,1111.65
Ethiopia,1997,"Ginger, raw",0.0,38.0,1546.68
Ethiopia,1998,"Ginger, raw",0.0,1787.0,2000.0
Ethiopia,1999,"Ginger, raw",0.0,2220.0,2500.0
Ethiopia,2000,"Ginger, raw",0.0,1405.39,3000.0
Ethiopia,2001,"Ginger, raw",0.0,442.0,3500.0
Ethiopia,2002,"Ginger, raw",4.0,1432.0,4000.0
Ethiopia,2003,"Ginger, raw",5.0,1115.0,5000.0
Ethiopia,2004,"Ginger, raw",2.0,7683.0,6000.0
Ethiopia,2005,"Ginger, raw",0.0,8656.0,7000.0
Ethiopia,2007,"Ginger, raw",7.0,9859.0,9000.0
Ethiopia,2008,"Ginger, raw",631.0,10396.0,10000.0
Ethiopia,2009,"Ginger, raw",3.0,10752.0,11000.0
Ethiopia,2010,"Ginger, raw",1.0,10268.0,10607.37
Ethiopia,2011,"Ginger, raw",126.0,7220.0,10392.4
Ethiopia,2012,"Ginger, raw",50.0,10032.0,10000.0
Ethiopia,2013,"Ginger, raw",21.0,12166.0,10000.0
Ethiopia,2014,"Ginger, raw",12.28,2899.52,10002.73
Ethiopia,2016,"Ginger, raw",155.09,116.23,10309.61
Ethiopia,2017,"Ginger, raw",298.0,16.94,10140.15
Ethiopia,2018,"Ginger, raw",313.91,1.89,9973.96
Ethiopia,2019,"Ginger, raw",475.46,40.52,9823.47
Ethiopia,2020,"Ginger, raw",208.79,85.47,9774.11
Ethiopia,2022,"Ginger, raw",114.3,23.98,9756.66
Ethiopia,2023,"Ginger, raw",0.15,42.8,9734.39
Faroe Islands,1995,"Ginger, raw",0.0,0.0,0.0
Faroe Islands,1996,"Ginger, raw",0.0,0.0,0.0
Faroe Islands,1997,"Ginger, raw",0.0,0.0,0.0
Faroe Islands,1998,"Ginger, raw",0.0,0.0,0.0
Faroe Islands,1999,"Ginger, raw",0.0,0.0,0.0
Faroe Islands,2000,"Ginger, raw",0.0,0.0,0.0
Faroe Islands,2001,"Ginger, raw",0.0,0.0,0.0
Faroe Islands,2002,"Ginger, raw",0.0,0.0,0.0
Faroe Islands,2003,"Ginger, raw",1.0,0.0,0.0
Faroe Islands,2004,"Ginger, raw",1.0,0.0,0.0
Faroe Islands,2005,"Ginger, raw",0.0,0.0,0.0
Faroe Islands,2006,"Ginger, raw",0.0,0.0,0.0
Faroe Islands,2007,"Ginger, raw",0.0,0.0,0.0
Faroe Islands,2008,"Ginger, raw",0.0,0.0,0.0
Faroe Islands,2009,"Ginger, raw",1.0,0.0,0.0
Faroe Islands,2010,"Ginger, raw",1.0,0.0,0.0
Faroe Islands,2011,"Ginger, raw",2.0,0.0,0.0
Faroe Islands,2012,"Ginger, raw",2.0,0.0,0.0
Faroe Islands,2013,"Ginger, raw",3.0,0.0,0.0
Faroe Islands,2014,"Ginger, raw",4.41,0.0,0.0
Faroe Islands,2016,"Ginger, raw",12.11,0.0,0.0
Faroe Islands,2017,"Ginger, raw",8.16,0.0,0.0
Faroe Islands,2018,"Ginger, raw",7.71,0.0,0.0
Faroe Islands,2019,"Ginger, raw",8.85,0.0,0.0
Faroe Islands,2020,"Ginger, raw",8.96,0.0,0.0
Faroe Islands,2021,"Ginger, raw",6.61,0.0,0.0
Faroe Islands,2022,"Ginger, raw",9.09,0.0,0.0
Faroe Islands,2023,"Ginger, raw",8.37,0.0,0.0
Fiji,1996,"Ginger, raw",8.0,1031.0,2404.0
Fiji,1997,"Ginger, raw",20.0,962.0,2683.0
Fiji,1998,"Ginger, raw",4.0,920.0,3500.0
Fiji,1999,"Ginger, raw",130.0,630.0,2608.0
Fiji,2002,"Ginger, raw",283.0,911.0,3710.0
Fiji,2003,"Ginger, raw",10.0,1032.0,3290.0
Fiji,2004,"Ginger, raw",30.0,1414.0,3680.0
Fiji,2005,"Ginger, raw",60.0,1395.0,3652.0
Fiji,2006,"Ginger, raw",134.0,1187.0,3210.0
Fiji,2007,"Ginger, raw",10.0,1263.0,3111.0
Fiji,2008,"Ginger, raw",22.0,1395.0,2448.0
Fiji,2009,"Ginger, raw",67.0,1037.0,2208.0
Fiji,2010,"Ginger, raw",185.0,1004.0,2319.0
Fiji,2011,"Ginger, raw",18.0,955.0,2591.0
Fiji,2012,"Ginger, raw",176.0,2064.0,3331.0
Fiji,2013,"Ginger, raw",47.0,1724.0,5908.0
Fiji,2014,"Ginger, raw",72.0,1936.0,5553.36
Fiji,2015,"Ginger, raw",32.0,3166.0,6109.0
Fiji,2016,"Ginger, raw",69.0,1236.0,6548.0
Fiji,2017,"Ginger, raw",129.0,634.0,7584.6
Fiji,2018,"Ginger, raw",159.68,408.67,9894.0
Fiji,2019,"Ginger, raw",18.0,214.97,9398.0
Finland,1993,"Ginger, raw",40.0,1.0,0.0
Finland,1994,"Ginger, raw",50.0,1.0,0.0
Finland,1995,"Ginger, raw",34.0,0.0,0.0
Finland,1996,"Ginger, raw",43.0,0.0,0.0
Finland,1997,"Ginger, raw",80.0,3.0,0.0
Finland,1998,"Ginger, raw",93.0,4.0,0.0
Finland,1999,"Ginger, raw",109.0,3.0,0.0
Finland,2000,"Ginger, raw",117.0,1.0,0.0
Finland,2001,"Ginger, raw",104.0,0.0,0.0
Finland,2002,"Ginger, raw",118.0,1.0,0.0
Finland,2003,"Ginger, raw",124.0,1.0,0.0
Finland,2004,"Ginger, raw",141.0,1.0,0.0
Finland,2005,"Ginger, raw",127.0,2.0,0.0
Finland,2006,"Ginger, raw",130.0,4.0,0.0
Finland,2007,"Ginger, raw",135.0,6.0,0.0
Finland,2008,"Ginger, raw",142.0,2.0,0.0
Finland,2009,"Ginger, raw",166.0,1.0,0.0
Finland,2011,"Ginger, raw",209.0,1.0,0.0
Finland,2012,"Ginger, raw",216.0,1.0,0.0
Finland,2013,"Ginger, raw",239.0,1.0,0.0
Finland,2014,"Ginger, raw",270.95,1.29,0.0
Finland,2016,"Ginger, raw",429.72,0.65,0.0
Finland,2017,"Ginger, raw",563.09,0.52,0.0
Finland,2018,"Ginger, raw",638.95,0.5,0.0
Finland,2019,"Ginger, raw",742.28,7.13,0.0
Finland,2020,"Ginger, raw",743.01,8.28,0.0
Finland,2021,"Ginger, raw",735.88,2.01,0.0
Finland,2022,"Ginger, raw",656.28,1.73,0.0
Finland,2023,"Ginger, raw",558.33,0.72,0.0
France,1993,"Ginger, raw",940.0,44.0,0.0
France,1994,"Ginger, raw",937.0,21.0,0.0
France,1995,"Ginger, raw",1130.0,70.0,0.0
France,1996,"Ginger, raw",1406.0,40.0,0.0
France,1997,"Ginger, raw",1409.0,115.0,0.0
France,1998,"Ginger, raw",1581.0,192.0,0.0
France,1999,"Ginger, raw",1329.0,172.0,0.0
France,2000,"Ginger, raw",1358.0,174.0,0.0
France,2002,"Ginger, raw",1572.0,186.0,0.0
France,2003,"Ginger, raw",1514.0,250.0,0.0
France,2004,"Ginger, raw",1911.0,295.0,0.0
France,2005,"Ginger, raw",2030.0,171.0,0.0
France,2006,"Ginger, raw",2655.0,368.0,0.0
France,2007,"Ginger, raw",1951.0,348.0,0.0
France,2008,"Ginger, raw",2791.0,306.0,0.0
France,2009,"Ginger, raw",3440.0,596.0,0.0
France,2010,"Ginger, raw",3730.0,528.0,0.0
France,2011,"Ginger, raw",3494.0,688.0,0.0
France,2012,"Ginger, raw",4020.0,628.0,0.0
France,2013,"Ginger, raw",3920.0,606.0,0.0
France,2014,"Ginger, raw",4518.47,722.28,0.0
France,2015,"Ginger, raw",5017.57,568.07,0.0
France,2016,"Ginger, raw",5813.38,868.49,0.0
France,2017,"Ginger, raw",6448.16,751.85,0.0
France,2018,"Ginger, raw",7647.58,827.71,0.0
France,2019,"Ginger, raw",9317.96,716.35,0.0
France,2020,"Ginger, raw",9151.24,810.55,0.0
France,2021,"Ginger, raw",8828.87,861.03,0.0
France,2022,"Ginger, raw",9171.12,714.7,0.0
French Polynesia,1994,"Ginger, raw",0.0,0.0,0.0
French Polynesia,1995,"Ginger, raw",0.0,0.0,0.0
French Polynesia,1996,"Ginger, raw",0.0,0.0,0.0
French Polynesia,1997,"Ginger, raw",0.0,0.0,0.0
French Polynesia,1998,"Ginger, raw",0.0,0.0,0.0
French Polynesia,1999,"Ginger, raw",0.0,0.0,0.0
French Polynesia,2000,"Ginger, raw",0.0,0.0,0.0
French Polynesia,2001,"Ginger, raw",1.0,0.0,0.0
French Polynesia,2002,"Ginger, raw",2.0,0.0,0.0
French Polynesia,2003,"Ginger, raw",3.0,0.0,0.0
French Polynesia,2004,"Ginger, raw",3.0,0.0,0.0
French Polynesia,2005,"Ginger, raw",4.0,0.0,0.0
French Polynesia,2006,"Ginger, raw",5.0,0.0,0.0
French Polynesia,2007,"Ginger, raw",6.0,0.0,0.0
French Polynesia,2009,"Ginger, raw",5.0,0.0,0.0
French Polynesia,2010,"Ginger, raw",6.0,0.0,0.0
French Polynesia,2011,"Ginger, raw",5.0,0.0,0.0
French Polynesia,2012,"Ginger, raw",6.0,0.0,0.0
French Polynesia,2013,"Ginger, raw",2.0,0.0,0.0
French Polynesia,2015,"Ginger, raw",2.21,0.0,0.0
French Polynesia,2016,"Ginger, raw",2.15,0.0,0.0
French Polynesia,2018,"Ginger, raw",2.64,0.0,60.0
French Polynesia,2019,"Ginger, raw",1.84,0.0,62.0
French Polynesia,2020,"Ginger, raw",2.12,0.0,60.0
French Polynesia,2021,"Ginger, raw",2.51,0.0,63.0
Gabon,1993,"Ginger, raw",6.0,0.0,0.0
Gabon,1994,"Ginger, raw",1.0,0.0,0.0
Gabon,1995,"Ginger, raw",6.0,0.0,0.0
Gabon,1996,"Ginger, raw",2.0,0.0,0.0
Gabon,1997,"Ginger, raw",3.0,0.0,0.0
Gabon,1998,"Ginger, raw",0.0,0.0,0.0
Gabon,1999,"Ginger, raw",20.0,0.0,0.0
Gabon,2000,"Ginger, raw",22.0,0.0,0.0
Gabon,2001,"Ginger, raw",27.0,0.0,0.0
Gabon,2002,"Ginger, raw",0.0,0.0,0.0
Gabon,2003,"Ginger, raw",16.0,0.0,0.0
Gabon,2004,"Ginger, raw",124.0,0.0,0.0
Gabon,2005,"Ginger, raw",162.0,0.0,0.0
Gabon,2006,"Ginger, raw",141.0,0.0,0.0
Gabon,2007,"Ginger, raw",150.0,0.0,0.0
Gabon,2008,"Ginger, raw",150.0,0.0,0.0
Gabon,2009,"Ginger, raw",150.0,0.0,0.0
Gabon,2010,"Ginger, raw",49.0,0.0,0.0
Gabon,2011,"Ginger, raw",19.0,0.0,0.0
Gabon,2012,"Ginger, raw",0.0,0.0,0.0
Gabon,2013,"Ginger, raw",0.0,0.0,0.0
Gabon,2014,"Ginger, raw",7.96,0.0,0.0
Gabon,2016,"Ginger, raw",0.27,0.0,0.0
Gabon,2017,"Ginger, raw",0.14,0.0,0.0
Gabon,2018,"Ginger, raw",2.47,0.0,0.0
Gabon,2019,"Ginger, raw",14.04,0.0,0.0
Gabon,2020,"Ginger, raw",8.09,0.0,0.0
Gabon,2021,"Ginger, raw",18.05,0.0,0.0
Gabon,2023,"Ginger, raw",4.73,0.0,0.0
Gambia,2010,"Ginger, raw",1.0,0.0,0.0
Gambia,2011,"Ginger, raw",0.0,0.0,0.0
Gambia,2012,"Ginger, raw",16.0,0.0,0.0
Gambia,2013,"Ginger, raw",15.0,0.0,0.0
Gambia,2014,"Ginger, raw",37.72,0.0,0.0
Gambia,2015,"Ginger, raw",0.83,0.0,0.0
Gambia,2018,"Ginger, raw",1.51,0.0,0.0
Gambia,2022,"Ginger, raw",2.66,0.0,0.0
Gambia,2023,"Ginger, raw",14.64,0.01,0.0
Georgia,2007,"Ginger, raw",0.0,0.0,0.0
Georgia,2009,"Ginger, raw",2.0,0.0,0.0
Georgia,2010,"Ginger, raw",2.0,0.0,0.0
Georgia,2011,"Ginger, raw",3.0,0.0,0.0
Georgia,2012,"Ginger, raw",12.0,0.0,0.0
Georgia,2013,"Ginger, raw",83.0,13.0,0.0
Georgia,2014,"Ginger, raw",80.75,17.87,0.0
Georgia,2015,"Ginger, raw",89.75,6.21,0.0
Georgia,2016,"Ginger, raw",176.77,29.99,0.0
Georgia,2017,"Ginger, raw",151.17,43.76,0.0
Georgia,2018,"Ginger, raw",163.74,62.02,0.0
Georgia,2019,"Ginger, raw",165.91,61.88,0.0
Georgia,2020,"Ginger, raw",227.6,67.92,0.0
Georgia,2021,"Ginger, raw",138.23,44.02,0.0
Georgia,2022,"Ginger, raw",173.04,43.43,0.0
Georgia,2023,"Ginger, raw",218.6,83.67,0.0
Germany,1993,"Ginger, raw",1435.0,210.0,0.0
Germany,1994,"Ginger, raw",1534.0,154.0,0.0
Germany,1995,"Ginger, raw",1803.0,148.0,0.0
Germany,1996,"Ginger, raw",1801.0,247.0,0.0
Germany,1997,"Ginger, raw",1720.0,285.0,0.0
Germany,1998,"Ginger, raw",1995.0,253.0,0.0
Germany,1999,"Ginger, raw",1937.0,314.0,0.0
Germany,2000,"Ginger, raw",2310.0,320.0,0.0
Germany,2001,"Ginger, raw",2208.0,296.0,0.0
Germany,2002,"Ginger, raw",2624.0,325.0,0.0
Germany,2003,"Ginger, raw",3112.0,389.0,0.0
Germany,2004,"Ginger, raw",3547.0,740.0,0.0
Germany,2005,"Ginger, raw",3862.0,784.0,0.0
Germany,2006,"Ginger, raw",4074.0,666.0,0.0
Germany,2007,"Ginger, raw",5042.0,714.0,0.0
Germany,2008,"Ginger, raw",5472.0,814.0,0.0
Germany,2009,"Ginger, raw",6293.0,772.0,0.0
Germany,2010,"Ginger, raw",8405.0,964.0,0.0
Germany,2011,"Ginger, raw",10841.0,1455.0,0.0
Germany,2012,"Ginger, raw",12678.0,1675.0,0.0
Germany,2013,"Ginger, raw",12576.0,2390.0,0.0
Germany,2014,"Ginger, raw",14400.73,2833.44,0.0
Germany,2015,"Ginger, raw",14044.68,3140.02,0.0
Germany,2016,"Ginger, raw",19512.69,3372.83,0.0
Germany,2017,"Ginger, raw",22054.97,3400.48,0.0
Germany,2018,"Ginger, raw",22931.17,3825.58,0.0
Germany,2019,"Ginger, raw",25441.88,3698.31,0.0
Germany,2020,"Ginger, raw",27984.4,4608.1,0.0
Germany,2021,"Ginger, raw",35562.43,7399.13,0.0
Germany,2022,"Ginger, raw",37758.35,8474.51,0.0
Germany,2023,"Ginger, raw",32170.67,9930.89,0.0
Ghana,2001,"Ginger, raw",3.0,8.0,64.67
Ghana,2002,"Ginger, raw",3.0,4.0,65.73
Ghana,2003,"Ginger, raw",4.0,29.0,67.09
Ghana,2004,"Ginger, raw",0.0,28.0,66.78
Ghana,2005,"Ginger, raw",2.0,27.0,69.41
Ghana,2007,"Ginger, raw",1.0,14.0,75.03
Ghana,2008,"Ginger, raw",4.0,31.0,76.33
Ghana,2009,"Ginger, raw",2.0,39.0,77.71
Ghana,2010,"Ginger, raw",3.0,2.0,79.14
Ghana,2011,"Ginger, raw",16.0,27.0,88.0
Ghana,2012,"Ginger, raw",13.0,1.0,90.0
Ghana,2013,"Ginger, raw",8.0,69.0,90.3
Ghana,2014,"Ginger, raw",67.9,94.65,91.27
Ghana,2015,"Ginger, raw",62.38,70.08,94.02
Ghana,2017,"Ginger, raw",1134.15,62.8,93.85
Ghana,2018,"Ginger, raw",442.3,146.04,97.16
Ghana,2019,"Ginger, raw",38.58,118.44,95.76
Ghana,2020,"Ginger, raw",133.09,66.44,95.59
Ghana,2021,"Ginger, raw",89.01,31.18,96.17
Ghana,2022,"Ginger, raw",81.87,111.19,95.84
Ghana,2023,"Ginger, raw",50.73,100.46,95.87
Greece,1993,"Ginger, raw",26.0,0.0,0.0
Greece,1994,"Ginger, raw",37.0,0.0,0.0
Greece,1995,"Ginger, raw",20.0,0.0,0.0
Greece,1996,"Ginger, raw",35.0,0.0,0.0
Greece,1997,"Ginger, raw",24.0,2.0,0.0
Greece,1998,"Ginger, raw",34.0,1.0,0.0
Greece,1999,"Ginger, raw",75.0,3.0,0.0
Greece,2000,"Ginger, raw",53.0,0.0,0.0
Greece,2001,"Ginger, raw",59.0,0.0,0.0
Greece,2002,"Ginger, raw",85.0,0.0,0.0
Greece,2003,"Ginger, raw",47.0,0.0,0.0
Greece,2004,"Ginger, raw",61.0,0.0,0.0
Greece,2005,"Ginger, raw",44.0,1.0,0.0
Greece,2006,"Ginger, raw",70.0,0.0,0.0
Greece,2007,"Ginger, raw",72.0,2.0,0.0
Greece,2008,"Ginger, raw",68.0,1.0,0.0
Greece,2009,"Ginger, raw",77.0,0.0,0.0
Greece,2010,"Ginger, raw",54.0,0.0,0.0
Greece,2011,"Ginger, raw",129.0,1.0,0.0
Greece,2012,"Ginger, raw",172.0,2.0,0.0
Greece,2013,"Ginger, raw",210.0,5.0,0.0
Greece,2014,"Ginger, raw",303.93,2.72,0.0
Greece,2015,"Ginger, raw",581.36,2.42,0.0
Greece,2016,"Ginger, raw",802.73,9.93,0.0
Greece,2017,"Ginger, raw",944.22,16.76,0.0
Greece,2018,"Ginger, raw",1113.6,137.14,0.0
Greece,2019,"Ginger, raw",1053.71,177.53,0.0
Greece,2021,"Ginger, raw",1221.65,154.05,0.0
Greece,2022,"Ginger, raw",1471.12,200.62,0.0
Greece,2023,"Ginger, raw",1019.72,160.66,0.0
Grenada,2002,"Ginger, raw",1.0,0.0,18.0
Grenada,2003,"Ginger, raw",0.0,0.0,18.0
Grenada,2004,"Ginger, raw",2.0,0.0,18.0
Grenada,2006,"Ginger, raw",3.0,0.0,11.0
Grenada,2007,"Ginger, raw",0.0,0.0,19.0
Grenada,2008,"Ginger, raw",0.0,0.0,32.0
Grenada,2010,"Ginger, raw",1.0,0.0,61.63
Grenada,2011,"Ginger, raw",1.0,0.0,77.41
Grenada,2012,"Ginger, raw",1.0,0.0,84.16
Grenada,2013,"Ginger, raw",2.0,0.0,97.0
Grenada,2015,"Ginger, raw",0.02,0.0,324.0
Grenada,2016,"Ginger, raw",7.54,0.05,299.0
Grenada,2017,"Ginger, raw",9.51,0.03,357.0
Grenada,2018,"Ginger, raw",10.38,0.27,286.0
Grenada,2019,"Ginger, raw",21.12,0.07,179.0
Grenada,2020,"Ginger, raw",17.26,0.12,306.0
Grenada,2022,"Ginger, raw",14.87,0.0,164.0
Grenada,2023,"Ginger, raw",17.0,0.02,130.0
Guatemala,1998,"Ginger, raw",7.0,32.0,0.0
Guatemala,1999,"Ginger, raw",5.49,37.88,0.0
Guatemala,2000,"Ginger, raw",12.24,29.34,0.0
Guatemala,2001,"Ginger, raw",7.0,28.0,0.0
Guatemala,2002,"Ginger, raw",24.0,17.0,0.0
Guatemala,2003,"Ginger, raw",8.0,18.0,0.0
Guatemala,2004,"Ginger, raw",5.0,26.0,0.0
Guatemala,2005,"Ginger, raw",25.0,19.0,0.0
Guatemala,2006,"Ginger, raw",16.0,7.0,0.0
Guatemala,2007,"Ginger, raw",19.0,69.0,0.0
Guatemala,2008,"Ginger, raw",27.0,18.0,0.0
Guatemala,2009,"Ginger, raw",61.0,13.0,0.0
Guatemala,2010,"Ginger, raw",75.0,55.0,0.0
Guatemala,2011,"Ginger, raw",56.0,25.0,0.0
Guatemala,2012,"Ginger, raw",15.0,23.0,0.0
Guatemala,2013,"Ginger, raw",21.0,33.0,0.0
Guatemala,2014,"Ginger, raw",5.46,34.08,0.0
Guatemala,2015,"Ginger, raw",9.1,52.44,0.0
Guatemala,2016,"Ginger, raw",20.65,38.23,0.0
Guatemala,2017,"Ginger, raw",24.81,42.77,0.0
Guatemala,2018,"Ginger, raw",21.68,106.83,0.0
Guatemala,2019,"Ginger, raw",21.41,142.72,0.0
Guatemala,2020,"Ginger, raw",118.27,488.27,0.0
Guatemala,2021,"Ginger, raw",469.97,354.77,0.0
Guatemala,2022,"Ginger, raw",317.18,564.59,0.0
Guatemala,2023,"Ginger, raw",301.67,272.05,0.0
Guinea,2016,"Ginger, raw",0.34,0.0,0.0
Guinea,2017,"Ginger, raw",20.28,44.73,0.0
Guinea,2018,"Ginger, raw",9.09,2.8,0.0
Guinea,2020,"Ginger, raw",3.23,2.08,0.0
Guinea,2021,"Ginger, raw",4.75,0.3,0.0
Guinea,2022,"Ginger, raw",3.25,9.88,0.0
Guinea-Bissau,2016,"Ginger, raw",0.01,0.0,0.0
Guinea-Bissau,2017,"Ginger, raw",0.03,0.0,0.0
Guinea-Bissau,2018,"Ginger, raw",0.03,0.0,0.0
Guinea-Bissau,2019,"Ginger, raw",0.01,0.0,0.0
Guinea-Bissau,2020,"Ginger, raw",0.1,0.0,0.0
Guinea-Bissau,2021,"Ginger, raw",0.1,0.0,0.0
Guinea-Bissau,2023,"Ginger, raw",0.11,0.0,0.0
Guyana,1997,"Ginger, raw",3.0,25.0,520.0
Guyana,1998,"Ginger, raw",7.0,5.0,478.49
Guyana,1999,"Ginger, raw",4.0,15.0,472.76
Guyana,2000,"Ginger, raw",0.0,26.0,522.0
Guyana,2001,"Ginger, raw",7.0,18.0,522.0
Guyana,2002,"Ginger, raw",3.0,53.0,491.74
Guyana,2003,"Ginger, raw",2.0,42.0,522.41
Guyana,2004,"Ginger, raw",3.0,97.0,533.07
Guyana,2005,"Ginger, raw",0.0,37.0,559.63
Guyana,2006,"Ginger, raw",18.0,64.0,520.0
Guyana,2007,"Ginger, raw",75.0,83.0,485.62
Guyana,2008,"Ginger, raw",19.0,72.0,404.95
Guyana,2009,"Ginger, raw",80.0,72.0,222.97
Guyana,2010,"Ginger, raw",10.0,106.0,86.0
Guyana,2011,"Ginger, raw",9.0,49.0,144.0
Guyana,2012,"Ginger, raw",18.0,44.0,762.0
Guyana,2013,"Ginger, raw",31.0,34.0,1915.0
Guyana,2014,"Ginger, raw",35.06,76.82,5917.0
Guyana,2016,"Ginger, raw",22.07,141.76,24014.0
Guyana,2017,"Ginger, raw",23.42,73.83,26150.0
Guyana,2018,"Ginger, raw",13.12,94.86,27958.7
Guyana,2019,"Ginger, raw",18.24,94.4,32507.74
Guyana,2020,"Ginger, raw",25.56,69.64,34015.7
Guyana,2021,"Ginger, raw",30.57,81.11,35512.23
Guyana,2022,"Ginger, raw",51.11,1.46,46472.88
Guyana,2023,"Ginger, raw",67.43,4.23,51168.61
Haiti,2014,"Ginger, raw",1.34,0.0,0.0
Haiti,2015,"Ginger, raw",3.51,0.0,0.0
Haiti,2016,"Ginger, raw",0.95,0.02,0.0
Haiti,2017,"Ginger, raw",3.0,0.0,0.0
Haiti,2019,"Ginger, raw",0.08,0.01,0.0
Haiti,2020,"Ginger, raw",0.09,0.0,0.0
Haiti,2021,"Ginger, raw",0.08,0.0,0.0
Honduras,1994,"Ginger, raw",8.0,282.0,0.0
Honduras,1995,"Ginger, raw",3.0,167.0,0.0
Honduras,1996,"Ginger, raw",2.0,466.0,0.0
Honduras,1997,"Ginger, raw",0.0,0.0,0.0
Honduras,1998,"Ginger, raw",1.0,384.0,0.0
Honduras,1999,"Ginger, raw",1.0,131.0,0.0
Honduras,2000,"Ginger, raw",0.0,94.0,0.0
Honduras,2001,"Ginger, raw",0.0,0.0,0.0
Honduras,2002,"Ginger, raw",0.0,0.0,0.0
Honduras,2005,"Ginger, raw",0.0,0.0,0.0
Honduras,2006,"Ginger, raw",0.0,0.0,0.0
Honduras,2007,"Ginger, raw",0.0,0.0,0.0
Honduras,2008,"Ginger, raw",0.0,0.0,0.0
Honduras,2009,"Ginger, raw",0.0,0.0,0.0
Honduras,2010,"Ginger, raw",0.0,0.0,0.0
Honduras,2011,"Ginger, raw",0.0,0.0,0.0
Honduras,2012,"Ginger, raw",8.0,114.0,0.0
Honduras,2013,"Ginger, raw",8.0,113.0,0.0
Honduras,2014,"Ginger, raw",11.89,108.89,0.0
Honduras,2016,"Ginger, raw",12.33,199.82,0.0
Honduras,2017,"Ginger, raw",7.1,75.17,0.0
Honduras,2018,"Ginger, raw",4.07,176.69,0.0
Honduras,2019,"Ginger, raw",6.91,680.96,0.0
Honduras,2020,"Ginger, raw",26.22,1493.14,0.0
Honduras,2021,"Ginger, raw",54.5,1847.11,0.0
Honduras,2023,"Ginger, raw",3.0,1641.88,0.0
Hungary,1993,"Ginger, raw",33.0,0.0,0.0
Hungary,1994,"Ginger, raw",29.0,0.0,0.0
Hungary,1995,"Ginger, raw",45.0,0.0,0.0
Hungary,1996,"Ginger, raw",64.0,0.0,0.0
Hungary,1997,"Ginger, raw",52.0,0.0,0.0
Hungary,1999,"Ginger, raw",59.0,2.0,0.0
Hungary,2000,"Ginger, raw",54.8,0.0,0.0
Hungary,2001,"Ginger, raw",61.0,0.0,0.0
Hungary,2002,"Ginger, raw",63.0,1.0,0.0
Hungary,2003,"Ginger, raw",80.0,0.0,0.0
Hungary,2004,"Ginger, raw",64.0,0.0,0.0
Hungary,2006,"Ginger, raw",101.0,0.0,0.0
Hungary,2007,"Ginger, raw",47.0,2.0,0.0
Hungary,2008,"Ginger, raw",82.0,0.0,0.0
Hungary,2009,"Ginger, raw",87.0,0.0,0.0
Hungary,2010,"Ginger, raw",108.0,0.0,0.0
Hungary,2011,"Ginger, raw",118.0,23.0,0.0
Hungary,2012,"Ginger, raw",193.0,24.0,0.0
Hungary,2013,"Ginger, raw",185.0,0.0,0.0
Hungary,2014,"Ginger, raw",246.79,0.52,0.0
Hungary,2015,"Ginger, raw",391.53,2.55,0.0
Hungary,2016,"Ginger, raw",676.6,0.62,0.0
Hungary,2017,"Ginger, raw",682.69,0.73,0.0
Hungary,2018,"Ginger, raw",706.82,0.8,0.0
Hungary,2019,"Ginger, raw",941.9,171.72,0.0
Hungary,2020,"Ginger, raw",1156.62,452.79,0.0
Hungary,2021,"Ginger, raw",1225.62,263.86,0.0
Hungary,2022,"Ginger, raw",1279.11,377.44,0.0
Hungary,2023,"Ginger, raw",1010.25,327.83,0.0
Iceland,1993,"Ginger, raw",4.0,0.0,0.0
Iceland,1994,"Ginger, raw",4.0,0.0,0.0
Iceland,1995,"Ginger, raw",4.0,0.0,0.0
Iceland,1996,"Ginger, raw",6.0,0.0,0.0
Iceland,1997,"Ginger, raw",7.0,0.0,0.0
Iceland,1998,"Ginger, raw",9.0,0.0,0.0
Iceland,1999,"Ginger, raw",11.0,0.0,0.0
Iceland,2000,"Ginger, raw",13.41,0.0,0.0
Iceland,2001,"Ginger, raw",16.0,0.0,0.0
Iceland,2002,"Ginger, raw",17.0,0.0,0.0
Iceland,2003,"Ginger, raw",24.0,0.0,0.0
Iceland,2004,"Ginger, raw",28.0,0.0,0.0
Iceland,2005,"Ginger, raw",32.0,0.0,0.0
Iceland,2006,"Ginger, raw",36.0,0.0,0.0
Iceland,2007,"Ginger, raw",39.0,0.0,0.0
Iceland,2008,"Ginger, raw",44.0,0.0,0.0
Iceland,2009,"Ginger, raw",55.0,0.0,0.0
Iceland,2010,"Ginger, raw",97.0,0.0,0.0
Iceland,2011,"Ginger, raw",127.0,0.0,0.0
Iceland,2012,"Ginger, raw",124.0,0.0,0.0
Iceland,2013,"Ginger, raw",137.0,0.0,0.0
Iceland,2014,"Ginger, raw",124.67,0.04,0.0
Iceland,2015,"Ginger, raw",148.61,0.0,0.0
Iceland,2016,"Ginger, raw",148.26,0.05,0.0
Iceland,2017,"Ginger, raw",167.67,0.0,0.0
Iceland,2018,"Ginger, raw",151.27,0.0,0.0
Iceland,2019,"Ginger, raw",146.12,0.0,0.0
Iceland,2020,"Ginger, raw",114.46,0.0,0.0
Iceland,2021,"Ginger, raw",165.89,0.0,0.0
Iceland,2022,"Ginger, raw",128.3,0.0,0.0
Iceland,2023,"Ginger, raw",120.0,0.0,0.0
India,1993,"Ginger, raw",3595.0,18442.0,186200.0
India,1994,"Ginger, raw",5443.0,12022.0,171200.0
India,1995,"Ginger, raw",7465.0,18483.0,171000.0
India,1996,"Ginger, raw",9412.0,29737.0,232500.0
India,1997,"Ginger, raw",11826.0,28309.0,252000.0
India,1998,"Ginger, raw",9233.0,8772.0,263000.0
India,1999,"Ginger, raw",11336.09,8855.03,263200.0
India,2000,"Ginger, raw",12807.0,6934.0,235000.0
India,2001,"Ginger, raw",12651.0,5878.0,230000.0
India,2002,"Ginger, raw",17693.0,8531.0,268447.28
India,2003,"Ginger, raw",34281.0,4608.0,280200.0
India,2004,"Ginger, raw",18439.0,14552.0,301900.0
India,2005,"Ginger, raw",24969.0,10890.0,359000.0
India,2006,"Ginger, raw",32684.0,9661.0,391200.0
India,2007,"Ginger, raw",47858.0,8333.0,393400.0
India,2008,"Ginger, raw",42353.0,8836.0,390080.0
India,2009,"Ginger, raw",41814.0,12175.0,380100.0
India,2010,"Ginger, raw",22287.0,20384.0,385330.0
India,2011,"Ginger, raw",24111.0,29747.0,702000.0
India,2012,"Ginger, raw",48715.0,32821.0,756000.0
India,2013,"Ginger, raw",38416.0,25912.0,683000.0
India,2015,"Ginger, raw",22090.87,31340.9,760000.0
India,2016,"Ginger, raw",23547.83,19190.66,1109000.0
India,2017,"Ginger, raw",17796.36,24416.06,1070000.0
India,2018,"Ginger, raw",21406.28,20722.83,1762000.0
India,2019,"Ginger, raw",22077.78,26864.25,1788000.0
India,2020,"Ginger, raw",15983.35,105116.51,1868000.0
India,2021,"Ginger, raw",10972.8,170342.37,2225000.0
India,2022,"Ginger, raw",27645.47,79117.11,2219000.0
India,2023,"Ginger, raw",36550.62,53414.87,2201000.0
Indonesia,1995,"Ginger, raw",147.0,39625.0,82631.0
Indonesia,1996,"Ginger, raw",151.0,44160.0,80471.0
Indonesia,1997,"Ginger, raw",41.0,34564.0,81176.0
Indonesia,1998,"Ginger, raw",7.0,33315.0,92968.0
Indonesia,1999,"Ginger, raw",19.0,43193.0,120851.0
Indonesia,2001,"Ginger, raw",45.0,8149.0,128437.0
Indonesia,2002,"Ginger, raw",126.0,7470.0,118496.38
Indonesia,2003,"Ginger, raw",7.0,4515.0,125386.0
Indonesia,2005,"Ginger, raw",1007.0,2402.0,125827.0
Indonesia,2006,"Ginger, raw",1408.0,1712.0,177138.0
Indonesia,2007,"Ginger, raw",780.0,3859.0,178502.0
Indonesia,2008,"Ginger, raw",184.0,11137.0,154963.0
Indonesia,2009,"Ginger, raw",574.0,7326.0,122181.0
Indonesia,2010,"Ginger, raw",1918.0,4212.0,107735.0
Indonesia,2011,"Ginger, raw",22381.0,1176.0,94743.0
Indonesia,2012,"Ginger, raw",22885.0,1014.0,114538.0
Indonesia,2013,"Ginger, raw",6308.0,22472.0,155286.29
Indonesia,2015,"Ginger, raw",6857.94,25935.37,313064.07
Indonesia,2016,"Ginger, raw",403.92,21934.24,340341.0
Indonesia,2017,"Ginger, raw",99.44,22795.02,216587.0
Indonesia,2018,"Ginger, raw",3886.09,3202.87,207411.87
Indonesia,2019,"Ginger, raw",22507.91,4128.7,174380.0
Indonesia,2020,"Ginger, raw",19252.68,2370.47,183518.0
Indonesia,2021,"Ginger, raw",8444.3,3269.45,307242.0
Indonesia,2022,"Ginger, raw",686.19,6447.77,247455.49
Iran (Islamic Republic of),1997,"Ginger, raw",2.0,0.0,0.0
Iran (Islamic Republic of),1998,"Ginger, raw",67.0,0.0,0.0
Iran (Islamic Republic of),1999,"Ginger, raw",63.0,0.0,0.0
Iran (Islamic Republic of),2000,"Ginger, raw",137.95,0.0,0.0
Iran (Islamic Republic of),2002,"Ginger, raw",582.0,0.0,0.0
Iran (Islamic Republic of),2003,"Ginger, raw",629.0,0.0,0.0
Iran (Islamic Republic of),2004,"Ginger, raw",344.0,0.0,0.0
Iran (Islamic Republic of),2005,"Ginger, raw",750.0,0.0,0.0
Iran (Islamic Republic of),2006,"Ginger, raw",1302.0,0.0,0.0
Iran (Islamic Republic of),2007,"Ginger, raw",934.0,3.0,0.0
Iran (Islamic Republic of),2008,"Ginger, raw",968.0,2.0,0.0
Iran (Islamic Republic of),2009,"Ginger, raw",419.0,2.0,0.0
Iran (Islamic Republic of),2010,"Ginger, raw",1350.0,0.0,0.0
Iran (Islamic Republic of),2011,"Ginger, raw",2422.0,0.0,0.0
Iran (Islamic Republic of),2012,"Ginger, raw",870.0,0.0,0.0
Iran (Islamic Republic of),2013,"Ginger, raw",439.0,0.0,0.0
Iran (Islamic Republic of),2014,"Ginger, raw",1394.64,2.53,0.0
Iran (Islamic Republic of),2015,"Ginger, raw",2300.57,13.97,0.0
Iran (Islamic Republic of),2016,"Ginger, raw",4689.18,0.9,0.0
Iran (Islamic Republic of),2017,"Ginger, raw",5191.0,0.43,0.0
Iran (Islamic Republic of),2018,"Ginger, raw",3217.16,42.23,0.0
Iran (Islamic Republic of),2019,"Ginger, raw",3019.73,26.51,0.0
Iran (Islamic Republic of),2020,"Ginger, raw",5117.64,9.08,0.0
Iran (Islamic Republic of),2021,"Ginger, raw",5210.65,9.78,0.0
Iran (Islamic Republic of),2023,"Ginger, raw",3017.18,4.71,0.0
Iraq,2014,"Ginger, raw",87.0,0.0,0.0
Iraq,2015,"Ginger, raw",239.17,0.0,0.0
Iraq,2016,"Ginger, raw",552.94,0.0,0.0
Iraq,2017,"Ginger, raw",648.86,0.0,0.0
Iraq,2018,"Ginger, raw",1817.05,0.01,0.0
Iraq,2019,"Ginger, raw",1489.5,0.33,0.0
Iraq,2020,"Ginger, raw",2343.5,0.0,0.0
Iraq,2021,"Ginger, raw",1973.52,0.35,0.0
Iraq,2022,"Ginger, raw",2011.53,0.0,0.0
Iraq,2023,"Ginger, raw",2058.77,0.0,0.0
Ireland,1993,"Ginger, raw",74.0,0.0,0.0
Ireland,1994,"Ginger, raw",95.0,0.0,0.0
Ireland,1996,"Ginger, raw",83.0,0.0,0.0
Ireland,1997,"Ginger, raw",87.0,0.0,0.0
Ireland,1998,"Ginger, raw",81.0,0.0,0.0
Ireland,2000,"Ginger, raw",627.0,0.0,0.0
Ireland,2001,"Ginger, raw",107.0,0.0,0.0
Ireland,2002,"Ginger, raw",145.0,0.0,0.0
Ireland,2003,"Ginger, raw",122.0,1.0,0.0
Ireland,2004,"Ginger, raw",175.0,0.0,0.0
Ireland,2005,"Ginger, raw",125.0,0.0,0.0
Ireland,2006,"Ginger, raw",169.0,6.0,0.0
Ireland,2007,"Ginger, raw",210.0,6.0,0.0
Ireland,2008,"Ginger, raw",341.0,4.0,0.0
Ireland,2009,"Ginger, raw",431.0,0.0,0.0
Ireland,2010,"Ginger, raw",367.0,0.0,0.0
Ireland,2012,"Ginger, raw",394.0,0.0,0.0
Ireland,2013,"Ginger, raw",472.0,0.0,0.0
Ireland,2014,"Ginger, raw",468.77,0.3,0.0
Ireland,2015,"Ginger, raw",527.35,0.0,0.0
Ireland,2016,"Ginger, raw",513.98,0.55,0.0
Ireland,2017,"Ginger, raw",880.77,0.9,0.0
Ireland,2018,"Ginger, raw",743.08,1.61,0.0
Ireland,2019,"Ginger, raw",726.83,3.26,0.0
Ireland,2020,"Ginger, raw",727.64,3.31,0.0
Ireland,2021,"Ginger, raw",857.21,5.11,0.0
Ireland,2022,"Ginger, raw",891.29,24.9,0.0
Israel,1993,"Ginger, raw",50.0,0.0,0.0
Israel,1994,"Ginger, raw",120.0,0.0,0.0
Israel,1995,"Ginger, raw",160.0,0.0,0.0
Israel,1996,"Ginger, raw",200.0,0.0,0.0
Israel,1997,"Ginger, raw",200.0,0.0,0.0
Israel,1998,"Ginger, raw",200.0,0.0,0.0
Israel,1999,"Ginger, raw",190.0,0.0,0.0
Israel,2001,"Ginger, raw",185.0,0.0,0.0
Israel,2002,"Ginger, raw",170.0,0.0,0.0
Israel,2003,"Ginger, raw",194.0,0.0,0.0
Israel,2004,"Ginger, raw",365.0,0.0,0.0
Israel,2005,"Ginger, raw",569.0,0.0,0.0
Israel,2006,"Ginger, raw",349.0,3.0,0.0
Israel,2007,"Ginger, raw",378.0,4.0,0.0
Israel,2008,"Ginger, raw",484.0,5.0,0.0
Israel,2009,"Ginger, raw",318.0,0.0,0.0
Israel,2010,"Ginger, raw",496.0,0.0,0.0
Israel,2011,"Ginger, raw",708.0,70.0,0.0
Israel,2012,"Ginger, raw",690.0,0.0,0.0
Israel,2014,"Ginger, raw",808.68,18.57,0.0
Israel,2015,"Ginger, raw",1088.93,3.97,0.0
Israel,2016,"Ginger, raw",998.32,43.94,0.0
Israel,2017,"Ginger, raw",1542.17,23.33,0.0
Israel,2018,"Ginger, raw",1682.04,26.11,0.0
Israel,2019,"Ginger, raw",1547.61,17.48,0.0
Israel,2020,"Ginger, raw",2205.33,16.0,0.0
Israel,2021,"Ginger, raw",2598.46,2.38,0.0
Israel,2022,"Ginger, raw",2394.46,33.38,0.0
Israel,2023,"Ginger, raw",1855.13,0.0,0.0
Italy,1993,"Ginger, raw",93.0,8.0,0.0
Italy,1994,"Ginger, raw",162.0,32.0,0.0
Italy,1995,"Ginger, raw",133.0,20.0,0.0
Italy,1996,"Ginger, raw",165.0,27.0,0.0
Italy,1997,"Ginger, raw",247.0,17.0,0.0
Italy,1998,"Ginger, raw",329.0,0.0,0.0
Italy,1999,"Ginger, raw",459.0,5.0,0.0
Italy,2000,"Ginger, raw",609.0,12.0,0.0
Italy,2001,"Ginger, raw",595.0,12.0,0.0
Italy,2002,"Ginger, raw",888.0,12.0,0.0
Italy,2003,"Ginger, raw",774.0,31.0,0.0
Italy,2004,"Ginger, raw",929.0,41.0,0.0
Italy,2005,"Ginger, raw",938.0,30.0,0.0
Italy,2006,"Ginger, raw",1008.0,18.0,0.0
Italy,2007,"Ginger, raw",1247.0,22.0,0.0
Italy,2008,"Ginger, raw",1627.0,35.0,0.0
Italy,2009,"Ginger, raw",1636.0,157.0,0.0
Italy,2010,"Ginger, raw",1534.0,136.0,0.0
Italy,2011,"Ginger, raw",2144.0,384.0,0.0
Italy,2012,"Ginger, raw",2315.0,442.0,0.0
Italy,2013,"Ginger, raw",2569.0,523.0,0.0
Italy,2014,"Ginger, raw",3183.83,1427.76,0.0
Italy,2015,"Ginger, raw",4394.1,1503.48,0.0
Italy,2016,"Ginger, raw",8882.04,1540.71,0.0
Italy,2017,"Ginger, raw",9651.43,1596.51,0.0
Italy,2018,"Ginger, raw",8654.22,1636.99,0.0
Italy,2019,"Ginger, raw",7880.42,1669.63,0.0
Italy,2021,"Ginger, raw",6945.93,1255.44,0.0
Italy,2022,"Ginger, raw",6853.32,1097.6,0.0
Italy,2023,"Ginger, raw",6524.65,1210.78,0.0
Jamaica,1993,"Ginger, raw",7.0,17.0,730.0
Jamaica,1994,"Ginger, raw",6.0,34.0,782.0
Jamaica,1995,"Ginger, raw",7.0,34.0,452.0
Jamaica,1996,"Ginger, raw",11.0,16.0,617.0
Jamaica,1997,"Ginger, raw",0.0,51.0,513.0
Jamaica,1998,"Ginger, raw",3.0,30.0,377.0
Jamaica,1999,"Ginger, raw",38.0,8.0,276.0
Jamaica,2000,"Ginger, raw",5.0,11.0,229.0
Jamaica,2001,"Ginger, raw",113.0,2.0,250.0
Jamaica,2002,"Ginger, raw",31.0,10.0,295.0
Jamaica,2003,"Ginger, raw",25.0,21.0,402.0
Jamaica,2004,"Ginger, raw",108.0,17.0,361.0
Jamaica,2006,"Ginger, raw",15.0,8.0,259.0
Jamaica,2007,"Ginger, raw",103.0,75.0,241.0
Jamaica,2008,"Ginger, raw",112.0,46.0,298.0
Jamaica,2009,"Ginger, raw",66.0,82.0,459.0
Jamaica,2010,"Ginger, raw",79.0,102.0,486.0
Jamaica,2012,"Ginger, raw",79.0,93.0,1082.0
Jamaica,2013,"Ginger, raw",111.0,73.0,1198.0
Jamaica,2014,"Ginger, raw",46.12,88.2,1274.0
Jamaica,2015,"Ginger, raw",32.97,132.49,1286.0
Jamaica,2016,"Ginger, raw",86.29,113.59,790.0
Jamaica,2017,"Ginger, raw",128.6,88.69,600.0
Jamaica,2019,"Ginger, raw",119.31,77.88,712.0
Jamaica,2020,"Ginger, raw",94.2,98.37,869.0
Jamaica,2021,"Ginger, raw",138.27,119.74,979.0
Jamaica,2023,"Ginger, raw",168.33,124.18,941.0
Japan,1993,"Ginger, raw",48186.0,32.0,28000.0
Japan,1994,"Ginger, raw",54489.0,133.0,28559.79
Japan,1995,"Ginger, raw",83292.0,28.0,28675.26
Japan,1996,"Ginger, raw",78969.0,81.0,29035.78
Japan,1997,"Ginger, raw",91168.0,38.0,29425.29
Japan,1998,"Ginger, raw",91035.0,13.0,30000.0
Japan,1999,"Ginger, raw",91684.0,26.0,30467.21
Japan,2000,"Ginger, raw",104379.1,17.46,31091.03
Japan,2001,"Ginger, raw",109320.0,25.0,31978.95
Japan,2002,"Ginger, raw",97740.0,41.0,32100.0
Japan,2003,"Ginger, raw",109211.0,92.0,31200.0
Japan,2004,"Ginger, raw",101208.0,158.0,38400.0
Japan,2005,"Ginger, raw",89208.0,51.0,39400.0
Japan,2006,"Ginger, raw",88465.0,61.0,38100.0
Japan,2007,"Ginger, raw",85355.0,124.0,42700.0
Japan,2008,"Ginger, raw",86408.0,55.0,49800.0
Japan,2009,"Ginger, raw",65313.0,96.0,53200.0
Japan,2010,"Ginger, raw",65366.0,18.0,53800.0
Japan,2011,"Ginger, raw",65459.0,23.0,54200.0
Japan,2013,"Ginger, raw",67148.0,13.0,52923.21
Japan,2014,"Ginger, raw",60740.83,17.53,50899.34
Japan,2015,"Ginger, raw",60908.72,31.16,49400.0
Japan,2016,"Ginger, raw",68839.85,19.41,50800.0
Japan,2017,"Ginger, raw",66872.61,25.71,48300.0
Japan,2018,"Ginger, raw",64321.67,23.43,46600.0
Japan,2019,"Ginger, raw",64219.32,23.84,46500.0
Japan,2020,"Ginger, raw",57163.76,22.24,44700.0
Japan,2022,"Ginger, raw",62113.59,30.98,46200.0
Jordan,1995,"Ginger, raw",25.0,0.0,0.0
Jordan,1997,"Ginger, raw",12.0,0.0,0.0
Jordan,1998,"Ginger, raw",66.0,0.0,0.0
Jordan,1999,"Ginger, raw",94.0,0.0,0.0
Jordan,2000,"Ginger, raw",88.25,0.0,0.0
Jordan,2001,"Ginger, raw",66.0,0.0,0.0
Jordan,2002,"Ginger, raw",57.0,0.0,0.0
Jordan,2003,"Ginger, raw",38.0,0.0,0.0
Jordan,2004,"Ginger, raw",42.0,0.0,0.0
Jordan,2005,"Ginger, raw",165.0,23.0,0.0
Jordan,2006,"Ginger, raw",516.0,0.0,0.0
Jordan,2007,"Ginger, raw",459.0,8.0,0.0
Jordan,2008,"Ginger, raw",516.0,13.0,0.0
Jordan,2009,"Ginger, raw",509.0,49.0,0.0
Jordan,2010,"Ginger, raw",386.0,150.0,0.0
Jordan,2011,"Ginger, raw",635.0,60.0,0.0
Jordan,2012,"Ginger, raw",987.0,121.0,0.0
Jordan,2013,"Ginger, raw",613.0,45.0,0.0
Jordan,2014,"Ginger, raw",747.67,81.14,0.0
Jordan,2015,"Ginger, raw",966.79,110.47,0.0
Jordan,2016,"Ginger, raw",1229.18,86.5,0.0
Jordan,2017,"Ginger, raw",1186.64,283.98,0.0
Jordan,2018,"Ginger, raw",1380.22,267.76,0.0
Jordan,2019,"Ginger, raw",1137.52,116.81,0.0
Jordan,2020,"Ginger, raw",912.99,58.31,0.0
Jordan,2021,"Ginger, raw",1533.63,156.75,0.0
Jordan,2022,"Ginger, raw",1165.97,193.76,0.0
Jordan,2023,"Ginger, raw",1121.07,172.84,0.0
Kazakhstan,2000,"Ginger, raw",4.0,0.0,0.0
Kazakhstan,2001,"Ginger, raw",2.0,0.0,0.0
Kazakhstan,2003,"Ginger, raw",0.0,0.0,0.0
Kazakhstan,2004,"Ginger, raw",1.0,0.0,0.0
Kazakhstan,2005,"Ginger, raw",1.0,0.0,0.0
Kazakhstan,2006,"Ginger, raw",2.0,0.0,0.0
Kazakhstan,2007,"Ginger, raw",2.0,0.0,0.0
Kazakhstan,2008,"Ginger, raw",5.0,0.0,0.0
Kazakhstan,2009,"Ginger, raw",9.0,0.0,0.0
Kazakhstan,2010,"Ginger, raw",1.0,0.0,0.0
Kazakhstan,2011,"Ginger, raw",18.0,0.0,0.0
Kazakhstan,2012,"Ginger, raw",49.0,0.0,0.0
Kazakhstan,2013,"Ginger, raw",161.0,0.0,0.0
Kazakhstan,2014,"Ginger, raw",197.9,0.01,0.0
Kazakhstan,2015,"Ginger, raw",121.32,3.36,0.0
Kazakhstan,2016,"Ginger, raw",160.31,3.32,0.0
Kazakhstan,2017,"Ginger, raw",389.23,6.35,0.0
Kazakhstan,2018,"Ginger, raw",503.31,24.62,0.0
Kazakhstan,2019,"Ginger, raw",758.76,42.45,0.0
Kazakhstan,2021,"Ginger, raw",735.9,39.47,0.0
Kazakhstan,2022,"Ginger, raw",830.61,60.85,0.0
Kazakhstan,2023,"Ginger, raw",853.34,20.89,0.0
Kenya,1994,"Ginger, raw",1.0,23.0,169.59
Kenya,1995,"Ginger, raw",0.0,1.0,150.0
Kenya,1996,"Ginger, raw",1.0,3.0,172.48
Kenya,1998,"Ginger, raw",2.0,37.0,188.52
Kenya,1999,"Ginger, raw",1.0,20.0,186.42
Kenya,2001,"Ginger, raw",9.0,4.0,186.02
Kenya,2002,"Ginger, raw",16.0,1.0,201.05
Kenya,2004,"Ginger, raw",25.0,2.0,226.45
Kenya,2005,"Ginger, raw",31.0,3.0,238.4
Kenya,2007,"Ginger, raw",50.0,30.0,273.85
Kenya,2008,"Ginger, raw",35.0,4.0,291.95
Kenya,2009,"Ginger, raw",83.0,15.0,338.3
Kenya,2011,"Ginger, raw",616.0,19.0,340.0
Kenya,2012,"Ginger, raw",691.0,23.0,329.0
Kenya,2013,"Ginger, raw",556.0,111.0,330.0
Kenya,2014,"Ginger, raw",1182.69,14.76,285.13
Kenya,2015,"Ginger, raw",1018.16,1.21,253.17
Kenya,2016,"Ginger, raw",718.58,48.34,198.77
Kenya,2017,"Ginger, raw",1015.85,57.72,83.7
Kenya,2018,"Ginger, raw",2303.66,52.66,14.95
Kenya,2019,"Ginger, raw",1353.52,37.56,358.5
Kenya,2020,"Ginger, raw",2401.96,90.39,1694.88
Kenya,2021,"Ginger, raw",2200.02,98.35,924.7
Kenya,2022,"Ginger, raw",1201.77,79.41,916.4
Kiribati,1995,"Ginger, raw",7.0,0.0,0.0
Kiribati,1996,"Ginger, raw",5.0,0.0,0.0
Kiribati,1997,"Ginger, raw",1.0,0.0,0.0
Kiribati,1998,"Ginger, raw",1.0,0.0,0.0
Kiribati,1999,"Ginger, raw",0.0,0.0,0.0
Kiribati,2000,"Ginger, raw",0.0,0.0,0.0
Kiribati,2001,"Ginger, raw",0.0,0.0,0.0
Kiribati,2002,"Ginger, raw",0.0,0.0,0.0
Kiribati,2003,"Ginger, raw",0.0,0.0,0.0
Kiribati,2004,"Ginger, raw",0.0,0.0,0.0
Kiribati,2005,"Ginger, raw",0.0,0.0,0.0
Kiribati,2006,"Ginger, raw",0.0,0.0,0.0
Kiribati,2007,"Ginger, raw",1.0,0.0,0.0
Kiribati,2008,"Ginger, raw",1.0,0.0,0.0
Kiribati,2009,"Ginger, raw",1.0,0.0,0.0
Kiribati,2010,"Ginger, raw",1.0,0.0,0.0
Kiribati,2011,"Ginger, raw",0.0,0.0,0.0
Kiribati,2012,"Ginger, raw",0.0,0.0,0.0
Kiribati,2013,"Ginger, raw",0.0,0.0,0.0
Kiribati,2014,"Ginger, raw",0.05,0.0,0.0
Kiribati,2015,"Ginger, raw",0.43,0.0,0.0
Kiribati,2016,"Ginger, raw",1.14,0.0,0.0
Kiribati,2017,"Ginger, raw",1.86,0.0,0.0
Kiribati,2018,"Ginger, raw",3.16,0.0,0.0
Kiribati,2019,"Ginger, raw",1.12,0.0,0.0
Kiribati,2020,"Ginger, raw",4.43,0.0,0.0
Kiribati,2021,"Ginger, raw",9.57,0.0,0.0
Kiribati,2022,"Ginger, raw",6.3,0.0,0.0
Kiribati,2023,"Ginger, raw",6.11,0.0,0.0
Kuwait,1993,"Ginger, raw",462.0,4.0,0.0
Kuwait,1994,"Ginger, raw",636.0,0.0,0.0
Kuwait,1995,"Ginger, raw",1040.0,18.0,0.0
Kuwait,1996,"Ginger, raw",870.0,0.0,0.0
Kuwait,1997,"Ginger, raw",1011.0,15.0,0.0
Kuwait,1998,"Ginger, raw",1113.0,1.0,0.0
Kuwait,1999,"Ginger, raw",1093.0,1.0,0.0
Kuwait,2001,"Ginger, raw",1444.0,0.0,0.0
Kuwait,2002,"Ginger, raw",671.0,2.0,0.0
Kuwait,2003,"Ginger, raw",706.0,0.0,0.0
Kuwait,2005,"Ginger, raw",2197.0,0.0,0.0
Kuwait,2006,"Ginger, raw",1299.0,0.0,0.0
Kuwait,2007,"Ginger, raw",1490.0,0.0,0.0
Kuwait,2009,"Ginger, raw",1653.0,41.0,0.0
Kuwait,2010,"Ginger, raw",1649.0,41.0,0.0
Kuwait,2011,"Ginger, raw",1979.0,41.0,0.0
Kuwait,2012,"Ginger, raw",1339.0,41.0,0.0
Kuwait,2014,"Ginger, raw",3182.65,55.06,0.0
Kuwait,2015,"Ginger, raw",4331.15,72.66,0.0
Kuwait,2016,"Ginger, raw",4512.63,42.96,0.0
Kuwait,2017,"Ginger, raw",6309.4,17.53,0.0
Kuwait,2018,"Ginger, raw",7292.37,46.63,0.0
Kuwait,2019,"Ginger, raw",6861.04,0.18,0.0
Kuwait,2020,"Ginger, raw",9249.42,3.74,0.0
Kuwait,2021,"Ginger, raw",7314.97,74.62,0.0
Kuwait,2022,"Ginger, raw",10734.38,70.12,0.0
Kuwait,2023,"Ginger, raw",6317.61,41.36,0.0
Kyrgyzstan,2001,"Ginger, raw",0.0,0.0,0.0
Kyrgyzstan,2002,"Ginger, raw",0.0,0.0,0.0
Kyrgyzstan,2008,"Ginger, raw",1.0,0.0,0.0
Kyrgyzstan,2009,"Ginger, raw",1.0,0.0,0.0
Kyrgyzstan,2010,"Ginger, raw",0.0,0.0,0.0
Kyrgyzstan,2011,"Ginger, raw",0.0,0.0,0.0
Kyrgyzstan,2012,"Ginger, raw",0.0,0.0,0.0
Kyrgyzstan,2013,"Ginger, raw",0.0,0.0,0.0
Kyrgyzstan,2014,"Ginger, raw",0.6,0.0,0.0
Kyrgyzstan,2015,"Ginger, raw",3.5,0.0,0.0
Kyrgyzstan,2016,"Ginger, raw",268.88,0.0,0.0
Kyrgyzstan,2017,"Ginger, raw",38.32,0.0,0.0
Kyrgyzstan,2018,"Ginger, raw",57.03,1.33,0.0
Kyrgyzstan,2019,"Ginger, raw",223.41,3.01,0.0
Kyrgyzstan,2020,"Ginger, raw",74.74,14.5,0.0
Kyrgyzstan,2021,"Ginger, raw",188.22,18.9,0.0
Kyrgyzstan,2022,"Ginger, raw",418.39,80.01,0.0
Kyrgyzstan,2023,"Ginger, raw",379.93,245.97,0.0
Lao People's Democratic Republic,2014,"Ginger, raw",515.77,150.0,0.0
Lao People's Democratic Republic,2016,"Ginger, raw",478.0,10.51,0.0
Lao People's Democratic Republic,2017,"Ginger, raw",7.59,2454.37,0.0
Lao People's Democratic Republic,2018,"Ginger, raw",51.51,692.0,0.0
Lao People's Democratic Republic,2019,"Ginger, raw",62.54,2367.69,0.0
Lao People's Democratic Republic,2020,"Ginger, raw",62.24,223.15,0.0
Lao People's Democratic Republic,2022,"Ginger, raw",134.88,118.83,0.0
Latvia,1996,"Ginger, raw",2.0,0.0,0.0
Latvia,1998,"Ginger, raw",9.0,0.0,0.0
Latvia,1999,"Ginger, raw",6.0,0.0,0.0
Latvia,2000,"Ginger, raw",8.0,0.0,0.0
Latvia,2001,"Ginger, raw",5.0,0.0,0.0
Latvia,2002,"Ginger, raw",9.0,0.0,0.0
Latvia,2003,"Ginger, raw",13.0,0.0,0.0
Latvia,2004,"Ginger, raw",16.0,0.0,0.0
Latvia,2006,"Ginger, raw",27.0,0.0,0.0
Latvia,2007,"Ginger, raw",33.0,0.0,0.0
Latvia,2008,"Ginger, raw",52.0,0.0,0.0
Latvia,2009,"Ginger, raw",102.0,7.0,0.0
Latvia,2010,"Ginger, raw",125.0,26.0,0.0
Latvia,2011,"Ginger, raw",181.0,78.0,0.0
Latvia,2012,"Ginger, raw",165.0,125.0,0.0
Latvia,2014,"Ginger, raw",188.66,74.73,0.0
Latvia,2015,"Ginger, raw",200.76,101.64,0.0
Latvia,2016,"Ginger, raw",199.33,83.7,0.0
Latvia,2017,"Ginger, raw",300.87,124.45,0.0
Latvia,2018,"Ginger, raw",281.56,132.76,0.0
Latvia,2019,"Ginger, raw",307.58,174.13,0.0
Latvia,2020,"Ginger, raw",355.91,182.68,0.0
Latvia,2022,"Ginger, raw",347.16,179.78,0.0
Lebanon,1997,"Ginger, raw",26.0,0.0,0.0
Lebanon,1998,"Ginger, raw",43.0,0.0,0.0
Lebanon,1999,"Ginger, raw",138.0,0.0,0.0
Lebanon,2000,"Ginger, raw",54.0,0.0,0.0
Lebanon,2001,"Ginger, raw",70.0,0.0,0.0
Lebanon,2002,"Ginger, raw",199.0,0.0,0.0
Lebanon,2003,"Ginger, raw",170.0,0.0,0.0
Lebanon,2004,"Ginger, raw",190.0,0.0,0.0
Lebanon,2006,"Ginger, raw",279.0,0.0,0.0
Lebanon,2007,"Ginger, raw",444.0,0.0,0.0
Lebanon,2008,"Ginger, raw",336.0,2.0,0.0
Lebanon,2009,"Ginger, raw",582.0,0.0,0.0
Lebanon,2010,"Ginger, raw",573.0,10.0,0.0
Lebanon,2011,"Ginger, raw",859.0,0.0,0.0
Lebanon,2012,"Ginger, raw",832.0,2.0,0.0
Lebanon,2013,"Ginger, raw",751.0,23.0,0.0
Lebanon,2014,"Ginger, raw",678.54,36.87,0.0
Lebanon,2015,"Ginger, raw",975.33,17.97,0.0
Lebanon,2016,"Ginger, raw",1340.74,1.14,0.0
Lebanon,2017,"Ginger, raw",1396.27,0.36,0.0
Lebanon,2018,"Ginger, raw",1357.84,0.45,0.0
Lebanon,2019,"Ginger, raw",1218.39,2.14,0.0
Lebanon,2020,"Ginger, raw",1874.79,109.01,0.0
Lebanon,2021,"Ginger, raw",776.05,137.29,0.0
Lebanon,2022,"Ginger, raw",913.44,8.01,0.0
Lebanon,2023,"Ginger, raw",482.45,18.34,0.0
Lesotho,2014,"Ginger, raw",156.7,0.27,0.0
Lesotho,2015,"Ginger, raw",135.79,0.0,0.0
Lesotho,2016,"Ginger, raw",206.95,0.1,0.0
Lesotho,2017,"Ginger, raw",177.94,0.0,0.0
Lesotho,2018,"Ginger, raw",54.12,0.15,0.0
Lesotho,2019,"Ginger, raw",79.62,0.0,0.0
Lesotho,2020,"Ginger, raw",217.21,0.02,0.0
Lesotho,2021,"Ginger, raw",227.56,0.05,0.0
Lesotho,2022,"Ginger, raw",313.03,0.0,0.0
Liberia,2014,"Ginger, raw",3.9,0.0,0.0
Liberia,2015,"Ginger, raw",3.55,0.0,0.0
Liberia,2016,"Ginger, raw",4.49,0.0,0.0
Liberia,2017,"Ginger, raw",2.75,0.0,0.0
Liberia,2018,"Ginger, raw",3.0,0.0,0.0
Liberia,2019,"Ginger, raw",6.31,0.0,0.0
Liberia,2021,"Ginger, raw",9.8,0.27,0.0
Liberia,2022,"Ginger, raw",11.67,0.0,0.0
Libya,1993,"Ginger, raw",4.0,0.0,0.0
Libya,1994,"Ginger, raw",4.0,0.0,0.0
Libya,1995,"Ginger, raw",18.0,0.0,0.0
Libya,1996,"Ginger, raw",25.0,0.0,0.0
Libya,1997,"Ginger, raw",18.0,0.0,0.0
Libya,1998,"Ginger, raw",30.0,0.0,0.0
Libya,1999,"Ginger, raw",20.0,0.0,0.0
Libya,2000,"Ginger, raw",0.0,0.0,0.0
Libya,2001,"Ginger, raw",0.0,0.0,0.0
Libya,2002,"Ginger, raw",23.0,0.0,0.0
Libya,2003,"Ginger, raw",104.0,0.0,0.0
Libya,2004,"Ginger, raw",6.0,0.0,0.0
Libya,2005,"Ginger, raw",86.0,0.0,0.0
Libya,2006,"Ginger, raw",192.0,0.0,0.0
Libya,2007,"Ginger, raw",2.0,0.0,0.0
Libya,2008,"Ginger, raw",2.0,0.0,0.0
Libya,2009,"Ginger, raw",2.0,0.0,0.0
Libya,2010,"Ginger, raw",215.0,0.0,0.0
Libya,2011,"Ginger, raw",89.0,0.0,0.0
Libya,2012,"Ginger, raw",191.0,0.0,0.0
Libya,2013,"Ginger, raw",63.0,0.0,0.0
Libya,2014,"Ginger, raw",141.99,0.0,0.0
Libya,2015,"Ginger, raw",300.34,0.0,0.0
Libya,2020,"Ginger, raw",392.38,0.0,0.0
Libya,2021,"Ginger, raw",355.39,0.0,0.0
Libya,2023,"Ginger, raw",642.04,0.0,0.0
Lithuania,1995,"Ginger, raw",2.0,0.0,0.0
Lithuania,1996,"Ginger, raw",2.0,0.0,0.0
Lithuania,1997,"Ginger, raw",1.0,0.0,0.0
Lithuania,1998,"Ginger, raw",6.0,0.0,0.0
Lithuania,2000,"Ginger, raw",5.0,0.0,0.0
Lithuania,2001,"Ginger, raw",10.0,0.0,0.0
Lithuania,2002,"Ginger, raw",10.0,0.0,0.0
Lithuania,2003,"Ginger, raw",13.0,1.0,0.0
Lithuania,2004,"Ginger, raw",25.0,0.0,0.0
Lithuania,2005,"Ginger, raw",32.0,4.0,0.0
Lithuania,2006,"Ginger, raw",53.0,51.0,0.0
Lithuania,2007,"Ginger, raw",107.0,212.0,0.0
Lithuania,2008,"Ginger, raw",510.0,415.0,0.0
Lithuania,2009,"Ginger, raw",950.0,718.0,0.0
Lithuania,2010,"Ginger, raw",1755.0,1534.0,0.0
Lithuania,2011,"Ginger, raw",2733.0,2526.0,0.0
Lithuania,2012,"Ginger, raw",3525.0,3317.0,0.0
Lithuania,2014,"Ginger, raw",2334.61,2190.31,0.0
Lithuania,2015,"Ginger, raw",1693.93,1401.66,0.0
Lithuania,2016,"Ginger, raw",960.8,585.91,0.0
Lithuania,2017,"Ginger, raw",1288.83,1022.01,0.0
Lithuania,2018,"Ginger, raw",1403.73,2198.4,0.0
Lithuania,2020,"Ginger, raw",1825.28,1352.1,0.0
Lithuania,2021,"Ginger, raw",698.16,383.21,0.0
Lithuania,2022,"Ginger, raw",555.49,308.53,0.0
Lithuania,2023,"Ginger, raw",578.72,284.33,0.0
Luxembourg,2000,"Ginger, raw",3.0,0.0,0.0
Luxembourg,2001,"Ginger, raw",2.0,0.0,0.0
Luxembourg,2002,"Ginger, raw",4.0,0.0,0.0
Luxembourg,2003,"Ginger, raw",4.0,0.0,0.0
Luxembourg,2004,"Ginger, raw",4.0,0.0,0.0
Luxembourg,2005,"Ginger, raw",3.0,0.0,0.0
Luxembourg,2006,"Ginger, raw",2.0,0.0,0.0
Luxembourg,2007,"Ginger, raw",4.0,0.0,0.0
Luxembourg,2008,"Ginger, raw",6.0,0.0,0.0
Luxembourg,2009,"Ginger, raw",6.0,1.0,0.0
Luxembourg,2010,"Ginger, raw",18.0,0.0,0.0
Luxembourg,2011,"Ginger, raw",20.0,0.0,0.0
Luxembourg,2012,"Ginger, raw",26.0,2.0,0.0
Luxembourg,2013,"Ginger, raw",39.0,5.0,0.0
Luxembourg,2014,"Ginger, raw",43.09,5.43,0.0
Luxembourg,2015,"Ginger, raw",58.0,5.92,0.0
Luxembourg,2016,"Ginger, raw",81.9,6.37,0.0
Luxembourg,2017,"Ginger, raw",89.46,6.51,0.0
Luxembourg,2018,"Ginger, raw",107.2,8.76,0.0
Luxembourg,2019,"Ginger, raw",105.75,18.29,0.0
Luxembourg,2020,"Ginger, raw",137.75,16.15,0.0
Luxembourg,2021,"Ginger, raw",116.05,12.35,0.0
Luxembourg,2022,"Ginger, raw",120.58,14.58,0.0
Luxembourg,2023,"Ginger, raw",125.3,18.0,0.0
Madagascar,2011,"Ginger, raw",0.0,42.0,50.0
Madagascar,2012,"Ginger, raw",1.0,32.0,52.0
Madagascar,2013,"Ginger, raw",0.0,47.0,52.0
Madagascar,2014,"Ginger, raw",0.24,190.24,195.0
Madagascar,2015,"Ginger, raw",1.16,105.4,110.0
Madagascar,2016,"Ginger, raw",1.5,123.54,130.0
Madagascar,2017,"Ginger, raw",2.58,92.3,145.0
Madagascar,2018,"Ginger, raw",0.3,80.81,232.55
Madagascar,2019,"Ginger, raw",1.88,156.59,308.4
Madagascar,2020,"Ginger, raw",0.15,436.37,490.0
Madagascar,2021,"Ginger, raw",2.81,336.35,380.0
Madagascar,2022,"Ginger, raw",0.97,264.23,352.34
Malawi,1993,"Ginger, raw",2.0,0.0,0.0
Malawi,1995,"Ginger, raw",2.0,0.0,0.0
Malawi,1996,"Ginger, raw",2.0,0.0,0.0
Malawi,1997,"Ginger, raw",0.0,0.0,0.0
Malawi,1998,"Ginger, raw",0.0,0.0,0.0
Malawi,1999,"Ginger, raw",0.0,0.0,0.0
Malawi,2000,"Ginger, raw",0.0,0.0,0.0
Malawi,2001,"Ginger, raw",11.0,0.0,0.0
Malawi,2002,"Ginger, raw",5.0,0.0,0.0
Malawi,2003,"Ginger, raw",6.0,0.0,0.0
Malawi,2004,"Ginger, raw",3.0,0.0,0.0
Malawi,2005,"Ginger, raw",3.0,0.0,0.0
Malawi,2006,"Ginger, raw",2.0,0.0,0.0
Malawi,2007,"Ginger, raw",3.0,0.0,0.0
Malawi,2009,"Ginger, raw",4.0,0.0,0.0
Malawi,2010,"Ginger, raw",4.0,0.0,0.0
Malawi,2011,"Ginger, raw",4.0,0.0,0.0
Malawi,2012,"Ginger, raw",4.0,0.0,0.0
Malawi,2014,"Ginger, raw",2.94,0.0,0.0
Malawi,2015,"Ginger, raw",4.81,0.0,0.0
Malawi,2016,"Ginger, raw",4.39,0.0,0.0
Malawi,2017,"Ginger, raw",6.4,0.0,0.0
Malawi,2018,"Ginger, raw",11.46,2.62,0.0
Malawi,2019,"Ginger, raw",51.63,43.08,0.0
Malawi,2020,"Ginger, raw",956.09,199.6,0.0
Malawi,2021,"Ginger, raw",657.99,129.0,0.0
Malawi,2022,"Ginger, raw",484.64,138.45,0.0
Malawi,2023,"Ginger, raw",690.84,111.06,0.0
Malaysia,1994,"Ginger, raw",2936.0,462.0,4217.04
Malaysia,1995,"Ginger, raw",650.0,128.0,4500.0
Malaysia,1996,"Ginger, raw",1408.0,377.0,4246.15
Malaysia,1997,"Ginger, raw",1408.0,377.0,3865.64
Malaysia,1998,"Ginger, raw",2816.0,248.0,3500.0
Malaysia,1999,"Ginger, raw",5671.0,209.0,2500.0
Malaysia,2000,"Ginger, raw",7652.0,189.0,2491.46
Malaysia,2001,"Ginger, raw",9186.0,660.0,4435.56
Malaysia,2002,"Ginger, raw",13613.0,631.0,5502.5
Malaysia,2003,"Ginger, raw",14336.0,558.0,6564.26
Malaysia,2004,"Ginger, raw",13147.0,290.0,8647.96
Malaysia,2005,"Ginger, raw",23728.0,2402.0,9304.82
Malaysia,2006,"Ginger, raw",25233.0,1432.0,9966.0
Malaysia,2007,"Ginger, raw",28021.0,1672.0,10150.0
Malaysia,2008,"Ginger, raw",28822.0,2137.0,10544.0
Malaysia,2009,"Ginger, raw",36020.0,2257.0,9402.0
Malaysia,2010,"Ginger, raw",34578.0,1646.0,8337.0
Malaysia,2011,"Ginger, raw",44859.0,2012.0,7459.0
Malaysia,2012,"Ginger, raw",44106.0,1579.0,8727.0
Malaysia,2013,"Ginger, raw",40972.0,262.0,8831.0
Malaysia,2014,"Ginger, raw",34354.92,251.12,10775.0
Malaysia,2015,"Ginger, raw",38071.89,204.2,12924.0
Malaysia,2016,"Ginger, raw",42435.31,226.3,13361.94
Malaysia,2017,"Ginger, raw",41231.93,279.68,14278.67
Malaysia,2018,"Ginger, raw",45261.25,274.76,13485.3
Malaysia,2019,"Ginger, raw",59546.97,305.54,11412.76
Malaysia,2020,"Ginger, raw",50612.2,331.26,11751.22
Malaysia,2021,"Ginger, raw",51754.04,657.8,8718.61
Malaysia,2022,"Ginger, raw",57156.35,1076.76,10623.33
Malaysia,2023,"Ginger, raw",55353.93,2268.03,9089.85
Maldives,1993,"Ginger, raw",55.0,0.0,0.0
Maldives,1994,"Ginger, raw",46.0,0.0,0.0
Maldives,1995,"Ginger, raw",50.0,0.0,0.0
Maldives,1996,"Ginger, raw",55.0,0.0,0.0
Maldives,1997,"Ginger, raw",63.0,0.0,0.0
Maldives,1998,"Ginger, raw",70.0,0.0,0.0
Maldives,1999,"Ginger, raw",79.0,0.0,0.0
Maldives,2000,"Ginger, raw",92.0,0.0,0.0
Maldives,2001,"Ginger, raw",93.0,0.0,0.0
Maldives,2002,"Ginger, raw",144.0,0.0,0.0
Maldives,2003,"Ginger, raw",148.0,0.0,0.0
Maldives,2004,"Ginger, raw",143.0,0.0,0.0
Maldives,2005,"Ginger, raw",174.0,0.0,0.0
Maldives,2006,"Ginger, raw",184.0,0.0,0.0
Maldives,2007,"Ginger, raw",234.0,0.0,0.0
Maldives,2008,"Ginger, raw",307.0,0.0,0.0
Maldives,2009,"Ginger, raw",257.0,0.0,0.0
Maldives,2010,"Ginger, raw",289.0,0.0,0.0
Maldives,2011,"Ginger, raw",335.0,0.0,0.0
Maldives,2012,"Ginger, raw",387.0,0.0,0.0
Maldives,2013,"Ginger, raw",244.0,0.0,0.0
Maldives,2014,"Ginger, raw",410.94,0.0,0.0
Maldives,2015,"Ginger, raw",385.63,0.0,0.0
Maldives,2016,"Ginger, raw",1508.62,0.0,0.0
Maldives,2017,"Ginger, raw",448.28,0.0,0.0
Maldives,2018,"Ginger, raw",1727.45,0.0,0.0
Maldives,2019,"Ginger, raw",520.43,0.0,0.0
Maldives,2020,"Ginger, raw",709.19,0.0,0.0
Maldives,2021,"Ginger, raw",744.8,0.0,0.0
Maldives,2022,"Ginger, raw",679.03,0.0,0.0
Maldives,2023,"Ginger, raw",588.85,0.0,0.0
Mali,1996,"Ginger, raw",0.0,0.0,17184.99
Mali,2000,"Ginger, raw",0.25,0.0,20950.15
Mali,2001,"Ginger, raw",1.0,0.0,21891.44
Mali,2002,"Ginger, raw",0.0,0.0,22832.73
Mali,2003,"Ginger, raw",2.0,0.0,23774.02
Mali,2004,"Ginger, raw",1.0,0.0,24715.31
Mali,2005,"Ginger, raw",3.0,0.0,25656.6
Mali,2006,"Ginger, raw",2.0,0.0,26597.89
Mali,2007,"Ginger, raw",0.0,0.0,27539.18
Mali,2009,"Ginger, raw",0.0,0.0,27783.4
Mali,2010,"Ginger, raw",0.0,0.0,26720.0
Mali,2011,"Ginger, raw",15.0,0.0,27358.0
Mali,2012,"Ginger, raw",7.0,112.0,43463.0
Mali,2013,"Ginger, raw",284.0,112.0,28711.0
Mali,2015,"Ginger, raw",47.97,17.0,34470.0
Mali,2016,"Ginger, raw",32.92,0.0,38589.0
Mali,2017,"Ginger, raw",79.98,0.0,24863.0
Mali,2018,"Ginger, raw",74.6,20.0,23528.0
Mali,2019,"Ginger, raw",26.26,23.0,17137.0
Mali,2020,"Ginger, raw",1095.41,0.72,34861.0
Mali,2021,"Ginger, raw",532.92,0.1,36614.0
Mali,2022,"Ginger, raw",2660.0,0.07,39528.0
Mali,2023,"Ginger, raw",4428.36,2.34,36783.4
Malta,1993,"Ginger, raw",1.0,0.0,0.0
Malta,1994,"Ginger, raw",1.0,0.0,0.0
Malta,1995,"Ginger, raw",3.0,0.0,0.0
Malta,1996,"Ginger, raw",3.0,0.0,0.0
Malta,1997,"Ginger, raw",1.0,0.0,0.0
Malta,1999,"Ginger, raw",9.0,0.0,0.0
Malta,2000,"Ginger, raw",6.0,0.0,0.0
Malta,2001,"Ginger, raw",9.0,0.0,0.0
Malta,2002,"Ginger, raw",9.0,0.0,0.0
Malta,2003,"Ginger, raw",12.0,0.0,0.0
Malta,2004,"Ginger, raw",12.0,0.0,0.0
Malta,2005,"Ginger, raw",9.0,0.0,0.0
Malta,2006,"Ginger, raw",20.0,0.0,0.0
Malta,2007,"Ginger, raw",10.0,0.0,0.0
Malta,2008,"Ginger, raw",10.0,0.0,0.0
Malta,2009,"Ginger, raw",16.0,0.0,0.0
Malta,2010,"Ginger, raw",12.0,0.0,0.0
Malta,2011,"Ginger, raw",19.0,0.0,0.0
Malta,2012,"Ginger, raw",15.0,0.0,0.0
Malta,2013,"Ginger, raw",21.0,0.0,0.0
Malta,2014,"Ginger, raw",18.9,0.0,0.0
Malta,2015,"Ginger, raw",69.98,0.0,0.0
Malta,2016,"Ginger, raw",65.31,0.0,0.0
Malta,2017,"Ginger, raw",116.39,0.0,0.0
Malta,2018,"Ginger, raw",130.95,0.0,0.0
Malta,2020,"Ginger, raw",95.48,0.0,0.0
Malta,2021,"Ginger, raw",93.21,0.0,0.0
Malta,2022,"Ginger, raw",114.14,0.0,0.0
Malta,2023,"Ginger, raw",142.57,0.0,0.0
Mauritania,2014,"Ginger, raw",1.89,0.0,0.0
Mauritania,2015,"Ginger, raw",1.73,0.0,0.0
Mauritania,2022,"Ginger, raw",20.32,0.0,0.0
Mauritania,2023,"Ginger, raw",66.91,0.0,0.0
Mauritius,1993,"Ginger, raw",2.0,0.0,284.0
Mauritius,1995,"Ginger, raw",6.0,0.0,622.0
Mauritius,1996,"Ginger, raw",7.0,0.0,784.0
Mauritius,1998,"Ginger, raw",3.0,0.0,420.0
Mauritius,1999,"Ginger, raw",9.0,0.0,116.0
Mauritius,2000,"Ginger, raw",6.28,0.0,498.0
Mauritius,2001,"Ginger, raw",1.0,1.0,868.0
Mauritius,2002,"Ginger, raw",3.0,1.0,473.0
Mauritius,2003,"Ginger, raw",2.0,0.0,369.0
Mauritius,2004,"Ginger, raw",5.0,0.0,791.0
Mauritius,2005,"Ginger, raw",8.0,0.0,1011.0
Mauritius,2006,"Ginger, raw",14.0,0.0,1016.0
Mauritius,2008,"Ginger, raw",3.0,0.0,709.0
Mauritius,2009,"Ginger, raw",9.0,0.0,616.0
Mauritius,2010,"Ginger, raw",3.0,0.0,1357.0
Mauritius,2011,"Ginger, raw",23.0,9.0,748.0
Mauritius,2012,"Ginger, raw",9.0,12.0,1156.0
Mauritius,2013,"Ginger, raw",14.0,12.0,991.0
Mauritius,2014,"Ginger, raw",12.76,0.01,535.0
Mauritius,2015,"Ginger, raw",21.33,0.0,553.0
Mauritius,2016,"Ginger, raw",15.92,0.0,726.01
Mauritius,2017,"Ginger, raw",15.17,0.0,562.0
Mauritius,2018,"Ginger, raw",24.96,0.0,368.0
Mauritius,2019,"Ginger, raw",68.85,0.04,268.0
Mauritius,2021,"Ginger, raw",42.27,1.0,2584.0
Mauritius,2023,"Ginger, raw",12.4,1.52,1758.0
Mexico,1994,"Ginger, raw",92.0,0.0,100.0
Mexico,1995,"Ginger, raw",86.0,7.0,100.0
Mexico,1996,"Ginger, raw",84.0,0.0,90.0
Mexico,1997,"Ginger, raw",76.0,0.0,90.0
Mexico,2000,"Ginger, raw",90.94,0.55,1600.0
Mexico,2001,"Ginger, raw",76.0,18.0,546.0
Mexico,2002,"Ginger, raw",81.0,0.0,1204.0
Mexico,2005,"Ginger, raw",82.0,26.0,1452.0
Mexico,2006,"Ginger, raw",102.0,13.0,1000.0
Mexico,2007,"Ginger, raw",130.0,0.0,1000.0
Mexico,2009,"Ginger, raw",97.0,21.0,500.0
Mexico,2010,"Ginger, raw",105.0,23.0,500.0
Mexico,2011,"Ginger, raw",105.0,40.0,509.0
Mexico,2012,"Ginger, raw",141.0,0.0,790.0
Mexico,2013,"Ginger, raw",176.0,65.0,674.0
Mexico,2014,"Ginger, raw",76.68,451.49,673.1
Mexico,2015,"Ginger, raw",213.09,123.53,523.01
Mexico,2016,"Ginger, raw",786.84,217.33,1084.08
Mexico,2017,"Ginger, raw",572.79,221.1,2585.14
Mexico,2018,"Ginger, raw",255.55,830.6,3922.83
Mexico,2019,"Ginger, raw",353.08,1925.63,3860.33
Mexico,2020,"Ginger, raw",455.98,1678.55,4404.71
Mexico,2021,"Ginger, raw",868.29,973.6,4444.33
Mexico,2022,"Ginger, raw",655.81,2248.88,3017.5
Mexico,2023,"Ginger, raw",375.17,2244.37,2705.15
Mongolia,1996,"Ginger, raw",4.0,0.0,0.0
Mongolia,1997,"Ginger, raw",1.0,0.0,0.0
Mongolia,2000,"Ginger, raw",0.0,0.0,0.0
Mongolia,2001,"Ginger, raw",0.0,0.0,0.0
Mongolia,2002,"Ginger, raw",0.0,0.0,0.0
Mongolia,2003,"Ginger, raw",0.0,0.0,0.0
Mongolia,2004,"Ginger, raw",1.0,0.0,0.0
Mongolia,2005,"Ginger, raw",1.0,0.0,0.0
Mongolia,2006,"Ginger, raw",1.0,0.0,0.0
Mongolia,2007,"Ginger, raw",3.0,0.0,0.0
Mongolia,2008,"Ginger, raw",3.0,0.0,0.0
Mongolia,2009,"Ginger, raw",1.0,0.0,0.0
Mongolia,2010,"Ginger, raw",0.0,0.0,0.0
Mongolia,2011,"Ginger, raw",0.0,0.0,0.0
Mongolia,2012,"Ginger, raw",1.0,0.0,0.0
Mongolia,2013,"Ginger, raw",1.0,0.0,0.0
Mongolia,2014,"Ginger, raw",2.48,0.0,0.0
Mongolia,2016,"Ginger, raw",4.33,0.0,0.0
Mongolia,2017,"Ginger, raw",5.52,0.0,0.0
Mongolia,2018,"Ginger, raw",6.23,0.0,0.0
Mongolia,2019,"Ginger, raw",5.25,0.0,0.0
Mongolia,2020,"Ginger, raw",10.41,0.0,0.0
Mongolia,2021,"Ginger, raw",24.3,0.0,0.0
Mongolia,2022,"Ginger, raw",22.88,0.0,0.0
Mongolia,2023,"Ginger, raw",10.25,0.0,0.0
Montenegro,2007,"Ginger, raw",1.0,0.0,0.0
Montenegro,2008,"Ginger, raw",2.0,0.0,0.0
Montenegro,2009,"Ginger, raw",3.0,0.0,0.0
Montenegro,2010,"Ginger, raw",2.0,0.0,0.0
Montenegro,2011,"Ginger, raw",3.0,0.0,0.0
Montenegro,2012,"Ginger, raw",7.0,0.0,0.0
Montenegro,2013,"Ginger, raw",22.0,0.0,0.0
Montenegro,2014,"Ginger, raw",39.53,0.01,0.0
Montenegro,2015,"Ginger, raw",55.76,0.0,0.0
Montenegro,2016,"Ginger, raw",86.79,0.01,0.0
Montenegro,2017,"Ginger, raw",87.59,0.0,0.0
Montenegro,2018,"Ginger, raw",94.68,0.01,0.0
Montenegro,2020,"Ginger, raw",107.87,0.01,0.0
Montenegro,2021,"Ginger, raw",95.13,0.0,0.0
Montenegro,2022,"Ginger, raw",81.95,0.0,0.0
Montenegro,2023,"Ginger, raw",77.73,0.01,0.0
Morocco,1993,"Ginger, raw",1215.0,4.0,0.0
Morocco,1994,"Ginger, raw",1416.0,28.0,0.0
Morocco,1995,"Ginger, raw",1508.0,0.0,0.0
Morocco,1997,"Ginger, raw",1570.0,35.0,0.0
Morocco,1998,"Ginger, raw",1727.0,0.0,0.0
Morocco,1999,"Ginger, raw",1805.0,12.0,0.0
Morocco,2000,"Ginger, raw",1758.0,0.0,0.0
Morocco,2002,"Ginger, raw",1946.0,0.0,0.0
Morocco,2003,"Ginger, raw",2046.0,0.0,0.0
Morocco,2004,"Ginger, raw",1529.0,1.0,0.0
Morocco,2005,"Ginger, raw",1649.0,3.0,0.0
Morocco,2007,"Ginger, raw",3494.0,0.0,0.0
Morocco,2008,"Ginger, raw",2307.0,0.0,0.0
Morocco,2009,"Ginger, raw",4433.0,1.0,0.0
Morocco,2010,"Ginger, raw",2263.0,9.0,0.0
Morocco,2011,"Ginger, raw",2829.0,5.0,0.0
Morocco,2012,"Ginger, raw",4087.0,3.0,0.0
Morocco,2013,"Ginger, raw",3911.0,2.0,0.0
Morocco,2014,"Ginger, raw",2914.4,8.45,0.0
Morocco,2015,"Ginger, raw",2857.24,5.72,0.0
Morocco,2016,"Ginger, raw",4879.33,35.56,0.0
Morocco,2017,"Ginger, raw",5703.19,57.56,0.0
Morocco,2018,"Ginger, raw",9571.49,47.92,0.0
Morocco,2019,"Ginger, raw",6703.7,86.38,0.0
Morocco,2020,"Ginger, raw",5652.32,62.03,0.0
Morocco,2021,"Ginger, raw",10826.9,21.36,0.0
Morocco,2022,"Ginger, raw",10068.89,40.63,0.0
Morocco,2023,"Ginger, raw",7392.2,3.36,0.0
Mozambique,2015,"Ginger, raw",52.27,0.0,0.0
Mozambique,2016,"Ginger, raw",99.62,0.11,0.0
Mozambique,2017,"Ginger, raw",16.52,0.6,0.0
Mozambique,2018,"Ginger, raw",53.34,0.25,0.0
Mozambique,2019,"Ginger, raw",10.42,1.82,0.0
Mozambique,2020,"Ginger, raw",23.21,214.17,0.0
Mozambique,2021,"Ginger, raw",25.85,1077.67,0.0
Mozambique,2022,"Ginger, raw",19.8,446.22,0.0
Mozambique,2023,"Ginger, raw",24.88,482.81,0.0
Myanmar,2016,"Ginger, raw",50.0,5105.01,0.0
Myanmar,2017,"Ginger, raw",0.0,7654.53,0.0
Myanmar,2018,"Ginger, raw",1.43,33097.66,0.0
Myanmar,2019,"Ginger, raw",46.0,26545.66,0.0
Myanmar,2020,"Ginger, raw",0.02,20872.87,0.0
Myanmar,2021,"Ginger, raw",0.02,5203.5,0.0
Myanmar,2022,"Ginger, raw",1846.14,4882.59,0.0
Myanmar,2023,"Ginger, raw",1718.39,23439.28,0.0
Namibia,1997,"Ginger, raw",292.0,0.0,0.0
Namibia,1998,"Ginger, raw",75.0,0.0,0.0
Namibia,1999,"Ginger, raw",115.0,0.0,0.0
Namibia,2000,"Ginger, raw",176.0,0.0,0.0
Namibia,2002,"Ginger, raw",111.0,0.0,0.0
Namibia,2003,"Ginger, raw",125.0,0.0,0.0
Namibia,2005,"Ginger, raw",50.0,0.0,0.0
Namibia,2006,"Ginger, raw",50.0,0.0,0.0
Namibia,2007,"Ginger, raw",50.0,0.0,0.0
Namibia,2008,"Ginger, raw",50.0,0.0,0.0
Namibia,2009,"Ginger, raw",50.0,0.0,0.0
Namibia,2010,"Ginger, raw",50.0,0.0,0.0
Namibia,2011,"Ginger, raw",50.0,0.0,0.0
Namibia,2012,"Ginger, raw",45.0,4.0,0.0
Namibia,2013,"Ginger, raw",135.0,3.0,0.0
Namibia,2015,"Ginger, raw",67.11,60.07,0.0
Namibia,2016,"Ginger, raw",67.66,0.0,0.0
Namibia,2017,"Ginger, raw",85.49,0.05,0.0
Namibia,2018,"Ginger, raw",149.34,0.03,0.0
Namibia,2019,"Ginger, raw",106.62,0.05,0.0
Namibia,2020,"Ginger, raw",97.39,0.02,0.0
Namibia,2021,"Ginger, raw",146.01,0.03,0.0
Namibia,2022,"Ginger, raw",163.39,0.0,0.0
Nauru,2014,"Ginger, raw",0.59,0.0,0.0
Nauru,2015,"Ginger, raw",1.03,0.0,0.0
Nauru,2016,"Ginger, raw",0.93,0.0,0.0
Nauru,2017,"Ginger, raw",0.59,0.0,0.0
Nauru,2018,"Ginger, raw",0.91,0.0,0.0
Nauru,2019,"Ginger, raw",0.62,0.0,0.0
Nauru,2020,"Ginger, raw",0.01,0.0,0.0
Nauru,2021,"Ginger, raw",0.1,0.0,0.0
Nauru,2022,"Ginger, raw",0.42,0.0,0.0
Nauru,2023,"Ginger, raw",0.32,0.0,0.0
Nepal,1993,"Ginger, raw",0.0,4000.0,50000.0
Nepal,1994,"Ginger, raw",0.0,4000.0,50781.13
Nepal,1996,"Ginger, raw",2000.0,7500.0,60000.0
Nepal,1998,"Ginger, raw",0.0,7555.0,81601.0
Nepal,1999,"Ginger, raw",691.0,6670.0,81799.0
Nepal,2000,"Ginger, raw",450.0,8215.0,74994.0
Nepal,2001,"Ginger, raw",520.0,9265.0,84366.0
Nepal,2002,"Ginger, raw",12.0,14692.0,87909.0
Nepal,2003,"Ginger, raw",59.0,18000.0,150593.0
Nepal,2004,"Ginger, raw",335.0,12926.0,152704.0
Nepal,2005,"Ginger, raw",326.0,18567.0,154200.0
Nepal,2006,"Ginger, raw",255.0,29800.0,154197.0
Nepal,2007,"Ginger, raw",246.0,41731.0,158905.0
Nepal,2008,"Ginger, raw",1641.0,35941.0,161171.0
Nepal,2009,"Ginger, raw",10698.0,26724.0,178987.0
Nepal,2010,"Ginger, raw",1858.0,30416.0,210790.0
Nepal,2011,"Ginger, raw",4886.0,17215.0,216289.0
Nepal,2013,"Ginger, raw",12137.0,35150.0,235033.0
Nepal,2014,"Ginger, raw",459.04,19963.72,276150.21
Nepal,2015,"Ginger, raw",310.56,23818.61,242546.87
Nepal,2016,"Ginger, raw",5508.98,17693.54,271862.67
Nepal,2017,"Ginger, raw",404.08,11617.52,279503.54
Nepal,2018,"Ginger, raw",570.65,23042.12,284000.0
Nepal,2019,"Ginger, raw",348.52,10656.11,297512.0
Nepal,2020,"Ginger, raw",774.58,7313.34,298945.0
Nepal,2021,"Ginger, raw",1019.06,6002.89,279206.0
Nepal,2022,"Ginger, raw",370.03,20612.08,287813.0
Nepal,2023,"Ginger, raw",374.92,17693.58,309533.18
Netherlands (Kingdom of the),1993,"Ginger, raw",2679.0,739.0,0.0
Netherlands (Kingdom of the),1994,"Ginger, raw",3314.0,1281.0,0.0
Netherlands (Kingdom of the),1995,"Ginger, raw",3221.0,1230.0,0.0
Netherlands (Kingdom of the),1996,"Ginger, raw",3629.0,1784.0,0.0
Netherlands (Kingdom of the),1997,"Ginger, raw",4687.0,2045.0,0.0
Netherlands (Kingdom of the),1998,"Ginger, raw",5096.0,2120.0,0.0
Netherlands (Kingdom of the),1999,"Ginger, raw",4880.0,2525.0,0.0
Netherlands (Kingdom of the),2000,"Ginger, raw",7097.0,2642.0,0.0
Netherlands (Kingdom of the),2001,"Ginger, raw",0.0,0.0,0.0
Netherlands (Kingdom of the),2002,"Ginger, raw",8744.0,3548.0,0.0
Netherlands (Kingdom of the),2003,"Ginger, raw",9140.0,5231.0,0.0
Netherlands (Kingdom of the),2004,"Ginger, raw",12049.0,7095.0,0.0
Netherlands (Kingdom of the),2005,"Ginger, raw",12552.0,7398.0,0.0
Netherlands (Kingdom of the),2006,"Ginger, raw",15237.0,8167.0,0.0
Netherlands (Kingdom of the),2007,"Ginger, raw",16710.0,10054.0,0.0
Netherlands (Kingdom of the),2008,"Ginger, raw",17197.0,10831.0,0.0
Netherlands (Kingdom of the),2009,"Ginger, raw",20929.0,18364.0,0.0
Netherlands (Kingdom of the),2010,"Ginger, raw",23804.0,20621.0,0.0
Netherlands (Kingdom of the),2011,"Ginger, raw",30189.0,20322.0,0.0
Netherlands (Kingdom of the),2012,"Ginger, raw",35142.0,30973.0,0.0
Netherlands (Kingdom of the),2013,"Ginger, raw",38784.0,29247.0,0.0
Netherlands (Kingdom of the),2014,"Ginger, raw",39707.74,31979.01,0.0
Netherlands (Kingdom of the),2015,"Ginger, raw",54257.86,44332.11,0.0
Netherlands (Kingdom of the),2016,"Ginger, raw",62679.23,46809.91,0.0
Netherlands (Kingdom of the),2017,"Ginger, raw",63972.92,53795.68,0.0
Netherlands (Kingdom of the),2018,"Ginger, raw",74990.38,59037.35,0.0
Netherlands (Kingdom of the),2019,"Ginger, raw",78231.56,59927.06,0.0
Netherlands (Kingdom of the),2020,"Ginger, raw",95284.69,69472.83,0.0
Netherlands (Kingdom of the),2021,"Ginger, raw",91706.05,72747.9,0.0
Netherlands (Kingdom of the),2022,"Ginger, raw",87762.2,64343.49,0.0
Netherlands (Kingdom of the),2023,"Ginger, raw",84105.34,46446.84,0.0
New Caledonia,1998,"Ginger, raw",15.0,0.0,0.0
New Caledonia,1999,"Ginger, raw",15.0,0.0,0.0
New Caledonia,2000,"Ginger, raw",15.0,0.0,0.0
New Caledonia,2002,"Ginger, raw",15.0,0.0,0.0
New Caledonia,2003,"Ginger, raw",17.0,0.0,0.0
New Caledonia,2004,"Ginger, raw",15.0,0.0,0.0
New Caledonia,2005,"Ginger, raw",16.0,0.0,0.0
New Caledonia,2006,"Ginger, raw",20.0,0.0,0.0
New Caledonia,2007,"Ginger, raw",31.0,0.0,0.0
New Caledonia,2008,"Ginger, raw",17.0,0.0,0.0
New Caledonia,2009,"Ginger, raw",33.0,0.0,0.0
New Caledonia,2010,"Ginger, raw",23.0,0.0,0.0
New Caledonia,2011,"Ginger, raw",47.0,0.0,0.0
New Caledonia,2012,"Ginger, raw",40.0,0.0,0.0
New Caledonia,2013,"Ginger, raw",39.0,0.0,0.0
New Caledonia,2015,"Ginger, raw",47.95,0.0,0.0
New Caledonia,2016,"Ginger, raw",28.16,0.0,0.0
New Caledonia,2017,"Ginger, raw",54.35,0.0,0.0
New Caledonia,2018,"Ginger, raw",51.96,0.0,0.0
New Caledonia,2020,"Ginger, raw",48.29,0.0,0.0
New Caledonia,2021,"Ginger, raw",62.07,0.0,0.0
New Caledonia,2022,"Ginger, raw",50.85,0.0,0.0
New Zealand,1993,"Ginger, raw",318.0,0.0,0.0
New Zealand,1994,"Ginger, raw",365.0,0.0,0.0
New Zealand,1996,"Ginger, raw",448.0,1.0,0.0
New Zealand,1997,"Ginger, raw",488.0,0.0,0.0
New Zealand,1998,"Ginger, raw",528.0,1.0,0.0
New Zealand,2000,"Ginger, raw",660.42,0.94,0.0
New Zealand,2001,"Ginger, raw",589.0,1.0,0.0
New Zealand,2002,"Ginger, raw",726.0,2.0,0.0
New Zealand,2003,"Ginger, raw",765.0,3.0,0.0
New Zealand,2004,"Ginger, raw",741.0,9.0,0.0
New Zealand,2005,"Ginger, raw",892.0,13.0,0.0
New Zealand,2006,"Ginger, raw",978.0,5.0,0.0
New Zealand,2007,"Ginger, raw",1001.0,11.0,0.0
New Zealand,2008,"Ginger, raw",885.0,9.0,0.0
New Zealand,2009,"Ginger, raw",1040.0,15.0,0.0
New Zealand,2010,"Ginger, raw",1041.0,34.0,0.0
New Zealand,2011,"Ginger, raw",948.0,27.0,0.0
New Zealand,2012,"Ginger, raw",1295.0,23.0,0.0
New Zealand,2013,"Ginger, raw",1376.0,32.0,0.0
New Zealand,2014,"Ginger, raw",1460.46,35.47,0.0
New Zealand,2015,"Ginger, raw",1746.03,42.83,0.0
New Zealand,2016,"Ginger, raw",1637.0,50.57,0.0
New Zealand,2017,"Ginger, raw",1741.49,59.42,0.0
New Zealand,2018,"Ginger, raw",1929.65,63.68,0.0
New Zealand,2019,"Ginger, raw",1893.74,65.89,0.0
New Zealand,2020,"Ginger, raw",2159.03,43.25,0.0
New Zealand,2021,"Ginger, raw",2310.87,64.03,0.0
New Zealand,2022,"Ginger, raw",1939.57,83.12,0.0
New Zealand,2023,"Ginger, raw",2075.25,46.11,0.0
Nicaragua,1993,"Ginger, raw",1.0,87.0,0.0
Nicaragua,1994,"Ginger, raw",1.0,70.0,0.0
Nicaragua,1995,"Ginger, raw",1.0,642.0,0.0
Nicaragua,1996,"Ginger, raw",2.0,2021.0,0.0
Nicaragua,1998,"Ginger, raw",1.0,271.0,0.0
Nicaragua,1999,"Ginger, raw",2.0,183.0,0.0
Nicaragua,2000,"Ginger, raw",4.03,116.87,0.0
Nicaragua,2001,"Ginger, raw",1.0,531.0,0.0
Nicaragua,2002,"Ginger, raw",1.0,422.0,0.0
Nicaragua,2003,"Ginger, raw",3.0,23.0,0.0
Nicaragua,2004,"Ginger, raw",1.0,12.0,0.0
Nicaragua,2005,"Ginger, raw",2.0,19.0,0.0
Nicaragua,2006,"Ginger, raw",1.0,4.0,0.0
Nicaragua,2007,"Ginger, raw",3.0,20.0,0.0
Nicaragua,2008,"Ginger, raw",3.0,38.0,0.0
Nicaragua,2010,"Ginger, raw",1.0,64.0,0.0
Nicaragua,2011,"Ginger, raw",3.0,60.0,0.0
Nicaragua,2012,"Ginger, raw",2.0,116.0,0.0
Nicaragua,2013,"Ginger, raw",2.0,232.0,0.0
Nicaragua,2014,"Ginger, raw",1.55,545.91,0.0
Nicaragua,2015,"Ginger, raw",1.71,420.68,0.0
Nicaragua,2016,"Ginger, raw",3.23,361.35,0.0
Nicaragua,2017,"Ginger, raw",23.51,258.01,0.0
Nicaragua,2018,"Ginger, raw",3.18,71.47,0.0
Nicaragua,2019,"Ginger, raw",29.3,71.17,0.0
Nicaragua,2020,"Ginger, raw",57.09,672.91,0.0
Nicaragua,2021,"Ginger, raw",44.48,1224.38,0.0
Nicaragua,2022,"Ginger, raw",31.39,472.27,0.0
Nicaragua,2023,"Ginger, raw",6.21,430.91,0.0
Niger,1994,"Ginger, raw",0.0,0.0,0.0
Niger,1995,"Ginger, raw",16.0,0.0,0.0
Niger,1996,"Ginger, raw",1.0,0.0,0.0
Niger,1997,"Ginger, raw",8.0,1.0,0.0
Niger,1998,"Ginger, raw",11.0,0.0,0.0
Niger,1999,"Ginger, raw",25.0,2.0,0.0
Niger,2000,"Ginger, raw",6.0,0.0,0.0
Niger,2002,"Ginger, raw",21.0,1.0,0.0
Niger,2003,"Ginger, raw",20.0,0.0,0.0
Niger,2004,"Ginger, raw",24.0,0.0,0.0
Niger,2005,"Ginger, raw",25.0,2.0,0.0
Niger,2006,"Ginger, raw",31.0,1.0,0.0
Niger,2008,"Ginger, raw",28.0,1.0,0.0
Niger,2009,"Ginger, raw",28.0,1.0,0.0
Niger,2010,"Ginger, raw",17.0,1.0,0.0
Niger,2011,"Ginger, raw",17.0,0.0,0.0
Niger,2012,"Ginger, raw",18.0,2.0,0.0
Niger,2013,"Ginger, raw",19.0,0.0,0.0
Niger,2015,"Ginger, raw",27.9,445.35,0.0
Niger,2016,"Ginger, raw",83.72,47.8,0.0
Niger,2017,"Ginger, raw",29.19,315.18,0.0
Niger,2018,"Ginger, raw",6.22,117.98,0.0
Niger,2019,"Ginger, raw",15.38,23.55,0.0
Niger,2020,"Ginger, raw",121.72,94.4,0.0
Niger,2021,"Ginger, raw",140.51,1.0,0.0
Niger,2022,"Ginger, raw",197.51,3.73,0.0
Niger,2023,"Ginger, raw",233.9,40.0,0.0
Nigeria,1993,"Ginger, raw",928.0,2278.0,64000.0
Nigeria,1995,"Ginger, raw",199.0,604.0,79000.0
Nigeria,1997,"Ginger, raw",1.0,3800.0,84000.0
Nigeria,1998,"Ginger, raw",0.0,3600.0,88100.0
Nigeria,1999,"Ginger, raw",25.0,4436.0,92000.0
Nigeria,2000,"Ginger, raw",1.51,4326.0,98000.0
Nigeria,2001,"Ginger, raw",10.0,2310.0,104000.0
Nigeria,2002,"Ginger, raw",0.0,1586.0,105000.0
Nigeria,2003,"Ginger, raw",0.0,1860.0,110000.0
Nigeria,2004,"Ginger, raw",16.0,4853.0,117000.0
Nigeria,2005,"Ginger, raw",0.0,9589.0,125000.0
Nigeria,2006,"Ginger, raw",30.0,6873.0,134000.0
Nigeria,2007,"Ginger, raw",228.0,7211.0,162390.0
Nigeria,2008,"Ginger, raw",37.0,5909.0,175070.0
Nigeria,2009,"Ginger, raw",8.0,4256.0,168800.0
Nigeria,2010,"Ginger, raw",193.0,5602.0,162223.0
Nigeria,2011,"Ginger, raw",474.0,6652.0,460170.0
Nigeria,2012,"Ginger, raw",500.0,8520.0,380000.0
Nigeria,2013,"Ginger, raw",24.0,14329.0,496920.0
Nigeria,2014,"Ginger, raw",251.83,22329.48,168128.24
Nigeria,2015,"Ginger, raw",545.16,22355.91,413382.22
Nigeria,2016,"Ginger, raw",188.75,26035.99,774887.0
Nigeria,2018,"Ginger, raw",262.77,37291.21,677870.0
Nigeria,2019,"Ginger, raw",110.29,33841.83,679040.0
Nigeria,2020,"Ginger, raw",248.38,37193.02,681390.0
Nigeria,2021,"Ginger, raw",271.67,37411.12,707100.0
Niue,2014,"Ginger, raw",0.17,0.0,0.0
Niue,2015,"Ginger, raw",0.13,0.0,0.0
Niue,2016,"Ginger, raw",0.01,0.0,0.0
Niue,2017,"Ginger, raw",0.37,0.0,0.0
Niue,2018,"Ginger, raw",0.03,0.0,0.0
Niue,2019,"Ginger, raw",0.16,0.0,0.0
Niue,2020,"Ginger, raw",0.24,0.0,0.0
Niue,2021,"Ginger, raw",0.28,0.0,0.0
Niue,2022,"Ginger, raw",0.29,0.0,0.0
Niue,2023,"Ginger, raw",0.29,0.0,0.0
North Macedonia,2002,"Ginger, raw",0.0,0.0,0.0
North Macedonia,2003,"Ginger, raw",0.0,0.0,0.0
North Macedonia,2004,"Ginger, raw",0.0,0.0,0.0
North Macedonia,2005,"Ginger, raw",0.0,0.0,0.0
North Macedonia,2006,"Ginger, raw",0.0,0.0,0.0
North Macedonia,2007,"Ginger, raw",2.0,0.0,0.0
North Macedonia,2008,"Ginger, raw",0.0,0.0,0.0
North Macedonia,2009,"Ginger, raw",1.0,0.0,0.0
North Macedonia,2010,"Ginger, raw",3.0,0.0,0.0
North Macedonia,2011,"Ginger, raw",2.0,0.0,0.0
North Macedonia,2012,"Ginger, raw",2.0,0.0,0.0
North Macedonia,2013,"Ginger, raw",3.0,0.0,0.0
North Macedonia,2014,"Ginger, raw",7.09,0.06,0.0
North Macedonia,2016,"Ginger, raw",142.82,0.16,0.0
North Macedonia,2017,"Ginger, raw",143.19,0.02,0.0
North Macedonia,2018,"Ginger, raw",143.88,0.24,0.0
North Macedonia,2019,"Ginger, raw",146.28,0.19,0.0
North Macedonia,2020,"Ginger, raw",220.53,0.2,0.0
North Macedonia,2021,"Ginger, raw",209.01,0.24,0.0
North Macedonia,2023,"Ginger, raw",134.71,0.19,0.0
Norway,1993,"Ginger, raw",66.0,0.0,0.0
Norway,1994,"Ginger, raw",75.0,2.0,0.0
Norway,1995,"Ginger, raw",75.0,3.0,0.0
Norway,1997,"Ginger, raw",80.0,0.0,0.0
Norway,1998,"Ginger, raw",70.0,0.0,0.0
Norway,1999,"Ginger, raw",66.0,0.0,0.0
Norway,2000,"Ginger, raw",90.76,0.0,0.0
Norway,2001,"Ginger, raw",147.0,0.0,0.0
Norway,2002,"Ginger, raw",177.0,19.0,0.0
Norway,2004,"Ginger, raw",196.0,51.0,0.0
Norway,2005,"Ginger, raw",200.0,0.0,0.0
Norway,2006,"Ginger, raw",192.0,1.0,0.0
Norway,2007,"Ginger, raw",227.0,0.0,0.0
Norway,2008,"Ginger, raw",271.0,0.0,0.0
Norway,2010,"Ginger, raw",348.0,1.0,0.0
Norway,2011,"Ginger, raw",390.0,0.0,0.0
Norway,2012,"Ginger, raw",451.0,1.0,0.0
Norway,2013,"Ginger, raw",537.0,0.0,0.0
Norway,2014,"Ginger, raw",624.14,0.59,0.0
Norway,2015,"Ginger, raw",750.26,0.0,0.0
Norway,2016,"Ginger, raw",920.34,0.93,0.0
Norway,2017,"Ginger, raw",1061.1,0.0,0.0
Norway,2018,"Ginger, raw",1120.89,1.59,0.0
Norway,2019,"Ginger, raw",1182.98,1.34,0.0
Norway,2021,"Ginger, raw",1208.38,1.28,0.0
Norway,2023,"Ginger, raw",1193.22,1.24,0.0
Oman,1994,"Ginger, raw",45.0,0.0,0.0
Oman,1995,"Ginger, raw",114.0,0.0,0.0
Oman,1996,"Ginger, raw",27.0,0.0,0.0
Oman,1997,"Ginger, raw",70.0,24.0,0.0
Oman,1998,"Ginger, raw",32.0,32.0,0.0
Oman,2000,"Ginger, raw",20.0,16.0,0.0
Oman,2001,"Ginger, raw",96.0,0.0,0.0
Oman,2002,"Ginger, raw",2872.0,16.0,0.0
Oman,2003,"Ginger, raw",4108.0,0.0,0.0
Oman,2004,"Ginger, raw",497.0,3.0,0.0
Oman,2005,"Ginger, raw",2288.0,30.0,0.0
Oman,2006,"Ginger, raw",1535.0,43.0,0.0
Oman,2007,"Ginger, raw",2263.0,43.0,0.0
Oman,2008,"Ginger, raw",2587.0,7.0,0.0
Oman,2009,"Ginger, raw",2401.0,53.0,0.0
Oman,2010,"Ginger, raw",2300.0,4.0,0.0
Oman,2012,"Ginger, raw",3879.0,14.0,0.0
Oman,2013,"Ginger, raw",4226.0,5.0,0.0
Oman,2014,"Ginger, raw",4157.58,0.0,0.0
Oman,2015,"Ginger, raw",3799.77,92.0,0.0
Oman,2016,"Ginger, raw",5893.2,103.71,0.0
Oman,2017,"Ginger, raw",5289.27,379.75,0.0
Oman,2018,"Ginger, raw",7248.26,213.96,0.0
Oman,2019,"Ginger, raw",7479.48,226.63,0.0
Oman,2020,"Ginger, raw",8265.77,485.05,0.0
Oman,2021,"Ginger, raw",7128.98,335.11,0.0
Oman,2022,"Ginger, raw",7812.51,14.74,0.0
Oman,2023,"Ginger, raw",7224.79,94.47,0.0
Pakistan,1995,"Ginger, raw",216.0,0.0,25.0
Pakistan,1996,"Ginger, raw",0.0,0.0,26.0
Pakistan,1997,"Ginger, raw",628.0,0.0,27.0
Pakistan,1998,"Ginger, raw",350.0,0.0,28.0
Pakistan,1999,"Ginger, raw",478.0,0.0,29.0
Pakistan,2000,"Ginger, raw",445.63,0.0,27.0
Pakistan,2001,"Ginger, raw",918.0,0.0,30.0
Pakistan,2002,"Ginger, raw",980.0,0.0,36.0
Pakistan,2003,"Ginger, raw",12323.0,0.0,47.0
Pakistan,2004,"Ginger, raw",43904.0,0.0,41.0
Pakistan,2005,"Ginger, raw",32701.0,0.0,50.0
Pakistan,2006,"Ginger, raw",48249.0,0.0,31.0
Pakistan,2007,"Ginger, raw",56881.0,121.0,57.0
Pakistan,2008,"Ginger, raw",60140.0,193.0,95.0
Pakistan,2009,"Ginger, raw",58177.0,284.0,111.0
Pakistan,2010,"Ginger, raw",62582.0,198.0,115.0
Pakistan,2012,"Ginger, raw",74158.0,294.0,113.0
Pakistan,2013,"Ginger, raw",62145.0,149.0,124.0
Pakistan,2014,"Ginger, raw",69450.0,184.0,126.0
Pakistan,2015,"Ginger, raw",89455.0,263.0,130.0
Pakistan,2016,"Ginger, raw",77318.0,335.0,133.0
Pakistan,2017,"Ginger, raw",79108.0,406.0,132.0
Pakistan,2018,"Ginger, raw",92824.15,262.45,20.0
Pakistan,2019,"Ginger, raw",89264.94,338.98,8.0
Pakistan,2020,"Ginger, raw",81760.81,236.99,2.0
Pakistan,2021,"Ginger, raw",81914.73,51.71,4.0
Pakistan,2022,"Ginger, raw",79586.79,80.75,3.0
Pakistan,2023,"Ginger, raw",75856.44,587.23,5.0
Palestine,1996,"Ginger, raw",1.0,0.0,0.0
Palestine,1997,"Ginger, raw",3.0,0.0,0.0
Palestine,1998,"Ginger, raw",1.0,0.0,0.0
Palestine,1999,"Ginger, raw",2.0,0.0,0.0
Palestine,2000,"Ginger, raw",2.0,0.0,0.0
Palestine,2001,"Ginger, raw",28.0,0.0,0.0
Palestine,2002,"Ginger, raw",30.0,0.0,0.0
Palestine,2003,"Ginger, raw",30.0,0.0,0.0
Palestine,2004,"Ginger, raw",30.0,0.0,0.0
Palestine,2005,"Ginger, raw",30.0,0.0,0.0
Palestine,2007,"Ginger, raw",51.0,0.0,0.0
Palestine,2008,"Ginger, raw",51.0,0.0,0.0
Palestine,2009,"Ginger, raw",30.0,0.0,0.0
Palestine,2010,"Ginger, raw",30.0,0.0,0.0
Palestine,2011,"Ginger, raw",26.0,0.0,0.0
Palestine,2012,"Ginger, raw",24.0,0.0,0.0
Palestine,2013,"Ginger, raw",20.0,0.0,0.0
Palestine,2023,"Ginger, raw",8.19,0.0,0.0
Panama,1996,"Ginger, raw",3.0,2.0,0.0
Panama,1997,"Ginger, raw",3.0,0.0,0.0
Panama,1999,"Ginger, raw",4.0,1.0,0.0
Panama,2000,"Ginger, raw",2.22,0.0,0.0
Panama,2001,"Ginger, raw",4.0,0.0,0.0
Panama,2002,"Ginger, raw",7.0,0.0,0.0
Panama,2003,"Ginger, raw",4.0,0.0,0.0
Panama,2004,"Ginger, raw",7.0,0.0,0.0
Panama,2005,"Ginger, raw",3.0,0.0,0.0
Panama,2006,"Ginger, raw",7.0,0.0,0.0
Panama,2007,"Ginger, raw",4.0,0.0,0.0
Panama,2008,"Ginger, raw",6.0,0.0,0.0
Panama,2009,"Ginger, raw",5.0,0.0,0.0
Panama,2010,"Ginger, raw",5.0,0.0,0.0
Panama,2011,"Ginger, raw",9.0,0.0,0.0
Panama,2012,"Ginger, raw",5.0,0.0,0.0
Panama,2013,"Ginger, raw",6.0,0.0,0.0
Panama,2014,"Ginger, raw",18.92,39.24,0.0
Panama,2015,"Ginger, raw",24.11,46.41,0.0
Panama,2016,"Ginger, raw",23.75,0.02,0.0
Panama,2017,"Ginger, raw",13.6,2.91,0.0
Panama,2018,"Ginger, raw",9.22,2.63,0.0
Panama,2019,"Ginger, raw",32.55,0.09,200.0
Panama,2020,"Ginger, raw",36.24,0.0,730.0
Panama,2021,"Ginger, raw",47.48,87.04,5820.0
Panama,2022,"Ginger, raw",18.34,76.68,3823.0
Panama,2023,"Ginger, raw",18.99,111.4,5017.99
Papua New Guinea,1993,"Ginger, raw",0.0,0.0,0.0
Papua New Guinea,1994,"Ginger, raw",0.0,0.0,0.0
Papua New Guinea,1995,"Ginger, raw",1.0,0.0,0.0
Papua New Guinea,1997,"Ginger, raw",0.0,0.0,0.0
Papua New Guinea,1998,"Ginger, raw",1.0,0.0,0.0
Papua New Guinea,1999,"Ginger, raw",0.0,0.0,0.0
Papua New Guinea,2000,"Ginger, raw",6.85,0.0,0.0
Papua New Guinea,2001,"Ginger, raw",15.0,0.0,0.0
Papua New Guinea,2003,"Ginger, raw",0.0,0.0,0.0
Papua New Guinea,2004,"Ginger, raw",1.0,0.0,0.0
Papua New Guinea,2005,"Ginger, raw",1.0,0.0,0.0
Papua New Guinea,2006,"Ginger, raw",0.0,0.0,0.0
Papua New Guinea,2007,"Ginger, raw",1.0,0.0,0.0
Papua New Guinea,2008,"Ginger, raw",0.0,0.0,0.0
Papua New Guinea,2009,"Ginger, raw",7.0,0.0,0.0
Papua New Guinea,2010,"Ginger, raw",2.0,0.0,0.0
Papua New Guinea,2011,"Ginger, raw",2.0,0.0,0.0
Papua New Guinea,2012,"Ginger, raw",9.0,0.0,0.0
Papua New Guinea,2013,"Ginger, raw",4.0,0.0,0.0
Papua New Guinea,2014,"Ginger, raw",1.97,0.0,0.0
Papua New Guinea,2015,"Ginger, raw",1.53,0.0,0.0
Papua New Guinea,2016,"Ginger, raw",0.72,0.0,0.0
Papua New Guinea,2017,"Ginger, raw",0.94,0.0,0.0
Papua New Guinea,2018,"Ginger, raw",0.35,0.0,0.0
Papua New Guinea,2019,"Ginger, raw",0.59,0.0,0.0
Papua New Guinea,2022,"Ginger, raw",0.77,0.0,0.0
Papua New Guinea,2023,"Ginger, raw",1.16,0.0,0.0
Paraguay,1998,"Ginger, raw",0.0,0.0,0.0
Paraguay,2000,"Ginger, raw",2.0,0.0,0.0
Paraguay,2001,"Ginger, raw",0.0,0.0,0.0
Paraguay,2002,"Ginger, raw",0.0,0.0,0.0
Paraguay,2003,"Ginger, raw",0.0,0.0,0.0
Paraguay,2004,"Ginger, raw",0.0,0.0,0.0
Paraguay,2005,"Ginger, raw",9.0,0.0,0.0
Paraguay,2006,"Ginger, raw",11.0,0.0,0.0
Paraguay,2007,"Ginger, raw",2.0,0.0,0.0
Paraguay,2008,"Ginger, raw",0.0,0.0,0.0
Paraguay,2009,"Ginger, raw",1.0,0.0,0.0
Paraguay,2010,"Ginger, raw",3.0,0.0,0.0
Paraguay,2012,"Ginger, raw",0.0,0.0,0.0
Paraguay,2013,"Ginger, raw",0.0,0.0,0.0
Paraguay,2019,"Ginger, raw",0.27,0.0,0.0
Paraguay,2020,"Ginger, raw",0.43,0.0,0.0
Paraguay,2021,"Ginger, raw",0.89,0.0,0.0
Paraguay,2022,"Ginger, raw",0.47,0.0,0.0
Paraguay,2023,"Ginger, raw",1.8,0.0,0.0
Peru,1995,"Ginger, raw",0.0,7.0,0.0
Peru,1996,"Ginger, raw",0.0,11.0,0.0
Peru,1997,"Ginger, raw",0.0,0.0,0.0
Peru,1999,"Ginger, raw",0.0,1.0,0.0
Peru,2001,"Ginger, raw",0.0,6.0,0.0
Peru,2002,"Ginger, raw",0.0,1.0,0.0
Peru,2003,"Ginger, raw",0.0,20.0,0.0
Peru,2004,"Ginger, raw",0.0,12.0,0.0
Peru,2005,"Ginger, raw",1.0,46.0,0.0
Peru,2006,"Ginger, raw",1.0,83.0,0.0
Peru,2007,"Ginger, raw",2.0,261.0,280.0
Peru,2008,"Ginger, raw",2.0,566.0,600.0
Peru,2009,"Ginger, raw",2.0,775.0,800.0
Peru,2010,"Ginger, raw",6.0,2227.0,2300.0
Peru,2011,"Ginger, raw",2.0,2214.0,2300.0
Peru,2012,"Ginger, raw",4.0,2012.0,2100.0
Peru,2013,"Ginger, raw",6.0,3690.0,3800.0
Peru,2014,"Ginger, raw",2.85,12739.62,12900.0
Peru,2015,"Ginger, raw",7.52,10878.64,11150.0
Peru,2016,"Ginger, raw",7.11,14829.35,15100.0
Peru,2017,"Ginger, raw",7.13,26788.88,27170.0
Peru,2018,"Ginger, raw",9.9,21372.9,21700.0
Peru,2019,"Ginger, raw",4.61,23393.67,36141.12
Peru,2020,"Ginger, raw",19.1,50240.52,48800.0
Peru,2021,"Ginger, raw",11.43,54957.85,55500.0
Philippines,1993,"Ginger, raw",16.0,0.0,20424.0
Philippines,1994,"Ginger, raw",22.0,107.0,21358.0
Philippines,1995,"Ginger, raw",15.0,105.0,22704.0
Philippines,1996,"Ginger, raw",32.0,18.0,24011.0
Philippines,1997,"Ginger, raw",63.0,0.0,21715.0
Philippines,1999,"Ginger, raw",112.0,0.0,20793.0
Philippines,2000,"Ginger, raw",55.0,158.51,22679.0
Philippines,2001,"Ginger, raw",64.0,102.0,23424.0
Philippines,2002,"Ginger, raw",227.0,258.0,23022.0
Philippines,2004,"Ginger, raw",61.0,2646.0,24063.0
Philippines,2006,"Ginger, raw",113.0,471.0,27261.0
Philippines,2008,"Ginger, raw",57.0,26.0,27538.0
Philippines,2009,"Ginger, raw",94.0,34.0,27415.0
Philippines,2010,"Ginger, raw",90.0,40.0,27097.0
Philippines,2011,"Ginger, raw",80.0,45.0,27755.0
Philippines,2012,"Ginger, raw",58.0,37.0,27677.08
Philippines,2013,"Ginger, raw",108.0,15.0,28216.0
Philippines,2014,"Ginger, raw",41.91,1.16,27196.91
Philippines,2015,"Ginger, raw",1592.08,0.51,26623.14
Philippines,2016,"Ginger, raw",9667.99,10.36,26787.21
Philippines,2017,"Ginger, raw",2939.52,2.14,27482.02
Philippines,2018,"Ginger, raw",418.94,0.17,27926.27
Philippines,2019,"Ginger, raw",9028.79,2.43,26929.1
Philippines,2020,"Ginger, raw",12151.22,0.03,27126.48
Philippines,2021,"Ginger, raw",10467.27,0.02,28144.5
Philippines,2022,"Ginger, raw",7419.57,14.78,28766.07
Philippines,2023,"Ginger, raw",654.07,11.94,29153.73
Poland,1995,"Ginger, raw",79.0,2.0,0.0
Poland,1996,"Ginger, raw",102.0,2.0,0.0
Poland,1997,"Ginger, raw",133.0,3.0,0.0
Poland,1998,"Ginger, raw",171.0,21.0,0.0
Poland,1999,"Ginger, raw",131.0,15.0,0.0
Poland,2000,"Ginger, raw",64.93,0.0,0.0
Poland,2001,"Ginger, raw",193.0,19.0,0.0
Poland,2002,"Ginger, raw",168.0,0.0,0.0
Poland,2003,"Ginger, raw",247.0,0.0,0.0
Poland,2004,"Ginger, raw",296.0,24.0,0.0
Poland,2005,"Ginger, raw",409.0,55.0,0.0
Poland,2006,"Ginger, raw",416.0,59.0,0.0
Poland,2007,"Ginger, raw",564.0,71.0,0.0
Poland,2008,"Ginger, raw",613.0,98.0,0.0
Poland,2009,"Ginger, raw",930.0,177.0,0.0
Poland,2010,"Ginger, raw",1124.0,189.0,0.0
Poland,2011,"Ginger, raw",1286.0,174.0,0.0
Poland,2012,"Ginger, raw",2007.0,452.0,0.0
Poland,2013,"Ginger, raw",2393.0,962.0,0.0
Poland,2014,"Ginger, raw",2394.03,843.79,0.0
Poland,2015,"Ginger, raw",2659.91,621.18,0.0
Poland,2016,"Ginger, raw",3684.85,1061.23,0.0
Poland,2017,"Ginger, raw",4690.25,986.69,0.0
Poland,2018,"Ginger, raw",4309.19,1136.69,0.0
Poland,2019,"Ginger, raw",4217.43,895.79,0.0
Poland,2020,"Ginger, raw",6742.47,1883.38,0.0
Poland,2021,"Ginger, raw",6724.45,2157.26,0.0
Poland,2022,"Ginger, raw",6247.05,1672.11,0.0
Poland,2023,"Ginger, raw",6223.14,1548.24,0.0
Portugal,1994,"Ginger, raw",23.0,0.0,0.0
Portugal,1995,"Ginger, raw",25.0,1.0,0.0
Portugal,1997,"Ginger, raw",31.0,0.0,0.0
Portugal,1998,"Ginger, raw",46.0,0.0,0.0
Portugal,2000,"Ginger, raw",57.0,1.0,0.0
Portugal,2001,"Ginger, raw",60.0,0.0,0.0
Portugal,2002,"Ginger, raw",86.0,1.0,0.0
Portugal,2003,"Ginger, raw",51.0,1.0,0.0
Portugal,2004,"Ginger, raw",62.0,1.0,0.0
Portugal,2005,"Ginger, raw",83.0,1.0,0.0
Portugal,2006,"Ginger, raw",92.0,1.0,0.0
Portugal,2007,"Ginger, raw",100.0,1.0,0.0
Portugal,2008,"Ginger, raw",123.0,1.0,0.0
Portugal,2009,"Ginger, raw",181.0,2.0,0.0
Portugal,2010,"Ginger, raw",155.0,2.0,0.0
Portugal,2011,"Ginger, raw",151.0,4.0,0.0
Portugal,2012,"Ginger, raw",272.0,5.0,0.0
Portugal,2013,"Ginger, raw",374.0,17.0,0.0
Portugal,2014,"Ginger, raw",563.5,32.16,0.0
Portugal,2015,"Ginger, raw",911.68,32.69,0.0
Portugal,2016,"Ginger, raw",1169.62,47.49,0.0
Portugal,2017,"Ginger, raw",1218.09,42.47,0.0
Portugal,2018,"Ginger, raw",1329.32,40.94,0.0
Portugal,2019,"Ginger, raw",1338.84,42.84,0.0
Portugal,2020,"Ginger, raw",1629.39,58.96,0.0
Portugal,2021,"Ginger, raw",1592.99,55.95,0.0
Portugal,2022,"Ginger, raw",1706.12,38.92,0.0
Portugal,2023,"Ginger, raw",1501.17,84.39,0.0
Qatar,2000,"Ginger, raw",18.0,1.0,0.0
Qatar,2001,"Ginger, raw",25.0,0.0,0.0
Qatar,2002,"Ginger, raw",44.0,0.0,0.0
Qatar,2004,"Ginger, raw",771.0,0.0,0.0
Qatar,2005,"Ginger, raw",879.0,0.0,0.0
Qatar,2006,"Ginger, raw",1121.0,0.0,0.0
Qatar,2007,"Ginger, raw",1416.0,0.0,0.0
Qatar,2009,"Ginger, raw",1373.0,3.0,0.0
Qatar,2010,"Ginger, raw",3273.0,0.0,0.0
Qatar,2011,"Ginger, raw",3142.0,3.0,0.0
Qatar,2012,"Ginger, raw",3011.0,0.0,0.0
Qatar,2013,"Ginger, raw",2880.0,0.0,0.0
Qatar,2014,"Ginger, raw",4133.74,0.0,0.0
Qatar,2016,"Ginger, raw",5869.96,0.0,0.0
Qatar,2017,"Ginger, raw",5728.07,0.0,0.0
Qatar,2018,"Ginger, raw",6661.0,0.0,0.0
Qatar,2019,"Ginger, raw",6198.1,0.0,0.0
Qatar,2020,"Ginger, raw",6636.89,0.0,0.0
Qatar,2021,"Ginger, raw",5968.4,0.0,0.0
Qatar,2022,"Ginger, raw",7098.32,0.0,0.0
Qatar,2023,"Ginger, raw",7153.98,0.0,0.0
Republic of Korea,1993,"Ginger, raw",46.0,0.0,8100.0
Republic of Korea,1994,"Ginger, raw",1490.0,0.0,9200.0
Republic of Korea,1996,"Ginger, raw",488.0,38.0,5580.0
Republic of Korea,1997,"Ginger, raw",5635.0,20.0,6540.0
Republic of Korea,1998,"Ginger, raw",2578.0,1.0,9440.0
Republic of Korea,1999,"Ginger, raw",1003.0,17.0,7950.0
Republic of Korea,2000,"Ginger, raw",6804.71,2.79,3277.0
Republic of Korea,2001,"Ginger, raw",19021.0,82.0,4110.0
Republic of Korea,2002,"Ginger, raw",15077.0,37.0,5970.0
Republic of Korea,2003,"Ginger, raw",11332.0,40.0,3840.0
Republic of Korea,2004,"Ginger, raw",11297.0,2.0,3570.0
Republic of Korea,2005,"Ginger, raw",11772.0,52.0,5760.0
Republic of Korea,2006,"Ginger, raw",5739.0,29.0,4615.0
Republic of Korea,2007,"Ginger, raw",11804.0,15.0,5750.0
Republic of Korea,2008,"Ginger, raw",5298.0,5.0,3560.0
Republic of Korea,2009,"Ginger, raw",9281.0,0.0,3250.0
Republic of Korea,2010,"Ginger, raw",8108.0,1.0,4994.0
Republic of Korea,2012,"Ginger, raw",7803.0,10.0,4303.0
Republic of Korea,2013,"Ginger, raw",7577.0,6.0,4910.0
Republic of Korea,2014,"Ginger, raw",8067.64,9.34,6420.0
Republic of Korea,2015,"Ginger, raw",6513.72,29.59,4128.0
Republic of Korea,2017,"Ginger, raw",4107.69,0.78,8229.0
Republic of Korea,2018,"Ginger, raw",6509.17,17.61,21305.0
Republic of Korea,2019,"Ginger, raw",12872.09,33.53,24966.0
Republic of Korea,2020,"Ginger, raw",9211.42,2.11,31538.0
Republic of Korea,2021,"Ginger, raw",6496.26,33.15,35842.0
Republic of Korea,2022,"Ginger, raw",4403.43,4.66,22137.0
Republic of Korea,2023,"Ginger, raw",5675.36,8.95,26012.02
Republic of Moldova,2003,"Ginger, raw",0.0,0.0,0.0
Republic of Moldova,2004,"Ginger, raw",1.0,0.0,0.0
Republic of Moldova,2005,"Ginger, raw",2.0,0.0,0.0
Republic of Moldova,2006,"Ginger, raw",2.0,0.0,0.0
Republic of Moldova,2007,"Ginger, raw",1.0,0.0,0.0
Republic of Moldova,2008,"Ginger, raw",3.0,0.0,0.0
Republic of Moldova,2009,"Ginger, raw",9.0,0.0,0.0
Republic of Moldova,2010,"Ginger, raw",17.0,0.0,0.0
Republic of Moldova,2011,"Ginger, raw",23.0,0.0,0.0
Republic of Moldova,2012,"Ginger, raw",39.0,0.0,0.0
Republic of Moldova,2013,"Ginger, raw",77.0,0.0,0.0
Republic of Moldova,2014,"Ginger, raw",69.58,0.0,0.0
Republic of Moldova,2015,"Ginger, raw",113.12,0.0,0.0
Republic of Moldova,2016,"Ginger, raw",162.19,0.0,0.0
Republic of Moldova,2017,"Ginger, raw",147.1,0.0,0.0
Republic of Moldova,2018,"Ginger, raw",197.38,0.0,0.0
Republic of Moldova,2019,"Ginger, raw",165.02,0.0,0.0
Republic of Moldova,2021,"Ginger, raw",174.08,0.0,0.0
Republic of Moldova,2022,"Ginger, raw",175.13,0.01,0.0
Romania,1993,"Ginger, raw",1.0,0.0,0.0
Romania,1998,"Ginger, raw",1.0,0.0,0.0
Romania,1999,"Ginger, raw",24.0,0.0,0.0
Romania,2000,"Ginger, raw",9.0,0.0,0.0
Romania,2001,"Ginger, raw",49.0,0.0,0.0
Romania,2002,"Ginger, raw",81.0,0.0,0.0
Romania,2003,"Ginger, raw",91.0,0.0,0.0
Romania,2004,"Ginger, raw",76.0,0.0,0.0
Romania,2006,"Ginger, raw",40.0,0.0,0.0
Romania,2007,"Ginger, raw",38.0,0.0,0.0
Romania,2008,"Ginger, raw",29.0,0.0,0.0
Romania,2009,"Ginger, raw",40.0,1.0,0.0
Romania,2010,"Ginger, raw",38.0,2.0,0.0
Romania,2011,"Ginger, raw",54.0,5.0,0.0
Romania,2012,"Ginger, raw",48.0,6.0,0.0
Romania,2013,"Ginger, raw",117.0,3.0,0.0
Romania,2015,"Ginger, raw",401.64,16.53,0.0
Romania,2016,"Ginger, raw",605.54,6.92,0.0
Romania,2017,"Ginger, raw",1073.3,3.8,0.0
Romania,2018,"Ginger, raw",1020.45,8.11,0.0
Romania,2019,"Ginger, raw",972.27,10.4,0.0
Romania,2020,"Ginger, raw",966.68,12.89,0.0
Romania,2021,"Ginger, raw",806.71,9.74,0.0
Romania,2022,"Ginger, raw",855.52,3.11,0.0
Romania,2023,"Ginger, raw",1006.28,4.23,0.0
Russian Federation,1996,"Ginger, raw",34.0,0.0,0.0
Russian Federation,1997,"Ginger, raw",50.0,0.0,0.0
Russian Federation,1998,"Ginger, raw",57.0,2.0,0.0
Russian Federation,1999,"Ginger, raw",298.0,0.0,0.0
Russian Federation,2000,"Ginger, raw",98.06,1.08,0.0
Russian Federation,2001,"Ginger, raw",126.0,1.0,0.0
Russian Federation,2002,"Ginger, raw",181.0,0.0,0.0
Russian Federation,2003,"Ginger, raw",289.0,1.0,0.0
Russian Federation,2004,"Ginger, raw",294.0,1.0,0.0
Russian Federation,2005,"Ginger, raw",403.0,4.0,0.0
Russian Federation,2006,"Ginger, raw",496.0,1.0,0.0
Russian Federation,2007,"Ginger, raw",736.0,2.0,0.0
Russian Federation,2008,"Ginger, raw",1137.0,5.0,0.0
Russian Federation,2009,"Ginger, raw",1831.0,5.0,0.0
Russian Federation,2010,"Ginger, raw",2639.0,1.0,0.0
Russian Federation,2011,"Ginger, raw",3406.0,1.0,0.0
Russian Federation,2012,"Ginger, raw",5334.0,12.0,0.0
Russian Federation,2013,"Ginger, raw",8426.0,12.0,0.0
Russian Federation,2014,"Ginger, raw",7216.04,14.09,0.0
Russian Federation,2015,"Ginger, raw",8270.8,36.66,0.0
Russian Federation,2016,"Ginger, raw",10109.37,92.76,0.0
Russian Federation,2017,"Ginger, raw",10403.29,108.7,0.0
Russian Federation,2018,"Ginger, raw",10665.1,124.81,0.0
Russian Federation,2019,"Ginger, raw",11558.54,133.57,0.0
Russian Federation,2021,"Ginger, raw",11890.59,211.57,0.0
Russian Federation,2022,"Ginger, raw",6861.16,37.09,0.0
Russian Federation,2023,"Ginger, raw",6285.6,48.21,0.0
Rwanda,2008,"Ginger, raw",0.0,0.0,0.0
Rwanda,2009,"Ginger, raw",51.0,0.0,0.0
Rwanda,2010,"Ginger, raw",22.0,0.0,0.0
Rwanda,2011,"Ginger, raw",91.0,0.0,0.0
Rwanda,2012,"Ginger, raw",170.0,0.0,0.0
Rwanda,2013,"Ginger, raw",0.0,0.0,0.0
Rwanda,2014,"Ginger, raw",19.19,0.3,0.0
Rwanda,2015,"Ginger, raw",609.17,0.0,0.0
Rwanda,2016,"Ginger, raw",957.7,0.0,0.0
Rwanda,2017,"Ginger, raw",2015.98,0.31,0.0
Rwanda,2018,"Ginger, raw",2086.19,0.92,0.0
Rwanda,2019,"Ginger, raw",2347.72,6.07,0.0
Rwanda,2020,"Ginger, raw",4156.8,2.67,0.0
Rwanda,2021,"Ginger, raw",7134.83,13.63,0.0
Rwanda,2022,"Ginger, raw",7111.97,7.28,0.0
Rwanda,2023,"Ginger, raw",38.91,0.02,0.0
Saint Kitts and Nevis,2014,"Ginger, raw",3.08,0.0,0.0
Saint Kitts and Nevis,2019,"Ginger, raw",15.64,0.0,0.0
Saint Kitts and Nevis,2021,"Ginger, raw",14.36,0.0,0.0
Saint Kitts and Nevis,2022,"Ginger, raw",13.48,0.0,0.0
Saint Kitts and Nevis,2023,"Ginger, raw",16.45,0.0,0.0
Saint Lucia,1993,"Ginger, raw",1.0,4.0,50.0
Saint Lucia,1995,"Ginger, raw",3.0,0.0,51.37
Saint Lucia,1997,"Ginger, raw",2.0,0.0,36.16
Saint Lucia,1998,"Ginger, raw",1.0,0.0,29.82
Saint Lucia,1999,"Ginger, raw",2.0,0.0,23.57
Saint Lucia,2000,"Ginger, raw",3.0,0.0,9.0
Saint Lucia,2002,"Ginger, raw",1.0,1.0,13.76
Saint Lucia,2003,"Ginger, raw",7.0,0.0,12.64
Saint Lucia,2004,"Ginger, raw",3.0,1.0,9.0
Saint Lucia,2005,"Ginger, raw",5.0,0.0,9.0
Saint Lucia,2007,"Ginger, raw",13.0,0.0,9.0
Saint Lucia,2008,"Ginger, raw",12.0,0.0,9.0
Saint Lucia,2009,"Ginger, raw",3.0,0.0,11.0
Saint Lucia,2010,"Ginger, raw",2.0,0.0,11.84
Saint Lucia,2011,"Ginger, raw",7.0,0.0,12.92
Saint Lucia,2012,"Ginger, raw",3.0,0.0,14.9
Saint Lucia,2013,"Ginger, raw",4.0,0.0,15.0
Saint Lucia,2014,"Ginger, raw",41.44,0.42,15.51
Saint Lucia,2015,"Ginger, raw",2.97,1.31,17.47
Saint Lucia,2016,"Ginger, raw",22.95,1.11,18.66
Saint Lucia,2017,"Ginger, raw",22.94,1.91,22.0
Saint Lucia,2019,"Ginger, raw",30.87,0.57,11.0
Saint Lucia,2020,"Ginger, raw",36.22,0.23,7.0
Saint Lucia,2021,"Ginger, raw",6.38,0.08,11.0
Saint Lucia,2022,"Ginger, raw",13.7,0.24,24.0
Saint Lucia,2023,"Ginger, raw",13.94,0.39,23.0
Saint Vincent and the Grenadines,2002,"Ginger, raw",1.0,498.0,0.0
Saint Vincent and the Grenadines,2003,"Ginger, raw",1.0,438.0,0.0
Saint Vincent and the Grenadines,2004,"Ginger, raw",2.0,457.0,0.0
Saint Vincent and the Grenadines,2005,"Ginger, raw",2.0,515.0,0.0
Saint Vincent and the Grenadines,2006,"Ginger, raw",1.0,705.0,0.0
Saint Vincent and the Grenadines,2007,"Ginger, raw",1.0,726.0,0.0
Saint Vincent and the Grenadines,2008,"Ginger, raw",2.0,586.0,0.0
Saint Vincent and the Grenadines,2010,"Ginger, raw",7.0,745.0,0.0
Saint Vincent and the Grenadines,2011,"Ginger, raw",0.0,750.0,0.0
Saint Vincent and the Grenadines,2012,"Ginger, raw",17.0,700.0,0.0
Saint Vincent and the Grenadines,2013,"Ginger, raw",1.0,700.0,0.0
Saint Vincent and the Grenadines,2014,"Ginger, raw",9.87,995.63,0.0
Saint Vincent and the Grenadines,2015,"Ginger, raw",7.37,773.51,0.0
Saint Vincent and the Grenadines,2018,"Ginger, raw",6.95,772.33,0.0
Saint Vincent and the Grenadines,2019,"Ginger, raw",7.52,701.88,0.0
Saint Vincent and the Grenadines,2020,"Ginger, raw",6.13,738.65,0.0
Saint Vincent and the Grenadines,2021,"Ginger, raw",3.46,863.66,0.0
Saint Vincent and the Grenadines,2023,"Ginger, raw",7.99,667.0,0.0
Samoa,1993,"Ginger, raw",0.0,0.0,0.0
Samoa,1994,"Ginger, raw",0.0,0.0,0.0
Samoa,1995,"Ginger, raw",0.0,0.0,0.0
Samoa,1996,"Ginger, raw",0.0,0.0,0.0
Samoa,1997,"Ginger, raw",0.0,0.0,0.0
Samoa,1998,"Ginger, raw",0.0,0.0,0.0
Samoa,1999,"Ginger, raw",0.0,0.0,0.0
Samoa,2000,"Ginger, raw",0.0,0.0,0.0
Samoa,2001,"Ginger, raw",0.0,0.0,0.0
Samoa,2002,"Ginger, raw",0.0,0.0,0.0
Samoa,2003,"Ginger, raw",0.0,0.0,0.0
Samoa,2004,"Ginger, raw",0.0,0.0,0.0
Samoa,2005,"Ginger, raw",0.0,0.0,0.0
Samoa,2006,"Ginger, raw",1.0,0.0,0.0
Samoa,2008,"Ginger, raw",0.0,0.0,0.0
Samoa,2009,"Ginger, raw",0.0,0.0,0.0
Samoa,2010,"Ginger, raw",0.0,0.0,0.0
Samoa,2011,"Ginger, raw",0.0,0.0,0.0
Samoa,2013,"Ginger, raw",3.0,0.0,0.0
Samoa,2014,"Ginger, raw",1.18,0.0,0.0
Samoa,2015,"Ginger, raw",2.45,0.0,0.0
Samoa,2016,"Ginger, raw",0.43,0.0,0.0
Samoa,2017,"Ginger, raw",1.24,0.0,0.0
Samoa,2018,"Ginger, raw",1.0,0.01,0.0
Samoa,2020,"Ginger, raw",0.31,0.0,0.0
Samoa,2022,"Ginger, raw",0.35,0.0,0.0
Samoa,2023,"Ginger, raw",0.53,0.0,0.0
Sao Tome and Principe,2014,"Ginger, raw",0.32,0.02,0.0
Sao Tome and Principe,2015,"Ginger, raw",0.36,0.02,0.0
Sao Tome and Principe,2017,"Ginger, raw",0.04,0.0,0.0
Sao Tome and Principe,2018,"Ginger, raw",0.18,0.0,0.0
Sao Tome and Principe,2019,"Ginger, raw",0.08,0.0,0.0
Sao Tome and Principe,2022,"Ginger, raw",0.07,0.0,0.0
Sao Tome and Principe,2023,"Ginger, raw",0.37,0.0,0.0
Saudi Arabia,1993,"Ginger, raw",4925.0,0.0,0.0
Saudi Arabia,1994,"Ginger, raw",4637.0,0.0,0.0
Saudi Arabia,1995,"Ginger, raw",6351.0,0.0,0.0
Saudi Arabia,1996,"Ginger, raw",5773.0,0.0,0.0
Saudi Arabia,1997,"Ginger, raw",6504.0,0.0,0.0
Saudi Arabia,1998,"Ginger, raw",8398.0,23.0,0.0
Saudi Arabia,1999,"Ginger, raw",5200.0,80.0,0.0
Saudi Arabia,2000,"Ginger, raw",8248.41,47.17,0.0
Saudi Arabia,2001,"Ginger, raw",8967.0,37.0,0.0
Saudi Arabia,2002,"Ginger, raw",9209.0,82.0,0.0
Saudi Arabia,2003,"Ginger, raw",12322.0,152.0,0.0
Saudi Arabia,2004,"Ginger, raw",11202.0,254.0,0.0
Saudi Arabia,2005,"Ginger, raw",12714.0,143.0,0.0
Saudi Arabia,2006,"Ginger, raw",16978.0,195.0,0.0
Saudi Arabia,2007,"Ginger, raw",19333.0,377.0,0.0
Saudi Arabia,2008,"Ginger, raw",20828.0,38.0,0.0
Saudi Arabia,2010,"Ginger, raw",21015.0,221.0,0.0
Saudi Arabia,2011,"Ginger, raw",27929.0,548.0,0.0
Saudi Arabia,2012,"Ginger, raw",31300.0,448.0,0.0
Saudi Arabia,2013,"Ginger, raw",28172.0,58.0,0.0
Saudi Arabia,2014,"Ginger, raw",28469.0,269.0,0.0
Saudi Arabia,2015,"Ginger, raw",34417.0,988.0,0.0
Saudi Arabia,2016,"Ginger, raw",38298.0,2927.0,0.0
Saudi Arabia,2017,"Ginger, raw",30948.87,2249.99,0.0
Saudi Arabia,2018,"Ginger, raw",28091.9,1059.66,0.0
Saudi Arabia,2019,"Ginger, raw",28631.61,0.0,0.0
Saudi Arabia,2020,"Ginger, raw",38200.68,1351.82,0.0
Saudi Arabia,2021,"Ginger, raw",33221.53,448.61,0.0
Saudi Arabia,2022,"Ginger, raw",35322.64,40.56,0.0
Senegal,1993,"Ginger, raw",6.0,0.0,0.0
Senegal,1994,"Ginger, raw",7.0,0.0,0.0
Senegal,1995,"Ginger, raw",0.0,0.0,0.0
Senegal,1996,"Ginger, raw",0.0,0.0,0.0
Senegal,1997,"Ginger, raw",0.0,0.0,0.0
Senegal,1998,"Ginger, raw",1.0,0.0,0.0
Senegal,1999,"Ginger, raw",0.0,0.0,0.0
Senegal,2000,"Ginger, raw",0.01,0.0,0.0
Senegal,2002,"Ginger, raw",0.0,0.0,0.0
Senegal,2003,"Ginger, raw",2.0,0.0,0.0
Senegal,2004,"Ginger, raw",0.0,0.0,0.0
Senegal,2005,"Ginger, raw",0.0,0.0,0.0
Senegal,2006,"Ginger, raw",2.0,0.0,0.0
Senegal,2008,"Ginger, raw",21.0,0.0,0.0
Senegal,2009,"Ginger, raw",30.0,0.0,0.0
Senegal,2010,"Ginger, raw",218.0,0.0,0.0
Senegal,2011,"Ginger, raw",290.0,1.0,0.0
Senegal,2012,"Ginger, raw",465.0,0.0,0.0
Senegal,2013,"Ginger, raw",819.0,1.0,0.0
Senegal,2014,"Ginger, raw",1219.97,0.2,0.0
Senegal,2016,"Ginger, raw",47.42,0.44,0.0
Senegal,2017,"Ginger, raw",25.92,4.04,0.0
Senegal,2018,"Ginger, raw",8.21,1.0,0.0
Senegal,2019,"Ginger, raw",24.45,0.06,0.0
Senegal,2020,"Ginger, raw",47.62,0.0,0.0
Senegal,2021,"Ginger, raw",14.27,0.13,0.0
Senegal,2022,"Ginger, raw",214.51,2.4,0.0
Serbia,2006,"Ginger, raw",21.0,0.0,0.0
Serbia,2007,"Ginger, raw",25.0,3.0,0.0
Serbia,2008,"Ginger, raw",33.0,0.0,0.0
Serbia,2009,"Ginger, raw",17.0,0.0,0.0
Serbia,2010,"Ginger, raw",16.0,2.0,0.0
Serbia,2011,"Ginger, raw",13.0,1.0,0.0
Serbia,2012,"Ginger, raw",19.0,0.0,0.0
Serbia,2013,"Ginger, raw",54.0,2.0,0.0
Serbia,2014,"Ginger, raw",197.74,19.18,0.0
Serbia,2015,"Ginger, raw",353.86,9.37,0.0
Serbia,2016,"Ginger, raw",456.86,7.81,0.0
Serbia,2017,"Ginger, raw",489.61,9.03,0.0
Serbia,2018,"Ginger, raw",466.05,7.58,0.0
Serbia,2019,"Ginger, raw",481.19,8.64,0.0
Serbia,2020,"Ginger, raw",697.45,10.37,0.0
Serbia,2022,"Ginger, raw",592.57,8.04,0.0
Serbia,2023,"Ginger, raw",551.25,3.03,0.0
Serbia and Montenegro,1997,"Ginger, raw",3.0,0.0,0.0
Serbia and Montenegro,1998,"Ginger, raw",3.0,0.0,0.0
Serbia and Montenegro,1999,"Ginger, raw",3.0,0.0,0.0
Serbia and Montenegro,2000,"Ginger, raw",2.0,0.0,0.0
Serbia and Montenegro,2001,"Ginger, raw",5.0,0.0,0.0
Serbia and Montenegro,2002,"Ginger, raw",4.0,0.0,0.0
Serbia and Montenegro,2003,"Ginger, raw",2.0,0.0,0.0
Serbia and Montenegro,2004,"Ginger, raw",9.0,0.0,0.0
Serbia and Montenegro,2005,"Ginger, raw",7.0,0.0,0.0
Seychelles,1993,"Ginger, raw",86.0,0.0,0.0
Seychelles,1994,"Ginger, raw",96.0,0.0,0.0
Seychelles,1995,"Ginger, raw",103.0,0.0,0.0
Seychelles,1996,"Ginger, raw",116.0,0.0,0.0
Seychelles,1997,"Ginger, raw",97.0,0.0,0.0
Seychelles,1998,"Ginger, raw",80.0,0.0,0.0
Seychelles,1999,"Ginger, raw",90.0,0.0,0.0
Seychelles,2000,"Ginger, raw",38.74,0.0,0.0
Seychelles,2001,"Ginger, raw",106.0,0.0,0.0
Seychelles,2002,"Ginger, raw",3.0,0.0,0.0
Seychelles,2003,"Ginger, raw",139.0,0.0,0.0
Seychelles,2004,"Ginger, raw",123.0,0.0,0.0
Seychelles,2005,"Ginger, raw",171.0,0.0,0.0
Seychelles,2006,"Ginger, raw",149.0,0.0,0.0
Seychelles,2007,"Ginger, raw",139.0,0.0,0.0
Seychelles,2008,"Ginger, raw",124.0,0.0,0.0
Seychelles,2009,"Ginger, raw",174.0,0.0,0.0
Seychelles,2010,"Ginger, raw",154.0,0.0,0.0
Seychelles,2011,"Ginger, raw",221.0,0.0,0.0
Seychelles,2012,"Ginger, raw",186.0,0.0,0.0
Seychelles,2013,"Ginger, raw",197.0,0.0,0.0
Seychelles,2014,"Ginger, raw",207.81,0.0,0.0
Seychelles,2015,"Ginger, raw",198.7,0.0,0.0
Seychelles,2016,"Ginger, raw",197.11,0.0,0.0
Seychelles,2017,"Ginger, raw",222.89,0.0,0.0
Seychelles,2018,"Ginger, raw",241.28,0.0,0.0
Seychelles,2019,"Ginger, raw",265.74,0.0,0.0
Seychelles,2020,"Ginger, raw",282.66,0.0,0.0
Seychelles,2021,"Ginger, raw",279.52,0.0,0.0
Seychelles,2022,"Ginger, raw",263.0,0.0,0.0
Seychelles,2023,"Ginger, raw",299.58,0.0,0.0
Sierra Leone,2002,"Ginger, raw",1.0,0.0,0.0
Sierra Leone,2003,"Ginger, raw",66.0,0.0,0.0
Sierra Leone,2004,"Ginger, raw",52.0,0.0,0.0
Sierra Leone,2005,"Ginger, raw",0.0,0.0,0.0
Sierra Leone,2006,"Ginger, raw",0.0,0.0,0.0
Sierra Leone,2007,"Ginger, raw",5.0,0.0,0.0
Sierra Leone,2008,"Ginger, raw",5.0,0.0,0.0
Sierra Leone,2009,"Ginger, raw",5.0,0.0,0.0
Sierra Leone,2010,"Ginger, raw",5.0,0.0,0.0
Sierra Leone,2011,"Ginger, raw",0.0,0.0,0.0
Sierra Leone,2012,"Ginger, raw",1.0,0.0,0.0
Sierra Leone,2015,"Ginger, raw",5.8,0.32,0.0
Sierra Leone,2016,"Ginger, raw",0.56,0.3,0.0
Sierra Leone,2017,"Ginger, raw",11.92,0.2,0.0
Sierra Leone,2019,"Ginger, raw",3.13,0.23,0.0
Sierra Leone,2020,"Ginger, raw",10.82,0.17,0.0
Sierra Leone,2021,"Ginger, raw",12.97,0.0,0.0
Sierra Leone,2022,"Ginger, raw",0.61,0.0,0.0
Sierra Leone,2023,"Ginger, raw",0.56,0.0,0.0
Singapore,1993,"Ginger, raw",3016.0,6511.0,0.0
Singapore,1994,"Ginger, raw",4151.0,6236.0,0.0
Singapore,1996,"Ginger, raw",2489.0,4100.0,0.0
Singapore,1997,"Ginger, raw",1753.0,2318.0,0.0
Singapore,1998,"Ginger, raw",2760.0,2427.0,0.0
Singapore,1999,"Ginger, raw",3970.0,3278.0,0.0
Singapore,2000,"Ginger, raw",7565.64,2988.92,0.0
Singapore,2001,"Ginger, raw",7166.0,1650.0,0.0
Singapore,2002,"Ginger, raw",7838.0,1796.0,0.0
Singapore,2003,"Ginger, raw",7569.0,1604.0,0.0
Singapore,2005,"Ginger, raw",8673.0,1698.0,0.0
Singapore,2006,"Ginger, raw",8683.0,1588.0,0.0
Singapore,2007,"Ginger, raw",8757.0,1140.0,0.0
Singapore,2008,"Ginger, raw",8842.0,1016.0,0.0
Singapore,2009,"Ginger, raw",8526.0,1193.0,0.0
Singapore,2010,"Ginger, raw",8780.0,336.0,0.0
Singapore,2011,"Ginger, raw",8635.0,460.0,0.0
Singapore,2012,"Ginger, raw",8975.0,232.0,0.0
Singapore,2013,"Ginger, raw",9138.0,1278.0,0.0
Singapore,2014,"Ginger, raw",9527.0,1551.22,0.0
Singapore,2016,"Ginger, raw",10096.64,570.12,0.0
Singapore,2017,"Ginger, raw",10355.43,93.38,0.0
Singapore,2018,"Ginger, raw",9967.4,85.28,0.0
Singapore,2019,"Ginger, raw",10382.54,224.84,0.0
Singapore,2021,"Ginger, raw",10807.4,162.41,0.0
Singapore,2022,"Ginger, raw",10279.42,211.44,0.0
Singapore,2023,"Ginger, raw",10410.35,244.44,0.0
Slovakia,1993,"Ginger, raw",19.0,0.0,0.0
Slovakia,1994,"Ginger, raw",10.0,2.0,0.0
Slovakia,1995,"Ginger, raw",8.0,1.0,0.0
Slovakia,1996,"Ginger, raw",15.0,0.0,0.0
Slovakia,1997,"Ginger, raw",9.0,0.0,0.0
Slovakia,1998,"Ginger, raw",8.0,0.0,0.0
Slovakia,1999,"Ginger, raw",10.0,0.0,0.0
Slovakia,2000,"Ginger, raw",14.0,0.0,0.0
Slovakia,2001,"Ginger, raw",15.0,0.0,0.0
Slovakia,2002,"Ginger, raw",17.0,0.0,0.0
Slovakia,2003,"Ginger, raw",13.0,1.0,0.0
Slovakia,2004,"Ginger, raw",19.0,0.0,0.0
Slovakia,2005,"Ginger, raw",36.0,1.0,0.0
Slovakia,2006,"Ginger, raw",38.0,1.0,0.0
Slovakia,2007,"Ginger, raw",57.0,1.0,0.0
Slovakia,2009,"Ginger, raw",89.0,1.0,0.0
Slovakia,2010,"Ginger, raw",158.0,1.0,0.0
Slovakia,2011,"Ginger, raw",297.0,2.0,0.0
Slovakia,2012,"Ginger, raw",389.0,6.0,0.0
Slovakia,2013,"Ginger, raw",431.0,8.0,0.0
Slovakia,2014,"Ginger, raw",495.37,9.71,0.0
Slovakia,2016,"Ginger, raw",567.1,36.26,0.0
Slovakia,2017,"Ginger, raw",460.39,22.13,0.0
Slovakia,2018,"Ginger, raw",566.45,74.62,0.0
Slovakia,2019,"Ginger, raw",475.82,58.57,0.0
Slovakia,2020,"Ginger, raw",563.25,54.34,0.0
Slovakia,2021,"Ginger, raw",566.05,25.34,0.0
Slovakia,2023,"Ginger, raw",510.9,30.27,0.0
Slovenia,1993,"Ginger, raw",3.0,0.0,0.0
Slovenia,1995,"Ginger, raw",2.0,0.0,0.0
Slovenia,1996,"Ginger, raw",4.0,0.0,0.0
Slovenia,1997,"Ginger, raw",5.0,0.0,0.0
Slovenia,1998,"Ginger, raw",6.0,0.0,0.0
Slovenia,1999,"Ginger, raw",10.0,0.0,0.0
Slovenia,2000,"Ginger, raw",14.37,0.03,0.0
Slovenia,2001,"Ginger, raw",7.0,0.0,0.0
Slovenia,2002,"Ginger, raw",12.0,0.0,0.0
Slovenia,2003,"Ginger, raw",18.0,3.0,0.0
Slovenia,2004,"Ginger, raw",20.0,5.0,0.0
Slovenia,2005,"Ginger, raw",23.0,5.0,0.0
Slovenia,2006,"Ginger, raw",30.0,15.0,0.0
Slovenia,2007,"Ginger, raw",39.0,36.0,0.0
Slovenia,2008,"Ginger, raw",45.0,41.0,0.0
Slovenia,2009,"Ginger, raw",57.0,57.0,0.0
Slovenia,2010,"Ginger, raw",51.0,46.0,0.0
Slovenia,2011,"Ginger, raw",75.0,55.0,0.0
Slovenia,2012,"Ginger, raw",100.0,74.0,0.0
Slovenia,2013,"Ginger, raw",220.0,203.0,0.0
Slovenia,2014,"Ginger, raw",284.79,272.14,0.0
Slovenia,2015,"Ginger, raw",403.41,415.78,0.0
Slovenia,2016,"Ginger, raw",663.68,711.8,0.0
Slovenia,2017,"Ginger, raw",731.64,775.3,0.0
Slovenia,2018,"Ginger, raw",488.85,431.7,0.0
Slovenia,2019,"Ginger, raw",409.34,412.13,0.0
Slovenia,2020,"Ginger, raw",448.41,423.84,0.0
Slovenia,2021,"Ginger, raw",406.66,454.77,0.0
Slovenia,2022,"Ginger, raw",322.09,353.13,0.0
Slovenia,2023,"Ginger, raw",270.18,247.49,0.0
Solomon Islands,2014,"Ginger, raw",0.4,0.0,0.0
Solomon Islands,2015,"Ginger, raw",0.03,0.0,0.0
Solomon Islands,2016,"Ginger, raw",0.01,0.0,0.0
Solomon Islands,2017,"Ginger, raw",7.81,0.0,0.0
Solomon Islands,2019,"Ginger, raw",0.0,0.0,0.0
Solomon Islands,2020,"Ginger, raw",0.13,0.0,0.0
Solomon Islands,2021,"Ginger, raw",0.22,0.0,0.0
Solomon Islands,2022,"Ginger, raw",0.87,0.0,0.0
Solomon Islands,2023,"Ginger, raw",0.59,0.0,0.0
Somalia,2012,"Ginger, raw",99.0,0.0,0.0
Somalia,2013,"Ginger, raw",306.0,0.0,0.0
Somalia,2014,"Ginger, raw",564.1,0.0,0.0
Somalia,2015,"Ginger, raw",172.07,0.0,0.0
Somalia,2016,"Ginger, raw",432.71,0.0,0.0
Somalia,2017,"Ginger, raw",241.01,0.0,0.0
Somalia,2018,"Ginger, raw",569.46,0.0,0.0
Somalia,2019,"Ginger, raw",735.97,0.0,0.0
Somalia,2020,"Ginger, raw",1024.64,0.0,0.0
Somalia,2021,"Ginger, raw",983.46,0.0,0.0
Somalia,2022,"Ginger, raw",1127.05,0.0,0.0
South Africa,1993,"Ginger, raw",258.0,250.0,0.0
South Africa,1994,"Ginger, raw",670.0,351.0,0.0
South Africa,1995,"Ginger, raw",666.0,470.0,0.0
South Africa,1996,"Ginger, raw",342.0,704.0,0.0
South Africa,1997,"Ginger, raw",762.0,350.0,0.0
South Africa,1998,"Ginger, raw",627.0,821.0,0.0
South Africa,1999,"Ginger, raw",520.0,592.0,0.0
South Africa,2000,"Ginger, raw",563.81,310.92,0.0
South Africa,2001,"Ginger, raw",484.0,123.0,0.0
South Africa,2002,"Ginger, raw",584.0,183.0,0.0
South Africa,2003,"Ginger, raw",794.0,322.0,0.0
South Africa,2004,"Ginger, raw",927.0,69.0,0.0
South Africa,2005,"Ginger, raw",744.0,48.0,0.0
South Africa,2006,"Ginger, raw",1357.0,51.0,0.0
South Africa,2007,"Ginger, raw",1547.0,77.0,0.0
South Africa,2008,"Ginger, raw",858.0,121.0,0.0
South Africa,2009,"Ginger, raw",986.0,70.0,0.0
South Africa,2010,"Ginger, raw",1377.0,93.0,0.0
South Africa,2011,"Ginger, raw",1610.0,94.0,0.0
South Africa,2012,"Ginger, raw",2113.0,139.0,0.0
South Africa,2013,"Ginger, raw",1556.0,352.0,0.0
South Africa,2014,"Ginger, raw",1828.22,477.56,0.0
South Africa,2015,"Ginger, raw",1458.34,497.04,0.0
South Africa,2016,"Ginger, raw",2166.6,575.82,0.0
South Africa,2017,"Ginger, raw",2063.48,601.94,0.0
South Africa,2018,"Ginger, raw",2162.53,551.23,0.0
South Africa,2019,"Ginger, raw",1961.43,513.54,0.0
South Africa,2020,"Ginger, raw",4361.53,839.84,0.0
South Africa,2021,"Ginger, raw",4727.3,1042.69,0.0
South Africa,2022,"Ginger, raw",2970.6,652.86,0.0
South Africa,2023,"Ginger, raw",2536.47,569.16,0.0
South Sudan,2012,"Ginger, raw",0.0,0.0,0.0
South Sudan,2014,"Ginger, raw",0.3,0.0,0.0
South Sudan,2015,"Ginger, raw",12.94,0.0,0.0
South Sudan,2016,"Ginger, raw",1.6,0.0,0.0
South Sudan,2017,"Ginger, raw",0.25,0.0,0.0
South Sudan,2018,"Ginger, raw",164.93,0.0,0.0
South Sudan,2019,"Ginger, raw",317.09,0.0,0.0
South Sudan,2020,"Ginger, raw",139.95,0.0,0.0
South Sudan,2021,"Ginger, raw",757.38,0.0,0.0
South Sudan,2022,"Ginger, raw",957.93,0.0,0.0
Spain,1994,"Ginger, raw",52.0,2.0,0.0
Spain,1995,"Ginger, raw",77.0,0.0,0.0
Spain,1996,"Ginger, raw",62.0,1.0,0.0
Spain,1997,"Ginger, raw",97.0,1.0,0.0
Spain,1998,"Ginger, raw",127.0,43.0,0.0
Spain,1999,"Ginger, raw",175.0,63.0,0.0
Spain,2000,"Ginger, raw",96.0,34.0,0.0
Spain,2001,"Ginger, raw",187.0,63.0,0.0
Spain,2002,"Ginger, raw",266.0,68.0,0.0
Spain,2003,"Ginger, raw",347.0,54.0,0.0
Spain,2004,"Ginger, raw",379.0,89.0,0.0
Spain,2005,"Ginger, raw",598.0,69.0,0.0
Spain,2006,"Ginger, raw",998.0,498.0,0.0
Spain,2007,"Ginger, raw",945.0,104.0,0.0
Spain,2008,"Ginger, raw",1114.0,241.0,0.0
Spain,2009,"Ginger, raw",1284.0,278.0,0.0
Spain,2010,"Ginger, raw",1464.0,395.0,0.0
Spain,2011,"Ginger, raw",1634.0,375.0,0.0
Spain,2012,"Ginger, raw",1906.0,571.0,0.0
Spain,2013,"Ginger, raw",2262.0,827.0,0.0
Spain,2014,"Ginger, raw",2875.36,1586.99,0.0
Spain,2015,"Ginger, raw",3626.19,1368.18,0.0
Spain,2016,"Ginger, raw",5197.35,1822.48,0.0
Spain,2017,"Ginger, raw",6239.98,2248.48,0.0
Spain,2018,"Ginger, raw",7573.45,2903.17,0.0
Spain,2019,"Ginger, raw",8627.73,3786.29,0.0
Spain,2020,"Ginger, raw",10536.17,4842.34,0.0
Spain,2021,"Ginger, raw",10842.02,4855.19,0.0
Spain,2022,"Ginger, raw",10750.96,4801.53,0.0
Sri Lanka,1994,"Ginger, raw",61.0,4.0,5800.0
Sri Lanka,1995,"Ginger, raw",21.0,1.0,5880.0
Sri Lanka,1996,"Ginger, raw",93.0,3.0,5910.0
Sri Lanka,1997,"Ginger, raw",178.0,2.0,5720.0
Sri Lanka,1998,"Ginger, raw",174.0,14.0,5540.0
Sri Lanka,1999,"Ginger, raw",166.0,11.0,5500.0
Sri Lanka,2000,"Ginger, raw",225.53,9.57,5480.0
Sri Lanka,2001,"Ginger, raw",581.0,9.0,4650.0
Sri Lanka,2003,"Ginger, raw",1141.0,15.0,4840.0
Sri Lanka,2004,"Ginger, raw",359.0,15.0,5690.0
Sri Lanka,2005,"Ginger, raw",161.0,58.0,6700.0
Sri Lanka,2006,"Ginger, raw",322.0,66.0,6760.0
Sri Lanka,2007,"Ginger, raw",890.0,81.0,8270.0
Sri Lanka,2008,"Ginger, raw",461.0,59.0,10050.0
Sri Lanka,2009,"Ginger, raw",594.0,45.0,10780.0
Sri Lanka,2010,"Ginger, raw",237.0,37.0,12050.0
Sri Lanka,2011,"Ginger, raw",259.0,139.0,13660.0
Sri Lanka,2012,"Ginger, raw",722.0,195.0,14910.0
Sri Lanka,2013,"Ginger, raw",1296.0,92.0,14075.0
Sri Lanka,2014,"Ginger, raw",691.89,70.81,15481.0
Sri Lanka,2015,"Ginger, raw",336.75,66.34,18537.98
Sri Lanka,2017,"Ginger, raw",1731.53,81.59,16326.0
Sri Lanka,2018,"Ginger, raw",1071.3,128.41,14208.0
Sri Lanka,2020,"Ginger, raw",204.32,111.68,42019.2
Sri Lanka,2021,"Ginger, raw",0.47,113.81,56841.9
Sri Lanka,2022,"Ginger, raw",0.12,128.49,71931.0
Sri Lanka,2023,"Ginger, raw",0.8,98.13,59514.0
Sudan,2012,"Ginger, raw",47.0,0.0,0.0
Sudan,2014,"Ginger, raw",1351.74,0.0,0.0
Sudan,2015,"Ginger, raw",1569.0,0.0,0.0
Sudan,2016,"Ginger, raw",1152.0,0.0,0.0
Sudan,2019,"Ginger, raw",1266.76,0.19,0.0
Sudan,2020,"Ginger, raw",773.34,0.0,0.0
Sudan,2021,"Ginger, raw",1276.24,0.3,0.0
Sudan,2022,"Ginger, raw",1998.56,0.56,0.0
Sudan,2023,"Ginger, raw",1932.52,0.03,0.0
Sudan (former),1997,"Ginger, raw",21.0,0.0,0.0
Sudan (former),1998,"Ginger, raw",39.0,0.0,0.0
Sudan (former),1999,"Ginger, raw",14.0,0.0,0.0
Sudan (former),2000,"Ginger, raw",2.0,0.0,0.0
Sudan (former),2001,"Ginger, raw",206.0,0.0,0.0
Sudan (former),2002,"Ginger, raw",9.0,0.0,0.0
Sudan (former),2003,"Ginger, raw",2236.0,0.0,0.0
Sudan (former),2004,"Ginger, raw",496.0,0.0,0.0
Sudan (former),2005,"Ginger, raw",567.0,0.0,0.0
Sudan (former),2006,"Ginger, raw",3715.0,0.0,0.0
Sudan (former),2007,"Ginger, raw",6593.0,0.0,0.0
Sudan (former),2008,"Ginger, raw",6192.0,0.0,0.0
Sudan (former),2009,"Ginger, raw",5301.0,0.0,0.0
Sudan (former),2010,"Ginger, raw",5902.0,0.0,0.0
Sudan (former),2011,"Ginger, raw",4929.0,0.0,0.0
Suriname,2009,"Ginger, raw",9.0,0.0,0.0
Suriname,2010,"Ginger, raw",9.0,2.0,0.0
Suriname,2011,"Ginger, raw",1.0,13.0,0.0
Suriname,2012,"Ginger, raw",31.0,13.0,0.0
Suriname,2013,"Ginger, raw",36.0,0.0,0.0
Suriname,2014,"Ginger, raw",9.9,0.0,0.0
Suriname,2015,"Ginger, raw",85.37,0.07,0.0
Suriname,2016,"Ginger, raw",63.0,0.09,0.0
Suriname,2018,"Ginger, raw",58.11,0.0,0.0
Suriname,2019,"Ginger, raw",92.53,0.0,0.0
Suriname,2020,"Ginger, raw",81.97,0.0,0.0
Suriname,2021,"Ginger, raw",75.66,0.0,0.0
Suriname,2023,"Ginger, raw",80.06,0.0,0.0
Sweden,1993,"Ginger, raw",231.0,9.0,0.0
Sweden,1995,"Ginger, raw",218.0,8.0,0.0
Sweden,1996,"Ginger, raw",326.0,7.0,0.0
Sweden,1997,"Ginger, raw",182.0,9.0,0.0
Sweden,1998,"Ginger, raw",351.0,16.0,0.0
Sweden,1999,"Ginger, raw",357.0,19.0,0.0
Sweden,2000,"Ginger, raw",354.0,15.0,0.0
Sweden,2001,"Ginger, raw",358.0,9.0,0.0
Sweden,2002,"Ginger, raw",302.0,85.0,0.0
Sweden,2003,"Ginger, raw",309.0,33.0,0.0
Sweden,2004,"Ginger, raw",437.0,43.0,0.0
Sweden,2005,"Ginger, raw",407.0,49.0,0.0
Sweden,2006,"Ginger, raw",465.0,54.0,0.0
Sweden,2007,"Ginger, raw",535.0,52.0,0.0
Sweden,2009,"Ginger, raw",762.0,52.0,0.0
Sweden,2010,"Ginger, raw",903.0,50.0,0.0
Sweden,2011,"Ginger, raw",943.0,61.0,0.0
Sweden,2012,"Ginger, raw",1254.0,47.0,0.0
Sweden,2013,"Ginger, raw",1395.0,54.0,0.0
Sweden,2014,"Ginger, raw",1441.53,72.22,0.0
Sweden,2015,"Ginger, raw",1811.15,76.3,0.0
Sweden,2016,"Ginger, raw",2373.01,63.49,0.0
Sweden,2017,"Ginger, raw",2870.13,93.95,0.0
Sweden,2018,"Ginger, raw",2888.71,109.21,0.0
Sweden,2019,"Ginger, raw",2878.17,88.66,0.0
Sweden,2021,"Ginger, raw",2838.24,149.17,0.0
Sweden,2022,"Ginger, raw",2808.68,52.67,0.0
Switzerland,1993,"Ginger, raw",145.0,5.0,0.0
Switzerland,1994,"Ginger, raw",179.0,3.0,0.0
Switzerland,1996,"Ginger, raw",197.0,3.0,0.0
Switzerland,1997,"Ginger, raw",211.0,3.0,0.0
Switzerland,1998,"Ginger, raw",245.0,4.0,0.0
Switzerland,2000,"Ginger, raw",263.79,1.78,0.0
Switzerland,2001,"Ginger, raw",306.0,1.0,0.0
Switzerland,2002,"Ginger, raw",353.0,2.0,0.0
Switzerland,2003,"Ginger, raw",361.0,9.0,0.0
Switzerland,2004,"Ginger, raw",420.0,3.0,0.0
Switzerland,2005,"Ginger, raw",458.0,3.0,0.0
Switzerland,2006,"Ginger, raw",516.0,9.0,0.0
Switzerland,2007,"Ginger, raw",560.0,5.0,0.0
Switzerland,2008,"Ginger, raw",655.0,2.0,0.0
Switzerland,2009,"Ginger, raw",793.0,6.0,0.0
Switzerland,2010,"Ginger, raw",840.0,12.0,0.0
Switzerland,2011,"Ginger, raw",883.0,27.0,0.0
Switzerland,2012,"Ginger, raw",930.0,24.0,0.0
Switzerland,2013,"Ginger, raw",1065.0,14.0,0.0
Switzerland,2014,"Ginger, raw",1141.07,4.56,0.0
Switzerland,2015,"Ginger, raw",1424.54,6.39,0.0
Switzerland,2016,"Ginger, raw",1721.33,3.27,0.0
Switzerland,2017,"Ginger, raw",2033.17,12.16,0.0
Switzerland,2018,"Ginger, raw",2244.62,6.57,0.0
Switzerland,2019,"Ginger, raw",2425.3,14.16,0.0
Switzerland,2021,"Ginger, raw",2627.42,15.97,0.0
Switzerland,2022,"Ginger, raw",2424.55,15.55,0.0
Switzerland,2023,"Ginger, raw",2362.16,16.87,0.0
Syrian Arab Republic,1994,"Ginger, raw",13.0,0.0,0.0
Syrian Arab Republic,1995,"Ginger, raw",74.0,0.0,0.0
Syrian Arab Republic,1996,"Ginger, raw",14.0,0.0,0.0
Syrian Arab Republic,1997,"Ginger, raw",11.0,0.0,0.0
Syrian Arab Republic,1998,"Ginger, raw",82.0,0.0,0.0
Syrian Arab Republic,1999,"Ginger, raw",125.0,0.0,0.0
Syrian Arab Republic,2000,"Ginger, raw",90.0,0.0,0.0
Syrian Arab Republic,2001,"Ginger, raw",250.0,0.0,0.0
Syrian Arab Republic,2002,"Ginger, raw",236.0,0.0,0.0
Syrian Arab Republic,2004,"Ginger, raw",0.0,0.0,0.0
Syrian Arab Republic,2005,"Ginger, raw",175.0,1.0,0.0
Syrian Arab Republic,2006,"Ginger, raw",974.0,0.0,0.0
Syrian Arab Republic,2007,"Ginger, raw",413.0,0.0,0.0
Syrian Arab Republic,2008,"Ginger, raw",1550.0,0.0,0.0
Syrian Arab Republic,2010,"Ginger, raw",129.0,0.0,0.0
Syrian Arab Republic,2011,"Ginger, raw",931.0,0.0,0.0
Syrian Arab Republic,2012,"Ginger, raw",376.0,0.0,0.0
Syrian Arab Republic,2013,"Ginger, raw",93.0,0.0,0.0
Syrian Arab Republic,2014,"Ginger, raw",276.25,3.79,0.0
Syrian Arab Republic,2015,"Ginger, raw",285.53,35.05,0.0
Syrian Arab Republic,2016,"Ginger, raw",328.5,90.45,0.0
Syrian Arab Republic,2017,"Ginger, raw",486.14,24.31,0.0
Syrian Arab Republic,2018,"Ginger, raw",467.79,1.59,0.0
Syrian Arab Republic,2019,"Ginger, raw",421.94,55.75,0.0
Syrian Arab Republic,2020,"Ginger, raw",336.68,42.45,0.0
Syrian Arab Republic,2021,"Ginger, raw",524.68,32.54,0.0
Syrian Arab Republic,2022,"Ginger, raw",270.08,53.8,0.0
Syrian Arab Republic,2023,"Ginger, raw",147.68,61.16,0.0
Tajikistan,2001,"Ginger, raw",1.0,0.0,0.0
Tajikistan,2003,"Ginger, raw",0.0,0.0,0.0
Tajikistan,2004,"Ginger, raw",0.0,0.0,0.0
Tajikistan,2005,"Ginger, raw",0.0,0.0,0.0
Tajikistan,2007,"Ginger, raw",0.0,0.0,0.0
Tajikistan,2008,"Ginger, raw",0.0,0.0,0.0
Tajikistan,2009,"Ginger, raw",0.0,0.0,0.0
Tajikistan,2010,"Ginger, raw",0.0,0.0,0.0
Tajikistan,2011,"Ginger, raw",0.0,0.0,0.0
Tajikistan,2012,"Ginger, raw",0.0,0.0,0.0
Tajikistan,2013,"Ginger, raw",0.0,0.0,0.0
Tajikistan,2014,"Ginger, raw",0.14,0.0,0.0
Tajikistan,2015,"Ginger, raw",0.39,0.0,0.0
Tajikistan,2016,"Ginger, raw",0.75,0.0,0.0
Tajikistan,2017,"Ginger, raw",0.12,0.0,0.0
Tajikistan,2018,"Ginger, raw",1.37,0.0,0.0
Tajikistan,2019,"Ginger, raw",2.17,0.0,0.0
Tajikistan,2021,"Ginger, raw",13.52,0.0,0.0
Tajikistan,2022,"Ginger, raw",2.37,0.0,0.0
Tajikistan,2023,"Ginger, raw",3.96,0.0,0.0
Thailand,1993,"Ginger, raw",120.0,5011.0,45000.0
Thailand,1995,"Ginger, raw",32.0,6031.0,65000.0
Thailand,1996,"Ginger, raw",10.0,5913.0,80000.0
Thailand,1997,"Ginger, raw",0.0,13977.0,90000.0
Thailand,1998,"Ginger, raw",54.0,14129.0,105000.0
Thailand,1999,"Ginger, raw",17.0,25584.0,115000.0
Thailand,2000,"Ginger, raw",255.0,27780.0,134243.0
Thailand,2001,"Ginger, raw",473.0,24108.0,177389.0
Thailand,2002,"Ginger, raw",126.0,26908.0,208135.0
Thailand,2003,"Ginger, raw",546.0,24484.0,166295.0
Thailand,2005,"Ginger, raw",2745.0,41864.0,139048.0
Thailand,2006,"Ginger, raw",4322.0,16753.0,106710.0
Thailand,2007,"Ginger, raw",1225.0,29922.0,153284.0
Thailand,2008,"Ginger, raw",2303.0,39137.0,161505.0
Thailand,2010,"Ginger, raw",2008.0,31383.0,172681.0
Thailand,2011,"Ginger, raw",7893.0,24391.0,152630.0
Thailand,2012,"Ginger, raw",6833.0,27655.0,156068.17
Thailand,2013,"Ginger, raw",6896.0,40042.0,161157.0
Thailand,2014,"Ginger, raw",1422.86,26802.17,161404.0
Thailand,2015,"Ginger, raw",6005.87,21201.66,162404.0
Thailand,2016,"Ginger, raw",8221.07,44287.26,166430.88
Thailand,2017,"Ginger, raw",2400.27,83315.12,168879.98
Thailand,2018,"Ginger, raw",4224.89,73615.08,170294.26
Thailand,2019,"Ginger, raw",3898.23,64817.46,172761.63
Thailand,2020,"Ginger, raw",11204.25,60941.47,174556.91
Thailand,2021,"Ginger, raw",9801.22,60699.88,172132.77
Thailand,2023,"Ginger, raw",12686.89,89411.89,174103.24
Timor-Leste,2014,"Ginger, raw",9.58,0.0,0.0
Timor-Leste,2015,"Ginger, raw",16.47,0.0,0.0
Timor-Leste,2016,"Ginger, raw",17.89,0.0,0.0
Timor-Leste,2017,"Ginger, raw",3.28,0.46,0.0
Timor-Leste,2019,"Ginger, raw",1.05,0.0,0.0
Timor-Leste,2020,"Ginger, raw",2.76,0.0,0.0
Timor-Leste,2021,"Ginger, raw",8.19,0.0,0.0
Timor-Leste,2022,"Ginger, raw",4.23,0.0,0.0
Timor-Leste,2023,"Ginger, raw",4.09,0.0,0.0
Togo,1993,"Ginger, raw",0.0,0.0,0.0
Togo,1994,"Ginger, raw",0.0,0.0,0.0
Togo,1995,"Ginger, raw",0.0,0.0,0.0
Togo,1996,"Ginger, raw",0.0,0.0,0.0
Togo,1997,"Ginger, raw",0.0,0.0,0.0
Togo,1998,"Ginger, raw",0.0,0.0,0.0
Togo,1999,"Ginger, raw",3.4,0.0,0.0
Togo,2000,"Ginger, raw",0.0,6.84,0.0
Togo,2001,"Ginger, raw",20.0,31.0,0.0
Togo,2002,"Ginger, raw",0.0,144.0,0.0
Togo,2003,"Ginger, raw",52.0,419.0,0.0
Togo,2004,"Ginger, raw",0.0,1.0,0.0
Togo,2005,"Ginger, raw",0.0,0.0,0.0
Togo,2007,"Ginger, raw",0.0,0.0,0.0
Togo,2008,"Ginger, raw",1.0,9.0,0.0
Togo,2009,"Ginger, raw",0.0,50.0,0.0
Togo,2010,"Ginger, raw",0.0,0.0,0.0
Togo,2011,"Ginger, raw",0.0,6.0,0.0
Togo,2013,"Ginger, raw",0.0,0.0,0.0
Togo,2017,"Ginger, raw",0.24,0.0,0.0
Togo,2021,"Ginger, raw",17.0,0.0,0.0
Togo,2022,"Ginger, raw",11.18,0.54,0.0
Togo,2023,"Ginger, raw",6.86,0.75,0.0
Tonga,2012,"Ginger, raw",1.0,0.0,0.0
Tonga,2013,"Ginger, raw",4.0,0.0,0.0
Tonga,2014,"Ginger, raw",6.08,0.0,0.0
Tonga,2015,"Ginger, raw",3.38,0.0,0.0
Tonga,2016,"Ginger, raw",4.4,0.0,0.0
Tonga,2017,"Ginger, raw",6.22,0.0,0.0
Tonga,2018,"Ginger, raw",8.87,0.0,0.0
Tonga,2020,"Ginger, raw",9.43,0.0,0.0
Tonga,2021,"Ginger, raw",5.6,0.0,0.0
Tonga,2022,"Ginger, raw",8.45,0.0,0.0
Tonga,2023,"Ginger, raw",6.7,0.0,0.0
Trinidad and Tobago,1993,"Ginger, raw",130.0,3.0,0.0
Trinidad and Tobago,1994,"Ginger, raw",3.0,2.0,0.0
Trinidad and Tobago,1995,"Ginger, raw",14.0,1.0,0.0
Trinidad and Tobago,1997,"Ginger, raw",315.0,1.0,0.0
Trinidad and Tobago,1998,"Ginger, raw",192.0,0.0,0.0
Trinidad and Tobago,1999,"Ginger, raw",209.0,4.0,29.0
Trinidad and Tobago,2000,"Ginger, raw",262.43,1.24,14.0
Trinidad and Tobago,2001,"Ginger, raw",238.0,4.0,129.0
Trinidad and Tobago,2002,"Ginger, raw",244.0,1.0,87.0
Trinidad and Tobago,2003,"Ginger, raw",216.0,3.0,90.0
Trinidad and Tobago,2004,"Ginger, raw",273.0,12.0,95.0
Trinidad and Tobago,2006,"Ginger, raw",348.0,5.0,187.46
Trinidad and Tobago,2007,"Ginger, raw",389.0,3.0,239.32
Trinidad and Tobago,2008,"Ginger, raw",581.0,3.0,286.42
Trinidad and Tobago,2009,"Ginger, raw",386.0,4.0,324.13
Trinidad and Tobago,2010,"Ginger, raw",1088.0,4.0,378.34
Trinidad and Tobago,2011,"Ginger, raw",1088.0,0.0,417.0
Trinidad and Tobago,2012,"Ginger, raw",1088.0,1.0,512.0
Trinidad and Tobago,2013,"Ginger, raw",1088.0,6.0,616.0
Trinidad and Tobago,2014,"Ginger, raw",240.0,4.24,672.0
Trinidad and Tobago,2015,"Ginger, raw",447.4,10.75,540.0
Trinidad and Tobago,2016,"Ginger, raw",610.0,11.97,802.0
Trinidad and Tobago,2018,"Ginger, raw",485.29,9.38,8.0
Trinidad and Tobago,2019,"Ginger, raw",390.64,11.26,0.0
Trinidad and Tobago,2020,"Ginger, raw",397.86,12.1,11.0
Trinidad and Tobago,2021,"Ginger, raw",360.15,7.19,14.5
Trinidad and Tobago,2023,"Ginger, raw",347.0,6.85,11.0
Tunisia,1993,"Ginger, raw",26.0,6.0,0.0
Tunisia,1994,"Ginger, raw",3.0,4.0,0.0
Tunisia,1996,"Ginger, raw",5.0,0.0,0.0
Tunisia,1997,"Ginger, raw",5.0,0.0,0.0
Tunisia,1998,"Ginger, raw",50.0,0.0,0.0
Tunisia,1999,"Ginger, raw",41.0,0.0,0.0
Tunisia,2000,"Ginger, raw",35.0,0.0,0.0
Tunisia,2001,"Ginger, raw",42.0,0.0,0.0
Tunisia,2002,"Ginger, raw",31.0,0.0,0.0
Tunisia,2003,"Ginger, raw",39.0,0.0,0.0
Tunisia,2004,"Ginger, raw",14.0,0.0,0.0
Tunisia,2007,"Ginger, raw",56.0,0.0,0.0
Tunisia,2008,"Ginger, raw",14.0,0.0,0.0
Tunisia,2009,"Ginger, raw",43.0,0.0,0.0
Tunisia,2010,"Ginger, raw",69.0,0.0,0.0
Tunisia,2011,"Ginger, raw",227.0,3.0,0.0
Tunisia,2012,"Ginger, raw",75.0,4.0,0.0
Tunisia,2014,"Ginger, raw",38.54,0.26,0.0
Tunisia,2015,"Ginger, raw",261.95,0.06,0.0
Tunisia,2016,"Ginger, raw",264.84,0.4,0.0
Tunisia,2017,"Ginger, raw",314.17,0.1,0.0
Tunisia,2018,"Ginger, raw",283.0,0.15,0.0
Tunisia,2019,"Ginger, raw",375.77,0.05,0.0
Tunisia,2021,"Ginger, raw",526.47,0.3,0.0
Tunisia,2022,"Ginger, raw",356.77,0.02,0.0
Tunisia,2023,"Ginger, raw",376.59,0.74,0.0
Türkiye,1993,"Ginger, raw",42.0,13.0,0.0
Türkiye,1994,"Ginger, raw",35.0,5.0,0.0
Türkiye,1995,"Ginger, raw",59.0,1.0,0.0
Türkiye,1997,"Ginger, raw",124.0,17.0,0.0
Türkiye,1998,"Ginger, raw",153.0,38.0,0.0
Türkiye,1999,"Ginger, raw",102.0,13.0,0.0
Türkiye,2001,"Ginger, raw",102.0,1.0,0.0
Türkiye,2002,"Ginger, raw",195.0,1.0,0.0
Türkiye,2003,"Ginger, raw",178.0,2.0,0.0
Türkiye,2004,"Ginger, raw",64.0,2.0,0.0
Türkiye,2005,"Ginger, raw",257.0,1.0,0.0
Türkiye,2006,"Ginger, raw",323.0,1.0,0.0
Türkiye,2007,"Ginger, raw",247.0,3.0,0.0
Türkiye,2008,"Ginger, raw",235.0,3.0,0.0
Türkiye,2009,"Ginger, raw",705.0,6.0,0.0
Türkiye,2010,"Ginger, raw",913.0,6.0,0.0
Türkiye,2011,"Ginger, raw",742.0,5.0,0.0
Türkiye,2012,"Ginger, raw",1220.0,6.0,0.0
Türkiye,2013,"Ginger, raw",1162.0,12.0,0.0
Türkiye,2014,"Ginger, raw",1743.75,8.16,0.0
Türkiye,2015,"Ginger, raw",1950.62,13.83,0.0
Türkiye,2016,"Ginger, raw",2711.84,15.66,0.0
Türkiye,2017,"Ginger, raw",2932.66,21.6,0.0
Türkiye,2018,"Ginger, raw",2990.51,28.09,0.0
Türkiye,2019,"Ginger, raw",3106.06,206.99,0.0
Türkiye,2020,"Ginger, raw",5125.49,260.42,0.0
Türkiye,2021,"Ginger, raw",4110.88,476.22,0.0
Türkiye,2022,"Ginger, raw",3824.36,255.43,0.0
Türkiye,2023,"Ginger, raw",3011.45,592.21,0.0
Turkmenistan,2015,"Ginger, raw",3.71,0.0,0.0
Turkmenistan,2016,"Ginger, raw",2.2,0.0,0.0
Turkmenistan,2017,"Ginger, raw",6.94,0.0,0.0
Turkmenistan,2019,"Ginger, raw",2.88,0.0,0.0
Turkmenistan,2020,"Ginger, raw",36.32,0.0,0.0
Turkmenistan,2021,"Ginger, raw",29.67,0.0,0.0
Turkmenistan,2022,"Ginger, raw",0.01,0.0,0.0
Turkmenistan,2023,"Ginger, raw",0.04,0.0,0.0
Tuvalu,2001,"Ginger, raw",0.0,0.0,0.0
Tuvalu,2002,"Ginger, raw",1.0,0.0,0.0
Tuvalu,2003,"Ginger, raw",7.0,0.0,0.0
Tuvalu,2004,"Ginger, raw",0.0,0.0,0.0
Tuvalu,2005,"Ginger, raw",5.0,0.0,0.0
Tuvalu,2006,"Ginger, raw",5.0,0.0,0.0
Tuvalu,2007,"Ginger, raw",0.0,0.0,0.0
Tuvalu,2008,"Ginger, raw",0.0,0.0,0.0
Tuvalu,2009,"Ginger, raw",0.0,0.0,0.0
Tuvalu,2010,"Ginger, raw",0.0,0.0,0.0
Tuvalu,2011,"Ginger, raw",0.0,0.0,0.0
Tuvalu,2012,"Ginger, raw",0.0,0.0,0.0
Tuvalu,2013,"Ginger, raw",0.0,0.0,0.0
Tuvalu,2014,"Ginger, raw",0.03,0.0,0.0
Tuvalu,2015,"Ginger, raw",0.02,0.0,0.0
Tuvalu,2018,"Ginger, raw",0.01,0.0,0.0
Tuvalu,2019,"Ginger, raw",0.03,0.0,0.0
Tuvalu,2020,"Ginger, raw",0.02,0.0,0.0
Tuvalu,2022,"Ginger, raw",0.05,0.0,0.0
Uganda,1994,"Ginger, raw",1.16,61.72,70.0
Uganda,1995,"Ginger, raw",0.39,51.76,60.0
Uganda,1997,"Ginger, raw",0.56,35.44,128.14
Uganda,1999,"Ginger, raw",0.0,39.0,120.0
Uganda,2001,"Ginger, raw",0.0,13.0,136.35
Uganda,2002,"Ginger, raw",0.0,27.0,137.08
Uganda,2003,"Ginger, raw",0.0,0.0,137.95
Uganda,2004,"Ginger, raw",4.0,14.0,139.86
Uganda,2005,"Ginger, raw",8.0,45.0,140.07
Uganda,2006,"Ginger, raw",4.0,4.0,140.1
Uganda,2007,"Ginger, raw",18.0,3.0,145.73
Uganda,2008,"Ginger, raw",21.0,109.0,141.79
Uganda,2009,"Ginger, raw",7.0,2.0,134.72
Uganda,2010,"Ginger, raw",15.0,143.0,145.61
Uganda,2011,"Ginger, raw",23.0,55.0,165.0
Uganda,2012,"Ginger, raw",2.0,16.0,170.0
Uganda,2013,"Ginger, raw",46.0,7.0,153.93
Uganda,2014,"Ginger, raw",17.26,0.51,150.65
Uganda,2015,"Ginger, raw",82.45,138.68,150.74
Uganda,2016,"Ginger, raw",79.14,350.72,150.71
Uganda,2017,"Ginger, raw",35.36,413.46,150.65
Uganda,2018,"Ginger, raw",56.89,404.11,328.88
Uganda,2019,"Ginger, raw",53.74,554.58,662.2
Uganda,2020,"Ginger, raw",59.56,1457.07,1000.0
Ukraine,2002,"Ginger, raw",6.0,0.0,0.0
Ukraine,2003,"Ginger, raw",15.0,0.0,0.0
Ukraine,2004,"Ginger, raw",14.0,0.0,0.0
Ukraine,2005,"Ginger, raw",59.0,0.0,0.0
Ukraine,2006,"Ginger, raw",96.0,0.0,0.0
Ukraine,2007,"Ginger, raw",152.0,1.0,0.0
Ukraine,2009,"Ginger, raw",362.0,1.0,0.0
Ukraine,2010,"Ginger, raw",325.0,1.0,0.0
Ukraine,2011,"Ginger, raw",744.0,1.0,0.0
Ukraine,2012,"Ginger, raw",1169.0,2.0,0.0
Ukraine,2013,"Ginger, raw",2623.0,3.0,0.0
Ukraine,2015,"Ginger, raw",1540.45,2.7,0.0
Ukraine,2016,"Ginger, raw",2395.3,1.66,0.0
Ukraine,2017,"Ginger, raw",2489.95,3.0,0.0
Ukraine,2018,"Ginger, raw",2758.44,2.9,0.0
Ukraine,2019,"Ginger, raw",2769.63,5.9,0.0
Ukraine,2020,"Ginger, raw",3324.25,27.03,0.0
Ukraine,2021,"Ginger, raw",3028.49,30.18,0.0
Ukraine,2022,"Ginger, raw",1548.6,3.07,0.0
Ukraine,2023,"Ginger, raw",1658.35,2.04,0.0
United Arab Emirates,1993,"Ginger, raw",8600.0,3340.0,0.0
United Arab Emirates,1994,"Ginger, raw",10620.0,4077.0,0.0
United Arab Emirates,1995,"Ginger, raw",10389.0,3554.0,0.0
United Arab Emirates,1996,"Ginger, raw",1022.0,0.0,0.0
United Arab Emirates,1997,"Ginger, raw",7200.0,0.0,0.0
United Arab Emirates,1998,"Ginger, raw",5600.0,0.0,0.0
United Arab Emirates,1999,"Ginger, raw",9900.0,0.0,0.0
United Arab Emirates,2000,"Ginger, raw",11800.0,0.0,0.0
United Arab Emirates,2001,"Ginger, raw",11500.0,0.0,0.0
United Arab Emirates,2002,"Ginger, raw",12778.0,5673.0,0.0
United Arab Emirates,2003,"Ginger, raw",14013.0,5004.0,0.0
United Arab Emirates,2004,"Ginger, raw",11970.0,635.0,0.0
United Arab Emirates,2005,"Ginger, raw",13420.0,5290.0,0.0
United Arab Emirates,2006,"Ginger, raw",16880.0,717.0,0.0
United Arab Emirates,2007,"Ginger, raw",18676.0,7189.0,0.0
United Arab Emirates,2008,"Ginger, raw",19811.0,6336.0,0.0
United Arab Emirates,2009,"Ginger, raw",24740.0,3396.0,0.0
United Arab Emirates,2010,"Ginger, raw",23444.0,3396.0,0.0
United Arab Emirates,2011,"Ginger, raw",26587.0,1006.0,0.0
United Arab Emirates,2012,"Ginger, raw",30342.0,2134.0,0.0
United Arab Emirates,2013,"Ginger, raw",31917.0,2506.0,0.0
United Arab Emirates,2014,"Ginger, raw",37593.76,4427.11,0.0
United Arab Emirates,2015,"Ginger, raw",44113.91,7161.87,0.0
United Arab Emirates,2016,"Ginger, raw",48284.14,8673.59,0.0
United Arab Emirates,2017,"Ginger, raw",51665.04,6756.15,0.0
United Arab Emirates,2018,"Ginger, raw",52325.89,28414.0,0.0
United Arab Emirates,2019,"Ginger, raw",48083.83,29369.66,0.0
United Arab Emirates,2020,"Ginger, raw",55953.91,33837.71,0.0
United Arab Emirates,2021,"Ginger, raw",58069.77,36222.85,0.0
United Arab Emirates,2023,"Ginger, raw",49940.17,30344.22,0.0
United Kingdom of Great Britain and Northern Ireland,1993,"Ginger, raw",6477.0,217.0,0.0
United Kingdom of Great Britain and Northern Ireland,1994,"Ginger, raw",6575.0,362.0,0.0
United Kingdom of Great Britain and Northern Ireland,1995,"Ginger, raw",7389.0,116.0,0.0
United Kingdom of Great Britain and Northern Ireland,1996,"Ginger, raw",8532.0,330.0,0.0
United Kingdom of Great Britain and Northern Ireland,1997,"Ginger, raw",8561.0,526.0,0.0
United Kingdom of Great Britain and Northern Ireland,1998,"Ginger, raw",10074.0,545.0,0.0
United Kingdom of Great Britain and Northern Ireland,1999,"Ginger, raw",9289.0,418.0,0.0
United Kingdom of Great Britain and Northern Ireland,2001,"Ginger, raw",11660.0,480.0,0.0
United Kingdom of Great Britain and Northern Ireland,2002,"Ginger, raw",11050.0,420.0,0.0
United Kingdom of Great Britain and Northern Ireland,2003,"Ginger, raw",11480.0,381.0,0.0
United Kingdom of Great Britain and Northern Ireland,2004,"Ginger, raw",13289.0,416.0,0.0
United Kingdom of Great Britain and Northern Ireland,2005,"Ginger, raw",14423.0,330.0,0.0
United Kingdom of Great Britain and Northern Ireland,2006,"Ginger, raw",15987.0,302.0,0.0
United Kingdom of Great Britain and Northern Ireland,2007,"Ginger, raw",15936.0,423.0,0.0
United Kingdom of Great Britain and Northern Ireland,2008,"Ginger, raw",17423.0,776.0,0.0
United Kingdom of Great Britain and Northern Ireland,2009,"Ginger, raw",21689.0,1015.0,0.0
United Kingdom of Great Britain and Northern Ireland,2010,"Ginger, raw",18903.0,1261.0,0.0
United Kingdom of Great Britain and Northern Ireland,2011,"Ginger, raw",20368.0,945.0,0.0
United Kingdom of Great Britain and Northern Ireland,2012,"Ginger, raw",19432.0,942.0,0.0
United Kingdom of Great Britain and Northern Ireland,2013,"Ginger, raw",19594.0,1177.0,0.0
United Kingdom of Great Britain and Northern Ireland,2014,"Ginger, raw",19463.43,867.82,0.0
United Kingdom of Great Britain and Northern Ireland,2015,"Ginger, raw",21691.62,1141.96,0.0
United Kingdom of Great Britain and Northern Ireland,2016,"Ginger, raw",23847.43,1308.13,0.0
United Kingdom of Great Britain and Northern Ireland,2017,"Ginger, raw",23207.24,1362.83,0.0
United Kingdom of Great Britain and Northern Ireland,2018,"Ginger, raw",25492.93,1123.43,0.0
United Kingdom of Great Britain and Northern Ireland,2019,"Ginger, raw",25501.41,951.21,0.0
United Kingdom of Great Britain and Northern Ireland,2020,"Ginger, raw",28804.39,1314.22,0.0
United Kingdom of Great Britain and Northern Ireland,2021,"Ginger, raw",30076.71,1234.31,0.0
United Kingdom of Great Britain and Northern Ireland,2022,"Ginger, raw",29576.31,1002.18,0.0
United Kingdom of Great Britain and Northern Ireland,2023,"Ginger, raw",26780.22,851.97,0.0
United Republic of Tanzania,1995,"Ginger, raw",18.0,0.0,0.0
United Republic of Tanzania,1996,"Ginger, raw",4.0,0.0,0.0
United Republic of Tanzania,1997,"Ginger, raw",9.0,10.0,10.0
United Republic of Tanzania,1998,"Ginger, raw",2.0,56.0,60.0
United Republic of Tanzania,1999,"Ginger, raw",13.0,92.0,90.0
United Republic of Tanzania,2000,"Ginger, raw",4.0,64.0,70.0
United Republic of Tanzania,2001,"Ginger, raw",7.0,41.0,50.0
United Republic of Tanzania,2002,"Ginger, raw",5.0,44.0,60.0
United Republic of Tanzania,2003,"Ginger, raw",3.0,22.0,50.0
United Republic of Tanzania,2006,"Ginger, raw",10.0,5.0,45.0
United Republic of Tanzania,2007,"Ginger, raw",3.0,1.0,50.0
United Republic of Tanzania,2008,"Ginger, raw",7.0,39.0,50.0
United Republic of Tanzania,2010,"Ginger, raw",21.0,15.0,163.04
United Republic of Tanzania,2011,"Ginger, raw",21.0,8.0,181.44
United Republic of Tanzania,2012,"Ginger, raw",26.0,1.0,228.61
United Republic of Tanzania,2013,"Ginger, raw",13.0,1.0,264.21
United Republic of Tanzania,2014,"Ginger, raw",25.17,4.99,306.95
United Republic of Tanzania,2015,"Ginger, raw",11.64,0.26,382.23
United Republic of Tanzania,2017,"Ginger, raw",11.95,219.43,396.39
United Republic of Tanzania,2018,"Ginger, raw",27.52,662.0,428.69
United Republic of Tanzania,2019,"Ginger, raw",2.38,3.89,1666.36
United Republic of Tanzania,2020,"Ginger, raw",5.48,70.11,830.48
United Republic of Tanzania,2021,"Ginger, raw",251.89,390.41,975.18
United Republic of Tanzania,2022,"Ginger, raw",18.11,1072.85,1157.34
United Republic of Tanzania,2023,"Ginger, raw",177.14,966.46,987.67
United States of America,1994,"Ginger, raw",14789.0,1140.0,2720.0
United States of America,1995,"Ginger, raw",15538.0,1127.0,2630.0
United States of America,1996,"Ginger, raw",14328.0,1413.0,4260.0
United States of America,1997,"Ginger, raw",13836.0,1866.0,5490.0
United States of America,1998,"Ginger, raw",14036.0,1892.0,8160.0
United States of America,1999,"Ginger, raw",15580.0,1476.0,7300.0
United States of America,2000,"Ginger, raw",19035.18,1118.73,6123.0
United States of America,2001,"Ginger, raw",19080.0,1328.0,8165.0
United States of America,2002,"Ginger, raw",21115.0,969.0,6532.0
United States of America,2003,"Ginger, raw",27349.0,1013.0,2722.0
United States of America,2004,"Ginger, raw",29002.0,817.0,2722.0
United States of America,2005,"Ginger, raw",32027.0,1256.0,2313.0
United States of America,2006,"Ginger, raw",32553.0,612.0,1950.0
United States of America,2007,"Ginger, raw",35509.0,1064.0,1270.0
United States of America,2008,"Ginger, raw",42429.0,872.0,816.0
United States of America,2009,"Ginger, raw",42537.0,815.0,816.0
United States of America,2010,"Ginger, raw",44122.0,1115.0,833.12
United States of America,2011,"Ginger, raw",52521.0,950.0,836.58
United States of America,2012,"Ginger, raw",56162.0,1477.0,739.58
United States of America,2013,"Ginger, raw",57533.0,1883.0,697.03
United States of America,2014,"Ginger, raw",58756.99,2022.56,655.74
United States of America,2015,"Ginger, raw",72922.55,2146.2,667.81
United States of America,2016,"Ginger, raw",79801.74,1841.88,692.1
United States of America,2017,"Ginger, raw",82776.96,2140.99,671.88
United States of America,2019,"Ginger, raw",89781.36,2461.91,669.8
United States of America,2020,"Ginger, raw",106320.73,3694.88,662.37
United States of America,2021,"Ginger, raw",108574.7,4861.64,659.2
United States of America,2022,"Ginger, raw",107908.68,4384.72,663.79
Uruguay,1994,"Ginger, raw",1.0,0.0,0.0
Uruguay,1995,"Ginger, raw",4.0,0.0,0.0
Uruguay,1996,"Ginger, raw",11.0,0.0,0.0
Uruguay,1997,"Ginger, raw",6.0,0.0,0.0
Uruguay,1998,"Ginger, raw",8.0,0.0,0.0
Uruguay,1999,"Ginger, raw",15.0,0.0,0.0
Uruguay,2000,"Ginger, raw",20.64,0.0,0.0
Uruguay,2001,"Ginger, raw",15.0,0.0,0.0
Uruguay,2002,"Ginger, raw",12.0,0.0,0.0
Uruguay,2003,"Ginger, raw",7.0,0.0,0.0
Uruguay,2004,"Ginger, raw",15.0,0.0,0.0
Uruguay,2005,"Ginger, raw",25.0,0.0,0.0
Uruguay,2006,"Ginger, raw",34.0,0.0,0.0
Uruguay,2007,"Ginger, raw",27.0,0.0,0.0
Uruguay,2008,"Ginger, raw",28.0,0.0,0.0
Uruguay,2009,"Ginger, raw",31.0,0.0,0.0
Uruguay,2010,"Ginger, raw",44.0,0.0,0.0
Uruguay,2011,"Ginger, raw",38.0,0.0,0.0
Uruguay,2012,"Ginger, raw",38.0,0.0,0.0
Uruguay,2013,"Ginger, raw",45.0,0.0,0.0
Uruguay,2014,"Ginger, raw",52.95,0.31,0.0
Uruguay,2015,"Ginger, raw",79.23,0.24,0.0
Uruguay,2017,"Ginger, raw",238.16,0.29,0.0
Uruguay,2018,"Ginger, raw",331.98,0.14,0.0
Uruguay,2019,"Ginger, raw",285.9,0.21,0.0
Uruguay,2020,"Ginger, raw",290.61,0.3,0.0
Uruguay,2021,"Ginger, raw",339.71,0.27,0.0
Uruguay,2022,"Ginger, raw",357.66,0.32,0.0
Uzbekistan,2001,"Ginger, raw",0.0,0.0,0.0
Uzbekistan,2002,"Ginger, raw",0.0,0.0,0.0
Uzbekistan,2003,"Ginger, raw",0.0,0.0,0.0
Uzbekistan,2004,"Ginger, raw",0.0,0.0,0.0
Uzbekistan,2006,"Ginger, raw",0.0,0.0,0.0
Uzbekistan,2007,"Ginger, raw",0.0,0.0,0.0
Uzbekistan,2008,"Ginger, raw",0.0,0.0,0.0
Uzbekistan,2009,"Ginger, raw",0.0,0.0,0.0
Uzbekistan,2010,"Ginger, raw",0.0,0.0,0.0
Uzbekistan,2011,"Ginger, raw",0.0,0.0,0.0
Uzbekistan,2012,"Ginger, raw",0.0,0.0,0.0
Uzbekistan,2013,"Ginger, raw",0.0,0.0,0.0
Uzbekistan,2014,"Ginger, raw",22.7,0.0,0.0
Uzbekistan,2015,"Ginger, raw",16.79,0.0,0.0
Uzbekistan,2016,"Ginger, raw",18.06,0.0,0.0
Uzbekistan,2017,"Ginger, raw",77.82,0.01,0.0
Uzbekistan,2018,"Ginger, raw",114.96,0.06,0.0
Uzbekistan,2019,"Ginger, raw",197.0,0.07,0.0
Uzbekistan,2021,"Ginger, raw",247.4,0.25,0.0
Uzbekistan,2022,"Ginger, raw",270.84,0.01,0.0
Uzbekistan,2023,"Ginger, raw",308.8,0.01,0.0
Vanuatu,1993,"Ginger, raw",17.0,0.0,0.0
Vanuatu,1994,"Ginger, raw",10.0,0.0,0.0
Vanuatu,1995,"Ginger, raw",10.0,0.0,0.0
Vanuatu,1996,"Ginger, raw",13.0,0.0,0.0
Vanuatu,2007,"Ginger, raw",0.0,0.0,0.0
Vanuatu,2008,"Ginger, raw",0.0,0.0,0.0
Vanuatu,2009,"Ginger, raw",0.0,0.0,0.0
Vanuatu,2010,"Ginger, raw",0.0,0.0,0.0
Vanuatu,2011,"Ginger, raw",0.0,0.0,0.0
Vanuatu,2012,"Ginger, raw",0.0,0.0,0.0
Vanuatu,2013,"Ginger, raw",0.0,0.0,0.0
Vanuatu,2015,"Ginger, raw",0.86,0.23,0.0
Vanuatu,2016,"Ginger, raw",0.07,0.0,0.0
Vanuatu,2017,"Ginger, raw",0.12,0.0,0.0
Vanuatu,2018,"Ginger, raw",0.26,0.0,0.0
Vanuatu,2019,"Ginger, raw",0.13,0.0,0.0
Vanuatu,2020,"Ginger, raw",0.17,0.05,0.0
Vanuatu,2021,"Ginger, raw",0.1,0.02,0.0
Vanuatu,2022,"Ginger, raw",0.1,0.01,177.0
Vanuatu,2023,"Ginger, raw",0.25,0.11,180.0
Venezuela (Bolivarian Republic of),1993,"Ginger, raw",8.0,0.0,0.0
Venezuela (Bolivarian Republic of),1995,"Ginger, raw",7.0,0.0,0.0
Venezuela (Bolivarian Republic of),1996,"Ginger, raw",6.0,0.0,0.0
Venezuela (Bolivarian Republic of),1997,"Ginger, raw",18.0,0.0,0.0
Venezuela (Bolivarian Republic of),1998,"Ginger, raw",58.0,0.0,0.0
Venezuela (Bolivarian Republic of),1999,"Ginger, raw",49.0,0.0,0.0
Venezuela (Bolivarian Republic of),2000,"Ginger, raw",57.0,0.0,0.0
Venezuela (Bolivarian Republic of),2002,"Ginger, raw",111.0,0.0,0.0
Venezuela (Bolivarian Republic of),2003,"Ginger, raw",59.0,0.0,0.0
Venezuela (Bolivarian Republic of),2004,"Ginger, raw",92.0,0.0,0.0
Venezuela (Bolivarian Republic of),2005,"Ginger, raw",74.0,0.0,0.0
Venezuela (Bolivarian Republic of),2006,"Ginger, raw",196.0,0.0,0.0
Venezuela (Bolivarian Republic of),2007,"Ginger, raw",226.0,0.0,0.0
Venezuela (Bolivarian Republic of),2008,"Ginger, raw",144.0,0.0,0.0
Venezuela (Bolivarian Republic of),2009,"Ginger, raw",124.0,0.0,0.0
Venezuela (Bolivarian Republic of),2010,"Ginger, raw",63.0,0.0,0.0
Venezuela (Bolivarian Republic of),2011,"Ginger, raw",17.0,0.0,0.0
Venezuela (Bolivarian Republic of),2012,"Ginger, raw",16.0,0.0,0.0
Venezuela (Bolivarian Republic of),2013,"Ginger, raw",1.0,0.0,0.0
Venezuela (Bolivarian Republic of),2014,"Ginger, raw",20.07,0.0,0.0
Venezuela (Bolivarian Republic of),2016,"Ginger, raw",0.0,0.05,0.0
Venezuela (Bolivarian Republic of),2017,"Ginger, raw",2.2,16.26,0.0
Venezuela (Bolivarian Republic of),2018,"Ginger, raw",1.27,9.5,0.0
Venezuela (Bolivarian Republic of),2019,"Ginger, raw",7.66,0.0,0.0
Venezuela (Bolivarian Republic of),2020,"Ginger, raw",2.58,0.0,0.0
Venezuela (Bolivarian Republic of),2021,"Ginger, raw",4.58,4.3,0.0
Venezuela (Bolivarian Republic of),2022,"Ginger, raw",4.82,0.01,0.0
Venezuela (Bolivarian Republic of),2023,"Ginger, raw",6.05,0.0,0.0
Viet Nam,1999,"Ginger, raw",23.0,970.0,0.0
Viet Nam,2000,"Ginger, raw",177.0,631.0,0.0
Viet Nam,2001,"Ginger, raw",485.0,575.0,0.0
Viet Nam,2002,"Ginger, raw",1554.0,791.0,0.0
Viet Nam,2003,"Ginger, raw",764.0,905.0,0.0
Viet Nam,2004,"Ginger, raw",173.0,1498.0,0.0
Viet Nam,2005,"Ginger, raw",2401.0,967.0,0.0
Viet Nam,2006,"Ginger, raw",1536.0,1512.0,0.0
Viet Nam,2007,"Ginger, raw",1798.0,1278.0,0.0
Viet Nam,2008,"Ginger, raw",11135.0,1418.0,0.0
Viet Nam,2009,"Ginger, raw",11658.0,1695.0,0.0
Viet Nam,2010,"Ginger, raw",6167.0,985.0,0.0
Viet Nam,2011,"Ginger, raw",14078.0,1526.0,0.0
Viet Nam,2012,"Ginger, raw",11617.0,2999.0,0.0
Viet Nam,2013,"Ginger, raw",7790.0,2174.0,0.0
Viet Nam,2014,"Ginger, raw",4415.34,2148.35,0.0
Viet Nam,2015,"Ginger, raw",8964.53,3485.46,0.0
Viet Nam,2016,"Ginger, raw",8757.48,4185.17,0.0
Viet Nam,2017,"Ginger, raw",5748.65,3407.36,0.0
Viet Nam,2018,"Ginger, raw",6316.21,4618.57,0.0
Viet Nam,2019,"Ginger, raw",7879.36,5488.39,0.0
Viet Nam,2020,"Ginger, raw",7686.74,5164.82,0.0
Viet Nam,2021,"Ginger, raw",9726.45,4590.9,0.0
Viet Nam,2023,"Ginger, raw",10948.21,8249.5,0.0
Yemen,1993,"Ginger, raw",0.0,0.0,0.0
Yemen,1994,"Ginger, raw",0.0,0.0,0.0
Yemen,1995,"Ginger, raw",0.0,0.0,0.0
Yemen,1996,"Ginger, raw",0.0,0.0,0.0
Yemen,1997,"Ginger, raw",0.0,0.0,0.0
Yemen,1998,"Ginger, raw",1157.0,0.0,0.0
Yemen,2000,"Ginger, raw",663.0,1.0,0.0
Yemen,2001,"Ginger, raw",680.0,30.0,0.0
Yemen,2002,"Ginger, raw",1389.0,2.0,0.0
Yemen,2003,"Ginger, raw",1232.0,4.0,0.0
Yemen,2004,"Ginger, raw",942.0,1.0,0.0
Yemen,2005,"Ginger, raw",1823.0,2.0,0.0
Yemen,2006,"Ginger, raw",3061.0,40.0,0.0
Yemen,2007,"Ginger, raw",5282.0,35.0,0.0
Yemen,2008,"Ginger, raw",5433.0,9.0,0.0
Yemen,2009,"Ginger, raw",6197.0,71.0,0.0
Yemen,2010,"Ginger, raw",2455.0,71.0,0.0
Yemen,2011,"Ginger, raw",6780.0,137.0,0.0
Yemen,2012,"Ginger, raw",10682.0,5.0,0.0
Yemen,2013,"Ginger, raw",8964.0,0.0,0.0
Yemen,2014,"Ginger, raw",6280.93,0.56,0.0
Yemen,2015,"Ginger, raw",9719.6,0.0,0.0
Yemen,2017,"Ginger, raw",2857.0,0.92,0.0
Yemen,2018,"Ginger, raw",1512.0,0.0,0.0
Yemen,2019,"Ginger, raw",3367.33,0.0,0.0
Yemen,2020,"Ginger, raw",13476.75,0.0,0.0
Yemen,2021,"Ginger, raw",14961.45,2.9,0.0
Yemen,2022,"Ginger, raw",18816.92,0.05,0.0
Yemen,2023,"Ginger, raw",9733.22,7.56,0.0
Zambia,1995,"Ginger, raw",1024.0,45.0,0.0
Zambia,1997,"Ginger, raw",2.0,67.0,0.0
Zambia,1999,"Ginger, raw",7.0,0.0,0.0
Zambia,2000,"Ginger, raw",6.0,0.0,0.0
Zambia,2002,"Ginger, raw",8.0,0.0,0.0
Zambia,2003,"Ginger, raw",2.0,0.0,0.0
Zambia,2004,"Ginger, raw",3.0,0.0,0.0
Zambia,2005,"Ginger, raw",5.0,0.0,0.0
Zambia,2006,"Ginger, raw",7.0,0.0,0.0
Zambia,2007,"Ginger, raw",12.0,0.0,0.0
Zambia,2008,"Ginger, raw",10.0,0.0,0.0
Zambia,2009,"Ginger, raw",4.0,0.0,0.0
Zambia,2010,"Ginger, raw",8.0,0.0,0.0
Zambia,2011,"Ginger, raw",8.0,0.0,0.0
Zambia,2013,"Ginger, raw",31.0,0.0,0.0
Zambia,2014,"Ginger, raw",29.75,0.0,0.0
Zambia,2015,"Ginger, raw",50.03,0.0,0.0
Zambia,2016,"Ginger, raw",56.98,0.0,0.0
Zambia,2017,"Ginger, raw",41.4,0.0,0.0
Zambia,2018,"Ginger, raw",26.92,0.0,0.0
Zambia,2019,"Ginger, raw",20.72,0.28,0.0
Zambia,2020,"Ginger, raw",95.18,101.29,0.0
Zambia,2021,"Ginger, raw",62.62,218.13,0.0
Zambia,2022,"Ginger, raw",116.12,28.25,0.0
Zimbabwe,1993,"Ginger, raw",2.0,0.0,0.0
Zimbabwe,1994,"Ginger, raw",7.0,2.0,0.0
Zimbabwe,1995,"Ginger, raw",36.0,4.0,0.0
Zimbabwe,1997,"Ginger, raw",46.0,6.0,0.0
Zimbabwe,1998,"Ginger, raw",11.0,5.0,0.0
Zimbabwe,1999,"Ginger, raw",4.0,8.0,0.0
Zimbabwe,2000,"Ginger, raw",8.11,1.42,0.0
Zimbabwe,2001,"Ginger, raw",4.0,1.42,0.0
Zimbabwe,2002,"Ginger, raw",6.0,60.0,0.0
Zimbabwe,2004,"Ginger, raw",4.0,1.0,0.0
Zimbabwe,2005,"Ginger, raw",1.0,0.0,0.0
Zimbabwe,2006,"Ginger, raw",8.0,0.0,0.0
Zimbabwe,2007,"Ginger, raw",3.0,0.0,0.0
Zimbabwe,2008,"Ginger, raw",5.0,0.0,0.0
Zimbabwe,2009,"Ginger, raw",14.0,0.0,0.0
Zimbabwe,2010,"Ginger, raw",15.0,0.0,0.0
Zimbabwe,2011,"Ginger, raw",12.0,0.0,0.0
Zimbabwe,2012,"Ginger, raw",28.0,0.0,0.0
Zimbabwe,2013,"Ginger, raw",43.0,0.0,0.0
Zimbabwe,2014,"Ginger, raw",33.98,0.0,0.0
Zimbabwe,2015,"Ginger, raw",24.14,0.0,0.0
Zimbabwe,2016,"Ginger, raw",32.61,0.0,0.0
Zimbabwe,2017,"Ginger, raw",15.31,0.0,0.0
Zimbabwe,2018,"Ginger, raw",15.34,0.0,0.0
Zimbabwe,2019,"Ginger, raw",8.43,0.0,0.0
Zimbabwe,2020,"Ginger, raw",13.37,0.0,0.0
Zimbabwe,2022,"Ginger, raw",5.15,0.0,0.0
Zimbabwe,2023,"Ginger, raw",14.99,0.0,0.0
