Area,Year,Item,Import,Export,Production
Afghanistan,2014,"Cinnamon and cinnamon-tree flowers, raw",6.04,0.0,0.0
Afghanistan,2015,"Cinnamon and cinnamon-tree flowers, raw",4.92,0.9,0.0
Afghanistan,2016,"Cinnamon and cinnamon-tree flowers, raw",9.01,1.56,0.0
Afghanistan,2018,"Cinnamon and cinnamon-tree flowers, raw",43.78,0.0,0.0
Afghanistan,2020,"Cinnamon and cinnamon-tree flowers, raw",69.51,0.0,0.0
Afghanistan,2022,"Cinnamon and cinnamon-tree flowers, raw",114.35,0.0,0.0
Afghanistan,2023,"Cinnamon and cinnamon-tree flowers, raw",92.51,0.58,0.0
Albania,1996,"Cinnamon and cinnamon-tree flowers, raw",2.0,0.0,0.0
Albania,1997,"Cinnamon and cinnamon-tree flowers, raw",2.0,0.0,0.0
Albania,1998,"Cinnamon and cinnamon-tree flowers, raw",0.0,0.0,0.0
Albania,1999,"Cinnamon and cinnamon-tree flowers, raw",0.0,0.0,0.0
Albania,2000,"Cinnamon and cinnamon-tree flowers, raw",0.0,0.0,0.0
Albania,2001,"Cinnamon and cinnamon-tree flowers, raw",2.0,0.0,0.0
Albania,2002,"Cinnamon and cinnamon-tree flowers, raw",1.0,0.0,0.0
Albania,2003,"Cinnamon and cinnamon-tree flowers, raw",0.0,0.0,0.0
Albania,2004,"Cinnamon and cinnamon-tree flowers, raw",1.0,0.0,0.0
Albania,2005,"Cinnamon and cinnamon-tree flowers, raw",2.0,0.0,0.0
Albania,2006,"Cinnamon and cinnamon-tree flowers, raw",6.0,0.0,0.0
Albania,2007,"Cinnamon and cinnamon-tree flowers, raw",8.0,0.0,0.0
Albania,2008,"Cinnamon and cinnamon-tree flowers, raw",5.0,0.0,0.0
Albania,2009,"Cinnamon and cinnamon-tree flowers, raw",7.0,0.0,0.0
Albania,2010,"Cinnamon and cinnamon-tree flowers, raw",7.0,0.0,0.0
Albania,2011,"Cinnamon and cinnamon-tree flowers, raw",5.0,0.0,0.0
Albania,2012,"Cinnamon and cinnamon-tree flowers, raw",6.0,0.0,0.0
Albania,2013,"Cinnamon and cinnamon-tree flowers, raw",13.0,0.0,0.0
Albania,2014,"Cinnamon and cinnamon-tree flowers, raw",0.01,0.0,0.0
Albania,2015,"Cinnamon and cinnamon-tree flowers, raw",10.68,0.0,0.0
Albania,2016,"Cinnamon and cinnamon-tree flowers, raw",16.39,0.0,0.0
Albania,2017,"Cinnamon and cinnamon-tree flowers, raw",6.39,0.0,0.0
Albania,2018,"Cinnamon and cinnamon-tree flowers, raw",5.85,0.0,0.0
Albania,2019,"Cinnamon and cinnamon-tree flowers, raw",5.9,0.0,0.0
Albania,2020,"Cinnamon and cinnamon-tree flowers, raw",25.95,0.0,0.0
Albania,2021,"Cinnamon and cinnamon-tree flowers, raw",11.85,0.0,0.0
Albania,2022,"Cinnamon and cinnamon-tree flowers, raw",33.3,0.0,0.0
Algeria,1993,"Cinnamon and cinnamon-tree flowers, raw",57.0,0.0,0.0
Algeria,1994,"Cinnamon and cinnamon-tree flowers, raw",49.0,0.0,0.0
Algeria,1995,"Cinnamon and cinnamon-tree flowers, raw",243.0,0.0,0.0
Algeria,1996,"Cinnamon and cinnamon-tree flowers, raw",487.0,0.0,0.0
Algeria,1997,"Cinnamon and cinnamon-tree flowers, raw",436.0,0.0,0.0
Algeria,1998,"Cinnamon and cinnamon-tree flowers, raw",373.0,0.0,0.0
Algeria,1999,"Cinnamon and cinnamon-tree flowers, raw",494.0,0.0,0.0
Algeria,2000,"Cinnamon and cinnamon-tree flowers, raw",566.0,0.0,0.0
Algeria,2001,"Cinnamon and cinnamon-tree flowers, raw",386.0,0.0,0.0
Algeria,2002,"Cinnamon and cinnamon-tree flowers, raw",439.0,0.0,0.0
Algeria,2003,"Cinnamon and cinnamon-tree flowers, raw",1047.0,0.0,0.0
Algeria,2004,"Cinnamon and cinnamon-tree flowers, raw",420.0,0.0,0.0
Algeria,2005,"Cinnamon and cinnamon-tree flowers, raw",855.0,0.0,0.0
Algeria,2006,"Cinnamon and cinnamon-tree flowers, raw",453.0,0.0,0.0
Algeria,2007,"Cinnamon and cinnamon-tree flowers, raw",1355.0,0.0,0.0
Algeria,2008,"Cinnamon and cinnamon-tree flowers, raw",680.0,0.0,0.0
Algeria,2009,"Cinnamon and cinnamon-tree flowers, raw",547.0,0.0,0.0
Algeria,2010,"Cinnamon and cinnamon-tree flowers, raw",1094.0,0.0,0.0
Algeria,2011,"Cinnamon and cinnamon-tree flowers, raw",968.0,0.0,0.0
Algeria,2012,"Cinnamon and cinnamon-tree flowers, raw",585.0,0.0,0.0
Algeria,2013,"Cinnamon and cinnamon-tree flowers, raw",813.0,0.0,0.0
Algeria,2014,"Cinnamon and cinnamon-tree flowers, raw",1216.12,0.0,0.0
Algeria,2015,"Cinnamon and cinnamon-tree flowers, raw",1379.34,0.0,0.0
Algeria,2016,"Cinnamon and cinnamon-tree flowers, raw",649.04,0.0,0.0
Algeria,2017,"Cinnamon and cinnamon-tree flowers, raw",761.69,0.0,0.0
Algeria,2018,"Cinnamon and cinnamon-tree flowers, raw",1049.72,0.0,0.0
Algeria,2019,"Cinnamon and cinnamon-tree flowers, raw",1172.88,0.0,0.0
Algeria,2020,"Cinnamon and cinnamon-tree flowers, raw",1342.17,0.04,0.0
Algeria,2022,"Cinnamon and cinnamon-tree flowers, raw",285.23,0.0,0.0
Algeria,2023,"Cinnamon and cinnamon-tree flowers, raw",780.08,0.01,0.0
Angola,1993,"Cinnamon and cinnamon-tree flowers, raw",0.0,0.0,0.0
Angola,1994,"Cinnamon and cinnamon-tree flowers, raw",0.0,0.0,0.0
Angola,1995,"Cinnamon and cinnamon-tree flowers, raw",0.0,0.0,0.0
Angola,1996,"Cinnamon and cinnamon-tree flowers, raw",0.0,0.0,0.0
Angola,1997,"Cinnamon and cinnamon-tree flowers, raw",0.0,0.0,0.0
Angola,1998,"Cinnamon and cinnamon-tree flowers, raw",0.0,0.0,0.0
Angola,1999,"Cinnamon and cinnamon-tree flowers, raw",0.0,0.0,0.0
Angola,2000,"Cinnamon and cinnamon-tree flowers, raw",0.0,0.0,0.0
Angola,2001,"Cinnamon and cinnamon-tree flowers, raw",0.0,0.0,0.0
Angola,2002,"Cinnamon and cinnamon-tree flowers, raw",3.0,0.0,0.0
Angola,2003,"Cinnamon and cinnamon-tree flowers, raw",8.0,0.0,0.0
Angola,2004,"Cinnamon and cinnamon-tree flowers, raw",8.0,0.0,0.0
Angola,2005,"Cinnamon and cinnamon-tree flowers, raw",9.0,0.0,0.0
Angola,2006,"Cinnamon and cinnamon-tree flowers, raw",13.0,0.0,0.0
Angola,2007,"Cinnamon and cinnamon-tree flowers, raw",23.0,0.0,0.0
Angola,2008,"Cinnamon and cinnamon-tree flowers, raw",13.0,0.0,0.0
Angola,2009,"Cinnamon and cinnamon-tree flowers, raw",14.0,0.0,0.0
Angola,2010,"Cinnamon and cinnamon-tree flowers, raw",20.0,0.0,0.0
Angola,2011,"Cinnamon and cinnamon-tree flowers, raw",29.0,0.0,0.0
Angola,2012,"Cinnamon and cinnamon-tree flowers, raw",40.0,0.0,0.0
Angola,2013,"Cinnamon and cinnamon-tree flowers, raw",36.0,0.0,0.0
Angola,2015,"Cinnamon and cinnamon-tree flowers, raw",88.37,0.0,0.0
Angola,2016,"Cinnamon and cinnamon-tree flowers, raw",18.14,0.01,0.0
Angola,2017,"Cinnamon and cinnamon-tree flowers, raw",30.14,0.01,0.0
Angola,2018,"Cinnamon and cinnamon-tree flowers, raw",33.55,0.01,0.0
Angola,2020,"Cinnamon and cinnamon-tree flowers, raw",81.62,0.01,0.0
Angola,2021,"Cinnamon and cinnamon-tree flowers, raw",119.36,0.0,0.0
Angola,2022,"Cinnamon and cinnamon-tree flowers, raw",123.81,0.01,0.0
Angola,2023,"Cinnamon and cinnamon-tree flowers, raw",42.81,0.0,0.0
Antigua and Barbuda,2006,"Cinnamon and cinnamon-tree flowers, raw",1.0,0.0,0.0
Antigua and Barbuda,2007,"Cinnamon and cinnamon-tree flowers, raw",1.0,0.0,0.0
Antigua and Barbuda,2008,"Cinnamon and cinnamon-tree flowers, raw",1.0,0.0,0.0
Antigua and Barbuda,2009,"Cinnamon and cinnamon-tree flowers, raw",2.0,0.0,0.0
Antigua and Barbuda,2010,"Cinnamon and cinnamon-tree flowers, raw",0.0,0.0,0.0
Antigua and Barbuda,2011,"Cinnamon and cinnamon-tree flowers, raw",5.0,0.0,0.0
Antigua and Barbuda,2013,"Cinnamon and cinnamon-tree flowers, raw",7.0,0.0,0.0
Antigua and Barbuda,2014,"Cinnamon and cinnamon-tree flowers, raw",6.3,0.0,0.0
Antigua and Barbuda,2015,"Cinnamon and cinnamon-tree flowers, raw",7.72,0.0,0.0
Antigua and Barbuda,2016,"Cinnamon and cinnamon-tree flowers, raw",6.01,0.0,0.0
Antigua and Barbuda,2017,"Cinnamon and cinnamon-tree flowers, raw",19.16,0.0,0.0
Antigua and Barbuda,2018,"Cinnamon and cinnamon-tree flowers, raw",28.41,0.0,0.0
Antigua and Barbuda,2019,"Cinnamon and cinnamon-tree flowers, raw",31.73,0.0,0.0
Antigua and Barbuda,2020,"Cinnamon and cinnamon-tree flowers, raw",22.11,0.0,0.0
Antigua and Barbuda,2021,"Cinnamon and cinnamon-tree flowers, raw",24.88,0.0,0.0
Antigua and Barbuda,2022,"Cinnamon and cinnamon-tree flowers, raw",27.62,0.0,0.0
Antigua and Barbuda,2023,"Cinnamon and cinnamon-tree flowers, raw",20.53,0.0,0.0
Argentina,1994,"Cinnamon and cinnamon-tree flowers, raw",133.0,0.0,0.0
Argentina,1996,"Cinnamon and cinnamon-tree flowers, raw",149.0,3.0,0.0
Argentina,1997,"Cinnamon and cinnamon-tree flowers, raw",123.0,3.0,0.0
Argentina,1998,"Cinnamon and cinnamon-tree flowers, raw",147.0,5.0,0.0
Argentina,1999,"Cinnamon and cinnamon-tree flowers, raw",84.0,1.0,0.0
Argentina,2000,"Cinnamon and cinnamon-tree flowers, raw",128.49,1.15,0.0
Argentina,2001,"Cinnamon and cinnamon-tree flowers, raw",125.0,2.0,0.0
Argentina,2002,"Cinnamon and cinnamon-tree flowers, raw",72.0,0.0,0.0
Argentina,2003,"Cinnamon and cinnamon-tree flowers, raw",72.0,0.0,0.0
Argentina,2004,"Cinnamon and cinnamon-tree flowers, raw",125.0,1.0,0.0
Argentina,2005,"Cinnamon and cinnamon-tree flowers, raw",146.0,0.0,0.0
Argentina,2006,"Cinnamon and cinnamon-tree flowers, raw",105.0,2.0,0.0
Argentina,2007,"Cinnamon and cinnamon-tree flowers, raw",143.0,1.0,0.0
Argentina,2008,"Cinnamon and cinnamon-tree flowers, raw",165.0,1.0,0.0
Argentina,2010,"Cinnamon and cinnamon-tree flowers, raw",112.0,1.0,0.0
Argentina,2011,"Cinnamon and cinnamon-tree flowers, raw",200.0,1.0,0.0
Argentina,2012,"Cinnamon and cinnamon-tree flowers, raw",205.0,2.0,0.0
Argentina,2013,"Cinnamon and cinnamon-tree flowers, raw",179.0,3.0,0.0
Argentina,2014,"Cinnamon and cinnamon-tree flowers, raw",145.62,0.17,0.0
Argentina,2015,"Cinnamon and cinnamon-tree flowers, raw",215.8,0.44,0.0
Argentina,2016,"Cinnamon and cinnamon-tree flowers, raw",291.82,0.54,0.0
Argentina,2017,"Cinnamon and cinnamon-tree flowers, raw",226.2,0.73,0.0
Argentina,2018,"Cinnamon and cinnamon-tree flowers, raw",232.5,0.0,0.0
Argentina,2019,"Cinnamon and cinnamon-tree flowers, raw",183.85,0.0,0.0
Argentina,2020,"Cinnamon and cinnamon-tree flowers, raw",326.34,0.0,0.0
Argentina,2021,"Cinnamon and cinnamon-tree flowers, raw",434.41,0.0,0.0
Argentina,2022,"Cinnamon and cinnamon-tree flowers, raw",234.22,0.0,0.0
Argentina,2023,"Cinnamon and cinnamon-tree flowers, raw",301.78,0.0,0.0
Armenia,2001,"Cinnamon and cinnamon-tree flowers, raw",3.0,0.0,0.0
Armenia,2002,"Cinnamon and cinnamon-tree flowers, raw",3.0,0.0,0.0
Armenia,2003,"Cinnamon and cinnamon-tree flowers, raw",3.0,0.0,0.0
Armenia,2004,"Cinnamon and cinnamon-tree flowers, raw",7.0,0.0,0.0
Armenia,2005,"Cinnamon and cinnamon-tree flowers, raw",9.0,0.0,0.0
Armenia,2006,"Cinnamon and cinnamon-tree flowers, raw",5.0,0.0,0.0
Armenia,2008,"Cinnamon and cinnamon-tree flowers, raw",6.0,0.0,0.0
Armenia,2009,"Cinnamon and cinnamon-tree flowers, raw",4.0,0.0,0.0
Armenia,2010,"Cinnamon and cinnamon-tree flowers, raw",5.0,0.0,0.0
Armenia,2011,"Cinnamon and cinnamon-tree flowers, raw",6.0,0.0,0.0
Armenia,2012,"Cinnamon and cinnamon-tree flowers, raw",7.0,0.0,0.0
Armenia,2013,"Cinnamon and cinnamon-tree flowers, raw",6.0,0.0,0.0
Armenia,2015,"Cinnamon and cinnamon-tree flowers, raw",9.19,0.0,0.0
Armenia,2016,"Cinnamon and cinnamon-tree flowers, raw",17.0,0.0,0.0
Armenia,2017,"Cinnamon and cinnamon-tree flowers, raw",22.51,0.0,0.0
Armenia,2018,"Cinnamon and cinnamon-tree flowers, raw",23.07,0.03,0.0
Armenia,2019,"Cinnamon and cinnamon-tree flowers, raw",23.9,0.0,0.0
Armenia,2020,"Cinnamon and cinnamon-tree flowers, raw",28.67,0.13,0.0
Armenia,2021,"Cinnamon and cinnamon-tree flowers, raw",27.46,0.13,0.0
Armenia,2022,"Cinnamon and cinnamon-tree flowers, raw",33.2,17.02,0.0
Australia,1993,"Cinnamon and cinnamon-tree flowers, raw",246.0,1.0,0.0
Australia,1994,"Cinnamon and cinnamon-tree flowers, raw",312.0,3.0,0.0
Australia,1995,"Cinnamon and cinnamon-tree flowers, raw",360.0,1.0,0.0
Australia,1997,"Cinnamon and cinnamon-tree flowers, raw",330.0,1.0,0.0
Australia,1998,"Cinnamon and cinnamon-tree flowers, raw",440.0,0.0,0.0
Australia,1999,"Cinnamon and cinnamon-tree flowers, raw",479.0,1.0,0.0
Australia,2000,"Cinnamon and cinnamon-tree flowers, raw",394.0,2.0,0.0
Australia,2001,"Cinnamon and cinnamon-tree flowers, raw",314.0,2.0,0.0
Australia,2002,"Cinnamon and cinnamon-tree flowers, raw",360.0,40.0,0.0
Australia,2003,"Cinnamon and cinnamon-tree flowers, raw",400.0,28.0,0.0
Australia,2004,"Cinnamon and cinnamon-tree flowers, raw",550.0,33.0,0.0
Australia,2005,"Cinnamon and cinnamon-tree flowers, raw",578.0,19.0,0.0
Australia,2006,"Cinnamon and cinnamon-tree flowers, raw",645.0,4.0,0.0
Australia,2007,"Cinnamon and cinnamon-tree flowers, raw",577.0,7.0,0.0
Australia,2008,"Cinnamon and cinnamon-tree flowers, raw",599.0,10.0,0.0
Australia,2009,"Cinnamon and cinnamon-tree flowers, raw",763.0,13.0,0.0
Australia,2010,"Cinnamon and cinnamon-tree flowers, raw",645.0,5.0,0.0
Australia,2011,"Cinnamon and cinnamon-tree flowers, raw",777.0,5.0,0.0
Australia,2012,"Cinnamon and cinnamon-tree flowers, raw",847.0,39.0,0.0
Australia,2013,"Cinnamon and cinnamon-tree flowers, raw",874.0,38.0,0.0
Australia,2014,"Cinnamon and cinnamon-tree flowers, raw",1272.31,44.03,0.0
Australia,2015,"Cinnamon and cinnamon-tree flowers, raw",1548.21,74.98,0.0
Australia,2016,"Cinnamon and cinnamon-tree flowers, raw",1684.6,91.01,0.0
Australia,2017,"Cinnamon and cinnamon-tree flowers, raw",1096.79,39.74,0.0
Australia,2018,"Cinnamon and cinnamon-tree flowers, raw",1087.65,23.31,0.0
Australia,2019,"Cinnamon and cinnamon-tree flowers, raw",1088.14,19.23,0.0
Australia,2020,"Cinnamon and cinnamon-tree flowers, raw",1133.47,28.95,0.0
Australia,2023,"Cinnamon and cinnamon-tree flowers, raw",1076.73,34.22,0.0
Austria,1993,"Cinnamon and cinnamon-tree flowers, raw",214.0,9.0,0.0
Austria,1994,"Cinnamon and cinnamon-tree flowers, raw",215.0,17.0,0.0
Austria,1995,"Cinnamon and cinnamon-tree flowers, raw",370.0,21.0,0.0
Austria,1996,"Cinnamon and cinnamon-tree flowers, raw",321.0,5.0,0.0
Austria,1997,"Cinnamon and cinnamon-tree flowers, raw",354.0,51.0,0.0
Austria,1998,"Cinnamon and cinnamon-tree flowers, raw",350.0,39.0,0.0
Austria,1999,"Cinnamon and cinnamon-tree flowers, raw",385.0,75.0,0.0
Austria,2000,"Cinnamon and cinnamon-tree flowers, raw",399.0,80.0,0.0
Austria,2001,"Cinnamon and cinnamon-tree flowers, raw",307.0,98.0,0.0
Austria,2002,"Cinnamon and cinnamon-tree flowers, raw",470.0,134.0,0.0
Austria,2003,"Cinnamon and cinnamon-tree flowers, raw",434.0,152.0,0.0
Austria,2004,"Cinnamon and cinnamon-tree flowers, raw",419.0,121.0,0.0
Austria,2005,"Cinnamon and cinnamon-tree flowers, raw",382.0,75.0,0.0
Austria,2006,"Cinnamon and cinnamon-tree flowers, raw",495.0,128.0,0.0
Austria,2007,"Cinnamon and cinnamon-tree flowers, raw",458.0,107.0,0.0
Austria,2008,"Cinnamon and cinnamon-tree flowers, raw",425.0,178.0,0.0
Austria,2009,"Cinnamon and cinnamon-tree flowers, raw",463.0,207.0,0.0
Austria,2010,"Cinnamon and cinnamon-tree flowers, raw",580.0,238.0,0.0
Austria,2011,"Cinnamon and cinnamon-tree flowers, raw",452.0,238.0,0.0
Austria,2012,"Cinnamon and cinnamon-tree flowers, raw",488.0,231.0,0.0
Austria,2013,"Cinnamon and cinnamon-tree flowers, raw",566.0,258.0,0.0
Austria,2014,"Cinnamon and cinnamon-tree flowers, raw",773.16,325.11,0.0
Austria,2015,"Cinnamon and cinnamon-tree flowers, raw",639.1,323.86,0.0
Austria,2016,"Cinnamon and cinnamon-tree flowers, raw",825.99,387.29,0.0
Austria,2017,"Cinnamon and cinnamon-tree flowers, raw",718.9,413.23,0.0
Austria,2018,"Cinnamon and cinnamon-tree flowers, raw",720.98,319.8,0.0
Austria,2019,"Cinnamon and cinnamon-tree flowers, raw",849.01,356.34,0.0
Austria,2020,"Cinnamon and cinnamon-tree flowers, raw",689.57,377.69,0.0
Austria,2021,"Cinnamon and cinnamon-tree flowers, raw",847.24,360.85,0.0
Austria,2022,"Cinnamon and cinnamon-tree flowers, raw",731.32,408.69,0.0
Austria,2023,"Cinnamon and cinnamon-tree flowers, raw",752.24,422.9,0.0
Azerbaijan,2000,"Cinnamon and cinnamon-tree flowers, raw",0.0,0.0,0.0
Azerbaijan,2001,"Cinnamon and cinnamon-tree flowers, raw",0.0,0.0,0.0
Azerbaijan,2002,"Cinnamon and cinnamon-tree flowers, raw",0.0,0.0,0.0
Azerbaijan,2003,"Cinnamon and cinnamon-tree flowers, raw",0.0,0.0,0.0
Azerbaijan,2004,"Cinnamon and cinnamon-tree flowers, raw",0.0,0.0,0.0
Azerbaijan,2005,"Cinnamon and cinnamon-tree flowers, raw",0.0,0.0,0.0
Azerbaijan,2006,"Cinnamon and cinnamon-tree flowers, raw",0.0,0.0,0.0
Azerbaijan,2007,"Cinnamon and cinnamon-tree flowers, raw",2.0,0.0,0.0
Azerbaijan,2008,"Cinnamon and cinnamon-tree flowers, raw",1.0,0.0,0.0
Azerbaijan,2009,"Cinnamon and cinnamon-tree flowers, raw",0.0,0.0,0.0
Azerbaijan,2011,"Cinnamon and cinnamon-tree flowers, raw",2.0,0.0,0.0
Azerbaijan,2012,"Cinnamon and cinnamon-tree flowers, raw",1.0,0.0,0.0
Azerbaijan,2013,"Cinnamon and cinnamon-tree flowers, raw",2.0,0.0,0.0
Azerbaijan,2014,"Cinnamon and cinnamon-tree flowers, raw",8.98,0.0,0.0
Azerbaijan,2015,"Cinnamon and cinnamon-tree flowers, raw",7.11,0.0,0.0
Azerbaijan,2017,"Cinnamon and cinnamon-tree flowers, raw",39.05,0.0,0.0
Azerbaijan,2018,"Cinnamon and cinnamon-tree flowers, raw",53.21,0.0,0.0
Azerbaijan,2019,"Cinnamon and cinnamon-tree flowers, raw",63.87,0.0,0.0
Azerbaijan,2020,"Cinnamon and cinnamon-tree flowers, raw",95.08,0.0,0.0
Azerbaijan,2022,"Cinnamon and cinnamon-tree flowers, raw",116.1,0.0,0.0
Azerbaijan,2023,"Cinnamon and cinnamon-tree flowers, raw",74.3,0.0,0.0
Bahamas,1993,"Cinnamon and cinnamon-tree flowers, raw",3.0,0.0,0.0
Bahamas,1994,"Cinnamon and cinnamon-tree flowers, raw",5.0,0.0,0.0
Bahamas,1997,"Cinnamon and cinnamon-tree flowers, raw",9.0,0.0,0.0
Bahamas,1998,"Cinnamon and cinnamon-tree flowers, raw",9.0,0.0,0.0
Bahamas,1999,"Cinnamon and cinnamon-tree flowers, raw",10.0,0.0,0.0
Bahamas,2000,"Cinnamon and cinnamon-tree flowers, raw",12.0,0.0,0.0
Bahamas,2001,"Cinnamon and cinnamon-tree flowers, raw",9.0,0.0,0.0
Bahamas,2002,"Cinnamon and cinnamon-tree flowers, raw",2.0,0.0,0.0
Bahamas,2003,"Cinnamon and cinnamon-tree flowers, raw",1.0,0.0,0.0
Bahamas,2004,"Cinnamon and cinnamon-tree flowers, raw",1.0,0.0,0.0
Bahamas,2006,"Cinnamon and cinnamon-tree flowers, raw",9.0,0.0,0.0
Bahamas,2007,"Cinnamon and cinnamon-tree flowers, raw",7.0,0.0,0.0
Bahamas,2008,"Cinnamon and cinnamon-tree flowers, raw",7.0,0.0,0.0
Bahamas,2009,"Cinnamon and cinnamon-tree flowers, raw",9.0,0.0,0.0
Bahamas,2010,"Cinnamon and cinnamon-tree flowers, raw",6.0,0.0,0.0
Bahamas,2011,"Cinnamon and cinnamon-tree flowers, raw",6.0,0.0,0.0
Bahamas,2012,"Cinnamon and cinnamon-tree flowers, raw",12.0,0.0,0.0
Bahamas,2013,"Cinnamon and cinnamon-tree flowers, raw",15.0,0.0,0.0
Bahamas,2014,"Cinnamon and cinnamon-tree flowers, raw",6.38,0.0,0.0
Bahamas,2015,"Cinnamon and cinnamon-tree flowers, raw",8.97,0.0,0.0
Bahamas,2016,"Cinnamon and cinnamon-tree flowers, raw",6.62,0.0,0.0
Bahamas,2017,"Cinnamon and cinnamon-tree flowers, raw",16.2,0.0,0.0
Bahamas,2019,"Cinnamon and cinnamon-tree flowers, raw",19.52,0.0,0.0
Bahamas,2020,"Cinnamon and cinnamon-tree flowers, raw",4.53,0.0,0.0
Bahamas,2021,"Cinnamon and cinnamon-tree flowers, raw",10.07,0.0,0.0
Bahamas,2022,"Cinnamon and cinnamon-tree flowers, raw",9.24,0.0,0.0
Bahamas,2023,"Cinnamon and cinnamon-tree flowers, raw",9.38,0.0,0.0
Bahrain,1993,"Cinnamon and cinnamon-tree flowers, raw",95.0,4.0,0.0
Bahrain,1994,"Cinnamon and cinnamon-tree flowers, raw",95.0,4.0,0.0
Bahrain,1995,"Cinnamon and cinnamon-tree flowers, raw",95.0,4.0,0.0
Bahrain,1996,"Cinnamon and cinnamon-tree flowers, raw",95.0,4.0,0.0
Bahrain,1997,"Cinnamon and cinnamon-tree flowers, raw",82.0,1.0,0.0
Bahrain,1999,"Cinnamon and cinnamon-tree flowers, raw",60.0,1.0,0.0
Bahrain,2000,"Cinnamon and cinnamon-tree flowers, raw",88.0,1.0,0.0
Bahrain,2001,"Cinnamon and cinnamon-tree flowers, raw",121.0,2.0,0.0
Bahrain,2002,"Cinnamon and cinnamon-tree flowers, raw",116.0,6.0,0.0
Bahrain,2003,"Cinnamon and cinnamon-tree flowers, raw",90.0,2.0,0.0
Bahrain,2004,"Cinnamon and cinnamon-tree flowers, raw",80.0,5.0,0.0
Bahrain,2005,"Cinnamon and cinnamon-tree flowers, raw",140.0,4.0,0.0
Bahrain,2006,"Cinnamon and cinnamon-tree flowers, raw",44.0,1.0,0.0
Bahrain,2007,"Cinnamon and cinnamon-tree flowers, raw",106.0,3.0,0.0
Bahrain,2008,"Cinnamon and cinnamon-tree flowers, raw",125.0,3.0,0.0
Bahrain,2009,"Cinnamon and cinnamon-tree flowers, raw",112.0,3.0,0.0
Bahrain,2010,"Cinnamon and cinnamon-tree flowers, raw",160.0,2.0,0.0
Bahrain,2011,"Cinnamon and cinnamon-tree flowers, raw",201.0,5.0,0.0
Bahrain,2012,"Cinnamon and cinnamon-tree flowers, raw",209.0,4.0,0.0
Bahrain,2013,"Cinnamon and cinnamon-tree flowers, raw",267.0,4.0,0.0
Bahrain,2014,"Cinnamon and cinnamon-tree flowers, raw",221.97,2.67,0.0
Bahrain,2015,"Cinnamon and cinnamon-tree flowers, raw",325.34,6.6,0.0
Bahrain,2016,"Cinnamon and cinnamon-tree flowers, raw",272.7,7.94,0.0
Bahrain,2017,"Cinnamon and cinnamon-tree flowers, raw",318.08,3.81,0.0
Bahrain,2018,"Cinnamon and cinnamon-tree flowers, raw",270.21,6.28,0.0
Bahrain,2019,"Cinnamon and cinnamon-tree flowers, raw",304.01,8.06,0.0
Bahrain,2020,"Cinnamon and cinnamon-tree flowers, raw",312.04,18.44,0.0
Bahrain,2021,"Cinnamon and cinnamon-tree flowers, raw",338.93,16.65,0.0
Bahrain,2022,"Cinnamon and cinnamon-tree flowers, raw",307.64,20.58,0.0
Bahrain,2023,"Cinnamon and cinnamon-tree flowers, raw",284.97,15.55,0.0
Bangladesh,1993,"Cinnamon and cinnamon-tree flowers, raw",1833.0,0.0,0.0
Bangladesh,1995,"Cinnamon and cinnamon-tree flowers, raw",1784.0,0.0,0.0
Bangladesh,1996,"Cinnamon and cinnamon-tree flowers, raw",836.0,0.0,0.0
Bangladesh,1997,"Cinnamon and cinnamon-tree flowers, raw",921.0,0.0,0.0
Bangladesh,1998,"Cinnamon and cinnamon-tree flowers, raw",1317.0,0.0,0.0
Bangladesh,1999,"Cinnamon and cinnamon-tree flowers, raw",1600.0,0.0,0.0
Bangladesh,2000,"Cinnamon and cinnamon-tree flowers, raw",1600.0,0.0,0.0
Bangladesh,2001,"Cinnamon and cinnamon-tree flowers, raw",1200.0,0.0,0.0
Bangladesh,2002,"Cinnamon and cinnamon-tree flowers, raw",3535.0,0.0,0.0
Bangladesh,2003,"Cinnamon and cinnamon-tree flowers, raw",4599.0,0.0,0.0
Bangladesh,2004,"Cinnamon and cinnamon-tree flowers, raw",5246.0,0.0,0.0
Bangladesh,2005,"Cinnamon and cinnamon-tree flowers, raw",2052.0,1.0,0.0
Bangladesh,2006,"Cinnamon and cinnamon-tree flowers, raw",2222.0,1.0,0.0
Bangladesh,2007,"Cinnamon and cinnamon-tree flowers, raw",2140.0,0.0,0.0
Bangladesh,2008,"Cinnamon and cinnamon-tree flowers, raw",4268.0,0.0,0.0
Bangladesh,2009,"Cinnamon and cinnamon-tree flowers, raw",6515.0,0.0,0.0
Bangladesh,2010,"Cinnamon and cinnamon-tree flowers, raw",6452.0,0.0,0.0
Bangladesh,2011,"Cinnamon and cinnamon-tree flowers, raw",6000.0,0.0,0.0
Bangladesh,2012,"Cinnamon and cinnamon-tree flowers, raw",3817.0,0.0,0.0
Bangladesh,2013,"Cinnamon and cinnamon-tree flowers, raw",5670.0,3.0,0.0
Bangladesh,2014,"Cinnamon and cinnamon-tree flowers, raw",11070.27,6.07,0.0
Bangladesh,2015,"Cinnamon and cinnamon-tree flowers, raw",9497.04,0.46,0.0
Bangladesh,2016,"Cinnamon and cinnamon-tree flowers, raw",11592.42,10.01,0.0
Bangladesh,2017,"Cinnamon and cinnamon-tree flowers, raw",11578.0,8.86,0.0
Bangladesh,2018,"Cinnamon and cinnamon-tree flowers, raw",11851.78,9.21,0.0
Bangladesh,2019,"Cinnamon and cinnamon-tree flowers, raw",15533.2,21.03,0.0
Bangladesh,2020,"Cinnamon and cinnamon-tree flowers, raw",13804.44,17.29,0.0
Bangladesh,2021,"Cinnamon and cinnamon-tree flowers, raw",12635.71,23.01,0.0
Bangladesh,2022,"Cinnamon and cinnamon-tree flowers, raw",9960.4,17.06,0.0
Bangladesh,2023,"Cinnamon and cinnamon-tree flowers, raw",9304.06,16.08,0.0
Barbados,1993,"Cinnamon and cinnamon-tree flowers, raw",11.0,1.0,0.0
Barbados,1995,"Cinnamon and cinnamon-tree flowers, raw",12.0,1.0,0.0
Barbados,1997,"Cinnamon and cinnamon-tree flowers, raw",12.0,1.0,0.0
Barbados,1998,"Cinnamon and cinnamon-tree flowers, raw",13.0,1.0,0.0
Barbados,1999,"Cinnamon and cinnamon-tree flowers, raw",11.0,0.0,0.0
Barbados,2001,"Cinnamon and cinnamon-tree flowers, raw",13.0,1.0,0.0
Barbados,2002,"Cinnamon and cinnamon-tree flowers, raw",13.0,0.0,0.0
Barbados,2003,"Cinnamon and cinnamon-tree flowers, raw",12.0,0.0,0.0
Barbados,2006,"Cinnamon and cinnamon-tree flowers, raw",13.0,1.0,0.0
Barbados,2007,"Cinnamon and cinnamon-tree flowers, raw",12.0,1.0,0.0
Barbados,2008,"Cinnamon and cinnamon-tree flowers, raw",11.0,0.0,0.0
Barbados,2009,"Cinnamon and cinnamon-tree flowers, raw",12.0,0.0,0.0
Barbados,2010,"Cinnamon and cinnamon-tree flowers, raw",16.0,0.0,0.0
Barbados,2011,"Cinnamon and cinnamon-tree flowers, raw",8.0,0.0,0.0
Barbados,2012,"Cinnamon and cinnamon-tree flowers, raw",21.0,0.0,0.0
Barbados,2013,"Cinnamon and cinnamon-tree flowers, raw",19.0,0.0,0.0
Barbados,2014,"Cinnamon and cinnamon-tree flowers, raw",13.28,0.0,0.0
Barbados,2015,"Cinnamon and cinnamon-tree flowers, raw",16.76,0.0,0.0
Barbados,2016,"Cinnamon and cinnamon-tree flowers, raw",10.42,0.0,0.0
Barbados,2017,"Cinnamon and cinnamon-tree flowers, raw",19.19,0.0,0.0
Barbados,2018,"Cinnamon and cinnamon-tree flowers, raw",18.05,0.0,0.0
Barbados,2019,"Cinnamon and cinnamon-tree flowers, raw",18.69,0.0,0.0
Barbados,2020,"Cinnamon and cinnamon-tree flowers, raw",25.43,0.0,0.0
Barbados,2021,"Cinnamon and cinnamon-tree flowers, raw",27.27,0.0,0.0
Barbados,2023,"Cinnamon and cinnamon-tree flowers, raw",30.18,0.0,0.0
Belarus,1998,"Cinnamon and cinnamon-tree flowers, raw",77.0,8.0,0.0
Belarus,1999,"Cinnamon and cinnamon-tree flowers, raw",73.0,16.0,0.0
Belarus,2001,"Cinnamon and cinnamon-tree flowers, raw",41.0,0.0,0.0
Belarus,2002,"Cinnamon and cinnamon-tree flowers, raw",38.0,0.0,0.0
Belarus,2003,"Cinnamon and cinnamon-tree flowers, raw",49.0,0.0,0.0
Belarus,2005,"Cinnamon and cinnamon-tree flowers, raw",51.0,0.0,0.0
Belarus,2006,"Cinnamon and cinnamon-tree flowers, raw",65.0,0.0,0.0
Belarus,2007,"Cinnamon and cinnamon-tree flowers, raw",63.0,0.0,0.0
Belarus,2008,"Cinnamon and cinnamon-tree flowers, raw",77.0,0.0,0.0
Belarus,2009,"Cinnamon and cinnamon-tree flowers, raw",73.0,0.0,0.0
Belarus,2010,"Cinnamon and cinnamon-tree flowers, raw",89.0,0.0,0.0
Belarus,2011,"Cinnamon and cinnamon-tree flowers, raw",87.0,0.0,0.0
Belarus,2012,"Cinnamon and cinnamon-tree flowers, raw",88.0,0.0,0.0
Belarus,2013,"Cinnamon and cinnamon-tree flowers, raw",88.0,1.0,0.0
Belarus,2014,"Cinnamon and cinnamon-tree flowers, raw",91.72,0.36,0.0
Belarus,2015,"Cinnamon and cinnamon-tree flowers, raw",98.86,0.09,0.0
Belarus,2016,"Cinnamon and cinnamon-tree flowers, raw",111.19,9.32,0.0
Belarus,2017,"Cinnamon and cinnamon-tree flowers, raw",122.86,6.52,0.0
Belarus,2018,"Cinnamon and cinnamon-tree flowers, raw",97.07,4.32,0.0
Belarus,2019,"Cinnamon and cinnamon-tree flowers, raw",124.08,0.66,0.0
Belarus,2020,"Cinnamon and cinnamon-tree flowers, raw",122.14,7.77,0.0
Belarus,2021,"Cinnamon and cinnamon-tree flowers, raw",134.22,2.95,0.0
Belarus,2022,"Cinnamon and cinnamon-tree flowers, raw",9.78,0.05,0.0
Belarus,2023,"Cinnamon and cinnamon-tree flowers, raw",47.87,0.29,0.0
Belgium,2000,"Cinnamon and cinnamon-tree flowers, raw",389.0,294.0,0.0
Belgium,2001,"Cinnamon and cinnamon-tree flowers, raw",245.0,180.0,0.0
Belgium,2002,"Cinnamon and cinnamon-tree flowers, raw",474.0,353.0,0.0
Belgium,2003,"Cinnamon and cinnamon-tree flowers, raw",605.0,509.0,0.0
Belgium,2004,"Cinnamon and cinnamon-tree flowers, raw",277.0,191.0,0.0
Belgium,2005,"Cinnamon and cinnamon-tree flowers, raw",774.0,667.0,0.0
Belgium,2006,"Cinnamon and cinnamon-tree flowers, raw",958.0,523.0,0.0
Belgium,2007,"Cinnamon and cinnamon-tree flowers, raw",512.0,382.0,0.0
Belgium,2008,"Cinnamon and cinnamon-tree flowers, raw",945.0,713.0,0.0
Belgium,2009,"Cinnamon and cinnamon-tree flowers, raw",530.0,471.0,0.0
Belgium,2010,"Cinnamon and cinnamon-tree flowers, raw",1038.0,435.0,0.0
Belgium,2011,"Cinnamon and cinnamon-tree flowers, raw",1258.0,937.0,0.0
Belgium,2012,"Cinnamon and cinnamon-tree flowers, raw",1237.0,843.0,0.0
Belgium,2013,"Cinnamon and cinnamon-tree flowers, raw",572.0,234.0,0.0
Belgium,2014,"Cinnamon and cinnamon-tree flowers, raw",718.73,374.71,0.0
Belgium,2015,"Cinnamon and cinnamon-tree flowers, raw",464.85,293.96,0.0
Belgium,2016,"Cinnamon and cinnamon-tree flowers, raw",477.95,365.58,0.0
Belgium,2017,"Cinnamon and cinnamon-tree flowers, raw",598.34,180.29,0.0
Belgium,2018,"Cinnamon and cinnamon-tree flowers, raw",285.77,169.44,0.0
Belgium,2019,"Cinnamon and cinnamon-tree flowers, raw",356.15,133.29,0.0
Belgium,2020,"Cinnamon and cinnamon-tree flowers, raw",389.25,99.66,0.0
Belgium,2021,"Cinnamon and cinnamon-tree flowers, raw",322.88,147.58,0.0
Belgium,2022,"Cinnamon and cinnamon-tree flowers, raw",317.21,161.63,0.0
Belgium,2023,"Cinnamon and cinnamon-tree flowers, raw",285.42,111.71,0.0
Belgium-Luxembourg,1993,"Cinnamon and cinnamon-tree flowers, raw",163.0,104.0,0.0
Belgium-Luxembourg,1994,"Cinnamon and cinnamon-tree flowers, raw",182.0,94.0,0.0
Belgium-Luxembourg,1995,"Cinnamon and cinnamon-tree flowers, raw",153.0,80.0,0.0
Belgium-Luxembourg,1996,"Cinnamon and cinnamon-tree flowers, raw",139.0,84.0,0.0
Belgium-Luxembourg,1997,"Cinnamon and cinnamon-tree flowers, raw",219.0,127.0,0.0
Belgium-Luxembourg,1998,"Cinnamon and cinnamon-tree flowers, raw",226.0,128.0,0.0
Belgium-Luxembourg,1999,"Cinnamon and cinnamon-tree flowers, raw",170.0,103.0,0.0
Belize,1993,"Cinnamon and cinnamon-tree flowers, raw",2.0,0.0,0.0
Belize,1994,"Cinnamon and cinnamon-tree flowers, raw",3.0,0.0,0.0
Belize,1995,"Cinnamon and cinnamon-tree flowers, raw",2.0,0.0,0.0
Belize,1996,"Cinnamon and cinnamon-tree flowers, raw",7.0,0.0,0.0
Belize,1997,"Cinnamon and cinnamon-tree flowers, raw",6.0,0.0,0.0
Belize,1998,"Cinnamon and cinnamon-tree flowers, raw",3.0,0.0,0.0
Belize,1999,"Cinnamon and cinnamon-tree flowers, raw",5.0,0.0,0.0
Belize,2000,"Cinnamon and cinnamon-tree flowers, raw",3.0,0.0,0.0
Belize,2001,"Cinnamon and cinnamon-tree flowers, raw",0.0,0.0,0.0
Belize,2002,"Cinnamon and cinnamon-tree flowers, raw",0.0,0.0,0.0
Belize,2003,"Cinnamon and cinnamon-tree flowers, raw",11.0,0.0,0.0
Belize,2004,"Cinnamon and cinnamon-tree flowers, raw",1.0,0.0,0.0
Belize,2005,"Cinnamon and cinnamon-tree flowers, raw",7.0,0.0,0.0
Belize,2006,"Cinnamon and cinnamon-tree flowers, raw",8.0,0.0,0.0
Belize,2007,"Cinnamon and cinnamon-tree flowers, raw",6.0,0.0,0.0
Belize,2008,"Cinnamon and cinnamon-tree flowers, raw",7.0,0.0,0.0
Belize,2010,"Cinnamon and cinnamon-tree flowers, raw",9.0,0.0,0.0
Belize,2011,"Cinnamon and cinnamon-tree flowers, raw",9.0,0.0,0.0
Belize,2012,"Cinnamon and cinnamon-tree flowers, raw",9.0,0.0,0.0
Belize,2013,"Cinnamon and cinnamon-tree flowers, raw",12.0,0.0,0.0
Belize,2014,"Cinnamon and cinnamon-tree flowers, raw",2.37,0.0,0.0
Belize,2015,"Cinnamon and cinnamon-tree flowers, raw",3.18,0.0,0.0
Belize,2016,"Cinnamon and cinnamon-tree flowers, raw",2.05,0.0,0.0
Belize,2017,"Cinnamon and cinnamon-tree flowers, raw",3.09,0.05,0.0
Belize,2018,"Cinnamon and cinnamon-tree flowers, raw",3.99,0.0,0.0
Belize,2020,"Cinnamon and cinnamon-tree flowers, raw",9.78,0.0,0.0
Belize,2021,"Cinnamon and cinnamon-tree flowers, raw",0.37,0.0,0.0
Belize,2022,"Cinnamon and cinnamon-tree flowers, raw",10.08,0.0,0.0
Belize,2023,"Cinnamon and cinnamon-tree flowers, raw",0.66,0.0,0.0
Benin,1994,"Cinnamon and cinnamon-tree flowers, raw",0.0,0.0,0.0
Benin,1997,"Cinnamon and cinnamon-tree flowers, raw",0.0,0.0,0.0
Benin,1999,"Cinnamon and cinnamon-tree flowers, raw",7.0,0.0,0.0
Benin,2000,"Cinnamon and cinnamon-tree flowers, raw",0.0,0.0,0.0
Benin,2012,"Cinnamon and cinnamon-tree flowers, raw",1.0,0.0,0.0
Benin,2013,"Cinnamon and cinnamon-tree flowers, raw",0.0,0.0,0.0
Benin,2016,"Cinnamon and cinnamon-tree flowers, raw",1.65,0.0,0.0
Benin,2017,"Cinnamon and cinnamon-tree flowers, raw",0.62,0.0,0.0
Benin,2018,"Cinnamon and cinnamon-tree flowers, raw",4.88,0.0,0.0
Benin,2019,"Cinnamon and cinnamon-tree flowers, raw",5.14,0.0,0.0
Benin,2021,"Cinnamon and cinnamon-tree flowers, raw",5.61,0.0,0.0
Benin,2022,"Cinnamon and cinnamon-tree flowers, raw",6.71,0.0,0.0
Benin,2023,"Cinnamon and cinnamon-tree flowers, raw",3.66,0.0,0.0
Bhutan,2018,"Cinnamon and cinnamon-tree flowers, raw",0.24,0.0,0.0
Bhutan,2019,"Cinnamon and cinnamon-tree flowers, raw",0.25,0.0,0.0
Bhutan,2020,"Cinnamon and cinnamon-tree flowers, raw",1.77,0.0,0.0
Bhutan,2021,"Cinnamon and cinnamon-tree flowers, raw",2.95,0.0,0.0
Bhutan,2022,"Cinnamon and cinnamon-tree flowers, raw",3.4,0.0,0.0
Bhutan,2023,"Cinnamon and cinnamon-tree flowers, raw",2.25,0.0,0.0
Bolivia (Plurinational State of),1993,"Cinnamon and cinnamon-tree flowers, raw",53.0,0.0,0.0
Bolivia (Plurinational State of),1994,"Cinnamon and cinnamon-tree flowers, raw",61.0,0.0,0.0
Bolivia (Plurinational State of),1995,"Cinnamon and cinnamon-tree flowers, raw",28.0,0.0,0.0
Bolivia (Plurinational State of),1996,"Cinnamon and cinnamon-tree flowers, raw",72.0,0.0,0.0
Bolivia (Plurinational State of),1998,"Cinnamon and cinnamon-tree flowers, raw",7.0,0.0,0.0
Bolivia (Plurinational State of),1999,"Cinnamon and cinnamon-tree flowers, raw",81.0,0.11,0.0
Bolivia (Plurinational State of),2000,"Cinnamon and cinnamon-tree flowers, raw",189.38,0.71,0.0
Bolivia (Plurinational State of),2001,"Cinnamon and cinnamon-tree flowers, raw",173.0,1.0,0.0
Bolivia (Plurinational State of),2002,"Cinnamon and cinnamon-tree flowers, raw",244.0,1.0,0.0
Bolivia (Plurinational State of),2003,"Cinnamon and cinnamon-tree flowers, raw",342.0,1.0,0.0
Bolivia (Plurinational State of),2004,"Cinnamon and cinnamon-tree flowers, raw",302.0,2.0,0.0
Bolivia (Plurinational State of),2005,"Cinnamon and cinnamon-tree flowers, raw",337.0,1.0,0.0
Bolivia (Plurinational State of),2006,"Cinnamon and cinnamon-tree flowers, raw",318.0,1.0,0.0
Bolivia (Plurinational State of),2007,"Cinnamon and cinnamon-tree flowers, raw",255.0,3.0,0.0
Bolivia (Plurinational State of),2009,"Cinnamon and cinnamon-tree flowers, raw",195.0,1.0,0.0
Bolivia (Plurinational State of),2010,"Cinnamon and cinnamon-tree flowers, raw",269.0,1.0,0.0
Bolivia (Plurinational State of),2011,"Cinnamon and cinnamon-tree flowers, raw",323.0,0.0,0.0
Bolivia (Plurinational State of),2012,"Cinnamon and cinnamon-tree flowers, raw",413.0,0.0,0.0
Bolivia (Plurinational State of),2013,"Cinnamon and cinnamon-tree flowers, raw",439.0,1.0,0.0
Bolivia (Plurinational State of),2014,"Cinnamon and cinnamon-tree flowers, raw",462.76,0.88,0.0
Bolivia (Plurinational State of),2015,"Cinnamon and cinnamon-tree flowers, raw",424.3,0.91,0.0
Bolivia (Plurinational State of),2016,"Cinnamon and cinnamon-tree flowers, raw",590.55,0.74,0.0
Bolivia (Plurinational State of),2017,"Cinnamon and cinnamon-tree flowers, raw",562.82,0.97,0.0
Bolivia (Plurinational State of),2018,"Cinnamon and cinnamon-tree flowers, raw",517.34,4.15,0.0
Bolivia (Plurinational State of),2019,"Cinnamon and cinnamon-tree flowers, raw",721.7,5.83,0.0
Bolivia (Plurinational State of),2020,"Cinnamon and cinnamon-tree flowers, raw",605.4,2.71,0.0
Bolivia (Plurinational State of),2021,"Cinnamon and cinnamon-tree flowers, raw",516.62,2.35,0.0
Bolivia (Plurinational State of),2022,"Cinnamon and cinnamon-tree flowers, raw",844.15,1.26,0.0
Bolivia (Plurinational State of),2023,"Cinnamon and cinnamon-tree flowers, raw",611.04,0.66,0.0
Bosnia and Herzegovina,2003,"Cinnamon and cinnamon-tree flowers, raw",6.0,0.0,0.0
Bosnia and Herzegovina,2004,"Cinnamon and cinnamon-tree flowers, raw",12.0,0.0,0.0
Bosnia and Herzegovina,2005,"Cinnamon and cinnamon-tree flowers, raw",14.0,0.0,0.0
Bosnia and Herzegovina,2006,"Cinnamon and cinnamon-tree flowers, raw",17.0,0.0,0.0
Bosnia and Herzegovina,2007,"Cinnamon and cinnamon-tree flowers, raw",16.0,0.0,0.0
Bosnia and Herzegovina,2008,"Cinnamon and cinnamon-tree flowers, raw",15.0,0.0,0.0
Bosnia and Herzegovina,2009,"Cinnamon and cinnamon-tree flowers, raw",38.0,0.0,0.0
Bosnia and Herzegovina,2011,"Cinnamon and cinnamon-tree flowers, raw",19.0,0.0,0.0
Bosnia and Herzegovina,2012,"Cinnamon and cinnamon-tree flowers, raw",42.0,0.0,0.0
Bosnia and Herzegovina,2013,"Cinnamon and cinnamon-tree flowers, raw",28.0,0.0,0.0
Bosnia and Herzegovina,2014,"Cinnamon and cinnamon-tree flowers, raw",42.39,0.13,0.0
Bosnia and Herzegovina,2015,"Cinnamon and cinnamon-tree flowers, raw",45.3,0.38,0.0
Bosnia and Herzegovina,2016,"Cinnamon and cinnamon-tree flowers, raw",41.07,0.16,0.0
Bosnia and Herzegovina,2017,"Cinnamon and cinnamon-tree flowers, raw",52.06,0.79,0.0
Bosnia and Herzegovina,2018,"Cinnamon and cinnamon-tree flowers, raw",30.81,1.05,0.0
Bosnia and Herzegovina,2019,"Cinnamon and cinnamon-tree flowers, raw",31.33,0.99,0.0
Bosnia and Herzegovina,2020,"Cinnamon and cinnamon-tree flowers, raw",49.12,1.37,0.0
Bosnia and Herzegovina,2021,"Cinnamon and cinnamon-tree flowers, raw",40.1,0.76,0.0
Bosnia and Herzegovina,2022,"Cinnamon and cinnamon-tree flowers, raw",28.74,0.85,0.0
Bosnia and Herzegovina,2023,"Cinnamon and cinnamon-tree flowers, raw",39.04,0.78,0.0
Botswana,1993,"Cinnamon and cinnamon-tree flowers, raw",4.0,0.0,0.0
Botswana,1994,"Cinnamon and cinnamon-tree flowers, raw",3.0,0.0,0.0
Botswana,1995,"Cinnamon and cinnamon-tree flowers, raw",2.0,0.0,0.0
Botswana,1996,"Cinnamon and cinnamon-tree flowers, raw",3.0,0.0,0.0
Botswana,1997,"Cinnamon and cinnamon-tree flowers, raw",4.0,0.0,0.0
Botswana,1998,"Cinnamon and cinnamon-tree flowers, raw",3.0,0.0,0.0
Botswana,1999,"Cinnamon and cinnamon-tree flowers, raw",8.0,0.0,0.0
Botswana,2000,"Cinnamon and cinnamon-tree flowers, raw",13.0,0.0,0.0
Botswana,2002,"Cinnamon and cinnamon-tree flowers, raw",17.0,0.0,0.0
Botswana,2003,"Cinnamon and cinnamon-tree flowers, raw",17.0,0.0,0.0
Botswana,2004,"Cinnamon and cinnamon-tree flowers, raw",17.0,0.0,0.0
Botswana,2005,"Cinnamon and cinnamon-tree flowers, raw",17.0,0.0,0.0
Botswana,2006,"Cinnamon and cinnamon-tree flowers, raw",17.0,0.0,0.0
Botswana,2007,"Cinnamon and cinnamon-tree flowers, raw",3.0,0.0,0.0
Botswana,2008,"Cinnamon and cinnamon-tree flowers, raw",1.0,0.0,0.0
Botswana,2009,"Cinnamon and cinnamon-tree flowers, raw",1.0,0.0,0.0
Botswana,2010,"Cinnamon and cinnamon-tree flowers, raw",2.0,0.0,0.0
Botswana,2011,"Cinnamon and cinnamon-tree flowers, raw",1.0,0.0,0.0
Botswana,2012,"Cinnamon and cinnamon-tree flowers, raw",0.0,0.0,0.0
Botswana,2013,"Cinnamon and cinnamon-tree flowers, raw",0.0,0.0,0.0
Botswana,2014,"Cinnamon and cinnamon-tree flowers, raw",2.68,0.01,0.0
Botswana,2015,"Cinnamon and cinnamon-tree flowers, raw",1.71,0.05,0.0
Botswana,2016,"Cinnamon and cinnamon-tree flowers, raw",2.58,0.02,0.0
Botswana,2017,"Cinnamon and cinnamon-tree flowers, raw",1.95,0.13,0.0
Botswana,2018,"Cinnamon and cinnamon-tree flowers, raw",5.07,0.01,0.0
Botswana,2019,"Cinnamon and cinnamon-tree flowers, raw",7.81,0.1,0.0
Botswana,2020,"Cinnamon and cinnamon-tree flowers, raw",38.36,0.04,0.0
Botswana,2021,"Cinnamon and cinnamon-tree flowers, raw",19.02,0.0,0.0
Botswana,2022,"Cinnamon and cinnamon-tree flowers, raw",23.76,0.0,0.0
Botswana,2023,"Cinnamon and cinnamon-tree flowers, raw",34.66,0.0,0.0
Brazil,1994,"Cinnamon and cinnamon-tree flowers, raw",955.0,3.0,0.0
Brazil,1995,"Cinnamon and cinnamon-tree flowers, raw",963.0,6.0,0.0
Brazil,1996,"Cinnamon and cinnamon-tree flowers, raw",1017.0,2.0,0.0
Brazil,1997,"Cinnamon and cinnamon-tree flowers, raw",936.0,0.0,0.0
Brazil,1998,"Cinnamon and cinnamon-tree flowers, raw",1100.0,0.0,0.0
Brazil,1999,"Cinnamon and cinnamon-tree flowers, raw",1118.0,10.0,0.0
Brazil,2000,"Cinnamon and cinnamon-tree flowers, raw",1220.05,2.6,0.0
Brazil,2001,"Cinnamon and cinnamon-tree flowers, raw",1561.0,261.0,0.0
Brazil,2002,"Cinnamon and cinnamon-tree flowers, raw",6524.0,2942.0,0.0
Brazil,2003,"Cinnamon and cinnamon-tree flowers, raw",3148.0,2239.0,0.0
Brazil,2004,"Cinnamon and cinnamon-tree flowers, raw",7741.0,2256.0,0.0
Brazil,2005,"Cinnamon and cinnamon-tree flowers, raw",2563.0,2321.0,0.0
Brazil,2006,"Cinnamon and cinnamon-tree flowers, raw",1249.0,2850.0,0.0
Brazil,2007,"Cinnamon and cinnamon-tree flowers, raw",1626.0,405.0,0.0
Brazil,2008,"Cinnamon and cinnamon-tree flowers, raw",1708.0,184.0,0.0
Brazil,2009,"Cinnamon and cinnamon-tree flowers, raw",2073.0,32.0,0.0
Brazil,2010,"Cinnamon and cinnamon-tree flowers, raw",1596.0,14.0,0.0
Brazil,2011,"Cinnamon and cinnamon-tree flowers, raw",1937.0,8.0,0.0
Brazil,2012,"Cinnamon and cinnamon-tree flowers, raw",2012.0,10.0,0.0
Brazil,2013,"Cinnamon and cinnamon-tree flowers, raw",2020.0,8.0,0.0
Brazil,2014,"Cinnamon and cinnamon-tree flowers, raw",2082.09,4.93,0.0
Brazil,2015,"Cinnamon and cinnamon-tree flowers, raw",2386.85,6.46,0.0
Brazil,2016,"Cinnamon and cinnamon-tree flowers, raw",2525.41,2.39,0.0
Brazil,2017,"Cinnamon and cinnamon-tree flowers, raw",3103.93,6.61,0.0
Brazil,2018,"Cinnamon and cinnamon-tree flowers, raw",3189.6,1.64,0.0
Brazil,2019,"Cinnamon and cinnamon-tree flowers, raw",2763.55,3.31,0.0
Brazil,2020,"Cinnamon and cinnamon-tree flowers, raw",3503.2,12.16,0.0
Brazil,2021,"Cinnamon and cinnamon-tree flowers, raw",3157.58,13.7,0.0
Brazil,2022,"Cinnamon and cinnamon-tree flowers, raw",3001.8,21.08,0.0
Brazil,2023,"Cinnamon and cinnamon-tree flowers, raw",3697.54,26.66,0.0
Brunei Darussalam,1993,"Cinnamon and cinnamon-tree flowers, raw",4.0,0.0,0.0
Brunei Darussalam,1994,"Cinnamon and cinnamon-tree flowers, raw",4.0,0.0,0.0
Brunei Darussalam,1995,"Cinnamon and cinnamon-tree flowers, raw",7.0,0.0,0.0
Brunei Darussalam,1996,"Cinnamon and cinnamon-tree flowers, raw",14.0,0.0,0.0
Brunei Darussalam,1997,"Cinnamon and cinnamon-tree flowers, raw",3.0,0.0,0.0
Brunei Darussalam,1998,"Cinnamon and cinnamon-tree flowers, raw",2.0,0.0,0.0
Brunei Darussalam,1999,"Cinnamon and cinnamon-tree flowers, raw",10.0,0.0,0.0
Brunei Darussalam,2000,"Cinnamon and cinnamon-tree flowers, raw",10.0,0.0,0.0
Brunei Darussalam,2001,"Cinnamon and cinnamon-tree flowers, raw",10.0,0.0,0.0
Brunei Darussalam,2003,"Cinnamon and cinnamon-tree flowers, raw",12.0,0.0,0.0
Brunei Darussalam,2004,"Cinnamon and cinnamon-tree flowers, raw",10.0,0.0,0.0
Brunei Darussalam,2005,"Cinnamon and cinnamon-tree flowers, raw",10.0,0.0,0.0
Brunei Darussalam,2006,"Cinnamon and cinnamon-tree flowers, raw",12.0,0.0,0.0
Brunei Darussalam,2007,"Cinnamon and cinnamon-tree flowers, raw",12.0,0.0,0.0
Brunei Darussalam,2008,"Cinnamon and cinnamon-tree flowers, raw",12.0,0.0,0.0
Brunei Darussalam,2009,"Cinnamon and cinnamon-tree flowers, raw",15.0,0.0,0.0
Brunei Darussalam,2010,"Cinnamon and cinnamon-tree flowers, raw",16.0,0.0,0.0
Brunei Darussalam,2011,"Cinnamon and cinnamon-tree flowers, raw",17.0,0.0,0.0
Brunei Darussalam,2012,"Cinnamon and cinnamon-tree flowers, raw",13.0,0.0,0.0
Brunei Darussalam,2013,"Cinnamon and cinnamon-tree flowers, raw",20.0,0.0,0.0
Brunei Darussalam,2014,"Cinnamon and cinnamon-tree flowers, raw",22.58,0.0,0.0
Brunei Darussalam,2015,"Cinnamon and cinnamon-tree flowers, raw",29.98,0.0,0.0
Brunei Darussalam,2016,"Cinnamon and cinnamon-tree flowers, raw",13.93,0.0,0.0
Brunei Darussalam,2017,"Cinnamon and cinnamon-tree flowers, raw",11.38,0.0,0.0
Brunei Darussalam,2018,"Cinnamon and cinnamon-tree flowers, raw",21.7,0.0,0.0
Brunei Darussalam,2020,"Cinnamon and cinnamon-tree flowers, raw",37.37,0.0,0.0
Brunei Darussalam,2021,"Cinnamon and cinnamon-tree flowers, raw",75.78,0.0,0.0
Brunei Darussalam,2022,"Cinnamon and cinnamon-tree flowers, raw",47.13,0.0,0.0
Brunei Darussalam,2023,"Cinnamon and cinnamon-tree flowers, raw",47.68,0.0,0.0
Bulgaria,1993,"Cinnamon and cinnamon-tree flowers, raw",26.0,3.0,0.0
Bulgaria,1994,"Cinnamon and cinnamon-tree flowers, raw",37.0,1.0,0.0
Bulgaria,1995,"Cinnamon and cinnamon-tree flowers, raw",58.0,1.0,0.0
Bulgaria,1996,"Cinnamon and cinnamon-tree flowers, raw",81.0,3.0,0.0
Bulgaria,1997,"Cinnamon and cinnamon-tree flowers, raw",50.0,0.0,0.0
Bulgaria,1998,"Cinnamon and cinnamon-tree flowers, raw",56.0,2.0,0.0
Bulgaria,1999,"Cinnamon and cinnamon-tree flowers, raw",9.0,7.0,0.0
Bulgaria,2001,"Cinnamon and cinnamon-tree flowers, raw",44.0,0.0,0.0
Bulgaria,2002,"Cinnamon and cinnamon-tree flowers, raw",62.0,2.0,0.0
Bulgaria,2003,"Cinnamon and cinnamon-tree flowers, raw",67.0,1.0,0.0
Bulgaria,2004,"Cinnamon and cinnamon-tree flowers, raw",96.0,1.0,0.0
Bulgaria,2005,"Cinnamon and cinnamon-tree flowers, raw",41.0,3.0,0.0
Bulgaria,2006,"Cinnamon and cinnamon-tree flowers, raw",38.0,4.0,0.0
Bulgaria,2008,"Cinnamon and cinnamon-tree flowers, raw",83.0,2.0,0.0
Bulgaria,2009,"Cinnamon and cinnamon-tree flowers, raw",67.0,2.0,0.0
Bulgaria,2010,"Cinnamon and cinnamon-tree flowers, raw",109.0,2.0,0.0
Bulgaria,2011,"Cinnamon and cinnamon-tree flowers, raw",98.0,10.0,0.0
Bulgaria,2013,"Cinnamon and cinnamon-tree flowers, raw",128.0,10.0,0.0
Bulgaria,2014,"Cinnamon and cinnamon-tree flowers, raw",166.77,16.5,0.0
Bulgaria,2015,"Cinnamon and cinnamon-tree flowers, raw",152.84,23.8,0.0
Bulgaria,2016,"Cinnamon and cinnamon-tree flowers, raw",151.79,26.03,0.0
Bulgaria,2017,"Cinnamon and cinnamon-tree flowers, raw",164.3,21.61,0.0
Bulgaria,2018,"Cinnamon and cinnamon-tree flowers, raw",128.28,32.5,0.0
Bulgaria,2019,"Cinnamon and cinnamon-tree flowers, raw",101.13,25.56,0.0
Bulgaria,2020,"Cinnamon and cinnamon-tree flowers, raw",143.48,32.99,0.0
Bulgaria,2021,"Cinnamon and cinnamon-tree flowers, raw",167.4,38.55,0.0
Bulgaria,2022,"Cinnamon and cinnamon-tree flowers, raw",103.24,22.87,0.0
Bulgaria,2023,"Cinnamon and cinnamon-tree flowers, raw",189.0,34.26,0.0
Burkina Faso,2012,"Cinnamon and cinnamon-tree flowers, raw",2.0,0.0,0.0
Burkina Faso,2013,"Cinnamon and cinnamon-tree flowers, raw",0.0,0.0,0.0
Burkina Faso,2016,"Cinnamon and cinnamon-tree flowers, raw",2.07,0.0,0.0
Burkina Faso,2017,"Cinnamon and cinnamon-tree flowers, raw",0.86,0.0,0.0
Burkina Faso,2018,"Cinnamon and cinnamon-tree flowers, raw",0.18,0.0,0.0
Burkina Faso,2023,"Cinnamon and cinnamon-tree flowers, raw",16.2,0.0,0.0
Burundi,1998,"Cinnamon and cinnamon-tree flowers, raw",0.0,0.0,0.0
Burundi,1999,"Cinnamon and cinnamon-tree flowers, raw",0.0,0.0,0.0
Burundi,2000,"Cinnamon and cinnamon-tree flowers, raw",0.0,0.0,0.0
Burundi,2001,"Cinnamon and cinnamon-tree flowers, raw",0.0,0.0,0.0
Burundi,2002,"Cinnamon and cinnamon-tree flowers, raw",0.0,0.0,0.0
Burundi,2003,"Cinnamon and cinnamon-tree flowers, raw",0.0,0.0,0.0
Burundi,2004,"Cinnamon and cinnamon-tree flowers, raw",0.0,0.0,0.0
Burundi,2005,"Cinnamon and cinnamon-tree flowers, raw",0.0,0.0,0.0
Burundi,2006,"Cinnamon and cinnamon-tree flowers, raw",0.0,0.0,0.0
Burundi,2007,"Cinnamon and cinnamon-tree flowers, raw",0.0,0.0,0.0
Burundi,2008,"Cinnamon and cinnamon-tree flowers, raw",0.0,0.0,0.0
Burundi,2009,"Cinnamon and cinnamon-tree flowers, raw",0.0,0.0,0.0
Burundi,2010,"Cinnamon and cinnamon-tree flowers, raw",0.0,0.0,0.0
Burundi,2011,"Cinnamon and cinnamon-tree flowers, raw",0.0,0.0,0.0
Burundi,2012,"Cinnamon and cinnamon-tree flowers, raw",1.0,0.0,0.0
Burundi,2013,"Cinnamon and cinnamon-tree flowers, raw",1.0,0.0,0.0
Burundi,2014,"Cinnamon and cinnamon-tree flowers, raw",0.03,0.0,0.0
Burundi,2015,"Cinnamon and cinnamon-tree flowers, raw",0.03,0.0,0.0
Burundi,2016,"Cinnamon and cinnamon-tree flowers, raw",0.53,0.0,0.0
Burundi,2017,"Cinnamon and cinnamon-tree flowers, raw",0.29,0.0,0.0
Burundi,2018,"Cinnamon and cinnamon-tree flowers, raw",0.16,0.0,0.0
Burundi,2019,"Cinnamon and cinnamon-tree flowers, raw",0.01,0.0,0.0
Burundi,2020,"Cinnamon and cinnamon-tree flowers, raw",0.01,0.0,0.0
Burundi,2021,"Cinnamon and cinnamon-tree flowers, raw",0.01,0.0,0.0
Burundi,2023,"Cinnamon and cinnamon-tree flowers, raw",0.01,0.0,0.0
Cabo Verde,1993,"Cinnamon and cinnamon-tree flowers, raw",1.0,0.0,0.0
Cabo Verde,1994,"Cinnamon and cinnamon-tree flowers, raw",2.0,0.0,0.0
Cabo Verde,1995,"Cinnamon and cinnamon-tree flowers, raw",2.0,0.0,0.0
Cabo Verde,1996,"Cinnamon and cinnamon-tree flowers, raw",3.0,0.0,0.0
Cabo Verde,1997,"Cinnamon and cinnamon-tree flowers, raw",1.0,0.0,0.0
Cabo Verde,1998,"Cinnamon and cinnamon-tree flowers, raw",3.0,0.0,0.0
Cabo Verde,1999,"Cinnamon and cinnamon-tree flowers, raw",3.0,0.0,0.0
Cabo Verde,2000,"Cinnamon and cinnamon-tree flowers, raw",1.0,0.0,0.0
Cabo Verde,2001,"Cinnamon and cinnamon-tree flowers, raw",2.0,0.0,0.0
Cabo Verde,2002,"Cinnamon and cinnamon-tree flowers, raw",3.0,0.0,0.0
Cabo Verde,2003,"Cinnamon and cinnamon-tree flowers, raw",2.0,0.0,0.0
Cabo Verde,2004,"Cinnamon and cinnamon-tree flowers, raw",2.0,0.0,0.0
Cabo Verde,2005,"Cinnamon and cinnamon-tree flowers, raw",5.0,0.0,0.0
Cabo Verde,2006,"Cinnamon and cinnamon-tree flowers, raw",5.0,0.0,0.0
Cabo Verde,2007,"Cinnamon and cinnamon-tree flowers, raw",4.0,0.0,0.0
Cabo Verde,2008,"Cinnamon and cinnamon-tree flowers, raw",4.0,0.0,0.0
Cabo Verde,2009,"Cinnamon and cinnamon-tree flowers, raw",7.0,0.0,0.0
Cabo Verde,2010,"Cinnamon and cinnamon-tree flowers, raw",6.0,0.0,0.0
Cabo Verde,2011,"Cinnamon and cinnamon-tree flowers, raw",7.0,0.0,0.0
Cabo Verde,2012,"Cinnamon and cinnamon-tree flowers, raw",8.0,0.0,0.0
Cabo Verde,2013,"Cinnamon and cinnamon-tree flowers, raw",8.0,0.0,0.0
Cabo Verde,2014,"Cinnamon and cinnamon-tree flowers, raw",6.98,0.01,0.0
Cabo Verde,2015,"Cinnamon and cinnamon-tree flowers, raw",7.29,0.01,0.0
Cabo Verde,2016,"Cinnamon and cinnamon-tree flowers, raw",8.43,0.0,0.0
Cabo Verde,2018,"Cinnamon and cinnamon-tree flowers, raw",8.27,0.0,0.0
Cabo Verde,2019,"Cinnamon and cinnamon-tree flowers, raw",9.67,0.0,0.0
Cabo Verde,2021,"Cinnamon and cinnamon-tree flowers, raw",9.29,0.0,0.0
Cabo Verde,2022,"Cinnamon and cinnamon-tree flowers, raw",13.26,0.0,0.0
Cabo Verde,2023,"Cinnamon and cinnamon-tree flowers, raw",10.53,0.03,0.0
Cambodia,1994,"Cinnamon and cinnamon-tree flowers, raw",0.0,0.0,0.0
Cambodia,1995,"Cinnamon and cinnamon-tree flowers, raw",0.0,0.0,0.0
Cambodia,1996,"Cinnamon and cinnamon-tree flowers, raw",0.0,2.0,0.0
Cambodia,1998,"Cinnamon and cinnamon-tree flowers, raw",0.0,0.0,0.0
Cambodia,1999,"Cinnamon and cinnamon-tree flowers, raw",0.0,0.0,0.0
Cambodia,2000,"Cinnamon and cinnamon-tree flowers, raw",0.0,0.0,0.0
Cambodia,2002,"Cinnamon and cinnamon-tree flowers, raw",0.0,0.0,0.0
Cambodia,2003,"Cinnamon and cinnamon-tree flowers, raw",0.0,0.0,0.0
Cambodia,2004,"Cinnamon and cinnamon-tree flowers, raw",0.0,0.0,0.0
Cambodia,2005,"Cinnamon and cinnamon-tree flowers, raw",0.0,0.0,0.0
Cambodia,2006,"Cinnamon and cinnamon-tree flowers, raw",0.0,0.0,0.0
Cambodia,2007,"Cinnamon and cinnamon-tree flowers, raw",0.0,0.0,0.0
Cambodia,2008,"Cinnamon and cinnamon-tree flowers, raw",0.0,0.0,0.0
Cambodia,2009,"Cinnamon and cinnamon-tree flowers, raw",0.0,0.0,0.0
Cambodia,2010,"Cinnamon and cinnamon-tree flowers, raw",0.0,0.0,0.0
Cambodia,2011,"Cinnamon and cinnamon-tree flowers, raw",0.0,0.0,0.0
Cambodia,2012,"Cinnamon and cinnamon-tree flowers, raw",0.0,0.0,0.0
Cambodia,2013,"Cinnamon and cinnamon-tree flowers, raw",0.0,0.0,0.0
Cambodia,2014,"Cinnamon and cinnamon-tree flowers, raw",0.51,0.0,0.0
Cambodia,2015,"Cinnamon and cinnamon-tree flowers, raw",0.32,0.0,0.0
Cambodia,2016,"Cinnamon and cinnamon-tree flowers, raw",0.71,0.0,0.0
Cambodia,2017,"Cinnamon and cinnamon-tree flowers, raw",0.19,0.0,0.0
Cambodia,2019,"Cinnamon and cinnamon-tree flowers, raw",1.88,0.0,0.0
Cambodia,2020,"Cinnamon and cinnamon-tree flowers, raw",0.16,0.0,0.0
Cambodia,2021,"Cinnamon and cinnamon-tree flowers, raw",0.89,0.26,0.0
Cambodia,2022,"Cinnamon and cinnamon-tree flowers, raw",1.72,0.41,0.0
Cambodia,2023,"Cinnamon and cinnamon-tree flowers, raw",0.79,0.53,0.0
Cameroon,1993,"Cinnamon and cinnamon-tree flowers, raw",0.0,0.0,0.0
Cameroon,1994,"Cinnamon and cinnamon-tree flowers, raw",0.0,0.0,0.0
Cameroon,1995,"Cinnamon and cinnamon-tree flowers, raw",1.0,0.0,0.0
Cameroon,1996,"Cinnamon and cinnamon-tree flowers, raw",1.0,0.0,0.0
Cameroon,1997,"Cinnamon and cinnamon-tree flowers, raw",1.0,0.0,0.0
Cameroon,1998,"Cinnamon and cinnamon-tree flowers, raw",1.0,0.0,0.0
Cameroon,1999,"Cinnamon and cinnamon-tree flowers, raw",0.0,0.0,0.0
Cameroon,2000,"Cinnamon and cinnamon-tree flowers, raw",0.0,0.0,0.0
Cameroon,2001,"Cinnamon and cinnamon-tree flowers, raw",3.0,0.0,0.0
Cameroon,2002,"Cinnamon and cinnamon-tree flowers, raw",1.0,0.0,0.0
Cameroon,2003,"Cinnamon and cinnamon-tree flowers, raw",1.0,0.0,0.0
Cameroon,2004,"Cinnamon and cinnamon-tree flowers, raw",2.0,0.0,0.0
Cameroon,2005,"Cinnamon and cinnamon-tree flowers, raw",1.0,0.0,0.0
Cameroon,2007,"Cinnamon and cinnamon-tree flowers, raw",1.0,0.0,0.0
Cameroon,2008,"Cinnamon and cinnamon-tree flowers, raw",1.0,0.0,0.0
Cameroon,2009,"Cinnamon and cinnamon-tree flowers, raw",1.0,0.0,0.0
Cameroon,2010,"Cinnamon and cinnamon-tree flowers, raw",2.0,0.0,0.0
Cameroon,2011,"Cinnamon and cinnamon-tree flowers, raw",1.0,0.0,0.0
Cameroon,2012,"Cinnamon and cinnamon-tree flowers, raw",3.0,0.0,0.0
Cameroon,2013,"Cinnamon and cinnamon-tree flowers, raw",3.0,0.0,0.0
Cameroon,2014,"Cinnamon and cinnamon-tree flowers, raw",2.35,0.0,0.0
Cameroon,2015,"Cinnamon and cinnamon-tree flowers, raw",2.64,0.0,0.0
Cameroon,2016,"Cinnamon and cinnamon-tree flowers, raw",1.15,0.0,0.0
Cameroon,2017,"Cinnamon and cinnamon-tree flowers, raw",4.78,0.0,0.0
Cameroon,2018,"Cinnamon and cinnamon-tree flowers, raw",4.26,0.0,0.0
Cameroon,2019,"Cinnamon and cinnamon-tree flowers, raw",1.79,0.0,0.0
Cameroon,2020,"Cinnamon and cinnamon-tree flowers, raw",2.68,0.0,0.0
Cameroon,2021,"Cinnamon and cinnamon-tree flowers, raw",52.55,0.0,0.0
Cameroon,2022,"Cinnamon and cinnamon-tree flowers, raw",78.88,0.0,0.0
Canada,1993,"Cinnamon and cinnamon-tree flowers, raw",1065.0,15.0,0.0
Canada,1994,"Cinnamon and cinnamon-tree flowers, raw",1042.0,22.0,0.0
Canada,1995,"Cinnamon and cinnamon-tree flowers, raw",972.0,46.0,0.0
Canada,1996,"Cinnamon and cinnamon-tree flowers, raw",1154.0,7.0,0.0
Canada,1997,"Cinnamon and cinnamon-tree flowers, raw",1222.0,35.0,0.0
Canada,1998,"Cinnamon and cinnamon-tree flowers, raw",854.0,42.0,0.0
Canada,1999,"Cinnamon and cinnamon-tree flowers, raw",803.0,168.0,0.0
Canada,2000,"Cinnamon and cinnamon-tree flowers, raw",846.62,194.74,0.0
Canada,2001,"Cinnamon and cinnamon-tree flowers, raw",885.0,176.0,0.0
Canada,2002,"Cinnamon and cinnamon-tree flowers, raw",990.0,113.0,0.0
Canada,2003,"Cinnamon and cinnamon-tree flowers, raw",1212.0,105.0,0.0
Canada,2004,"Cinnamon and cinnamon-tree flowers, raw",1639.0,146.0,0.0
Canada,2005,"Cinnamon and cinnamon-tree flowers, raw",1979.0,128.0,0.0
Canada,2006,"Cinnamon and cinnamon-tree flowers, raw",1654.0,128.0,0.0
Canada,2007,"Cinnamon and cinnamon-tree flowers, raw",1938.0,191.0,0.0
Canada,2008,"Cinnamon and cinnamon-tree flowers, raw",1947.0,270.0,0.0
Canada,2009,"Cinnamon and cinnamon-tree flowers, raw",1854.0,208.0,0.0
Canada,2010,"Cinnamon and cinnamon-tree flowers, raw",1840.0,202.0,0.0
Canada,2011,"Cinnamon and cinnamon-tree flowers, raw",1830.0,116.0,0.0
Canada,2012,"Cinnamon and cinnamon-tree flowers, raw",1773.0,124.0,0.0
Canada,2013,"Cinnamon and cinnamon-tree flowers, raw",2180.0,109.0,0.0
Canada,2014,"Cinnamon and cinnamon-tree flowers, raw",2215.11,280.92,0.0
Canada,2015,"Cinnamon and cinnamon-tree flowers, raw",2239.02,197.39,0.0
Canada,2016,"Cinnamon and cinnamon-tree flowers, raw",1994.81,125.31,0.0
Canada,2017,"Cinnamon and cinnamon-tree flowers, raw",2520.2,187.71,0.0
Canada,2018,"Cinnamon and cinnamon-tree flowers, raw",2673.23,203.12,0.0
Canada,2019,"Cinnamon and cinnamon-tree flowers, raw",2481.93,134.69,0.0
Canada,2020,"Cinnamon and cinnamon-tree flowers, raw",2432.67,225.47,0.0
Canada,2021,"Cinnamon and cinnamon-tree flowers, raw",2963.14,299.61,0.0
Canada,2022,"Cinnamon and cinnamon-tree flowers, raw",3344.56,485.07,0.0
Canada,2023,"Cinnamon and cinnamon-tree flowers, raw",2779.42,409.3,0.0
Central African Republic,2017,"Cinnamon and cinnamon-tree flowers, raw",0.4,0.0,0.0
Central African Republic,2019,"Cinnamon and cinnamon-tree flowers, raw",6.11,0.0,0.0
Central African Republic,2023,"Cinnamon and cinnamon-tree flowers, raw",31.16,0.0,0.0
Chad,2014,"Cinnamon and cinnamon-tree flowers, raw",0.03,0.0,0.0
Chad,2015,"Cinnamon and cinnamon-tree flowers, raw",13.13,0.0,0.0
Chad,2017,"Cinnamon and cinnamon-tree flowers, raw",0.01,0.0,0.0
Chad,2019,"Cinnamon and cinnamon-tree flowers, raw",13.84,0.0,0.0
Chad,2020,"Cinnamon and cinnamon-tree flowers, raw",2.74,0.0,0.0
Chad,2021,"Cinnamon and cinnamon-tree flowers, raw",0.02,0.0,0.0
Chad,2022,"Cinnamon and cinnamon-tree flowers, raw",111.48,0.0,0.0
Chad,2023,"Cinnamon and cinnamon-tree flowers, raw",162.51,0.0,0.0
Chile,1995,"Cinnamon and cinnamon-tree flowers, raw",136.0,85.0,0.0
Chile,1996,"Cinnamon and cinnamon-tree flowers, raw",127.0,84.0,0.0
Chile,1997,"Cinnamon and cinnamon-tree flowers, raw",182.0,55.0,0.0
Chile,1998,"Cinnamon and cinnamon-tree flowers, raw",128.0,118.0,0.0
Chile,1999,"Cinnamon and cinnamon-tree flowers, raw",94.78,0.17,0.0
Chile,2000,"Cinnamon and cinnamon-tree flowers, raw",167.99,49.27,0.0
Chile,2002,"Cinnamon and cinnamon-tree flowers, raw",179.0,59.0,0.0
Chile,2003,"Cinnamon and cinnamon-tree flowers, raw",143.0,0.0,0.0
Chile,2004,"Cinnamon and cinnamon-tree flowers, raw",153.0,1.0,0.0
Chile,2006,"Cinnamon and cinnamon-tree flowers, raw",180.0,0.0,0.0
Chile,2007,"Cinnamon and cinnamon-tree flowers, raw",181.0,0.0,0.0
Chile,2008,"Cinnamon and cinnamon-tree flowers, raw",170.0,1.0,0.0
Chile,2010,"Cinnamon and cinnamon-tree flowers, raw",176.0,3.0,0.0
Chile,2011,"Cinnamon and cinnamon-tree flowers, raw",197.0,0.0,0.0
Chile,2012,"Cinnamon and cinnamon-tree flowers, raw",219.0,2.0,0.0
Chile,2014,"Cinnamon and cinnamon-tree flowers, raw",161.86,3.15,0.0
Chile,2015,"Cinnamon and cinnamon-tree flowers, raw",291.47,0.02,0.0
Chile,2016,"Cinnamon and cinnamon-tree flowers, raw",364.01,7.05,0.0
Chile,2017,"Cinnamon and cinnamon-tree flowers, raw",372.52,7.72,0.0
Chile,2018,"Cinnamon and cinnamon-tree flowers, raw",365.62,0.01,0.0
Chile,2019,"Cinnamon and cinnamon-tree flowers, raw",359.49,0.31,0.0
Chile,2020,"Cinnamon and cinnamon-tree flowers, raw",526.92,0.02,0.0
Chile,2022,"Cinnamon and cinnamon-tree flowers, raw",423.59,0.23,0.0
Chile,2023,"Cinnamon and cinnamon-tree flowers, raw",497.01,0.08,0.0
China,1993,"Cinnamon and cinnamon-tree flowers, raw",15069.0,33400.0,23000.0
China,1994,"Cinnamon and cinnamon-tree flowers, raw",11954.0,27996.0,20000.0
China,1995,"Cinnamon and cinnamon-tree flowers, raw",12863.0,34032.0,25000.0
China,1996,"Cinnamon and cinnamon-tree flowers, raw",8131.0,29825.0,28000.0
China,1997,"Cinnamon and cinnamon-tree flowers, raw",3076.0,26498.0,30000.0
China,1998,"Cinnamon and cinnamon-tree flowers, raw",2128.0,26716.0,31500.0
China,1999,"Cinnamon and cinnamon-tree flowers, raw",1999.0,34290.0,35000.0
China,2000,"Cinnamon and cinnamon-tree flowers, raw",2001.71,23869.76,37000.0
China,2001,"Cinnamon and cinnamon-tree flowers, raw",1679.0,31544.0,40000.0
China,2002,"Cinnamon and cinnamon-tree flowers, raw",2376.0,41460.0,45000.0
China,2003,"Cinnamon and cinnamon-tree flowers, raw",2112.0,27834.0,47000.0
China,2004,"Cinnamon and cinnamon-tree flowers, raw",1884.0,37694.0,48000.0
China,2005,"Cinnamon and cinnamon-tree flowers, raw",2256.0,35211.0,50000.0
China,2006,"Cinnamon and cinnamon-tree flowers, raw",2421.0,35877.0,53698.43
China,2007,"Cinnamon and cinnamon-tree flowers, raw",972.0,33802.0,55000.0
China,2009,"Cinnamon and cinnamon-tree flowers, raw",2339.0,41868.0,58000.0
China,2010,"Cinnamon and cinnamon-tree flowers, raw",2782.0,34397.0,63000.0
China,2011,"Cinnamon and cinnamon-tree flowers, raw",2669.0,38153.0,65961.0
China,2013,"Cinnamon and cinnamon-tree flowers, raw",2455.0,39545.0,69500.0
China,2014,"Cinnamon and cinnamon-tree flowers, raw",2729.75,38753.55,71045.6
China,2015,"Cinnamon and cinnamon-tree flowers, raw",2771.88,40047.85,74501.86
China,2016,"Cinnamon and cinnamon-tree flowers, raw",2761.67,42634.91,71682.48
China,2017,"Cinnamon and cinnamon-tree flowers, raw",2222.35,57286.46,74523.4
China,2018,"Cinnamon and cinnamon-tree flowers, raw",2435.63,60191.59,78591.35
China,2019,"Cinnamon and cinnamon-tree flowers, raw",4144.17,58075.51,80000.0
China,2021,"Cinnamon and cinnamon-tree flowers, raw",3421.41,67591.9,93287.99
China,2022,"Cinnamon and cinnamon-tree flowers, raw",2895.03,71662.47,90210.68
China,2023,"Cinnamon and cinnamon-tree flowers, raw",2877.28,62610.1,91892.16
"China, Hong Kong SAR",1993,"Cinnamon and cinnamon-tree flowers, raw",13809.0,13141.0,0.0
"China, Hong Kong SAR",1994,"Cinnamon and cinnamon-tree flowers, raw",10218.0,10589.0,0.0
"China, Hong Kong SAR",1995,"Cinnamon and cinnamon-tree flowers, raw",11155.0,10763.0,0.0
"China, Hong Kong SAR",1996,"Cinnamon and cinnamon-tree flowers, raw",6671.0,6747.0,0.0
"China, Hong Kong SAR",1997,"Cinnamon and cinnamon-tree flowers, raw",1563.0,1751.0,0.0
"China, Hong Kong SAR",1998,"Cinnamon and cinnamon-tree flowers, raw",749.0,939.0,0.0
"China, Hong Kong SAR",1999,"Cinnamon and cinnamon-tree flowers, raw",415.0,764.0,0.0
"China, Hong Kong SAR",2000,"Cinnamon and cinnamon-tree flowers, raw",275.35,452.69,0.0
"China, Hong Kong SAR",2001,"Cinnamon and cinnamon-tree flowers, raw",114.0,244.0,0.0
"China, Hong Kong SAR",2002,"Cinnamon and cinnamon-tree flowers, raw",352.0,424.0,0.0
"China, Hong Kong SAR",2003,"Cinnamon and cinnamon-tree flowers, raw",217.0,387.0,0.0
"China, Hong Kong SAR",2004,"Cinnamon and cinnamon-tree flowers, raw",165.0,207.0,0.0
"China, Hong Kong SAR",2005,"Cinnamon and cinnamon-tree flowers, raw",194.0,112.0,0.0
"China, Hong Kong SAR",2006,"Cinnamon and cinnamon-tree flowers, raw",177.0,318.0,0.0
"China, Hong Kong SAR",2007,"Cinnamon and cinnamon-tree flowers, raw",267.0,182.0,0.0
"China, Hong Kong SAR",2008,"Cinnamon and cinnamon-tree flowers, raw",342.0,236.0,0.0
"China, Hong Kong SAR",2009,"Cinnamon and cinnamon-tree flowers, raw",146.0,90.0,0.0
"China, Hong Kong SAR",2010,"Cinnamon and cinnamon-tree flowers, raw",285.0,219.0,0.0
"China, Hong Kong SAR",2011,"Cinnamon and cinnamon-tree flowers, raw",152.0,93.0,0.0
"China, Hong Kong SAR",2012,"Cinnamon and cinnamon-tree flowers, raw",213.0,183.0,0.0
"China, Hong Kong SAR",2013,"Cinnamon and cinnamon-tree flowers, raw",125.0,132.0,0.0
"China, Hong Kong SAR",2014,"Cinnamon and cinnamon-tree flowers, raw",220.37,166.93,0.0
"China, Hong Kong SAR",2015,"Cinnamon and cinnamon-tree flowers, raw",95.33,49.66,0.0
"China, Hong Kong SAR",2016,"Cinnamon and cinnamon-tree flowers, raw",237.63,210.27,0.0
"China, Hong Kong SAR",2017,"Cinnamon and cinnamon-tree flowers, raw",135.12,73.33,0.0
"China, Hong Kong SAR",2018,"Cinnamon and cinnamon-tree flowers, raw",111.38,34.15,0.0
"China, Hong Kong SAR",2019,"Cinnamon and cinnamon-tree flowers, raw",117.29,62.12,0.0
"China, Hong Kong SAR",2020,"Cinnamon and cinnamon-tree flowers, raw",111.67,66.88,0.0
"China, Hong Kong SAR",2022,"Cinnamon and cinnamon-tree flowers, raw",89.82,17.02,0.0
"China, Hong Kong SAR",2023,"Cinnamon and cinnamon-tree flowers, raw",66.83,151.76,0.0
"China, Macao SAR",1993,"Cinnamon and cinnamon-tree flowers, raw",6.0,16.0,0.0
"China, Macao SAR",1994,"Cinnamon and cinnamon-tree flowers, raw",23.0,24.0,0.0
"China, Macao SAR",1995,"Cinnamon and cinnamon-tree flowers, raw",14.0,12.0,0.0
"China, Macao SAR",1996,"Cinnamon and cinnamon-tree flowers, raw",1.0,0.0,0.0
"China, Macao SAR",1997,"Cinnamon and cinnamon-tree flowers, raw",0.0,0.0,0.0
"China, Macao SAR",1998,"Cinnamon and cinnamon-tree flowers, raw",1.0,0.0,0.0
"China, Macao SAR",1999,"Cinnamon and cinnamon-tree flowers, raw",0.0,0.0,0.0
"China, Macao SAR",2000,"Cinnamon and cinnamon-tree flowers, raw",0.15,0.0,0.0
"China, Macao SAR",2001,"Cinnamon and cinnamon-tree flowers, raw",0.0,0.0,0.0
"China, Macao SAR",2002,"Cinnamon and cinnamon-tree flowers, raw",1.0,0.0,0.0
"China, Macao SAR",2003,"Cinnamon and cinnamon-tree flowers, raw",0.0,0.0,0.0
"China, Macao SAR",2004,"Cinnamon and cinnamon-tree flowers, raw",1.0,0.0,0.0
"China, Macao SAR",2005,"Cinnamon and cinnamon-tree flowers, raw",0.0,0.0,0.0
"China, Macao SAR",2006,"Cinnamon and cinnamon-tree flowers, raw",1.0,0.0,0.0
"China, Macao SAR",2007,"Cinnamon and cinnamon-tree flowers, raw",1.0,0.0,0.0
"China, Macao SAR",2009,"Cinnamon and cinnamon-tree flowers, raw",0.0,0.0,0.0
"China, Macao SAR",2010,"Cinnamon and cinnamon-tree flowers, raw",0.0,0.0,0.0
"China, Macao SAR",2011,"Cinnamon and cinnamon-tree flowers, raw",1.0,0.0,0.0
"China, Macao SAR",2012,"Cinnamon and cinnamon-tree flowers, raw",3.0,0.0,0.0
"China, Macao SAR",2013,"Cinnamon and cinnamon-tree flowers, raw",3.0,0.0,0.0
"China, Macao SAR",2014,"Cinnamon and cinnamon-tree flowers, raw",4.23,0.0,0.0
"China, Macao SAR",2015,"Cinnamon and cinnamon-tree flowers, raw",1.95,0.0,0.0
"China, Macao SAR",2017,"Cinnamon and cinnamon-tree flowers, raw",3.5,0.0,0.0
"China, Macao SAR",2018,"Cinnamon and cinnamon-tree flowers, raw",3.95,0.0,0.0
"China, Macao SAR",2019,"Cinnamon and cinnamon-tree flowers, raw",3.26,0.0,0.0
"China, Macao SAR",2020,"Cinnamon and cinnamon-tree flowers, raw",2.81,0.0,0.0
"China, Macao SAR",2022,"Cinnamon and cinnamon-tree flowers, raw",2.31,0.0,0.0
"China, Macao SAR",2023,"Cinnamon and cinnamon-tree flowers, raw",1.7,0.0,0.0
"China, mainland",1994,"Cinnamon and cinnamon-tree flowers, raw",33.0,17376.0,20000.0
"China, mainland",1995,"Cinnamon and cinnamon-tree flowers, raw",29.0,23256.0,25000.0
"China, mainland",1996,"Cinnamon and cinnamon-tree flowers, raw",29.0,23067.0,28000.0
"China, mainland",1997,"Cinnamon and cinnamon-tree flowers, raw",2.0,24744.0,30000.0
"China, mainland",1998,"Cinnamon and cinnamon-tree flowers, raw",4.0,25772.0,31500.0
"China, mainland",1999,"Cinnamon and cinnamon-tree flowers, raw",17.0,33526.0,35000.0
"China, mainland",2001,"Cinnamon and cinnamon-tree flowers, raw",34.0,31300.0,40000.0
"China, mainland",2002,"Cinnamon and cinnamon-tree flowers, raw",20.0,41025.0,45000.0
"China, mainland",2003,"Cinnamon and cinnamon-tree flowers, raw",5.0,27442.0,47000.0
"China, mainland",2004,"Cinnamon and cinnamon-tree flowers, raw",43.0,37486.0,48000.0
"China, mainland",2005,"Cinnamon and cinnamon-tree flowers, raw",172.0,35099.0,50000.0
"China, mainland",2006,"Cinnamon and cinnamon-tree flowers, raw",120.0,35559.0,53698.43
"China, mainland",2007,"Cinnamon and cinnamon-tree flowers, raw",164.0,33620.0,55000.0
"China, mainland",2009,"Cinnamon and cinnamon-tree flowers, raw",278.0,41772.0,58000.0
"China, mainland",2010,"Cinnamon and cinnamon-tree flowers, raw",202.0,34161.0,63000.0
"China, mainland",2011,"Cinnamon and cinnamon-tree flowers, raw",323.0,38029.0,65961.0
"China, mainland",2013,"Cinnamon and cinnamon-tree flowers, raw",301.0,39377.0,69500.0
"China, mainland",2014,"Cinnamon and cinnamon-tree flowers, raw",541.24,38572.45,71045.6
"China, mainland",2015,"Cinnamon and cinnamon-tree flowers, raw",775.33,39984.28,74501.86
"China, mainland",2016,"Cinnamon and cinnamon-tree flowers, raw",787.21,42414.17,71682.48
"China, mainland",2017,"Cinnamon and cinnamon-tree flowers, raw",491.92,57184.35,74523.4
"China, mainland",2018,"Cinnamon and cinnamon-tree flowers, raw",500.55,60124.03,78591.35
"China, mainland",2019,"Cinnamon and cinnamon-tree flowers, raw",2008.49,58012.49,80000.0
"China, mainland",2021,"Cinnamon and cinnamon-tree flowers, raw",1344.29,67559.95,93287.99
"China, mainland",2022,"Cinnamon and cinnamon-tree flowers, raw",1054.61,71635.55,90210.68
"China, mainland",2023,"Cinnamon and cinnamon-tree flowers, raw",866.81,62457.51,91892.16
"China, Taiwan Province of",1993,"Cinnamon and cinnamon-tree flowers, raw",1250.0,25.0,0.0
"China, Taiwan Province of",1994,"Cinnamon and cinnamon-tree flowers, raw",1680.0,7.0,0.0
"China, Taiwan Province of",1995,"Cinnamon and cinnamon-tree flowers, raw",1665.0,1.0,0.0
"China, Taiwan Province of",1996,"Cinnamon and cinnamon-tree flowers, raw",1430.0,11.0,0.0
"China, Taiwan Province of",1997,"Cinnamon and cinnamon-tree flowers, raw",1511.0,3.0,0.0
"China, Taiwan Province of",1998,"Cinnamon and cinnamon-tree flowers, raw",1374.0,5.0,0.0
"China, Taiwan Province of",1999,"Cinnamon and cinnamon-tree flowers, raw",1567.0,0.0,0.0
"China, Taiwan Province of",2000,"Cinnamon and cinnamon-tree flowers, raw",1664.08,0.13,0.0
"China, Taiwan Province of",2001,"Cinnamon and cinnamon-tree flowers, raw",1531.0,0.0,0.0
"China, Taiwan Province of",2003,"Cinnamon and cinnamon-tree flowers, raw",1890.0,5.0,0.0
"China, Taiwan Province of",2004,"Cinnamon and cinnamon-tree flowers, raw",1675.0,1.0,0.0
"China, Taiwan Province of",2005,"Cinnamon and cinnamon-tree flowers, raw",1890.0,0.0,0.0
"China, Taiwan Province of",2006,"Cinnamon and cinnamon-tree flowers, raw",2123.0,0.0,0.0
"China, Taiwan Province of",2007,"Cinnamon and cinnamon-tree flowers, raw",540.0,0.0,0.0
"China, Taiwan Province of",2008,"Cinnamon and cinnamon-tree flowers, raw",167.0,0.0,0.0
"China, Taiwan Province of",2009,"Cinnamon and cinnamon-tree flowers, raw",1915.0,6.0,0.0
"China, Taiwan Province of",2010,"Cinnamon and cinnamon-tree flowers, raw",2295.0,17.0,0.0
"China, Taiwan Province of",2011,"Cinnamon and cinnamon-tree flowers, raw",2193.0,31.0,0.0
"China, Taiwan Province of",2012,"Cinnamon and cinnamon-tree flowers, raw",1823.0,18.0,0.0
"China, Taiwan Province of",2013,"Cinnamon and cinnamon-tree flowers, raw",2026.0,36.0,0.0
"China, Taiwan Province of",2014,"Cinnamon and cinnamon-tree flowers, raw",1963.92,14.17,0.0
"China, Taiwan Province of",2015,"Cinnamon and cinnamon-tree flowers, raw",1899.27,13.9,0.0
"China, Taiwan Province of",2016,"Cinnamon and cinnamon-tree flowers, raw",1736.83,10.47,0.0
"China, Taiwan Province of",2017,"Cinnamon and cinnamon-tree flowers, raw",1591.8,28.78,0.0
"China, Taiwan Province of",2018,"Cinnamon and cinnamon-tree flowers, raw",1819.75,33.4,0.0
"China, Taiwan Province of",2019,"Cinnamon and cinnamon-tree flowers, raw",2015.13,0.9,0.0
"China, Taiwan Province of",2020,"Cinnamon and cinnamon-tree flowers, raw",1969.36,0.63,0.0
"China, Taiwan Province of",2021,"Cinnamon and cinnamon-tree flowers, raw",1921.65,0.46,0.0
"China, Taiwan Province of",2023,"Cinnamon and cinnamon-tree flowers, raw",1941.94,0.83,0.0
Colombia,1993,"Cinnamon and cinnamon-tree flowers, raw",412.0,0.0,0.0
Colombia,1994,"Cinnamon and cinnamon-tree flowers, raw",651.0,0.0,0.0
Colombia,1995,"Cinnamon and cinnamon-tree flowers, raw",854.0,2.0,0.0
Colombia,1996,"Cinnamon and cinnamon-tree flowers, raw",881.0,0.0,0.0
Colombia,1997,"Cinnamon and cinnamon-tree flowers, raw",925.0,2.0,0.0
Colombia,1998,"Cinnamon and cinnamon-tree flowers, raw",776.0,0.0,0.0
Colombia,1999,"Cinnamon and cinnamon-tree flowers, raw",649.0,0.0,0.0
Colombia,2000,"Cinnamon and cinnamon-tree flowers, raw",844.2,0.1,0.0
Colombia,2001,"Cinnamon and cinnamon-tree flowers, raw",739.0,0.0,0.0
Colombia,2002,"Cinnamon and cinnamon-tree flowers, raw",768.0,1.0,0.0
Colombia,2003,"Cinnamon and cinnamon-tree flowers, raw",736.0,0.0,0.0
Colombia,2004,"Cinnamon and cinnamon-tree flowers, raw",887.0,0.0,0.0
Colombia,2005,"Cinnamon and cinnamon-tree flowers, raw",746.0,1.0,0.0
Colombia,2006,"Cinnamon and cinnamon-tree flowers, raw",850.0,0.0,0.0
Colombia,2007,"Cinnamon and cinnamon-tree flowers, raw",885.0,0.0,0.0
Colombia,2008,"Cinnamon and cinnamon-tree flowers, raw",892.0,0.0,0.0
Colombia,2009,"Cinnamon and cinnamon-tree flowers, raw",870.0,1.0,0.0
Colombia,2011,"Cinnamon and cinnamon-tree flowers, raw",936.0,0.0,0.0
Colombia,2012,"Cinnamon and cinnamon-tree flowers, raw",839.0,0.0,0.0
Colombia,2013,"Cinnamon and cinnamon-tree flowers, raw",917.0,0.0,0.0
Colombia,2014,"Cinnamon and cinnamon-tree flowers, raw",910.31,0.12,0.0
Colombia,2015,"Cinnamon and cinnamon-tree flowers, raw",828.4,0.01,0.0
Colombia,2016,"Cinnamon and cinnamon-tree flowers, raw",877.73,0.02,0.0
Colombia,2017,"Cinnamon and cinnamon-tree flowers, raw",1078.16,22.94,0.0
Colombia,2018,"Cinnamon and cinnamon-tree flowers, raw",983.07,28.7,0.0
Colombia,2019,"Cinnamon and cinnamon-tree flowers, raw",1065.27,0.38,0.0
Colombia,2020,"Cinnamon and cinnamon-tree flowers, raw",1174.67,0.75,0.0
Colombia,2021,"Cinnamon and cinnamon-tree flowers, raw",1245.12,23.06,0.0
Colombia,2022,"Cinnamon and cinnamon-tree flowers, raw",1165.38,35.06,0.0
Colombia,2023,"Cinnamon and cinnamon-tree flowers, raw",1227.06,8.08,0.0
Comoros,1996,"Cinnamon and cinnamon-tree flowers, raw",0.0,4.0,0.0
Comoros,1997,"Cinnamon and cinnamon-tree flowers, raw",0.0,3.0,0.0
Comoros,1998,"Cinnamon and cinnamon-tree flowers, raw",0.0,1.0,0.0
Comoros,1999,"Cinnamon and cinnamon-tree flowers, raw",0.0,0.47,0.0
Comoros,2001,"Cinnamon and cinnamon-tree flowers, raw",0.0,0.0,0.0
Comoros,2002,"Cinnamon and cinnamon-tree flowers, raw",0.0,1.0,0.0
Comoros,2003,"Cinnamon and cinnamon-tree flowers, raw",0.0,0.0,0.0
Comoros,2004,"Cinnamon and cinnamon-tree flowers, raw",0.0,0.0,0.0
Comoros,2005,"Cinnamon and cinnamon-tree flowers, raw",0.0,0.0,0.0
Comoros,2006,"Cinnamon and cinnamon-tree flowers, raw",0.0,0.0,0.0
Comoros,2007,"Cinnamon and cinnamon-tree flowers, raw",0.0,0.0,0.0
Comoros,2008,"Cinnamon and cinnamon-tree flowers, raw",0.0,0.0,0.0
Comoros,2009,"Cinnamon and cinnamon-tree flowers, raw",0.0,0.0,0.0
Comoros,2010,"Cinnamon and cinnamon-tree flowers, raw",0.0,0.0,0.0
Comoros,2011,"Cinnamon and cinnamon-tree flowers, raw",0.0,0.0,0.0
Comoros,2012,"Cinnamon and cinnamon-tree flowers, raw",0.0,0.0,0.0
Comoros,2016,"Cinnamon and cinnamon-tree flowers, raw",1.5,0.0,0.0
Comoros,2017,"Cinnamon and cinnamon-tree flowers, raw",1.79,1.64,0.0
Comoros,2018,"Cinnamon and cinnamon-tree flowers, raw",0.51,0.0,0.0
Comoros,2021,"Cinnamon and cinnamon-tree flowers, raw",0.21,0.0,0.0
Comoros,2022,"Cinnamon and cinnamon-tree flowers, raw",28.0,0.0,0.0
Comoros,2023,"Cinnamon and cinnamon-tree flowers, raw",0.0,14.84,0.0
Congo,2006,"Cinnamon and cinnamon-tree flowers, raw",1.0,0.0,0.0
Congo,2007,"Cinnamon and cinnamon-tree flowers, raw",0.0,0.0,0.0
Congo,2008,"Cinnamon and cinnamon-tree flowers, raw",0.0,0.0,0.0
Congo,2009,"Cinnamon and cinnamon-tree flowers, raw",1.0,0.0,0.0
Congo,2010,"Cinnamon and cinnamon-tree flowers, raw",1.0,0.0,0.0
Congo,2011,"Cinnamon and cinnamon-tree flowers, raw",1.0,0.0,0.0
Congo,2012,"Cinnamon and cinnamon-tree flowers, raw",1.0,0.0,0.0
Congo,2013,"Cinnamon and cinnamon-tree flowers, raw",4.0,0.0,0.0
Congo,2014,"Cinnamon and cinnamon-tree flowers, raw",3.03,0.0,0.0
Congo,2015,"Cinnamon and cinnamon-tree flowers, raw",0.36,0.0,0.0
Congo,2017,"Cinnamon and cinnamon-tree flowers, raw",3.36,0.0,0.0
Congo,2018,"Cinnamon and cinnamon-tree flowers, raw",1.16,0.0,0.0
Congo,2019,"Cinnamon and cinnamon-tree flowers, raw",0.78,0.0,0.0
Congo,2020,"Cinnamon and cinnamon-tree flowers, raw",0.73,0.0,0.0
Congo,2021,"Cinnamon and cinnamon-tree flowers, raw",1.23,0.0,0.0
Congo,2022,"Cinnamon and cinnamon-tree flowers, raw",5.77,0.0,0.0
Congo,2023,"Cinnamon and cinnamon-tree flowers, raw",3.85,0.0,0.0
Cook Islands,1998,"Cinnamon and cinnamon-tree flowers, raw",0.0,0.0,0.0
Cook Islands,1999,"Cinnamon and cinnamon-tree flowers, raw",0.0,0.0,0.0
Cook Islands,2000,"Cinnamon and cinnamon-tree flowers, raw",0.0,0.0,0.0
Cook Islands,2001,"Cinnamon and cinnamon-tree flowers, raw",0.0,0.0,0.0
Cook Islands,2002,"Cinnamon and cinnamon-tree flowers, raw",0.0,0.0,0.0
Cook Islands,2003,"Cinnamon and cinnamon-tree flowers, raw",0.0,0.0,0.0
Cook Islands,2004,"Cinnamon and cinnamon-tree flowers, raw",0.0,0.0,0.0
Cook Islands,2005,"Cinnamon and cinnamon-tree flowers, raw",0.0,0.0,0.0
Cook Islands,2006,"Cinnamon and cinnamon-tree flowers, raw",0.0,0.0,0.0
Cook Islands,2007,"Cinnamon and cinnamon-tree flowers, raw",0.0,0.0,0.0
Cook Islands,2008,"Cinnamon and cinnamon-tree flowers, raw",0.0,0.0,0.0
Cook Islands,2009,"Cinnamon and cinnamon-tree flowers, raw",0.0,0.0,0.0
Cook Islands,2010,"Cinnamon and cinnamon-tree flowers, raw",0.0,0.0,0.0
Cook Islands,2011,"Cinnamon and cinnamon-tree flowers, raw",0.0,0.0,0.0
Cook Islands,2012,"Cinnamon and cinnamon-tree flowers, raw",0.0,0.0,0.0
Cook Islands,2013,"Cinnamon and cinnamon-tree flowers, raw",0.0,0.0,0.0
Cook Islands,2014,"Cinnamon and cinnamon-tree flowers, raw",0.17,0.0,0.0
Cook Islands,2015,"Cinnamon and cinnamon-tree flowers, raw",0.34,0.0,0.0
Cook Islands,2016,"Cinnamon and cinnamon-tree flowers, raw",0.27,0.0,0.0
Cook Islands,2017,"Cinnamon and cinnamon-tree flowers, raw",0.09,0.0,0.0
Cook Islands,2018,"Cinnamon and cinnamon-tree flowers, raw",0.07,0.0,0.0
Cook Islands,2019,"Cinnamon and cinnamon-tree flowers, raw",0.13,0.0,0.0
Cook Islands,2020,"Cinnamon and cinnamon-tree flowers, raw",0.15,0.0,0.0
Cook Islands,2021,"Cinnamon and cinnamon-tree flowers, raw",0.11,0.0,0.0
Cook Islands,2023,"Cinnamon and cinnamon-tree flowers, raw",0.15,0.0,0.0
Costa Rica,1993,"Cinnamon and cinnamon-tree flowers, raw",14.0,15.0,0.0
Costa Rica,1994,"Cinnamon and cinnamon-tree flowers, raw",59.0,15.0,0.0
Costa Rica,1995,"Cinnamon and cinnamon-tree flowers, raw",37.0,14.0,0.0
Costa Rica,1996,"Cinnamon and cinnamon-tree flowers, raw",2.0,9.0,0.0
Costa Rica,1997,"Cinnamon and cinnamon-tree flowers, raw",61.0,17.0,0.0
Costa Rica,1998,"Cinnamon and cinnamon-tree flowers, raw",82.0,31.0,0.0
Costa Rica,1999,"Cinnamon and cinnamon-tree flowers, raw",68.84,36.02,0.0
Costa Rica,2000,"Cinnamon and cinnamon-tree flowers, raw",98.96,23.17,0.0
Costa Rica,2001,"Cinnamon and cinnamon-tree flowers, raw",80.0,28.0,0.0
Costa Rica,2002,"Cinnamon and cinnamon-tree flowers, raw",54.0,22.0,0.0
Costa Rica,2003,"Cinnamon and cinnamon-tree flowers, raw",114.0,27.0,0.0
Costa Rica,2004,"Cinnamon and cinnamon-tree flowers, raw",112.0,28.0,0.0
Costa Rica,2005,"Cinnamon and cinnamon-tree flowers, raw",117.0,30.0,0.0
Costa Rica,2006,"Cinnamon and cinnamon-tree flowers, raw",162.0,30.0,0.0
Costa Rica,2008,"Cinnamon and cinnamon-tree flowers, raw",149.0,35.0,0.0
Costa Rica,2009,"Cinnamon and cinnamon-tree flowers, raw",176.0,34.0,0.0
Costa Rica,2010,"Cinnamon and cinnamon-tree flowers, raw",167.0,43.0,0.0
Costa Rica,2011,"Cinnamon and cinnamon-tree flowers, raw",260.0,41.0,0.0
Costa Rica,2012,"Cinnamon and cinnamon-tree flowers, raw",223.0,55.0,0.0
Costa Rica,2013,"Cinnamon and cinnamon-tree flowers, raw",205.0,33.0,0.0
Costa Rica,2014,"Cinnamon and cinnamon-tree flowers, raw",232.16,47.97,0.0
Costa Rica,2015,"Cinnamon and cinnamon-tree flowers, raw",264.29,48.7,0.0
Costa Rica,2016,"Cinnamon and cinnamon-tree flowers, raw",292.07,79.92,0.0
Costa Rica,2017,"Cinnamon and cinnamon-tree flowers, raw",296.91,67.54,0.0
Costa Rica,2018,"Cinnamon and cinnamon-tree flowers, raw",313.74,66.61,0.0
Costa Rica,2019,"Cinnamon and cinnamon-tree flowers, raw",226.53,25.17,0.0
Costa Rica,2020,"Cinnamon and cinnamon-tree flowers, raw",271.82,49.75,0.0
Costa Rica,2021,"Cinnamon and cinnamon-tree flowers, raw",282.45,32.38,0.0
Costa Rica,2022,"Cinnamon and cinnamon-tree flowers, raw",195.9,32.16,0.0
Costa Rica,2023,"Cinnamon and cinnamon-tree flowers, raw",256.95,35.48,0.0
Côte d'Ivoire,1998,"Cinnamon and cinnamon-tree flowers, raw",0.47,0.0,0.0
Côte d'Ivoire,1999,"Cinnamon and cinnamon-tree flowers, raw",0.41,0.15,0.0
Côte d'Ivoire,2000,"Cinnamon and cinnamon-tree flowers, raw",0.35,0.14,0.0
Côte d'Ivoire,2001,"Cinnamon and cinnamon-tree flowers, raw",1.0,0.0,0.0
Côte d'Ivoire,2002,"Cinnamon and cinnamon-tree flowers, raw",0.0,0.0,0.0
Côte d'Ivoire,2003,"Cinnamon and cinnamon-tree flowers, raw",1.0,0.0,0.0
Côte d'Ivoire,2004,"Cinnamon and cinnamon-tree flowers, raw",3.0,0.0,0.0
Côte d'Ivoire,2006,"Cinnamon and cinnamon-tree flowers, raw",5.0,0.0,0.0
Côte d'Ivoire,2007,"Cinnamon and cinnamon-tree flowers, raw",3.0,0.0,0.0
Côte d'Ivoire,2008,"Cinnamon and cinnamon-tree flowers, raw",2.0,0.0,0.0
Côte d'Ivoire,2009,"Cinnamon and cinnamon-tree flowers, raw",4.0,0.0,0.0
Côte d'Ivoire,2010,"Cinnamon and cinnamon-tree flowers, raw",1.0,0.0,0.0
Côte d'Ivoire,2011,"Cinnamon and cinnamon-tree flowers, raw",2.0,0.0,0.0
Côte d'Ivoire,2012,"Cinnamon and cinnamon-tree flowers, raw",1.0,0.0,0.0
Côte d'Ivoire,2013,"Cinnamon and cinnamon-tree flowers, raw",1.0,0.0,0.0
Côte d'Ivoire,2014,"Cinnamon and cinnamon-tree flowers, raw",1.96,0.0,0.0
Côte d'Ivoire,2017,"Cinnamon and cinnamon-tree flowers, raw",4.07,0.0,0.0
Côte d'Ivoire,2018,"Cinnamon and cinnamon-tree flowers, raw",4.04,0.0,0.0
Côte d'Ivoire,2019,"Cinnamon and cinnamon-tree flowers, raw",3.02,0.0,0.0
Côte d'Ivoire,2020,"Cinnamon and cinnamon-tree flowers, raw",3.03,0.05,0.0
Côte d'Ivoire,2021,"Cinnamon and cinnamon-tree flowers, raw",3.34,0.0,0.0
Côte d'Ivoire,2023,"Cinnamon and cinnamon-tree flowers, raw",5.97,0.09,0.0
Croatia,1993,"Cinnamon and cinnamon-tree flowers, raw",18.0,0.0,0.0
Croatia,1994,"Cinnamon and cinnamon-tree flowers, raw",27.0,1.0,0.0
Croatia,1995,"Cinnamon and cinnamon-tree flowers, raw",27.0,0.0,0.0
Croatia,1997,"Cinnamon and cinnamon-tree flowers, raw",28.0,1.0,0.0
Croatia,1999,"Cinnamon and cinnamon-tree flowers, raw",24.0,1.0,0.0
Croatia,2000,"Cinnamon and cinnamon-tree flowers, raw",22.0,1.0,0.0
Croatia,2001,"Cinnamon and cinnamon-tree flowers, raw",29.0,4.0,0.0
Croatia,2002,"Cinnamon and cinnamon-tree flowers, raw",26.0,3.0,0.0
Croatia,2003,"Cinnamon and cinnamon-tree flowers, raw",28.0,4.0,0.0
Croatia,2005,"Cinnamon and cinnamon-tree flowers, raw",35.0,2.0,0.0
Croatia,2006,"Cinnamon and cinnamon-tree flowers, raw",42.0,2.0,0.0
Croatia,2007,"Cinnamon and cinnamon-tree flowers, raw",45.0,3.0,0.0
Croatia,2008,"Cinnamon and cinnamon-tree flowers, raw",42.0,3.0,0.0
Croatia,2009,"Cinnamon and cinnamon-tree flowers, raw",52.0,3.0,0.0
Croatia,2010,"Cinnamon and cinnamon-tree flowers, raw",46.0,4.0,0.0
Croatia,2011,"Cinnamon and cinnamon-tree flowers, raw",60.0,2.0,0.0
Croatia,2012,"Cinnamon and cinnamon-tree flowers, raw",52.0,4.0,0.0
Croatia,2013,"Cinnamon and cinnamon-tree flowers, raw",64.0,6.0,0.0
Croatia,2014,"Cinnamon and cinnamon-tree flowers, raw",82.44,7.54,0.0
Croatia,2015,"Cinnamon and cinnamon-tree flowers, raw",78.74,11.69,0.0
Croatia,2016,"Cinnamon and cinnamon-tree flowers, raw",72.73,9.05,0.0
Croatia,2017,"Cinnamon and cinnamon-tree flowers, raw",83.4,30.5,0.0
Croatia,2018,"Cinnamon and cinnamon-tree flowers, raw",88.29,29.44,0.0
Croatia,2020,"Cinnamon and cinnamon-tree flowers, raw",84.62,27.05,0.0
Croatia,2021,"Cinnamon and cinnamon-tree flowers, raw",84.01,25.32,0.0
Croatia,2022,"Cinnamon and cinnamon-tree flowers, raw",87.08,25.31,0.0
Cuba,1999,"Cinnamon and cinnamon-tree flowers, raw",23.0,0.0,0.0
Cuba,2000,"Cinnamon and cinnamon-tree flowers, raw",27.0,0.0,0.0
Cuba,2001,"Cinnamon and cinnamon-tree flowers, raw",15.0,0.0,0.0
Cuba,2002,"Cinnamon and cinnamon-tree flowers, raw",34.0,0.0,0.0
Cuba,2003,"Cinnamon and cinnamon-tree flowers, raw",23.0,0.0,0.0
Cuba,2004,"Cinnamon and cinnamon-tree flowers, raw",10.0,0.0,0.0
Cuba,2005,"Cinnamon and cinnamon-tree flowers, raw",10.0,0.0,0.0
Cuba,2006,"Cinnamon and cinnamon-tree flowers, raw",6.0,0.0,0.0
Cuba,2008,"Cinnamon and cinnamon-tree flowers, raw",2.0,0.0,0.0
Cuba,2009,"Cinnamon and cinnamon-tree flowers, raw",1.0,0.0,0.0
Cuba,2010,"Cinnamon and cinnamon-tree flowers, raw",2.0,0.0,0.0
Cuba,2011,"Cinnamon and cinnamon-tree flowers, raw",1.0,0.0,0.0
Cuba,2012,"Cinnamon and cinnamon-tree flowers, raw",1.0,0.0,0.0
Cuba,2013,"Cinnamon and cinnamon-tree flowers, raw",1.0,0.0,0.0
Cuba,2014,"Cinnamon and cinnamon-tree flowers, raw",1.84,0.0,0.0
Cuba,2015,"Cinnamon and cinnamon-tree flowers, raw",4.1,0.0,0.0
Cuba,2016,"Cinnamon and cinnamon-tree flowers, raw",5.93,0.0,0.0
Cuba,2017,"Cinnamon and cinnamon-tree flowers, raw",8.86,0.0,0.0
Cuba,2018,"Cinnamon and cinnamon-tree flowers, raw",20.12,0.0,0.0
Cuba,2019,"Cinnamon and cinnamon-tree flowers, raw",12.66,0.0,0.0
Cuba,2020,"Cinnamon and cinnamon-tree flowers, raw",1.69,0.0,0.0
Cuba,2021,"Cinnamon and cinnamon-tree flowers, raw",11.52,0.0,0.0
Cuba,2022,"Cinnamon and cinnamon-tree flowers, raw",12.53,0.0,0.0
Cuba,2023,"Cinnamon and cinnamon-tree flowers, raw",2.9,0.0,0.0
Cyprus,1993,"Cinnamon and cinnamon-tree flowers, raw",20.0,0.0,0.0
Cyprus,1994,"Cinnamon and cinnamon-tree flowers, raw",22.0,0.0,0.0
Cyprus,1995,"Cinnamon and cinnamon-tree flowers, raw",65.0,0.0,0.0
Cyprus,1996,"Cinnamon and cinnamon-tree flowers, raw",33.0,0.0,0.0
Cyprus,1997,"Cinnamon and cinnamon-tree flowers, raw",67.0,0.0,0.0
Cyprus,1999,"Cinnamon and cinnamon-tree flowers, raw",31.0,0.0,0.0
Cyprus,2000,"Cinnamon and cinnamon-tree flowers, raw",47.03,0.08,0.0
Cyprus,2001,"Cinnamon and cinnamon-tree flowers, raw",42.0,0.0,0.0
Cyprus,2003,"Cinnamon and cinnamon-tree flowers, raw",29.0,0.0,0.0
Cyprus,2004,"Cinnamon and cinnamon-tree flowers, raw",53.0,0.0,0.0
Cyprus,2005,"Cinnamon and cinnamon-tree flowers, raw",31.0,0.0,0.0
Cyprus,2006,"Cinnamon and cinnamon-tree flowers, raw",15.0,0.0,0.0
Cyprus,2007,"Cinnamon and cinnamon-tree flowers, raw",37.0,0.0,0.0
Cyprus,2008,"Cinnamon and cinnamon-tree flowers, raw",40.0,0.0,0.0
Cyprus,2009,"Cinnamon and cinnamon-tree flowers, raw",20.0,0.0,0.0
Cyprus,2010,"Cinnamon and cinnamon-tree flowers, raw",54.0,0.0,0.0
Cyprus,2011,"Cinnamon and cinnamon-tree flowers, raw",28.0,0.0,0.0
Cyprus,2012,"Cinnamon and cinnamon-tree flowers, raw",65.0,1.0,0.0
Cyprus,2013,"Cinnamon and cinnamon-tree flowers, raw",26.0,1.0,0.0
Cyprus,2014,"Cinnamon and cinnamon-tree flowers, raw",36.37,0.6,0.0
Cyprus,2015,"Cinnamon and cinnamon-tree flowers, raw",62.61,1.9,0.0
Cyprus,2016,"Cinnamon and cinnamon-tree flowers, raw",58.06,1.06,0.0
Cyprus,2017,"Cinnamon and cinnamon-tree flowers, raw",66.56,0.8,0.0
Cyprus,2018,"Cinnamon and cinnamon-tree flowers, raw",55.48,1.57,0.0
Cyprus,2019,"Cinnamon and cinnamon-tree flowers, raw",65.9,0.72,0.0
Cyprus,2020,"Cinnamon and cinnamon-tree flowers, raw",48.72,0.19,0.0
Cyprus,2021,"Cinnamon and cinnamon-tree flowers, raw",63.05,0.03,0.0
Cyprus,2022,"Cinnamon and cinnamon-tree flowers, raw",64.99,0.0,0.0
Cyprus,2023,"Cinnamon and cinnamon-tree flowers, raw",61.45,0.0,0.0
Czechia,1993,"Cinnamon and cinnamon-tree flowers, raw",236.0,59.0,0.0
Czechia,1995,"Cinnamon and cinnamon-tree flowers, raw",212.0,24.0,0.0
Czechia,1996,"Cinnamon and cinnamon-tree flowers, raw",226.0,20.0,0.0
Czechia,1997,"Cinnamon and cinnamon-tree flowers, raw",209.0,19.0,0.0
Czechia,1998,"Cinnamon and cinnamon-tree flowers, raw",225.0,29.0,0.0
Czechia,1999,"Cinnamon and cinnamon-tree flowers, raw",225.0,12.0,0.0
Czechia,2000,"Cinnamon and cinnamon-tree flowers, raw",223.86,25.42,0.0
Czechia,2001,"Cinnamon and cinnamon-tree flowers, raw",246.0,21.0,0.0
Czechia,2002,"Cinnamon and cinnamon-tree flowers, raw",239.0,14.0,0.0
Czechia,2003,"Cinnamon and cinnamon-tree flowers, raw",277.0,23.0,0.0
Czechia,2004,"Cinnamon and cinnamon-tree flowers, raw",226.0,21.0,0.0
Czechia,2005,"Cinnamon and cinnamon-tree flowers, raw",221.0,25.0,0.0
Czechia,2006,"Cinnamon and cinnamon-tree flowers, raw",282.0,50.0,0.0
Czechia,2007,"Cinnamon and cinnamon-tree flowers, raw",277.0,47.0,0.0
Czechia,2008,"Cinnamon and cinnamon-tree flowers, raw",237.0,48.0,0.0
Czechia,2009,"Cinnamon and cinnamon-tree flowers, raw",283.0,41.0,0.0
Czechia,2010,"Cinnamon and cinnamon-tree flowers, raw",270.0,41.0,0.0
Czechia,2011,"Cinnamon and cinnamon-tree flowers, raw",286.0,50.0,0.0
Czechia,2012,"Cinnamon and cinnamon-tree flowers, raw",400.0,68.0,0.0
Czechia,2013,"Cinnamon and cinnamon-tree flowers, raw",346.0,57.0,0.0
Czechia,2014,"Cinnamon and cinnamon-tree flowers, raw",362.28,63.72,0.0
Czechia,2015,"Cinnamon and cinnamon-tree flowers, raw",408.9,95.29,0.0
Czechia,2016,"Cinnamon and cinnamon-tree flowers, raw",453.45,89.91,0.0
Czechia,2017,"Cinnamon and cinnamon-tree flowers, raw",578.51,179.83,0.0
Czechia,2018,"Cinnamon and cinnamon-tree flowers, raw",543.14,95.74,0.0
Czechia,2019,"Cinnamon and cinnamon-tree flowers, raw",526.95,133.74,0.0
Czechia,2020,"Cinnamon and cinnamon-tree flowers, raw",685.81,238.33,0.0
Czechia,2021,"Cinnamon and cinnamon-tree flowers, raw",724.35,244.8,0.0
Czechia,2023,"Cinnamon and cinnamon-tree flowers, raw",739.32,313.95,0.0
Democratic People's Republic of Korea,2015,"Cinnamon and cinnamon-tree flowers, raw",0.61,0.0,0.0
Democratic People's Republic of Korea,2017,"Cinnamon and cinnamon-tree flowers, raw",0.74,0.0,0.0
Democratic People's Republic of Korea,2023,"Cinnamon and cinnamon-tree flowers, raw",0.2,0.0,0.0
Democratic Republic of the Congo,1993,"Cinnamon and cinnamon-tree flowers, raw",0.0,0.0,0.0
Democratic Republic of the Congo,1994,"Cinnamon and cinnamon-tree flowers, raw",0.0,0.0,0.0
Democratic Republic of the Congo,1995,"Cinnamon and cinnamon-tree flowers, raw",0.0,0.0,0.0
Democratic Republic of the Congo,1996,"Cinnamon and cinnamon-tree flowers, raw",0.0,0.0,0.0
Democratic Republic of the Congo,1997,"Cinnamon and cinnamon-tree flowers, raw",0.0,0.0,0.0
Democratic Republic of the Congo,1998,"Cinnamon and cinnamon-tree flowers, raw",0.0,0.0,0.0
Democratic Republic of the Congo,1999,"Cinnamon and cinnamon-tree flowers, raw",0.0,0.0,0.0
Democratic Republic of the Congo,2000,"Cinnamon and cinnamon-tree flowers, raw",0.0,0.0,0.0
Democratic Republic of the Congo,2001,"Cinnamon and cinnamon-tree flowers, raw",0.0,0.0,0.0
Democratic Republic of the Congo,2002,"Cinnamon and cinnamon-tree flowers, raw",0.0,0.0,0.0
Democratic Republic of the Congo,2003,"Cinnamon and cinnamon-tree flowers, raw",0.0,0.0,0.0
Democratic Republic of the Congo,2004,"Cinnamon and cinnamon-tree flowers, raw",0.0,0.0,0.0
Democratic Republic of the Congo,2005,"Cinnamon and cinnamon-tree flowers, raw",0.0,0.0,0.0
Democratic Republic of the Congo,2007,"Cinnamon and cinnamon-tree flowers, raw",0.0,0.0,0.0
Democratic Republic of the Congo,2008,"Cinnamon and cinnamon-tree flowers, raw",0.0,0.0,0.0
Democratic Republic of the Congo,2009,"Cinnamon and cinnamon-tree flowers, raw",0.0,0.0,0.0
Democratic Republic of the Congo,2010,"Cinnamon and cinnamon-tree flowers, raw",0.0,0.0,0.0
Democratic Republic of the Congo,2011,"Cinnamon and cinnamon-tree flowers, raw",0.0,0.0,0.0
Democratic Republic of the Congo,2012,"Cinnamon and cinnamon-tree flowers, raw",0.0,0.0,0.0
Democratic Republic of the Congo,2013,"Cinnamon and cinnamon-tree flowers, raw",1.0,0.0,0.0
Democratic Republic of the Congo,2014,"Cinnamon and cinnamon-tree flowers, raw",1.29,0.0,0.0
Democratic Republic of the Congo,2015,"Cinnamon and cinnamon-tree flowers, raw",0.57,0.0,0.0
Democratic Republic of the Congo,2016,"Cinnamon and cinnamon-tree flowers, raw",7.42,0.0,0.0
Democratic Republic of the Congo,2017,"Cinnamon and cinnamon-tree flowers, raw",7.55,0.0,0.0
Democratic Republic of the Congo,2018,"Cinnamon and cinnamon-tree flowers, raw",19.94,0.0,0.0
Democratic Republic of the Congo,2019,"Cinnamon and cinnamon-tree flowers, raw",7.62,0.0,0.0
Democratic Republic of the Congo,2020,"Cinnamon and cinnamon-tree flowers, raw",23.82,0.0,0.0
Democratic Republic of the Congo,2023,"Cinnamon and cinnamon-tree flowers, raw",2.2,0.0,0.0
Denmark,1994,"Cinnamon and cinnamon-tree flowers, raw",390.0,1.0,0.0
Denmark,1995,"Cinnamon and cinnamon-tree flowers, raw",285.0,2.0,0.0
Denmark,1996,"Cinnamon and cinnamon-tree flowers, raw",373.0,1.0,0.0
Denmark,1997,"Cinnamon and cinnamon-tree flowers, raw",251.0,5.0,0.0
Denmark,1998,"Cinnamon and cinnamon-tree flowers, raw",301.0,4.0,0.0
Denmark,1999,"Cinnamon and cinnamon-tree flowers, raw",309.0,7.0,0.0
Denmark,2000,"Cinnamon and cinnamon-tree flowers, raw",309.0,1.0,0.0
Denmark,2001,"Cinnamon and cinnamon-tree flowers, raw",282.0,15.0,0.0
Denmark,2002,"Cinnamon and cinnamon-tree flowers, raw",330.0,21.0,0.0
Denmark,2004,"Cinnamon and cinnamon-tree flowers, raw",374.0,24.0,0.0
Denmark,2005,"Cinnamon and cinnamon-tree flowers, raw",347.0,12.0,0.0
Denmark,2006,"Cinnamon and cinnamon-tree flowers, raw",248.0,11.0,0.0
Denmark,2007,"Cinnamon and cinnamon-tree flowers, raw",380.0,23.0,0.0
Denmark,2008,"Cinnamon and cinnamon-tree flowers, raw",216.0,10.0,0.0
Denmark,2009,"Cinnamon and cinnamon-tree flowers, raw",245.0,9.0,0.0
Denmark,2010,"Cinnamon and cinnamon-tree flowers, raw",361.0,14.0,0.0
Denmark,2011,"Cinnamon and cinnamon-tree flowers, raw",278.0,20.0,0.0
Denmark,2013,"Cinnamon and cinnamon-tree flowers, raw",250.0,34.0,0.0
Denmark,2014,"Cinnamon and cinnamon-tree flowers, raw",315.39,35.41,0.0
Denmark,2015,"Cinnamon and cinnamon-tree flowers, raw",334.34,11.33,0.0
Denmark,2016,"Cinnamon and cinnamon-tree flowers, raw",338.98,14.99,0.0
Denmark,2017,"Cinnamon and cinnamon-tree flowers, raw",396.47,40.34,0.0
Denmark,2018,"Cinnamon and cinnamon-tree flowers, raw",403.92,38.91,0.0
Denmark,2019,"Cinnamon and cinnamon-tree flowers, raw",456.4,42.19,0.0
Denmark,2020,"Cinnamon and cinnamon-tree flowers, raw",349.53,31.6,0.0
Denmark,2022,"Cinnamon and cinnamon-tree flowers, raw",487.86,81.42,0.0
Denmark,2023,"Cinnamon and cinnamon-tree flowers, raw",468.04,102.67,0.0
Djibouti,1993,"Cinnamon and cinnamon-tree flowers, raw",53.0,0.0,0.0
Djibouti,1994,"Cinnamon and cinnamon-tree flowers, raw",53.0,0.0,0.0
Djibouti,1995,"Cinnamon and cinnamon-tree flowers, raw",53.0,0.0,0.0
Djibouti,1996,"Cinnamon and cinnamon-tree flowers, raw",30.0,0.0,0.0
Djibouti,1998,"Cinnamon and cinnamon-tree flowers, raw",94.0,0.0,0.0
Djibouti,1999,"Cinnamon and cinnamon-tree flowers, raw",70.0,0.0,0.0
Djibouti,2000,"Cinnamon and cinnamon-tree flowers, raw",52.0,0.0,0.0
Djibouti,2001,"Cinnamon and cinnamon-tree flowers, raw",65.0,0.0,0.0
Djibouti,2002,"Cinnamon and cinnamon-tree flowers, raw",65.0,0.0,0.0
Djibouti,2003,"Cinnamon and cinnamon-tree flowers, raw",29.0,0.0,0.0
Djibouti,2004,"Cinnamon and cinnamon-tree flowers, raw",92.0,0.0,0.0
Djibouti,2005,"Cinnamon and cinnamon-tree flowers, raw",64.0,0.0,0.0
Djibouti,2007,"Cinnamon and cinnamon-tree flowers, raw",25.0,0.0,0.0
Djibouti,2008,"Cinnamon and cinnamon-tree flowers, raw",55.0,0.0,0.0
Djibouti,2009,"Cinnamon and cinnamon-tree flowers, raw",49.0,0.0,0.0
Djibouti,2011,"Cinnamon and cinnamon-tree flowers, raw",153.0,0.0,0.0
Djibouti,2012,"Cinnamon and cinnamon-tree flowers, raw",52.0,0.0,0.0
Djibouti,2013,"Cinnamon and cinnamon-tree flowers, raw",52.0,0.0,0.0
Djibouti,2014,"Cinnamon and cinnamon-tree flowers, raw",202.5,0.0,0.0
Djibouti,2016,"Cinnamon and cinnamon-tree flowers, raw",290.86,0.0,0.0
Djibouti,2017,"Cinnamon and cinnamon-tree flowers, raw",255.45,0.0,0.0
Djibouti,2018,"Cinnamon and cinnamon-tree flowers, raw",207.32,0.0,0.0
Djibouti,2019,"Cinnamon and cinnamon-tree flowers, raw",41.51,0.0,0.0
Djibouti,2020,"Cinnamon and cinnamon-tree flowers, raw",793.99,0.0,0.0
Djibouti,2021,"Cinnamon and cinnamon-tree flowers, raw",695.34,686.92,0.0
Djibouti,2022,"Cinnamon and cinnamon-tree flowers, raw",1167.33,1166.88,0.0
Djibouti,2023,"Cinnamon and cinnamon-tree flowers, raw",991.85,1005.89,0.0
Dominica,2007,"Cinnamon and cinnamon-tree flowers, raw",0.0,10.0,22.0
Dominica,2008,"Cinnamon and cinnamon-tree flowers, raw",0.0,11.0,32.0
Dominica,2009,"Cinnamon and cinnamon-tree flowers, raw",0.0,5.0,24.0
Dominica,2010,"Cinnamon and cinnamon-tree flowers, raw",0.0,8.0,31.0
Dominica,2011,"Cinnamon and cinnamon-tree flowers, raw",0.0,8.0,35.0
Dominica,2012,"Cinnamon and cinnamon-tree flowers, raw",1.0,3.0,35.19
Dominica,2013,"Cinnamon and cinnamon-tree flowers, raw",1.0,12.0,35.41
Dominica,2015,"Cinnamon and cinnamon-tree flowers, raw",0.0,10.08,35.6
Dominica,2016,"Cinnamon and cinnamon-tree flowers, raw",0.05,9.62,34.76
Dominica,2017,"Cinnamon and cinnamon-tree flowers, raw",0.01,13.2,34.65
Dominica,2018,"Cinnamon and cinnamon-tree flowers, raw",0.27,4.97,34.08
Dominica,2019,"Cinnamon and cinnamon-tree flowers, raw",2.93,2.82,33.33
Dominica,2020,"Cinnamon and cinnamon-tree flowers, raw",3.65,6.49,34.02
Dominica,2021,"Cinnamon and cinnamon-tree flowers, raw",4.39,4.63,33.81
Dominica,2022,"Cinnamon and cinnamon-tree flowers, raw",4.42,3.19,33.72
Dominica,2023,"Cinnamon and cinnamon-tree flowers, raw",4.53,3.4,33.85
Dominican Republic,1993,"Cinnamon and cinnamon-tree flowers, raw",0.0,0.0,0.0
Dominican Republic,1994,"Cinnamon and cinnamon-tree flowers, raw",0.0,0.0,0.0
Dominican Republic,1995,"Cinnamon and cinnamon-tree flowers, raw",0.0,0.0,0.0
Dominican Republic,1996,"Cinnamon and cinnamon-tree flowers, raw",0.0,0.0,0.0
Dominican Republic,1997,"Cinnamon and cinnamon-tree flowers, raw",0.0,0.0,0.0
Dominican Republic,1998,"Cinnamon and cinnamon-tree flowers, raw",0.0,0.0,0.0
Dominican Republic,1999,"Cinnamon and cinnamon-tree flowers, raw",0.0,0.0,0.0
Dominican Republic,2000,"Cinnamon and cinnamon-tree flowers, raw",0.0,0.0,0.0
Dominican Republic,2001,"Cinnamon and cinnamon-tree flowers, raw",0.0,0.0,0.0
Dominican Republic,2002,"Cinnamon and cinnamon-tree flowers, raw",801.0,0.0,0.0
Dominican Republic,2003,"Cinnamon and cinnamon-tree flowers, raw",662.0,0.0,0.0
Dominican Republic,2004,"Cinnamon and cinnamon-tree flowers, raw",1149.0,0.0,0.0
Dominican Republic,2005,"Cinnamon and cinnamon-tree flowers, raw",936.0,0.0,0.0
Dominican Republic,2006,"Cinnamon and cinnamon-tree flowers, raw",1192.0,0.0,0.0
Dominican Republic,2007,"Cinnamon and cinnamon-tree flowers, raw",1022.0,0.0,0.0
Dominican Republic,2008,"Cinnamon and cinnamon-tree flowers, raw",1252.0,0.0,0.0
Dominican Republic,2009,"Cinnamon and cinnamon-tree flowers, raw",1317.0,0.0,0.0
Dominican Republic,2010,"Cinnamon and cinnamon-tree flowers, raw",1441.0,0.0,0.0
Dominican Republic,2011,"Cinnamon and cinnamon-tree flowers, raw",1476.0,0.0,0.0
Dominican Republic,2013,"Cinnamon and cinnamon-tree flowers, raw",1484.0,25.0,0.0
Dominican Republic,2014,"Cinnamon and cinnamon-tree flowers, raw",1864.57,8.86,0.0
Dominican Republic,2015,"Cinnamon and cinnamon-tree flowers, raw",2152.85,23.76,0.0
Dominican Republic,2016,"Cinnamon and cinnamon-tree flowers, raw",1666.78,16.0,0.0
Dominican Republic,2017,"Cinnamon and cinnamon-tree flowers, raw",2772.76,24.99,0.0
Dominican Republic,2018,"Cinnamon and cinnamon-tree flowers, raw",2573.16,50.89,0.0
Dominican Republic,2019,"Cinnamon and cinnamon-tree flowers, raw",1005.33,12.98,0.0
Dominican Republic,2020,"Cinnamon and cinnamon-tree flowers, raw",2009.79,55.69,0.0
Dominican Republic,2021,"Cinnamon and cinnamon-tree flowers, raw",1012.67,16.81,0.0
Dominican Republic,2022,"Cinnamon and cinnamon-tree flowers, raw",1302.6,18.59,0.0
Dominican Republic,2023,"Cinnamon and cinnamon-tree flowers, raw",1389.67,29.35,0.0
Ecuador,1993,"Cinnamon and cinnamon-tree flowers, raw",232.0,0.0,0.0
Ecuador,1994,"Cinnamon and cinnamon-tree flowers, raw",310.0,0.0,0.0
Ecuador,1995,"Cinnamon and cinnamon-tree flowers, raw",255.0,0.0,0.0
Ecuador,1998,"Cinnamon and cinnamon-tree flowers, raw",294.0,0.0,0.0
Ecuador,1999,"Cinnamon and cinnamon-tree flowers, raw",279.0,0.0,0.0
Ecuador,2000,"Cinnamon and cinnamon-tree flowers, raw",290.0,0.7,0.0
Ecuador,2001,"Cinnamon and cinnamon-tree flowers, raw",377.0,1.0,0.0
Ecuador,2002,"Cinnamon and cinnamon-tree flowers, raw",467.0,3.0,0.0
Ecuador,2003,"Cinnamon and cinnamon-tree flowers, raw",387.0,7.0,0.0
Ecuador,2004,"Cinnamon and cinnamon-tree flowers, raw",581.0,4.0,0.0
Ecuador,2005,"Cinnamon and cinnamon-tree flowers, raw",508.0,14.0,0.0
Ecuador,2006,"Cinnamon and cinnamon-tree flowers, raw",635.0,14.0,0.0
Ecuador,2007,"Cinnamon and cinnamon-tree flowers, raw",597.0,33.0,0.0
Ecuador,2008,"Cinnamon and cinnamon-tree flowers, raw",613.0,22.0,0.0
Ecuador,2009,"Cinnamon and cinnamon-tree flowers, raw",642.0,30.0,0.0
Ecuador,2010,"Cinnamon and cinnamon-tree flowers, raw",628.0,27.0,0.0
Ecuador,2011,"Cinnamon and cinnamon-tree flowers, raw",613.0,10.0,0.0
Ecuador,2012,"Cinnamon and cinnamon-tree flowers, raw",565.0,26.0,0.0
Ecuador,2013,"Cinnamon and cinnamon-tree flowers, raw",666.0,6.0,0.0
Ecuador,2014,"Cinnamon and cinnamon-tree flowers, raw",567.52,3.45,0.0
Ecuador,2015,"Cinnamon and cinnamon-tree flowers, raw",624.66,3.77,0.0
Ecuador,2016,"Cinnamon and cinnamon-tree flowers, raw",877.52,2.36,0.0
Ecuador,2017,"Cinnamon and cinnamon-tree flowers, raw",695.75,6.57,0.0
Ecuador,2018,"Cinnamon and cinnamon-tree flowers, raw",874.84,3.44,0.0
Ecuador,2019,"Cinnamon and cinnamon-tree flowers, raw",714.71,3.29,0.0
Ecuador,2020,"Cinnamon and cinnamon-tree flowers, raw",942.43,5.92,0.0
Ecuador,2021,"Cinnamon and cinnamon-tree flowers, raw",817.74,4.95,0.0
Ecuador,2022,"Cinnamon and cinnamon-tree flowers, raw",878.23,1.83,0.0
Ecuador,2023,"Cinnamon and cinnamon-tree flowers, raw",746.57,12.25,0.0
Egypt,1993,"Cinnamon and cinnamon-tree flowers, raw",424.0,0.0,0.0
Egypt,1995,"Cinnamon and cinnamon-tree flowers, raw",510.0,0.0,0.0
Egypt,1997,"Cinnamon and cinnamon-tree flowers, raw",527.0,0.0,0.0
Egypt,1998,"Cinnamon and cinnamon-tree flowers, raw",133.0,1.0,0.0
Egypt,1999,"Cinnamon and cinnamon-tree flowers, raw",263.0,0.0,0.0
Egypt,2000,"Cinnamon and cinnamon-tree flowers, raw",390.5,0.7,0.0
Egypt,2001,"Cinnamon and cinnamon-tree flowers, raw",529.0,0.0,0.0
Egypt,2002,"Cinnamon and cinnamon-tree flowers, raw",593.0,0.0,0.0
Egypt,2003,"Cinnamon and cinnamon-tree flowers, raw",373.0,0.0,0.0
Egypt,2004,"Cinnamon and cinnamon-tree flowers, raw",535.0,0.0,0.0
Egypt,2005,"Cinnamon and cinnamon-tree flowers, raw",1183.0,13.0,0.0
Egypt,2006,"Cinnamon and cinnamon-tree flowers, raw",638.0,0.0,0.0
Egypt,2007,"Cinnamon and cinnamon-tree flowers, raw",948.0,33.0,0.0
Egypt,2008,"Cinnamon and cinnamon-tree flowers, raw",968.0,29.0,0.0
Egypt,2009,"Cinnamon and cinnamon-tree flowers, raw",688.0,121.0,0.0
Egypt,2010,"Cinnamon and cinnamon-tree flowers, raw",1553.0,25.0,0.0
Egypt,2011,"Cinnamon and cinnamon-tree flowers, raw",922.0,94.0,0.0
Egypt,2012,"Cinnamon and cinnamon-tree flowers, raw",1985.0,10.0,0.0
Egypt,2014,"Cinnamon and cinnamon-tree flowers, raw",2281.64,38.94,0.0
Egypt,2017,"Cinnamon and cinnamon-tree flowers, raw",2068.39,12.64,0.0
Egypt,2018,"Cinnamon and cinnamon-tree flowers, raw",1962.04,47.24,0.0
Egypt,2019,"Cinnamon and cinnamon-tree flowers, raw",2548.08,17.5,0.0
Egypt,2021,"Cinnamon and cinnamon-tree flowers, raw",1923.71,49.34,0.0
Egypt,2022,"Cinnamon and cinnamon-tree flowers, raw",1761.34,68.5,0.0
Egypt,2023,"Cinnamon and cinnamon-tree flowers, raw",2544.77,124.51,0.0
El Salvador,1993,"Cinnamon and cinnamon-tree flowers, raw",137.0,6.0,0.0
El Salvador,1994,"Cinnamon and cinnamon-tree flowers, raw",166.0,4.0,0.0
El Salvador,1995,"Cinnamon and cinnamon-tree flowers, raw",124.0,8.0,0.0
El Salvador,1996,"Cinnamon and cinnamon-tree flowers, raw",155.0,8.0,0.0
El Salvador,1997,"Cinnamon and cinnamon-tree flowers, raw",168.0,6.0,0.0
El Salvador,1998,"Cinnamon and cinnamon-tree flowers, raw",143.0,6.0,0.0
El Salvador,1999,"Cinnamon and cinnamon-tree flowers, raw",128.0,6.0,0.0
El Salvador,2000,"Cinnamon and cinnamon-tree flowers, raw",153.3,51.44,0.0
El Salvador,2001,"Cinnamon and cinnamon-tree flowers, raw",191.0,38.0,0.0
El Salvador,2002,"Cinnamon and cinnamon-tree flowers, raw",212.0,18.0,0.0
El Salvador,2003,"Cinnamon and cinnamon-tree flowers, raw",155.0,14.0,0.0
El Salvador,2004,"Cinnamon and cinnamon-tree flowers, raw",208.0,6.0,0.0
El Salvador,2005,"Cinnamon and cinnamon-tree flowers, raw",162.0,7.0,0.0
El Salvador,2006,"Cinnamon and cinnamon-tree flowers, raw",217.0,8.0,0.0
El Salvador,2007,"Cinnamon and cinnamon-tree flowers, raw",206.0,9.0,0.0
El Salvador,2008,"Cinnamon and cinnamon-tree flowers, raw",180.0,8.0,0.0
El Salvador,2009,"Cinnamon and cinnamon-tree flowers, raw",203.0,8.0,0.0
El Salvador,2010,"Cinnamon and cinnamon-tree flowers, raw",256.0,16.0,0.0
El Salvador,2011,"Cinnamon and cinnamon-tree flowers, raw",225.0,14.0,0.0
El Salvador,2012,"Cinnamon and cinnamon-tree flowers, raw",237.0,14.0,0.0
El Salvador,2013,"Cinnamon and cinnamon-tree flowers, raw",256.0,12.0,0.0
El Salvador,2014,"Cinnamon and cinnamon-tree flowers, raw",236.32,11.2,0.0
El Salvador,2015,"Cinnamon and cinnamon-tree flowers, raw",290.5,11.04,0.0
El Salvador,2016,"Cinnamon and cinnamon-tree flowers, raw",269.57,15.07,0.0
El Salvador,2017,"Cinnamon and cinnamon-tree flowers, raw",271.52,13.88,0.0
El Salvador,2018,"Cinnamon and cinnamon-tree flowers, raw",244.48,16.2,0.0
El Salvador,2020,"Cinnamon and cinnamon-tree flowers, raw",312.21,14.01,0.0
El Salvador,2021,"Cinnamon and cinnamon-tree flowers, raw",416.18,14.94,0.0
El Salvador,2023,"Cinnamon and cinnamon-tree flowers, raw",266.81,15.55,0.0
Equatorial Guinea,2014,"Cinnamon and cinnamon-tree flowers, raw",0.08,0.0,0.0
Equatorial Guinea,2016,"Cinnamon and cinnamon-tree flowers, raw",0.13,0.0,0.0
Equatorial Guinea,2017,"Cinnamon and cinnamon-tree flowers, raw",0.11,0.0,0.0
Equatorial Guinea,2018,"Cinnamon and cinnamon-tree flowers, raw",0.02,0.0,0.0
Equatorial Guinea,2019,"Cinnamon and cinnamon-tree flowers, raw",0.15,0.0,0.0
Equatorial Guinea,2020,"Cinnamon and cinnamon-tree flowers, raw",0.29,0.0,0.0
Equatorial Guinea,2021,"Cinnamon and cinnamon-tree flowers, raw",0.66,0.0,0.0
Equatorial Guinea,2023,"Cinnamon and cinnamon-tree flowers, raw",0.8,0.01,0.0
Eritrea,2014,"Cinnamon and cinnamon-tree flowers, raw",30.59,0.0,0.0
Eritrea,2015,"Cinnamon and cinnamon-tree flowers, raw",0.03,0.0,0.0
Eritrea,2018,"Cinnamon and cinnamon-tree flowers, raw",1.14,0.0,0.0
Eritrea,2019,"Cinnamon and cinnamon-tree flowers, raw",0.06,0.0,0.0
Eritrea,2020,"Cinnamon and cinnamon-tree flowers, raw",2.11,0.0,0.0
Eritrea,2021,"Cinnamon and cinnamon-tree flowers, raw",0.26,0.0,0.0
Eritrea,2022,"Cinnamon and cinnamon-tree flowers, raw",1.0,0.0,0.0
Estonia,1993,"Cinnamon and cinnamon-tree flowers, raw",5.0,1.0,0.0
Estonia,1994,"Cinnamon and cinnamon-tree flowers, raw",13.0,0.0,0.0
Estonia,1995,"Cinnamon and cinnamon-tree flowers, raw",11.0,3.0,0.0
Estonia,1996,"Cinnamon and cinnamon-tree flowers, raw",18.0,0.0,0.0
Estonia,1997,"Cinnamon and cinnamon-tree flowers, raw",22.0,1.0,0.0
Estonia,1998,"Cinnamon and cinnamon-tree flowers, raw",36.0,11.0,0.0
Estonia,1999,"Cinnamon and cinnamon-tree flowers, raw",63.0,28.0,0.0
Estonia,2000,"Cinnamon and cinnamon-tree flowers, raw",113.0,67.0,0.0
Estonia,2001,"Cinnamon and cinnamon-tree flowers, raw",96.0,47.0,0.0
Estonia,2002,"Cinnamon and cinnamon-tree flowers, raw",69.0,38.0,0.0
Estonia,2003,"Cinnamon and cinnamon-tree flowers, raw",127.0,80.0,0.0
Estonia,2004,"Cinnamon and cinnamon-tree flowers, raw",99.0,66.0,0.0
Estonia,2005,"Cinnamon and cinnamon-tree flowers, raw",125.0,65.0,0.0
Estonia,2006,"Cinnamon and cinnamon-tree flowers, raw",124.0,77.0,0.0
Estonia,2007,"Cinnamon and cinnamon-tree flowers, raw",148.0,83.0,0.0
Estonia,2008,"Cinnamon and cinnamon-tree flowers, raw",105.0,78.0,0.0
Estonia,2009,"Cinnamon and cinnamon-tree flowers, raw",76.0,81.0,0.0
Estonia,2010,"Cinnamon and cinnamon-tree flowers, raw",154.0,97.0,0.0
Estonia,2011,"Cinnamon and cinnamon-tree flowers, raw",164.0,111.0,0.0
Estonia,2012,"Cinnamon and cinnamon-tree flowers, raw",176.0,117.0,0.0
Estonia,2013,"Cinnamon and cinnamon-tree flowers, raw",194.0,140.0,0.0
Estonia,2014,"Cinnamon and cinnamon-tree flowers, raw",196.66,138.0,0.0
Estonia,2015,"Cinnamon and cinnamon-tree flowers, raw",192.15,122.92,0.0
Estonia,2016,"Cinnamon and cinnamon-tree flowers, raw",197.38,127.44,0.0
Estonia,2017,"Cinnamon and cinnamon-tree flowers, raw",272.04,160.7,0.0
Estonia,2018,"Cinnamon and cinnamon-tree flowers, raw",236.06,141.78,0.0
Estonia,2019,"Cinnamon and cinnamon-tree flowers, raw",262.32,166.24,0.0
Estonia,2021,"Cinnamon and cinnamon-tree flowers, raw",244.92,157.94,0.0
Estonia,2022,"Cinnamon and cinnamon-tree flowers, raw",237.08,167.91,0.0
Estonia,2023,"Cinnamon and cinnamon-tree flowers, raw",185.3,160.74,0.0
Eswatini,1997,"Cinnamon and cinnamon-tree flowers, raw",7.0,0.0,0.0
Eswatini,1998,"Cinnamon and cinnamon-tree flowers, raw",7.0,0.0,0.0
Eswatini,1999,"Cinnamon and cinnamon-tree flowers, raw",4.0,0.0,0.0
Eswatini,2000,"Cinnamon and cinnamon-tree flowers, raw",13.81,0.0,0.0
Eswatini,2001,"Cinnamon and cinnamon-tree flowers, raw",3.0,0.0,0.0
Eswatini,2002,"Cinnamon and cinnamon-tree flowers, raw",24.0,0.0,0.0
Eswatini,2003,"Cinnamon and cinnamon-tree flowers, raw",3.0,0.0,0.0
Eswatini,2004,"Cinnamon and cinnamon-tree flowers, raw",4.0,0.0,0.0
Eswatini,2005,"Cinnamon and cinnamon-tree flowers, raw",23.0,0.0,0.0
Eswatini,2006,"Cinnamon and cinnamon-tree flowers, raw",5.0,0.0,0.0
Eswatini,2007,"Cinnamon and cinnamon-tree flowers, raw",1.0,0.0,0.0
Eswatini,2008,"Cinnamon and cinnamon-tree flowers, raw",1.0,0.0,0.0
Eswatini,2009,"Cinnamon and cinnamon-tree flowers, raw",1.0,0.0,0.0
Eswatini,2010,"Cinnamon and cinnamon-tree flowers, raw",7.0,0.0,0.0
Eswatini,2011,"Cinnamon and cinnamon-tree flowers, raw",5.0,0.0,0.0
Eswatini,2012,"Cinnamon and cinnamon-tree flowers, raw",7.0,0.0,0.0
Eswatini,2013,"Cinnamon and cinnamon-tree flowers, raw",3.0,0.0,0.0
Eswatini,2014,"Cinnamon and cinnamon-tree flowers, raw",1.59,0.0,0.0
Eswatini,2015,"Cinnamon and cinnamon-tree flowers, raw",2.12,0.0,0.0
Eswatini,2017,"Cinnamon and cinnamon-tree flowers, raw",3.84,0.0,0.0
Eswatini,2018,"Cinnamon and cinnamon-tree flowers, raw",4.71,0.0,0.0
Eswatini,2019,"Cinnamon and cinnamon-tree flowers, raw",4.26,0.0,0.0
Eswatini,2020,"Cinnamon and cinnamon-tree flowers, raw",4.18,0.0,0.0
Eswatini,2022,"Cinnamon and cinnamon-tree flowers, raw",5.65,0.0,0.0
Eswatini,2023,"Cinnamon and cinnamon-tree flowers, raw",6.17,0.0,0.0
Ethiopia,1993,"Cinnamon and cinnamon-tree flowers, raw",1.0,0.0,0.0
Ethiopia,1995,"Cinnamon and cinnamon-tree flowers, raw",10.0,0.0,0.0
Ethiopia,1996,"Cinnamon and cinnamon-tree flowers, raw",10.0,0.0,0.0
Ethiopia,1997,"Cinnamon and cinnamon-tree flowers, raw",10.0,0.0,0.0
Ethiopia,1998,"Cinnamon and cinnamon-tree flowers, raw",66.0,0.0,0.0
Ethiopia,1999,"Cinnamon and cinnamon-tree flowers, raw",124.0,0.0,0.0
Ethiopia,2000,"Cinnamon and cinnamon-tree flowers, raw",68.81,0.0,0.0
Ethiopia,2001,"Cinnamon and cinnamon-tree flowers, raw",56.0,0.0,0.0
Ethiopia,2002,"Cinnamon and cinnamon-tree flowers, raw",258.0,0.0,0.0
Ethiopia,2003,"Cinnamon and cinnamon-tree flowers, raw",180.0,0.0,0.0
Ethiopia,2004,"Cinnamon and cinnamon-tree flowers, raw",248.0,0.0,0.0
Ethiopia,2005,"Cinnamon and cinnamon-tree flowers, raw",408.0,0.0,0.0
Ethiopia,2006,"Cinnamon and cinnamon-tree flowers, raw",457.0,0.0,0.0
Ethiopia,2007,"Cinnamon and cinnamon-tree flowers, raw",431.0,0.0,0.0
Ethiopia,2008,"Cinnamon and cinnamon-tree flowers, raw",376.0,217.0,0.0
Ethiopia,2009,"Cinnamon and cinnamon-tree flowers, raw",625.0,277.0,0.0
Ethiopia,2010,"Cinnamon and cinnamon-tree flowers, raw",464.0,49.0,0.0
Ethiopia,2011,"Cinnamon and cinnamon-tree flowers, raw",524.0,26.0,0.0
Ethiopia,2012,"Cinnamon and cinnamon-tree flowers, raw",574.0,1.0,0.0
Ethiopia,2014,"Cinnamon and cinnamon-tree flowers, raw",1312.53,40.4,0.0
Ethiopia,2016,"Cinnamon and cinnamon-tree flowers, raw",1300.65,13.19,0.0
Ethiopia,2017,"Cinnamon and cinnamon-tree flowers, raw",1622.9,8.59,0.0
Ethiopia,2018,"Cinnamon and cinnamon-tree flowers, raw",1275.62,75.05,0.0
Ethiopia,2020,"Cinnamon and cinnamon-tree flowers, raw",2182.32,75.81,0.0
Ethiopia,2021,"Cinnamon and cinnamon-tree flowers, raw",1005.48,23.82,0.0
Ethiopia,2022,"Cinnamon and cinnamon-tree flowers, raw",1427.19,29.19,0.0
Ethiopia,2023,"Cinnamon and cinnamon-tree flowers, raw",1825.77,0.76,0.0
Faroe Islands,1994,"Cinnamon and cinnamon-tree flowers, raw",1.0,0.0,0.0
Faroe Islands,1995,"Cinnamon and cinnamon-tree flowers, raw",1.0,0.0,0.0
Faroe Islands,1996,"Cinnamon and cinnamon-tree flowers, raw",1.0,0.0,0.0
Faroe Islands,1997,"Cinnamon and cinnamon-tree flowers, raw",1.0,0.0,0.0
Faroe Islands,1998,"Cinnamon and cinnamon-tree flowers, raw",2.0,0.0,0.0
Faroe Islands,1999,"Cinnamon and cinnamon-tree flowers, raw",3.0,0.0,0.0
Faroe Islands,2000,"Cinnamon and cinnamon-tree flowers, raw",3.0,0.0,0.0
Faroe Islands,2001,"Cinnamon and cinnamon-tree flowers, raw",3.0,0.0,0.0
Faroe Islands,2002,"Cinnamon and cinnamon-tree flowers, raw",3.0,0.0,0.0
Faroe Islands,2003,"Cinnamon and cinnamon-tree flowers, raw",1.0,0.0,0.0
Faroe Islands,2004,"Cinnamon and cinnamon-tree flowers, raw",1.0,0.0,0.0
Faroe Islands,2005,"Cinnamon and cinnamon-tree flowers, raw",0.0,0.0,0.0
Faroe Islands,2006,"Cinnamon and cinnamon-tree flowers, raw",0.0,0.0,0.0
Faroe Islands,2008,"Cinnamon and cinnamon-tree flowers, raw",1.0,0.0,0.0
Faroe Islands,2009,"Cinnamon and cinnamon-tree flowers, raw",1.0,0.0,0.0
Faroe Islands,2010,"Cinnamon and cinnamon-tree flowers, raw",1.0,0.0,0.0
Faroe Islands,2012,"Cinnamon and cinnamon-tree flowers, raw",1.0,0.0,0.0
Faroe Islands,2013,"Cinnamon and cinnamon-tree flowers, raw",1.0,0.0,0.0
Faroe Islands,2014,"Cinnamon and cinnamon-tree flowers, raw",1.4,0.0,0.0
Faroe Islands,2015,"Cinnamon and cinnamon-tree flowers, raw",1.6,0.0,0.0
Faroe Islands,2016,"Cinnamon and cinnamon-tree flowers, raw",1.76,0.0,0.0
Faroe Islands,2017,"Cinnamon and cinnamon-tree flowers, raw",1.62,0.0,0.0
Faroe Islands,2019,"Cinnamon and cinnamon-tree flowers, raw",1.84,0.0,0.0
Faroe Islands,2020,"Cinnamon and cinnamon-tree flowers, raw",1.69,0.0,0.0
Faroe Islands,2021,"Cinnamon and cinnamon-tree flowers, raw",1.86,0.0,0.0
Faroe Islands,2022,"Cinnamon and cinnamon-tree flowers, raw",2.28,0.0,0.0
Fiji,1993,"Cinnamon and cinnamon-tree flowers, raw",14.0,0.0,0.0
Fiji,1994,"Cinnamon and cinnamon-tree flowers, raw",12.0,0.0,0.0
Fiji,1995,"Cinnamon and cinnamon-tree flowers, raw",12.0,0.0,0.0
Fiji,1996,"Cinnamon and cinnamon-tree flowers, raw",20.0,0.0,0.0
Fiji,1997,"Cinnamon and cinnamon-tree flowers, raw",10.0,0.0,0.0
Fiji,1998,"Cinnamon and cinnamon-tree flowers, raw",20.0,0.0,0.0
Fiji,1999,"Cinnamon and cinnamon-tree flowers, raw",20.0,0.0,0.0
Fiji,2000,"Cinnamon and cinnamon-tree flowers, raw",9.0,0.0,0.0
Fiji,2001,"Cinnamon and cinnamon-tree flowers, raw",14.0,0.0,0.0
Fiji,2002,"Cinnamon and cinnamon-tree flowers, raw",8.0,0.0,0.0
Fiji,2004,"Cinnamon and cinnamon-tree flowers, raw",13.0,1.0,0.0
Fiji,2005,"Cinnamon and cinnamon-tree flowers, raw",11.0,0.0,0.0
Fiji,2006,"Cinnamon and cinnamon-tree flowers, raw",13.0,0.0,0.0
Fiji,2007,"Cinnamon and cinnamon-tree flowers, raw",11.0,0.0,0.0
Fiji,2008,"Cinnamon and cinnamon-tree flowers, raw",10.0,1.0,0.0
Fiji,2009,"Cinnamon and cinnamon-tree flowers, raw",11.0,2.0,0.0
Fiji,2010,"Cinnamon and cinnamon-tree flowers, raw",9.0,1.0,0.0
Fiji,2012,"Cinnamon and cinnamon-tree flowers, raw",8.0,1.0,0.0
Fiji,2013,"Cinnamon and cinnamon-tree flowers, raw",7.0,2.0,0.0
Fiji,2015,"Cinnamon and cinnamon-tree flowers, raw",13.71,0.25,0.0
Fiji,2016,"Cinnamon and cinnamon-tree flowers, raw",5.34,2.88,0.0
Fiji,2017,"Cinnamon and cinnamon-tree flowers, raw",23.11,3.1,0.0
Fiji,2018,"Cinnamon and cinnamon-tree flowers, raw",23.52,0.66,0.0
Fiji,2019,"Cinnamon and cinnamon-tree flowers, raw",11.71,0.05,0.0
Fiji,2020,"Cinnamon and cinnamon-tree flowers, raw",18.52,0.0,0.0
Fiji,2021,"Cinnamon and cinnamon-tree flowers, raw",18.89,0.0,0.0
Fiji,2022,"Cinnamon and cinnamon-tree flowers, raw",19.44,0.25,0.0
Finland,1993,"Cinnamon and cinnamon-tree flowers, raw",187.0,14.0,0.0
Finland,1994,"Cinnamon and cinnamon-tree flowers, raw",212.0,9.0,0.0
Finland,1995,"Cinnamon and cinnamon-tree flowers, raw",145.0,13.0,0.0
Finland,1996,"Cinnamon and cinnamon-tree flowers, raw",169.0,14.0,0.0
Finland,1997,"Cinnamon and cinnamon-tree flowers, raw",172.0,12.0,0.0
Finland,1998,"Cinnamon and cinnamon-tree flowers, raw",195.0,12.0,0.0
Finland,1999,"Cinnamon and cinnamon-tree flowers, raw",176.0,12.0,0.0
Finland,2000,"Cinnamon and cinnamon-tree flowers, raw",208.0,4.0,0.0
Finland,2001,"Cinnamon and cinnamon-tree flowers, raw",175.0,1.0,0.0
Finland,2003,"Cinnamon and cinnamon-tree flowers, raw",182.0,1.0,0.0
Finland,2004,"Cinnamon and cinnamon-tree flowers, raw",183.0,1.0,0.0
Finland,2005,"Cinnamon and cinnamon-tree flowers, raw",184.0,1.0,0.0
Finland,2006,"Cinnamon and cinnamon-tree flowers, raw",198.0,2.0,0.0
Finland,2007,"Cinnamon and cinnamon-tree flowers, raw",177.0,1.0,0.0
Finland,2008,"Cinnamon and cinnamon-tree flowers, raw",159.0,1.0,0.0
Finland,2010,"Cinnamon and cinnamon-tree flowers, raw",151.0,16.0,0.0
Finland,2011,"Cinnamon and cinnamon-tree flowers, raw",163.0,17.0,0.0
Finland,2012,"Cinnamon and cinnamon-tree flowers, raw",178.0,11.0,0.0
Finland,2014,"Cinnamon and cinnamon-tree flowers, raw",185.72,18.4,0.0
Finland,2015,"Cinnamon and cinnamon-tree flowers, raw",193.14,20.55,0.0
Finland,2016,"Cinnamon and cinnamon-tree flowers, raw",188.57,30.45,0.0
Finland,2017,"Cinnamon and cinnamon-tree flowers, raw",214.99,38.73,0.0
Finland,2018,"Cinnamon and cinnamon-tree flowers, raw",214.17,35.52,0.0
Finland,2019,"Cinnamon and cinnamon-tree flowers, raw",260.83,35.27,0.0
Finland,2020,"Cinnamon and cinnamon-tree flowers, raw",213.7,25.35,0.0
Finland,2021,"Cinnamon and cinnamon-tree flowers, raw",217.83,22.51,0.0
Finland,2022,"Cinnamon and cinnamon-tree flowers, raw",278.91,25.11,0.0
Finland,2023,"Cinnamon and cinnamon-tree flowers, raw",218.93,22.61,0.0
France,1993,"Cinnamon and cinnamon-tree flowers, raw",565.0,41.0,0.0
France,1994,"Cinnamon and cinnamon-tree flowers, raw",645.0,75.0,0.0
France,1995,"Cinnamon and cinnamon-tree flowers, raw",715.0,104.0,0.0
France,1997,"Cinnamon and cinnamon-tree flowers, raw",720.0,172.0,0.0
France,1998,"Cinnamon and cinnamon-tree flowers, raw",752.0,192.0,0.0
France,1999,"Cinnamon and cinnamon-tree flowers, raw",700.0,118.0,0.0
France,2000,"Cinnamon and cinnamon-tree flowers, raw",686.0,328.0,0.0
France,2002,"Cinnamon and cinnamon-tree flowers, raw",1082.0,193.0,0.0
France,2003,"Cinnamon and cinnamon-tree flowers, raw",920.0,187.0,0.0
France,2004,"Cinnamon and cinnamon-tree flowers, raw",775.0,98.0,0.0
France,2005,"Cinnamon and cinnamon-tree flowers, raw",853.0,95.0,0.0
France,2006,"Cinnamon and cinnamon-tree flowers, raw",889.0,90.0,0.0
France,2007,"Cinnamon and cinnamon-tree flowers, raw",1073.0,238.0,0.0
France,2008,"Cinnamon and cinnamon-tree flowers, raw",1075.0,247.0,0.0
France,2010,"Cinnamon and cinnamon-tree flowers, raw",1212.0,381.0,0.0
France,2011,"Cinnamon and cinnamon-tree flowers, raw",1059.0,442.0,0.0
France,2012,"Cinnamon and cinnamon-tree flowers, raw",1042.0,478.0,0.0
France,2013,"Cinnamon and cinnamon-tree flowers, raw",1192.0,576.0,0.0
France,2014,"Cinnamon and cinnamon-tree flowers, raw",1345.89,625.37,0.0
France,2015,"Cinnamon and cinnamon-tree flowers, raw",1325.68,689.23,0.0
France,2016,"Cinnamon and cinnamon-tree flowers, raw",1591.96,790.08,0.0
France,2017,"Cinnamon and cinnamon-tree flowers, raw",1431.2,690.41,0.0
France,2018,"Cinnamon and cinnamon-tree flowers, raw",1719.45,773.51,0.0
France,2019,"Cinnamon and cinnamon-tree flowers, raw",1433.92,756.53,0.0
France,2020,"Cinnamon and cinnamon-tree flowers, raw",1826.35,744.88,0.0
France,2021,"Cinnamon and cinnamon-tree flowers, raw",1634.29,798.23,0.0
France,2022,"Cinnamon and cinnamon-tree flowers, raw",1535.3,699.45,0.0
France,2023,"Cinnamon and cinnamon-tree flowers, raw",1678.75,681.01,0.0
French Polynesia,1994,"Cinnamon and cinnamon-tree flowers, raw",0.0,0.0,0.0
French Polynesia,1995,"Cinnamon and cinnamon-tree flowers, raw",0.0,0.0,0.0
French Polynesia,1996,"Cinnamon and cinnamon-tree flowers, raw",0.0,0.0,0.0
French Polynesia,1997,"Cinnamon and cinnamon-tree flowers, raw",0.0,0.0,0.0
French Polynesia,1998,"Cinnamon and cinnamon-tree flowers, raw",0.0,0.0,0.0
French Polynesia,1999,"Cinnamon and cinnamon-tree flowers, raw",0.0,0.0,0.0
French Polynesia,2000,"Cinnamon and cinnamon-tree flowers, raw",0.0,0.0,0.0
French Polynesia,2001,"Cinnamon and cinnamon-tree flowers, raw",1.0,0.0,0.0
French Polynesia,2002,"Cinnamon and cinnamon-tree flowers, raw",0.0,0.0,0.0
French Polynesia,2003,"Cinnamon and cinnamon-tree flowers, raw",0.0,0.0,0.0
French Polynesia,2004,"Cinnamon and cinnamon-tree flowers, raw",1.0,0.0,0.0
French Polynesia,2005,"Cinnamon and cinnamon-tree flowers, raw",1.0,0.0,0.0
French Polynesia,2006,"Cinnamon and cinnamon-tree flowers, raw",1.0,0.0,0.0
French Polynesia,2008,"Cinnamon and cinnamon-tree flowers, raw",1.0,0.0,0.0
French Polynesia,2009,"Cinnamon and cinnamon-tree flowers, raw",1.0,0.0,0.0
French Polynesia,2010,"Cinnamon and cinnamon-tree flowers, raw",1.0,0.0,0.0
French Polynesia,2011,"Cinnamon and cinnamon-tree flowers, raw",1.0,0.0,0.0
French Polynesia,2012,"Cinnamon and cinnamon-tree flowers, raw",1.0,0.0,0.0
French Polynesia,2013,"Cinnamon and cinnamon-tree flowers, raw",1.0,0.0,0.0
French Polynesia,2014,"Cinnamon and cinnamon-tree flowers, raw",0.73,0.0,0.0
French Polynesia,2015,"Cinnamon and cinnamon-tree flowers, raw",0.99,0.0,0.0
French Polynesia,2016,"Cinnamon and cinnamon-tree flowers, raw",1.47,0.0,0.0
French Polynesia,2017,"Cinnamon and cinnamon-tree flowers, raw",1.79,0.0,0.0
French Polynesia,2018,"Cinnamon and cinnamon-tree flowers, raw",1.74,0.0,0.0
French Polynesia,2019,"Cinnamon and cinnamon-tree flowers, raw",1.11,0.0,0.0
French Polynesia,2020,"Cinnamon and cinnamon-tree flowers, raw",1.45,0.0,0.0
French Polynesia,2021,"Cinnamon and cinnamon-tree flowers, raw",0.91,0.0,0.0
French Polynesia,2022,"Cinnamon and cinnamon-tree flowers, raw",2.01,0.0,0.0
French Polynesia,2023,"Cinnamon and cinnamon-tree flowers, raw",0.08,0.0,0.0
Gabon,1995,"Cinnamon and cinnamon-tree flowers, raw",1.0,0.0,0.0
Gabon,1997,"Cinnamon and cinnamon-tree flowers, raw",1.0,0.0,0.0
Gabon,1999,"Cinnamon and cinnamon-tree flowers, raw",1.0,0.0,0.0
Gabon,2000,"Cinnamon and cinnamon-tree flowers, raw",1.0,0.0,0.0
Gabon,2001,"Cinnamon and cinnamon-tree flowers, raw",0.0,0.0,0.0
Gabon,2003,"Cinnamon and cinnamon-tree flowers, raw",0.0,0.0,0.0
Gabon,2004,"Cinnamon and cinnamon-tree flowers, raw",0.0,0.0,0.0
Gabon,2005,"Cinnamon and cinnamon-tree flowers, raw",0.0,0.0,0.0
Gabon,2006,"Cinnamon and cinnamon-tree flowers, raw",0.0,0.0,0.0
Gabon,2007,"Cinnamon and cinnamon-tree flowers, raw",0.0,0.0,0.0
Gabon,2008,"Cinnamon and cinnamon-tree flowers, raw",0.0,0.0,0.0
Gabon,2009,"Cinnamon and cinnamon-tree flowers, raw",0.0,0.0,0.0
Gabon,2010,"Cinnamon and cinnamon-tree flowers, raw",0.0,0.0,0.0
Gabon,2011,"Cinnamon and cinnamon-tree flowers, raw",0.0,0.0,0.0
Gabon,2012,"Cinnamon and cinnamon-tree flowers, raw",0.0,0.0,0.0
Gabon,2013,"Cinnamon and cinnamon-tree flowers, raw",0.0,0.0,0.0
Gabon,2014,"Cinnamon and cinnamon-tree flowers, raw",0.23,0.0,0.0
Gabon,2015,"Cinnamon and cinnamon-tree flowers, raw",0.23,0.0,0.0
Gabon,2016,"Cinnamon and cinnamon-tree flowers, raw",0.08,0.0,0.0
Gabon,2017,"Cinnamon and cinnamon-tree flowers, raw",0.45,0.0,0.0
Gabon,2018,"Cinnamon and cinnamon-tree flowers, raw",0.11,0.0,0.0
Gabon,2019,"Cinnamon and cinnamon-tree flowers, raw",0.26,0.0,0.0
Gabon,2020,"Cinnamon and cinnamon-tree flowers, raw",1.22,0.0,0.0
Gabon,2021,"Cinnamon and cinnamon-tree flowers, raw",2.15,0.0,0.0
Gabon,2022,"Cinnamon and cinnamon-tree flowers, raw",4.14,0.0,0.0
Gabon,2023,"Cinnamon and cinnamon-tree flowers, raw",0.8,0.0,0.0
Gambia,2011,"Cinnamon and cinnamon-tree flowers, raw",0.0,0.0,0.0
Gambia,2012,"Cinnamon and cinnamon-tree flowers, raw",0.0,0.0,0.0
Gambia,2013,"Cinnamon and cinnamon-tree flowers, raw",0.0,0.0,0.0
Gambia,2014,"Cinnamon and cinnamon-tree flowers, raw",0.66,0.0,0.0
Gambia,2015,"Cinnamon and cinnamon-tree flowers, raw",2.86,0.0,0.0
Gambia,2019,"Cinnamon and cinnamon-tree flowers, raw",1.47,0.0,0.0
Gambia,2020,"Cinnamon and cinnamon-tree flowers, raw",0.57,0.0,0.0
Gambia,2021,"Cinnamon and cinnamon-tree flowers, raw",1.15,0.0,0.0
Gambia,2022,"Cinnamon and cinnamon-tree flowers, raw",0.07,0.0,0.0
Georgia,2001,"Cinnamon and cinnamon-tree flowers, raw",0.0,0.0,0.0
Georgia,2002,"Cinnamon and cinnamon-tree flowers, raw",1.0,0.0,0.0
Georgia,2003,"Cinnamon and cinnamon-tree flowers, raw",2.0,0.0,0.0
Georgia,2004,"Cinnamon and cinnamon-tree flowers, raw",2.0,0.0,0.0
Georgia,2005,"Cinnamon and cinnamon-tree flowers, raw",2.0,0.0,0.0
Georgia,2006,"Cinnamon and cinnamon-tree flowers, raw",4.0,0.0,0.0
Georgia,2007,"Cinnamon and cinnamon-tree flowers, raw",3.0,0.0,0.0
Georgia,2008,"Cinnamon and cinnamon-tree flowers, raw",2.0,0.0,0.0
Georgia,2009,"Cinnamon and cinnamon-tree flowers, raw",6.0,0.0,0.0
Georgia,2010,"Cinnamon and cinnamon-tree flowers, raw",5.0,0.0,0.0
Georgia,2011,"Cinnamon and cinnamon-tree flowers, raw",7.0,0.0,0.0
Georgia,2012,"Cinnamon and cinnamon-tree flowers, raw",4.0,0.0,0.0
Georgia,2013,"Cinnamon and cinnamon-tree flowers, raw",10.0,0.0,0.0
Georgia,2014,"Cinnamon and cinnamon-tree flowers, raw",8.24,0.01,0.0
Georgia,2015,"Cinnamon and cinnamon-tree flowers, raw",17.62,0.0,0.0
Georgia,2016,"Cinnamon and cinnamon-tree flowers, raw",11.2,0.04,0.0
Georgia,2017,"Cinnamon and cinnamon-tree flowers, raw",25.1,0.18,0.0
Georgia,2018,"Cinnamon and cinnamon-tree flowers, raw",22.31,0.13,0.0
Georgia,2019,"Cinnamon and cinnamon-tree flowers, raw",16.47,0.09,0.0
Georgia,2020,"Cinnamon and cinnamon-tree flowers, raw",11.67,0.2,0.0
Georgia,2021,"Cinnamon and cinnamon-tree flowers, raw",19.22,0.11,0.0
Georgia,2022,"Cinnamon and cinnamon-tree flowers, raw",29.69,0.09,0.0
Georgia,2023,"Cinnamon and cinnamon-tree flowers, raw",38.76,0.24,0.0
Germany,1993,"Cinnamon and cinnamon-tree flowers, raw",2027.0,315.0,0.0
Germany,1994,"Cinnamon and cinnamon-tree flowers, raw",2137.0,332.0,0.0
Germany,1995,"Cinnamon and cinnamon-tree flowers, raw",2107.0,342.0,0.0
Germany,1996,"Cinnamon and cinnamon-tree flowers, raw",2508.0,424.0,0.0
Germany,1998,"Cinnamon and cinnamon-tree flowers, raw",2440.0,354.0,0.0
Germany,1999,"Cinnamon and cinnamon-tree flowers, raw",2312.0,320.0,0.0
Germany,2000,"Cinnamon and cinnamon-tree flowers, raw",2163.0,379.0,0.0
Germany,2001,"Cinnamon and cinnamon-tree flowers, raw",2120.0,405.0,0.0
Germany,2002,"Cinnamon and cinnamon-tree flowers, raw",2351.0,439.0,0.0
Germany,2003,"Cinnamon and cinnamon-tree flowers, raw",2387.0,429.0,0.0
Germany,2004,"Cinnamon and cinnamon-tree flowers, raw",2733.0,557.0,0.0
Germany,2005,"Cinnamon and cinnamon-tree flowers, raw",3589.0,869.0,0.0
Germany,2006,"Cinnamon and cinnamon-tree flowers, raw",3958.0,1071.0,0.0
Germany,2007,"Cinnamon and cinnamon-tree flowers, raw",2954.0,1073.0,0.0
Germany,2008,"Cinnamon and cinnamon-tree flowers, raw",2708.0,969.0,0.0
Germany,2009,"Cinnamon and cinnamon-tree flowers, raw",3035.0,913.0,0.0
Germany,2010,"Cinnamon and cinnamon-tree flowers, raw",3621.0,980.0,0.0
Germany,2011,"Cinnamon and cinnamon-tree flowers, raw",3278.0,1102.0,0.0
Germany,2012,"Cinnamon and cinnamon-tree flowers, raw",3387.0,935.0,0.0
Germany,2013,"Cinnamon and cinnamon-tree flowers, raw",3649.0,1196.0,0.0
Germany,2014,"Cinnamon and cinnamon-tree flowers, raw",4154.81,1076.91,0.0
Germany,2015,"Cinnamon and cinnamon-tree flowers, raw",3811.58,1159.2,0.0
Germany,2016,"Cinnamon and cinnamon-tree flowers, raw",4380.72,1248.8,0.0
Germany,2017,"Cinnamon and cinnamon-tree flowers, raw",4844.84,1630.93,0.0
Germany,2018,"Cinnamon and cinnamon-tree flowers, raw",5126.97,1633.85,0.0
Germany,2019,"Cinnamon and cinnamon-tree flowers, raw",4915.41,1651.34,0.0
Germany,2020,"Cinnamon and cinnamon-tree flowers, raw",4769.62,1916.55,0.0
Germany,2021,"Cinnamon and cinnamon-tree flowers, raw",5280.4,1863.32,0.0
Germany,2022,"Cinnamon and cinnamon-tree flowers, raw",5155.98,1899.66,0.0
Germany,2023,"Cinnamon and cinnamon-tree flowers, raw",4207.38,1767.89,0.0
Ghana,1996,"Cinnamon and cinnamon-tree flowers, raw",1.0,0.0,0.0
Ghana,1997,"Cinnamon and cinnamon-tree flowers, raw",0.0,0.0,0.0
Ghana,1998,"Cinnamon and cinnamon-tree flowers, raw",0.0,0.0,0.0
Ghana,1999,"Cinnamon and cinnamon-tree flowers, raw",2.0,0.0,0.0
Ghana,2000,"Cinnamon and cinnamon-tree flowers, raw",1.14,0.0,0.0
Ghana,2001,"Cinnamon and cinnamon-tree flowers, raw",2.0,0.0,0.0
Ghana,2002,"Cinnamon and cinnamon-tree flowers, raw",1.0,0.0,0.0
Ghana,2003,"Cinnamon and cinnamon-tree flowers, raw",9.0,0.0,0.0
Ghana,2004,"Cinnamon and cinnamon-tree flowers, raw",0.0,0.0,0.0
Ghana,2005,"Cinnamon and cinnamon-tree flowers, raw",0.0,0.0,0.0
Ghana,2006,"Cinnamon and cinnamon-tree flowers, raw",14.0,0.0,0.0
Ghana,2007,"Cinnamon and cinnamon-tree flowers, raw",1.0,0.0,0.0
Ghana,2008,"Cinnamon and cinnamon-tree flowers, raw",3.0,0.0,0.0
Ghana,2009,"Cinnamon and cinnamon-tree flowers, raw",1.0,0.0,0.0
Ghana,2010,"Cinnamon and cinnamon-tree flowers, raw",1.0,0.0,0.0
Ghana,2011,"Cinnamon and cinnamon-tree flowers, raw",18.0,0.0,0.0
Ghana,2012,"Cinnamon and cinnamon-tree flowers, raw",7.0,0.0,0.0
Ghana,2013,"Cinnamon and cinnamon-tree flowers, raw",29.0,0.0,0.0
Ghana,2014,"Cinnamon and cinnamon-tree flowers, raw",1.67,0.0,0.0
Ghana,2016,"Cinnamon and cinnamon-tree flowers, raw",26.53,0.0,0.0
Ghana,2017,"Cinnamon and cinnamon-tree flowers, raw",50.83,0.19,0.0
Ghana,2018,"Cinnamon and cinnamon-tree flowers, raw",31.09,0.0,0.0
Ghana,2019,"Cinnamon and cinnamon-tree flowers, raw",57.5,0.0,0.0
Ghana,2020,"Cinnamon and cinnamon-tree flowers, raw",8.93,0.01,0.0
Ghana,2021,"Cinnamon and cinnamon-tree flowers, raw",18.13,0.0,0.0
Ghana,2023,"Cinnamon and cinnamon-tree flowers, raw",50.19,0.01,0.0
Greece,1993,"Cinnamon and cinnamon-tree flowers, raw",399.0,30.0,0.0
Greece,1994,"Cinnamon and cinnamon-tree flowers, raw",236.0,15.0,0.0
Greece,1995,"Cinnamon and cinnamon-tree flowers, raw",298.0,23.0,0.0
Greece,1996,"Cinnamon and cinnamon-tree flowers, raw",449.0,54.0,0.0
Greece,1997,"Cinnamon and cinnamon-tree flowers, raw",353.0,45.0,0.0
Greece,1998,"Cinnamon and cinnamon-tree flowers, raw",368.0,49.0,0.0
Greece,1999,"Cinnamon and cinnamon-tree flowers, raw",360.0,4.0,0.0
Greece,2000,"Cinnamon and cinnamon-tree flowers, raw",373.0,3.0,0.0
Greece,2001,"Cinnamon and cinnamon-tree flowers, raw",362.0,6.0,0.0
Greece,2003,"Cinnamon and cinnamon-tree flowers, raw",403.0,5.0,0.0
Greece,2004,"Cinnamon and cinnamon-tree flowers, raw",382.0,7.0,0.0
Greece,2005,"Cinnamon and cinnamon-tree flowers, raw",356.0,10.0,0.0
Greece,2006,"Cinnamon and cinnamon-tree flowers, raw",487.0,4.0,0.0
Greece,2007,"Cinnamon and cinnamon-tree flowers, raw",385.0,6.0,0.0
Greece,2008,"Cinnamon and cinnamon-tree flowers, raw",491.0,12.0,0.0
Greece,2009,"Cinnamon and cinnamon-tree flowers, raw",466.0,19.0,0.0
Greece,2010,"Cinnamon and cinnamon-tree flowers, raw",473.0,19.0,0.0
Greece,2011,"Cinnamon and cinnamon-tree flowers, raw",423.0,13.0,0.0
Greece,2012,"Cinnamon and cinnamon-tree flowers, raw",419.0,9.0,0.0
Greece,2013,"Cinnamon and cinnamon-tree flowers, raw",722.0,43.0,0.0
Greece,2014,"Cinnamon and cinnamon-tree flowers, raw",741.63,64.29,0.0
Greece,2015,"Cinnamon and cinnamon-tree flowers, raw",558.67,66.49,0.0
Greece,2016,"Cinnamon and cinnamon-tree flowers, raw",760.69,19.86,0.0
Greece,2017,"Cinnamon and cinnamon-tree flowers, raw",628.2,30.32,0.0
Greece,2018,"Cinnamon and cinnamon-tree flowers, raw",608.17,36.77,0.0
Greece,2019,"Cinnamon and cinnamon-tree flowers, raw",523.36,34.74,0.0
Greece,2020,"Cinnamon and cinnamon-tree flowers, raw",574.93,31.9,0.0
Greece,2021,"Cinnamon and cinnamon-tree flowers, raw",653.17,42.15,0.0
Greece,2022,"Cinnamon and cinnamon-tree flowers, raw",523.69,50.31,0.0
Greece,2023,"Cinnamon and cinnamon-tree flowers, raw",678.24,43.31,0.0
Grenada,2002,"Cinnamon and cinnamon-tree flowers, raw",0.0,7.0,65.07
Grenada,2003,"Cinnamon and cinnamon-tree flowers, raw",0.0,3.0,65.84
Grenada,2004,"Cinnamon and cinnamon-tree flowers, raw",1.0,4.0,67.48
Grenada,2005,"Cinnamon and cinnamon-tree flowers, raw",1.0,1.0,68.33
Grenada,2006,"Cinnamon and cinnamon-tree flowers, raw",0.0,1.0,69.2
Grenada,2007,"Cinnamon and cinnamon-tree flowers, raw",0.0,1.0,70.08
Grenada,2008,"Cinnamon and cinnamon-tree flowers, raw",0.0,1.0,70.97
Grenada,2010,"Cinnamon and cinnamon-tree flowers, raw",1.0,1.0,72.8
Grenada,2011,"Cinnamon and cinnamon-tree flowers, raw",1.0,2.0,73.72
Grenada,2013,"Cinnamon and cinnamon-tree flowers, raw",1.0,2.0,75.4
Grenada,2016,"Cinnamon and cinnamon-tree flowers, raw",2.15,2.23,80.23
Grenada,2017,"Cinnamon and cinnamon-tree flowers, raw",1.39,2.33,81.7
Grenada,2018,"Cinnamon and cinnamon-tree flowers, raw",3.1,2.03,79.21
Grenada,2019,"Cinnamon and cinnamon-tree flowers, raw",2.95,2.52,78.62
Grenada,2020,"Cinnamon and cinnamon-tree flowers, raw",1.52,0.85,79.02
Grenada,2021,"Cinnamon and cinnamon-tree flowers, raw",1.59,4.33,79.3
Grenada,2022,"Cinnamon and cinnamon-tree flowers, raw",2.35,5.41,81.62
Guatemala,1994,"Cinnamon and cinnamon-tree flowers, raw",279.0,3.0,0.0
Guatemala,1995,"Cinnamon and cinnamon-tree flowers, raw",378.0,1.0,0.0
Guatemala,1996,"Cinnamon and cinnamon-tree flowers, raw",435.0,5.0,0.0
Guatemala,1997,"Cinnamon and cinnamon-tree flowers, raw",287.0,8.0,0.0
Guatemala,1998,"Cinnamon and cinnamon-tree flowers, raw",385.0,3.0,0.0
Guatemala,1999,"Cinnamon and cinnamon-tree flowers, raw",414.66,22.59,0.0
Guatemala,2000,"Cinnamon and cinnamon-tree flowers, raw",475.64,6.12,0.0
Guatemala,2001,"Cinnamon and cinnamon-tree flowers, raw",374.0,16.0,0.0
Guatemala,2002,"Cinnamon and cinnamon-tree flowers, raw",491.0,16.0,0.0
Guatemala,2003,"Cinnamon and cinnamon-tree flowers, raw",506.0,4.0,0.0
Guatemala,2004,"Cinnamon and cinnamon-tree flowers, raw",409.0,7.0,0.0
Guatemala,2005,"Cinnamon and cinnamon-tree flowers, raw",569.0,5.0,0.0
Guatemala,2006,"Cinnamon and cinnamon-tree flowers, raw",523.0,8.0,0.0
Guatemala,2007,"Cinnamon and cinnamon-tree flowers, raw",587.0,23.0,0.0
Guatemala,2008,"Cinnamon and cinnamon-tree flowers, raw",465.0,24.0,0.0
Guatemala,2009,"Cinnamon and cinnamon-tree flowers, raw",498.0,32.0,0.0
Guatemala,2010,"Cinnamon and cinnamon-tree flowers, raw",597.0,91.0,0.0
Guatemala,2011,"Cinnamon and cinnamon-tree flowers, raw",687.0,69.0,0.0
Guatemala,2012,"Cinnamon and cinnamon-tree flowers, raw",650.0,96.0,0.0
Guatemala,2013,"Cinnamon and cinnamon-tree flowers, raw",584.0,72.0,0.0
Guatemala,2014,"Cinnamon and cinnamon-tree flowers, raw",707.28,57.84,0.0
Guatemala,2015,"Cinnamon and cinnamon-tree flowers, raw",671.57,101.6,0.0
Guatemala,2016,"Cinnamon and cinnamon-tree flowers, raw",569.71,95.03,0.0
Guatemala,2017,"Cinnamon and cinnamon-tree flowers, raw",805.7,120.33,0.0
Guatemala,2018,"Cinnamon and cinnamon-tree flowers, raw",515.86,106.68,0.0
Guatemala,2019,"Cinnamon and cinnamon-tree flowers, raw",1112.63,131.84,0.0
Guatemala,2020,"Cinnamon and cinnamon-tree flowers, raw",842.49,153.25,0.0
Guatemala,2021,"Cinnamon and cinnamon-tree flowers, raw",642.59,143.73,0.0
Guatemala,2022,"Cinnamon and cinnamon-tree flowers, raw",904.43,157.84,0.0
Guinea,1995,"Cinnamon and cinnamon-tree flowers, raw",0.0,0.0,0.0
Guinea,1996,"Cinnamon and cinnamon-tree flowers, raw",0.0,0.0,0.0
Guinea,1998,"Cinnamon and cinnamon-tree flowers, raw",0.0,0.0,0.0
Guinea,1999,"Cinnamon and cinnamon-tree flowers, raw",1.0,0.0,0.0
Guinea,2001,"Cinnamon and cinnamon-tree flowers, raw",0.0,0.0,0.0
Guinea,2002,"Cinnamon and cinnamon-tree flowers, raw",0.0,0.0,0.0
Guinea,2003,"Cinnamon and cinnamon-tree flowers, raw",0.0,0.0,0.0
Guinea,2004,"Cinnamon and cinnamon-tree flowers, raw",0.0,0.0,0.0
Guinea,2005,"Cinnamon and cinnamon-tree flowers, raw",0.0,0.0,0.0
Guinea,2006,"Cinnamon and cinnamon-tree flowers, raw",2.0,0.0,0.0
Guinea,2007,"Cinnamon and cinnamon-tree flowers, raw",2.0,0.0,0.0
Guinea,2008,"Cinnamon and cinnamon-tree flowers, raw",0.0,0.0,0.0
Guinea,2009,"Cinnamon and cinnamon-tree flowers, raw",0.0,0.0,0.0
Guinea,2010,"Cinnamon and cinnamon-tree flowers, raw",0.0,0.0,0.0
Guinea,2011,"Cinnamon and cinnamon-tree flowers, raw",0.0,0.0,0.0
Guinea,2012,"Cinnamon and cinnamon-tree flowers, raw",0.0,0.0,0.0
Guinea,2013,"Cinnamon and cinnamon-tree flowers, raw",0.0,0.0,0.0
Guinea,2017,"Cinnamon and cinnamon-tree flowers, raw",0.05,0.0,0.0
Guinea,2019,"Cinnamon and cinnamon-tree flowers, raw",0.18,0.0,0.0
Guinea,2020,"Cinnamon and cinnamon-tree flowers, raw",0.17,0.0,0.0
Guinea,2021,"Cinnamon and cinnamon-tree flowers, raw",0.11,0.0,0.0
Guinea,2022,"Cinnamon and cinnamon-tree flowers, raw",0.25,0.0,0.0
Guinea,2023,"Cinnamon and cinnamon-tree flowers, raw",0.21,0.0,0.0
Guinea-Bissau,2014,"Cinnamon and cinnamon-tree flowers, raw",0.63,0.0,0.0
Guinea-Bissau,2015,"Cinnamon and cinnamon-tree flowers, raw",0.53,0.0,0.0
Guinea-Bissau,2017,"Cinnamon and cinnamon-tree flowers, raw",0.42,0.0,0.0
Guinea-Bissau,2018,"Cinnamon and cinnamon-tree flowers, raw",0.3,0.0,0.0
Guinea-Bissau,2019,"Cinnamon and cinnamon-tree flowers, raw",1.03,0.0,0.0
Guinea-Bissau,2020,"Cinnamon and cinnamon-tree flowers, raw",0.42,0.0,0.0
Guinea-Bissau,2021,"Cinnamon and cinnamon-tree flowers, raw",1.38,0.0,0.0
Guinea-Bissau,2022,"Cinnamon and cinnamon-tree flowers, raw",0.42,0.0,0.0
Guinea-Bissau,2023,"Cinnamon and cinnamon-tree flowers, raw",0.44,0.0,0.0
Guyana,1993,"Cinnamon and cinnamon-tree flowers, raw",0.0,0.0,0.0
Guyana,1994,"Cinnamon and cinnamon-tree flowers, raw",0.0,0.0,0.0
Guyana,1995,"Cinnamon and cinnamon-tree flowers, raw",0.0,0.0,0.0
Guyana,1996,"Cinnamon and cinnamon-tree flowers, raw",0.0,0.0,0.0
Guyana,1997,"Cinnamon and cinnamon-tree flowers, raw",0.0,0.0,0.0
Guyana,1998,"Cinnamon and cinnamon-tree flowers, raw",0.0,0.0,0.0
Guyana,1999,"Cinnamon and cinnamon-tree flowers, raw",0.0,0.0,0.0
Guyana,2000,"Cinnamon and cinnamon-tree flowers, raw",0.0,0.0,0.0
Guyana,2001,"Cinnamon and cinnamon-tree flowers, raw",0.0,0.0,0.0
Guyana,2002,"Cinnamon and cinnamon-tree flowers, raw",9.0,0.0,0.0
Guyana,2003,"Cinnamon and cinnamon-tree flowers, raw",1.0,0.0,0.0
Guyana,2004,"Cinnamon and cinnamon-tree flowers, raw",4.0,0.0,0.0
Guyana,2005,"Cinnamon and cinnamon-tree flowers, raw",8.0,0.0,0.0
Guyana,2006,"Cinnamon and cinnamon-tree flowers, raw",4.0,0.0,0.0
Guyana,2008,"Cinnamon and cinnamon-tree flowers, raw",5.0,0.0,0.0
Guyana,2009,"Cinnamon and cinnamon-tree flowers, raw",3.0,0.0,0.0
Guyana,2010,"Cinnamon and cinnamon-tree flowers, raw",18.0,0.0,0.0
Guyana,2011,"Cinnamon and cinnamon-tree flowers, raw",35.0,0.0,0.0
Guyana,2012,"Cinnamon and cinnamon-tree flowers, raw",48.0,0.0,0.0
Guyana,2013,"Cinnamon and cinnamon-tree flowers, raw",38.0,0.0,0.0
Guyana,2014,"Cinnamon and cinnamon-tree flowers, raw",53.12,0.01,0.0
Guyana,2015,"Cinnamon and cinnamon-tree flowers, raw",57.14,0.01,0.0
Guyana,2016,"Cinnamon and cinnamon-tree flowers, raw",66.41,0.1,0.0
Guyana,2017,"Cinnamon and cinnamon-tree flowers, raw",39.61,0.62,0.0
Guyana,2018,"Cinnamon and cinnamon-tree flowers, raw",51.48,0.75,0.0
Guyana,2020,"Cinnamon and cinnamon-tree flowers, raw",49.29,0.1,0.0
Guyana,2021,"Cinnamon and cinnamon-tree flowers, raw",44.48,0.2,0.0
Guyana,2022,"Cinnamon and cinnamon-tree flowers, raw",43.45,0.09,0.0
Haiti,1999,"Cinnamon and cinnamon-tree flowers, raw",120.0,0.0,0.0
Haiti,2000,"Cinnamon and cinnamon-tree flowers, raw",180.0,0.0,0.0
Haiti,2001,"Cinnamon and cinnamon-tree flowers, raw",170.0,0.0,0.0
Haiti,2002,"Cinnamon and cinnamon-tree flowers, raw",128.0,0.0,0.0
Haiti,2003,"Cinnamon and cinnamon-tree flowers, raw",28.0,0.0,0.0
Haiti,2004,"Cinnamon and cinnamon-tree flowers, raw",55.0,0.0,0.0
Haiti,2005,"Cinnamon and cinnamon-tree flowers, raw",76.0,0.0,0.0
Haiti,2006,"Cinnamon and cinnamon-tree flowers, raw",91.0,0.0,0.0
Haiti,2007,"Cinnamon and cinnamon-tree flowers, raw",100.0,0.0,0.0
Haiti,2008,"Cinnamon and cinnamon-tree flowers, raw",125.0,0.0,0.0
Haiti,2009,"Cinnamon and cinnamon-tree flowers, raw",100.0,0.0,0.0
Haiti,2011,"Cinnamon and cinnamon-tree flowers, raw",148.0,0.0,0.0
Haiti,2012,"Cinnamon and cinnamon-tree flowers, raw",139.0,0.0,0.0
Haiti,2013,"Cinnamon and cinnamon-tree flowers, raw",135.0,0.0,0.0
Haiti,2015,"Cinnamon and cinnamon-tree flowers, raw",180.54,0.02,0.0
Haiti,2016,"Cinnamon and cinnamon-tree flowers, raw",145.08,0.0,0.0
Haiti,2018,"Cinnamon and cinnamon-tree flowers, raw",96.03,0.0,0.0
Haiti,2019,"Cinnamon and cinnamon-tree flowers, raw",9.78,0.0,0.0
Haiti,2020,"Cinnamon and cinnamon-tree flowers, raw",79.84,0.0,0.0
Haiti,2021,"Cinnamon and cinnamon-tree flowers, raw",8.99,4.01,0.0
Haiti,2022,"Cinnamon and cinnamon-tree flowers, raw",8.82,0.53,0.0
Haiti,2023,"Cinnamon and cinnamon-tree flowers, raw",12.47,3.29,0.0
Honduras,1993,"Cinnamon and cinnamon-tree flowers, raw",42.0,0.0,0.0
Honduras,1994,"Cinnamon and cinnamon-tree flowers, raw",38.0,0.0,0.0
Honduras,1995,"Cinnamon and cinnamon-tree flowers, raw",62.0,0.0,0.0
Honduras,1996,"Cinnamon and cinnamon-tree flowers, raw",45.0,1.0,0.0
Honduras,1997,"Cinnamon and cinnamon-tree flowers, raw",103.0,0.0,0.0
Honduras,1998,"Cinnamon and cinnamon-tree flowers, raw",65.0,1.0,0.0
Honduras,1999,"Cinnamon and cinnamon-tree flowers, raw",104.0,6.0,0.0
Honduras,2000,"Cinnamon and cinnamon-tree flowers, raw",118.0,0.0,0.0
Honduras,2001,"Cinnamon and cinnamon-tree flowers, raw",120.0,7.0,0.0
Honduras,2002,"Cinnamon and cinnamon-tree flowers, raw",196.0,43.0,0.0
Honduras,2003,"Cinnamon and cinnamon-tree flowers, raw",219.0,32.0,0.0
Honduras,2004,"Cinnamon and cinnamon-tree flowers, raw",189.0,3.0,0.0
Honduras,2005,"Cinnamon and cinnamon-tree flowers, raw",153.0,4.0,0.0
Honduras,2006,"Cinnamon and cinnamon-tree flowers, raw",260.0,2.0,0.0
Honduras,2007,"Cinnamon and cinnamon-tree flowers, raw",150.0,2.0,0.0
Honduras,2008,"Cinnamon and cinnamon-tree flowers, raw",240.0,1.0,0.0
Honduras,2009,"Cinnamon and cinnamon-tree flowers, raw",174.0,1.0,0.0
Honduras,2010,"Cinnamon and cinnamon-tree flowers, raw",134.0,0.0,0.0
Honduras,2011,"Cinnamon and cinnamon-tree flowers, raw",123.0,0.0,0.0
Honduras,2012,"Cinnamon and cinnamon-tree flowers, raw",152.0,0.0,0.0
Honduras,2013,"Cinnamon and cinnamon-tree flowers, raw",141.0,0.0,0.0
Honduras,2015,"Cinnamon and cinnamon-tree flowers, raw",166.38,11.23,0.0
Honduras,2016,"Cinnamon and cinnamon-tree flowers, raw",198.22,8.36,0.0
Honduras,2017,"Cinnamon and cinnamon-tree flowers, raw",162.19,0.76,0.0
Honduras,2018,"Cinnamon and cinnamon-tree flowers, raw",164.49,1.05,0.0
Honduras,2019,"Cinnamon and cinnamon-tree flowers, raw",233.28,4.96,0.0
Honduras,2020,"Cinnamon and cinnamon-tree flowers, raw",198.48,2.01,0.0
Honduras,2021,"Cinnamon and cinnamon-tree flowers, raw",265.4,0.96,0.0
Honduras,2022,"Cinnamon and cinnamon-tree flowers, raw",187.66,7.32,0.0
Honduras,2023,"Cinnamon and cinnamon-tree flowers, raw",240.34,0.21,0.0
Hungary,1993,"Cinnamon and cinnamon-tree flowers, raw",164.0,45.0,0.0
Hungary,1994,"Cinnamon and cinnamon-tree flowers, raw",164.0,22.0,0.0
Hungary,1995,"Cinnamon and cinnamon-tree flowers, raw",181.0,2.0,0.0
Hungary,1996,"Cinnamon and cinnamon-tree flowers, raw",107.0,1.0,0.0
Hungary,1997,"Cinnamon and cinnamon-tree flowers, raw",210.0,3.0,0.0
Hungary,1998,"Cinnamon and cinnamon-tree flowers, raw",131.0,0.0,0.0
Hungary,1999,"Cinnamon and cinnamon-tree flowers, raw",182.0,4.0,0.0
Hungary,2000,"Cinnamon and cinnamon-tree flowers, raw",138.3,15.3,0.0
Hungary,2001,"Cinnamon and cinnamon-tree flowers, raw",179.0,10.0,0.0
Hungary,2002,"Cinnamon and cinnamon-tree flowers, raw",172.0,31.0,0.0
Hungary,2003,"Cinnamon and cinnamon-tree flowers, raw",181.0,21.0,0.0
Hungary,2004,"Cinnamon and cinnamon-tree flowers, raw",185.0,7.0,0.0
Hungary,2005,"Cinnamon and cinnamon-tree flowers, raw",174.0,9.0,0.0
Hungary,2006,"Cinnamon and cinnamon-tree flowers, raw",201.0,0.0,0.0
Hungary,2008,"Cinnamon and cinnamon-tree flowers, raw",176.0,12.0,0.0
Hungary,2009,"Cinnamon and cinnamon-tree flowers, raw",190.0,5.0,0.0
Hungary,2010,"Cinnamon and cinnamon-tree flowers, raw",190.0,10.0,0.0
Hungary,2011,"Cinnamon and cinnamon-tree flowers, raw",203.0,3.0,0.0
Hungary,2013,"Cinnamon and cinnamon-tree flowers, raw",248.0,9.0,0.0
Hungary,2014,"Cinnamon and cinnamon-tree flowers, raw",285.06,8.41,0.0
Hungary,2015,"Cinnamon and cinnamon-tree flowers, raw",223.53,6.67,0.0
Hungary,2016,"Cinnamon and cinnamon-tree flowers, raw",238.29,4.59,0.0
Hungary,2017,"Cinnamon and cinnamon-tree flowers, raw",277.15,20.83,0.0
Hungary,2018,"Cinnamon and cinnamon-tree flowers, raw",228.49,8.48,0.0
Hungary,2019,"Cinnamon and cinnamon-tree flowers, raw",224.83,4.51,0.0
Hungary,2020,"Cinnamon and cinnamon-tree flowers, raw",307.51,21.02,0.0
Hungary,2021,"Cinnamon and cinnamon-tree flowers, raw",246.11,35.6,0.0
Hungary,2022,"Cinnamon and cinnamon-tree flowers, raw",355.62,41.24,0.0
Hungary,2023,"Cinnamon and cinnamon-tree flowers, raw",334.59,44.06,0.0
Iceland,1993,"Cinnamon and cinnamon-tree flowers, raw",10.0,0.0,0.0
Iceland,1994,"Cinnamon and cinnamon-tree flowers, raw",10.0,0.0,0.0
Iceland,1995,"Cinnamon and cinnamon-tree flowers, raw",9.0,0.0,0.0
Iceland,1997,"Cinnamon and cinnamon-tree flowers, raw",11.0,0.0,0.0
Iceland,1998,"Cinnamon and cinnamon-tree flowers, raw",8.0,0.0,0.0
Iceland,1999,"Cinnamon and cinnamon-tree flowers, raw",10.0,0.0,0.0
Iceland,2000,"Cinnamon and cinnamon-tree flowers, raw",8.79,0.0,0.0
Iceland,2001,"Cinnamon and cinnamon-tree flowers, raw",11.0,0.0,0.0
Iceland,2002,"Cinnamon and cinnamon-tree flowers, raw",9.0,0.0,0.0
Iceland,2003,"Cinnamon and cinnamon-tree flowers, raw",10.0,0.0,0.0
Iceland,2005,"Cinnamon and cinnamon-tree flowers, raw",11.0,0.0,0.0
Iceland,2006,"Cinnamon and cinnamon-tree flowers, raw",11.0,0.0,0.0
Iceland,2007,"Cinnamon and cinnamon-tree flowers, raw",11.0,0.0,0.0
Iceland,2008,"Cinnamon and cinnamon-tree flowers, raw",10.0,0.0,0.0
Iceland,2009,"Cinnamon and cinnamon-tree flowers, raw",13.0,0.0,0.0
Iceland,2010,"Cinnamon and cinnamon-tree flowers, raw",14.0,0.0,0.0
Iceland,2013,"Cinnamon and cinnamon-tree flowers, raw",38.0,0.0,0.0
Iceland,2014,"Cinnamon and cinnamon-tree flowers, raw",18.08,0.0,0.0
Iceland,2015,"Cinnamon and cinnamon-tree flowers, raw",21.66,0.0,0.0
Iceland,2016,"Cinnamon and cinnamon-tree flowers, raw",17.54,0.0,0.0
Iceland,2017,"Cinnamon and cinnamon-tree flowers, raw",24.29,0.0,0.0
Iceland,2019,"Cinnamon and cinnamon-tree flowers, raw",22.28,0.0,0.0
Iceland,2020,"Cinnamon and cinnamon-tree flowers, raw",23.01,0.0,0.0
Iceland,2021,"Cinnamon and cinnamon-tree flowers, raw",21.0,0.0,0.0
Iceland,2022,"Cinnamon and cinnamon-tree flowers, raw",19.43,0.6,0.0
Iceland,2023,"Cinnamon and cinnamon-tree flowers, raw",23.27,1.54,0.0
India,1993,"Cinnamon and cinnamon-tree flowers, raw",5990.0,1448.0,0.0
India,1994,"Cinnamon and cinnamon-tree flowers, raw",662.0,618.0,0.0
India,1995,"Cinnamon and cinnamon-tree flowers, raw",1347.0,1550.0,0.0
India,1996,"Cinnamon and cinnamon-tree flowers, raw",2269.0,357.0,0.0
India,1997,"Cinnamon and cinnamon-tree flowers, raw",3048.0,132.0,0.0
India,1998,"Cinnamon and cinnamon-tree flowers, raw",6973.0,4.0,0.0
India,1999,"Cinnamon and cinnamon-tree flowers, raw",12728.03,46.85,0.0
India,2000,"Cinnamon and cinnamon-tree flowers, raw",4486.0,1062.0,0.0
India,2001,"Cinnamon and cinnamon-tree flowers, raw",10279.0,1204.0,0.0
India,2002,"Cinnamon and cinnamon-tree flowers, raw",13816.0,852.0,0.0
India,2003,"Cinnamon and cinnamon-tree flowers, raw",9901.0,2160.0,0.0
India,2004,"Cinnamon and cinnamon-tree flowers, raw",11076.0,674.0,0.0
India,2005,"Cinnamon and cinnamon-tree flowers, raw",10951.0,576.0,0.0
India,2006,"Cinnamon and cinnamon-tree flowers, raw",17414.0,1583.0,0.0
India,2007,"Cinnamon and cinnamon-tree flowers, raw",13801.0,795.0,0.0
India,2008,"Cinnamon and cinnamon-tree flowers, raw",14240.0,1094.0,0.0
India,2009,"Cinnamon and cinnamon-tree flowers, raw",22338.0,690.0,0.0
India,2010,"Cinnamon and cinnamon-tree flowers, raw",11658.0,492.0,0.0
India,2011,"Cinnamon and cinnamon-tree flowers, raw",24123.0,772.0,0.0
India,2012,"Cinnamon and cinnamon-tree flowers, raw",13662.0,905.0,0.0
India,2013,"Cinnamon and cinnamon-tree flowers, raw",22112.0,1004.0,0.0
India,2014,"Cinnamon and cinnamon-tree flowers, raw",29253.24,708.44,0.0
India,2015,"Cinnamon and cinnamon-tree flowers, raw",21049.52,830.25,0.0
India,2016,"Cinnamon and cinnamon-tree flowers, raw",25672.99,1172.19,0.0
India,2017,"Cinnamon and cinnamon-tree flowers, raw",27634.39,1280.27,0.0
India,2018,"Cinnamon and cinnamon-tree flowers, raw",32816.13,1553.69,0.0
India,2019,"Cinnamon and cinnamon-tree flowers, raw",31803.24,1682.1,0.0
India,2020,"Cinnamon and cinnamon-tree flowers, raw",37820.06,1869.32,0.0
India,2021,"Cinnamon and cinnamon-tree flowers, raw",34368.09,2029.8,0.0
India,2022,"Cinnamon and cinnamon-tree flowers, raw",37414.36,1788.4,0.0
Indonesia,1993,"Cinnamon and cinnamon-tree flowers, raw",2.0,21951.0,32365.0
Indonesia,1994,"Cinnamon and cinnamon-tree flowers, raw",64.0,19926.0,35436.0
Indonesia,1996,"Cinnamon and cinnamon-tree flowers, raw",43.0,17213.0,39445.0
Indonesia,1997,"Cinnamon and cinnamon-tree flowers, raw",40.0,24605.0,37200.0
Indonesia,1998,"Cinnamon and cinnamon-tree flowers, raw",49.0,27403.0,42000.0
Indonesia,1999,"Cinnamon and cinnamon-tree flowers, raw",41.0,31256.0,38300.0
Indonesia,2000,"Cinnamon and cinnamon-tree flowers, raw",76.88,27081.23,45237.0
Indonesia,2001,"Cinnamon and cinnamon-tree flowers, raw",452.0,29479.0,40635.0
Indonesia,2002,"Cinnamon and cinnamon-tree flowers, raw",410.0,34166.0,45373.0
Indonesia,2003,"Cinnamon and cinnamon-tree flowers, raw",30.0,29361.0,64830.0
Indonesia,2004,"Cinnamon and cinnamon-tree flowers, raw",210.0,40979.0,99465.0
Indonesia,2005,"Cinnamon and cinnamon-tree flowers, raw",251.0,37192.0,100775.0
Indonesia,2006,"Cinnamon and cinnamon-tree flowers, raw",178.0,40483.0,100471.0
Indonesia,2007,"Cinnamon and cinnamon-tree flowers, raw",336.0,50696.0,101880.0
Indonesia,2008,"Cinnamon and cinnamon-tree flowers, raw",258.0,42555.0,102039.0
Indonesia,2009,"Cinnamon and cinnamon-tree flowers, raw",623.0,38361.0,106270.0
Indonesia,2010,"Cinnamon and cinnamon-tree flowers, raw",963.0,46050.0,88100.0
Indonesia,2011,"Cinnamon and cinnamon-tree flowers, raw",626.0,45695.0,90300.0
Indonesia,2012,"Cinnamon and cinnamon-tree flowers, raw",438.0,40403.0,89600.0
Indonesia,2013,"Cinnamon and cinnamon-tree flowers, raw",1022.0,52507.0,92000.0
Indonesia,2014,"Cinnamon and cinnamon-tree flowers, raw",145.92,58313.98,91447.0
Indonesia,2015,"Cinnamon and cinnamon-tree flowers, raw",930.19,55026.81,81852.0
Indonesia,2016,"Cinnamon and cinnamon-tree flowers, raw",1165.27,48899.73,80335.0
Indonesia,2017,"Cinnamon and cinnamon-tree flowers, raw",719.52,58660.81,73192.0
Indonesia,2018,"Cinnamon and cinnamon-tree flowers, raw",1344.37,41380.07,76922.0
Indonesia,2019,"Cinnamon and cinnamon-tree flowers, raw",4494.05,38014.15,72773.1
Indonesia,2020,"Cinnamon and cinnamon-tree flowers, raw",4306.41,37027.42,48836.0
Indonesia,2021,"Cinnamon and cinnamon-tree flowers, raw",6296.53,32553.96,52260.0
Indonesia,2022,"Cinnamon and cinnamon-tree flowers, raw",2310.77,26167.27,54748.0
Indonesia,2023,"Cinnamon and cinnamon-tree flowers, raw",3363.93,23527.4,55213.0
Iran (Islamic Republic of),1993,"Cinnamon and cinnamon-tree flowers, raw",0.0,0.0,0.0
Iran (Islamic Republic of),1995,"Cinnamon and cinnamon-tree flowers, raw",0.0,0.0,0.0
Iran (Islamic Republic of),1996,"Cinnamon and cinnamon-tree flowers, raw",0.0,0.0,0.0
Iran (Islamic Republic of),1997,"Cinnamon and cinnamon-tree flowers, raw",76.0,0.0,0.0
Iran (Islamic Republic of),1998,"Cinnamon and cinnamon-tree flowers, raw",174.0,0.0,0.0
Iran (Islamic Republic of),1999,"Cinnamon and cinnamon-tree flowers, raw",476.0,0.0,0.0
Iran (Islamic Republic of),2000,"Cinnamon and cinnamon-tree flowers, raw",255.41,0.04,0.0
Iran (Islamic Republic of),2001,"Cinnamon and cinnamon-tree flowers, raw",1084.0,1.0,0.0
Iran (Islamic Republic of),2002,"Cinnamon and cinnamon-tree flowers, raw",1103.0,1.0,0.0
Iran (Islamic Republic of),2003,"Cinnamon and cinnamon-tree flowers, raw",1520.0,1.0,0.0
Iran (Islamic Republic of),2004,"Cinnamon and cinnamon-tree flowers, raw",1612.0,1.0,0.0
Iran (Islamic Republic of),2006,"Cinnamon and cinnamon-tree flowers, raw",2264.0,1.0,0.0
Iran (Islamic Republic of),2007,"Cinnamon and cinnamon-tree flowers, raw",2866.0,12.0,0.0
Iran (Islamic Republic of),2008,"Cinnamon and cinnamon-tree flowers, raw",1993.0,2.0,0.0
Iran (Islamic Republic of),2009,"Cinnamon and cinnamon-tree flowers, raw",637.0,7.0,0.0
Iran (Islamic Republic of),2011,"Cinnamon and cinnamon-tree flowers, raw",2768.0,2.0,0.0
Iran (Islamic Republic of),2012,"Cinnamon and cinnamon-tree flowers, raw",432.0,0.0,0.0
Iran (Islamic Republic of),2013,"Cinnamon and cinnamon-tree flowers, raw",450.0,3.0,0.0
Iran (Islamic Republic of),2014,"Cinnamon and cinnamon-tree flowers, raw",4287.58,21.47,0.0
Iran (Islamic Republic of),2015,"Cinnamon and cinnamon-tree flowers, raw",2666.23,8.39,0.0
Iran (Islamic Republic of),2016,"Cinnamon and cinnamon-tree flowers, raw",3785.6,12.2,0.0
Iran (Islamic Republic of),2017,"Cinnamon and cinnamon-tree flowers, raw",4739.07,10.15,0.0
Iran (Islamic Republic of),2018,"Cinnamon and cinnamon-tree flowers, raw",3624.34,17.81,0.0
Iran (Islamic Republic of),2019,"Cinnamon and cinnamon-tree flowers, raw",3509.15,79.21,0.0
Iran (Islamic Republic of),2020,"Cinnamon and cinnamon-tree flowers, raw",6020.25,5.89,0.0
Iran (Islamic Republic of),2021,"Cinnamon and cinnamon-tree flowers, raw",5798.39,18.42,0.0
Iran (Islamic Republic of),2022,"Cinnamon and cinnamon-tree flowers, raw",3941.22,63.03,0.0
Iran (Islamic Republic of),2023,"Cinnamon and cinnamon-tree flowers, raw",3767.22,25.72,0.0
Iraq,1993,"Cinnamon and cinnamon-tree flowers, raw",140.0,0.0,0.0
Iraq,1994,"Cinnamon and cinnamon-tree flowers, raw",140.0,0.0,0.0
Iraq,1995,"Cinnamon and cinnamon-tree flowers, raw",0.0,0.0,0.0
Iraq,1996,"Cinnamon and cinnamon-tree flowers, raw",0.0,0.0,0.0
Iraq,1997,"Cinnamon and cinnamon-tree flowers, raw",0.0,0.0,0.0
Iraq,1998,"Cinnamon and cinnamon-tree flowers, raw",0.0,0.0,0.0
Iraq,1999,"Cinnamon and cinnamon-tree flowers, raw",0.0,0.0,0.0
Iraq,2000,"Cinnamon and cinnamon-tree flowers, raw",0.0,0.0,0.0
Iraq,2001,"Cinnamon and cinnamon-tree flowers, raw",1.0,0.0,0.0
Iraq,2002,"Cinnamon and cinnamon-tree flowers, raw",1.0,0.0,0.0
Iraq,2003,"Cinnamon and cinnamon-tree flowers, raw",1.0,0.0,0.0
Iraq,2004,"Cinnamon and cinnamon-tree flowers, raw",0.0,0.0,0.0
Iraq,2005,"Cinnamon and cinnamon-tree flowers, raw",325.0,0.0,0.0
Iraq,2006,"Cinnamon and cinnamon-tree flowers, raw",0.0,0.0,0.0
Iraq,2007,"Cinnamon and cinnamon-tree flowers, raw",360.0,0.0,0.0
Iraq,2008,"Cinnamon and cinnamon-tree flowers, raw",153.0,0.0,0.0
Iraq,2009,"Cinnamon and cinnamon-tree flowers, raw",27.0,0.0,0.0
Iraq,2010,"Cinnamon and cinnamon-tree flowers, raw",14.0,0.0,0.0
Iraq,2011,"Cinnamon and cinnamon-tree flowers, raw",42.0,0.0,0.0
Iraq,2012,"Cinnamon and cinnamon-tree flowers, raw",64.0,0.0,0.0
Iraq,2013,"Cinnamon and cinnamon-tree flowers, raw",64.0,0.0,0.0
Iraq,2014,"Cinnamon and cinnamon-tree flowers, raw",10.0,0.0,0.0
Iraq,2015,"Cinnamon and cinnamon-tree flowers, raw",1796.23,0.0,0.0
Iraq,2016,"Cinnamon and cinnamon-tree flowers, raw",4409.0,0.0,0.0
Iraq,2018,"Cinnamon and cinnamon-tree flowers, raw",1529.4,0.0,0.0
Iraq,2019,"Cinnamon and cinnamon-tree flowers, raw",1711.07,0.05,0.0
Iraq,2020,"Cinnamon and cinnamon-tree flowers, raw",3317.5,0.0,0.0
Iraq,2021,"Cinnamon and cinnamon-tree flowers, raw",1370.72,0.29,0.0
Iraq,2022,"Cinnamon and cinnamon-tree flowers, raw",1687.92,0.26,0.0
Iraq,2023,"Cinnamon and cinnamon-tree flowers, raw",1967.39,0.04,0.0
Ireland,1993,"Cinnamon and cinnamon-tree flowers, raw",6.0,0.0,0.0
Ireland,1996,"Cinnamon and cinnamon-tree flowers, raw",2.0,0.0,0.0
Ireland,1997,"Cinnamon and cinnamon-tree flowers, raw",5.0,0.0,0.0
Ireland,1999,"Cinnamon and cinnamon-tree flowers, raw",8.0,0.0,0.0
Ireland,2000,"Cinnamon and cinnamon-tree flowers, raw",11.0,0.0,0.0
Ireland,2001,"Cinnamon and cinnamon-tree flowers, raw",6.0,0.0,0.0
Ireland,2002,"Cinnamon and cinnamon-tree flowers, raw",26.0,0.0,0.0
Ireland,2003,"Cinnamon and cinnamon-tree flowers, raw",23.0,0.0,0.0
Ireland,2004,"Cinnamon and cinnamon-tree flowers, raw",23.0,0.0,0.0
Ireland,2005,"Cinnamon and cinnamon-tree flowers, raw",13.0,0.0,0.0
Ireland,2006,"Cinnamon and cinnamon-tree flowers, raw",17.0,0.0,0.0
Ireland,2007,"Cinnamon and cinnamon-tree flowers, raw",24.0,0.0,0.0
Ireland,2008,"Cinnamon and cinnamon-tree flowers, raw",35.0,0.0,0.0
Ireland,2009,"Cinnamon and cinnamon-tree flowers, raw",22.0,0.0,0.0
Ireland,2010,"Cinnamon and cinnamon-tree flowers, raw",33.0,0.0,0.0
Ireland,2011,"Cinnamon and cinnamon-tree flowers, raw",23.0,0.0,0.0
Ireland,2012,"Cinnamon and cinnamon-tree flowers, raw",44.0,0.0,0.0
Ireland,2013,"Cinnamon and cinnamon-tree flowers, raw",30.0,0.0,0.0
Ireland,2014,"Cinnamon and cinnamon-tree flowers, raw",40.89,0.3,0.0
Ireland,2015,"Cinnamon and cinnamon-tree flowers, raw",43.9,0.5,0.0
Ireland,2016,"Cinnamon and cinnamon-tree flowers, raw",47.0,0.58,0.0
Ireland,2017,"Cinnamon and cinnamon-tree flowers, raw",45.52,1.33,0.0
Ireland,2018,"Cinnamon and cinnamon-tree flowers, raw",71.31,1.74,0.0
Ireland,2019,"Cinnamon and cinnamon-tree flowers, raw",75.3,3.05,0.0
Ireland,2020,"Cinnamon and cinnamon-tree flowers, raw",83.07,0.73,0.0
Ireland,2021,"Cinnamon and cinnamon-tree flowers, raw",98.02,2.04,0.0
Ireland,2022,"Cinnamon and cinnamon-tree flowers, raw",93.32,3.6,0.0
Israel,1993,"Cinnamon and cinnamon-tree flowers, raw",180.0,30.0,0.0
Israel,1994,"Cinnamon and cinnamon-tree flowers, raw",200.0,10.0,0.0
Israel,1995,"Cinnamon and cinnamon-tree flowers, raw",155.0,0.0,0.0
Israel,1996,"Cinnamon and cinnamon-tree flowers, raw",185.0,0.0,0.0
Israel,1997,"Cinnamon and cinnamon-tree flowers, raw",200.0,0.0,0.0
Israel,1998,"Cinnamon and cinnamon-tree flowers, raw",160.0,0.0,0.0
Israel,1999,"Cinnamon and cinnamon-tree flowers, raw",160.0,0.0,0.0
Israel,2000,"Cinnamon and cinnamon-tree flowers, raw",126.34,0.0,0.0
Israel,2001,"Cinnamon and cinnamon-tree flowers, raw",228.0,0.0,0.0
Israel,2002,"Cinnamon and cinnamon-tree flowers, raw",170.0,0.0,0.0
Israel,2003,"Cinnamon and cinnamon-tree flowers, raw",83.0,0.0,0.0
Israel,2004,"Cinnamon and cinnamon-tree flowers, raw",400.0,0.0,0.0
Israel,2005,"Cinnamon and cinnamon-tree flowers, raw",328.0,37.0,0.0
Israel,2006,"Cinnamon and cinnamon-tree flowers, raw",450.0,39.0,0.0
Israel,2007,"Cinnamon and cinnamon-tree flowers, raw",246.0,38.0,0.0
Israel,2008,"Cinnamon and cinnamon-tree flowers, raw",461.0,41.0,0.0
Israel,2009,"Cinnamon and cinnamon-tree flowers, raw",273.0,25.0,0.0
Israel,2010,"Cinnamon and cinnamon-tree flowers, raw",351.0,12.0,0.0
Israel,2011,"Cinnamon and cinnamon-tree flowers, raw",485.0,57.0,0.0
Israel,2012,"Cinnamon and cinnamon-tree flowers, raw",335.0,71.0,0.0
Israel,2013,"Cinnamon and cinnamon-tree flowers, raw",367.0,57.0,0.0
Israel,2014,"Cinnamon and cinnamon-tree flowers, raw",491.35,79.99,0.0
Israel,2015,"Cinnamon and cinnamon-tree flowers, raw",389.12,61.21,0.0
Israel,2016,"Cinnamon and cinnamon-tree flowers, raw",432.05,87.22,0.0
Israel,2017,"Cinnamon and cinnamon-tree flowers, raw",300.81,36.61,0.0
Israel,2018,"Cinnamon and cinnamon-tree flowers, raw",387.06,46.29,0.0
Israel,2019,"Cinnamon and cinnamon-tree flowers, raw",464.23,77.16,0.0
Israel,2020,"Cinnamon and cinnamon-tree flowers, raw",567.19,126.04,0.0
Israel,2021,"Cinnamon and cinnamon-tree flowers, raw",500.35,78.03,0.0
Israel,2022,"Cinnamon and cinnamon-tree flowers, raw",541.6,132.36,0.0
Israel,2023,"Cinnamon and cinnamon-tree flowers, raw",420.68,47.84,0.0
Italy,1993,"Cinnamon and cinnamon-tree flowers, raw",311.0,7.0,0.0
Italy,1994,"Cinnamon and cinnamon-tree flowers, raw",339.0,6.0,0.0
Italy,1995,"Cinnamon and cinnamon-tree flowers, raw",309.0,6.0,0.0
Italy,1996,"Cinnamon and cinnamon-tree flowers, raw",287.0,4.0,0.0
Italy,1997,"Cinnamon and cinnamon-tree flowers, raw",277.0,12.0,0.0
Italy,1998,"Cinnamon and cinnamon-tree flowers, raw",307.0,8.0,0.0
Italy,1999,"Cinnamon and cinnamon-tree flowers, raw",317.0,23.0,0.0
Italy,2000,"Cinnamon and cinnamon-tree flowers, raw",253.0,32.0,0.0
Italy,2001,"Cinnamon and cinnamon-tree flowers, raw",282.0,48.0,0.0
Italy,2002,"Cinnamon and cinnamon-tree flowers, raw",278.0,36.0,0.0
Italy,2003,"Cinnamon and cinnamon-tree flowers, raw",322.0,25.0,0.0
Italy,2004,"Cinnamon and cinnamon-tree flowers, raw",337.0,56.0,0.0
Italy,2005,"Cinnamon and cinnamon-tree flowers, raw",319.0,45.0,0.0
Italy,2007,"Cinnamon and cinnamon-tree flowers, raw",311.0,28.0,0.0
Italy,2008,"Cinnamon and cinnamon-tree flowers, raw",319.0,29.0,0.0
Italy,2009,"Cinnamon and cinnamon-tree flowers, raw",299.0,41.0,0.0
Italy,2010,"Cinnamon and cinnamon-tree flowers, raw",311.0,32.0,0.0
Italy,2011,"Cinnamon and cinnamon-tree flowers, raw",369.0,41.0,0.0
Italy,2012,"Cinnamon and cinnamon-tree flowers, raw",298.0,37.0,0.0
Italy,2013,"Cinnamon and cinnamon-tree flowers, raw",353.0,45.0,0.0
Italy,2014,"Cinnamon and cinnamon-tree flowers, raw",403.22,52.58,0.0
Italy,2015,"Cinnamon and cinnamon-tree flowers, raw",447.01,59.38,0.0
Italy,2016,"Cinnamon and cinnamon-tree flowers, raw",415.74,87.92,0.0
Italy,2018,"Cinnamon and cinnamon-tree flowers, raw",513.3,92.33,0.0
Italy,2019,"Cinnamon and cinnamon-tree flowers, raw",466.76,85.42,0.0
Italy,2020,"Cinnamon and cinnamon-tree flowers, raw",472.22,101.56,0.0
Italy,2021,"Cinnamon and cinnamon-tree flowers, raw",630.0,179.9,0.0
Italy,2022,"Cinnamon and cinnamon-tree flowers, raw",704.11,193.73,0.0
Italy,2023,"Cinnamon and cinnamon-tree flowers, raw",724.63,200.35,0.0
Jamaica,1993,"Cinnamon and cinnamon-tree flowers, raw",12.0,0.0,0.0
Jamaica,1995,"Cinnamon and cinnamon-tree flowers, raw",15.0,0.0,0.0
Jamaica,1996,"Cinnamon and cinnamon-tree flowers, raw",12.0,0.0,0.0
Jamaica,1997,"Cinnamon and cinnamon-tree flowers, raw",12.0,12.0,0.0
Jamaica,1999,"Cinnamon and cinnamon-tree flowers, raw",14.0,1.0,0.0
Jamaica,2000,"Cinnamon and cinnamon-tree flowers, raw",19.0,8.0,0.0
Jamaica,2001,"Cinnamon and cinnamon-tree flowers, raw",21.0,0.0,0.0
Jamaica,2003,"Cinnamon and cinnamon-tree flowers, raw",0.0,6.0,0.0
Jamaica,2004,"Cinnamon and cinnamon-tree flowers, raw",34.0,0.0,0.0
Jamaica,2005,"Cinnamon and cinnamon-tree flowers, raw",20.0,0.0,0.0
Jamaica,2006,"Cinnamon and cinnamon-tree flowers, raw",0.0,0.0,0.0
Jamaica,2007,"Cinnamon and cinnamon-tree flowers, raw",15.0,0.0,0.0
Jamaica,2008,"Cinnamon and cinnamon-tree flowers, raw",18.0,0.0,0.0
Jamaica,2010,"Cinnamon and cinnamon-tree flowers, raw",38.0,1.0,0.0
Jamaica,2011,"Cinnamon and cinnamon-tree flowers, raw",38.0,1.0,0.0
Jamaica,2012,"Cinnamon and cinnamon-tree flowers, raw",38.0,0.0,0.0
Jamaica,2013,"Cinnamon and cinnamon-tree flowers, raw",34.0,1.0,0.0
Jamaica,2014,"Cinnamon and cinnamon-tree flowers, raw",57.31,0.2,0.0
Jamaica,2015,"Cinnamon and cinnamon-tree flowers, raw",51.89,0.15,0.0
Jamaica,2016,"Cinnamon and cinnamon-tree flowers, raw",64.17,0.04,0.0
Jamaica,2017,"Cinnamon and cinnamon-tree flowers, raw",95.95,0.07,0.0
Jamaica,2018,"Cinnamon and cinnamon-tree flowers, raw",90.82,0.3,0.0
Jamaica,2020,"Cinnamon and cinnamon-tree flowers, raw",72.65,0.18,0.0
Jamaica,2021,"Cinnamon and cinnamon-tree flowers, raw",97.24,0.05,0.0
Jamaica,2022,"Cinnamon and cinnamon-tree flowers, raw",65.06,0.0,0.0
Jamaica,2023,"Cinnamon and cinnamon-tree flowers, raw",71.55,0.02,0.0
Japan,1993,"Cinnamon and cinnamon-tree flowers, raw",2220.0,0.0,0.0
Japan,1994,"Cinnamon and cinnamon-tree flowers, raw",2232.0,0.0,0.0
Japan,1995,"Cinnamon and cinnamon-tree flowers, raw",2356.0,0.0,0.0
Japan,1997,"Cinnamon and cinnamon-tree flowers, raw",1809.0,0.0,0.0
Japan,1998,"Cinnamon and cinnamon-tree flowers, raw",1798.0,0.0,0.0
Japan,1999,"Cinnamon and cinnamon-tree flowers, raw",1480.0,1.0,0.0
Japan,2000,"Cinnamon and cinnamon-tree flowers, raw",2052.31,1.2,0.0
Japan,2002,"Cinnamon and cinnamon-tree flowers, raw",1923.0,0.0,0.0
Japan,2003,"Cinnamon and cinnamon-tree flowers, raw",1869.0,0.0,0.0
Japan,2004,"Cinnamon and cinnamon-tree flowers, raw",1893.0,0.0,0.0
Japan,2005,"Cinnamon and cinnamon-tree flowers, raw",1933.0,1.0,0.0
Japan,2006,"Cinnamon and cinnamon-tree flowers, raw",1904.0,1.0,0.0
Japan,2007,"Cinnamon and cinnamon-tree flowers, raw",1855.0,1.0,0.0
Japan,2008,"Cinnamon and cinnamon-tree flowers, raw",1898.0,1.0,0.0
Japan,2009,"Cinnamon and cinnamon-tree flowers, raw",1948.0,0.0,0.0
Japan,2011,"Cinnamon and cinnamon-tree flowers, raw",1937.0,0.0,0.0
Japan,2013,"Cinnamon and cinnamon-tree flowers, raw",2020.0,0.0,0.0
Japan,2014,"Cinnamon and cinnamon-tree flowers, raw",2053.05,0.0,0.0
Japan,2015,"Cinnamon and cinnamon-tree flowers, raw",1915.46,0.0,0.0
Japan,2016,"Cinnamon and cinnamon-tree flowers, raw",2001.58,0.0,0.0
Japan,2017,"Cinnamon and cinnamon-tree flowers, raw",2239.44,0.0,0.0
Japan,2018,"Cinnamon and cinnamon-tree flowers, raw",2103.43,0.0,0.0
Japan,2019,"Cinnamon and cinnamon-tree flowers, raw",2249.62,0.0,0.0
Japan,2021,"Cinnamon and cinnamon-tree flowers, raw",1950.56,0.0,0.0
Japan,2022,"Cinnamon and cinnamon-tree flowers, raw",2219.34,0.0,0.0
Japan,2023,"Cinnamon and cinnamon-tree flowers, raw",2128.28,0.0,0.0
Jordan,1993,"Cinnamon and cinnamon-tree flowers, raw",76.0,14.0,0.0
Jordan,1994,"Cinnamon and cinnamon-tree flowers, raw",121.0,0.0,0.0
Jordan,1995,"Cinnamon and cinnamon-tree flowers, raw",306.0,14.0,0.0
Jordan,1996,"Cinnamon and cinnamon-tree flowers, raw",217.0,41.0,0.0
Jordan,1997,"Cinnamon and cinnamon-tree flowers, raw",265.0,33.0,0.0
Jordan,1998,"Cinnamon and cinnamon-tree flowers, raw",253.0,1.0,0.0
Jordan,1999,"Cinnamon and cinnamon-tree flowers, raw",306.0,40.0,0.0
Jordan,2000,"Cinnamon and cinnamon-tree flowers, raw",419.68,26.62,0.0
Jordan,2001,"Cinnamon and cinnamon-tree flowers, raw",247.0,73.0,0.0
Jordan,2002,"Cinnamon and cinnamon-tree flowers, raw",548.0,5.0,0.0
Jordan,2003,"Cinnamon and cinnamon-tree flowers, raw",352.0,49.0,0.0
Jordan,2004,"Cinnamon and cinnamon-tree flowers, raw",461.0,70.0,0.0
Jordan,2005,"Cinnamon and cinnamon-tree flowers, raw",452.0,2.0,0.0
Jordan,2006,"Cinnamon and cinnamon-tree flowers, raw",372.0,79.0,0.0
Jordan,2008,"Cinnamon and cinnamon-tree flowers, raw",534.0,59.0,0.0
Jordan,2009,"Cinnamon and cinnamon-tree flowers, raw",511.0,21.0,0.0
Jordan,2010,"Cinnamon and cinnamon-tree flowers, raw",438.0,132.0,0.0
Jordan,2011,"Cinnamon and cinnamon-tree flowers, raw",616.0,116.0,0.0
Jordan,2012,"Cinnamon and cinnamon-tree flowers, raw",614.0,284.0,0.0
Jordan,2013,"Cinnamon and cinnamon-tree flowers, raw",771.0,281.0,0.0
Jordan,2014,"Cinnamon and cinnamon-tree flowers, raw",714.42,174.3,0.0
Jordan,2015,"Cinnamon and cinnamon-tree flowers, raw",955.98,392.54,0.0
Jordan,2016,"Cinnamon and cinnamon-tree flowers, raw",896.05,380.49,0.0
Jordan,2017,"Cinnamon and cinnamon-tree flowers, raw",1026.3,241.17,0.0
Jordan,2018,"Cinnamon and cinnamon-tree flowers, raw",1102.05,236.1,0.0
Jordan,2019,"Cinnamon and cinnamon-tree flowers, raw",934.1,264.44,0.0
Jordan,2020,"Cinnamon and cinnamon-tree flowers, raw",1203.11,303.34,0.0
Jordan,2021,"Cinnamon and cinnamon-tree flowers, raw",877.1,170.21,0.0
Jordan,2022,"Cinnamon and cinnamon-tree flowers, raw",697.41,206.53,0.0
Jordan,2023,"Cinnamon and cinnamon-tree flowers, raw",1005.53,282.08,0.0
Kazakhstan,1996,"Cinnamon and cinnamon-tree flowers, raw",1.0,0.0,0.0
Kazakhstan,1997,"Cinnamon and cinnamon-tree flowers, raw",2.0,0.0,0.0
Kazakhstan,1998,"Cinnamon and cinnamon-tree flowers, raw",0.0,0.0,0.0
Kazakhstan,1999,"Cinnamon and cinnamon-tree flowers, raw",11.0,0.0,0.0
Kazakhstan,2000,"Cinnamon and cinnamon-tree flowers, raw",1.0,0.0,0.0
Kazakhstan,2001,"Cinnamon and cinnamon-tree flowers, raw",7.0,0.0,0.0
Kazakhstan,2002,"Cinnamon and cinnamon-tree flowers, raw",7.0,0.0,0.0
Kazakhstan,2003,"Cinnamon and cinnamon-tree flowers, raw",5.0,0.0,0.0
Kazakhstan,2004,"Cinnamon and cinnamon-tree flowers, raw",15.0,0.0,0.0
Kazakhstan,2005,"Cinnamon and cinnamon-tree flowers, raw",8.0,0.0,0.0
Kazakhstan,2006,"Cinnamon and cinnamon-tree flowers, raw",14.0,0.0,0.0
Kazakhstan,2007,"Cinnamon and cinnamon-tree flowers, raw",11.0,0.0,0.0
Kazakhstan,2008,"Cinnamon and cinnamon-tree flowers, raw",17.0,0.0,0.0
Kazakhstan,2009,"Cinnamon and cinnamon-tree flowers, raw",29.0,0.0,0.0
Kazakhstan,2010,"Cinnamon and cinnamon-tree flowers, raw",18.0,0.0,0.0
Kazakhstan,2011,"Cinnamon and cinnamon-tree flowers, raw",21.0,0.0,0.0
Kazakhstan,2012,"Cinnamon and cinnamon-tree flowers, raw",21.0,0.0,0.0
Kazakhstan,2013,"Cinnamon and cinnamon-tree flowers, raw",44.0,0.0,0.0
Kazakhstan,2014,"Cinnamon and cinnamon-tree flowers, raw",27.43,0.0,0.0
Kazakhstan,2015,"Cinnamon and cinnamon-tree flowers, raw",38.92,0.0,0.0
Kazakhstan,2016,"Cinnamon and cinnamon-tree flowers, raw",38.59,0.0,0.0
Kazakhstan,2017,"Cinnamon and cinnamon-tree flowers, raw",77.03,0.02,0.0
Kazakhstan,2018,"Cinnamon and cinnamon-tree flowers, raw",75.33,0.0,0.0
Kazakhstan,2019,"Cinnamon and cinnamon-tree flowers, raw",51.56,0.09,0.0
Kazakhstan,2020,"Cinnamon and cinnamon-tree flowers, raw",114.75,0.05,0.0
Kazakhstan,2021,"Cinnamon and cinnamon-tree flowers, raw",314.29,0.08,0.0
Kazakhstan,2022,"Cinnamon and cinnamon-tree flowers, raw",227.73,0.13,0.0
Kenya,1993,"Cinnamon and cinnamon-tree flowers, raw",7.0,9.0,0.0
Kenya,1994,"Cinnamon and cinnamon-tree flowers, raw",4.0,13.0,0.0
Kenya,1995,"Cinnamon and cinnamon-tree flowers, raw",4.0,0.0,0.0
Kenya,1996,"Cinnamon and cinnamon-tree flowers, raw",0.0,0.0,0.0
Kenya,1997,"Cinnamon and cinnamon-tree flowers, raw",9.0,0.0,0.0
Kenya,1998,"Cinnamon and cinnamon-tree flowers, raw",35.0,0.0,0.0
Kenya,1999,"Cinnamon and cinnamon-tree flowers, raw",30.0,0.0,0.0
Kenya,2000,"Cinnamon and cinnamon-tree flowers, raw",221.0,0.0,0.0
Kenya,2001,"Cinnamon and cinnamon-tree flowers, raw",156.0,0.0,0.0
Kenya,2002,"Cinnamon and cinnamon-tree flowers, raw",90.0,0.0,0.0
Kenya,2004,"Cinnamon and cinnamon-tree flowers, raw",200.0,0.0,0.0
Kenya,2005,"Cinnamon and cinnamon-tree flowers, raw",81.0,5.0,0.0
Kenya,2006,"Cinnamon and cinnamon-tree flowers, raw",63.0,1.0,0.0
Kenya,2007,"Cinnamon and cinnamon-tree flowers, raw",192.0,0.0,0.0
Kenya,2008,"Cinnamon and cinnamon-tree flowers, raw",137.0,3.0,0.0
Kenya,2009,"Cinnamon and cinnamon-tree flowers, raw",177.0,6.0,0.0
Kenya,2010,"Cinnamon and cinnamon-tree flowers, raw",161.0,0.0,0.0
Kenya,2012,"Cinnamon and cinnamon-tree flowers, raw",139.0,11.0,0.0
Kenya,2013,"Cinnamon and cinnamon-tree flowers, raw",148.0,0.0,0.0
Kenya,2014,"Cinnamon and cinnamon-tree flowers, raw",122.88,0.0,0.0
Kenya,2015,"Cinnamon and cinnamon-tree flowers, raw",666.96,0.0,0.0
Kenya,2016,"Cinnamon and cinnamon-tree flowers, raw",546.89,2.34,0.0
Kenya,2017,"Cinnamon and cinnamon-tree flowers, raw",378.47,4.97,0.0
Kenya,2018,"Cinnamon and cinnamon-tree flowers, raw",355.58,13.99,0.0
Kenya,2019,"Cinnamon and cinnamon-tree flowers, raw",449.81,15.0,0.0
Kenya,2020,"Cinnamon and cinnamon-tree flowers, raw",419.91,9.89,0.0
Kenya,2021,"Cinnamon and cinnamon-tree flowers, raw",407.8,14.18,0.0
Kenya,2022,"Cinnamon and cinnamon-tree flowers, raw",553.56,22.0,0.0
Kenya,2023,"Cinnamon and cinnamon-tree flowers, raw",669.43,24.09,0.0
Kiribati,2014,"Cinnamon and cinnamon-tree flowers, raw",0.01,0.0,0.0
Kiribati,2015,"Cinnamon and cinnamon-tree flowers, raw",0.11,0.0,0.0
Kiribati,2016,"Cinnamon and cinnamon-tree flowers, raw",0.06,0.0,0.0
Kiribati,2017,"Cinnamon and cinnamon-tree flowers, raw",0.03,0.0,0.0
Kiribati,2018,"Cinnamon and cinnamon-tree flowers, raw",0.01,0.0,0.0
Kiribati,2019,"Cinnamon and cinnamon-tree flowers, raw",0.01,0.0,0.0
Kiribati,2020,"Cinnamon and cinnamon-tree flowers, raw",0.0,0.0,0.0
Kiribati,2022,"Cinnamon and cinnamon-tree flowers, raw",0.01,0.0,0.0
Kiribati,2023,"Cinnamon and cinnamon-tree flowers, raw",0.04,0.0,0.0
Kuwait,1993,"Cinnamon and cinnamon-tree flowers, raw",145.0,1.0,0.0
Kuwait,1994,"Cinnamon and cinnamon-tree flowers, raw",193.0,14.0,0.0
Kuwait,1995,"Cinnamon and cinnamon-tree flowers, raw",308.0,28.0,0.0
Kuwait,1996,"Cinnamon and cinnamon-tree flowers, raw",326.0,34.0,0.0
Kuwait,1997,"Cinnamon and cinnamon-tree flowers, raw",261.0,18.0,0.0
Kuwait,1998,"Cinnamon and cinnamon-tree flowers, raw",245.0,16.0,0.0
Kuwait,1999,"Cinnamon and cinnamon-tree flowers, raw",247.0,3.0,0.0
Kuwait,2000,"Cinnamon and cinnamon-tree flowers, raw",272.0,2.0,0.0
Kuwait,2001,"Cinnamon and cinnamon-tree flowers, raw",325.0,0.0,0.0
Kuwait,2002,"Cinnamon and cinnamon-tree flowers, raw",220.0,0.0,0.0
Kuwait,2003,"Cinnamon and cinnamon-tree flowers, raw",317.0,0.0,0.0
Kuwait,2004,"Cinnamon and cinnamon-tree flowers, raw",328.0,0.0,0.0
Kuwait,2005,"Cinnamon and cinnamon-tree flowers, raw",278.0,0.0,0.0
Kuwait,2007,"Cinnamon and cinnamon-tree flowers, raw",379.0,0.0,0.0
Kuwait,2008,"Cinnamon and cinnamon-tree flowers, raw",316.0,0.0,0.0
Kuwait,2009,"Cinnamon and cinnamon-tree flowers, raw",348.0,30.0,0.0
Kuwait,2010,"Cinnamon and cinnamon-tree flowers, raw",366.0,15.0,0.0
Kuwait,2011,"Cinnamon and cinnamon-tree flowers, raw",401.0,15.0,0.0
Kuwait,2012,"Cinnamon and cinnamon-tree flowers, raw",424.0,0.0,0.0
Kuwait,2013,"Cinnamon and cinnamon-tree flowers, raw",720.0,28.0,0.0
Kuwait,2014,"Cinnamon and cinnamon-tree flowers, raw",566.24,33.12,0.0
Kuwait,2015,"Cinnamon and cinnamon-tree flowers, raw",673.49,7.31,0.0
Kuwait,2016,"Cinnamon and cinnamon-tree flowers, raw",645.58,1.38,0.0
Kuwait,2017,"Cinnamon and cinnamon-tree flowers, raw",763.34,2.31,0.0
Kuwait,2018,"Cinnamon and cinnamon-tree flowers, raw",794.32,14.26,0.0
Kuwait,2019,"Cinnamon and cinnamon-tree flowers, raw",795.88,0.26,0.0
Kuwait,2020,"Cinnamon and cinnamon-tree flowers, raw",820.94,14.9,0.0
Kuwait,2022,"Cinnamon and cinnamon-tree flowers, raw",782.52,63.04,0.0
Kuwait,2023,"Cinnamon and cinnamon-tree flowers, raw",911.59,68.24,0.0
Kyrgyzstan,2001,"Cinnamon and cinnamon-tree flowers, raw",0.0,34.0,0.0
Kyrgyzstan,2002,"Cinnamon and cinnamon-tree flowers, raw",0.0,0.0,0.0
Kyrgyzstan,2004,"Cinnamon and cinnamon-tree flowers, raw",0.0,0.0,0.0
Kyrgyzstan,2005,"Cinnamon and cinnamon-tree flowers, raw",0.0,0.0,0.0
Kyrgyzstan,2006,"Cinnamon and cinnamon-tree flowers, raw",0.0,0.0,0.0
Kyrgyzstan,2007,"Cinnamon and cinnamon-tree flowers, raw",0.0,0.0,0.0
Kyrgyzstan,2008,"Cinnamon and cinnamon-tree flowers, raw",0.0,0.0,0.0
Kyrgyzstan,2009,"Cinnamon and cinnamon-tree flowers, raw",0.0,0.0,0.0
Kyrgyzstan,2010,"Cinnamon and cinnamon-tree flowers, raw",0.0,0.0,0.0
Kyrgyzstan,2011,"Cinnamon and cinnamon-tree flowers, raw",0.0,0.0,0.0
Kyrgyzstan,2012,"Cinnamon and cinnamon-tree flowers, raw",0.0,0.0,0.0
Kyrgyzstan,2013,"Cinnamon and cinnamon-tree flowers, raw",0.0,0.0,0.0
Kyrgyzstan,2014,"Cinnamon and cinnamon-tree flowers, raw",0.72,0.0,0.0
Kyrgyzstan,2015,"Cinnamon and cinnamon-tree flowers, raw",1.53,0.0,0.0
Kyrgyzstan,2016,"Cinnamon and cinnamon-tree flowers, raw",1.69,0.0,0.0
Kyrgyzstan,2017,"Cinnamon and cinnamon-tree flowers, raw",198.89,0.0,0.0
Kyrgyzstan,2018,"Cinnamon and cinnamon-tree flowers, raw",7.89,0.0,0.0
Kyrgyzstan,2019,"Cinnamon and cinnamon-tree flowers, raw",20.38,0.0,0.0
Kyrgyzstan,2020,"Cinnamon and cinnamon-tree flowers, raw",192.75,0.0,0.0
Kyrgyzstan,2021,"Cinnamon and cinnamon-tree flowers, raw",7.12,0.0,0.0
Kyrgyzstan,2023,"Cinnamon and cinnamon-tree flowers, raw",6.6,0.0,0.0
Lao People's Democratic Republic,2014,"Cinnamon and cinnamon-tree flowers, raw",0.09,3.0,0.0
Lao People's Democratic Republic,2015,"Cinnamon and cinnamon-tree flowers, raw",0.15,0.0,0.0
Lao People's Democratic Republic,2020,"Cinnamon and cinnamon-tree flowers, raw",0.67,26.3,0.0
Lao People's Democratic Republic,2021,"Cinnamon and cinnamon-tree flowers, raw",0.23,27.0,0.0
Lao People's Democratic Republic,2022,"Cinnamon and cinnamon-tree flowers, raw",0.02,24.1,0.0
Latvia,1993,"Cinnamon and cinnamon-tree flowers, raw",19.0,7.0,0.0
Latvia,1994,"Cinnamon and cinnamon-tree flowers, raw",7.0,4.0,0.0
Latvia,1995,"Cinnamon and cinnamon-tree flowers, raw",13.0,2.0,0.0
Latvia,1996,"Cinnamon and cinnamon-tree flowers, raw",17.0,3.0,0.0
Latvia,1997,"Cinnamon and cinnamon-tree flowers, raw",27.0,5.0,0.0
Latvia,1998,"Cinnamon and cinnamon-tree flowers, raw",27.0,6.0,0.0
Latvia,1999,"Cinnamon and cinnamon-tree flowers, raw",30.0,6.0,0.0
Latvia,2000,"Cinnamon and cinnamon-tree flowers, raw",28.0,7.0,0.0
Latvia,2001,"Cinnamon and cinnamon-tree flowers, raw",31.0,10.0,0.0
Latvia,2002,"Cinnamon and cinnamon-tree flowers, raw",31.0,9.0,0.0
Latvia,2004,"Cinnamon and cinnamon-tree flowers, raw",32.0,7.0,0.0
Latvia,2005,"Cinnamon and cinnamon-tree flowers, raw",31.0,5.0,0.0
Latvia,2006,"Cinnamon and cinnamon-tree flowers, raw",26.0,3.0,0.0
Latvia,2008,"Cinnamon and cinnamon-tree flowers, raw",28.0,4.0,0.0
Latvia,2009,"Cinnamon and cinnamon-tree flowers, raw",25.0,4.0,0.0
Latvia,2010,"Cinnamon and cinnamon-tree flowers, raw",24.0,6.0,0.0
Latvia,2011,"Cinnamon and cinnamon-tree flowers, raw",44.0,14.0,0.0
Latvia,2012,"Cinnamon and cinnamon-tree flowers, raw",66.0,15.0,0.0
Latvia,2013,"Cinnamon and cinnamon-tree flowers, raw",38.0,12.0,0.0
Latvia,2014,"Cinnamon and cinnamon-tree flowers, raw",120.49,57.33,0.0
Latvia,2015,"Cinnamon and cinnamon-tree flowers, raw",164.59,131.74,0.0
Latvia,2016,"Cinnamon and cinnamon-tree flowers, raw",124.2,103.17,0.0
Latvia,2017,"Cinnamon and cinnamon-tree flowers, raw",229.29,138.57,0.0
Latvia,2018,"Cinnamon and cinnamon-tree flowers, raw",217.56,165.23,0.0
Latvia,2019,"Cinnamon and cinnamon-tree flowers, raw",169.76,142.36,0.0
Latvia,2020,"Cinnamon and cinnamon-tree flowers, raw",183.13,162.45,0.0
Latvia,2021,"Cinnamon and cinnamon-tree flowers, raw",252.33,205.54,0.0
Latvia,2022,"Cinnamon and cinnamon-tree flowers, raw",296.2,214.1,0.0
Latvia,2023,"Cinnamon and cinnamon-tree flowers, raw",240.89,267.8,0.0
Lebanon,1993,"Cinnamon and cinnamon-tree flowers, raw",130.0,0.0,0.0
Lebanon,1994,"Cinnamon and cinnamon-tree flowers, raw",200.0,0.0,0.0
Lebanon,1995,"Cinnamon and cinnamon-tree flowers, raw",200.0,0.0,0.0
Lebanon,1996,"Cinnamon and cinnamon-tree flowers, raw",170.0,0.0,0.0
Lebanon,1997,"Cinnamon and cinnamon-tree flowers, raw",276.0,19.0,0.0
Lebanon,1998,"Cinnamon and cinnamon-tree flowers, raw",176.0,25.0,0.0
Lebanon,1999,"Cinnamon and cinnamon-tree flowers, raw",502.0,15.0,0.0
Lebanon,2000,"Cinnamon and cinnamon-tree flowers, raw",92.0,0.0,0.0
Lebanon,2001,"Cinnamon and cinnamon-tree flowers, raw",358.0,0.0,0.0
Lebanon,2002,"Cinnamon and cinnamon-tree flowers, raw",440.0,1.0,0.0
Lebanon,2003,"Cinnamon and cinnamon-tree flowers, raw",244.0,2.0,0.0
Lebanon,2004,"Cinnamon and cinnamon-tree flowers, raw",354.0,0.0,0.0
Lebanon,2005,"Cinnamon and cinnamon-tree flowers, raw",297.0,0.0,0.0
Lebanon,2006,"Cinnamon and cinnamon-tree flowers, raw",370.0,2.0,0.0
Lebanon,2007,"Cinnamon and cinnamon-tree flowers, raw",589.0,4.0,0.0
Lebanon,2008,"Cinnamon and cinnamon-tree flowers, raw",287.0,6.0,0.0
Lebanon,2009,"Cinnamon and cinnamon-tree flowers, raw",474.0,6.0,0.0
Lebanon,2010,"Cinnamon and cinnamon-tree flowers, raw",320.0,1.0,0.0
Lebanon,2012,"Cinnamon and cinnamon-tree flowers, raw",505.0,6.0,0.0
Lebanon,2013,"Cinnamon and cinnamon-tree flowers, raw",374.0,1.0,0.0
Lebanon,2014,"Cinnamon and cinnamon-tree flowers, raw",535.78,1.58,0.0
Lebanon,2015,"Cinnamon and cinnamon-tree flowers, raw",553.22,4.13,0.0
Lebanon,2016,"Cinnamon and cinnamon-tree flowers, raw",608.7,5.88,0.0
Lebanon,2018,"Cinnamon and cinnamon-tree flowers, raw",558.96,2.13,0.0
Lebanon,2019,"Cinnamon and cinnamon-tree flowers, raw",594.52,2.6,0.0
Lebanon,2020,"Cinnamon and cinnamon-tree flowers, raw",588.35,9.83,0.0
Lebanon,2021,"Cinnamon and cinnamon-tree flowers, raw",513.51,8.41,0.0
Lebanon,2022,"Cinnamon and cinnamon-tree flowers, raw",663.46,33.32,0.0
Lebanon,2023,"Cinnamon and cinnamon-tree flowers, raw",454.14,73.51,0.0
Lesotho,2014,"Cinnamon and cinnamon-tree flowers, raw",0.57,0.0,0.0
Lesotho,2015,"Cinnamon and cinnamon-tree flowers, raw",0.46,0.0,0.0
Lesotho,2016,"Cinnamon and cinnamon-tree flowers, raw",1.29,0.0,0.0
Lesotho,2017,"Cinnamon and cinnamon-tree flowers, raw",0.47,0.0,0.0
Lesotho,2018,"Cinnamon and cinnamon-tree flowers, raw",0.26,0.0,0.0
Lesotho,2019,"Cinnamon and cinnamon-tree flowers, raw",2.43,0.0,0.0
Lesotho,2021,"Cinnamon and cinnamon-tree flowers, raw",0.53,0.0,0.0
Lesotho,2022,"Cinnamon and cinnamon-tree flowers, raw",0.94,0.0,0.0
Lesotho,2023,"Cinnamon and cinnamon-tree flowers, raw",1.44,0.0,0.0
Liberia,2014,"Cinnamon and cinnamon-tree flowers, raw",3.0,0.0,0.0
Liberia,2015,"Cinnamon and cinnamon-tree flowers, raw",1.02,0.0,0.0
Liberia,2016,"Cinnamon and cinnamon-tree flowers, raw",1.33,0.0,0.0
Liberia,2017,"Cinnamon and cinnamon-tree flowers, raw",0.27,0.0,0.0
Liberia,2019,"Cinnamon and cinnamon-tree flowers, raw",0.8,0.0,0.0
Liberia,2020,"Cinnamon and cinnamon-tree flowers, raw",16.06,0.0,0.0
Liberia,2021,"Cinnamon and cinnamon-tree flowers, raw",14.42,0.0,0.0
Liberia,2022,"Cinnamon and cinnamon-tree flowers, raw",9.98,0.0,0.0
Liberia,2023,"Cinnamon and cinnamon-tree flowers, raw",13.17,0.0,0.0
Libya,1993,"Cinnamon and cinnamon-tree flowers, raw",10.0,0.0,0.0
Libya,1994,"Cinnamon and cinnamon-tree flowers, raw",10.0,0.0,0.0
Libya,1995,"Cinnamon and cinnamon-tree flowers, raw",5.0,0.0,0.0
Libya,1996,"Cinnamon and cinnamon-tree flowers, raw",15.0,0.0,0.0
Libya,1997,"Cinnamon and cinnamon-tree flowers, raw",11.0,0.0,0.0
Libya,1998,"Cinnamon and cinnamon-tree flowers, raw",6.0,0.0,0.0
Libya,2000,"Cinnamon and cinnamon-tree flowers, raw",18.0,0.0,0.0
Libya,2001,"Cinnamon and cinnamon-tree flowers, raw",0.0,0.0,0.0
Libya,2002,"Cinnamon and cinnamon-tree flowers, raw",49.0,0.0,0.0
Libya,2003,"Cinnamon and cinnamon-tree flowers, raw",9.0,0.0,0.0
Libya,2004,"Cinnamon and cinnamon-tree flowers, raw",3.0,0.0,0.0
Libya,2005,"Cinnamon and cinnamon-tree flowers, raw",54.0,0.0,0.0
Libya,2006,"Cinnamon and cinnamon-tree flowers, raw",20.0,0.0,0.0
Libya,2007,"Cinnamon and cinnamon-tree flowers, raw",42.0,0.0,0.0
Libya,2008,"Cinnamon and cinnamon-tree flowers, raw",48.0,0.0,0.0
Libya,2009,"Cinnamon and cinnamon-tree flowers, raw",87.0,0.0,0.0
Libya,2010,"Cinnamon and cinnamon-tree flowers, raw",87.0,0.0,0.0
Libya,2011,"Cinnamon and cinnamon-tree flowers, raw",75.0,0.0,0.0
Libya,2012,"Cinnamon and cinnamon-tree flowers, raw",85.0,0.0,0.0
Libya,2013,"Cinnamon and cinnamon-tree flowers, raw",19.0,0.0,0.0
Libya,2016,"Cinnamon and cinnamon-tree flowers, raw",94.5,0.0,0.0
Libya,2017,"Cinnamon and cinnamon-tree flowers, raw",136.81,0.0,0.0
Libya,2018,"Cinnamon and cinnamon-tree flowers, raw",170.41,0.0,0.0
Libya,2019,"Cinnamon and cinnamon-tree flowers, raw",259.74,0.0,0.0
Libya,2020,"Cinnamon and cinnamon-tree flowers, raw",161.89,0.0,0.0
Libya,2021,"Cinnamon and cinnamon-tree flowers, raw",172.12,0.0,0.0
Libya,2022,"Cinnamon and cinnamon-tree flowers, raw",260.82,0.0,0.0
Libya,2023,"Cinnamon and cinnamon-tree flowers, raw",506.88,0.0,0.0
Lithuania,1994,"Cinnamon and cinnamon-tree flowers, raw",17.0,3.0,0.0
Lithuania,1995,"Cinnamon and cinnamon-tree flowers, raw",25.0,1.0,0.0
Lithuania,1996,"Cinnamon and cinnamon-tree flowers, raw",27.0,7.0,0.0
Lithuania,1997,"Cinnamon and cinnamon-tree flowers, raw",45.0,6.0,0.0
Lithuania,1998,"Cinnamon and cinnamon-tree flowers, raw",52.0,11.0,0.0
Lithuania,1999,"Cinnamon and cinnamon-tree flowers, raw",51.0,5.0,0.0
Lithuania,2000,"Cinnamon and cinnamon-tree flowers, raw",55.0,18.0,0.0
Lithuania,2001,"Cinnamon and cinnamon-tree flowers, raw",65.0,15.0,0.0
Lithuania,2002,"Cinnamon and cinnamon-tree flowers, raw",47.0,23.0,0.0
Lithuania,2003,"Cinnamon and cinnamon-tree flowers, raw",77.0,34.0,0.0
Lithuania,2004,"Cinnamon and cinnamon-tree flowers, raw",80.0,34.0,0.0
Lithuania,2005,"Cinnamon and cinnamon-tree flowers, raw",68.0,25.0,0.0
Lithuania,2006,"Cinnamon and cinnamon-tree flowers, raw",71.0,28.0,0.0
Lithuania,2007,"Cinnamon and cinnamon-tree flowers, raw",46.0,22.0,0.0
Lithuania,2008,"Cinnamon and cinnamon-tree flowers, raw",82.0,32.0,0.0
Lithuania,2009,"Cinnamon and cinnamon-tree flowers, raw",56.0,24.0,0.0
Lithuania,2010,"Cinnamon and cinnamon-tree flowers, raw",71.0,17.0,0.0
Lithuania,2011,"Cinnamon and cinnamon-tree flowers, raw",91.0,27.0,0.0
Lithuania,2012,"Cinnamon and cinnamon-tree flowers, raw",81.0,18.0,0.0
Lithuania,2013,"Cinnamon and cinnamon-tree flowers, raw",88.0,22.0,0.0
Lithuania,2015,"Cinnamon and cinnamon-tree flowers, raw",85.97,22.11,0.0
Lithuania,2017,"Cinnamon and cinnamon-tree flowers, raw",93.23,22.31,0.0
Lithuania,2018,"Cinnamon and cinnamon-tree flowers, raw",93.78,18.81,0.0
Lithuania,2019,"Cinnamon and cinnamon-tree flowers, raw",98.73,24.15,0.0
Lithuania,2020,"Cinnamon and cinnamon-tree flowers, raw",95.9,23.56,0.0
Lithuania,2021,"Cinnamon and cinnamon-tree flowers, raw",110.99,32.47,0.0
Lithuania,2022,"Cinnamon and cinnamon-tree flowers, raw",110.51,20.28,0.0
Lithuania,2023,"Cinnamon and cinnamon-tree flowers, raw",90.33,32.53,0.0
Luxembourg,2001,"Cinnamon and cinnamon-tree flowers, raw",3.0,0.0,0.0
Luxembourg,2002,"Cinnamon and cinnamon-tree flowers, raw",3.0,0.0,0.0
Luxembourg,2003,"Cinnamon and cinnamon-tree flowers, raw",3.0,0.0,0.0
Luxembourg,2004,"Cinnamon and cinnamon-tree flowers, raw",4.0,0.0,0.0
Luxembourg,2005,"Cinnamon and cinnamon-tree flowers, raw",3.0,0.0,0.0
Luxembourg,2006,"Cinnamon and cinnamon-tree flowers, raw",3.0,0.0,0.0
Luxembourg,2007,"Cinnamon and cinnamon-tree flowers, raw",4.0,0.0,0.0
Luxembourg,2008,"Cinnamon and cinnamon-tree flowers, raw",4.0,0.0,0.0
Luxembourg,2009,"Cinnamon and cinnamon-tree flowers, raw",4.0,0.0,0.0
Luxembourg,2010,"Cinnamon and cinnamon-tree flowers, raw",4.0,0.0,0.0
Luxembourg,2011,"Cinnamon and cinnamon-tree flowers, raw",5.0,0.0,0.0
Luxembourg,2012,"Cinnamon and cinnamon-tree flowers, raw",4.0,0.0,0.0
Luxembourg,2013,"Cinnamon and cinnamon-tree flowers, raw",5.0,0.0,0.0
Luxembourg,2014,"Cinnamon and cinnamon-tree flowers, raw",6.56,0.43,0.0
Luxembourg,2015,"Cinnamon and cinnamon-tree flowers, raw",5.49,0.64,0.0
Luxembourg,2016,"Cinnamon and cinnamon-tree flowers, raw",6.59,0.28,0.0
Luxembourg,2017,"Cinnamon and cinnamon-tree flowers, raw",7.16,0.31,0.0
Luxembourg,2018,"Cinnamon and cinnamon-tree flowers, raw",7.55,0.31,0.0
Luxembourg,2019,"Cinnamon and cinnamon-tree flowers, raw",10.09,0.3,0.0
Luxembourg,2020,"Cinnamon and cinnamon-tree flowers, raw",7.54,0.23,0.0
Luxembourg,2021,"Cinnamon and cinnamon-tree flowers, raw",8.93,0.35,0.0
Luxembourg,2022,"Cinnamon and cinnamon-tree flowers, raw",11.66,0.34,0.0
Luxembourg,2023,"Cinnamon and cinnamon-tree flowers, raw",8.07,0.23,0.0
Madagascar,1993,"Cinnamon and cinnamon-tree flowers, raw",0.0,1364.0,2100.0
Madagascar,1994,"Cinnamon and cinnamon-tree flowers, raw",0.0,1221.0,1900.0
Madagascar,1995,"Cinnamon and cinnamon-tree flowers, raw",0.0,784.0,1700.0
Madagascar,1996,"Cinnamon and cinnamon-tree flowers, raw",0.0,396.0,1500.0
Madagascar,1997,"Cinnamon and cinnamon-tree flowers, raw",0.0,476.0,1599.77
Madagascar,1998,"Cinnamon and cinnamon-tree flowers, raw",0.0,365.0,1600.0
Madagascar,1999,"Cinnamon and cinnamon-tree flowers, raw",0.0,359.0,1535.68
Madagascar,2000,"Cinnamon and cinnamon-tree flowers, raw",0.0,308.76,1500.0
Madagascar,2001,"Cinnamon and cinnamon-tree flowers, raw",0.0,357.0,1484.38
Madagascar,2002,"Cinnamon and cinnamon-tree flowers, raw",0.0,427.0,1498.68
Madagascar,2003,"Cinnamon and cinnamon-tree flowers, raw",0.0,341.0,1500.0
Madagascar,2004,"Cinnamon and cinnamon-tree flowers, raw",0.0,489.0,1500.0
Madagascar,2005,"Cinnamon and cinnamon-tree flowers, raw",0.0,329.0,1550.0
Madagascar,2006,"Cinnamon and cinnamon-tree flowers, raw",0.0,555.0,1550.0
Madagascar,2008,"Cinnamon and cinnamon-tree flowers, raw",0.0,1434.0,1500.0
Madagascar,2009,"Cinnamon and cinnamon-tree flowers, raw",0.0,1736.0,1800.0
Madagascar,2010,"Cinnamon and cinnamon-tree flowers, raw",0.0,2440.0,2500.0
Madagascar,2011,"Cinnamon and cinnamon-tree flowers, raw",0.0,2087.0,2300.0
Madagascar,2012,"Cinnamon and cinnamon-tree flowers, raw",0.0,1338.0,2400.0
Madagascar,2013,"Cinnamon and cinnamon-tree flowers, raw",0.0,2099.0,2400.0
Madagascar,2014,"Cinnamon and cinnamon-tree flowers, raw",0.28,2860.08,2900.0
Madagascar,2015,"Cinnamon and cinnamon-tree flowers, raw",1.08,3205.39,3300.0
Madagascar,2016,"Cinnamon and cinnamon-tree flowers, raw",0.74,2715.9,2800.0
Madagascar,2017,"Cinnamon and cinnamon-tree flowers, raw",0.42,3313.15,3400.0
Madagascar,2018,"Cinnamon and cinnamon-tree flowers, raw",0.9,2891.08,3166.67
Madagascar,2019,"Cinnamon and cinnamon-tree flowers, raw",1.45,2283.93,3245.0
Madagascar,2020,"Cinnamon and cinnamon-tree flowers, raw",0.97,2122.05,3270.55
Madagascar,2021,"Cinnamon and cinnamon-tree flowers, raw",0.26,2563.75,3227.41
Madagascar,2022,"Cinnamon and cinnamon-tree flowers, raw",0.6,2187.5,3247.65
Malawi,1993,"Cinnamon and cinnamon-tree flowers, raw",1.0,0.0,0.0
Malawi,1994,"Cinnamon and cinnamon-tree flowers, raw",0.0,0.0,0.0
Malawi,1995,"Cinnamon and cinnamon-tree flowers, raw",1.0,0.0,0.0
Malawi,1996,"Cinnamon and cinnamon-tree flowers, raw",1.0,0.0,0.0
Malawi,1997,"Cinnamon and cinnamon-tree flowers, raw",0.0,0.0,0.0
Malawi,1998,"Cinnamon and cinnamon-tree flowers, raw",0.0,0.0,0.0
Malawi,1999,"Cinnamon and cinnamon-tree flowers, raw",0.0,0.0,0.0
Malawi,2000,"Cinnamon and cinnamon-tree flowers, raw",0.0,0.0,0.0
Malawi,2001,"Cinnamon and cinnamon-tree flowers, raw",1.0,0.0,0.0
Malawi,2002,"Cinnamon and cinnamon-tree flowers, raw",0.0,0.0,0.0
Malawi,2003,"Cinnamon and cinnamon-tree flowers, raw",1.0,0.0,0.0
Malawi,2004,"Cinnamon and cinnamon-tree flowers, raw",1.0,0.0,0.0
Malawi,2005,"Cinnamon and cinnamon-tree flowers, raw",0.0,0.0,0.0
Malawi,2006,"Cinnamon and cinnamon-tree flowers, raw",1.0,0.0,0.0
Malawi,2007,"Cinnamon and cinnamon-tree flowers, raw",2.0,0.0,0.0
Malawi,2008,"Cinnamon and cinnamon-tree flowers, raw",1.0,0.0,0.0
Malawi,2010,"Cinnamon and cinnamon-tree flowers, raw",3.0,0.0,0.0
Malawi,2011,"Cinnamon and cinnamon-tree flowers, raw",2.0,0.0,0.0
Malawi,2012,"Cinnamon and cinnamon-tree flowers, raw",1.0,0.0,0.0
Malawi,2013,"Cinnamon and cinnamon-tree flowers, raw",2.0,0.0,0.0
Malawi,2014,"Cinnamon and cinnamon-tree flowers, raw",3.96,0.0,0.0
Malawi,2017,"Cinnamon and cinnamon-tree flowers, raw",2.02,0.0,0.0
Malawi,2018,"Cinnamon and cinnamon-tree flowers, raw",2.0,0.0,0.0
Malawi,2020,"Cinnamon and cinnamon-tree flowers, raw",1.38,0.01,0.0
Malawi,2021,"Cinnamon and cinnamon-tree flowers, raw",2.33,0.0,0.0
Malawi,2022,"Cinnamon and cinnamon-tree flowers, raw",0.39,0.0,0.0
Malawi,2023,"Cinnamon and cinnamon-tree flowers, raw",0.39,0.0,0.0
Malaysia,1993,"Cinnamon and cinnamon-tree flowers, raw",312.0,31.0,0.0
Malaysia,1994,"Cinnamon and cinnamon-tree flowers, raw",417.0,14.0,0.0
Malaysia,1995,"Cinnamon and cinnamon-tree flowers, raw",491.0,84.0,0.0
Malaysia,1996,"Cinnamon and cinnamon-tree flowers, raw",496.0,50.0,0.0
Malaysia,1997,"Cinnamon and cinnamon-tree flowers, raw",1000.0,50.0,0.0
Malaysia,1998,"Cinnamon and cinnamon-tree flowers, raw",839.0,254.0,0.0
Malaysia,1999,"Cinnamon and cinnamon-tree flowers, raw",810.0,198.0,0.0
Malaysia,2000,"Cinnamon and cinnamon-tree flowers, raw",944.0,182.0,0.0
Malaysia,2001,"Cinnamon and cinnamon-tree flowers, raw",1132.0,207.0,0.0
Malaysia,2002,"Cinnamon and cinnamon-tree flowers, raw",1176.0,146.0,0.0
Malaysia,2004,"Cinnamon and cinnamon-tree flowers, raw",1253.0,243.0,0.0
Malaysia,2005,"Cinnamon and cinnamon-tree flowers, raw",1203.0,139.0,0.0
Malaysia,2006,"Cinnamon and cinnamon-tree flowers, raw",1316.0,190.0,0.0
Malaysia,2007,"Cinnamon and cinnamon-tree flowers, raw",1315.0,270.0,0.0
Malaysia,2008,"Cinnamon and cinnamon-tree flowers, raw",1184.0,214.0,0.0
Malaysia,2009,"Cinnamon and cinnamon-tree flowers, raw",1347.0,334.0,0.0
Malaysia,2010,"Cinnamon and cinnamon-tree flowers, raw",1216.0,435.0,0.0
Malaysia,2011,"Cinnamon and cinnamon-tree flowers, raw",1219.0,309.0,0.0
Malaysia,2012,"Cinnamon and cinnamon-tree flowers, raw",1252.0,313.0,0.0
Malaysia,2013,"Cinnamon and cinnamon-tree flowers, raw",1285.0,144.0,0.0
Malaysia,2014,"Cinnamon and cinnamon-tree flowers, raw",1889.97,165.11,0.0
Malaysia,2015,"Cinnamon and cinnamon-tree flowers, raw",1864.21,294.8,0.0
Malaysia,2016,"Cinnamon and cinnamon-tree flowers, raw",1846.02,158.07,0.0
Malaysia,2017,"Cinnamon and cinnamon-tree flowers, raw",2250.9,226.06,0.0
Malaysia,2018,"Cinnamon and cinnamon-tree flowers, raw",2046.4,151.79,0.0
Malaysia,2019,"Cinnamon and cinnamon-tree flowers, raw",1639.67,169.02,0.0
Malaysia,2020,"Cinnamon and cinnamon-tree flowers, raw",2135.71,141.39,0.0
Malaysia,2021,"Cinnamon and cinnamon-tree flowers, raw",2128.45,176.77,0.0
Malaysia,2022,"Cinnamon and cinnamon-tree flowers, raw",1973.38,144.85,0.0
Malaysia,2023,"Cinnamon and cinnamon-tree flowers, raw",2056.95,190.0,0.0
Maldives,1993,"Cinnamon and cinnamon-tree flowers, raw",13.0,0.0,0.0
Maldives,1994,"Cinnamon and cinnamon-tree flowers, raw",7.0,0.0,0.0
Maldives,1995,"Cinnamon and cinnamon-tree flowers, raw",7.0,0.0,0.0
Maldives,1996,"Cinnamon and cinnamon-tree flowers, raw",10.0,0.0,0.0
Maldives,1997,"Cinnamon and cinnamon-tree flowers, raw",12.0,0.0,0.0
Maldives,1998,"Cinnamon and cinnamon-tree flowers, raw",10.0,0.0,0.0
Maldives,2000,"Cinnamon and cinnamon-tree flowers, raw",20.0,0.0,0.0
Maldives,2001,"Cinnamon and cinnamon-tree flowers, raw",14.0,0.0,0.0
Maldives,2002,"Cinnamon and cinnamon-tree flowers, raw",13.0,0.0,0.0
Maldives,2003,"Cinnamon and cinnamon-tree flowers, raw",14.0,0.0,0.0
Maldives,2004,"Cinnamon and cinnamon-tree flowers, raw",14.0,0.0,0.0
Maldives,2005,"Cinnamon and cinnamon-tree flowers, raw",17.0,0.0,0.0
Maldives,2006,"Cinnamon and cinnamon-tree flowers, raw",13.0,0.0,0.0
Maldives,2007,"Cinnamon and cinnamon-tree flowers, raw",22.0,0.0,0.0
Maldives,2008,"Cinnamon and cinnamon-tree flowers, raw",19.0,0.0,0.0
Maldives,2009,"Cinnamon and cinnamon-tree flowers, raw",12.0,0.0,0.0
Maldives,2010,"Cinnamon and cinnamon-tree flowers, raw",16.0,0.0,0.0
Maldives,2011,"Cinnamon and cinnamon-tree flowers, raw",20.0,0.0,0.0
Maldives,2012,"Cinnamon and cinnamon-tree flowers, raw",24.0,0.0,0.0
Maldives,2013,"Cinnamon and cinnamon-tree flowers, raw",19.0,0.0,0.0
Maldives,2014,"Cinnamon and cinnamon-tree flowers, raw",26.55,0.0,0.0
Maldives,2015,"Cinnamon and cinnamon-tree flowers, raw",29.83,0.0,0.0
Maldives,2016,"Cinnamon and cinnamon-tree flowers, raw",48.69,0.0,0.0
Maldives,2017,"Cinnamon and cinnamon-tree flowers, raw",33.74,0.0,0.0
Maldives,2018,"Cinnamon and cinnamon-tree flowers, raw",42.02,0.0,0.0
Maldives,2019,"Cinnamon and cinnamon-tree flowers, raw",43.28,0.0,0.0
Maldives,2020,"Cinnamon and cinnamon-tree flowers, raw",48.24,0.0,0.0
Maldives,2022,"Cinnamon and cinnamon-tree flowers, raw",47.79,0.0,0.0
Mali,2013,"Cinnamon and cinnamon-tree flowers, raw",2.0,0.0,0.0
Mali,2014,"Cinnamon and cinnamon-tree flowers, raw",3.02,0.0,0.0
Mali,2015,"Cinnamon and cinnamon-tree flowers, raw",0.06,0.0,0.0
Mali,2016,"Cinnamon and cinnamon-tree flowers, raw",27.5,0.0,0.0
Mali,2017,"Cinnamon and cinnamon-tree flowers, raw",25.85,0.0,0.0
Mali,2018,"Cinnamon and cinnamon-tree flowers, raw",7.23,0.0,0.0
Mali,2020,"Cinnamon and cinnamon-tree flowers, raw",0.75,0.58,0.0
Mali,2022,"Cinnamon and cinnamon-tree flowers, raw",1.74,0.86,0.0
Mali,2023,"Cinnamon and cinnamon-tree flowers, raw",3.15,0.0,0.0
Malta,1993,"Cinnamon and cinnamon-tree flowers, raw",3.0,0.0,0.0
Malta,1994,"Cinnamon and cinnamon-tree flowers, raw",3.0,0.0,0.0
Malta,1995,"Cinnamon and cinnamon-tree flowers, raw",2.0,0.0,0.0
Malta,1996,"Cinnamon and cinnamon-tree flowers, raw",0.0,0.0,0.0
Malta,1997,"Cinnamon and cinnamon-tree flowers, raw",3.0,0.0,0.0
Malta,1998,"Cinnamon and cinnamon-tree flowers, raw",1.0,0.0,0.0
Malta,1999,"Cinnamon and cinnamon-tree flowers, raw",2.0,0.0,0.0
Malta,2000,"Cinnamon and cinnamon-tree flowers, raw",2.0,0.0,0.0
Malta,2001,"Cinnamon and cinnamon-tree flowers, raw",3.0,0.0,0.0
Malta,2002,"Cinnamon and cinnamon-tree flowers, raw",3.0,0.0,0.0
Malta,2003,"Cinnamon and cinnamon-tree flowers, raw",2.0,0.0,0.0
Malta,2005,"Cinnamon and cinnamon-tree flowers, raw",3.0,0.0,0.0
Malta,2006,"Cinnamon and cinnamon-tree flowers, raw",1.0,0.0,0.0
Malta,2007,"Cinnamon and cinnamon-tree flowers, raw",3.0,0.0,0.0
Malta,2009,"Cinnamon and cinnamon-tree flowers, raw",2.0,0.0,0.0
Malta,2010,"Cinnamon and cinnamon-tree flowers, raw",3.0,0.0,0.0
Malta,2011,"Cinnamon and cinnamon-tree flowers, raw",3.0,0.0,0.0
Malta,2012,"Cinnamon and cinnamon-tree flowers, raw",3.0,0.0,0.0
Malta,2013,"Cinnamon and cinnamon-tree flowers, raw",3.0,0.0,0.0
Malta,2014,"Cinnamon and cinnamon-tree flowers, raw",6.58,0.0,0.0
Malta,2015,"Cinnamon and cinnamon-tree flowers, raw",6.5,0.0,0.0
Malta,2016,"Cinnamon and cinnamon-tree flowers, raw",13.02,0.0,0.0
Malta,2017,"Cinnamon and cinnamon-tree flowers, raw",5.62,0.0,0.0
Malta,2018,"Cinnamon and cinnamon-tree flowers, raw",12.04,0.0,0.0
Malta,2019,"Cinnamon and cinnamon-tree flowers, raw",6.76,0.0,0.0
Malta,2020,"Cinnamon and cinnamon-tree flowers, raw",5.43,0.0,0.0
Malta,2021,"Cinnamon and cinnamon-tree flowers, raw",4.22,0.0,0.0
Malta,2022,"Cinnamon and cinnamon-tree flowers, raw",9.29,0.0,0.0
Malta,2023,"Cinnamon and cinnamon-tree flowers, raw",11.56,0.0,0.0
Mauritania,2015,"Cinnamon and cinnamon-tree flowers, raw",0.05,0.0,0.0
Mauritania,2022,"Cinnamon and cinnamon-tree flowers, raw",7.63,0.0,0.0
Mauritania,2023,"Cinnamon and cinnamon-tree flowers, raw",1.6,0.0,0.0
Mauritius,1993,"Cinnamon and cinnamon-tree flowers, raw",38.0,0.0,0.0
Mauritius,1994,"Cinnamon and cinnamon-tree flowers, raw",54.0,0.0,0.0
Mauritius,1995,"Cinnamon and cinnamon-tree flowers, raw",49.0,0.0,0.0
Mauritius,1996,"Cinnamon and cinnamon-tree flowers, raw",39.0,0.0,0.0
Mauritius,1997,"Cinnamon and cinnamon-tree flowers, raw",46.0,0.0,0.0
Mauritius,1998,"Cinnamon and cinnamon-tree flowers, raw",52.0,0.0,0.0
Mauritius,1999,"Cinnamon and cinnamon-tree flowers, raw",44.0,0.0,0.0
Mauritius,2000,"Cinnamon and cinnamon-tree flowers, raw",59.57,0.1,0.0
Mauritius,2001,"Cinnamon and cinnamon-tree flowers, raw",67.0,0.0,0.0
Mauritius,2003,"Cinnamon and cinnamon-tree flowers, raw",48.0,0.0,0.0
Mauritius,2004,"Cinnamon and cinnamon-tree flowers, raw",81.0,0.0,0.0
Mauritius,2005,"Cinnamon and cinnamon-tree flowers, raw",65.0,0.0,0.0
Mauritius,2006,"Cinnamon and cinnamon-tree flowers, raw",76.0,0.0,0.0
Mauritius,2007,"Cinnamon and cinnamon-tree flowers, raw",76.0,0.0,0.0
Mauritius,2008,"Cinnamon and cinnamon-tree flowers, raw",82.0,0.0,0.0
Mauritius,2009,"Cinnamon and cinnamon-tree flowers, raw",78.0,0.0,0.0
Mauritius,2010,"Cinnamon and cinnamon-tree flowers, raw",75.0,0.0,0.0
Mauritius,2011,"Cinnamon and cinnamon-tree flowers, raw",110.0,0.0,0.0
Mauritius,2012,"Cinnamon and cinnamon-tree flowers, raw",104.0,0.0,0.0
Mauritius,2013,"Cinnamon and cinnamon-tree flowers, raw",55.0,0.0,0.0
Mauritius,2014,"Cinnamon and cinnamon-tree flowers, raw",112.87,0.06,0.0
Mauritius,2016,"Cinnamon and cinnamon-tree flowers, raw",100.79,0.02,0.0
Mauritius,2017,"Cinnamon and cinnamon-tree flowers, raw",86.43,0.03,0.0
Mauritius,2018,"Cinnamon and cinnamon-tree flowers, raw",103.05,0.02,0.0
Mauritius,2019,"Cinnamon and cinnamon-tree flowers, raw",117.45,1.6,0.0
Mauritius,2021,"Cinnamon and cinnamon-tree flowers, raw",112.11,0.13,0.0
Mauritius,2022,"Cinnamon and cinnamon-tree flowers, raw",122.41,0.07,0.0
Mexico,1993,"Cinnamon and cinnamon-tree flowers, raw",4848.0,5.0,0.0
Mexico,1994,"Cinnamon and cinnamon-tree flowers, raw",4488.0,22.0,0.0
Mexico,1995,"Cinnamon and cinnamon-tree flowers, raw",4509.0,46.0,0.0
Mexico,1996,"Cinnamon and cinnamon-tree flowers, raw",5142.0,52.0,0.0
Mexico,1997,"Cinnamon and cinnamon-tree flowers, raw",5140.0,54.0,0.0
Mexico,1998,"Cinnamon and cinnamon-tree flowers, raw",5271.0,24.0,0.0
Mexico,1999,"Cinnamon and cinnamon-tree flowers, raw",5270.0,12.0,0.0
Mexico,2000,"Cinnamon and cinnamon-tree flowers, raw",5634.53,15.28,0.0
Mexico,2001,"Cinnamon and cinnamon-tree flowers, raw",5709.0,27.0,0.0
Mexico,2002,"Cinnamon and cinnamon-tree flowers, raw",5627.0,17.0,0.0
Mexico,2003,"Cinnamon and cinnamon-tree flowers, raw",5957.0,28.0,0.0
Mexico,2004,"Cinnamon and cinnamon-tree flowers, raw",6197.0,19.0,0.0
Mexico,2005,"Cinnamon and cinnamon-tree flowers, raw",6713.0,79.0,0.0
Mexico,2006,"Cinnamon and cinnamon-tree flowers, raw",6668.0,91.0,0.0
Mexico,2007,"Cinnamon and cinnamon-tree flowers, raw",6628.0,184.0,0.0
Mexico,2008,"Cinnamon and cinnamon-tree flowers, raw",6957.0,98.0,0.0
Mexico,2009,"Cinnamon and cinnamon-tree flowers, raw",6419.0,149.0,0.0
Mexico,2010,"Cinnamon and cinnamon-tree flowers, raw",6364.0,279.0,0.0
Mexico,2011,"Cinnamon and cinnamon-tree flowers, raw",7255.0,177.0,0.0
Mexico,2012,"Cinnamon and cinnamon-tree flowers, raw",7103.0,305.0,0.0
Mexico,2013,"Cinnamon and cinnamon-tree flowers, raw",6996.0,465.0,0.0
Mexico,2014,"Cinnamon and cinnamon-tree flowers, raw",7264.57,784.77,0.0
Mexico,2015,"Cinnamon and cinnamon-tree flowers, raw",6568.93,590.78,0.0
Mexico,2016,"Cinnamon and cinnamon-tree flowers, raw",7650.2,526.91,0.0
Mexico,2017,"Cinnamon and cinnamon-tree flowers, raw",7307.8,470.06,0.0
Mexico,2018,"Cinnamon and cinnamon-tree flowers, raw",8059.89,181.81,0.0
Mexico,2019,"Cinnamon and cinnamon-tree flowers, raw",7437.72,6.53,0.0
Mexico,2020,"Cinnamon and cinnamon-tree flowers, raw",5473.28,3.71,0.0
Mexico,2021,"Cinnamon and cinnamon-tree flowers, raw",6823.29,9.4,0.0
Mexico,2022,"Cinnamon and cinnamon-tree flowers, raw",8595.91,140.04,0.0
Mexico,2023,"Cinnamon and cinnamon-tree flowers, raw",9007.22,135.47,0.0
Mongolia,2008,"Cinnamon and cinnamon-tree flowers, raw",0.0,0.0,0.0
Mongolia,2009,"Cinnamon and cinnamon-tree flowers, raw",0.0,0.0,0.0
Mongolia,2010,"Cinnamon and cinnamon-tree flowers, raw",0.0,0.0,0.0
Mongolia,2011,"Cinnamon and cinnamon-tree flowers, raw",0.0,0.0,0.0
Mongolia,2012,"Cinnamon and cinnamon-tree flowers, raw",0.0,0.0,0.0
Mongolia,2013,"Cinnamon and cinnamon-tree flowers, raw",0.0,0.0,0.0
Mongolia,2014,"Cinnamon and cinnamon-tree flowers, raw",0.53,0.0,0.0
Mongolia,2015,"Cinnamon and cinnamon-tree flowers, raw",0.29,0.0,0.0
Mongolia,2016,"Cinnamon and cinnamon-tree flowers, raw",0.88,0.0,0.0
Mongolia,2017,"Cinnamon and cinnamon-tree flowers, raw",1.28,0.0,0.0
Mongolia,2018,"Cinnamon and cinnamon-tree flowers, raw",2.31,0.0,0.0
Mongolia,2019,"Cinnamon and cinnamon-tree flowers, raw",2.77,0.0,0.0
Mongolia,2020,"Cinnamon and cinnamon-tree flowers, raw",3.39,0.0,0.0
Mongolia,2022,"Cinnamon and cinnamon-tree flowers, raw",3.44,0.0,0.0
Montenegro,2006,"Cinnamon and cinnamon-tree flowers, raw",2.0,0.0,0.0
Montenegro,2007,"Cinnamon and cinnamon-tree flowers, raw",3.0,0.0,0.0
Montenegro,2008,"Cinnamon and cinnamon-tree flowers, raw",2.0,0.0,0.0
Montenegro,2009,"Cinnamon and cinnamon-tree flowers, raw",4.0,0.0,0.0
Montenegro,2010,"Cinnamon and cinnamon-tree flowers, raw",4.0,0.0,0.0
Montenegro,2011,"Cinnamon and cinnamon-tree flowers, raw",4.0,0.0,0.0
Montenegro,2012,"Cinnamon and cinnamon-tree flowers, raw",5.0,0.0,0.0
Montenegro,2013,"Cinnamon and cinnamon-tree flowers, raw",6.0,0.0,0.0
Montenegro,2014,"Cinnamon and cinnamon-tree flowers, raw",7.03,0.0,0.0
Montenegro,2015,"Cinnamon and cinnamon-tree flowers, raw",7.52,0.0,0.0
Montenegro,2016,"Cinnamon and cinnamon-tree flowers, raw",8.63,0.0,0.0
Montenegro,2017,"Cinnamon and cinnamon-tree flowers, raw",7.96,0.0,0.0
Montenegro,2018,"Cinnamon and cinnamon-tree flowers, raw",7.7,0.0,0.0
Montenegro,2019,"Cinnamon and cinnamon-tree flowers, raw",7.19,0.0,0.0
Montenegro,2020,"Cinnamon and cinnamon-tree flowers, raw",7.59,0.0,0.0
Montenegro,2021,"Cinnamon and cinnamon-tree flowers, raw",6.94,0.0,0.0
Montenegro,2022,"Cinnamon and cinnamon-tree flowers, raw",7.1,0.0,0.0
Montenegro,2023,"Cinnamon and cinnamon-tree flowers, raw",8.33,0.0,0.0
Morocco,1993,"Cinnamon and cinnamon-tree flowers, raw",803.0,42.0,0.0
Morocco,1995,"Cinnamon and cinnamon-tree flowers, raw",792.0,25.0,0.0
Morocco,1996,"Cinnamon and cinnamon-tree flowers, raw",824.0,5.0,0.0
Morocco,1997,"Cinnamon and cinnamon-tree flowers, raw",1041.0,20.0,0.0
Morocco,1998,"Cinnamon and cinnamon-tree flowers, raw",919.0,0.0,0.0
Morocco,1999,"Cinnamon and cinnamon-tree flowers, raw",1199.0,7.0,0.0
Morocco,2000,"Cinnamon and cinnamon-tree flowers, raw",1168.0,0.0,0.0
Morocco,2001,"Cinnamon and cinnamon-tree flowers, raw",1141.0,0.4,0.0
Morocco,2002,"Cinnamon and cinnamon-tree flowers, raw",1467.0,0.0,0.0
Morocco,2003,"Cinnamon and cinnamon-tree flowers, raw",1048.0,5.0,0.0
Morocco,2005,"Cinnamon and cinnamon-tree flowers, raw",1259.0,0.0,0.0
Morocco,2006,"Cinnamon and cinnamon-tree flowers, raw",1745.0,1.0,0.0
Morocco,2007,"Cinnamon and cinnamon-tree flowers, raw",983.0,0.0,0.0
Morocco,2008,"Cinnamon and cinnamon-tree flowers, raw",1687.0,0.0,0.0
Morocco,2009,"Cinnamon and cinnamon-tree flowers, raw",1474.0,13.0,0.0
Morocco,2010,"Cinnamon and cinnamon-tree flowers, raw",1334.0,0.0,0.0
Morocco,2012,"Cinnamon and cinnamon-tree flowers, raw",1427.0,10.0,0.0
Morocco,2013,"Cinnamon and cinnamon-tree flowers, raw",1763.0,7.0,0.0
Morocco,2014,"Cinnamon and cinnamon-tree flowers, raw",1555.68,3.09,0.0
Morocco,2015,"Cinnamon and cinnamon-tree flowers, raw",1181.24,0.17,0.0
Morocco,2016,"Cinnamon and cinnamon-tree flowers, raw",909.79,0.05,0.0
Morocco,2017,"Cinnamon and cinnamon-tree flowers, raw",1656.69,2.19,0.0
Morocco,2018,"Cinnamon and cinnamon-tree flowers, raw",1528.89,2.68,0.0
Morocco,2019,"Cinnamon and cinnamon-tree flowers, raw",1783.08,5.26,0.0
Morocco,2020,"Cinnamon and cinnamon-tree flowers, raw",1657.43,1.44,0.0
Morocco,2021,"Cinnamon and cinnamon-tree flowers, raw",1927.74,3.5,0.0
Morocco,2023,"Cinnamon and cinnamon-tree flowers, raw",1982.26,3.34,0.0
Mozambique,1993,"Cinnamon and cinnamon-tree flowers, raw",0.0,0.0,0.0
Mozambique,1994,"Cinnamon and cinnamon-tree flowers, raw",0.0,0.0,0.0
Mozambique,1995,"Cinnamon and cinnamon-tree flowers, raw",0.0,0.0,0.0
Mozambique,1996,"Cinnamon and cinnamon-tree flowers, raw",0.0,0.0,0.0
Mozambique,1997,"Cinnamon and cinnamon-tree flowers, raw",0.0,0.0,0.0
Mozambique,1998,"Cinnamon and cinnamon-tree flowers, raw",0.0,0.0,0.0
Mozambique,1999,"Cinnamon and cinnamon-tree flowers, raw",0.0,0.0,0.0
Mozambique,2000,"Cinnamon and cinnamon-tree flowers, raw",0.0,0.0,0.0
Mozambique,2001,"Cinnamon and cinnamon-tree flowers, raw",0.0,0.0,0.0
Mozambique,2002,"Cinnamon and cinnamon-tree flowers, raw",0.0,0.0,0.0
Mozambique,2003,"Cinnamon and cinnamon-tree flowers, raw",0.0,0.0,0.0
Mozambique,2004,"Cinnamon and cinnamon-tree flowers, raw",1.0,0.0,0.0
Mozambique,2005,"Cinnamon and cinnamon-tree flowers, raw",1.0,0.0,0.0
Mozambique,2006,"Cinnamon and cinnamon-tree flowers, raw",3.0,0.0,0.0
Mozambique,2007,"Cinnamon and cinnamon-tree flowers, raw",2.0,0.0,0.0
Mozambique,2008,"Cinnamon and cinnamon-tree flowers, raw",3.0,0.0,0.0
Mozambique,2009,"Cinnamon and cinnamon-tree flowers, raw",2.0,0.0,0.0
Mozambique,2010,"Cinnamon and cinnamon-tree flowers, raw",3.0,0.0,0.0
Mozambique,2011,"Cinnamon and cinnamon-tree flowers, raw",2.0,0.0,0.0
Mozambique,2012,"Cinnamon and cinnamon-tree flowers, raw",7.0,0.0,0.0
Mozambique,2013,"Cinnamon and cinnamon-tree flowers, raw",5.0,0.0,0.0
Mozambique,2014,"Cinnamon and cinnamon-tree flowers, raw",20.77,0.0,0.0
Mozambique,2015,"Cinnamon and cinnamon-tree flowers, raw",7.7,0.0,0.0
Mozambique,2017,"Cinnamon and cinnamon-tree flowers, raw",9.54,0.0,0.0
Mozambique,2018,"Cinnamon and cinnamon-tree flowers, raw",3.37,0.0,0.0
Mozambique,2019,"Cinnamon and cinnamon-tree flowers, raw",5.5,0.0,0.0
Mozambique,2020,"Cinnamon and cinnamon-tree flowers, raw",11.01,0.06,0.0
Mozambique,2022,"Cinnamon and cinnamon-tree flowers, raw",9.88,0.13,0.0
Mozambique,2023,"Cinnamon and cinnamon-tree flowers, raw",10.25,0.05,0.0
Myanmar,1993,"Cinnamon and cinnamon-tree flowers, raw",0.0,0.0,0.0
Myanmar,1994,"Cinnamon and cinnamon-tree flowers, raw",0.0,0.0,0.0
Myanmar,1995,"Cinnamon and cinnamon-tree flowers, raw",0.0,0.0,0.0
Myanmar,1997,"Cinnamon and cinnamon-tree flowers, raw",0.0,0.0,0.0
Myanmar,1998,"Cinnamon and cinnamon-tree flowers, raw",0.0,0.0,0.0
Myanmar,1999,"Cinnamon and cinnamon-tree flowers, raw",0.0,0.0,0.0
Myanmar,2000,"Cinnamon and cinnamon-tree flowers, raw",470.0,0.0,0.0
Myanmar,2001,"Cinnamon and cinnamon-tree flowers, raw",1000.0,0.0,0.0
Myanmar,2002,"Cinnamon and cinnamon-tree flowers, raw",1385.0,0.0,0.0
Myanmar,2003,"Cinnamon and cinnamon-tree flowers, raw",54.0,0.0,0.0
Myanmar,2004,"Cinnamon and cinnamon-tree flowers, raw",54.0,0.0,0.0
Myanmar,2005,"Cinnamon and cinnamon-tree flowers, raw",0.0,3.0,0.0
Myanmar,2006,"Cinnamon and cinnamon-tree flowers, raw",0.0,5.0,0.0
Myanmar,2007,"Cinnamon and cinnamon-tree flowers, raw",0.0,0.0,0.0
Myanmar,2008,"Cinnamon and cinnamon-tree flowers, raw",0.0,23.0,0.0
Myanmar,2009,"Cinnamon and cinnamon-tree flowers, raw",0.0,147.0,0.0
Myanmar,2010,"Cinnamon and cinnamon-tree flowers, raw",2.0,100.0,0.0
Myanmar,2011,"Cinnamon and cinnamon-tree flowers, raw",2.0,40.0,0.0
Myanmar,2012,"Cinnamon and cinnamon-tree flowers, raw",2.0,65.0,0.0
Myanmar,2013,"Cinnamon and cinnamon-tree flowers, raw",2.0,65.0,0.0
Myanmar,2014,"Cinnamon and cinnamon-tree flowers, raw",51.01,146.33,0.0
Myanmar,2016,"Cinnamon and cinnamon-tree flowers, raw",88.9,27.0,0.0
Myanmar,2017,"Cinnamon and cinnamon-tree flowers, raw",4.19,0.0,0.0
Myanmar,2018,"Cinnamon and cinnamon-tree flowers, raw",44.82,0.0,0.0
Myanmar,2019,"Cinnamon and cinnamon-tree flowers, raw",6.54,55.56,0.0
Myanmar,2020,"Cinnamon and cinnamon-tree flowers, raw",0.4,174.41,0.0
Myanmar,2022,"Cinnamon and cinnamon-tree flowers, raw",0.04,549.49,0.0
Myanmar,2023,"Cinnamon and cinnamon-tree flowers, raw",0.02,60.09,0.0
Namibia,1997,"Cinnamon and cinnamon-tree flowers, raw",7.0,0.0,0.0
Namibia,1998,"Cinnamon and cinnamon-tree flowers, raw",1.0,0.0,0.0
Namibia,1999,"Cinnamon and cinnamon-tree flowers, raw",6.0,0.0,0.0
Namibia,2000,"Cinnamon and cinnamon-tree flowers, raw",7.0,0.0,0.0
Namibia,2001,"Cinnamon and cinnamon-tree flowers, raw",2.0,14.0,0.0
Namibia,2002,"Cinnamon and cinnamon-tree flowers, raw",34.0,0.0,0.0
Namibia,2004,"Cinnamon and cinnamon-tree flowers, raw",10.0,0.0,0.0
Namibia,2005,"Cinnamon and cinnamon-tree flowers, raw",10.0,0.0,0.0
Namibia,2006,"Cinnamon and cinnamon-tree flowers, raw",9.0,0.0,0.0
Namibia,2007,"Cinnamon and cinnamon-tree flowers, raw",145.0,0.0,0.0
Namibia,2008,"Cinnamon and cinnamon-tree flowers, raw",125.0,0.0,0.0
Namibia,2009,"Cinnamon and cinnamon-tree flowers, raw",125.0,0.0,0.0
Namibia,2010,"Cinnamon and cinnamon-tree flowers, raw",125.0,0.0,0.0
Namibia,2011,"Cinnamon and cinnamon-tree flowers, raw",125.0,0.0,0.0
Namibia,2013,"Cinnamon and cinnamon-tree flowers, raw",114.0,9.0,0.0
Namibia,2014,"Cinnamon and cinnamon-tree flowers, raw",51.36,102.2,0.0
Namibia,2015,"Cinnamon and cinnamon-tree flowers, raw",89.56,72.27,0.0
Namibia,2016,"Cinnamon and cinnamon-tree flowers, raw",93.55,9.04,0.0
Namibia,2017,"Cinnamon and cinnamon-tree flowers, raw",191.89,20.83,0.0
Namibia,2018,"Cinnamon and cinnamon-tree flowers, raw",286.55,3.52,0.0
Namibia,2019,"Cinnamon and cinnamon-tree flowers, raw",192.65,67.73,0.0
Namibia,2020,"Cinnamon and cinnamon-tree flowers, raw",127.75,64.06,0.0
Namibia,2022,"Cinnamon and cinnamon-tree flowers, raw",37.73,166.07,0.0
Namibia,2023,"Cinnamon and cinnamon-tree flowers, raw",40.85,179.59,0.0
Nauru,2014,"Cinnamon and cinnamon-tree flowers, raw",0.0,0.0,0.0
Nauru,2015,"Cinnamon and cinnamon-tree flowers, raw",0.0,0.0,0.0
Nauru,2017,"Cinnamon and cinnamon-tree flowers, raw",0.01,0.0,0.0
Nauru,2018,"Cinnamon and cinnamon-tree flowers, raw",0.01,0.0,0.0
Nauru,2023,"Cinnamon and cinnamon-tree flowers, raw",0.01,0.0,0.0
Nepal,1993,"Cinnamon and cinnamon-tree flowers, raw",160.0,135.0,0.0
Nepal,1994,"Cinnamon and cinnamon-tree flowers, raw",250.0,135.0,0.0
Nepal,1995,"Cinnamon and cinnamon-tree flowers, raw",1330.0,66.0,0.0
Nepal,1996,"Cinnamon and cinnamon-tree flowers, raw",1754.0,110.0,0.0
Nepal,1997,"Cinnamon and cinnamon-tree flowers, raw",2460.0,180.0,0.0
Nepal,1998,"Cinnamon and cinnamon-tree flowers, raw",2450.0,40.0,0.0
Nepal,1999,"Cinnamon and cinnamon-tree flowers, raw",82.0,3.0,0.0
Nepal,2000,"Cinnamon and cinnamon-tree flowers, raw",85.0,0.0,0.0
Nepal,2001,"Cinnamon and cinnamon-tree flowers, raw",20.0,10.0,0.0
Nepal,2002,"Cinnamon and cinnamon-tree flowers, raw",100.0,32.0,0.0
Nepal,2003,"Cinnamon and cinnamon-tree flowers, raw",289.0,10.0,0.0
Nepal,2004,"Cinnamon and cinnamon-tree flowers, raw",110.0,105.0,0.0
Nepal,2005,"Cinnamon and cinnamon-tree flowers, raw",190.0,196.0,0.0
Nepal,2006,"Cinnamon and cinnamon-tree flowers, raw",200.0,126.0,0.0
Nepal,2007,"Cinnamon and cinnamon-tree flowers, raw",400.0,400.0,0.0
Nepal,2008,"Cinnamon and cinnamon-tree flowers, raw",27.0,633.0,0.0
Nepal,2009,"Cinnamon and cinnamon-tree flowers, raw",415.0,235.0,0.0
Nepal,2010,"Cinnamon and cinnamon-tree flowers, raw",278.0,408.0,0.0
Nepal,2011,"Cinnamon and cinnamon-tree flowers, raw",450.0,611.0,0.0
Nepal,2012,"Cinnamon and cinnamon-tree flowers, raw",232.0,723.0,0.0
Nepal,2013,"Cinnamon and cinnamon-tree flowers, raw",480.0,1348.0,0.0
Nepal,2014,"Cinnamon and cinnamon-tree flowers, raw",454.87,1654.24,0.0
Nepal,2015,"Cinnamon and cinnamon-tree flowers, raw",552.24,1599.03,0.0
Nepal,2016,"Cinnamon and cinnamon-tree flowers, raw",374.99,1792.73,0.0
Nepal,2017,"Cinnamon and cinnamon-tree flowers, raw",394.11,1600.75,0.0
Nepal,2018,"Cinnamon and cinnamon-tree flowers, raw",491.06,1493.38,0.0
Nepal,2019,"Cinnamon and cinnamon-tree flowers, raw",536.37,1241.28,0.0
Nepal,2020,"Cinnamon and cinnamon-tree flowers, raw",582.24,2104.96,0.0
Nepal,2021,"Cinnamon and cinnamon-tree flowers, raw",673.32,2658.12,0.0
Nepal,2022,"Cinnamon and cinnamon-tree flowers, raw",596.29,2602.83,0.0
Nepal,2023,"Cinnamon and cinnamon-tree flowers, raw",603.01,873.11,0.0
Netherlands (Kingdom of the),1993,"Cinnamon and cinnamon-tree flowers, raw",1635.0,926.0,0.0
Netherlands (Kingdom of the),1994,"Cinnamon and cinnamon-tree flowers, raw",2090.0,904.0,0.0
Netherlands (Kingdom of the),1995,"Cinnamon and cinnamon-tree flowers, raw",3257.0,1438.0,0.0
Netherlands (Kingdom of the),1996,"Cinnamon and cinnamon-tree flowers, raw",2805.0,1713.0,0.0
Netherlands (Kingdom of the),1997,"Cinnamon and cinnamon-tree flowers, raw",3209.0,1675.0,0.0
Netherlands (Kingdom of the),1998,"Cinnamon and cinnamon-tree flowers, raw",5581.0,1960.0,0.0
Netherlands (Kingdom of the),1999,"Cinnamon and cinnamon-tree flowers, raw",7364.0,2774.0,0.0
Netherlands (Kingdom of the),2000,"Cinnamon and cinnamon-tree flowers, raw",5806.0,2413.0,0.0
Netherlands (Kingdom of the),2001,"Cinnamon and cinnamon-tree flowers, raw",4671.0,2570.0,0.0
Netherlands (Kingdom of the),2002,"Cinnamon and cinnamon-tree flowers, raw",3676.0,2150.0,0.0
Netherlands (Kingdom of the),2003,"Cinnamon and cinnamon-tree flowers, raw",4013.0,1965.0,0.0
Netherlands (Kingdom of the),2004,"Cinnamon and cinnamon-tree flowers, raw",3671.0,2053.0,0.0
Netherlands (Kingdom of the),2005,"Cinnamon and cinnamon-tree flowers, raw",5897.0,2685.0,0.0
Netherlands (Kingdom of the),2006,"Cinnamon and cinnamon-tree flowers, raw",4919.0,2502.0,0.0
Netherlands (Kingdom of the),2007,"Cinnamon and cinnamon-tree flowers, raw",4524.0,2735.0,0.0
Netherlands (Kingdom of the),2008,"Cinnamon and cinnamon-tree flowers, raw",3877.0,2634.0,0.0
Netherlands (Kingdom of the),2009,"Cinnamon and cinnamon-tree flowers, raw",3987.0,3229.0,0.0
Netherlands (Kingdom of the),2010,"Cinnamon and cinnamon-tree flowers, raw",4555.0,2968.0,0.0
Netherlands (Kingdom of the),2011,"Cinnamon and cinnamon-tree flowers, raw",5271.0,2809.0,0.0
Netherlands (Kingdom of the),2012,"Cinnamon and cinnamon-tree flowers, raw",4388.0,3133.0,0.0
Netherlands (Kingdom of the),2013,"Cinnamon and cinnamon-tree flowers, raw",5136.0,4011.0,0.0
Netherlands (Kingdom of the),2014,"Cinnamon and cinnamon-tree flowers, raw",8841.46,3706.0,0.0
Netherlands (Kingdom of the),2015,"Cinnamon and cinnamon-tree flowers, raw",6640.68,3274.7,0.0
Netherlands (Kingdom of the),2016,"Cinnamon and cinnamon-tree flowers, raw",5232.62,3717.46,0.0
Netherlands (Kingdom of the),2017,"Cinnamon and cinnamon-tree flowers, raw",7441.1,6175.8,0.0
Netherlands (Kingdom of the),2018,"Cinnamon and cinnamon-tree flowers, raw",8162.46,5480.81,0.0
Netherlands (Kingdom of the),2019,"Cinnamon and cinnamon-tree flowers, raw",5610.91,5432.03,0.0
Netherlands (Kingdom of the),2020,"Cinnamon and cinnamon-tree flowers, raw",6816.39,4698.46,0.0
Netherlands (Kingdom of the),2021,"Cinnamon and cinnamon-tree flowers, raw",6464.76,5037.89,0.0
Netherlands (Kingdom of the),2022,"Cinnamon and cinnamon-tree flowers, raw",6150.57,4347.19,0.0
New Caledonia,2003,"Cinnamon and cinnamon-tree flowers, raw",1.0,0.0,0.0
New Caledonia,2004,"Cinnamon and cinnamon-tree flowers, raw",1.0,0.0,0.0
New Caledonia,2005,"Cinnamon and cinnamon-tree flowers, raw",1.0,0.0,0.0
New Caledonia,2006,"Cinnamon and cinnamon-tree flowers, raw",1.0,0.0,0.0
New Caledonia,2007,"Cinnamon and cinnamon-tree flowers, raw",1.0,0.0,0.0
New Caledonia,2008,"Cinnamon and cinnamon-tree flowers, raw",1.0,0.0,0.0
New Caledonia,2009,"Cinnamon and cinnamon-tree flowers, raw",2.0,0.0,0.0
New Caledonia,2010,"Cinnamon and cinnamon-tree flowers, raw",2.0,0.0,0.0
New Caledonia,2011,"Cinnamon and cinnamon-tree flowers, raw",2.0,0.0,0.0
New Caledonia,2013,"Cinnamon and cinnamon-tree flowers, raw",2.0,0.0,0.0
New Caledonia,2014,"Cinnamon and cinnamon-tree flowers, raw",2.65,0.01,0.0
New Caledonia,2016,"Cinnamon and cinnamon-tree flowers, raw",0.09,0.0,0.0
New Caledonia,2017,"Cinnamon and cinnamon-tree flowers, raw",0.95,0.0,0.0
New Caledonia,2018,"Cinnamon and cinnamon-tree flowers, raw",0.02,0.0,0.0
New Caledonia,2019,"Cinnamon and cinnamon-tree flowers, raw",0.14,0.0,0.0
New Caledonia,2020,"Cinnamon and cinnamon-tree flowers, raw",1.01,0.0,0.0
New Caledonia,2021,"Cinnamon and cinnamon-tree flowers, raw",0.09,0.0,0.0
New Caledonia,2022,"Cinnamon and cinnamon-tree flowers, raw",0.06,0.0,0.0
New Zealand,1993,"Cinnamon and cinnamon-tree flowers, raw",108.0,0.0,0.0
New Zealand,1994,"Cinnamon and cinnamon-tree flowers, raw",109.0,0.0,0.0
New Zealand,1996,"Cinnamon and cinnamon-tree flowers, raw",123.0,0.0,0.0
New Zealand,1997,"Cinnamon and cinnamon-tree flowers, raw",116.0,0.0,0.0
New Zealand,1998,"Cinnamon and cinnamon-tree flowers, raw",104.0,0.0,0.0
New Zealand,1999,"Cinnamon and cinnamon-tree flowers, raw",137.0,1.0,0.0
New Zealand,2000,"Cinnamon and cinnamon-tree flowers, raw",131.78,1.0,0.0
New Zealand,2001,"Cinnamon and cinnamon-tree flowers, raw",130.0,0.0,0.0
New Zealand,2002,"Cinnamon and cinnamon-tree flowers, raw",131.0,0.0,0.0
New Zealand,2003,"Cinnamon and cinnamon-tree flowers, raw",147.0,0.0,0.0
New Zealand,2004,"Cinnamon and cinnamon-tree flowers, raw",113.0,0.0,0.0
New Zealand,2006,"Cinnamon and cinnamon-tree flowers, raw",95.0,0.0,0.0
New Zealand,2007,"Cinnamon and cinnamon-tree flowers, raw",70.0,0.0,0.0
New Zealand,2008,"Cinnamon and cinnamon-tree flowers, raw",79.0,0.0,0.0
New Zealand,2009,"Cinnamon and cinnamon-tree flowers, raw",104.0,1.0,0.0
New Zealand,2012,"Cinnamon and cinnamon-tree flowers, raw",122.0,1.0,0.0
New Zealand,2013,"Cinnamon and cinnamon-tree flowers, raw",125.0,3.0,0.0
New Zealand,2014,"Cinnamon and cinnamon-tree flowers, raw",218.15,1.7,0.0
New Zealand,2016,"Cinnamon and cinnamon-tree flowers, raw",390.67,2.02,0.0
New Zealand,2017,"Cinnamon and cinnamon-tree flowers, raw",175.04,1.54,0.0
New Zealand,2018,"Cinnamon and cinnamon-tree flowers, raw",154.2,2.05,0.0
New Zealand,2019,"Cinnamon and cinnamon-tree flowers, raw",163.31,1.62,0.0
New Zealand,2020,"Cinnamon and cinnamon-tree flowers, raw",183.21,3.78,0.0
New Zealand,2021,"Cinnamon and cinnamon-tree flowers, raw",214.86,4.28,0.0
New Zealand,2022,"Cinnamon and cinnamon-tree flowers, raw",197.23,2.68,0.0
New Zealand,2023,"Cinnamon and cinnamon-tree flowers, raw",132.24,3.39,0.0
Nicaragua,1993,"Cinnamon and cinnamon-tree flowers, raw",82.0,0.0,0.0
Nicaragua,1994,"Cinnamon and cinnamon-tree flowers, raw",109.0,0.0,0.0
Nicaragua,1995,"Cinnamon and cinnamon-tree flowers, raw",89.0,0.0,0.0
Nicaragua,1996,"Cinnamon and cinnamon-tree flowers, raw",99.0,0.0,0.0
Nicaragua,1997,"Cinnamon and cinnamon-tree flowers, raw",101.0,0.0,0.0
Nicaragua,1998,"Cinnamon and cinnamon-tree flowers, raw",84.0,0.0,0.0
Nicaragua,1999,"Cinnamon and cinnamon-tree flowers, raw",118.0,0.0,0.0
Nicaragua,2000,"Cinnamon and cinnamon-tree flowers, raw",126.09,0.01,0.0
Nicaragua,2001,"Cinnamon and cinnamon-tree flowers, raw",114.0,1.0,0.0
Nicaragua,2002,"Cinnamon and cinnamon-tree flowers, raw",145.0,0.0,0.0
Nicaragua,2003,"Cinnamon and cinnamon-tree flowers, raw",134.0,1.0,0.0
Nicaragua,2004,"Cinnamon and cinnamon-tree flowers, raw",162.0,1.0,0.0
Nicaragua,2005,"Cinnamon and cinnamon-tree flowers, raw",141.0,1.0,0.0
Nicaragua,2006,"Cinnamon and cinnamon-tree flowers, raw",160.0,2.0,0.0
Nicaragua,2008,"Cinnamon and cinnamon-tree flowers, raw",133.0,0.0,0.0
Nicaragua,2009,"Cinnamon and cinnamon-tree flowers, raw",150.0,0.0,0.0
Nicaragua,2010,"Cinnamon and cinnamon-tree flowers, raw",169.0,0.0,0.0
Nicaragua,2011,"Cinnamon and cinnamon-tree flowers, raw",189.0,2.0,0.0
Nicaragua,2012,"Cinnamon and cinnamon-tree flowers, raw",184.0,1.0,0.0
Nicaragua,2013,"Cinnamon and cinnamon-tree flowers, raw",162.0,2.0,0.0
Nicaragua,2014,"Cinnamon and cinnamon-tree flowers, raw",210.05,0.19,0.0
Nicaragua,2015,"Cinnamon and cinnamon-tree flowers, raw",175.15,5.98,0.0
Nicaragua,2016,"Cinnamon and cinnamon-tree flowers, raw",256.55,6.76,0.0
Nicaragua,2017,"Cinnamon and cinnamon-tree flowers, raw",225.36,7.84,0.0
Nicaragua,2018,"Cinnamon and cinnamon-tree flowers, raw",217.27,3.79,0.0
Nicaragua,2019,"Cinnamon and cinnamon-tree flowers, raw",246.09,10.31,0.0
Nicaragua,2020,"Cinnamon and cinnamon-tree flowers, raw",245.86,16.45,0.0
Nicaragua,2021,"Cinnamon and cinnamon-tree flowers, raw",240.8,2.17,0.0
Nicaragua,2023,"Cinnamon and cinnamon-tree flowers, raw",273.83,0.75,0.0
Niger,1994,"Cinnamon and cinnamon-tree flowers, raw",0.0,0.0,0.0
Niger,1995,"Cinnamon and cinnamon-tree flowers, raw",0.2,0.0,0.0
Niger,1996,"Cinnamon and cinnamon-tree flowers, raw",0.03,0.0,0.0
Niger,1997,"Cinnamon and cinnamon-tree flowers, raw",0.0,0.0,0.0
Niger,1998,"Cinnamon and cinnamon-tree flowers, raw",0.24,0.0,0.0
Niger,1999,"Cinnamon and cinnamon-tree flowers, raw",0.28,0.0,0.0
Niger,2001,"Cinnamon and cinnamon-tree flowers, raw",0.0,0.0,0.0
Niger,2002,"Cinnamon and cinnamon-tree flowers, raw",0.0,0.0,0.0
Niger,2003,"Cinnamon and cinnamon-tree flowers, raw",0.0,0.0,0.0
Niger,2004,"Cinnamon and cinnamon-tree flowers, raw",0.0,0.0,0.0
Niger,2005,"Cinnamon and cinnamon-tree flowers, raw",0.0,0.0,0.0
Niger,2006,"Cinnamon and cinnamon-tree flowers, raw",0.0,0.0,0.0
Niger,2007,"Cinnamon and cinnamon-tree flowers, raw",0.0,0.0,0.0
Niger,2008,"Cinnamon and cinnamon-tree flowers, raw",0.0,0.0,0.0
Niger,2009,"Cinnamon and cinnamon-tree flowers, raw",0.0,0.0,0.0
Niger,2010,"Cinnamon and cinnamon-tree flowers, raw",0.0,0.0,0.0
Niger,2011,"Cinnamon and cinnamon-tree flowers, raw",0.0,0.0,0.0
Niger,2012,"Cinnamon and cinnamon-tree flowers, raw",0.0,0.0,0.0
Niger,2013,"Cinnamon and cinnamon-tree flowers, raw",1.0,0.0,0.0
Niger,2016,"Cinnamon and cinnamon-tree flowers, raw",1.8,0.0,0.0
Niger,2018,"Cinnamon and cinnamon-tree flowers, raw",1.6,0.0,0.0
Niger,2021,"Cinnamon and cinnamon-tree flowers, raw",0.05,0.0,0.0
Niger,2022,"Cinnamon and cinnamon-tree flowers, raw",0.08,0.0,0.0
Niger,2023,"Cinnamon and cinnamon-tree flowers, raw",0.05,0.0,0.0
Nigeria,2000,"Cinnamon and cinnamon-tree flowers, raw",2.6,0.0,0.0
Nigeria,2001,"Cinnamon and cinnamon-tree flowers, raw",0.0,0.0,0.0
Nigeria,2002,"Cinnamon and cinnamon-tree flowers, raw",3.0,0.0,0.0
Nigeria,2003,"Cinnamon and cinnamon-tree flowers, raw",8.0,0.0,0.0
Nigeria,2004,"Cinnamon and cinnamon-tree flowers, raw",10.0,0.0,0.0
Nigeria,2005,"Cinnamon and cinnamon-tree flowers, raw",0.0,0.0,0.0
Nigeria,2006,"Cinnamon and cinnamon-tree flowers, raw",0.0,0.0,0.0
Nigeria,2007,"Cinnamon and cinnamon-tree flowers, raw",0.0,0.0,0.0
Nigeria,2008,"Cinnamon and cinnamon-tree flowers, raw",184.0,0.0,0.0
Nigeria,2009,"Cinnamon and cinnamon-tree flowers, raw",184.0,0.0,0.0
Nigeria,2010,"Cinnamon and cinnamon-tree flowers, raw",0.0,0.0,0.0
Nigeria,2011,"Cinnamon and cinnamon-tree flowers, raw",0.0,0.0,0.0
Nigeria,2012,"Cinnamon and cinnamon-tree flowers, raw",17.0,0.0,0.0
Nigeria,2013,"Cinnamon and cinnamon-tree flowers, raw",25.0,0.0,0.0
Nigeria,2014,"Cinnamon and cinnamon-tree flowers, raw",6.54,1.0,0.0
Nigeria,2015,"Cinnamon and cinnamon-tree flowers, raw",5.73,1.33,0.0
Nigeria,2016,"Cinnamon and cinnamon-tree flowers, raw",21.03,96.35,0.0
Nigeria,2017,"Cinnamon and cinnamon-tree flowers, raw",27.82,98.32,0.0
Nigeria,2018,"Cinnamon and cinnamon-tree flowers, raw",81.37,12.83,0.0
Nigeria,2019,"Cinnamon and cinnamon-tree flowers, raw",54.1,26.41,0.0
Nigeria,2020,"Cinnamon and cinnamon-tree flowers, raw",93.82,26.09,0.0
Nigeria,2021,"Cinnamon and cinnamon-tree flowers, raw",55.1,29.54,0.0
Nigeria,2022,"Cinnamon and cinnamon-tree flowers, raw",19.93,4.78,0.0
Nigeria,2023,"Cinnamon and cinnamon-tree flowers, raw",79.06,11.51,0.0
Niue,2014,"Cinnamon and cinnamon-tree flowers, raw",0.05,0.0,0.0
Niue,2016,"Cinnamon and cinnamon-tree flowers, raw",0.01,0.0,0.0
Niue,2017,"Cinnamon and cinnamon-tree flowers, raw",0.01,0.0,0.0
Niue,2018,"Cinnamon and cinnamon-tree flowers, raw",0.01,0.0,0.0
Niue,2019,"Cinnamon and cinnamon-tree flowers, raw",0.01,0.0,0.0
Niue,2020,"Cinnamon and cinnamon-tree flowers, raw",0.01,0.0,0.0
Niue,2021,"Cinnamon and cinnamon-tree flowers, raw",0.0,0.0,0.0
Niue,2022,"Cinnamon and cinnamon-tree flowers, raw",0.01,0.0,0.0
Niue,2023,"Cinnamon and cinnamon-tree flowers, raw",0.0,0.0,0.0
North Macedonia,1994,"Cinnamon and cinnamon-tree flowers, raw",6.0,0.0,0.0
North Macedonia,1995,"Cinnamon and cinnamon-tree flowers, raw",0.0,0.0,0.0
North Macedonia,1996,"Cinnamon and cinnamon-tree flowers, raw",2.0,0.0,0.0
North Macedonia,1997,"Cinnamon and cinnamon-tree flowers, raw",1.0,0.0,0.0
North Macedonia,1998,"Cinnamon and cinnamon-tree flowers, raw",3.0,0.0,0.0
North Macedonia,1999,"Cinnamon and cinnamon-tree flowers, raw",3.0,0.0,0.0
North Macedonia,2000,"Cinnamon and cinnamon-tree flowers, raw",1.0,0.0,0.0
North Macedonia,2001,"Cinnamon and cinnamon-tree flowers, raw",2.0,0.0,0.0
North Macedonia,2002,"Cinnamon and cinnamon-tree flowers, raw",4.0,0.0,0.0
North Macedonia,2003,"Cinnamon and cinnamon-tree flowers, raw",2.0,0.0,0.0
North Macedonia,2005,"Cinnamon and cinnamon-tree flowers, raw",2.0,2.0,0.0
North Macedonia,2006,"Cinnamon and cinnamon-tree flowers, raw",4.0,0.0,0.0
North Macedonia,2007,"Cinnamon and cinnamon-tree flowers, raw",5.0,0.0,0.0
North Macedonia,2008,"Cinnamon and cinnamon-tree flowers, raw",10.0,0.0,0.0
North Macedonia,2009,"Cinnamon and cinnamon-tree flowers, raw",4.0,0.0,0.0
North Macedonia,2011,"Cinnamon and cinnamon-tree flowers, raw",8.0,0.0,0.0
North Macedonia,2012,"Cinnamon and cinnamon-tree flowers, raw",12.0,1.0,0.0
North Macedonia,2013,"Cinnamon and cinnamon-tree flowers, raw",18.0,1.0,0.0
North Macedonia,2014,"Cinnamon and cinnamon-tree flowers, raw",19.45,0.18,0.0
North Macedonia,2015,"Cinnamon and cinnamon-tree flowers, raw",23.31,0.29,0.0
North Macedonia,2016,"Cinnamon and cinnamon-tree flowers, raw",26.93,0.4,0.0
North Macedonia,2017,"Cinnamon and cinnamon-tree flowers, raw",20.67,0.05,0.0
North Macedonia,2018,"Cinnamon and cinnamon-tree flowers, raw",22.02,0.25,0.0
North Macedonia,2019,"Cinnamon and cinnamon-tree flowers, raw",24.94,0.13,0.0
North Macedonia,2020,"Cinnamon and cinnamon-tree flowers, raw",23.29,0.06,0.0
North Macedonia,2021,"Cinnamon and cinnamon-tree flowers, raw",24.99,0.05,0.0
North Macedonia,2022,"Cinnamon and cinnamon-tree flowers, raw",17.53,0.01,0.0
North Macedonia,2023,"Cinnamon and cinnamon-tree flowers, raw",19.78,0.0,0.0
Norway,1993,"Cinnamon and cinnamon-tree flowers, raw",121.0,0.0,0.0
Norway,1994,"Cinnamon and cinnamon-tree flowers, raw",108.0,0.0,0.0
Norway,1995,"Cinnamon and cinnamon-tree flowers, raw",100.0,0.0,0.0
Norway,1996,"Cinnamon and cinnamon-tree flowers, raw",124.0,1.0,0.0
Norway,1997,"Cinnamon and cinnamon-tree flowers, raw",144.0,1.0,0.0
Norway,1999,"Cinnamon and cinnamon-tree flowers, raw",132.0,0.0,0.0
Norway,2000,"Cinnamon and cinnamon-tree flowers, raw",148.25,0.83,0.0
Norway,2001,"Cinnamon and cinnamon-tree flowers, raw",165.0,0.0,0.0
Norway,2002,"Cinnamon and cinnamon-tree flowers, raw",181.0,0.0,0.0
Norway,2003,"Cinnamon and cinnamon-tree flowers, raw",139.0,0.0,0.0
Norway,2005,"Cinnamon and cinnamon-tree flowers, raw",147.0,0.0,0.0
Norway,2006,"Cinnamon and cinnamon-tree flowers, raw",184.0,1.0,0.0
Norway,2007,"Cinnamon and cinnamon-tree flowers, raw",175.0,1.0,0.0
Norway,2008,"Cinnamon and cinnamon-tree flowers, raw",195.0,1.0,0.0
Norway,2009,"Cinnamon and cinnamon-tree flowers, raw",150.0,0.0,0.0
Norway,2010,"Cinnamon and cinnamon-tree flowers, raw",144.0,0.0,0.0
Norway,2011,"Cinnamon and cinnamon-tree flowers, raw",154.0,3.0,0.0
Norway,2012,"Cinnamon and cinnamon-tree flowers, raw",155.0,1.0,0.0
Norway,2013,"Cinnamon and cinnamon-tree flowers, raw",202.0,0.0,0.0
Norway,2014,"Cinnamon and cinnamon-tree flowers, raw",147.47,2.43,0.0
Norway,2015,"Cinnamon and cinnamon-tree flowers, raw",180.6,0.04,0.0
Norway,2016,"Cinnamon and cinnamon-tree flowers, raw",199.41,0.02,0.0
Norway,2017,"Cinnamon and cinnamon-tree flowers, raw",190.11,0.15,0.0
Norway,2018,"Cinnamon and cinnamon-tree flowers, raw",207.56,1.45,0.0
Norway,2019,"Cinnamon and cinnamon-tree flowers, raw",181.87,0.02,0.0
Norway,2020,"Cinnamon and cinnamon-tree flowers, raw",232.92,0.44,0.0
Norway,2021,"Cinnamon and cinnamon-tree flowers, raw",217.28,1.59,0.0
Norway,2022,"Cinnamon and cinnamon-tree flowers, raw",197.96,0.25,0.0
Norway,2023,"Cinnamon and cinnamon-tree flowers, raw",220.04,0.1,0.0
Oman,1993,"Cinnamon and cinnamon-tree flowers, raw",104.0,0.0,0.0
Oman,1994,"Cinnamon and cinnamon-tree flowers, raw",146.0,0.0,0.0
Oman,1995,"Cinnamon and cinnamon-tree flowers, raw",222.0,0.0,0.0
Oman,1996,"Cinnamon and cinnamon-tree flowers, raw",21.0,0.0,0.0
Oman,1997,"Cinnamon and cinnamon-tree flowers, raw",140.0,7.0,0.0
Oman,1999,"Cinnamon and cinnamon-tree flowers, raw",297.0,29.0,0.0
Oman,2000,"Cinnamon and cinnamon-tree flowers, raw",61.0,0.0,0.0
Oman,2001,"Cinnamon and cinnamon-tree flowers, raw",34.0,0.0,0.0
Oman,2002,"Cinnamon and cinnamon-tree flowers, raw",31.0,0.0,0.0
Oman,2004,"Cinnamon and cinnamon-tree flowers, raw",47.0,0.0,0.0
Oman,2005,"Cinnamon and cinnamon-tree flowers, raw",170.0,0.0,0.0
Oman,2006,"Cinnamon and cinnamon-tree flowers, raw",170.0,0.0,0.0
Oman,2007,"Cinnamon and cinnamon-tree flowers, raw",18.0,0.0,0.0
Oman,2008,"Cinnamon and cinnamon-tree flowers, raw",182.0,0.0,0.0
Oman,2009,"Cinnamon and cinnamon-tree flowers, raw",148.0,0.0,0.0
Oman,2010,"Cinnamon and cinnamon-tree flowers, raw",257.0,0.0,0.0
Oman,2011,"Cinnamon and cinnamon-tree flowers, raw",224.0,2.0,0.0
Oman,2013,"Cinnamon and cinnamon-tree flowers, raw",281.0,0.0,0.0
Oman,2014,"Cinnamon and cinnamon-tree flowers, raw",360.06,0.0,0.0
Oman,2015,"Cinnamon and cinnamon-tree flowers, raw",398.5,0.23,0.0
Oman,2016,"Cinnamon and cinnamon-tree flowers, raw",405.29,26.84,0.0
Oman,2017,"Cinnamon and cinnamon-tree flowers, raw",589.97,121.89,0.0
Oman,2018,"Cinnamon and cinnamon-tree flowers, raw",579.86,25.23,0.0
Oman,2019,"Cinnamon and cinnamon-tree flowers, raw",576.71,84.99,0.0
Oman,2020,"Cinnamon and cinnamon-tree flowers, raw",817.53,185.18,0.0
Oman,2021,"Cinnamon and cinnamon-tree flowers, raw",811.01,61.64,0.0
Oman,2022,"Cinnamon and cinnamon-tree flowers, raw",991.13,0.2,0.0
Oman,2023,"Cinnamon and cinnamon-tree flowers, raw",661.77,10.45,0.0
Pakistan,1994,"Cinnamon and cinnamon-tree flowers, raw",860.0,0.0,0.0
Pakistan,1995,"Cinnamon and cinnamon-tree flowers, raw",860.0,0.0,0.0
Pakistan,1996,"Cinnamon and cinnamon-tree flowers, raw",724.0,0.0,0.0
Pakistan,1997,"Cinnamon and cinnamon-tree flowers, raw",665.0,0.0,0.0
Pakistan,1998,"Cinnamon and cinnamon-tree flowers, raw",1501.0,0.0,0.0
Pakistan,1999,"Cinnamon and cinnamon-tree flowers, raw",1414.0,0.0,0.0
Pakistan,2000,"Cinnamon and cinnamon-tree flowers, raw",1566.89,0.0,0.0
Pakistan,2001,"Cinnamon and cinnamon-tree flowers, raw",2255.0,35.0,0.0
Pakistan,2002,"Cinnamon and cinnamon-tree flowers, raw",2621.0,62.0,0.0
Pakistan,2003,"Cinnamon and cinnamon-tree flowers, raw",2882.0,0.0,0.0
Pakistan,2004,"Cinnamon and cinnamon-tree flowers, raw",2483.0,0.0,0.0
Pakistan,2005,"Cinnamon and cinnamon-tree flowers, raw",3639.0,15.0,0.0
Pakistan,2006,"Cinnamon and cinnamon-tree flowers, raw",3860.0,0.0,0.0
Pakistan,2007,"Cinnamon and cinnamon-tree flowers, raw",4193.0,1.0,0.0
Pakistan,2008,"Cinnamon and cinnamon-tree flowers, raw",4727.0,0.0,0.0
Pakistan,2009,"Cinnamon and cinnamon-tree flowers, raw",4089.0,1.0,0.0
Pakistan,2010,"Cinnamon and cinnamon-tree flowers, raw",4423.0,1.0,0.0
Pakistan,2011,"Cinnamon and cinnamon-tree flowers, raw",4766.0,2.0,0.0
Pakistan,2012,"Cinnamon and cinnamon-tree flowers, raw",1988.0,3.0,0.0
Pakistan,2013,"Cinnamon and cinnamon-tree flowers, raw",1418.0,17.0,0.0
Pakistan,2014,"Cinnamon and cinnamon-tree flowers, raw",2843.54,3.75,0.0
Pakistan,2016,"Cinnamon and cinnamon-tree flowers, raw",2987.31,2.01,0.0
Pakistan,2017,"Cinnamon and cinnamon-tree flowers, raw",4986.17,0.48,0.0
Pakistan,2018,"Cinnamon and cinnamon-tree flowers, raw",4359.15,13.11,0.0
Pakistan,2019,"Cinnamon and cinnamon-tree flowers, raw",5770.84,3.63,0.0
Pakistan,2020,"Cinnamon and cinnamon-tree flowers, raw",6724.04,1.39,0.0
Pakistan,2021,"Cinnamon and cinnamon-tree flowers, raw",5704.02,4.76,0.0
Pakistan,2022,"Cinnamon and cinnamon-tree flowers, raw",7065.87,5.29,0.0
Pakistan,2023,"Cinnamon and cinnamon-tree flowers, raw",6204.34,4.81,0.0
Palestine,1996,"Cinnamon and cinnamon-tree flowers, raw",31.0,3.0,0.0
Palestine,1997,"Cinnamon and cinnamon-tree flowers, raw",7.0,0.0,0.0
Palestine,1998,"Cinnamon and cinnamon-tree flowers, raw",59.0,11.0,0.0
Palestine,2001,"Cinnamon and cinnamon-tree flowers, raw",30.0,0.0,0.0
Palestine,2002,"Cinnamon and cinnamon-tree flowers, raw",28.0,0.0,0.0
Palestine,2003,"Cinnamon and cinnamon-tree flowers, raw",30.0,0.0,0.0
Palestine,2004,"Cinnamon and cinnamon-tree flowers, raw",30.0,0.0,0.0
Palestine,2005,"Cinnamon and cinnamon-tree flowers, raw",30.0,0.0,0.0
Palestine,2006,"Cinnamon and cinnamon-tree flowers, raw",35.0,0.0,0.0
Palestine,2007,"Cinnamon and cinnamon-tree flowers, raw",40.0,0.0,0.0
Palestine,2008,"Cinnamon and cinnamon-tree flowers, raw",40.0,0.0,0.0
Palestine,2009,"Cinnamon and cinnamon-tree flowers, raw",13.0,0.0,0.0
Palestine,2010,"Cinnamon and cinnamon-tree flowers, raw",13.0,0.0,0.0
Palestine,2011,"Cinnamon and cinnamon-tree flowers, raw",13.0,0.0,0.0
Palestine,2012,"Cinnamon and cinnamon-tree flowers, raw",13.0,0.0,0.0
Palestine,2013,"Cinnamon and cinnamon-tree flowers, raw",13.0,0.0,0.0
Palestine,2022,"Cinnamon and cinnamon-tree flowers, raw",4.11,0.0,0.0
Panama,1993,"Cinnamon and cinnamon-tree flowers, raw",76.0,0.0,0.0
Panama,1995,"Cinnamon and cinnamon-tree flowers, raw",103.0,0.0,0.0
Panama,1996,"Cinnamon and cinnamon-tree flowers, raw",81.0,0.0,0.0
Panama,1997,"Cinnamon and cinnamon-tree flowers, raw",103.0,0.0,0.0
Panama,1998,"Cinnamon and cinnamon-tree flowers, raw",95.0,0.0,0.0
Panama,1999,"Cinnamon and cinnamon-tree flowers, raw",102.0,0.0,0.0
Panama,2000,"Cinnamon and cinnamon-tree flowers, raw",134.33,0.0,0.0
Panama,2001,"Cinnamon and cinnamon-tree flowers, raw",100.0,0.0,0.0
Panama,2002,"Cinnamon and cinnamon-tree flowers, raw",108.0,0.0,0.0
Panama,2003,"Cinnamon and cinnamon-tree flowers, raw",127.0,0.0,0.0
Panama,2004,"Cinnamon and cinnamon-tree flowers, raw",112.0,0.0,0.0
Panama,2005,"Cinnamon and cinnamon-tree flowers, raw",109.0,0.0,0.0
Panama,2006,"Cinnamon and cinnamon-tree flowers, raw",164.0,0.0,0.0
Panama,2007,"Cinnamon and cinnamon-tree flowers, raw",137.0,0.0,0.0
Panama,2008,"Cinnamon and cinnamon-tree flowers, raw",167.0,0.0,0.0
Panama,2009,"Cinnamon and cinnamon-tree flowers, raw",180.0,0.0,0.0
Panama,2011,"Cinnamon and cinnamon-tree flowers, raw",182.0,0.0,0.0
Panama,2012,"Cinnamon and cinnamon-tree flowers, raw",260.0,0.0,0.0
Panama,2013,"Cinnamon and cinnamon-tree flowers, raw",195.0,0.0,0.0
Panama,2015,"Cinnamon and cinnamon-tree flowers, raw",89.49,0.03,0.0
Panama,2016,"Cinnamon and cinnamon-tree flowers, raw",124.59,0.01,0.0
Panama,2017,"Cinnamon and cinnamon-tree flowers, raw",246.7,0.12,0.0
Panama,2018,"Cinnamon and cinnamon-tree flowers, raw",231.69,1.69,0.0
Panama,2019,"Cinnamon and cinnamon-tree flowers, raw",210.82,1.0,0.0
Panama,2020,"Cinnamon and cinnamon-tree flowers, raw",238.43,0.69,0.0
Panama,2022,"Cinnamon and cinnamon-tree flowers, raw",243.63,0.0,0.0
Panama,2023,"Cinnamon and cinnamon-tree flowers, raw",248.0,0.0,0.0
Papua New Guinea,1993,"Cinnamon and cinnamon-tree flowers, raw",1.0,0.0,0.0
Papua New Guinea,1994,"Cinnamon and cinnamon-tree flowers, raw",1.0,0.0,0.0
Papua New Guinea,1995,"Cinnamon and cinnamon-tree flowers, raw",1.0,0.0,0.0
Papua New Guinea,1996,"Cinnamon and cinnamon-tree flowers, raw",0.0,0.0,0.0
Papua New Guinea,1997,"Cinnamon and cinnamon-tree flowers, raw",0.0,0.0,0.0
Papua New Guinea,1998,"Cinnamon and cinnamon-tree flowers, raw",0.0,0.0,0.0
Papua New Guinea,1999,"Cinnamon and cinnamon-tree flowers, raw",0.0,0.0,0.0
Papua New Guinea,2000,"Cinnamon and cinnamon-tree flowers, raw",0.68,0.0,0.0
Papua New Guinea,2002,"Cinnamon and cinnamon-tree flowers, raw",0.0,0.0,0.0
Papua New Guinea,2003,"Cinnamon and cinnamon-tree flowers, raw",0.0,0.0,0.0
Papua New Guinea,2004,"Cinnamon and cinnamon-tree flowers, raw",0.0,0.0,0.0
Papua New Guinea,2005,"Cinnamon and cinnamon-tree flowers, raw",0.0,0.0,0.0
Papua New Guinea,2006,"Cinnamon and cinnamon-tree flowers, raw",0.0,0.0,0.0
Papua New Guinea,2007,"Cinnamon and cinnamon-tree flowers, raw",0.0,0.0,0.0
Papua New Guinea,2008,"Cinnamon and cinnamon-tree flowers, raw",0.0,0.0,0.0
Papua New Guinea,2009,"Cinnamon and cinnamon-tree flowers, raw",0.0,0.0,0.0
Papua New Guinea,2010,"Cinnamon and cinnamon-tree flowers, raw",0.0,0.0,0.0
Papua New Guinea,2011,"Cinnamon and cinnamon-tree flowers, raw",0.0,0.0,0.0
Papua New Guinea,2012,"Cinnamon and cinnamon-tree flowers, raw",0.0,0.0,0.0
Papua New Guinea,2013,"Cinnamon and cinnamon-tree flowers, raw",0.0,0.0,0.0
Papua New Guinea,2014,"Cinnamon and cinnamon-tree flowers, raw",0.06,0.0,0.0
Papua New Guinea,2015,"Cinnamon and cinnamon-tree flowers, raw",0.09,0.0,0.0
Papua New Guinea,2018,"Cinnamon and cinnamon-tree flowers, raw",0.56,0.29,0.0
Papua New Guinea,2019,"Cinnamon and cinnamon-tree flowers, raw",0.26,0.0,0.0
Papua New Guinea,2020,"Cinnamon and cinnamon-tree flowers, raw",1.39,0.0,0.0
Papua New Guinea,2023,"Cinnamon and cinnamon-tree flowers, raw",3.63,0.0,0.0
Paraguay,1993,"Cinnamon and cinnamon-tree flowers, raw",2.0,0.0,0.0
Paraguay,1994,"Cinnamon and cinnamon-tree flowers, raw",1.0,0.0,0.0
Paraguay,1995,"Cinnamon and cinnamon-tree flowers, raw",14.0,0.0,0.0
Paraguay,1996,"Cinnamon and cinnamon-tree flowers, raw",8.0,0.0,0.0
Paraguay,1997,"Cinnamon and cinnamon-tree flowers, raw",1.0,0.0,0.0
Paraguay,1998,"Cinnamon and cinnamon-tree flowers, raw",1.0,0.0,0.0
Paraguay,1999,"Cinnamon and cinnamon-tree flowers, raw",0.0,0.0,0.0
Paraguay,2000,"Cinnamon and cinnamon-tree flowers, raw",1.0,0.0,0.0
Paraguay,2001,"Cinnamon and cinnamon-tree flowers, raw",3.0,0.0,0.0
Paraguay,2002,"Cinnamon and cinnamon-tree flowers, raw",2.0,0.0,0.0
Paraguay,2003,"Cinnamon and cinnamon-tree flowers, raw",0.0,0.0,0.0
Paraguay,2004,"Cinnamon and cinnamon-tree flowers, raw",0.0,0.0,0.0
Paraguay,2005,"Cinnamon and cinnamon-tree flowers, raw",0.0,0.0,0.0
Paraguay,2006,"Cinnamon and cinnamon-tree flowers, raw",1.0,0.0,0.0
Paraguay,2007,"Cinnamon and cinnamon-tree flowers, raw",0.0,0.0,0.0
Paraguay,2008,"Cinnamon and cinnamon-tree flowers, raw",0.0,0.0,0.0
Paraguay,2009,"Cinnamon and cinnamon-tree flowers, raw",1.0,0.0,0.0
Paraguay,2011,"Cinnamon and cinnamon-tree flowers, raw",0.0,0.0,0.0
Paraguay,2012,"Cinnamon and cinnamon-tree flowers, raw",0.0,0.0,0.0
Paraguay,2013,"Cinnamon and cinnamon-tree flowers, raw",0.0,0.0,0.0
Paraguay,2014,"Cinnamon and cinnamon-tree flowers, raw",0.58,0.0,0.0
Paraguay,2015,"Cinnamon and cinnamon-tree flowers, raw",0.57,0.0,0.0
Paraguay,2016,"Cinnamon and cinnamon-tree flowers, raw",1.22,0.0,0.0
Paraguay,2017,"Cinnamon and cinnamon-tree flowers, raw",1.27,0.0,0.0
Paraguay,2018,"Cinnamon and cinnamon-tree flowers, raw",1.47,0.0,0.0
Paraguay,2019,"Cinnamon and cinnamon-tree flowers, raw",4.53,0.0,0.0
Paraguay,2020,"Cinnamon and cinnamon-tree flowers, raw",10.79,0.0,0.0
Paraguay,2021,"Cinnamon and cinnamon-tree flowers, raw",21.91,0.0,0.0
Paraguay,2022,"Cinnamon and cinnamon-tree flowers, raw",33.77,0.0,0.0
Paraguay,2023,"Cinnamon and cinnamon-tree flowers, raw",18.09,0.0,0.0
Peru,1993,"Cinnamon and cinnamon-tree flowers, raw",435.0,0.0,0.0
Peru,1994,"Cinnamon and cinnamon-tree flowers, raw",738.0,0.0,0.0
Peru,1995,"Cinnamon and cinnamon-tree flowers, raw",727.0,0.0,0.0
Peru,1996,"Cinnamon and cinnamon-tree flowers, raw",640.0,15.0,0.0
Peru,1998,"Cinnamon and cinnamon-tree flowers, raw",668.0,0.0,0.0
Peru,1999,"Cinnamon and cinnamon-tree flowers, raw",622.0,2.0,0.0
Peru,2000,"Cinnamon and cinnamon-tree flowers, raw",772.45,0.14,0.0
Peru,2001,"Cinnamon and cinnamon-tree flowers, raw",796.0,5.0,0.0
Peru,2002,"Cinnamon and cinnamon-tree flowers, raw",775.0,0.0,0.0
Peru,2003,"Cinnamon and cinnamon-tree flowers, raw",841.0,0.0,0.0
Peru,2004,"Cinnamon and cinnamon-tree flowers, raw",705.0,3.0,0.0
Peru,2005,"Cinnamon and cinnamon-tree flowers, raw",862.0,1.0,0.0
Peru,2007,"Cinnamon and cinnamon-tree flowers, raw",807.0,1.0,0.0
Peru,2008,"Cinnamon and cinnamon-tree flowers, raw",957.0,0.0,0.0
Peru,2009,"Cinnamon and cinnamon-tree flowers, raw",950.0,1.0,0.0
Peru,2010,"Cinnamon and cinnamon-tree flowers, raw",999.0,3.0,0.0
Peru,2011,"Cinnamon and cinnamon-tree flowers, raw",1145.0,6.0,0.0
Peru,2013,"Cinnamon and cinnamon-tree flowers, raw",1631.0,8.0,0.0
Peru,2014,"Cinnamon and cinnamon-tree flowers, raw",1057.64,7.38,0.0
Peru,2015,"Cinnamon and cinnamon-tree flowers, raw",1535.55,4.94,0.0
Peru,2017,"Cinnamon and cinnamon-tree flowers, raw",1512.07,5.76,0.0
Peru,2018,"Cinnamon and cinnamon-tree flowers, raw",1864.8,6.78,0.0
Peru,2019,"Cinnamon and cinnamon-tree flowers, raw",1649.43,8.57,0.0
Peru,2020,"Cinnamon and cinnamon-tree flowers, raw",2518.31,15.91,0.0
Peru,2021,"Cinnamon and cinnamon-tree flowers, raw",1565.75,19.08,0.0
Peru,2022,"Cinnamon and cinnamon-tree flowers, raw",2150.77,12.75,0.0
Peru,2023,"Cinnamon and cinnamon-tree flowers, raw",2364.4,13.6,0.0
Philippines,1993,"Cinnamon and cinnamon-tree flowers, raw",7.0,0.0,0.0
Philippines,1994,"Cinnamon and cinnamon-tree flowers, raw",6.0,0.0,0.0
Philippines,1995,"Cinnamon and cinnamon-tree flowers, raw",20.0,0.0,0.0
Philippines,1996,"Cinnamon and cinnamon-tree flowers, raw",16.0,0.0,0.0
Philippines,1997,"Cinnamon and cinnamon-tree flowers, raw",19.0,0.0,0.0
Philippines,1998,"Cinnamon and cinnamon-tree flowers, raw",18.0,0.0,0.0
Philippines,1999,"Cinnamon and cinnamon-tree flowers, raw",25.0,0.0,0.0
Philippines,2000,"Cinnamon and cinnamon-tree flowers, raw",12.37,0.0,0.0
Philippines,2001,"Cinnamon and cinnamon-tree flowers, raw",27.0,4.0,0.0
Philippines,2002,"Cinnamon and cinnamon-tree flowers, raw",30.0,2.0,0.0
Philippines,2003,"Cinnamon and cinnamon-tree flowers, raw",34.0,16.0,0.0
Philippines,2005,"Cinnamon and cinnamon-tree flowers, raw",35.0,2.0,0.0
Philippines,2006,"Cinnamon and cinnamon-tree flowers, raw",26.0,0.0,0.0
Philippines,2008,"Cinnamon and cinnamon-tree flowers, raw",28.0,4.0,0.0
Philippines,2009,"Cinnamon and cinnamon-tree flowers, raw",40.0,4.0,0.0
Philippines,2010,"Cinnamon and cinnamon-tree flowers, raw",41.0,7.0,0.0
Philippines,2011,"Cinnamon and cinnamon-tree flowers, raw",29.0,6.0,0.0
Philippines,2012,"Cinnamon and cinnamon-tree flowers, raw",57.0,2.0,0.0
Philippines,2013,"Cinnamon and cinnamon-tree flowers, raw",46.0,0.0,0.0
Philippines,2014,"Cinnamon and cinnamon-tree flowers, raw",149.22,0.0,0.0
Philippines,2015,"Cinnamon and cinnamon-tree flowers, raw",153.35,0.0,0.0
Philippines,2016,"Cinnamon and cinnamon-tree flowers, raw",114.89,0.0,0.0
Philippines,2017,"Cinnamon and cinnamon-tree flowers, raw",168.56,0.0,0.0
Philippines,2018,"Cinnamon and cinnamon-tree flowers, raw",83.83,0.0,0.0
Philippines,2019,"Cinnamon and cinnamon-tree flowers, raw",154.84,0.01,0.0
Philippines,2020,"Cinnamon and cinnamon-tree flowers, raw",222.79,0.0,0.0
Philippines,2022,"Cinnamon and cinnamon-tree flowers, raw",105.98,0.37,0.0
Philippines,2023,"Cinnamon and cinnamon-tree flowers, raw",148.99,0.0,0.0
Poland,1993,"Cinnamon and cinnamon-tree flowers, raw",126.0,0.0,0.0
Poland,1994,"Cinnamon and cinnamon-tree flowers, raw",288.0,0.0,0.0
Poland,1995,"Cinnamon and cinnamon-tree flowers, raw",209.0,14.0,0.0
Poland,1996,"Cinnamon and cinnamon-tree flowers, raw",272.0,35.0,0.0
Poland,1997,"Cinnamon and cinnamon-tree flowers, raw",394.0,75.0,0.0
Poland,1998,"Cinnamon and cinnamon-tree flowers, raw",366.0,86.0,0.0
Poland,1999,"Cinnamon and cinnamon-tree flowers, raw",328.0,73.0,0.0
Poland,2000,"Cinnamon and cinnamon-tree flowers, raw",300.81,0.0,0.0
Poland,2001,"Cinnamon and cinnamon-tree flowers, raw",310.0,47.0,0.0
Poland,2002,"Cinnamon and cinnamon-tree flowers, raw",309.0,0.0,0.0
Poland,2003,"Cinnamon and cinnamon-tree flowers, raw",462.0,0.0,0.0
Poland,2004,"Cinnamon and cinnamon-tree flowers, raw",536.0,86.0,0.0
Poland,2005,"Cinnamon and cinnamon-tree flowers, raw",511.0,97.0,0.0
Poland,2006,"Cinnamon and cinnamon-tree flowers, raw",561.0,141.0,0.0
Poland,2007,"Cinnamon and cinnamon-tree flowers, raw",593.0,140.0,0.0
Poland,2008,"Cinnamon and cinnamon-tree flowers, raw",581.0,204.0,0.0
Poland,2009,"Cinnamon and cinnamon-tree flowers, raw",691.0,221.0,0.0
Poland,2010,"Cinnamon and cinnamon-tree flowers, raw",616.0,190.0,0.0
Poland,2011,"Cinnamon and cinnamon-tree flowers, raw",832.0,191.0,0.0
Poland,2012,"Cinnamon and cinnamon-tree flowers, raw",741.0,166.0,0.0
Poland,2013,"Cinnamon and cinnamon-tree flowers, raw",891.0,247.0,0.0
Poland,2014,"Cinnamon and cinnamon-tree flowers, raw",892.74,225.65,0.0
Poland,2015,"Cinnamon and cinnamon-tree flowers, raw",1231.43,327.4,0.0
Poland,2016,"Cinnamon and cinnamon-tree flowers, raw",855.73,343.64,0.0
Poland,2017,"Cinnamon and cinnamon-tree flowers, raw",1033.19,475.48,0.0
Poland,2018,"Cinnamon and cinnamon-tree flowers, raw",1181.22,387.02,0.0
Poland,2019,"Cinnamon and cinnamon-tree flowers, raw",1238.05,405.95,0.0
Poland,2020,"Cinnamon and cinnamon-tree flowers, raw",1302.84,430.25,0.0
Poland,2021,"Cinnamon and cinnamon-tree flowers, raw",1209.73,495.88,0.0
Poland,2022,"Cinnamon and cinnamon-tree flowers, raw",1761.93,645.88,0.0
Poland,2023,"Cinnamon and cinnamon-tree flowers, raw",1674.55,718.1,0.0
Portugal,1993,"Cinnamon and cinnamon-tree flowers, raw",212.0,1.0,0.0
Portugal,1995,"Cinnamon and cinnamon-tree flowers, raw",208.0,2.0,0.0
Portugal,1996,"Cinnamon and cinnamon-tree flowers, raw",201.0,5.0,0.0
Portugal,1997,"Cinnamon and cinnamon-tree flowers, raw",241.0,2.0,0.0
Portugal,1998,"Cinnamon and cinnamon-tree flowers, raw",300.0,3.0,0.0
Portugal,1999,"Cinnamon and cinnamon-tree flowers, raw",187.0,4.0,0.0
Portugal,2000,"Cinnamon and cinnamon-tree flowers, raw",271.0,3.0,0.0
Portugal,2001,"Cinnamon and cinnamon-tree flowers, raw",338.0,3.0,0.0
Portugal,2002,"Cinnamon and cinnamon-tree flowers, raw",417.0,7.0,0.0
Portugal,2003,"Cinnamon and cinnamon-tree flowers, raw",479.0,16.0,0.0
Portugal,2004,"Cinnamon and cinnamon-tree flowers, raw",392.0,21.0,0.0
Portugal,2005,"Cinnamon and cinnamon-tree flowers, raw",384.0,20.0,0.0
Portugal,2006,"Cinnamon and cinnamon-tree flowers, raw",408.0,21.0,0.0
Portugal,2008,"Cinnamon and cinnamon-tree flowers, raw",313.0,22.0,0.0
Portugal,2009,"Cinnamon and cinnamon-tree flowers, raw",314.0,21.0,0.0
Portugal,2010,"Cinnamon and cinnamon-tree flowers, raw",536.0,22.0,0.0
Portugal,2011,"Cinnamon and cinnamon-tree flowers, raw",415.0,29.0,0.0
Portugal,2012,"Cinnamon and cinnamon-tree flowers, raw",398.0,45.0,0.0
Portugal,2013,"Cinnamon and cinnamon-tree flowers, raw",413.0,51.0,0.0
Portugal,2014,"Cinnamon and cinnamon-tree flowers, raw",518.35,51.63,0.0
Portugal,2015,"Cinnamon and cinnamon-tree flowers, raw",539.65,42.09,0.0
Portugal,2016,"Cinnamon and cinnamon-tree flowers, raw",448.76,48.61,0.0
Portugal,2017,"Cinnamon and cinnamon-tree flowers, raw",584.81,59.29,0.0
Portugal,2018,"Cinnamon and cinnamon-tree flowers, raw",529.02,73.11,0.0
Portugal,2019,"Cinnamon and cinnamon-tree flowers, raw",565.7,94.64,0.0
Portugal,2020,"Cinnamon and cinnamon-tree flowers, raw",563.44,109.92,0.0
Portugal,2022,"Cinnamon and cinnamon-tree flowers, raw",594.69,108.64,0.0
Qatar,2000,"Cinnamon and cinnamon-tree flowers, raw",76.0,0.0,0.0
Qatar,2001,"Cinnamon and cinnamon-tree flowers, raw",75.0,0.0,0.0
Qatar,2002,"Cinnamon and cinnamon-tree flowers, raw",110.0,0.0,0.0
Qatar,2003,"Cinnamon and cinnamon-tree flowers, raw",110.0,0.0,0.0
Qatar,2004,"Cinnamon and cinnamon-tree flowers, raw",106.0,0.0,0.0
Qatar,2005,"Cinnamon and cinnamon-tree flowers, raw",130.0,0.0,0.0
Qatar,2007,"Cinnamon and cinnamon-tree flowers, raw",155.0,0.0,0.0
Qatar,2008,"Cinnamon and cinnamon-tree flowers, raw",258.0,0.0,0.0
Qatar,2009,"Cinnamon and cinnamon-tree flowers, raw",258.0,0.0,0.0
Qatar,2010,"Cinnamon and cinnamon-tree flowers, raw",407.0,0.0,0.0
Qatar,2011,"Cinnamon and cinnamon-tree flowers, raw",396.0,0.0,0.0
Qatar,2012,"Cinnamon and cinnamon-tree flowers, raw",385.0,0.0,0.0
Qatar,2013,"Cinnamon and cinnamon-tree flowers, raw",374.0,0.0,0.0
Qatar,2015,"Cinnamon and cinnamon-tree flowers, raw",384.44,0.8,0.0
Qatar,2016,"Cinnamon and cinnamon-tree flowers, raw",400.53,0.0,0.0
Qatar,2017,"Cinnamon and cinnamon-tree flowers, raw",493.11,0.07,0.0
Qatar,2018,"Cinnamon and cinnamon-tree flowers, raw",297.83,0.0,0.0
Qatar,2019,"Cinnamon and cinnamon-tree flowers, raw",375.44,0.0,0.0
Qatar,2020,"Cinnamon and cinnamon-tree flowers, raw",470.01,0.0,0.0
Qatar,2021,"Cinnamon and cinnamon-tree flowers, raw",329.02,6.0,0.0
Qatar,2023,"Cinnamon and cinnamon-tree flowers, raw",349.71,0.0,0.0
Republic of Korea,1994,"Cinnamon and cinnamon-tree flowers, raw",3255.0,0.0,0.0
Republic of Korea,1995,"Cinnamon and cinnamon-tree flowers, raw",3423.0,6.0,0.0
Republic of Korea,1996,"Cinnamon and cinnamon-tree flowers, raw",3589.0,2.0,0.0
Republic of Korea,1998,"Cinnamon and cinnamon-tree flowers, raw",2355.0,3.0,0.0
Republic of Korea,1999,"Cinnamon and cinnamon-tree flowers, raw",3612.0,18.0,0.0
Republic of Korea,2000,"Cinnamon and cinnamon-tree flowers, raw",3051.2,0.5,0.0
Republic of Korea,2001,"Cinnamon and cinnamon-tree flowers, raw",2935.0,9.0,0.0
Republic of Korea,2002,"Cinnamon and cinnamon-tree flowers, raw",3533.0,25.0,0.0
Republic of Korea,2003,"Cinnamon and cinnamon-tree flowers, raw",2821.0,37.0,0.0
Republic of Korea,2004,"Cinnamon and cinnamon-tree flowers, raw",2751.0,24.0,0.0
Republic of Korea,2005,"Cinnamon and cinnamon-tree flowers, raw",2575.0,3.0,0.0
Republic of Korea,2007,"Cinnamon and cinnamon-tree flowers, raw",2499.0,26.0,0.0
Republic of Korea,2008,"Cinnamon and cinnamon-tree flowers, raw",2470.0,2.0,0.0
Republic of Korea,2009,"Cinnamon and cinnamon-tree flowers, raw",2564.0,2.0,0.0
Republic of Korea,2010,"Cinnamon and cinnamon-tree flowers, raw",2393.0,31.0,0.0
Republic of Korea,2011,"Cinnamon and cinnamon-tree flowers, raw",2018.0,2.0,0.0
Republic of Korea,2012,"Cinnamon and cinnamon-tree flowers, raw",2179.0,2.0,0.0
Republic of Korea,2013,"Cinnamon and cinnamon-tree flowers, raw",2732.0,15.0,0.0
Republic of Korea,2014,"Cinnamon and cinnamon-tree flowers, raw",2337.08,13.5,0.0
Republic of Korea,2015,"Cinnamon and cinnamon-tree flowers, raw",2831.38,1.46,0.0
Republic of Korea,2016,"Cinnamon and cinnamon-tree flowers, raw",2567.36,2.15,0.0
Republic of Korea,2017,"Cinnamon and cinnamon-tree flowers, raw",2177.45,3.97,0.0
Republic of Korea,2018,"Cinnamon and cinnamon-tree flowers, raw",2555.68,11.93,0.0
Republic of Korea,2019,"Cinnamon and cinnamon-tree flowers, raw",2781.77,25.51,0.0
Republic of Korea,2020,"Cinnamon and cinnamon-tree flowers, raw",2600.17,12.36,0.0
Republic of Korea,2021,"Cinnamon and cinnamon-tree flowers, raw",2249.91,13.93,0.0
Republic of Korea,2022,"Cinnamon and cinnamon-tree flowers, raw",2764.73,3.52,0.0
Republic of Moldova,1994,"Cinnamon and cinnamon-tree flowers, raw",0.0,0.0,0.0
Republic of Moldova,1996,"Cinnamon and cinnamon-tree flowers, raw",1.0,0.0,0.0
Republic of Moldova,1997,"Cinnamon and cinnamon-tree flowers, raw",1.0,0.0,0.0
Republic of Moldova,1999,"Cinnamon and cinnamon-tree flowers, raw",1.0,0.0,0.0
Republic of Moldova,2000,"Cinnamon and cinnamon-tree flowers, raw",1.0,0.0,0.0
Republic of Moldova,2001,"Cinnamon and cinnamon-tree flowers, raw",4.0,0.0,0.0
Republic of Moldova,2002,"Cinnamon and cinnamon-tree flowers, raw",3.0,0.0,0.0
Republic of Moldova,2003,"Cinnamon and cinnamon-tree flowers, raw",7.0,0.0,0.0
Republic of Moldova,2004,"Cinnamon and cinnamon-tree flowers, raw",7.0,0.0,0.0
Republic of Moldova,2005,"Cinnamon and cinnamon-tree flowers, raw",9.0,0.0,0.0
Republic of Moldova,2006,"Cinnamon and cinnamon-tree flowers, raw",5.0,0.0,0.0
Republic of Moldova,2007,"Cinnamon and cinnamon-tree flowers, raw",6.0,0.0,0.0
Republic of Moldova,2008,"Cinnamon and cinnamon-tree flowers, raw",9.0,0.0,0.0
Republic of Moldova,2009,"Cinnamon and cinnamon-tree flowers, raw",5.0,0.0,0.0
Republic of Moldova,2010,"Cinnamon and cinnamon-tree flowers, raw",8.0,0.0,0.0
Republic of Moldova,2011,"Cinnamon and cinnamon-tree flowers, raw",9.0,0.0,0.0
Republic of Moldova,2012,"Cinnamon and cinnamon-tree flowers, raw",10.0,0.0,0.0
Republic of Moldova,2013,"Cinnamon and cinnamon-tree flowers, raw",12.0,0.0,0.0
Republic of Moldova,2014,"Cinnamon and cinnamon-tree flowers, raw",18.42,0.0,0.0
Republic of Moldova,2015,"Cinnamon and cinnamon-tree flowers, raw",11.38,0.0,0.0
Republic of Moldova,2017,"Cinnamon and cinnamon-tree flowers, raw",16.35,0.0,0.0
Republic of Moldova,2018,"Cinnamon and cinnamon-tree flowers, raw",23.12,0.0,0.0
Republic of Moldova,2019,"Cinnamon and cinnamon-tree flowers, raw",16.61,0.0,0.0
Republic of Moldova,2020,"Cinnamon and cinnamon-tree flowers, raw",9.31,0.1,0.0
Republic of Moldova,2021,"Cinnamon and cinnamon-tree flowers, raw",22.29,0.0,0.0
Republic of Moldova,2022,"Cinnamon and cinnamon-tree flowers, raw",6.81,0.19,0.0
Republic of Moldova,2023,"Cinnamon and cinnamon-tree flowers, raw",24.09,0.01,0.0
Romania,1993,"Cinnamon and cinnamon-tree flowers, raw",94.0,0.0,0.0
Romania,1994,"Cinnamon and cinnamon-tree flowers, raw",19.0,0.0,0.0
Romania,1996,"Cinnamon and cinnamon-tree flowers, raw",86.0,0.0,0.0
Romania,1997,"Cinnamon and cinnamon-tree flowers, raw",15.0,0.0,0.0
Romania,1998,"Cinnamon and cinnamon-tree flowers, raw",170.0,0.0,0.0
Romania,2000,"Cinnamon and cinnamon-tree flowers, raw",87.0,0.0,0.0
Romania,2001,"Cinnamon and cinnamon-tree flowers, raw",115.0,0.0,0.0
Romania,2002,"Cinnamon and cinnamon-tree flowers, raw",194.0,0.0,0.0
Romania,2003,"Cinnamon and cinnamon-tree flowers, raw",137.0,0.0,0.0
Romania,2004,"Cinnamon and cinnamon-tree flowers, raw",162.0,0.0,0.0
Romania,2005,"Cinnamon and cinnamon-tree flowers, raw",182.0,0.0,0.0
Romania,2006,"Cinnamon and cinnamon-tree flowers, raw",161.0,0.0,0.0
Romania,2007,"Cinnamon and cinnamon-tree flowers, raw",158.0,0.0,0.0
Romania,2008,"Cinnamon and cinnamon-tree flowers, raw",141.0,3.0,0.0
Romania,2009,"Cinnamon and cinnamon-tree flowers, raw",193.0,13.0,0.0
Romania,2011,"Cinnamon and cinnamon-tree flowers, raw",189.0,15.0,0.0
Romania,2012,"Cinnamon and cinnamon-tree flowers, raw",192.0,22.0,0.0
Romania,2013,"Cinnamon and cinnamon-tree flowers, raw",220.0,29.0,0.0
Romania,2014,"Cinnamon and cinnamon-tree flowers, raw",280.56,55.6,0.0
Romania,2015,"Cinnamon and cinnamon-tree flowers, raw",294.32,38.59,0.0
Romania,2017,"Cinnamon and cinnamon-tree flowers, raw",261.51,35.06,0.0
Romania,2018,"Cinnamon and cinnamon-tree flowers, raw",239.61,34.16,0.0
Romania,2019,"Cinnamon and cinnamon-tree flowers, raw",252.38,35.45,0.0
Romania,2020,"Cinnamon and cinnamon-tree flowers, raw",253.69,29.42,0.0
Romania,2021,"Cinnamon and cinnamon-tree flowers, raw",315.96,62.33,0.0
Romania,2022,"Cinnamon and cinnamon-tree flowers, raw",327.91,39.76,0.0
Russian Federation,1993,"Cinnamon and cinnamon-tree flowers, raw",200.0,0.0,0.0
Russian Federation,1994,"Cinnamon and cinnamon-tree flowers, raw",50.0,0.0,0.0
Russian Federation,1995,"Cinnamon and cinnamon-tree flowers, raw",30.0,0.0,0.0
Russian Federation,1998,"Cinnamon and cinnamon-tree flowers, raw",246.0,0.0,0.0
Russian Federation,1999,"Cinnamon and cinnamon-tree flowers, raw",397.0,1.0,0.0
Russian Federation,2000,"Cinnamon and cinnamon-tree flowers, raw",473.14,0.91,0.0
Russian Federation,2001,"Cinnamon and cinnamon-tree flowers, raw",339.0,10.0,0.0
Russian Federation,2002,"Cinnamon and cinnamon-tree flowers, raw",413.0,6.0,0.0
Russian Federation,2003,"Cinnamon and cinnamon-tree flowers, raw",483.0,11.0,0.0
Russian Federation,2005,"Cinnamon and cinnamon-tree flowers, raw",493.0,7.0,0.0
Russian Federation,2006,"Cinnamon and cinnamon-tree flowers, raw",624.0,14.0,0.0
Russian Federation,2007,"Cinnamon and cinnamon-tree flowers, raw",629.0,16.0,0.0
Russian Federation,2008,"Cinnamon and cinnamon-tree flowers, raw",697.0,22.0,0.0
Russian Federation,2009,"Cinnamon and cinnamon-tree flowers, raw",744.0,10.0,0.0
Russian Federation,2010,"Cinnamon and cinnamon-tree flowers, raw",709.0,19.0,0.0
Russian Federation,2011,"Cinnamon and cinnamon-tree flowers, raw",919.0,5.0,0.0
Russian Federation,2012,"Cinnamon and cinnamon-tree flowers, raw",836.0,24.0,0.0
Russian Federation,2013,"Cinnamon and cinnamon-tree flowers, raw",1020.0,30.0,0.0
Russian Federation,2014,"Cinnamon and cinnamon-tree flowers, raw",987.12,35.68,0.0
Russian Federation,2015,"Cinnamon and cinnamon-tree flowers, raw",1125.92,45.61,0.0
Russian Federation,2016,"Cinnamon and cinnamon-tree flowers, raw",1120.53,69.29,0.0
Russian Federation,2017,"Cinnamon and cinnamon-tree flowers, raw",1159.2,80.81,0.0
Russian Federation,2018,"Cinnamon and cinnamon-tree flowers, raw",1292.1,96.0,0.0
Russian Federation,2019,"Cinnamon and cinnamon-tree flowers, raw",1293.17,134.61,0.0
Russian Federation,2020,"Cinnamon and cinnamon-tree flowers, raw",1411.52,154.6,0.0
Russian Federation,2021,"Cinnamon and cinnamon-tree flowers, raw",1269.44,160.03,0.0
Russian Federation,2022,"Cinnamon and cinnamon-tree flowers, raw",607.96,28.47,0.0
Russian Federation,2023,"Cinnamon and cinnamon-tree flowers, raw",558.14,61.5,0.0
Rwanda,2013,"Cinnamon and cinnamon-tree flowers, raw",6.0,0.0,0.0
Rwanda,2014,"Cinnamon and cinnamon-tree flowers, raw",0.16,0.0,0.0
Rwanda,2015,"Cinnamon and cinnamon-tree flowers, raw",0.02,0.0,0.0
Rwanda,2016,"Cinnamon and cinnamon-tree flowers, raw",3.2,0.0,0.0
Rwanda,2017,"Cinnamon and cinnamon-tree flowers, raw",11.46,0.0,0.0
Rwanda,2018,"Cinnamon and cinnamon-tree flowers, raw",0.19,0.0,0.0
Rwanda,2019,"Cinnamon and cinnamon-tree flowers, raw",1.64,0.0,0.0
Rwanda,2020,"Cinnamon and cinnamon-tree flowers, raw",9.87,0.0,0.0
Rwanda,2021,"Cinnamon and cinnamon-tree flowers, raw",10.68,0.05,0.0
Rwanda,2022,"Cinnamon and cinnamon-tree flowers, raw",4.9,0.07,0.0
Rwanda,2023,"Cinnamon and cinnamon-tree flowers, raw",0.63,0.0,0.0
Saint Kitts and Nevis,2018,"Cinnamon and cinnamon-tree flowers, raw",2.52,1.11,0.0
Saint Kitts and Nevis,2019,"Cinnamon and cinnamon-tree flowers, raw",3.03,0.97,0.0
Saint Kitts and Nevis,2020,"Cinnamon and cinnamon-tree flowers, raw",3.71,0.38,0.0
Saint Kitts and Nevis,2021,"Cinnamon and cinnamon-tree flowers, raw",1.85,0.01,0.0
Saint Kitts and Nevis,2022,"Cinnamon and cinnamon-tree flowers, raw",1.46,0.01,0.0
Saint Kitts and Nevis,2023,"Cinnamon and cinnamon-tree flowers, raw",0.01,0.0,0.0
Saint Lucia,1997,"Cinnamon and cinnamon-tree flowers, raw",3.0,0.0,0.0
Saint Lucia,1998,"Cinnamon and cinnamon-tree flowers, raw",2.0,0.0,0.0
Saint Lucia,1999,"Cinnamon and cinnamon-tree flowers, raw",1.0,0.0,0.0
Saint Lucia,2000,"Cinnamon and cinnamon-tree flowers, raw",2.0,0.0,0.0
Saint Lucia,2001,"Cinnamon and cinnamon-tree flowers, raw",1.0,0.0,0.0
Saint Lucia,2002,"Cinnamon and cinnamon-tree flowers, raw",1.0,0.0,0.0
Saint Lucia,2003,"Cinnamon and cinnamon-tree flowers, raw",2.0,0.0,0.0
Saint Lucia,2004,"Cinnamon and cinnamon-tree flowers, raw",1.0,0.0,0.0
Saint Lucia,2005,"Cinnamon and cinnamon-tree flowers, raw",0.0,0.0,0.0
Saint Lucia,2007,"Cinnamon and cinnamon-tree flowers, raw",2.0,0.0,0.0
Saint Lucia,2008,"Cinnamon and cinnamon-tree flowers, raw",2.0,0.0,0.0
Saint Lucia,2010,"Cinnamon and cinnamon-tree flowers, raw",0.0,0.0,0.0
Saint Lucia,2011,"Cinnamon and cinnamon-tree flowers, raw",0.0,0.0,0.0
Saint Lucia,2012,"Cinnamon and cinnamon-tree flowers, raw",1.0,0.0,0.0
Saint Lucia,2013,"Cinnamon and cinnamon-tree flowers, raw",1.0,0.0,0.0
Saint Lucia,2014,"Cinnamon and cinnamon-tree flowers, raw",5.56,0.36,0.0
Saint Lucia,2015,"Cinnamon and cinnamon-tree flowers, raw",0.98,0.09,0.0
Saint Lucia,2016,"Cinnamon and cinnamon-tree flowers, raw",5.85,0.32,0.0
Saint Lucia,2017,"Cinnamon and cinnamon-tree flowers, raw",9.73,0.34,0.0
Saint Lucia,2018,"Cinnamon and cinnamon-tree flowers, raw",6.89,2.8,0.0
Saint Lucia,2019,"Cinnamon and cinnamon-tree flowers, raw",5.83,4.64,0.0
Saint Lucia,2020,"Cinnamon and cinnamon-tree flowers, raw",9.6,6.8,0.0
Saint Lucia,2021,"Cinnamon and cinnamon-tree flowers, raw",1.26,6.92,0.0
Saint Lucia,2023,"Cinnamon and cinnamon-tree flowers, raw",3.09,4.28,0.0
Saint Vincent and the Grenadines,2003,"Cinnamon and cinnamon-tree flowers, raw",1.0,0.0,0.0
Saint Vincent and the Grenadines,2004,"Cinnamon and cinnamon-tree flowers, raw",1.0,0.0,0.0
Saint Vincent and the Grenadines,2005,"Cinnamon and cinnamon-tree flowers, raw",1.0,0.0,0.0
Saint Vincent and the Grenadines,2006,"Cinnamon and cinnamon-tree flowers, raw",2.0,0.0,0.0
Saint Vincent and the Grenadines,2007,"Cinnamon and cinnamon-tree flowers, raw",1.0,0.0,0.0
Saint Vincent and the Grenadines,2008,"Cinnamon and cinnamon-tree flowers, raw",2.0,0.0,0.0
Saint Vincent and the Grenadines,2009,"Cinnamon and cinnamon-tree flowers, raw",3.0,0.0,0.0
Saint Vincent and the Grenadines,2010,"Cinnamon and cinnamon-tree flowers, raw",3.0,0.0,0.0
Saint Vincent and the Grenadines,2011,"Cinnamon and cinnamon-tree flowers, raw",3.0,0.0,0.0
Saint Vincent and the Grenadines,2012,"Cinnamon and cinnamon-tree flowers, raw",3.0,0.0,0.0
Saint Vincent and the Grenadines,2013,"Cinnamon and cinnamon-tree flowers, raw",3.0,0.0,0.0
Saint Vincent and the Grenadines,2014,"Cinnamon and cinnamon-tree flowers, raw",8.43,0.16,0.0
Saint Vincent and the Grenadines,2015,"Cinnamon and cinnamon-tree flowers, raw",6.84,0.05,0.0
Saint Vincent and the Grenadines,2016,"Cinnamon and cinnamon-tree flowers, raw",5.97,0.0,0.0
Saint Vincent and the Grenadines,2017,"Cinnamon and cinnamon-tree flowers, raw",1.89,0.08,0.0
Saint Vincent and the Grenadines,2018,"Cinnamon and cinnamon-tree flowers, raw",4.11,0.22,0.0
Saint Vincent and the Grenadines,2019,"Cinnamon and cinnamon-tree flowers, raw",6.52,0.05,0.0
Saint Vincent and the Grenadines,2020,"Cinnamon and cinnamon-tree flowers, raw",3.34,0.05,0.0
Saint Vincent and the Grenadines,2021,"Cinnamon and cinnamon-tree flowers, raw",3.07,0.28,0.0
Saint Vincent and the Grenadines,2023,"Cinnamon and cinnamon-tree flowers, raw",0.21,0.0,0.0
Samoa,2012,"Cinnamon and cinnamon-tree flowers, raw",16.0,0.0,0.0
Samoa,2013,"Cinnamon and cinnamon-tree flowers, raw",38.0,0.0,0.0
Samoa,2014,"Cinnamon and cinnamon-tree flowers, raw",41.53,0.0,0.0
Samoa,2015,"Cinnamon and cinnamon-tree flowers, raw",31.42,0.0,0.0
Samoa,2016,"Cinnamon and cinnamon-tree flowers, raw",15.42,0.0,0.0
Samoa,2017,"Cinnamon and cinnamon-tree flowers, raw",12.56,0.0,0.0
Samoa,2018,"Cinnamon and cinnamon-tree flowers, raw",39.35,0.0,0.0
Samoa,2019,"Cinnamon and cinnamon-tree flowers, raw",7.92,0.0,0.0
Samoa,2020,"Cinnamon and cinnamon-tree flowers, raw",0.19,0.0,0.0
Samoa,2021,"Cinnamon and cinnamon-tree flowers, raw",5.98,0.0,0.0
Samoa,2022,"Cinnamon and cinnamon-tree flowers, raw",0.23,0.0,0.0
Samoa,2023,"Cinnamon and cinnamon-tree flowers, raw",1.06,0.0,0.0
Sao Tome and Principe,2014,"Cinnamon and cinnamon-tree flowers, raw",0.34,0.0,58.47
Sao Tome and Principe,2015,"Cinnamon and cinnamon-tree flowers, raw",0.13,0.0,58.32
Sao Tome and Principe,2016,"Cinnamon and cinnamon-tree flowers, raw",0.35,0.0,58.28
Sao Tome and Principe,2017,"Cinnamon and cinnamon-tree flowers, raw",0.22,0.01,58.14
Sao Tome and Principe,2019,"Cinnamon and cinnamon-tree flowers, raw",0.26,0.01,57.93
Sao Tome and Principe,2020,"Cinnamon and cinnamon-tree flowers, raw",0.24,0.06,57.96
Sao Tome and Principe,2021,"Cinnamon and cinnamon-tree flowers, raw",0.38,0.07,57.86
Sao Tome and Principe,2022,"Cinnamon and cinnamon-tree flowers, raw",0.26,0.0,57.78
Sao Tome and Principe,2023,"Cinnamon and cinnamon-tree flowers, raw",0.36,0.0,57.69
Saudi Arabia,1993,"Cinnamon and cinnamon-tree flowers, raw",1010.0,7.0,0.0
Saudi Arabia,1994,"Cinnamon and cinnamon-tree flowers, raw",1126.0,1.0,0.0
Saudi Arabia,1995,"Cinnamon and cinnamon-tree flowers, raw",1460.0,20.0,0.0
Saudi Arabia,1996,"Cinnamon and cinnamon-tree flowers, raw",1724.0,2.0,0.0
Saudi Arabia,1997,"Cinnamon and cinnamon-tree flowers, raw",1546.0,27.0,0.0
Saudi Arabia,1998,"Cinnamon and cinnamon-tree flowers, raw",2265.0,11.0,0.0
Saudi Arabia,1999,"Cinnamon and cinnamon-tree flowers, raw",1700.0,0.0,0.0
Saudi Arabia,2000,"Cinnamon and cinnamon-tree flowers, raw",1657.92,12.41,0.0
Saudi Arabia,2001,"Cinnamon and cinnamon-tree flowers, raw",2759.0,321.0,0.0
Saudi Arabia,2002,"Cinnamon and cinnamon-tree flowers, raw",2272.0,110.0,0.0
Saudi Arabia,2003,"Cinnamon and cinnamon-tree flowers, raw",2234.0,249.0,0.0
Saudi Arabia,2004,"Cinnamon and cinnamon-tree flowers, raw",3020.0,185.0,0.0
Saudi Arabia,2005,"Cinnamon and cinnamon-tree flowers, raw",3351.0,18.0,0.0
Saudi Arabia,2006,"Cinnamon and cinnamon-tree flowers, raw",2567.0,166.0,0.0
Saudi Arabia,2007,"Cinnamon and cinnamon-tree flowers, raw",3833.0,136.0,0.0
Saudi Arabia,2008,"Cinnamon and cinnamon-tree flowers, raw",2992.0,65.0,0.0
Saudi Arabia,2009,"Cinnamon and cinnamon-tree flowers, raw",2992.0,65.0,0.0
Saudi Arabia,2010,"Cinnamon and cinnamon-tree flowers, raw",3339.0,0.0,0.0
Saudi Arabia,2011,"Cinnamon and cinnamon-tree flowers, raw",5034.0,265.0,0.0
Saudi Arabia,2012,"Cinnamon and cinnamon-tree flowers, raw",4150.0,164.0,0.0
Saudi Arabia,2013,"Cinnamon and cinnamon-tree flowers, raw",4362.0,169.0,0.0
Saudi Arabia,2014,"Cinnamon and cinnamon-tree flowers, raw",3953.0,117.0,0.0
Saudi Arabia,2015,"Cinnamon and cinnamon-tree flowers, raw",5673.0,116.0,0.0
Saudi Arabia,2016,"Cinnamon and cinnamon-tree flowers, raw",4188.0,87.0,0.0
Saudi Arabia,2017,"Cinnamon and cinnamon-tree flowers, raw",5232.79,21.0,0.0
Saudi Arabia,2018,"Cinnamon and cinnamon-tree flowers, raw",5511.87,198.16,0.0
Saudi Arabia,2019,"Cinnamon and cinnamon-tree flowers, raw",4636.75,0.0,0.0
Saudi Arabia,2020,"Cinnamon and cinnamon-tree flowers, raw",6047.34,99.13,0.0
Saudi Arabia,2021,"Cinnamon and cinnamon-tree flowers, raw",4626.26,167.12,0.0
Saudi Arabia,2022,"Cinnamon and cinnamon-tree flowers, raw",5266.97,0.94,0.0
Saudi Arabia,2023,"Cinnamon and cinnamon-tree flowers, raw",5055.87,233.52,0.0
Senegal,1993,"Cinnamon and cinnamon-tree flowers, raw",1.0,0.0,0.0
Senegal,1994,"Cinnamon and cinnamon-tree flowers, raw",1.0,0.0,0.0
Senegal,1995,"Cinnamon and cinnamon-tree flowers, raw",1.0,0.0,0.0
Senegal,1996,"Cinnamon and cinnamon-tree flowers, raw",1.0,0.0,0.0
Senegal,1997,"Cinnamon and cinnamon-tree flowers, raw",1.0,0.0,0.0
Senegal,1998,"Cinnamon and cinnamon-tree flowers, raw",1.0,0.0,0.0
Senegal,1999,"Cinnamon and cinnamon-tree flowers, raw",1.0,0.0,0.0
Senegal,2000,"Cinnamon and cinnamon-tree flowers, raw",2.37,0.0,0.0
Senegal,2001,"Cinnamon and cinnamon-tree flowers, raw",1.0,0.0,0.0
Senegal,2002,"Cinnamon and cinnamon-tree flowers, raw",1.0,0.0,0.0
Senegal,2003,"Cinnamon and cinnamon-tree flowers, raw",7.0,0.0,0.0
Senegal,2004,"Cinnamon and cinnamon-tree flowers, raw",2.0,0.0,0.0
Senegal,2005,"Cinnamon and cinnamon-tree flowers, raw",9.0,0.0,0.0
Senegal,2007,"Cinnamon and cinnamon-tree flowers, raw",7.0,0.0,0.0
Senegal,2008,"Cinnamon and cinnamon-tree flowers, raw",1.0,0.0,0.0
Senegal,2010,"Cinnamon and cinnamon-tree flowers, raw",2.0,0.0,0.0
Senegal,2011,"Cinnamon and cinnamon-tree flowers, raw",0.0,0.0,0.0
Senegal,2012,"Cinnamon and cinnamon-tree flowers, raw",2.0,0.0,0.0
Senegal,2013,"Cinnamon and cinnamon-tree flowers, raw",3.0,0.0,0.0
Senegal,2015,"Cinnamon and cinnamon-tree flowers, raw",9.42,0.0,0.0
Senegal,2016,"Cinnamon and cinnamon-tree flowers, raw",0.44,0.0,0.0
Senegal,2017,"Cinnamon and cinnamon-tree flowers, raw",0.7,0.0,0.0
Senegal,2018,"Cinnamon and cinnamon-tree flowers, raw",12.23,0.0,0.0
Senegal,2019,"Cinnamon and cinnamon-tree flowers, raw",7.5,0.0,0.0
Senegal,2021,"Cinnamon and cinnamon-tree flowers, raw",12.89,0.0,0.0
Senegal,2022,"Cinnamon and cinnamon-tree flowers, raw",3.38,0.0,0.0
Senegal,2023,"Cinnamon and cinnamon-tree flowers, raw",34.58,0.0,0.0
Serbia,2006,"Cinnamon and cinnamon-tree flowers, raw",78.0,8.0,0.0
Serbia,2007,"Cinnamon and cinnamon-tree flowers, raw",94.0,13.0,0.0
Serbia,2008,"Cinnamon and cinnamon-tree flowers, raw",81.0,6.0,0.0
Serbia,2009,"Cinnamon and cinnamon-tree flowers, raw",90.0,12.0,0.0
Serbia,2010,"Cinnamon and cinnamon-tree flowers, raw",92.0,16.0,0.0
Serbia,2011,"Cinnamon and cinnamon-tree flowers, raw",91.0,12.0,0.0
Serbia,2012,"Cinnamon and cinnamon-tree flowers, raw",123.0,15.0,0.0
Serbia,2013,"Cinnamon and cinnamon-tree flowers, raw",86.0,20.0,0.0
Serbia,2014,"Cinnamon and cinnamon-tree flowers, raw",126.12,33.19,0.0
Serbia,2015,"Cinnamon and cinnamon-tree flowers, raw",76.51,19.87,0.0
Serbia,2016,"Cinnamon and cinnamon-tree flowers, raw",83.07,28.16,0.0
Serbia,2017,"Cinnamon and cinnamon-tree flowers, raw",71.94,21.41,0.0
Serbia,2018,"Cinnamon and cinnamon-tree flowers, raw",119.75,16.94,0.0
Serbia,2019,"Cinnamon and cinnamon-tree flowers, raw",66.18,16.5,0.0
Serbia,2020,"Cinnamon and cinnamon-tree flowers, raw",100.09,18.07,0.0
Serbia,2021,"Cinnamon and cinnamon-tree flowers, raw",105.19,18.61,0.0
Serbia,2022,"Cinnamon and cinnamon-tree flowers, raw",72.41,12.49,0.0
Serbia,2023,"Cinnamon and cinnamon-tree flowers, raw",65.15,14.43,0.0
Serbia and Montenegro,1994,"Cinnamon and cinnamon-tree flowers, raw",5.0,0.0,0.0
Serbia and Montenegro,1995,"Cinnamon and cinnamon-tree flowers, raw",15.0,0.0,0.0
Serbia and Montenegro,1998,"Cinnamon and cinnamon-tree flowers, raw",77.0,0.0,0.0
Serbia and Montenegro,1999,"Cinnamon and cinnamon-tree flowers, raw",20.0,0.0,0.0
Serbia and Montenegro,2000,"Cinnamon and cinnamon-tree flowers, raw",45.0,2.0,0.0
Serbia and Montenegro,2001,"Cinnamon and cinnamon-tree flowers, raw",55.0,2.0,0.0
Serbia and Montenegro,2002,"Cinnamon and cinnamon-tree flowers, raw",47.0,5.0,0.0
Serbia and Montenegro,2003,"Cinnamon and cinnamon-tree flowers, raw",34.0,0.0,0.0
Serbia and Montenegro,2004,"Cinnamon and cinnamon-tree flowers, raw",68.0,5.0,0.0
Serbia and Montenegro,2005,"Cinnamon and cinnamon-tree flowers, raw",22.0,2.0,0.0
Seychelles,1993,"Cinnamon and cinnamon-tree flowers, raw",18.0,446.0,242.0
Seychelles,1994,"Cinnamon and cinnamon-tree flowers, raw",8.0,435.0,469.0
Seychelles,1995,"Cinnamon and cinnamon-tree flowers, raw",0.0,638.0,620.0
Seychelles,1996,"Cinnamon and cinnamon-tree flowers, raw",0.0,743.0,680.0
Seychelles,1997,"Cinnamon and cinnamon-tree flowers, raw",8.0,522.0,552.0
Seychelles,1998,"Cinnamon and cinnamon-tree flowers, raw",0.0,402.0,478.0
Seychelles,1999,"Cinnamon and cinnamon-tree flowers, raw",0.0,390.0,385.0
Seychelles,2000,"Cinnamon and cinnamon-tree flowers, raw",8.69,217.0,300.0
Seychelles,2001,"Cinnamon and cinnamon-tree flowers, raw",0.0,194.0,305.0
Seychelles,2002,"Cinnamon and cinnamon-tree flowers, raw",0.0,205.0,310.0
Seychelles,2003,"Cinnamon and cinnamon-tree flowers, raw",1.0,150.0,200.0
Seychelles,2004,"Cinnamon and cinnamon-tree flowers, raw",0.0,78.0,150.0
Seychelles,2005,"Cinnamon and cinnamon-tree flowers, raw",0.0,73.0,120.0
Seychelles,2006,"Cinnamon and cinnamon-tree flowers, raw",1.0,127.0,100.0
Seychelles,2007,"Cinnamon and cinnamon-tree flowers, raw",1.0,43.0,63.0
Seychelles,2008,"Cinnamon and cinnamon-tree flowers, raw",1.0,60.0,94.0
Seychelles,2009,"Cinnamon and cinnamon-tree flowers, raw",1.0,27.0,63.0
Seychelles,2011,"Cinnamon and cinnamon-tree flowers, raw",0.0,71.0,39.0
Seychelles,2012,"Cinnamon and cinnamon-tree flowers, raw",0.0,74.0,42.0
Seychelles,2013,"Cinnamon and cinnamon-tree flowers, raw",1.0,90.0,14.0
Seychelles,2014,"Cinnamon and cinnamon-tree flowers, raw",2.98,66.77,8.0
Seychelles,2015,"Cinnamon and cinnamon-tree flowers, raw",8.51,37.78,7.0
Seychelles,2016,"Cinnamon and cinnamon-tree flowers, raw",14.08,4.5,3.0
Seychelles,2017,"Cinnamon and cinnamon-tree flowers, raw",16.36,31.05,4.0
Seychelles,2018,"Cinnamon and cinnamon-tree flowers, raw",16.8,47.52,5.0
Seychelles,2019,"Cinnamon and cinnamon-tree flowers, raw",13.36,32.14,4.0
Seychelles,2020,"Cinnamon and cinnamon-tree flowers, raw",14.68,10.0,1.0
Seychelles,2021,"Cinnamon and cinnamon-tree flowers, raw",16.64,49.17,9.0
Seychelles,2022,"Cinnamon and cinnamon-tree flowers, raw",22.73,18.71,0.2
Seychelles,2023,"Cinnamon and cinnamon-tree flowers, raw",20.08,34.06,0.0
Sierra Leone,2014,"Cinnamon and cinnamon-tree flowers, raw",0.11,1.48,0.0
Sierra Leone,2016,"Cinnamon and cinnamon-tree flowers, raw",0.1,0.03,0.0
Sierra Leone,2017,"Cinnamon and cinnamon-tree flowers, raw",0.25,0.17,0.0
Sierra Leone,2019,"Cinnamon and cinnamon-tree flowers, raw",0.14,0.04,0.0
Sierra Leone,2020,"Cinnamon and cinnamon-tree flowers, raw",0.28,1.2,0.0
Sierra Leone,2021,"Cinnamon and cinnamon-tree flowers, raw",0.17,0.0,0.0
Sierra Leone,2022,"Cinnamon and cinnamon-tree flowers, raw",0.43,0.13,0.0
Sierra Leone,2023,"Cinnamon and cinnamon-tree flowers, raw",0.6,0.66,0.0
Singapore,1993,"Cinnamon and cinnamon-tree flowers, raw",6454.0,7997.0,0.0
Singapore,1994,"Cinnamon and cinnamon-tree flowers, raw",4800.0,5644.0,0.0
Singapore,1995,"Cinnamon and cinnamon-tree flowers, raw",4898.0,5943.0,0.0
Singapore,1996,"Cinnamon and cinnamon-tree flowers, raw",5387.0,6460.0,0.0
Singapore,1997,"Cinnamon and cinnamon-tree flowers, raw",5514.0,6326.0,0.0
Singapore,1998,"Cinnamon and cinnamon-tree flowers, raw",3140.0,5309.0,0.0
Singapore,1999,"Cinnamon and cinnamon-tree flowers, raw",3415.0,4904.0,0.0
Singapore,2000,"Cinnamon and cinnamon-tree flowers, raw",2547.76,4477.06,0.0
Singapore,2001,"Cinnamon and cinnamon-tree flowers, raw",4925.0,6820.0,0.0
Singapore,2002,"Cinnamon and cinnamon-tree flowers, raw",4288.0,6854.0,0.0
Singapore,2003,"Cinnamon and cinnamon-tree flowers, raw",1431.0,2933.0,0.0
Singapore,2004,"Cinnamon and cinnamon-tree flowers, raw",2195.0,2844.0,0.0
Singapore,2005,"Cinnamon and cinnamon-tree flowers, raw",2693.0,2818.0,0.0
Singapore,2006,"Cinnamon and cinnamon-tree flowers, raw",3719.0,2345.0,0.0
Singapore,2008,"Cinnamon and cinnamon-tree flowers, raw",1495.0,1702.0,0.0
Singapore,2009,"Cinnamon and cinnamon-tree flowers, raw",1908.0,2354.0,0.0
Singapore,2010,"Cinnamon and cinnamon-tree flowers, raw",1682.0,1261.0,0.0
Singapore,2011,"Cinnamon and cinnamon-tree flowers, raw",1002.0,813.0,0.0
Singapore,2012,"Cinnamon and cinnamon-tree flowers, raw",797.0,696.0,0.0
Singapore,2013,"Cinnamon and cinnamon-tree flowers, raw",967.0,723.0,0.0
Singapore,2015,"Cinnamon and cinnamon-tree flowers, raw",1195.76,856.77,0.0
Singapore,2016,"Cinnamon and cinnamon-tree flowers, raw",1101.52,1004.73,0.0
Singapore,2017,"Cinnamon and cinnamon-tree flowers, raw",826.62,504.14,0.0
Singapore,2018,"Cinnamon and cinnamon-tree flowers, raw",829.8,556.52,0.0
Singapore,2019,"Cinnamon and cinnamon-tree flowers, raw",727.84,473.33,0.0
Singapore,2020,"Cinnamon and cinnamon-tree flowers, raw",780.54,509.8,0.0
Singapore,2021,"Cinnamon and cinnamon-tree flowers, raw",780.47,470.82,0.0
Singapore,2022,"Cinnamon and cinnamon-tree flowers, raw",632.29,358.02,0.0
Singapore,2023,"Cinnamon and cinnamon-tree flowers, raw",507.92,276.64,0.0
Slovakia,1993,"Cinnamon and cinnamon-tree flowers, raw",69.0,0.0,0.0
Slovakia,1994,"Cinnamon and cinnamon-tree flowers, raw",69.0,3.0,0.0
Slovakia,1995,"Cinnamon and cinnamon-tree flowers, raw",37.0,3.0,0.0
Slovakia,1996,"Cinnamon and cinnamon-tree flowers, raw",51.0,1.0,0.0
Slovakia,1997,"Cinnamon and cinnamon-tree flowers, raw",55.0,0.0,0.0
Slovakia,1998,"Cinnamon and cinnamon-tree flowers, raw",52.0,2.0,0.0
Slovakia,1999,"Cinnamon and cinnamon-tree flowers, raw",50.0,1.0,0.0
Slovakia,2000,"Cinnamon and cinnamon-tree flowers, raw",73.0,0.0,0.0
Slovakia,2001,"Cinnamon and cinnamon-tree flowers, raw",70.0,5.0,0.0
Slovakia,2002,"Cinnamon and cinnamon-tree flowers, raw",79.0,3.0,0.0
Slovakia,2003,"Cinnamon and cinnamon-tree flowers, raw",81.0,3.0,0.0
Slovakia,2004,"Cinnamon and cinnamon-tree flowers, raw",76.0,6.0,0.0
Slovakia,2005,"Cinnamon and cinnamon-tree flowers, raw",81.0,0.0,0.0
Slovakia,2006,"Cinnamon and cinnamon-tree flowers, raw",135.0,10.0,0.0
Slovakia,2007,"Cinnamon and cinnamon-tree flowers, raw",91.0,14.0,0.0
Slovakia,2008,"Cinnamon and cinnamon-tree flowers, raw",109.0,33.0,0.0
Slovakia,2009,"Cinnamon and cinnamon-tree flowers, raw",105.0,13.0,0.0
Slovakia,2010,"Cinnamon and cinnamon-tree flowers, raw",97.0,42.0,0.0
Slovakia,2011,"Cinnamon and cinnamon-tree flowers, raw",102.0,21.0,0.0
Slovakia,2012,"Cinnamon and cinnamon-tree flowers, raw",133.0,26.0,0.0
Slovakia,2013,"Cinnamon and cinnamon-tree flowers, raw",143.0,48.0,0.0
Slovakia,2014,"Cinnamon and cinnamon-tree flowers, raw",160.77,52.41,0.0
Slovakia,2015,"Cinnamon and cinnamon-tree flowers, raw",175.9,60.18,0.0
Slovakia,2016,"Cinnamon and cinnamon-tree flowers, raw",132.68,50.89,0.0
Slovakia,2017,"Cinnamon and cinnamon-tree flowers, raw",174.35,56.43,0.0
Slovakia,2018,"Cinnamon and cinnamon-tree flowers, raw",183.95,48.59,0.0
Slovakia,2019,"Cinnamon and cinnamon-tree flowers, raw",189.37,49.98,0.0
Slovakia,2021,"Cinnamon and cinnamon-tree flowers, raw",219.3,50.84,0.0
Slovakia,2023,"Cinnamon and cinnamon-tree flowers, raw",157.9,52.85,0.0
Slovenia,1993,"Cinnamon and cinnamon-tree flowers, raw",27.0,15.0,0.0
Slovenia,1994,"Cinnamon and cinnamon-tree flowers, raw",33.0,9.0,0.0
Slovenia,1995,"Cinnamon and cinnamon-tree flowers, raw",22.0,6.0,0.0
Slovenia,1996,"Cinnamon and cinnamon-tree flowers, raw",32.0,13.0,0.0
Slovenia,1997,"Cinnamon and cinnamon-tree flowers, raw",36.0,8.0,0.0
Slovenia,1998,"Cinnamon and cinnamon-tree flowers, raw",31.0,7.0,0.0
Slovenia,2001,"Cinnamon and cinnamon-tree flowers, raw",31.0,9.0,0.0
Slovenia,2002,"Cinnamon and cinnamon-tree flowers, raw",38.0,8.0,0.0
Slovenia,2003,"Cinnamon and cinnamon-tree flowers, raw",35.0,9.0,0.0
Slovenia,2004,"Cinnamon and cinnamon-tree flowers, raw",29.0,8.0,0.0
Slovenia,2005,"Cinnamon and cinnamon-tree flowers, raw",25.0,8.0,0.0
Slovenia,2006,"Cinnamon and cinnamon-tree flowers, raw",45.0,8.0,0.0
Slovenia,2007,"Cinnamon and cinnamon-tree flowers, raw",29.0,9.0,0.0
Slovenia,2008,"Cinnamon and cinnamon-tree flowers, raw",37.0,7.0,0.0
Slovenia,2009,"Cinnamon and cinnamon-tree flowers, raw",53.0,4.0,0.0
Slovenia,2010,"Cinnamon and cinnamon-tree flowers, raw",37.0,16.0,0.0
Slovenia,2011,"Cinnamon and cinnamon-tree flowers, raw",48.0,13.0,0.0
Slovenia,2012,"Cinnamon and cinnamon-tree flowers, raw",50.0,31.0,0.0
Slovenia,2013,"Cinnamon and cinnamon-tree flowers, raw",69.0,27.0,0.0
Slovenia,2014,"Cinnamon and cinnamon-tree flowers, raw",42.74,8.34,0.0
Slovenia,2015,"Cinnamon and cinnamon-tree flowers, raw",72.41,28.91,0.0
Slovenia,2016,"Cinnamon and cinnamon-tree flowers, raw",90.88,60.02,0.0
Slovenia,2017,"Cinnamon and cinnamon-tree flowers, raw",114.41,71.4,0.0
Slovenia,2018,"Cinnamon and cinnamon-tree flowers, raw",116.08,70.9,0.0
Slovenia,2019,"Cinnamon and cinnamon-tree flowers, raw",120.1,77.08,0.0
Slovenia,2020,"Cinnamon and cinnamon-tree flowers, raw",131.22,82.47,0.0
Slovenia,2021,"Cinnamon and cinnamon-tree flowers, raw",114.67,72.53,0.0
Slovenia,2022,"Cinnamon and cinnamon-tree flowers, raw",128.37,77.23,0.0
Solomon Islands,2011,"Cinnamon and cinnamon-tree flowers, raw",0.0,0.0,0.0
Solomon Islands,2012,"Cinnamon and cinnamon-tree flowers, raw",0.0,0.0,0.0
Solomon Islands,2013,"Cinnamon and cinnamon-tree flowers, raw",0.0,0.0,0.0
Solomon Islands,2014,"Cinnamon and cinnamon-tree flowers, raw",0.08,0.0,0.0
Solomon Islands,2015,"Cinnamon and cinnamon-tree flowers, raw",0.18,0.0,0.0
Solomon Islands,2016,"Cinnamon and cinnamon-tree flowers, raw",0.18,0.0,0.0
Solomon Islands,2017,"Cinnamon and cinnamon-tree flowers, raw",0.12,0.0,0.0
Solomon Islands,2018,"Cinnamon and cinnamon-tree flowers, raw",0.38,0.0,0.0
Solomon Islands,2019,"Cinnamon and cinnamon-tree flowers, raw",0.0,0.0,0.0
Solomon Islands,2020,"Cinnamon and cinnamon-tree flowers, raw",0.0,0.0,0.0
Solomon Islands,2021,"Cinnamon and cinnamon-tree flowers, raw",0.25,0.0,0.0
Solomon Islands,2023,"Cinnamon and cinnamon-tree flowers, raw",0.06,0.0,0.0
Somalia,2012,"Cinnamon and cinnamon-tree flowers, raw",80.0,0.0,0.0
Somalia,2013,"Cinnamon and cinnamon-tree flowers, raw",107.0,0.0,0.0
Somalia,2014,"Cinnamon and cinnamon-tree flowers, raw",269.49,0.1,0.0
Somalia,2016,"Cinnamon and cinnamon-tree flowers, raw",249.75,0.0,0.0
Somalia,2017,"Cinnamon and cinnamon-tree flowers, raw",509.21,0.0,0.0
Somalia,2018,"Cinnamon and cinnamon-tree flowers, raw",479.6,0.0,0.0
Somalia,2019,"Cinnamon and cinnamon-tree flowers, raw",767.76,0.0,0.0
Somalia,2020,"Cinnamon and cinnamon-tree flowers, raw",944.13,0.0,0.0
Somalia,2021,"Cinnamon and cinnamon-tree flowers, raw",713.96,0.01,0.0
Somalia,2023,"Cinnamon and cinnamon-tree flowers, raw",1156.01,0.0,0.0
South Africa,1993,"Cinnamon and cinnamon-tree flowers, raw",339.0,6.0,0.0
South Africa,1994,"Cinnamon and cinnamon-tree flowers, raw",411.0,2.0,0.0
South Africa,1996,"Cinnamon and cinnamon-tree flowers, raw",388.0,6.0,0.0
South Africa,1997,"Cinnamon and cinnamon-tree flowers, raw",347.0,4.0,0.0
South Africa,1998,"Cinnamon and cinnamon-tree flowers, raw",448.0,6.0,0.0
South Africa,1999,"Cinnamon and cinnamon-tree flowers, raw",479.0,5.0,0.0
South Africa,2001,"Cinnamon and cinnamon-tree flowers, raw",528.0,14.0,0.0
South Africa,2002,"Cinnamon and cinnamon-tree flowers, raw",544.0,7.0,0.0
South Africa,2003,"Cinnamon and cinnamon-tree flowers, raw",610.0,19.0,0.0
South Africa,2004,"Cinnamon and cinnamon-tree flowers, raw",579.0,9.0,0.0
South Africa,2005,"Cinnamon and cinnamon-tree flowers, raw",674.0,5.0,0.0
South Africa,2006,"Cinnamon and cinnamon-tree flowers, raw",649.0,16.0,0.0
South Africa,2007,"Cinnamon and cinnamon-tree flowers, raw",727.0,8.0,0.0
South Africa,2008,"Cinnamon and cinnamon-tree flowers, raw",681.0,14.0,0.0
South Africa,2009,"Cinnamon and cinnamon-tree flowers, raw",649.0,14.0,0.0
South Africa,2010,"Cinnamon and cinnamon-tree flowers, raw",699.0,23.0,0.0
South Africa,2011,"Cinnamon and cinnamon-tree flowers, raw",690.0,40.0,0.0
South Africa,2012,"Cinnamon and cinnamon-tree flowers, raw",743.0,36.0,0.0
South Africa,2013,"Cinnamon and cinnamon-tree flowers, raw",629.0,56.0,0.0
South Africa,2014,"Cinnamon and cinnamon-tree flowers, raw",748.14,79.47,0.0
South Africa,2015,"Cinnamon and cinnamon-tree flowers, raw",664.88,50.12,0.0
South Africa,2016,"Cinnamon and cinnamon-tree flowers, raw",906.04,74.56,0.0
South Africa,2017,"Cinnamon and cinnamon-tree flowers, raw",949.29,110.62,0.0
South Africa,2018,"Cinnamon and cinnamon-tree flowers, raw",1024.9,56.38,0.0
South Africa,2019,"Cinnamon and cinnamon-tree flowers, raw",1086.73,40.0,0.0
South Africa,2020,"Cinnamon and cinnamon-tree flowers, raw",1215.75,43.51,0.0
South Africa,2021,"Cinnamon and cinnamon-tree flowers, raw",976.87,50.37,0.0
South Africa,2022,"Cinnamon and cinnamon-tree flowers, raw",1130.37,62.15,0.0
South Africa,2023,"Cinnamon and cinnamon-tree flowers, raw",1080.07,56.9,0.0
South Sudan,2012,"Cinnamon and cinnamon-tree flowers, raw",0.0,0.0,0.0
South Sudan,2013,"Cinnamon and cinnamon-tree flowers, raw",0.0,0.0,0.0
South Sudan,2015,"Cinnamon and cinnamon-tree flowers, raw",0.85,0.0,0.0
South Sudan,2016,"Cinnamon and cinnamon-tree flowers, raw",2.17,0.0,0.0
South Sudan,2017,"Cinnamon and cinnamon-tree flowers, raw",1.0,0.0,0.0
South Sudan,2018,"Cinnamon and cinnamon-tree flowers, raw",58.1,0.0,0.0
South Sudan,2019,"Cinnamon and cinnamon-tree flowers, raw",30.63,0.0,0.0
South Sudan,2020,"Cinnamon and cinnamon-tree flowers, raw",56.61,0.0,0.0
South Sudan,2021,"Cinnamon and cinnamon-tree flowers, raw",119.6,0.0,0.0
South Sudan,2023,"Cinnamon and cinnamon-tree flowers, raw",291.59,0.0,0.0
Spain,1993,"Cinnamon and cinnamon-tree flowers, raw",494.0,0.0,0.0
Spain,1994,"Cinnamon and cinnamon-tree flowers, raw",562.0,2.0,0.0
Spain,1995,"Cinnamon and cinnamon-tree flowers, raw",545.0,3.0,0.0
Spain,1997,"Cinnamon and cinnamon-tree flowers, raw",562.0,10.0,0.0
Spain,1998,"Cinnamon and cinnamon-tree flowers, raw",588.0,14.0,0.0
Spain,1999,"Cinnamon and cinnamon-tree flowers, raw",635.0,8.0,0.0
Spain,2000,"Cinnamon and cinnamon-tree flowers, raw",497.0,21.0,0.0
Spain,2001,"Cinnamon and cinnamon-tree flowers, raw",572.0,50.0,0.0
Spain,2002,"Cinnamon and cinnamon-tree flowers, raw",666.0,20.0,0.0
Spain,2003,"Cinnamon and cinnamon-tree flowers, raw",714.0,22.0,0.0
Spain,2004,"Cinnamon and cinnamon-tree flowers, raw",644.0,43.0,0.0
Spain,2005,"Cinnamon and cinnamon-tree flowers, raw",611.0,24.0,0.0
Spain,2006,"Cinnamon and cinnamon-tree flowers, raw",843.0,62.0,0.0
Spain,2007,"Cinnamon and cinnamon-tree flowers, raw",888.0,125.0,0.0
Spain,2008,"Cinnamon and cinnamon-tree flowers, raw",914.0,355.0,0.0
Spain,2010,"Cinnamon and cinnamon-tree flowers, raw",698.0,116.0,0.0
Spain,2011,"Cinnamon and cinnamon-tree flowers, raw",1063.0,180.0,0.0
Spain,2012,"Cinnamon and cinnamon-tree flowers, raw",1057.0,147.0,0.0
Spain,2013,"Cinnamon and cinnamon-tree flowers, raw",1044.0,203.0,0.0
Spain,2014,"Cinnamon and cinnamon-tree flowers, raw",1194.68,221.49,0.0
Spain,2015,"Cinnamon and cinnamon-tree flowers, raw",1499.52,223.71,0.0
Spain,2016,"Cinnamon and cinnamon-tree flowers, raw",1601.16,374.39,0.0
Spain,2017,"Cinnamon and cinnamon-tree flowers, raw",1699.98,569.29,0.0
Spain,2018,"Cinnamon and cinnamon-tree flowers, raw",1845.98,557.93,0.0
Spain,2019,"Cinnamon and cinnamon-tree flowers, raw",1966.66,650.35,0.0
Spain,2020,"Cinnamon and cinnamon-tree flowers, raw",2572.32,820.39,0.0
Spain,2021,"Cinnamon and cinnamon-tree flowers, raw",2299.5,996.77,0.0
Spain,2022,"Cinnamon and cinnamon-tree flowers, raw",2275.08,974.15,0.0
Spain,2023,"Cinnamon and cinnamon-tree flowers, raw",2001.62,923.98,0.0
Sri Lanka,1994,"Cinnamon and cinnamon-tree flowers, raw",6.0,4750.0,11923.0
Sri Lanka,1995,"Cinnamon and cinnamon-tree flowers, raw",6.0,8332.0,12000.0
Sri Lanka,1996,"Cinnamon and cinnamon-tree flowers, raw",17.0,8833.0,11970.0
Sri Lanka,1997,"Cinnamon and cinnamon-tree flowers, raw",0.0,10662.0,12170.0
Sri Lanka,1998,"Cinnamon and cinnamon-tree flowers, raw",14.0,9402.0,11740.0
Sri Lanka,1999,"Cinnamon and cinnamon-tree flowers, raw",0.0,10493.0,12220.0
Sri Lanka,2000,"Cinnamon and cinnamon-tree flowers, raw",13.48,10109.42,12320.0
Sri Lanka,2001,"Cinnamon and cinnamon-tree flowers, raw",5.0,10444.0,12620.0
Sri Lanka,2002,"Cinnamon and cinnamon-tree flowers, raw",34.0,10837.0,12920.0
Sri Lanka,2003,"Cinnamon and cinnamon-tree flowers, raw",0.0,11025.0,13020.0
Sri Lanka,2004,"Cinnamon and cinnamon-tree flowers, raw",33.0,11396.0,12810.0
Sri Lanka,2005,"Cinnamon and cinnamon-tree flowers, raw",7.0,12367.0,13380.0
Sri Lanka,2006,"Cinnamon and cinnamon-tree flowers, raw",6.0,12456.0,12990.0
Sri Lanka,2007,"Cinnamon and cinnamon-tree flowers, raw",17.0,12686.0,13360.0
Sri Lanka,2009,"Cinnamon and cinnamon-tree flowers, raw",21.0,12110.0,14600.0
Sri Lanka,2010,"Cinnamon and cinnamon-tree flowers, raw",15.0,11779.0,15790.0
Sri Lanka,2011,"Cinnamon and cinnamon-tree flowers, raw",44.0,13485.0,15940.0
Sri Lanka,2012,"Cinnamon and cinnamon-tree flowers, raw",61.0,14436.0,16090.0
Sri Lanka,2013,"Cinnamon and cinnamon-tree flowers, raw",46.0,13866.0,15865.0
Sri Lanka,2014,"Cinnamon and cinnamon-tree flowers, raw",89.23,13684.33,16766.0
Sri Lanka,2015,"Cinnamon and cinnamon-tree flowers, raw",17.61,13548.78,20465.95
Sri Lanka,2016,"Cinnamon and cinnamon-tree flowers, raw",37.32,14692.7,24503.0
Sri Lanka,2017,"Cinnamon and cinnamon-tree flowers, raw",61.64,16617.03,24680.0
Sri Lanka,2019,"Cinnamon and cinnamon-tree flowers, raw",1.29,17176.19,24821.0
Sri Lanka,2020,"Cinnamon and cinnamon-tree flowers, raw",0.14,19621.08,22910.1
Sri Lanka,2021,"Cinnamon and cinnamon-tree flowers, raw",0.09,18813.55,23729.8
Sri Lanka,2022,"Cinnamon and cinnamon-tree flowers, raw",18.03,18298.2,23764.0
Sri Lanka,2023,"Cinnamon and cinnamon-tree flowers, raw",16.49,19676.55,22410.0
Sudan,2013,"Cinnamon and cinnamon-tree flowers, raw",2939.0,0.0,0.0
Sudan,2014,"Cinnamon and cinnamon-tree flowers, raw",2836.22,0.6,0.0
Sudan,2015,"Cinnamon and cinnamon-tree flowers, raw",2768.67,0.0,0.0
Sudan,2016,"Cinnamon and cinnamon-tree flowers, raw",1200.79,21.58,0.0
Sudan,2017,"Cinnamon and cinnamon-tree flowers, raw",2012.05,0.0,0.0
Sudan,2018,"Cinnamon and cinnamon-tree flowers, raw",1648.45,30.09,0.0
Sudan,2019,"Cinnamon and cinnamon-tree flowers, raw",2369.69,0.0,0.0
Sudan,2020,"Cinnamon and cinnamon-tree flowers, raw",3344.66,0.03,0.0
Sudan,2022,"Cinnamon and cinnamon-tree flowers, raw",2435.31,1.03,0.0
Sudan,2023,"Cinnamon and cinnamon-tree flowers, raw",1892.21,32.61,0.0
Sudan (former),1993,"Cinnamon and cinnamon-tree flowers, raw",90.0,0.0,0.0
Sudan (former),1994,"Cinnamon and cinnamon-tree flowers, raw",180.0,0.0,0.0
Sudan (former),1995,"Cinnamon and cinnamon-tree flowers, raw",180.0,0.0,0.0
Sudan (former),1996,"Cinnamon and cinnamon-tree flowers, raw",120.0,0.0,0.0
Sudan (former),1997,"Cinnamon and cinnamon-tree flowers, raw",419.0,0.0,0.0
Sudan (former),1998,"Cinnamon and cinnamon-tree flowers, raw",481.0,0.0,0.0
Sudan (former),1999,"Cinnamon and cinnamon-tree flowers, raw",598.0,0.0,0.0
Sudan (former),2000,"Cinnamon and cinnamon-tree flowers, raw",711.0,0.0,0.0
Sudan (former),2001,"Cinnamon and cinnamon-tree flowers, raw",1260.0,3.0,0.0
Sudan (former),2003,"Cinnamon and cinnamon-tree flowers, raw",765.0,1.0,0.0
Sudan (former),2004,"Cinnamon and cinnamon-tree flowers, raw",1102.0,1.0,0.0
Sudan (former),2005,"Cinnamon and cinnamon-tree flowers, raw",1572.0,0.0,0.0
Sudan (former),2006,"Cinnamon and cinnamon-tree flowers, raw",1379.0,0.0,0.0
Sudan (former),2007,"Cinnamon and cinnamon-tree flowers, raw",1870.0,0.0,0.0
Sudan (former),2008,"Cinnamon and cinnamon-tree flowers, raw",1589.0,14.0,0.0
Sudan (former),2010,"Cinnamon and cinnamon-tree flowers, raw",1627.0,0.0,0.0
Sudan (former),2011,"Cinnamon and cinnamon-tree flowers, raw",2670.0,0.0,0.0
Suriname,2009,"Cinnamon and cinnamon-tree flowers, raw",38.0,10.0,0.0
Suriname,2010,"Cinnamon and cinnamon-tree flowers, raw",5.0,0.0,0.0
Suriname,2012,"Cinnamon and cinnamon-tree flowers, raw",61.0,1.0,0.0
Suriname,2013,"Cinnamon and cinnamon-tree flowers, raw",27.0,0.0,0.0
Suriname,2014,"Cinnamon and cinnamon-tree flowers, raw",43.87,0.0,0.0
Suriname,2015,"Cinnamon and cinnamon-tree flowers, raw",59.6,0.67,0.0
Suriname,2016,"Cinnamon and cinnamon-tree flowers, raw",16.31,0.02,0.0
Suriname,2018,"Cinnamon and cinnamon-tree flowers, raw",11.14,0.0,0.0
Suriname,2019,"Cinnamon and cinnamon-tree flowers, raw",6.87,0.0,0.0
Suriname,2020,"Cinnamon and cinnamon-tree flowers, raw",7.45,0.0,0.0
Suriname,2021,"Cinnamon and cinnamon-tree flowers, raw",6.81,0.0,0.0
Suriname,2023,"Cinnamon and cinnamon-tree flowers, raw",6.86,0.0,0.0
Sweden,1993,"Cinnamon and cinnamon-tree flowers, raw",401.0,45.0,0.0
Sweden,1994,"Cinnamon and cinnamon-tree flowers, raw",464.0,50.0,0.0
Sweden,1995,"Cinnamon and cinnamon-tree flowers, raw",469.0,54.0,0.0
Sweden,1996,"Cinnamon and cinnamon-tree flowers, raw",532.0,84.0,0.0
Sweden,1997,"Cinnamon and cinnamon-tree flowers, raw",490.0,70.0,0.0
Sweden,1998,"Cinnamon and cinnamon-tree flowers, raw",560.0,132.0,0.0
Sweden,1999,"Cinnamon and cinnamon-tree flowers, raw",524.0,92.0,0.0
Sweden,2000,"Cinnamon and cinnamon-tree flowers, raw",542.0,110.0,0.0
Sweden,2001,"Cinnamon and cinnamon-tree flowers, raw",408.0,103.0,0.0
Sweden,2002,"Cinnamon and cinnamon-tree flowers, raw",459.0,74.0,0.0
Sweden,2003,"Cinnamon and cinnamon-tree flowers, raw",441.0,195.0,0.0
Sweden,2004,"Cinnamon and cinnamon-tree flowers, raw",419.0,191.0,0.0
Sweden,2005,"Cinnamon and cinnamon-tree flowers, raw",830.0,161.0,0.0
Sweden,2006,"Cinnamon and cinnamon-tree flowers, raw",680.0,134.0,0.0
Sweden,2007,"Cinnamon and cinnamon-tree flowers, raw",738.0,200.0,0.0
Sweden,2008,"Cinnamon and cinnamon-tree flowers, raw",631.0,164.0,0.0
Sweden,2009,"Cinnamon and cinnamon-tree flowers, raw",682.0,157.0,0.0
Sweden,2010,"Cinnamon and cinnamon-tree flowers, raw",582.0,153.0,0.0
Sweden,2012,"Cinnamon and cinnamon-tree flowers, raw",761.0,160.0,0.0
Sweden,2013,"Cinnamon and cinnamon-tree flowers, raw",595.0,151.0,0.0
Sweden,2014,"Cinnamon and cinnamon-tree flowers, raw",888.95,157.81,0.0
Sweden,2015,"Cinnamon and cinnamon-tree flowers, raw",655.2,127.82,0.0
Sweden,2016,"Cinnamon and cinnamon-tree flowers, raw",715.1,172.17,0.0
Sweden,2017,"Cinnamon and cinnamon-tree flowers, raw",633.82,188.33,0.0
Sweden,2018,"Cinnamon and cinnamon-tree flowers, raw",785.53,149.28,0.0
Sweden,2019,"Cinnamon and cinnamon-tree flowers, raw",863.53,203.32,0.0
Sweden,2020,"Cinnamon and cinnamon-tree flowers, raw",765.58,198.99,0.0
Sweden,2021,"Cinnamon and cinnamon-tree flowers, raw",814.12,225.58,0.0
Sweden,2022,"Cinnamon and cinnamon-tree flowers, raw",758.06,124.8,0.0
Sweden,2023,"Cinnamon and cinnamon-tree flowers, raw",716.89,119.76,0.0
Switzerland,1993,"Cinnamon and cinnamon-tree flowers, raw",200.0,2.0,0.0
Switzerland,1994,"Cinnamon and cinnamon-tree flowers, raw",198.0,2.0,0.0
Switzerland,1996,"Cinnamon and cinnamon-tree flowers, raw",194.0,5.0,0.0
Switzerland,1997,"Cinnamon and cinnamon-tree flowers, raw",218.0,11.0,0.0
Switzerland,1998,"Cinnamon and cinnamon-tree flowers, raw",207.0,13.0,0.0
Switzerland,1999,"Cinnamon and cinnamon-tree flowers, raw",211.0,8.0,0.0
Switzerland,2000,"Cinnamon and cinnamon-tree flowers, raw",209.68,0.38,0.0
Switzerland,2001,"Cinnamon and cinnamon-tree flowers, raw",172.0,3.0,0.0
Switzerland,2002,"Cinnamon and cinnamon-tree flowers, raw",166.0,1.0,0.0
Switzerland,2004,"Cinnamon and cinnamon-tree flowers, raw",224.0,4.0,0.0
Switzerland,2005,"Cinnamon and cinnamon-tree flowers, raw",199.0,3.0,0.0
Switzerland,2006,"Cinnamon and cinnamon-tree flowers, raw",198.0,5.0,0.0
Switzerland,2007,"Cinnamon and cinnamon-tree flowers, raw",169.0,3.0,0.0
Switzerland,2008,"Cinnamon and cinnamon-tree flowers, raw",160.0,2.0,0.0
Switzerland,2009,"Cinnamon and cinnamon-tree flowers, raw",159.0,2.0,0.0
Switzerland,2010,"Cinnamon and cinnamon-tree flowers, raw",180.0,7.0,0.0
Switzerland,2011,"Cinnamon and cinnamon-tree flowers, raw",179.0,4.0,0.0
Switzerland,2013,"Cinnamon and cinnamon-tree flowers, raw",196.0,5.0,0.0
Switzerland,2014,"Cinnamon and cinnamon-tree flowers, raw",172.08,9.9,0.0
Switzerland,2015,"Cinnamon and cinnamon-tree flowers, raw",184.65,1.65,0.0
Switzerland,2016,"Cinnamon and cinnamon-tree flowers, raw",171.17,10.66,0.0
Switzerland,2017,"Cinnamon and cinnamon-tree flowers, raw",222.49,12.85,0.0
Switzerland,2018,"Cinnamon and cinnamon-tree flowers, raw",169.75,6.93,0.0
Switzerland,2019,"Cinnamon and cinnamon-tree flowers, raw",236.14,5.73,0.0
Switzerland,2020,"Cinnamon and cinnamon-tree flowers, raw",181.61,5.09,0.0
Switzerland,2021,"Cinnamon and cinnamon-tree flowers, raw",233.42,5.07,0.0
Switzerland,2022,"Cinnamon and cinnamon-tree flowers, raw",218.33,6.61,0.0
Switzerland,2023,"Cinnamon and cinnamon-tree flowers, raw",212.58,8.37,0.0
Syrian Arab Republic,1993,"Cinnamon and cinnamon-tree flowers, raw",159.0,0.0,0.0
Syrian Arab Republic,1994,"Cinnamon and cinnamon-tree flowers, raw",187.0,2.0,0.0
Syrian Arab Republic,1995,"Cinnamon and cinnamon-tree flowers, raw",359.0,2.0,0.0
Syrian Arab Republic,1997,"Cinnamon and cinnamon-tree flowers, raw",301.0,0.0,0.0
Syrian Arab Republic,1998,"Cinnamon and cinnamon-tree flowers, raw",253.0,0.0,0.0
Syrian Arab Republic,1999,"Cinnamon and cinnamon-tree flowers, raw",330.0,0.0,0.0
Syrian Arab Republic,2000,"Cinnamon and cinnamon-tree flowers, raw",355.0,0.0,0.0
Syrian Arab Republic,2001,"Cinnamon and cinnamon-tree flowers, raw",427.0,0.0,0.0
Syrian Arab Republic,2002,"Cinnamon and cinnamon-tree flowers, raw",446.0,0.0,0.0
Syrian Arab Republic,2003,"Cinnamon and cinnamon-tree flowers, raw",516.0,38.0,0.0
Syrian Arab Republic,2004,"Cinnamon and cinnamon-tree flowers, raw",679.0,0.0,0.0
Syrian Arab Republic,2006,"Cinnamon and cinnamon-tree flowers, raw",707.0,0.0,0.0
Syrian Arab Republic,2007,"Cinnamon and cinnamon-tree flowers, raw",860.0,0.0,0.0
Syrian Arab Republic,2008,"Cinnamon and cinnamon-tree flowers, raw",1252.0,0.0,0.0
Syrian Arab Republic,2009,"Cinnamon and cinnamon-tree flowers, raw",642.0,0.0,0.0
Syrian Arab Republic,2010,"Cinnamon and cinnamon-tree flowers, raw",971.0,0.0,0.0
Syrian Arab Republic,2011,"Cinnamon and cinnamon-tree flowers, raw",542.0,0.0,0.0
Syrian Arab Republic,2012,"Cinnamon and cinnamon-tree flowers, raw",209.0,0.0,0.0
Syrian Arab Republic,2013,"Cinnamon and cinnamon-tree flowers, raw",245.0,0.0,0.0
Syrian Arab Republic,2014,"Cinnamon and cinnamon-tree flowers, raw",479.62,10.04,0.0
Syrian Arab Republic,2015,"Cinnamon and cinnamon-tree flowers, raw",456.32,8.48,0.0
Syrian Arab Republic,2016,"Cinnamon and cinnamon-tree flowers, raw",346.25,10.84,0.0
Syrian Arab Republic,2017,"Cinnamon and cinnamon-tree flowers, raw",714.5,33.79,0.0
Syrian Arab Republic,2018,"Cinnamon and cinnamon-tree flowers, raw",366.24,60.91,0.0
Syrian Arab Republic,2019,"Cinnamon and cinnamon-tree flowers, raw",758.25,3.97,0.0
Syrian Arab Republic,2020,"Cinnamon and cinnamon-tree flowers, raw",741.0,8.56,0.0
Syrian Arab Republic,2021,"Cinnamon and cinnamon-tree flowers, raw",369.94,57.26,0.0
Syrian Arab Republic,2022,"Cinnamon and cinnamon-tree flowers, raw",255.6,57.65,0.0
Syrian Arab Republic,2023,"Cinnamon and cinnamon-tree flowers, raw",677.55,83.05,0.0
Tajikistan,2014,"Cinnamon and cinnamon-tree flowers, raw",0.15,0.0,0.0
Tajikistan,2015,"Cinnamon and cinnamon-tree flowers, raw",0.16,0.0,0.0
Tajikistan,2017,"Cinnamon and cinnamon-tree flowers, raw",0.14,0.0,0.0
Tajikistan,2018,"Cinnamon and cinnamon-tree flowers, raw",0.23,0.0,0.0
Tajikistan,2019,"Cinnamon and cinnamon-tree flowers, raw",0.15,0.0,0.0
Tajikistan,2020,"Cinnamon and cinnamon-tree flowers, raw",0.92,0.0,0.0
Tajikistan,2021,"Cinnamon and cinnamon-tree flowers, raw",0.62,0.0,0.0
Tajikistan,2022,"Cinnamon and cinnamon-tree flowers, raw",0.33,0.0,0.0
Tajikistan,2023,"Cinnamon and cinnamon-tree flowers, raw",0.11,0.0,0.0
Thailand,1993,"Cinnamon and cinnamon-tree flowers, raw",158.0,9.0,0.0
Thailand,1994,"Cinnamon and cinnamon-tree flowers, raw",202.0,5.0,0.0
Thailand,1995,"Cinnamon and cinnamon-tree flowers, raw",244.0,23.0,0.0
Thailand,1996,"Cinnamon and cinnamon-tree flowers, raw",439.0,87.0,0.0
Thailand,1997,"Cinnamon and cinnamon-tree flowers, raw",410.0,92.0,0.0
Thailand,1998,"Cinnamon and cinnamon-tree flowers, raw",538.0,69.0,0.0
Thailand,1999,"Cinnamon and cinnamon-tree flowers, raw",775.0,103.0,0.0
Thailand,2001,"Cinnamon and cinnamon-tree flowers, raw",1019.0,88.0,0.0
Thailand,2002,"Cinnamon and cinnamon-tree flowers, raw",1186.0,88.0,0.0
Thailand,2003,"Cinnamon and cinnamon-tree flowers, raw",1307.0,91.0,0.0
Thailand,2004,"Cinnamon and cinnamon-tree flowers, raw",1333.0,81.0,0.0
Thailand,2005,"Cinnamon and cinnamon-tree flowers, raw",1414.0,100.0,0.0
Thailand,2006,"Cinnamon and cinnamon-tree flowers, raw",1463.0,110.0,0.0
Thailand,2007,"Cinnamon and cinnamon-tree flowers, raw",1579.0,83.0,0.0
Thailand,2008,"Cinnamon and cinnamon-tree flowers, raw",1558.0,83.0,0.0
Thailand,2009,"Cinnamon and cinnamon-tree flowers, raw",1458.0,59.0,0.0
Thailand,2010,"Cinnamon and cinnamon-tree flowers, raw",1739.0,72.0,0.0
Thailand,2011,"Cinnamon and cinnamon-tree flowers, raw",1294.0,41.0,0.0
Thailand,2012,"Cinnamon and cinnamon-tree flowers, raw",1765.0,39.0,0.0
Thailand,2013,"Cinnamon and cinnamon-tree flowers, raw",1885.0,29.0,0.0
Thailand,2014,"Cinnamon and cinnamon-tree flowers, raw",1470.3,26.98,0.0
Thailand,2015,"Cinnamon and cinnamon-tree flowers, raw",1704.23,73.2,0.0
Thailand,2016,"Cinnamon and cinnamon-tree flowers, raw",1427.2,73.34,0.0
Thailand,2017,"Cinnamon and cinnamon-tree flowers, raw",1922.93,33.99,0.0
Thailand,2018,"Cinnamon and cinnamon-tree flowers, raw",1686.29,23.5,0.0
Thailand,2019,"Cinnamon and cinnamon-tree flowers, raw",1408.6,22.74,0.0
Thailand,2020,"Cinnamon and cinnamon-tree flowers, raw",1644.62,56.62,0.0
Thailand,2021,"Cinnamon and cinnamon-tree flowers, raw",1217.8,96.77,0.0
Thailand,2022,"Cinnamon and cinnamon-tree flowers, raw",1385.22,41.69,0.0
Thailand,2023,"Cinnamon and cinnamon-tree flowers, raw",1302.51,88.44,0.0
Timor-Leste,2014,"Cinnamon and cinnamon-tree flowers, raw",0.16,0.0,108.9
Timor-Leste,2015,"Cinnamon and cinnamon-tree flowers, raw",0.11,0.0,112.24
Timor-Leste,2016,"Cinnamon and cinnamon-tree flowers, raw",0.28,0.0,114.49
Timor-Leste,2018,"Cinnamon and cinnamon-tree flowers, raw",0.39,0.0,115.23
Timor-Leste,2019,"Cinnamon and cinnamon-tree flowers, raw",0.27,0.0,114.69
Timor-Leste,2020,"Cinnamon and cinnamon-tree flowers, raw",0.58,0.0,118.95
Timor-Leste,2021,"Cinnamon and cinnamon-tree flowers, raw",0.69,0.0,119.11
Timor-Leste,2022,"Cinnamon and cinnamon-tree flowers, raw",0.41,0.0,121.02
Timor-Leste,2023,"Cinnamon and cinnamon-tree flowers, raw",0.09,0.0,124.33
Togo,1994,"Cinnamon and cinnamon-tree flowers, raw",0.0,0.0,0.0
Togo,1995,"Cinnamon and cinnamon-tree flowers, raw",0.0,0.0,0.0
Togo,1996,"Cinnamon and cinnamon-tree flowers, raw",0.0,0.0,0.0
Togo,1997,"Cinnamon and cinnamon-tree flowers, raw",0.0,0.0,0.0
Togo,1998,"Cinnamon and cinnamon-tree flowers, raw",0.0,0.0,0.0
Togo,1999,"Cinnamon and cinnamon-tree flowers, raw",0.0,0.0,0.0
Togo,2000,"Cinnamon and cinnamon-tree flowers, raw",0.0,0.0,0.0
Togo,2001,"Cinnamon and cinnamon-tree flowers, raw",0.0,0.0,0.0
Togo,2002,"Cinnamon and cinnamon-tree flowers, raw",0.0,0.0,0.0
Togo,2003,"Cinnamon and cinnamon-tree flowers, raw",0.0,0.0,0.0
Togo,2004,"Cinnamon and cinnamon-tree flowers, raw",0.0,0.0,0.0
Togo,2005,"Cinnamon and cinnamon-tree flowers, raw",0.0,0.0,0.0
Togo,2006,"Cinnamon and cinnamon-tree flowers, raw",0.0,0.0,0.0
Togo,2008,"Cinnamon and cinnamon-tree flowers, raw",0.0,0.0,0.0
Togo,2009,"Cinnamon and cinnamon-tree flowers, raw",0.0,0.0,0.0
Togo,2010,"Cinnamon and cinnamon-tree flowers, raw",0.0,0.0,0.0
Togo,2011,"Cinnamon and cinnamon-tree flowers, raw",0.0,0.0,0.0
Togo,2012,"Cinnamon and cinnamon-tree flowers, raw",0.0,0.0,0.0
Togo,2013,"Cinnamon and cinnamon-tree flowers, raw",0.0,0.0,0.0
Togo,2021,"Cinnamon and cinnamon-tree flowers, raw",0.45,0.0,0.0
Togo,2022,"Cinnamon and cinnamon-tree flowers, raw",0.5,0.0,0.0
Tonga,2000,"Cinnamon and cinnamon-tree flowers, raw",0.0,0.0,0.0
Tonga,2001,"Cinnamon and cinnamon-tree flowers, raw",0.0,0.0,0.0
Tonga,2002,"Cinnamon and cinnamon-tree flowers, raw",0.0,0.0,0.0
Tonga,2003,"Cinnamon and cinnamon-tree flowers, raw",0.0,0.0,0.0
Tonga,2004,"Cinnamon and cinnamon-tree flowers, raw",0.0,0.0,0.0
Tonga,2005,"Cinnamon and cinnamon-tree flowers, raw",0.0,0.0,0.0
Tonga,2006,"Cinnamon and cinnamon-tree flowers, raw",0.0,0.0,0.0
Tonga,2007,"Cinnamon and cinnamon-tree flowers, raw",0.0,0.0,0.0
Tonga,2008,"Cinnamon and cinnamon-tree flowers, raw",0.0,0.0,0.0
Tonga,2009,"Cinnamon and cinnamon-tree flowers, raw",0.0,0.0,0.0
Tonga,2010,"Cinnamon and cinnamon-tree flowers, raw",0.0,0.0,0.0
Tonga,2011,"Cinnamon and cinnamon-tree flowers, raw",0.0,0.0,0.0
Tonga,2012,"Cinnamon and cinnamon-tree flowers, raw",0.0,0.0,0.0
Tonga,2013,"Cinnamon and cinnamon-tree flowers, raw",3.0,0.0,0.0
Tonga,2014,"Cinnamon and cinnamon-tree flowers, raw",0.56,0.0,0.0
Tonga,2015,"Cinnamon and cinnamon-tree flowers, raw",4.07,0.0,0.0
Tonga,2016,"Cinnamon and cinnamon-tree flowers, raw",0.01,0.0,0.0
Tonga,2017,"Cinnamon and cinnamon-tree flowers, raw",0.45,0.0,0.0
Tonga,2018,"Cinnamon and cinnamon-tree flowers, raw",0.0,0.0,0.0
Tonga,2019,"Cinnamon and cinnamon-tree flowers, raw",0.06,0.0,0.0
Tonga,2020,"Cinnamon and cinnamon-tree flowers, raw",0.1,0.0,0.0
Tonga,2022,"Cinnamon and cinnamon-tree flowers, raw",0.03,0.0,0.0
Tonga,2023,"Cinnamon and cinnamon-tree flowers, raw",0.01,0.0,0.0
Trinidad and Tobago,1993,"Cinnamon and cinnamon-tree flowers, raw",1.0,0.0,0.0
Trinidad and Tobago,1994,"Cinnamon and cinnamon-tree flowers, raw",8.0,0.0,0.0
Trinidad and Tobago,1996,"Cinnamon and cinnamon-tree flowers, raw",2.0,0.0,0.0
Trinidad and Tobago,1997,"Cinnamon and cinnamon-tree flowers, raw",11.0,0.0,0.0
Trinidad and Tobago,1998,"Cinnamon and cinnamon-tree flowers, raw",8.0,0.0,0.0
Trinidad and Tobago,1999,"Cinnamon and cinnamon-tree flowers, raw",24.0,0.0,0.0
Trinidad and Tobago,2000,"Cinnamon and cinnamon-tree flowers, raw",9.46,0.24,0.0
Trinidad and Tobago,2001,"Cinnamon and cinnamon-tree flowers, raw",18.0,0.0,0.0
Trinidad and Tobago,2002,"Cinnamon and cinnamon-tree flowers, raw",16.0,0.0,0.0
Trinidad and Tobago,2004,"Cinnamon and cinnamon-tree flowers, raw",24.0,0.0,0.0
Trinidad and Tobago,2005,"Cinnamon and cinnamon-tree flowers, raw",22.0,2.0,0.0
Trinidad and Tobago,2006,"Cinnamon and cinnamon-tree flowers, raw",28.0,1.0,0.0
Trinidad and Tobago,2007,"Cinnamon and cinnamon-tree flowers, raw",37.0,0.0,0.0
Trinidad and Tobago,2008,"Cinnamon and cinnamon-tree flowers, raw",46.0,0.0,0.0
Trinidad and Tobago,2009,"Cinnamon and cinnamon-tree flowers, raw",26.0,1.0,0.0
Trinidad and Tobago,2011,"Cinnamon and cinnamon-tree flowers, raw",18.0,1.0,0.0
Trinidad and Tobago,2012,"Cinnamon and cinnamon-tree flowers, raw",53.0,0.0,0.0
Trinidad and Tobago,2013,"Cinnamon and cinnamon-tree flowers, raw",29.0,0.0,0.0
Trinidad and Tobago,2014,"Cinnamon and cinnamon-tree flowers, raw",33.31,0.27,0.0
Trinidad and Tobago,2015,"Cinnamon and cinnamon-tree flowers, raw",60.12,2.71,0.0
Trinidad and Tobago,2016,"Cinnamon and cinnamon-tree flowers, raw",69.08,3.35,0.0
Trinidad and Tobago,2018,"Cinnamon and cinnamon-tree flowers, raw",88.73,4.6,0.0
Trinidad and Tobago,2019,"Cinnamon and cinnamon-tree flowers, raw",67.68,4.82,0.0
Trinidad and Tobago,2020,"Cinnamon and cinnamon-tree flowers, raw",110.95,4.22,0.0
Trinidad and Tobago,2021,"Cinnamon and cinnamon-tree flowers, raw",76.22,7.38,0.0
Trinidad and Tobago,2022,"Cinnamon and cinnamon-tree flowers, raw",79.42,4.1,0.0
Trinidad and Tobago,2023,"Cinnamon and cinnamon-tree flowers, raw",52.03,12.3,0.0
Tunisia,1993,"Cinnamon and cinnamon-tree flowers, raw",90.0,9.0,0.0
Tunisia,1995,"Cinnamon and cinnamon-tree flowers, raw",120.0,36.0,0.0
Tunisia,1996,"Cinnamon and cinnamon-tree flowers, raw",80.0,20.0,0.0
Tunisia,1997,"Cinnamon and cinnamon-tree flowers, raw",50.0,37.0,0.0
Tunisia,1998,"Cinnamon and cinnamon-tree flowers, raw",51.0,6.0,0.0
Tunisia,2000,"Cinnamon and cinnamon-tree flowers, raw",51.0,1.0,0.0
Tunisia,2001,"Cinnamon and cinnamon-tree flowers, raw",78.0,1.0,0.0
Tunisia,2002,"Cinnamon and cinnamon-tree flowers, raw",52.0,0.0,0.0
Tunisia,2003,"Cinnamon and cinnamon-tree flowers, raw",76.0,0.0,0.0
Tunisia,2004,"Cinnamon and cinnamon-tree flowers, raw",137.0,0.0,0.0
Tunisia,2005,"Cinnamon and cinnamon-tree flowers, raw",12.0,0.0,0.0
Tunisia,2007,"Cinnamon and cinnamon-tree flowers, raw",134.0,0.0,0.0
Tunisia,2008,"Cinnamon and cinnamon-tree flowers, raw",91.0,0.0,0.0
Tunisia,2009,"Cinnamon and cinnamon-tree flowers, raw",78.0,0.0,0.0
Tunisia,2010,"Cinnamon and cinnamon-tree flowers, raw",95.0,0.0,0.0
Tunisia,2012,"Cinnamon and cinnamon-tree flowers, raw",123.0,14.0,0.0
Tunisia,2013,"Cinnamon and cinnamon-tree flowers, raw",86.0,2.0,0.0
Tunisia,2014,"Cinnamon and cinnamon-tree flowers, raw",111.05,0.06,0.0
Tunisia,2015,"Cinnamon and cinnamon-tree flowers, raw",90.12,0.0,0.0
Tunisia,2016,"Cinnamon and cinnamon-tree flowers, raw",194.12,0.05,0.0
Tunisia,2017,"Cinnamon and cinnamon-tree flowers, raw",66.8,3.07,0.0
Tunisia,2018,"Cinnamon and cinnamon-tree flowers, raw",225.04,0.11,0.0
Tunisia,2019,"Cinnamon and cinnamon-tree flowers, raw",87.81,3.77,0.0
Tunisia,2020,"Cinnamon and cinnamon-tree flowers, raw",258.91,0.11,0.0
Tunisia,2021,"Cinnamon and cinnamon-tree flowers, raw",103.53,0.12,0.0
Tunisia,2022,"Cinnamon and cinnamon-tree flowers, raw",195.88,0.02,0.0
Tunisia,2023,"Cinnamon and cinnamon-tree flowers, raw",58.91,0.07,0.0
Türkiye,1993,"Cinnamon and cinnamon-tree flowers, raw",217.0,23.0,0.0
Türkiye,1995,"Cinnamon and cinnamon-tree flowers, raw",322.0,35.0,0.0
Türkiye,1996,"Cinnamon and cinnamon-tree flowers, raw",290.0,15.0,0.0
Türkiye,1997,"Cinnamon and cinnamon-tree flowers, raw",307.0,13.0,0.0
Türkiye,1998,"Cinnamon and cinnamon-tree flowers, raw",305.0,20.0,0.0
Türkiye,1999,"Cinnamon and cinnamon-tree flowers, raw",251.0,13.0,0.0
Türkiye,2000,"Cinnamon and cinnamon-tree flowers, raw",406.57,12.75,0.0
Türkiye,2001,"Cinnamon and cinnamon-tree flowers, raw",301.0,10.0,0.0
Türkiye,2002,"Cinnamon and cinnamon-tree flowers, raw",582.0,7.0,0.0
Türkiye,2003,"Cinnamon and cinnamon-tree flowers, raw",539.0,9.0,0.0
Türkiye,2004,"Cinnamon and cinnamon-tree flowers, raw",644.0,13.0,0.0
Türkiye,2005,"Cinnamon and cinnamon-tree flowers, raw",442.0,9.0,0.0
Türkiye,2006,"Cinnamon and cinnamon-tree flowers, raw",899.0,8.0,0.0
Türkiye,2007,"Cinnamon and cinnamon-tree flowers, raw",829.0,13.0,0.0
Türkiye,2008,"Cinnamon and cinnamon-tree flowers, raw",670.0,16.0,0.0
Türkiye,2009,"Cinnamon and cinnamon-tree flowers, raw",898.0,14.0,0.0
Türkiye,2010,"Cinnamon and cinnamon-tree flowers, raw",1483.0,18.0,0.0
Türkiye,2011,"Cinnamon and cinnamon-tree flowers, raw",822.0,15.0,0.0
Türkiye,2012,"Cinnamon and cinnamon-tree flowers, raw",1261.0,17.0,0.0
Türkiye,2013,"Cinnamon and cinnamon-tree flowers, raw",1342.0,22.0,0.0
Türkiye,2014,"Cinnamon and cinnamon-tree flowers, raw",2020.64,29.49,0.0
Türkiye,2015,"Cinnamon and cinnamon-tree flowers, raw",1219.35,25.11,0.0
Türkiye,2016,"Cinnamon and cinnamon-tree flowers, raw",1781.43,33.33,0.0
Türkiye,2017,"Cinnamon and cinnamon-tree flowers, raw",2280.82,34.03,0.0
Türkiye,2018,"Cinnamon and cinnamon-tree flowers, raw",1153.77,43.36,0.0
Türkiye,2019,"Cinnamon and cinnamon-tree flowers, raw",2139.51,160.27,0.0
Türkiye,2020,"Cinnamon and cinnamon-tree flowers, raw",2571.65,338.0,0.0
Türkiye,2021,"Cinnamon and cinnamon-tree flowers, raw",2255.23,474.62,0.0
Türkiye,2022,"Cinnamon and cinnamon-tree flowers, raw",2094.99,391.62,0.0
Türkiye,2023,"Cinnamon and cinnamon-tree flowers, raw",1977.84,355.31,0.0
Turkmenistan,2014,"Cinnamon and cinnamon-tree flowers, raw",0.61,0.0,0.0
Turkmenistan,2015,"Cinnamon and cinnamon-tree flowers, raw",1.04,0.0,0.0
Turkmenistan,2016,"Cinnamon and cinnamon-tree flowers, raw",0.97,0.0,0.0
Turkmenistan,2017,"Cinnamon and cinnamon-tree flowers, raw",2.77,0.0,0.0
Turkmenistan,2019,"Cinnamon and cinnamon-tree flowers, raw",0.42,0.0,0.0
Turkmenistan,2020,"Cinnamon and cinnamon-tree flowers, raw",1.42,0.0,0.0
Turkmenistan,2021,"Cinnamon and cinnamon-tree flowers, raw",1.82,0.0,0.0
Turkmenistan,2022,"Cinnamon and cinnamon-tree flowers, raw",0.07,0.0,0.0
Tuvalu,2018,"Cinnamon and cinnamon-tree flowers, raw",0.01,0.0,0.0
Tuvalu,2021,"Cinnamon and cinnamon-tree flowers, raw",0.0,0.0,0.0
Tuvalu,2022,"Cinnamon and cinnamon-tree flowers, raw",0.07,0.0,0.0
Uganda,1993,"Cinnamon and cinnamon-tree flowers, raw",0.0,0.0,0.0
Uganda,1994,"Cinnamon and cinnamon-tree flowers, raw",0.01,0.0,0.0
Uganda,1995,"Cinnamon and cinnamon-tree flowers, raw",0.0,0.0,0.0
Uganda,1996,"Cinnamon and cinnamon-tree flowers, raw",0.02,0.0,0.0
Uganda,1998,"Cinnamon and cinnamon-tree flowers, raw",0.0,0.0,0.0
Uganda,1999,"Cinnamon and cinnamon-tree flowers, raw",0.0,0.0,0.0
Uganda,2000,"Cinnamon and cinnamon-tree flowers, raw",0.0,0.0,0.0
Uganda,2001,"Cinnamon and cinnamon-tree flowers, raw",0.0,0.0,0.0
Uganda,2002,"Cinnamon and cinnamon-tree flowers, raw",0.0,0.0,0.0
Uganda,2003,"Cinnamon and cinnamon-tree flowers, raw",1.0,0.0,0.0
Uganda,2004,"Cinnamon and cinnamon-tree flowers, raw",1.0,0.0,0.0
Uganda,2005,"Cinnamon and cinnamon-tree flowers, raw",0.0,0.0,0.0
Uganda,2006,"Cinnamon and cinnamon-tree flowers, raw",0.0,0.0,0.0
Uganda,2007,"Cinnamon and cinnamon-tree flowers, raw",5.0,0.0,0.0
Uganda,2008,"Cinnamon and cinnamon-tree flowers, raw",4.0,276.0,0.0
Uganda,2009,"Cinnamon and cinnamon-tree flowers, raw",1.0,614.0,0.0
Uganda,2011,"Cinnamon and cinnamon-tree flowers, raw",4.0,2061.0,0.0
Uganda,2012,"Cinnamon and cinnamon-tree flowers, raw",2.0,1559.0,0.0
Uganda,2013,"Cinnamon and cinnamon-tree flowers, raw",16.0,295.0,0.0
Uganda,2014,"Cinnamon and cinnamon-tree flowers, raw",1.86,1.36,0.0
Uganda,2015,"Cinnamon and cinnamon-tree flowers, raw",1.35,2.16,0.0
Uganda,2016,"Cinnamon and cinnamon-tree flowers, raw",16.01,2.75,0.0
Uganda,2017,"Cinnamon and cinnamon-tree flowers, raw",15.87,1.0,0.0
Uganda,2018,"Cinnamon and cinnamon-tree flowers, raw",22.35,3.07,0.0
Uganda,2019,"Cinnamon and cinnamon-tree flowers, raw",27.82,0.12,0.0
Uganda,2020,"Cinnamon and cinnamon-tree flowers, raw",25.29,14.25,0.0
Uganda,2021,"Cinnamon and cinnamon-tree flowers, raw",27.84,0.0,0.0
Uganda,2023,"Cinnamon and cinnamon-tree flowers, raw",61.35,0.62,0.0
Ukraine,1994,"Cinnamon and cinnamon-tree flowers, raw",33.0,6.0,0.0
Ukraine,1995,"Cinnamon and cinnamon-tree flowers, raw",172.0,4.0,0.0
Ukraine,1996,"Cinnamon and cinnamon-tree flowers, raw",163.0,29.0,0.0
Ukraine,1997,"Cinnamon and cinnamon-tree flowers, raw",84.0,29.0,0.0
Ukraine,1999,"Cinnamon and cinnamon-tree flowers, raw",99.0,6.0,0.0
Ukraine,2000,"Cinnamon and cinnamon-tree flowers, raw",110.0,1.0,0.0
Ukraine,2001,"Cinnamon and cinnamon-tree flowers, raw",133.0,3.0,0.0
Ukraine,2002,"Cinnamon and cinnamon-tree flowers, raw",151.0,3.0,0.0
Ukraine,2004,"Cinnamon and cinnamon-tree flowers, raw",142.0,4.0,0.0
Ukraine,2005,"Cinnamon and cinnamon-tree flowers, raw",154.0,3.0,0.0
Ukraine,2006,"Cinnamon and cinnamon-tree flowers, raw",112.0,4.0,0.0
Ukraine,2007,"Cinnamon and cinnamon-tree flowers, raw",132.0,4.0,0.0
Ukraine,2008,"Cinnamon and cinnamon-tree flowers, raw",179.0,9.0,0.0
Ukraine,2009,"Cinnamon and cinnamon-tree flowers, raw",213.0,6.0,0.0
Ukraine,2010,"Cinnamon and cinnamon-tree flowers, raw",151.0,6.0,0.0
Ukraine,2011,"Cinnamon and cinnamon-tree flowers, raw",128.0,6.0,0.0
Ukraine,2012,"Cinnamon and cinnamon-tree flowers, raw",196.0,5.0,0.0
Ukraine,2014,"Cinnamon and cinnamon-tree flowers, raw",215.34,8.65,0.0
Ukraine,2015,"Cinnamon and cinnamon-tree flowers, raw",226.49,6.88,0.0
Ukraine,2016,"Cinnamon and cinnamon-tree flowers, raw",229.03,5.3,0.0
Ukraine,2017,"Cinnamon and cinnamon-tree flowers, raw",253.6,9.68,0.0
Ukraine,2018,"Cinnamon and cinnamon-tree flowers, raw",290.39,7.4,0.0
Ukraine,2019,"Cinnamon and cinnamon-tree flowers, raw",351.08,11.45,0.0
Ukraine,2020,"Cinnamon and cinnamon-tree flowers, raw",297.08,7.86,0.0
Ukraine,2021,"Cinnamon and cinnamon-tree flowers, raw",255.71,7.56,0.0
Ukraine,2022,"Cinnamon and cinnamon-tree flowers, raw",208.44,4.64,0.0
Ukraine,2023,"Cinnamon and cinnamon-tree flowers, raw",269.6,5.72,0.0
United Arab Emirates,2002,"Cinnamon and cinnamon-tree flowers, raw",6051.0,2691.0,0.0
United Arab Emirates,2003,"Cinnamon and cinnamon-tree flowers, raw",5887.0,2311.0,0.0
United Arab Emirates,2004,"Cinnamon and cinnamon-tree flowers, raw",5798.0,1497.0,0.0
United Arab Emirates,2005,"Cinnamon and cinnamon-tree flowers, raw",7097.0,4003.0,0.0
United Arab Emirates,2006,"Cinnamon and cinnamon-tree flowers, raw",6637.0,469.0,0.0
United Arab Emirates,2007,"Cinnamon and cinnamon-tree flowers, raw",8977.0,3782.0,0.0
United Arab Emirates,2008,"Cinnamon and cinnamon-tree flowers, raw",6289.0,1974.0,0.0
United Arab Emirates,2009,"Cinnamon and cinnamon-tree flowers, raw",8542.0,1974.0,0.0
United Arab Emirates,2010,"Cinnamon and cinnamon-tree flowers, raw",8234.0,2341.0,0.0
United Arab Emirates,2011,"Cinnamon and cinnamon-tree flowers, raw",7434.0,356.0,0.0
United Arab Emirates,2012,"Cinnamon and cinnamon-tree flowers, raw",6209.0,496.0,0.0
United Arab Emirates,2013,"Cinnamon and cinnamon-tree flowers, raw",7387.0,547.0,0.0
United Arab Emirates,2014,"Cinnamon and cinnamon-tree flowers, raw",9682.68,7331.99,0.0
United Arab Emirates,2015,"Cinnamon and cinnamon-tree flowers, raw",6596.35,4960.5,0.0
United Arab Emirates,2016,"Cinnamon and cinnamon-tree flowers, raw",4463.57,6599.25,0.0
United Arab Emirates,2017,"Cinnamon and cinnamon-tree flowers, raw",4838.28,6846.91,0.0
United Arab Emirates,2018,"Cinnamon and cinnamon-tree flowers, raw",4742.28,3902.59,0.0
United Arab Emirates,2019,"Cinnamon and cinnamon-tree flowers, raw",5690.98,4258.75,0.0
United Arab Emirates,2020,"Cinnamon and cinnamon-tree flowers, raw",6699.83,6138.0,0.0
United Arab Emirates,2021,"Cinnamon and cinnamon-tree flowers, raw",5550.22,5336.22,0.0
United Arab Emirates,2023,"Cinnamon and cinnamon-tree flowers, raw",6439.36,6515.48,0.0
United Kingdom of Great Britain and Northern Ireland,1993,"Cinnamon and cinnamon-tree flowers, raw",1931.0,36.0,0.0
United Kingdom of Great Britain and Northern Ireland,1994,"Cinnamon and cinnamon-tree flowers, raw",1154.0,48.0,0.0
United Kingdom of Great Britain and Northern Ireland,1995,"Cinnamon and cinnamon-tree flowers, raw",1439.0,37.0,0.0
United Kingdom of Great Britain and Northern Ireland,1996,"Cinnamon and cinnamon-tree flowers, raw",1195.0,49.0,0.0
United Kingdom of Great Britain and Northern Ireland,1997,"Cinnamon and cinnamon-tree flowers, raw",1217.0,52.0,0.0
United Kingdom of Great Britain and Northern Ireland,1998,"Cinnamon and cinnamon-tree flowers, raw",1390.0,49.0,0.0
United Kingdom of Great Britain and Northern Ireland,1999,"Cinnamon and cinnamon-tree flowers, raw",1141.0,47.0,0.0
United Kingdom of Great Britain and Northern Ireland,2000,"Cinnamon and cinnamon-tree flowers, raw",1169.0,34.0,0.0
United Kingdom of Great Britain and Northern Ireland,2002,"Cinnamon and cinnamon-tree flowers, raw",1074.0,72.0,0.0
United Kingdom of Great Britain and Northern Ireland,2003,"Cinnamon and cinnamon-tree flowers, raw",1005.0,47.0,0.0
United Kingdom of Great Britain and Northern Ireland,2004,"Cinnamon and cinnamon-tree flowers, raw",1363.0,52.0,0.0
United Kingdom of Great Britain and Northern Ireland,2005,"Cinnamon and cinnamon-tree flowers, raw",1243.0,45.0,0.0
United Kingdom of Great Britain and Northern Ireland,2006,"Cinnamon and cinnamon-tree flowers, raw",1305.0,44.0,0.0
United Kingdom of Great Britain and Northern Ireland,2007,"Cinnamon and cinnamon-tree flowers, raw",1361.0,45.0,0.0
United Kingdom of Great Britain and Northern Ireland,2008,"Cinnamon and cinnamon-tree flowers, raw",1428.0,65.0,0.0
United Kingdom of Great Britain and Northern Ireland,2009,"Cinnamon and cinnamon-tree flowers, raw",1704.0,93.0,0.0
United Kingdom of Great Britain and Northern Ireland,2010,"Cinnamon and cinnamon-tree flowers, raw",1916.0,77.0,0.0
United Kingdom of Great Britain and Northern Ireland,2011,"Cinnamon and cinnamon-tree flowers, raw",2242.0,82.0,0.0
United Kingdom of Great Britain and Northern Ireland,2012,"Cinnamon and cinnamon-tree flowers, raw",2401.0,124.0,0.0
United Kingdom of Great Britain and Northern Ireland,2013,"Cinnamon and cinnamon-tree flowers, raw",2713.0,120.0,0.0
United Kingdom of Great Britain and Northern Ireland,2014,"Cinnamon and cinnamon-tree flowers, raw",2481.61,138.55,0.0
United Kingdom of Great Britain and Northern Ireland,2015,"Cinnamon and cinnamon-tree flowers, raw",2155.85,167.38,0.0
United Kingdom of Great Britain and Northern Ireland,2016,"Cinnamon and cinnamon-tree flowers, raw",2251.48,244.62,0.0
United Kingdom of Great Britain and Northern Ireland,2017,"Cinnamon and cinnamon-tree flowers, raw",2572.15,341.59,0.0
United Kingdom of Great Britain and Northern Ireland,2018,"Cinnamon and cinnamon-tree flowers, raw",2747.57,438.04,0.0
United Kingdom of Great Britain and Northern Ireland,2019,"Cinnamon and cinnamon-tree flowers, raw",2809.48,451.62,0.0
United Kingdom of Great Britain and Northern Ireland,2020,"Cinnamon and cinnamon-tree flowers, raw",3230.05,637.27,0.0
United Kingdom of Great Britain and Northern Ireland,2021,"Cinnamon and cinnamon-tree flowers, raw",3156.19,570.57,0.0
United Kingdom of Great Britain and Northern Ireland,2023,"Cinnamon and cinnamon-tree flowers, raw",2868.95,505.69,0.0
United Republic of Tanzania,1993,"Cinnamon and cinnamon-tree flowers, raw",0.0,0.0,0.0
United Republic of Tanzania,1994,"Cinnamon and cinnamon-tree flowers, raw",0.0,0.0,0.0
United Republic of Tanzania,1995,"Cinnamon and cinnamon-tree flowers, raw",21.0,0.0,0.0
United Republic of Tanzania,1996,"Cinnamon and cinnamon-tree flowers, raw",22.0,0.0,0.0
United Republic of Tanzania,1997,"Cinnamon and cinnamon-tree flowers, raw",36.0,0.0,0.0
United Republic of Tanzania,1998,"Cinnamon and cinnamon-tree flowers, raw",7.0,1.0,0.0
United Republic of Tanzania,1999,"Cinnamon and cinnamon-tree flowers, raw",18.0,0.0,0.0
United Republic of Tanzania,2001,"Cinnamon and cinnamon-tree flowers, raw",16.0,5.0,0.0
United Republic of Tanzania,2002,"Cinnamon and cinnamon-tree flowers, raw",36.0,3.0,0.0
United Republic of Tanzania,2003,"Cinnamon and cinnamon-tree flowers, raw",18.0,1.0,0.0
United Republic of Tanzania,2004,"Cinnamon and cinnamon-tree flowers, raw",38.0,0.0,0.0
United Republic of Tanzania,2005,"Cinnamon and cinnamon-tree flowers, raw",21.0,1.0,0.0
United Republic of Tanzania,2006,"Cinnamon and cinnamon-tree flowers, raw",19.0,0.0,0.0
United Republic of Tanzania,2007,"Cinnamon and cinnamon-tree flowers, raw",35.0,0.0,0.0
United Republic of Tanzania,2008,"Cinnamon and cinnamon-tree flowers, raw",44.0,0.0,0.0
United Republic of Tanzania,2009,"Cinnamon and cinnamon-tree flowers, raw",39.0,6.0,0.0
United Republic of Tanzania,2010,"Cinnamon and cinnamon-tree flowers, raw",95.0,7.0,0.0
United Republic of Tanzania,2011,"Cinnamon and cinnamon-tree flowers, raw",243.0,6.0,0.0
United Republic of Tanzania,2012,"Cinnamon and cinnamon-tree flowers, raw",96.0,6.0,0.0
United Republic of Tanzania,2013,"Cinnamon and cinnamon-tree flowers, raw",161.0,35.0,0.0
United Republic of Tanzania,2014,"Cinnamon and cinnamon-tree flowers, raw",147.38,25.24,0.0
United Republic of Tanzania,2015,"Cinnamon and cinnamon-tree flowers, raw",34.72,0.03,0.0
United Republic of Tanzania,2016,"Cinnamon and cinnamon-tree flowers, raw",72.19,12.09,0.0
United Republic of Tanzania,2017,"Cinnamon and cinnamon-tree flowers, raw",100.75,28.85,0.0
United Republic of Tanzania,2018,"Cinnamon and cinnamon-tree flowers, raw",16.07,378.99,0.0
United Republic of Tanzania,2019,"Cinnamon and cinnamon-tree flowers, raw",172.47,359.65,0.0
United Republic of Tanzania,2020,"Cinnamon and cinnamon-tree flowers, raw",243.23,479.51,0.0
United Republic of Tanzania,2021,"Cinnamon and cinnamon-tree flowers, raw",456.26,460.08,0.0
United Republic of Tanzania,2022,"Cinnamon and cinnamon-tree flowers, raw",481.97,445.85,0.0
United States of America,1993,"Cinnamon and cinnamon-tree flowers, raw",14423.0,614.0,0.0
United States of America,1994,"Cinnamon and cinnamon-tree flowers, raw",15927.0,871.0,0.0
United States of America,1995,"Cinnamon and cinnamon-tree flowers, raw",15610.0,704.0,0.0
United States of America,1996,"Cinnamon and cinnamon-tree flowers, raw",17099.0,836.0,0.0
United States of America,1997,"Cinnamon and cinnamon-tree flowers, raw",17495.0,1098.0,0.0
United States of America,1999,"Cinnamon and cinnamon-tree flowers, raw",17566.0,971.0,0.0
United States of America,2000,"Cinnamon and cinnamon-tree flowers, raw",16797.42,1048.32,0.0
United States of America,2001,"Cinnamon and cinnamon-tree flowers, raw",16376.0,837.0,0.0
United States of America,2002,"Cinnamon and cinnamon-tree flowers, raw",18403.0,915.0,0.0
United States of America,2003,"Cinnamon and cinnamon-tree flowers, raw",20683.0,1177.0,0.0
United States of America,2004,"Cinnamon and cinnamon-tree flowers, raw",18380.0,1177.0,0.0
United States of America,2005,"Cinnamon and cinnamon-tree flowers, raw",19138.0,1014.0,0.0
United States of America,2007,"Cinnamon and cinnamon-tree flowers, raw",22072.0,1323.0,0.0
United States of America,2008,"Cinnamon and cinnamon-tree flowers, raw",21988.0,1222.0,0.0
United States of America,2009,"Cinnamon and cinnamon-tree flowers, raw",19973.0,1328.0,0.0
United States of America,2010,"Cinnamon and cinnamon-tree flowers, raw",24637.0,1714.0,0.0
United States of America,2011,"Cinnamon and cinnamon-tree flowers, raw",26078.0,1522.0,0.0
United States of America,2012,"Cinnamon and cinnamon-tree flowers, raw",23747.0,1513.0,0.0
United States of America,2013,"Cinnamon and cinnamon-tree flowers, raw",28005.0,1908.0,0.0
United States of America,2014,"Cinnamon and cinnamon-tree flowers, raw",28989.85,1887.28,0.0
United States of America,2015,"Cinnamon and cinnamon-tree flowers, raw",26994.92,1985.79,0.0
United States of America,2016,"Cinnamon and cinnamon-tree flowers, raw",27366.51,1748.73,0.0
United States of America,2018,"Cinnamon and cinnamon-tree flowers, raw",27885.83,2259.92,0.0
United States of America,2019,"Cinnamon and cinnamon-tree flowers, raw",28285.85,2093.36,0.0
United States of America,2020,"Cinnamon and cinnamon-tree flowers, raw",30629.36,2456.03,0.0
United States of America,2021,"Cinnamon and cinnamon-tree flowers, raw",31813.51,2866.85,0.0
United States of America,2022,"Cinnamon and cinnamon-tree flowers, raw",31779.59,3395.22,0.0
United States of America,2023,"Cinnamon and cinnamon-tree flowers, raw",27854.73,2933.61,0.0
Uruguay,1993,"Cinnamon and cinnamon-tree flowers, raw",17.0,0.0,0.0
Uruguay,1994,"Cinnamon and cinnamon-tree flowers, raw",12.0,0.0,0.0
Uruguay,1995,"Cinnamon and cinnamon-tree flowers, raw",19.0,0.0,0.0
Uruguay,1996,"Cinnamon and cinnamon-tree flowers, raw",12.0,0.0,0.0
Uruguay,1997,"Cinnamon and cinnamon-tree flowers, raw",16.0,0.0,0.0
Uruguay,1998,"Cinnamon and cinnamon-tree flowers, raw",17.0,0.0,0.0
Uruguay,1999,"Cinnamon and cinnamon-tree flowers, raw",14.0,0.0,0.0
Uruguay,2000,"Cinnamon and cinnamon-tree flowers, raw",10.67,0.0,0.0
Uruguay,2001,"Cinnamon and cinnamon-tree flowers, raw",19.0,0.0,0.0
Uruguay,2002,"Cinnamon and cinnamon-tree flowers, raw",6.0,0.0,0.0
Uruguay,2004,"Cinnamon and cinnamon-tree flowers, raw",19.0,0.0,0.0
Uruguay,2005,"Cinnamon and cinnamon-tree flowers, raw",19.0,0.0,0.0
Uruguay,2006,"Cinnamon and cinnamon-tree flowers, raw",19.0,0.0,0.0
Uruguay,2007,"Cinnamon and cinnamon-tree flowers, raw",24.0,0.0,0.0
Uruguay,2008,"Cinnamon and cinnamon-tree flowers, raw",14.0,0.0,0.0
Uruguay,2009,"Cinnamon and cinnamon-tree flowers, raw",28.0,0.0,0.0
Uruguay,2010,"Cinnamon and cinnamon-tree flowers, raw",24.0,0.0,0.0
Uruguay,2011,"Cinnamon and cinnamon-tree flowers, raw",21.0,0.0,0.0
Uruguay,2012,"Cinnamon and cinnamon-tree flowers, raw",42.0,0.0,0.0
Uruguay,2013,"Cinnamon and cinnamon-tree flowers, raw",17.0,0.0,0.0
Uruguay,2014,"Cinnamon and cinnamon-tree flowers, raw",18.48,0.0,0.0
Uruguay,2015,"Cinnamon and cinnamon-tree flowers, raw",31.79,0.0,0.0
Uruguay,2017,"Cinnamon and cinnamon-tree flowers, raw",42.15,0.0,0.0
Uruguay,2018,"Cinnamon and cinnamon-tree flowers, raw",55.81,0.0,0.0
Uruguay,2019,"Cinnamon and cinnamon-tree flowers, raw",31.61,0.0,0.0
Uruguay,2021,"Cinnamon and cinnamon-tree flowers, raw",44.77,0.0,0.0
Uruguay,2022,"Cinnamon and cinnamon-tree flowers, raw",32.89,0.0,0.0
Uzbekistan,2014,"Cinnamon and cinnamon-tree flowers, raw",8.61,0.0,0.0
Uzbekistan,2015,"Cinnamon and cinnamon-tree flowers, raw",8.98,0.0,0.0
Uzbekistan,2016,"Cinnamon and cinnamon-tree flowers, raw",9.03,0.0,0.0
Uzbekistan,2017,"Cinnamon and cinnamon-tree flowers, raw",14.33,0.01,0.0
Uzbekistan,2018,"Cinnamon and cinnamon-tree flowers, raw",54.54,0.3,0.0
Uzbekistan,2019,"Cinnamon and cinnamon-tree flowers, raw",38.25,0.38,0.0
Uzbekistan,2020,"Cinnamon and cinnamon-tree flowers, raw",58.64,0.32,0.0
Uzbekistan,2021,"Cinnamon and cinnamon-tree flowers, raw",23.8,0.19,0.0
Uzbekistan,2022,"Cinnamon and cinnamon-tree flowers, raw",41.31,0.05,0.0
Uzbekistan,2023,"Cinnamon and cinnamon-tree flowers, raw",67.15,0.4,0.0
Vanuatu,2008,"Cinnamon and cinnamon-tree flowers, raw",0.0,0.0,0.0
Vanuatu,2009,"Cinnamon and cinnamon-tree flowers, raw",0.0,0.0,0.0
Vanuatu,2010,"Cinnamon and cinnamon-tree flowers, raw",0.0,0.0,0.0
Vanuatu,2012,"Cinnamon and cinnamon-tree flowers, raw",0.0,0.0,0.0
Vanuatu,2013,"Cinnamon and cinnamon-tree flowers, raw",0.0,0.0,0.0
Vanuatu,2014,"Cinnamon and cinnamon-tree flowers, raw",0.09,0.0,0.0
Vanuatu,2015,"Cinnamon and cinnamon-tree flowers, raw",0.06,0.0,0.0
Vanuatu,2016,"Cinnamon and cinnamon-tree flowers, raw",0.21,0.0,0.0
Vanuatu,2017,"Cinnamon and cinnamon-tree flowers, raw",0.17,0.0,0.0
Vanuatu,2018,"Cinnamon and cinnamon-tree flowers, raw",0.2,0.0,0.0
Vanuatu,2019,"Cinnamon and cinnamon-tree flowers, raw",0.08,0.0,0.0
Vanuatu,2020,"Cinnamon and cinnamon-tree flowers, raw",0.12,0.0,0.0
Vanuatu,2021,"Cinnamon and cinnamon-tree flowers, raw",0.17,0.0,0.0
Vanuatu,2022,"Cinnamon and cinnamon-tree flowers, raw",0.21,0.0,0.0
Vanuatu,2023,"Cinnamon and cinnamon-tree flowers, raw",0.27,0.0,0.0
Venezuela (Bolivarian Republic of),1993,"Cinnamon and cinnamon-tree flowers, raw",286.0,8.0,0.0
Venezuela (Bolivarian Republic of),1994,"Cinnamon and cinnamon-tree flowers, raw",187.0,1.0,0.0
Venezuela (Bolivarian Republic of),1995,"Cinnamon and cinnamon-tree flowers, raw",418.0,1.0,0.0
Venezuela (Bolivarian Republic of),1996,"Cinnamon and cinnamon-tree flowers, raw",240.0,8.0,0.0
Venezuela (Bolivarian Republic of),1997,"Cinnamon and cinnamon-tree flowers, raw",293.0,2.0,0.0
Venezuela (Bolivarian Republic of),1998,"Cinnamon and cinnamon-tree flowers, raw",332.0,1.0,0.0
Venezuela (Bolivarian Republic of),1999,"Cinnamon and cinnamon-tree flowers, raw",387.0,0.0,0.0
Venezuela (Bolivarian Republic of),2000,"Cinnamon and cinnamon-tree flowers, raw",368.0,1.0,0.0
Venezuela (Bolivarian Republic of),2001,"Cinnamon and cinnamon-tree flowers, raw",532.0,0.0,0.0
Venezuela (Bolivarian Republic of),2002,"Cinnamon and cinnamon-tree flowers, raw",421.0,0.0,0.0
Venezuela (Bolivarian Republic of),2003,"Cinnamon and cinnamon-tree flowers, raw",487.0,0.0,0.0
Venezuela (Bolivarian Republic of),2004,"Cinnamon and cinnamon-tree flowers, raw",413.0,0.0,0.0
Venezuela (Bolivarian Republic of),2005,"Cinnamon and cinnamon-tree flowers, raw",407.0,0.0,0.0
Venezuela (Bolivarian Republic of),2006,"Cinnamon and cinnamon-tree flowers, raw",599.0,0.0,0.0
Venezuela (Bolivarian Republic of),2007,"Cinnamon and cinnamon-tree flowers, raw",256.0,0.0,0.0
Venezuela (Bolivarian Republic of),2008,"Cinnamon and cinnamon-tree flowers, raw",546.0,0.0,0.0
Venezuela (Bolivarian Republic of),2009,"Cinnamon and cinnamon-tree flowers, raw",483.0,0.0,0.0
Venezuela (Bolivarian Republic of),2010,"Cinnamon and cinnamon-tree flowers, raw",736.0,0.0,0.0
Venezuela (Bolivarian Republic of),2011,"Cinnamon and cinnamon-tree flowers, raw",591.0,0.0,0.0
Venezuela (Bolivarian Republic of),2012,"Cinnamon and cinnamon-tree flowers, raw",356.0,0.0,0.0
Venezuela (Bolivarian Republic of),2013,"Cinnamon and cinnamon-tree flowers, raw",300.0,0.0,0.0
Venezuela (Bolivarian Republic of),2014,"Cinnamon and cinnamon-tree flowers, raw",640.34,0.52,0.0
Venezuela (Bolivarian Republic of),2015,"Cinnamon and cinnamon-tree flowers, raw",61.03,0.54,0.0
Venezuela (Bolivarian Republic of),2016,"Cinnamon and cinnamon-tree flowers, raw",29.88,0.0,0.0
Venezuela (Bolivarian Republic of),2017,"Cinnamon and cinnamon-tree flowers, raw",40.75,0.33,0.0
Venezuela (Bolivarian Republic of),2018,"Cinnamon and cinnamon-tree flowers, raw",3.5,0.0,0.0
Venezuela (Bolivarian Republic of),2019,"Cinnamon and cinnamon-tree flowers, raw",70.72,0.02,0.0
Venezuela (Bolivarian Republic of),2020,"Cinnamon and cinnamon-tree flowers, raw",157.58,0.0,0.0
Venezuela (Bolivarian Republic of),2022,"Cinnamon and cinnamon-tree flowers, raw",64.34,0.0,0.0
Venezuela (Bolivarian Republic of),2023,"Cinnamon and cinnamon-tree flowers, raw",56.57,0.0,0.0
Viet Nam,1994,"Cinnamon and cinnamon-tree flowers, raw",0.0,2622.0,4000.0
Viet Nam,1996,"Cinnamon and cinnamon-tree flowers, raw",0.0,2834.0,3992.92
Viet Nam,1997,"Cinnamon and cinnamon-tree flowers, raw",0.0,3399.0,3672.0
Viet Nam,1998,"Cinnamon and cinnamon-tree flowers, raw",0.0,2082.0,3108.0
Viet Nam,1999,"Cinnamon and cinnamon-tree flowers, raw",0.0,3166.0,4500.0
Viet Nam,2000,"Cinnamon and cinnamon-tree flowers, raw",0.0,3541.0,4852.0
Viet Nam,2001,"Cinnamon and cinnamon-tree flowers, raw",0.0,3898.0,4895.0
Viet Nam,2002,"Cinnamon and cinnamon-tree flowers, raw",33.0,5067.0,5500.0
Viet Nam,2003,"Cinnamon and cinnamon-tree flowers, raw",24.0,4971.0,6000.0
Viet Nam,2004,"Cinnamon and cinnamon-tree flowers, raw",15.0,8300.0,10000.0
Viet Nam,2005,"Cinnamon and cinnamon-tree flowers, raw",185.0,8000.0,9500.0
Viet Nam,2006,"Cinnamon and cinnamon-tree flowers, raw",233.0,12000.0,15000.0
Viet Nam,2007,"Cinnamon and cinnamon-tree flowers, raw",190.0,12500.0,18000.0
Viet Nam,2008,"Cinnamon and cinnamon-tree flowers, raw",645.0,12942.0,18000.0
Viet Nam,2009,"Cinnamon and cinnamon-tree flowers, raw",728.0,19057.0,20000.0
Viet Nam,2010,"Cinnamon and cinnamon-tree flowers, raw",1349.0,14667.0,21172.16
Viet Nam,2011,"Cinnamon and cinnamon-tree flowers, raw",1067.0,19442.0,24007.11
Viet Nam,2012,"Cinnamon and cinnamon-tree flowers, raw",726.0,17500.0,26584.08
Viet Nam,2013,"Cinnamon and cinnamon-tree flowers, raw",2182.0,25889.0,28692.46
Viet Nam,2014,"Cinnamon and cinnamon-tree flowers, raw",2331.3,47296.74,30497.02
Viet Nam,2015,"Cinnamon and cinnamon-tree flowers, raw",1357.79,38071.41,32921.21
Viet Nam,2016,"Cinnamon and cinnamon-tree flowers, raw",1941.39,40716.68,30703.56
Viet Nam,2017,"Cinnamon and cinnamon-tree flowers, raw",6173.36,50503.12,35406.0
Viet Nam,2018,"Cinnamon and cinnamon-tree flowers, raw",7407.76,58731.53,39135.44
Viet Nam,2019,"Cinnamon and cinnamon-tree flowers, raw",6849.63,73405.23,42000.0
Viet Nam,2020,"Cinnamon and cinnamon-tree flowers, raw",12254.61,91262.0,44000.0
Viet Nam,2021,"Cinnamon and cinnamon-tree flowers, raw",18448.87,83892.21,70000.0
Viet Nam,2022,"Cinnamon and cinnamon-tree flowers, raw",8549.0,68183.8,65000.0
Viet Nam,2023,"Cinnamon and cinnamon-tree flowers, raw",14598.43,76912.87,65341.29
Yemen,1993,"Cinnamon and cinnamon-tree flowers, raw",0.0,0.0,0.0
Yemen,1994,"Cinnamon and cinnamon-tree flowers, raw",0.0,0.0,0.0
Yemen,1995,"Cinnamon and cinnamon-tree flowers, raw",0.0,0.0,0.0
Yemen,1996,"Cinnamon and cinnamon-tree flowers, raw",0.0,0.0,0.0
Yemen,1997,"Cinnamon and cinnamon-tree flowers, raw",0.0,0.0,0.0
Yemen,1999,"Cinnamon and cinnamon-tree flowers, raw",265.0,0.0,0.0
Yemen,2000,"Cinnamon and cinnamon-tree flowers, raw",71.0,0.0,0.0
Yemen,2001,"Cinnamon and cinnamon-tree flowers, raw",370.0,0.0,0.0
Yemen,2003,"Cinnamon and cinnamon-tree flowers, raw",218.0,1.0,0.0
Yemen,2004,"Cinnamon and cinnamon-tree flowers, raw",293.0,0.0,0.0
Yemen,2005,"Cinnamon and cinnamon-tree flowers, raw",747.0,6.0,0.0
Yemen,2007,"Cinnamon and cinnamon-tree flowers, raw",1119.0,15.0,0.0
Yemen,2008,"Cinnamon and cinnamon-tree flowers, raw",716.0,15.0,0.0
Yemen,2009,"Cinnamon and cinnamon-tree flowers, raw",1054.0,0.0,0.0
Yemen,2010,"Cinnamon and cinnamon-tree flowers, raw",230.0,0.0,0.0
Yemen,2011,"Cinnamon and cinnamon-tree flowers, raw",738.0,22.0,0.0
Yemen,2012,"Cinnamon and cinnamon-tree flowers, raw",1081.0,6.0,0.0
Yemen,2013,"Cinnamon and cinnamon-tree flowers, raw",978.0,27.0,0.0
Yemen,2014,"Cinnamon and cinnamon-tree flowers, raw",1034.38,1.13,0.0
Yemen,2015,"Cinnamon and cinnamon-tree flowers, raw",579.37,0.18,0.0
Yemen,2016,"Cinnamon and cinnamon-tree flowers, raw",971.0,0.0,0.0
Yemen,2017,"Cinnamon and cinnamon-tree flowers, raw",1037.13,0.0,0.0
Yemen,2018,"Cinnamon and cinnamon-tree flowers, raw",308.27,0.0,0.0
Yemen,2019,"Cinnamon and cinnamon-tree flowers, raw",749.51,0.0,0.0
Yemen,2020,"Cinnamon and cinnamon-tree flowers, raw",2071.54,0.86,0.0
Yemen,2021,"Cinnamon and cinnamon-tree flowers, raw",1854.42,1.36,0.0
Yemen,2022,"Cinnamon and cinnamon-tree flowers, raw",1751.72,0.0,0.0
Yemen,2023,"Cinnamon and cinnamon-tree flowers, raw",1597.93,0.18,0.0
Zambia,1993,"Cinnamon and cinnamon-tree flowers, raw",1.0,0.0,0.0
Zambia,1994,"Cinnamon and cinnamon-tree flowers, raw",0.0,0.0,0.0
Zambia,1995,"Cinnamon and cinnamon-tree flowers, raw",1.0,0.0,0.0
Zambia,1996,"Cinnamon and cinnamon-tree flowers, raw",0.0,0.0,0.0
Zambia,1997,"Cinnamon and cinnamon-tree flowers, raw",1.0,0.0,0.0
Zambia,1998,"Cinnamon and cinnamon-tree flowers, raw",1.0,0.0,0.0
Zambia,1999,"Cinnamon and cinnamon-tree flowers, raw",0.0,0.0,0.0
Zambia,2000,"Cinnamon and cinnamon-tree flowers, raw",1.0,0.0,0.0
Zambia,2001,"Cinnamon and cinnamon-tree flowers, raw",1.0,0.0,0.0
Zambia,2002,"Cinnamon and cinnamon-tree flowers, raw",3.0,0.0,0.0
Zambia,2003,"Cinnamon and cinnamon-tree flowers, raw",1.0,0.0,0.0
Zambia,2004,"Cinnamon and cinnamon-tree flowers, raw",2.0,0.0,0.0
Zambia,2005,"Cinnamon and cinnamon-tree flowers, raw",3.0,0.0,0.0
Zambia,2007,"Cinnamon and cinnamon-tree flowers, raw",7.0,0.0,0.0
Zambia,2008,"Cinnamon and cinnamon-tree flowers, raw",6.0,0.0,0.0
Zambia,2010,"Cinnamon and cinnamon-tree flowers, raw",7.0,0.0,0.0
Zambia,2011,"Cinnamon and cinnamon-tree flowers, raw",6.0,0.0,0.0
Zambia,2013,"Cinnamon and cinnamon-tree flowers, raw",4.0,0.0,0.0
Zambia,2014,"Cinnamon and cinnamon-tree flowers, raw",5.9,0.0,0.0
Zambia,2015,"Cinnamon and cinnamon-tree flowers, raw",6.86,0.0,0.0
Zambia,2017,"Cinnamon and cinnamon-tree flowers, raw",6.81,0.0,0.0
Zambia,2019,"Cinnamon and cinnamon-tree flowers, raw",5.16,0.0,0.0
Zambia,2020,"Cinnamon and cinnamon-tree flowers, raw",3.87,0.0,0.0
Zambia,2021,"Cinnamon and cinnamon-tree flowers, raw",3.97,0.0,0.0
Zambia,2022,"Cinnamon and cinnamon-tree flowers, raw",2.56,0.0,0.0
Zambia,2023,"Cinnamon and cinnamon-tree flowers, raw",4.91,0.0,0.0
Zimbabwe,1993,"Cinnamon and cinnamon-tree flowers, raw",2.0,0.0,0.0
Zimbabwe,1994,"Cinnamon and cinnamon-tree flowers, raw",1.0,0.0,0.0
Zimbabwe,1995,"Cinnamon and cinnamon-tree flowers, raw",5.0,0.0,0.0
Zimbabwe,1996,"Cinnamon and cinnamon-tree flowers, raw",7.0,0.0,0.0
Zimbabwe,1997,"Cinnamon and cinnamon-tree flowers, raw",3.0,0.0,0.0
Zimbabwe,1998,"Cinnamon and cinnamon-tree flowers, raw",5.0,0.0,0.0
Zimbabwe,1999,"Cinnamon and cinnamon-tree flowers, raw",6.0,0.0,0.0
Zimbabwe,2001,"Cinnamon and cinnamon-tree flowers, raw",10.0,0.0,0.0
Zimbabwe,2002,"Cinnamon and cinnamon-tree flowers, raw",4.0,0.0,0.0
Zimbabwe,2003,"Cinnamon and cinnamon-tree flowers, raw",12.0,0.0,0.0
Zimbabwe,2004,"Cinnamon and cinnamon-tree flowers, raw",2.0,0.0,0.0
Zimbabwe,2005,"Cinnamon and cinnamon-tree flowers, raw",1.0,0.0,0.0
Zimbabwe,2006,"Cinnamon and cinnamon-tree flowers, raw",2.0,0.0,0.0
Zimbabwe,2007,"Cinnamon and cinnamon-tree flowers, raw",1.0,0.0,0.0
Zimbabwe,2008,"Cinnamon and cinnamon-tree flowers, raw",1.0,0.0,0.0
Zimbabwe,2009,"Cinnamon and cinnamon-tree flowers, raw",4.0,0.0,0.0
Zimbabwe,2010,"Cinnamon and cinnamon-tree flowers, raw",4.0,0.0,0.0
Zimbabwe,2011,"Cinnamon and cinnamon-tree flowers, raw",10.0,0.0,0.0
Zimbabwe,2012,"Cinnamon and cinnamon-tree flowers, raw",9.0,0.0,0.0
Zimbabwe,2013,"Cinnamon and cinnamon-tree flowers, raw",8.0,0.0,0.0
Zimbabwe,2014,"Cinnamon and cinnamon-tree flowers, raw",11.85,0.0,0.0
Zimbabwe,2015,"Cinnamon and cinnamon-tree flowers, raw",8.65,0.0,0.0
Zimbabwe,2016,"Cinnamon and cinnamon-tree flowers, raw",3.02,0.0,0.0
Zimbabwe,2017,"Cinnamon and cinnamon-tree flowers, raw",2.66,0.0,0.0
Zimbabwe,2018,"Cinnamon and cinnamon-tree flowers, raw",3.65,0.0,0.0
Zimbabwe,2019,"Cinnamon and cinnamon-tree flowers, raw",4.08,0.0,0.0
Zimbabwe,2020,"Cinnamon and cinnamon-tree flowers, raw",3.46,0.0,0.0
Zimbabwe,2021,"Cinnamon and cinnamon-tree flowers, raw",9.27,0.0,0.0
Zimbabwe,2022,"Cinnamon and cinnamon-tree flowers, raw",7.93,0.0,0.0
Zimbabwe,2023,"Cinnamon and cinnamon-tree flowers, raw",5.75,0.0,0.0
