Area,Year,Item,Import,Export,Production
Afghanistan,2014,"Cloves (whole stems), raw",0.08,0.0,0.0
Afghanistan,2015,"Cloves (whole stems), raw",2.72,0.0,0.0
Afghanistan,2016,"Cloves (whole stems), raw",0.16,0.0,0.0
Afghanistan,2018,"Cloves (whole stems), raw",7.0,0.02,0.0
Afghanistan,2019,"Cloves (whole stems), raw",45.76,0.0,0.0
Afghanistan,2020,"Cloves (whole stems), raw",47.77,2.3,0.0
Afghanistan,2021,"Cloves (whole stems), raw",44.84,1.01,0.0
Afghanistan,2023,"Cloves (whole stems), raw",148.8,3.0,0.0
Albania,1999,"Cloves (whole stems), raw",0.0,0.0,0.0
Albania,2000,"Cloves (whole stems), raw",0.0,0.0,0.0
Albania,2001,"Cloves (whole stems), raw",0.0,0.0,0.0
Albania,2002,"Cloves (whole stems), raw",1.0,0.0,0.0
Albania,2003,"Cloves (whole stems), raw",0.0,0.0,0.0
Albania,2004,"Cloves (whole stems), raw",0.0,0.0,0.0
Albania,2005,"Cloves (whole stems), raw",2.0,0.0,0.0
Albania,2006,"Cloves (whole stems), raw",0.0,0.0,0.0
Albania,2007,"Cloves (whole stems), raw",1.0,0.0,0.0
Albania,2008,"Cloves (whole stems), raw",1.0,0.0,0.0
Albania,2009,"Cloves (whole stems), raw",1.0,0.0,0.0
Albania,2010,"Cloves (whole stems), raw",1.0,0.0,0.0
Albania,2011,"Cloves (whole stems), raw",1.0,0.0,0.0
Albania,2012,"Cloves (whole stems), raw",1.0,0.0,0.0
Albania,2013,"Cloves (whole stems), raw",1.0,0.0,0.0
Albania,2015,"Cloves (whole stems), raw",0.52,0.0,0.0
Albania,2017,"Cloves (whole stems), raw",0.65,0.0,0.0
Albania,2018,"Cloves (whole stems), raw",0.39,0.0,0.0
Albania,2019,"Cloves (whole stems), raw",0.43,0.0,0.0
Albania,2020,"Cloves (whole stems), raw",3.04,0.0,0.0
Albania,2021,"Cloves (whole stems), raw",1.12,0.0,0.0
Albania,2022,"Cloves (whole stems), raw",7.76,0.0,0.0
Algeria,1993,"Cloves (whole stems), raw",110.0,0.0,0.0
Algeria,1994,"Cloves (whole stems), raw",110.0,0.0,0.0
Algeria,1995,"Cloves (whole stems), raw",123.0,0.0,0.0
Algeria,1996,"Cloves (whole stems), raw",76.0,0.0,0.0
Algeria,1997,"Cloves (whole stems), raw",117.0,0.0,0.0
Algeria,1998,"Cloves (whole stems), raw",130.0,0.0,0.0
Algeria,1999,"Cloves (whole stems), raw",23.0,0.0,0.0
Algeria,2000,"Cloves (whole stems), raw",68.0,0.0,0.0
Algeria,2001,"Cloves (whole stems), raw",44.0,0.0,0.0
Algeria,2002,"Cloves (whole stems), raw",110.0,0.0,0.0
Algeria,2003,"Cloves (whole stems), raw",77.0,0.0,0.0
Algeria,2004,"Cloves (whole stems), raw",83.0,0.0,0.0
Algeria,2005,"Cloves (whole stems), raw",100.0,0.0,0.0
Algeria,2006,"Cloves (whole stems), raw",72.0,0.0,0.0
Algeria,2007,"Cloves (whole stems), raw",134.0,0.0,0.0
Algeria,2008,"Cloves (whole stems), raw",123.0,0.0,0.0
Algeria,2009,"Cloves (whole stems), raw",101.0,0.0,0.0
Algeria,2010,"Cloves (whole stems), raw",62.0,0.0,0.0
Algeria,2011,"Cloves (whole stems), raw",120.0,0.0,0.0
Algeria,2012,"Cloves (whole stems), raw",92.0,0.0,0.0
Algeria,2013,"Cloves (whole stems), raw",182.0,0.0,0.0
Algeria,2014,"Cloves (whole stems), raw",153.66,0.0,0.0
Algeria,2015,"Cloves (whole stems), raw",126.41,0.0,0.0
Algeria,2016,"Cloves (whole stems), raw",119.93,0.0,0.0
Algeria,2017,"Cloves (whole stems), raw",112.69,0.0,0.0
Algeria,2018,"Cloves (whole stems), raw",83.89,0.0,0.0
Algeria,2019,"Cloves (whole stems), raw",234.08,0.0,0.0
Algeria,2022,"Cloves (whole stems), raw",131.13,0.0,0.0
Algeria,2023,"Cloves (whole stems), raw",156.68,0.0,0.0
Angola,1993,"Cloves (whole stems), raw",0.0,0.0,0.0
Angola,1994,"Cloves (whole stems), raw",0.0,0.0,0.0
Angola,1995,"Cloves (whole stems), raw",0.0,0.0,0.0
Angola,1996,"Cloves (whole stems), raw",0.0,0.0,0.0
Angola,1997,"Cloves (whole stems), raw",0.0,0.0,0.0
Angola,1998,"Cloves (whole stems), raw",0.0,0.0,0.0
Angola,1999,"Cloves (whole stems), raw",0.0,0.0,0.0
Angola,2000,"Cloves (whole stems), raw",0.0,0.0,0.0
Angola,2001,"Cloves (whole stems), raw",0.0,0.0,0.0
Angola,2002,"Cloves (whole stems), raw",0.0,0.0,0.0
Angola,2003,"Cloves (whole stems), raw",12.0,0.0,0.0
Angola,2004,"Cloves (whole stems), raw",6.0,0.0,0.0
Angola,2005,"Cloves (whole stems), raw",2.0,0.0,0.0
Angola,2006,"Cloves (whole stems), raw",5.0,0.0,0.0
Angola,2007,"Cloves (whole stems), raw",2.0,0.0,0.0
Angola,2008,"Cloves (whole stems), raw",2.0,0.0,0.0
Angola,2009,"Cloves (whole stems), raw",1.0,0.0,0.0
Angola,2010,"Cloves (whole stems), raw",0.0,0.0,0.0
Angola,2011,"Cloves (whole stems), raw",0.0,0.0,0.0
Angola,2012,"Cloves (whole stems), raw",1.0,0.0,0.0
Angola,2013,"Cloves (whole stems), raw",1.0,0.0,0.0
Angola,2014,"Cloves (whole stems), raw",1.59,0.0,0.0
Angola,2016,"Cloves (whole stems), raw",1.18,0.0,0.0
Angola,2017,"Cloves (whole stems), raw",2.42,0.0,0.0
Angola,2018,"Cloves (whole stems), raw",3.16,0.0,0.0
Angola,2019,"Cloves (whole stems), raw",16.7,0.0,0.0
Angola,2020,"Cloves (whole stems), raw",20.27,0.0,0.0
Angola,2021,"Cloves (whole stems), raw",20.56,0.0,0.0
Antigua and Barbuda,2006,"Cloves (whole stems), raw",0.0,0.0,0.0
Antigua and Barbuda,2007,"Cloves (whole stems), raw",0.0,0.0,0.0
Antigua and Barbuda,2008,"Cloves (whole stems), raw",0.0,0.0,0.0
Antigua and Barbuda,2009,"Cloves (whole stems), raw",0.0,0.0,0.0
Antigua and Barbuda,2010,"Cloves (whole stems), raw",0.0,0.0,0.0
Antigua and Barbuda,2011,"Cloves (whole stems), raw",2.0,0.0,0.0
Antigua and Barbuda,2013,"Cloves (whole stems), raw",4.0,0.0,0.0
Antigua and Barbuda,2014,"Cloves (whole stems), raw",2.89,0.0,0.0
Antigua and Barbuda,2015,"Cloves (whole stems), raw",3.5,0.0,0.0
Antigua and Barbuda,2016,"Cloves (whole stems), raw",2.54,0.0,0.0
Antigua and Barbuda,2017,"Cloves (whole stems), raw",8.65,0.0,0.0
Antigua and Barbuda,2018,"Cloves (whole stems), raw",9.97,0.0,0.0
Antigua and Barbuda,2019,"Cloves (whole stems), raw",6.31,0.0,0.0
Antigua and Barbuda,2020,"Cloves (whole stems), raw",6.6,0.0,0.0
Antigua and Barbuda,2021,"Cloves (whole stems), raw",8.52,0.0,0.0
Antigua and Barbuda,2022,"Cloves (whole stems), raw",8.09,0.0,0.0
Antigua and Barbuda,2023,"Cloves (whole stems), raw",8.18,0.0,0.0
Argentina,1993,"Cloves (whole stems), raw",31.0,0.0,0.0
Argentina,1994,"Cloves (whole stems), raw",22.0,0.0,0.0
Argentina,1995,"Cloves (whole stems), raw",41.0,0.0,0.0
Argentina,1996,"Cloves (whole stems), raw",7.0,0.0,0.0
Argentina,1997,"Cloves (whole stems), raw",63.0,0.0,0.0
Argentina,1998,"Cloves (whole stems), raw",23.0,0.0,0.0
Argentina,1999,"Cloves (whole stems), raw",19.0,1.0,0.0
Argentina,2000,"Cloves (whole stems), raw",39.57,0.34,0.0
Argentina,2001,"Cloves (whole stems), raw",24.0,1.0,0.0
Argentina,2002,"Cloves (whole stems), raw",20.0,0.0,0.0
Argentina,2003,"Cloves (whole stems), raw",36.0,0.0,0.0
Argentina,2004,"Cloves (whole stems), raw",20.0,1.0,0.0
Argentina,2005,"Cloves (whole stems), raw",26.0,1.0,0.0
Argentina,2006,"Cloves (whole stems), raw",47.0,1.0,0.0
Argentina,2007,"Cloves (whole stems), raw",38.0,0.0,0.0
Argentina,2008,"Cloves (whole stems), raw",24.0,0.0,0.0
Argentina,2009,"Cloves (whole stems), raw",30.0,0.0,0.0
Argentina,2011,"Cloves (whole stems), raw",19.0,0.0,0.0
Argentina,2012,"Cloves (whole stems), raw",37.0,0.0,0.0
Argentina,2013,"Cloves (whole stems), raw",47.0,1.0,0.0
Argentina,2014,"Cloves (whole stems), raw",58.96,0.6,0.0
Argentina,2015,"Cloves (whole stems), raw",36.9,0.55,0.0
Argentina,2016,"Cloves (whole stems), raw",28.17,0.0,0.0
Argentina,2017,"Cloves (whole stems), raw",44.36,0.8,0.0
Argentina,2018,"Cloves (whole stems), raw",36.38,0.0,0.0
Argentina,2019,"Cloves (whole stems), raw",46.84,0.0,0.0
Argentina,2020,"Cloves (whole stems), raw",71.92,0.0,0.0
Argentina,2021,"Cloves (whole stems), raw",42.4,0.0,0.0
Argentina,2022,"Cloves (whole stems), raw",66.95,0.0,0.0
Argentina,2023,"Cloves (whole stems), raw",56.99,0.0,0.0
Armenia,2000,"Cloves (whole stems), raw",0.0,0.0,0.0
Armenia,2001,"Cloves (whole stems), raw",0.0,0.0,0.0
Armenia,2002,"Cloves (whole stems), raw",1.0,0.0,0.0
Armenia,2003,"Cloves (whole stems), raw",2.0,0.0,0.0
Armenia,2004,"Cloves (whole stems), raw",1.0,0.0,0.0
Armenia,2005,"Cloves (whole stems), raw",2.0,0.0,0.0
Armenia,2006,"Cloves (whole stems), raw",2.0,0.0,0.0
Armenia,2007,"Cloves (whole stems), raw",0.0,0.0,0.0
Armenia,2008,"Cloves (whole stems), raw",1.0,0.0,0.0
Armenia,2009,"Cloves (whole stems), raw",1.0,0.0,0.0
Armenia,2010,"Cloves (whole stems), raw",2.0,0.0,0.0
Armenia,2011,"Cloves (whole stems), raw",2.0,0.0,0.0
Armenia,2012,"Cloves (whole stems), raw",2.0,0.0,0.0
Armenia,2013,"Cloves (whole stems), raw",2.0,0.0,0.0
Armenia,2014,"Cloves (whole stems), raw",2.22,0.0,0.0
Armenia,2015,"Cloves (whole stems), raw",0.32,0.0,0.0
Armenia,2017,"Cloves (whole stems), raw",7.38,0.0,0.0
Armenia,2018,"Cloves (whole stems), raw",9.72,0.0,0.0
Armenia,2019,"Cloves (whole stems), raw",6.33,0.0,0.0
Armenia,2020,"Cloves (whole stems), raw",10.23,0.05,0.0
Armenia,2021,"Cloves (whole stems), raw",8.22,0.05,0.0
Armenia,2022,"Cloves (whole stems), raw",7.86,0.05,0.0
Australia,1994,"Cloves (whole stems), raw",65.0,3.0,0.0
Australia,1995,"Cloves (whole stems), raw",64.0,0.0,0.0
Australia,1996,"Cloves (whole stems), raw",60.0,1.0,0.0
Australia,1997,"Cloves (whole stems), raw",70.0,0.0,0.0
Australia,1999,"Cloves (whole stems), raw",58.0,4.0,0.0
Australia,2000,"Cloves (whole stems), raw",79.0,0.0,0.0
Australia,2001,"Cloves (whole stems), raw",59.0,0.0,0.0
Australia,2002,"Cloves (whole stems), raw",137.0,2.0,0.0
Australia,2003,"Cloves (whole stems), raw",138.0,3.0,0.0
Australia,2004,"Cloves (whole stems), raw",97.0,5.0,0.0
Australia,2006,"Cloves (whole stems), raw",71.0,3.0,0.0
Australia,2007,"Cloves (whole stems), raw",79.0,5.0,0.0
Australia,2008,"Cloves (whole stems), raw",97.0,2.0,0.0
Australia,2010,"Cloves (whole stems), raw",93.0,1.0,0.0
Australia,2011,"Cloves (whole stems), raw",83.0,0.0,0.0
Australia,2012,"Cloves (whole stems), raw",126.0,2.0,0.0
Australia,2013,"Cloves (whole stems), raw",222.0,3.0,0.0
Australia,2014,"Cloves (whole stems), raw",271.39,8.41,0.0
Australia,2015,"Cloves (whole stems), raw",316.95,17.2,0.0
Australia,2017,"Cloves (whole stems), raw",177.86,11.49,0.0
Australia,2018,"Cloves (whole stems), raw",144.94,8.19,0.0
Australia,2019,"Cloves (whole stems), raw",179.15,7.15,0.0
Australia,2020,"Cloves (whole stems), raw",178.21,6.68,0.0
Australia,2021,"Cloves (whole stems), raw",165.94,4.91,0.0
Australia,2023,"Cloves (whole stems), raw",145.15,2.77,0.0
Austria,1993,"Cloves (whole stems), raw",37.0,6.0,0.0
Austria,1994,"Cloves (whole stems), raw",65.0,1.0,0.0
Austria,1995,"Cloves (whole stems), raw",102.0,5.0,0.0
Austria,1996,"Cloves (whole stems), raw",56.0,1.0,0.0
Austria,1997,"Cloves (whole stems), raw",124.0,5.0,0.0
Austria,1998,"Cloves (whole stems), raw",79.0,5.0,0.0
Austria,1999,"Cloves (whole stems), raw",42.0,6.0,0.0
Austria,2000,"Cloves (whole stems), raw",80.0,9.0,0.0
Austria,2001,"Cloves (whole stems), raw",42.0,19.0,0.0
Austria,2002,"Cloves (whole stems), raw",97.0,59.0,0.0
Austria,2003,"Cloves (whole stems), raw",85.0,50.0,0.0
Austria,2004,"Cloves (whole stems), raw",89.0,27.0,0.0
Austria,2005,"Cloves (whole stems), raw",77.0,33.0,0.0
Austria,2006,"Cloves (whole stems), raw",97.0,32.0,0.0
Austria,2007,"Cloves (whole stems), raw",78.0,31.0,0.0
Austria,2008,"Cloves (whole stems), raw",77.0,38.0,0.0
Austria,2009,"Cloves (whole stems), raw",102.0,48.0,0.0
Austria,2011,"Cloves (whole stems), raw",92.0,55.0,0.0
Austria,2012,"Cloves (whole stems), raw",99.0,45.0,0.0
Austria,2013,"Cloves (whole stems), raw",91.0,42.0,0.0
Austria,2015,"Cloves (whole stems), raw",118.52,40.41,0.0
Austria,2016,"Cloves (whole stems), raw",98.12,39.65,0.0
Austria,2017,"Cloves (whole stems), raw",99.63,40.7,0.0
Austria,2018,"Cloves (whole stems), raw",89.74,44.43,0.0
Austria,2019,"Cloves (whole stems), raw",119.53,46.79,0.0
Austria,2020,"Cloves (whole stems), raw",133.4,50.1,0.0
Austria,2021,"Cloves (whole stems), raw",136.28,58.2,0.0
Austria,2022,"Cloves (whole stems), raw",135.73,74.8,0.0
Austria,2023,"Cloves (whole stems), raw",130.45,63.29,0.0
Azerbaijan,2007,"Cloves (whole stems), raw",1.0,0.0,0.0
Azerbaijan,2008,"Cloves (whole stems), raw",1.0,0.0,0.0
Azerbaijan,2009,"Cloves (whole stems), raw",1.0,0.0,0.0
Azerbaijan,2010,"Cloves (whole stems), raw",2.0,0.0,0.0
Azerbaijan,2011,"Cloves (whole stems), raw",3.0,0.0,0.0
Azerbaijan,2012,"Cloves (whole stems), raw",5.0,0.0,0.0
Azerbaijan,2013,"Cloves (whole stems), raw",4.0,0.0,0.0
Azerbaijan,2014,"Cloves (whole stems), raw",7.1,0.0,0.0
Azerbaijan,2015,"Cloves (whole stems), raw",19.02,0.0,0.0
Azerbaijan,2016,"Cloves (whole stems), raw",25.65,0.0,0.0
Azerbaijan,2017,"Cloves (whole stems), raw",47.77,0.0,0.0
Azerbaijan,2018,"Cloves (whole stems), raw",40.19,0.0,0.0
Azerbaijan,2019,"Cloves (whole stems), raw",71.61,0.0,0.0
Azerbaijan,2020,"Cloves (whole stems), raw",79.38,0.01,0.0
Azerbaijan,2023,"Cloves (whole stems), raw",40.3,0.0,0.0
Bahamas,1993,"Cloves (whole stems), raw",0.0,0.0,0.0
Bahamas,1994,"Cloves (whole stems), raw",1.0,0.0,0.0
Bahamas,1997,"Cloves (whole stems), raw",1.0,0.0,0.0
Bahamas,1998,"Cloves (whole stems), raw",0.0,0.0,0.0
Bahamas,1999,"Cloves (whole stems), raw",0.0,0.0,0.0
Bahamas,2000,"Cloves (whole stems), raw",2.0,0.0,0.0
Bahamas,2001,"Cloves (whole stems), raw",2.0,0.0,0.0
Bahamas,2002,"Cloves (whole stems), raw",0.0,0.0,0.0
Bahamas,2003,"Cloves (whole stems), raw",0.0,0.0,0.0
Bahamas,2004,"Cloves (whole stems), raw",0.0,0.0,0.0
Bahamas,2005,"Cloves (whole stems), raw",1.0,0.0,0.0
Bahamas,2006,"Cloves (whole stems), raw",2.0,0.0,0.0
Bahamas,2007,"Cloves (whole stems), raw",1.0,0.0,0.0
Bahamas,2008,"Cloves (whole stems), raw",1.0,0.0,0.0
Bahamas,2009,"Cloves (whole stems), raw",2.0,0.0,0.0
Bahamas,2010,"Cloves (whole stems), raw",2.0,0.0,0.0
Bahamas,2011,"Cloves (whole stems), raw",2.0,0.0,0.0
Bahamas,2012,"Cloves (whole stems), raw",5.0,0.0,0.0
Bahamas,2013,"Cloves (whole stems), raw",4.0,0.0,0.0
Bahamas,2014,"Cloves (whole stems), raw",2.96,0.0,0.0
Bahamas,2015,"Cloves (whole stems), raw",3.36,0.0,0.0
Bahamas,2016,"Cloves (whole stems), raw",2.83,0.0,0.0
Bahamas,2017,"Cloves (whole stems), raw",11.62,0.0,0.0
Bahamas,2019,"Cloves (whole stems), raw",3.68,0.0,0.0
Bahamas,2020,"Cloves (whole stems), raw",0.88,0.0,0.0
Bahamas,2021,"Cloves (whole stems), raw",1.82,0.0,0.0
Bahamas,2022,"Cloves (whole stems), raw",2.31,0.0,0.0
Bahamas,2023,"Cloves (whole stems), raw",3.17,0.0,0.0
Bahrain,1993,"Cloves (whole stems), raw",33.0,0.0,0.0
Bahrain,1994,"Cloves (whole stems), raw",33.0,0.0,0.0
Bahrain,1995,"Cloves (whole stems), raw",33.0,0.0,0.0
Bahrain,1996,"Cloves (whole stems), raw",33.0,0.0,0.0
Bahrain,1997,"Cloves (whole stems), raw",49.0,0.0,0.0
Bahrain,1998,"Cloves (whole stems), raw",1.0,0.0,0.0
Bahrain,1999,"Cloves (whole stems), raw",0.0,0.0,0.0
Bahrain,2000,"Cloves (whole stems), raw",8.81,0.19,0.0
Bahrain,2001,"Cloves (whole stems), raw",30.0,0.0,0.0
Bahrain,2002,"Cloves (whole stems), raw",39.0,1.0,0.0
Bahrain,2003,"Cloves (whole stems), raw",20.0,0.0,0.0
Bahrain,2005,"Cloves (whole stems), raw",35.0,0.0,0.0
Bahrain,2006,"Cloves (whole stems), raw",10.0,2.0,0.0
Bahrain,2007,"Cloves (whole stems), raw",23.0,1.0,0.0
Bahrain,2008,"Cloves (whole stems), raw",80.0,1.0,0.0
Bahrain,2009,"Cloves (whole stems), raw",63.0,1.0,0.0
Bahrain,2011,"Cloves (whole stems), raw",40.0,1.0,0.0
Bahrain,2012,"Cloves (whole stems), raw",60.0,1.0,0.0
Bahrain,2013,"Cloves (whole stems), raw",44.0,1.0,0.0
Bahrain,2015,"Cloves (whole stems), raw",71.89,0.71,0.0
Bahrain,2016,"Cloves (whole stems), raw",87.43,1.29,0.0
Bahrain,2017,"Cloves (whole stems), raw",85.39,0.2,0.0
Bahrain,2018,"Cloves (whole stems), raw",90.48,0.0,0.0
Bahrain,2019,"Cloves (whole stems), raw",94.63,0.06,0.0
Bahrain,2020,"Cloves (whole stems), raw",65.82,1.83,0.0
Bahrain,2021,"Cloves (whole stems), raw",94.47,1.62,0.0
Bahrain,2023,"Cloves (whole stems), raw",66.55,2.11,0.0
Bangladesh,1993,"Cloves (whole stems), raw",432.0,0.0,0.0
Bangladesh,1994,"Cloves (whole stems), raw",104.0,0.0,0.0
Bangladesh,1995,"Cloves (whole stems), raw",224.0,0.0,0.0
Bangladesh,1996,"Cloves (whole stems), raw",186.0,0.0,0.0
Bangladesh,1997,"Cloves (whole stems), raw",360.0,0.0,0.0
Bangladesh,1998,"Cloves (whole stems), raw",0.0,0.0,0.0
Bangladesh,1999,"Cloves (whole stems), raw",0.0,0.0,0.0
Bangladesh,2000,"Cloves (whole stems), raw",120.0,0.0,0.0
Bangladesh,2001,"Cloves (whole stems), raw",440.0,0.0,0.0
Bangladesh,2002,"Cloves (whole stems), raw",776.0,0.0,0.0
Bangladesh,2003,"Cloves (whole stems), raw",1238.0,0.0,0.0
Bangladesh,2004,"Cloves (whole stems), raw",859.0,0.0,0.0
Bangladesh,2006,"Cloves (whole stems), raw",940.0,163.0,0.0
Bangladesh,2007,"Cloves (whole stems), raw",1252.0,47.0,0.0
Bangladesh,2008,"Cloves (whole stems), raw",365.0,0.0,0.0
Bangladesh,2009,"Cloves (whole stems), raw",791.0,0.0,0.0
Bangladesh,2010,"Cloves (whole stems), raw",563.0,0.0,0.0
Bangladesh,2011,"Cloves (whole stems), raw",486.0,0.0,0.0
Bangladesh,2012,"Cloves (whole stems), raw",322.0,0.0,0.0
Bangladesh,2013,"Cloves (whole stems), raw",363.0,0.0,0.0
Bangladesh,2014,"Cloves (whole stems), raw",564.31,1.83,0.0
Bangladesh,2015,"Cloves (whole stems), raw",423.52,0.0,0.0
Bangladesh,2016,"Cloves (whole stems), raw",841.09,2.11,0.0
Bangladesh,2017,"Cloves (whole stems), raw",867.64,1.32,0.0
Bangladesh,2018,"Cloves (whole stems), raw",1379.56,0.58,0.0
Bangladesh,2019,"Cloves (whole stems), raw",1221.23,0.4,0.0
Bangladesh,2021,"Cloves (whole stems), raw",2236.07,1.39,0.0
Bangladesh,2022,"Cloves (whole stems), raw",867.43,0.59,0.0
Bangladesh,2023,"Cloves (whole stems), raw",1656.03,0.28,0.0
Barbados,1993,"Cloves (whole stems), raw",7.0,1.0,0.0
Barbados,1994,"Cloves (whole stems), raw",7.0,1.0,0.0
Barbados,1995,"Cloves (whole stems), raw",11.0,1.0,0.0
Barbados,1996,"Cloves (whole stems), raw",10.0,1.0,0.0
Barbados,1997,"Cloves (whole stems), raw",12.0,0.0,0.0
Barbados,1998,"Cloves (whole stems), raw",5.0,0.0,0.0
Barbados,1999,"Cloves (whole stems), raw",7.0,1.0,0.0
Barbados,2000,"Cloves (whole stems), raw",4.0,1.0,0.0
Barbados,2001,"Cloves (whole stems), raw",8.0,1.0,0.0
Barbados,2002,"Cloves (whole stems), raw",17.0,1.0,0.0
Barbados,2003,"Cloves (whole stems), raw",15.0,0.0,0.0
Barbados,2004,"Cloves (whole stems), raw",4.0,0.0,0.0
Barbados,2005,"Cloves (whole stems), raw",13.0,1.0,0.0
Barbados,2006,"Cloves (whole stems), raw",12.0,1.0,0.0
Barbados,2007,"Cloves (whole stems), raw",8.0,0.0,0.0
Barbados,2008,"Cloves (whole stems), raw",16.0,0.0,0.0
Barbados,2009,"Cloves (whole stems), raw",7.0,0.0,0.0
Barbados,2010,"Cloves (whole stems), raw",16.0,0.0,0.0
Barbados,2011,"Cloves (whole stems), raw",15.0,0.0,0.0
Barbados,2012,"Cloves (whole stems), raw",22.0,0.0,0.0
Barbados,2013,"Cloves (whole stems), raw",21.0,0.0,0.0
Barbados,2014,"Cloves (whole stems), raw",17.11,0.0,0.0
Barbados,2016,"Cloves (whole stems), raw",14.4,0.0,0.0
Barbados,2018,"Cloves (whole stems), raw",15.06,0.0,0.0
Barbados,2019,"Cloves (whole stems), raw",10.49,0.0,0.0
Barbados,2020,"Cloves (whole stems), raw",8.66,0.0,0.0
Barbados,2021,"Cloves (whole stems), raw",6.5,0.0,0.0
Barbados,2023,"Cloves (whole stems), raw",10.85,0.0,0.0
Belarus,1998,"Cloves (whole stems), raw",9.0,4.0,0.0
Belarus,1999,"Cloves (whole stems), raw",12.0,8.0,0.0
Belarus,2000,"Cloves (whole stems), raw",10.0,9.0,0.0
Belarus,2001,"Cloves (whole stems), raw",6.0,0.0,0.0
Belarus,2003,"Cloves (whole stems), raw",6.0,0.0,0.0
Belarus,2004,"Cloves (whole stems), raw",8.0,0.0,0.0
Belarus,2005,"Cloves (whole stems), raw",9.0,0.0,0.0
Belarus,2006,"Cloves (whole stems), raw",11.0,0.0,0.0
Belarus,2007,"Cloves (whole stems), raw",13.0,0.0,0.0
Belarus,2009,"Cloves (whole stems), raw",11.0,0.0,0.0
Belarus,2010,"Cloves (whole stems), raw",16.0,0.0,0.0
Belarus,2011,"Cloves (whole stems), raw",9.0,0.0,0.0
Belarus,2012,"Cloves (whole stems), raw",13.0,0.0,0.0
Belarus,2013,"Cloves (whole stems), raw",14.0,0.0,0.0
Belarus,2014,"Cloves (whole stems), raw",9.26,0.08,0.0
Belarus,2015,"Cloves (whole stems), raw",11.37,0.0,0.0
Belarus,2016,"Cloves (whole stems), raw",13.31,0.01,0.0
Belarus,2017,"Cloves (whole stems), raw",22.6,6.25,0.0
Belarus,2018,"Cloves (whole stems), raw",12.92,0.42,0.0
Belarus,2019,"Cloves (whole stems), raw",15.34,0.02,0.0
Belarus,2021,"Cloves (whole stems), raw",18.68,0.29,0.0
Belarus,2022,"Cloves (whole stems), raw",4.45,0.11,0.0
Belarus,2023,"Cloves (whole stems), raw",2.99,0.17,0.0
Belgium,2000,"Cloves (whole stems), raw",57.0,43.0,0.0
Belgium,2001,"Cloves (whole stems), raw",79.0,53.0,0.0
Belgium,2002,"Cloves (whole stems), raw",83.0,58.0,0.0
Belgium,2003,"Cloves (whole stems), raw",68.0,80.0,0.0
Belgium,2004,"Cloves (whole stems), raw",118.0,74.0,0.0
Belgium,2005,"Cloves (whole stems), raw",117.0,80.0,0.0
Belgium,2006,"Cloves (whole stems), raw",170.0,122.0,0.0
Belgium,2007,"Cloves (whole stems), raw",120.0,106.0,0.0
Belgium,2008,"Cloves (whole stems), raw",162.0,146.0,0.0
Belgium,2009,"Cloves (whole stems), raw",113.0,46.0,0.0
Belgium,2010,"Cloves (whole stems), raw",98.0,68.0,0.0
Belgium,2011,"Cloves (whole stems), raw",72.0,53.0,0.0
Belgium,2012,"Cloves (whole stems), raw",59.0,88.0,0.0
Belgium,2015,"Cloves (whole stems), raw",41.11,79.09,0.0
Belgium,2016,"Cloves (whole stems), raw",92.38,78.87,0.0
Belgium,2017,"Cloves (whole stems), raw",53.74,61.7,0.0
Belgium,2018,"Cloves (whole stems), raw",35.22,32.38,0.0
Belgium,2019,"Cloves (whole stems), raw",22.66,25.48,0.0
Belgium,2020,"Cloves (whole stems), raw",70.12,52.54,0.0
Belgium,2021,"Cloves (whole stems), raw",57.98,38.71,0.0
Belgium,2022,"Cloves (whole stems), raw",62.49,19.82,0.0
Belgium,2023,"Cloves (whole stems), raw",69.0,24.09,0.0
Belgium-Luxembourg,1993,"Cloves (whole stems), raw",79.0,50.0,0.0
Belgium-Luxembourg,1995,"Cloves (whole stems), raw",68.0,53.0,0.0
Belgium-Luxembourg,1996,"Cloves (whole stems), raw",66.0,51.0,0.0
Belgium-Luxembourg,1997,"Cloves (whole stems), raw",72.0,46.0,0.0
Belgium-Luxembourg,1998,"Cloves (whole stems), raw",83.0,49.0,0.0
Belize,1995,"Cloves (whole stems), raw",0.0,0.0,0.0
Belize,1996,"Cloves (whole stems), raw",1.0,0.0,0.0
Belize,1997,"Cloves (whole stems), raw",1.0,0.0,0.0
Belize,1998,"Cloves (whole stems), raw",0.0,0.0,0.0
Belize,1999,"Cloves (whole stems), raw",0.0,0.0,0.0
Belize,2000,"Cloves (whole stems), raw",0.0,0.0,0.0
Belize,2001,"Cloves (whole stems), raw",0.0,0.0,0.0
Belize,2002,"Cloves (whole stems), raw",0.0,0.0,0.0
Belize,2003,"Cloves (whole stems), raw",2.0,0.0,0.0
Belize,2004,"Cloves (whole stems), raw",0.0,0.0,0.0
Belize,2005,"Cloves (whole stems), raw",1.0,0.0,0.0
Belize,2006,"Cloves (whole stems), raw",1.0,0.0,0.0
Belize,2007,"Cloves (whole stems), raw",1.0,0.0,0.0
Belize,2008,"Cloves (whole stems), raw",1.0,0.0,0.0
Belize,2009,"Cloves (whole stems), raw",1.0,0.0,0.0
Belize,2010,"Cloves (whole stems), raw",1.0,0.0,0.0
Belize,2011,"Cloves (whole stems), raw",2.0,0.0,0.0
Belize,2012,"Cloves (whole stems), raw",0.0,0.0,0.0
Belize,2013,"Cloves (whole stems), raw",0.0,0.0,0.0
Belize,2014,"Cloves (whole stems), raw",0.3,0.0,0.0
Belize,2015,"Cloves (whole stems), raw",0.45,0.0,0.0
Belize,2016,"Cloves (whole stems), raw",0.35,0.0,0.0
Belize,2018,"Cloves (whole stems), raw",0.51,0.0,0.0
Belize,2020,"Cloves (whole stems), raw",0.0,0.0,0.0
Belize,2021,"Cloves (whole stems), raw",0.16,0.0,0.0
Belize,2023,"Cloves (whole stems), raw",0.01,0.0,0.0
Benin,2007,"Cloves (whole stems), raw",3.0,0.0,0.0
Benin,2017,"Cloves (whole stems), raw",0.3,0.0,0.0
Benin,2018,"Cloves (whole stems), raw",3.12,0.0,0.0
Benin,2019,"Cloves (whole stems), raw",3.41,0.0,0.0
Benin,2022,"Cloves (whole stems), raw",7.22,0.0,0.0
Benin,2023,"Cloves (whole stems), raw",2.01,0.0,0.0
Bhutan,2017,"Cloves (whole stems), raw",0.64,0.0,0.0
Bhutan,2018,"Cloves (whole stems), raw",0.24,0.0,0.0
Bhutan,2019,"Cloves (whole stems), raw",0.05,0.0,0.0
Bhutan,2020,"Cloves (whole stems), raw",2.54,0.0,0.0
Bhutan,2021,"Cloves (whole stems), raw",2.9,0.0,0.0
Bhutan,2022,"Cloves (whole stems), raw",5.31,0.0,0.0
Bhutan,2023,"Cloves (whole stems), raw",4.01,0.0,0.0
Bolivia (Plurinational State of),1993,"Cloves (whole stems), raw",1.0,0.0,0.0
Bolivia (Plurinational State of),1995,"Cloves (whole stems), raw",0.0,0.0,0.0
Bolivia (Plurinational State of),1996,"Cloves (whole stems), raw",2.0,0.0,0.0
Bolivia (Plurinational State of),1997,"Cloves (whole stems), raw",0.0,0.0,0.0
Bolivia (Plurinational State of),1998,"Cloves (whole stems), raw",0.0,0.0,0.0
Bolivia (Plurinational State of),2000,"Cloves (whole stems), raw",20.16,1.94,0.0
Bolivia (Plurinational State of),2001,"Cloves (whole stems), raw",20.0,0.0,0.0
Bolivia (Plurinational State of),2002,"Cloves (whole stems), raw",25.0,0.0,0.0
Bolivia (Plurinational State of),2003,"Cloves (whole stems), raw",22.0,0.0,0.0
Bolivia (Plurinational State of),2005,"Cloves (whole stems), raw",46.0,0.0,0.0
Bolivia (Plurinational State of),2006,"Cloves (whole stems), raw",42.0,0.0,0.0
Bolivia (Plurinational State of),2007,"Cloves (whole stems), raw",40.0,0.0,0.0
Bolivia (Plurinational State of),2009,"Cloves (whole stems), raw",61.0,0.0,0.0
Bolivia (Plurinational State of),2010,"Cloves (whole stems), raw",57.0,0.0,0.0
Bolivia (Plurinational State of),2011,"Cloves (whole stems), raw",28.0,0.0,0.0
Bolivia (Plurinational State of),2012,"Cloves (whole stems), raw",23.0,0.0,0.0
Bolivia (Plurinational State of),2013,"Cloves (whole stems), raw",36.0,0.0,0.0
Bolivia (Plurinational State of),2014,"Cloves (whole stems), raw",47.37,0.0,0.0
Bolivia (Plurinational State of),2015,"Cloves (whole stems), raw",36.47,0.0,0.0
Bolivia (Plurinational State of),2016,"Cloves (whole stems), raw",54.52,0.0,0.0
Bolivia (Plurinational State of),2017,"Cloves (whole stems), raw",28.39,0.0,0.0
Bolivia (Plurinational State of),2018,"Cloves (whole stems), raw",24.49,0.0,0.0
Bolivia (Plurinational State of),2019,"Cloves (whole stems), raw",67.42,0.0,0.0
Bolivia (Plurinational State of),2020,"Cloves (whole stems), raw",108.66,0.0,0.0
Bolivia (Plurinational State of),2022,"Cloves (whole stems), raw",24.11,0.0,0.0
Bolivia (Plurinational State of),2023,"Cloves (whole stems), raw",83.74,0.0,0.0
Bosnia and Herzegovina,2003,"Cloves (whole stems), raw",2.0,0.0,0.0
Bosnia and Herzegovina,2004,"Cloves (whole stems), raw",2.0,0.0,0.0
Bosnia and Herzegovina,2006,"Cloves (whole stems), raw",2.0,0.0,0.0
Bosnia and Herzegovina,2007,"Cloves (whole stems), raw",2.0,0.0,0.0
Bosnia and Herzegovina,2008,"Cloves (whole stems), raw",2.0,0.0,0.0
Bosnia and Herzegovina,2009,"Cloves (whole stems), raw",2.0,0.0,0.0
Bosnia and Herzegovina,2010,"Cloves (whole stems), raw",2.0,0.0,0.0
Bosnia and Herzegovina,2012,"Cloves (whole stems), raw",2.0,0.0,0.0
Bosnia and Herzegovina,2013,"Cloves (whole stems), raw",2.0,0.0,0.0
Bosnia and Herzegovina,2014,"Cloves (whole stems), raw",2.36,0.0,0.0
Bosnia and Herzegovina,2015,"Cloves (whole stems), raw",2.17,0.0,0.0
Bosnia and Herzegovina,2016,"Cloves (whole stems), raw",3.46,0.02,0.0
Bosnia and Herzegovina,2017,"Cloves (whole stems), raw",3.07,0.01,0.0
Bosnia and Herzegovina,2018,"Cloves (whole stems), raw",2.7,0.03,0.0
Bosnia and Herzegovina,2019,"Cloves (whole stems), raw",2.6,0.04,0.0
Bosnia and Herzegovina,2020,"Cloves (whole stems), raw",3.09,0.0,0.0
Bosnia and Herzegovina,2021,"Cloves (whole stems), raw",3.48,0.04,0.0
Bosnia and Herzegovina,2022,"Cloves (whole stems), raw",4.27,0.04,0.0
Bosnia and Herzegovina,2023,"Cloves (whole stems), raw",4.43,0.02,0.0
Botswana,1994,"Cloves (whole stems), raw",0.0,0.0,0.0
Botswana,1995,"Cloves (whole stems), raw",0.0,0.0,0.0
Botswana,1996,"Cloves (whole stems), raw",0.0,0.0,0.0
Botswana,1997,"Cloves (whole stems), raw",1.0,0.0,0.0
Botswana,1998,"Cloves (whole stems), raw",1.0,0.0,0.0
Botswana,1999,"Cloves (whole stems), raw",1.0,0.0,0.0
Botswana,2000,"Cloves (whole stems), raw",3.0,0.0,0.0
Botswana,2001,"Cloves (whole stems), raw",5.0,0.0,0.0
Botswana,2002,"Cloves (whole stems), raw",8.0,0.0,0.0
Botswana,2003,"Cloves (whole stems), raw",1.0,0.0,0.0
Botswana,2004,"Cloves (whole stems), raw",1.0,0.0,0.0
Botswana,2005,"Cloves (whole stems), raw",1.0,0.0,0.0
Botswana,2006,"Cloves (whole stems), raw",1.0,0.0,0.0
Botswana,2007,"Cloves (whole stems), raw",0.0,0.0,0.0
Botswana,2008,"Cloves (whole stems), raw",0.0,0.0,0.0
Botswana,2009,"Cloves (whole stems), raw",0.0,0.0,0.0
Botswana,2010,"Cloves (whole stems), raw",0.0,0.0,0.0
Botswana,2011,"Cloves (whole stems), raw",1.0,0.0,0.0
Botswana,2012,"Cloves (whole stems), raw",0.0,0.0,0.0
Botswana,2013,"Cloves (whole stems), raw",1.0,0.0,0.0
Botswana,2014,"Cloves (whole stems), raw",0.1,0.0,0.0
Botswana,2015,"Cloves (whole stems), raw",0.32,0.0,0.0
Botswana,2016,"Cloves (whole stems), raw",0.08,0.0,0.0
Botswana,2018,"Cloves (whole stems), raw",0.24,0.0,0.0
Botswana,2019,"Cloves (whole stems), raw",0.73,0.0,0.0
Botswana,2020,"Cloves (whole stems), raw",2.1,0.0,0.0
Botswana,2021,"Cloves (whole stems), raw",3.36,0.0,0.0
Botswana,2022,"Cloves (whole stems), raw",3.34,0.0,0.0
Botswana,2023,"Cloves (whole stems), raw",4.49,0.0,0.0
Brazil,1993,"Cloves (whole stems), raw",0.0,673.0,0.0
Brazil,1994,"Cloves (whole stems), raw",1.0,1313.0,0.0
Brazil,1995,"Cloves (whole stems), raw",2.0,60.0,0.0
Brazil,1996,"Cloves (whole stems), raw",1.0,327.0,0.0
Brazil,1997,"Cloves (whole stems), raw",3.0,138.0,0.0
Brazil,1998,"Cloves (whole stems), raw",4.0,184.0,0.0
Brazil,1999,"Cloves (whole stems), raw",0.0,460.0,0.0
Brazil,2000,"Cloves (whole stems), raw",4.66,64.87,0.0
Brazil,2001,"Cloves (whole stems), raw",0.0,2487.0,0.0
Brazil,2002,"Cloves (whole stems), raw",40.0,4135.0,0.0
Brazil,2003,"Cloves (whole stems), raw",102.0,2598.0,0.0
Brazil,2005,"Cloves (whole stems), raw",7.0,2107.0,0.0
Brazil,2006,"Cloves (whole stems), raw",8.0,3533.0,0.0
Brazil,2007,"Cloves (whole stems), raw",48.0,2576.0,0.0
Brazil,2008,"Cloves (whole stems), raw",62.0,5093.0,0.0
Brazil,2009,"Cloves (whole stems), raw",34.0,5620.0,0.0
Brazil,2010,"Cloves (whole stems), raw",49.0,2835.0,0.0
Brazil,2011,"Cloves (whole stems), raw",39.0,4274.0,0.0
Brazil,2012,"Cloves (whole stems), raw",101.0,140.0,0.0
Brazil,2013,"Cloves (whole stems), raw",61.0,4095.0,0.0
Brazil,2014,"Cloves (whole stems), raw",84.8,5619.17,0.0
Brazil,2015,"Cloves (whole stems), raw",83.92,1367.42,0.0
Brazil,2016,"Cloves (whole stems), raw",87.47,3867.51,0.0
Brazil,2017,"Cloves (whole stems), raw",37.86,3535.33,0.0
Brazil,2018,"Cloves (whole stems), raw",78.03,2939.89,0.0
Brazil,2019,"Cloves (whole stems), raw",25.66,2408.95,0.0
Brazil,2020,"Cloves (whole stems), raw",38.01,4139.4,0.0
Brazil,2021,"Cloves (whole stems), raw",58.52,1483.95,0.0
Brazil,2022,"Cloves (whole stems), raw",104.14,979.65,0.0
Brazil,2023,"Cloves (whole stems), raw",133.74,371.49,0.0
Brunei Darussalam,1993,"Cloves (whole stems), raw",6.0,0.0,0.0
Brunei Darussalam,1994,"Cloves (whole stems), raw",5.0,0.0,0.0
Brunei Darussalam,1995,"Cloves (whole stems), raw",2.0,0.0,0.0
Brunei Darussalam,1996,"Cloves (whole stems), raw",4.0,0.0,0.0
Brunei Darussalam,1997,"Cloves (whole stems), raw",5.0,0.0,0.0
Brunei Darussalam,1999,"Cloves (whole stems), raw",10.0,0.0,0.0
Brunei Darussalam,2000,"Cloves (whole stems), raw",5.0,0.0,0.0
Brunei Darussalam,2001,"Cloves (whole stems), raw",3.0,0.0,0.0
Brunei Darussalam,2002,"Cloves (whole stems), raw",2.0,0.0,0.0
Brunei Darussalam,2003,"Cloves (whole stems), raw",3.0,0.0,0.0
Brunei Darussalam,2005,"Cloves (whole stems), raw",3.0,0.0,0.0
Brunei Darussalam,2007,"Cloves (whole stems), raw",3.0,0.0,0.0
Brunei Darussalam,2008,"Cloves (whole stems), raw",3.0,0.0,0.0
Brunei Darussalam,2009,"Cloves (whole stems), raw",3.0,0.0,0.0
Brunei Darussalam,2010,"Cloves (whole stems), raw",4.0,0.0,0.0
Brunei Darussalam,2011,"Cloves (whole stems), raw",5.0,0.0,0.0
Brunei Darussalam,2012,"Cloves (whole stems), raw",6.0,0.0,0.0
Brunei Darussalam,2013,"Cloves (whole stems), raw",37.0,0.0,0.0
Brunei Darussalam,2014,"Cloves (whole stems), raw",49.14,0.0,0.0
Brunei Darussalam,2015,"Cloves (whole stems), raw",62.2,0.0,0.0
Brunei Darussalam,2016,"Cloves (whole stems), raw",6.93,0.0,0.0
Brunei Darussalam,2017,"Cloves (whole stems), raw",3.75,0.0,0.0
Brunei Darussalam,2018,"Cloves (whole stems), raw",2.24,0.0,0.0
Brunei Darussalam,2019,"Cloves (whole stems), raw",5.38,0.0,0.0
Brunei Darussalam,2020,"Cloves (whole stems), raw",10.19,0.0,0.0
Brunei Darussalam,2021,"Cloves (whole stems), raw",12.22,0.0,0.0
Brunei Darussalam,2022,"Cloves (whole stems), raw",10.56,0.0,0.0
Brunei Darussalam,2023,"Cloves (whole stems), raw",7.7,0.0,0.0
Bulgaria,1993,"Cloves (whole stems), raw",8.0,16.0,0.0
Bulgaria,1994,"Cloves (whole stems), raw",11.0,0.0,0.0
Bulgaria,1995,"Cloves (whole stems), raw",15.0,12.0,0.0
Bulgaria,1996,"Cloves (whole stems), raw",18.0,2.0,0.0
Bulgaria,1997,"Cloves (whole stems), raw",15.0,1.0,0.0
Bulgaria,1998,"Cloves (whole stems), raw",2.0,4.0,0.0
Bulgaria,2000,"Cloves (whole stems), raw",10.0,1.0,0.0
Bulgaria,2001,"Cloves (whole stems), raw",10.0,0.0,0.0
Bulgaria,2002,"Cloves (whole stems), raw",4.0,1.0,0.0
Bulgaria,2003,"Cloves (whole stems), raw",8.0,1.0,0.0
Bulgaria,2004,"Cloves (whole stems), raw",1.0,1.0,0.0
Bulgaria,2005,"Cloves (whole stems), raw",1.0,1.0,0.0
Bulgaria,2006,"Cloves (whole stems), raw",5.0,1.0,0.0
Bulgaria,2007,"Cloves (whole stems), raw",9.0,2.0,0.0
Bulgaria,2008,"Cloves (whole stems), raw",9.0,3.0,0.0
Bulgaria,2009,"Cloves (whole stems), raw",6.0,4.0,0.0
Bulgaria,2010,"Cloves (whole stems), raw",4.0,3.0,0.0
Bulgaria,2011,"Cloves (whole stems), raw",7.0,3.0,0.0
Bulgaria,2012,"Cloves (whole stems), raw",6.0,2.0,0.0
Bulgaria,2013,"Cloves (whole stems), raw",7.0,1.0,0.0
Bulgaria,2015,"Cloves (whole stems), raw",6.7,2.67,0.0
Bulgaria,2017,"Cloves (whole stems), raw",5.51,3.29,0.0
Bulgaria,2018,"Cloves (whole stems), raw",4.57,3.43,0.0
Bulgaria,2019,"Cloves (whole stems), raw",2.76,2.5,0.0
Bulgaria,2020,"Cloves (whole stems), raw",7.42,2.96,0.0
Bulgaria,2021,"Cloves (whole stems), raw",12.02,2.89,0.0
Bulgaria,2022,"Cloves (whole stems), raw",5.71,1.93,0.0
Bulgaria,2023,"Cloves (whole stems), raw",20.83,4.05,0.0
Burkina Faso,2010,"Cloves (whole stems), raw",0.0,0.0,0.0
Burkina Faso,2011,"Cloves (whole stems), raw",0.0,0.0,0.0
Burkina Faso,2012,"Cloves (whole stems), raw",0.0,0.0,0.0
Burkina Faso,2013,"Cloves (whole stems), raw",0.0,0.0,0.0
Burkina Faso,2016,"Cloves (whole stems), raw",0.01,0.0,0.0
Burkina Faso,2017,"Cloves (whole stems), raw",0.18,0.0,0.0
Burkina Faso,2018,"Cloves (whole stems), raw",0.36,0.0,0.0
Burkina Faso,2022,"Cloves (whole stems), raw",5.4,0.0,0.0
Burundi,2016,"Cloves (whole stems), raw",0.63,0.0,0.0
Burundi,2017,"Cloves (whole stems), raw",2.96,0.0,0.0
Burundi,2021,"Cloves (whole stems), raw",0.49,0.0,0.0
Burundi,2022,"Cloves (whole stems), raw",0.83,0.0,0.0
Burundi,2023,"Cloves (whole stems), raw",0.01,0.0,0.0
Cabo Verde,1993,"Cloves (whole stems), raw",0.0,0.0,0.0
Cabo Verde,1994,"Cloves (whole stems), raw",1.0,0.0,0.0
Cabo Verde,1995,"Cloves (whole stems), raw",1.0,0.0,0.0
Cabo Verde,1996,"Cloves (whole stems), raw",0.0,0.0,0.0
Cabo Verde,1997,"Cloves (whole stems), raw",1.0,0.0,0.0
Cabo Verde,1998,"Cloves (whole stems), raw",0.0,0.0,0.0
Cabo Verde,1999,"Cloves (whole stems), raw",1.0,0.0,0.0
Cabo Verde,2000,"Cloves (whole stems), raw",2.0,0.0,0.0
Cabo Verde,2001,"Cloves (whole stems), raw",2.0,0.0,0.0
Cabo Verde,2002,"Cloves (whole stems), raw",0.0,0.0,0.0
Cabo Verde,2003,"Cloves (whole stems), raw",3.0,0.0,0.0
Cabo Verde,2004,"Cloves (whole stems), raw",1.0,0.0,0.0
Cabo Verde,2005,"Cloves (whole stems), raw",0.0,0.0,0.0
Cabo Verde,2006,"Cloves (whole stems), raw",2.0,0.0,0.0
Cabo Verde,2007,"Cloves (whole stems), raw",1.0,0.0,0.0
Cabo Verde,2008,"Cloves (whole stems), raw",1.0,0.0,0.0
Cabo Verde,2009,"Cloves (whole stems), raw",1.0,0.0,0.0
Cabo Verde,2010,"Cloves (whole stems), raw",1.0,0.0,0.0
Cabo Verde,2011,"Cloves (whole stems), raw",1.0,0.0,0.0
Cabo Verde,2012,"Cloves (whole stems), raw",0.0,0.0,0.0
Cabo Verde,2013,"Cloves (whole stems), raw",1.0,0.0,0.0
Cabo Verde,2014,"Cloves (whole stems), raw",0.13,0.0,0.0
Cabo Verde,2015,"Cloves (whole stems), raw",0.19,0.0,0.0
Cabo Verde,2016,"Cloves (whole stems), raw",1.15,0.0,0.0
Cabo Verde,2017,"Cloves (whole stems), raw",0.95,0.0,0.0
Cabo Verde,2018,"Cloves (whole stems), raw",1.01,0.0,0.0
Cabo Verde,2019,"Cloves (whole stems), raw",0.88,0.0,0.0
Cabo Verde,2021,"Cloves (whole stems), raw",0.98,0.0,0.0
Cabo Verde,2022,"Cloves (whole stems), raw",1.51,0.0,0.0
Cabo Verde,2023,"Cloves (whole stems), raw",3.55,0.0,0.0
Cambodia,2002,"Cloves (whole stems), raw",0.0,0.0,0.0
Cambodia,2014,"Cloves (whole stems), raw",0.23,0.0,0.0
Cambodia,2015,"Cloves (whole stems), raw",0.04,0.0,0.0
Cambodia,2016,"Cloves (whole stems), raw",0.0,0.0,0.0
Cambodia,2019,"Cloves (whole stems), raw",0.31,0.0,0.0
Cambodia,2020,"Cloves (whole stems), raw",0.08,0.0,0.0
Cambodia,2021,"Cloves (whole stems), raw",0.21,0.0,0.0
Cambodia,2022,"Cloves (whole stems), raw",0.25,0.0,0.0
Cameroon,1993,"Cloves (whole stems), raw",0.0,0.0,0.0
Cameroon,1994,"Cloves (whole stems), raw",1.0,0.0,0.0
Cameroon,1995,"Cloves (whole stems), raw",2.0,0.0,0.0
Cameroon,1996,"Cloves (whole stems), raw",1.0,0.0,0.0
Cameroon,1997,"Cloves (whole stems), raw",2.0,0.0,0.0
Cameroon,1998,"Cloves (whole stems), raw",1.0,0.0,0.0
Cameroon,1999,"Cloves (whole stems), raw",0.0,0.0,0.0
Cameroon,2000,"Cloves (whole stems), raw",5.0,0.0,0.0
Cameroon,2001,"Cloves (whole stems), raw",0.0,0.0,0.0
Cameroon,2002,"Cloves (whole stems), raw",4.0,0.0,0.0
Cameroon,2003,"Cloves (whole stems), raw",3.0,0.0,0.0
Cameroon,2004,"Cloves (whole stems), raw",1.0,0.0,0.0
Cameroon,2005,"Cloves (whole stems), raw",1.0,0.0,0.0
Cameroon,2006,"Cloves (whole stems), raw",1.0,0.0,0.0
Cameroon,2008,"Cloves (whole stems), raw",3.0,0.0,0.0
Cameroon,2009,"Cloves (whole stems), raw",1.0,0.0,0.0
Cameroon,2010,"Cloves (whole stems), raw",1.0,0.0,0.0
Cameroon,2011,"Cloves (whole stems), raw",10.0,0.0,0.0
Cameroon,2012,"Cloves (whole stems), raw",7.0,0.0,0.0
Cameroon,2013,"Cloves (whole stems), raw",4.0,0.0,0.0
Cameroon,2014,"Cloves (whole stems), raw",6.08,0.0,0.0
Cameroon,2017,"Cloves (whole stems), raw",1.04,0.0,0.0
Cameroon,2018,"Cloves (whole stems), raw",1.76,0.0,0.0
Cameroon,2019,"Cloves (whole stems), raw",1.59,0.0,0.0
Cameroon,2020,"Cloves (whole stems), raw",1.54,0.34,0.0
Cameroon,2021,"Cloves (whole stems), raw",2.77,0.02,0.0
Cameroon,2023,"Cloves (whole stems), raw",7.62,0.63,0.0
Canada,1994,"Cloves (whole stems), raw",100.0,0.0,0.0
Canada,1995,"Cloves (whole stems), raw",100.0,0.0,0.0
Canada,1997,"Cloves (whole stems), raw",134.0,5.0,0.0
Canada,1998,"Cloves (whole stems), raw",126.0,3.0,0.0
Canada,1999,"Cloves (whole stems), raw",180.0,13.0,0.0
Canada,2000,"Cloves (whole stems), raw",169.06,11.31,0.0
Canada,2001,"Cloves (whole stems), raw",322.0,4.0,0.0
Canada,2002,"Cloves (whole stems), raw",409.0,28.0,0.0
Canada,2003,"Cloves (whole stems), raw",351.0,16.0,0.0
Canada,2004,"Cloves (whole stems), raw",154.0,21.0,0.0
Canada,2005,"Cloves (whole stems), raw",208.0,21.0,0.0
Canada,2006,"Cloves (whole stems), raw",145.0,10.0,0.0
Canada,2007,"Cloves (whole stems), raw",207.0,20.0,0.0
Canada,2008,"Cloves (whole stems), raw",213.0,9.0,0.0
Canada,2009,"Cloves (whole stems), raw",216.0,22.0,0.0
Canada,2011,"Cloves (whole stems), raw",156.0,16.0,0.0
Canada,2013,"Cloves (whole stems), raw",255.0,14.0,0.0
Canada,2014,"Cloves (whole stems), raw",220.03,23.07,0.0
Canada,2015,"Cloves (whole stems), raw",226.83,61.05,0.0
Canada,2016,"Cloves (whole stems), raw",266.27,72.07,0.0
Canada,2017,"Cloves (whole stems), raw",192.81,90.91,0.0
Canada,2018,"Cloves (whole stems), raw",222.4,56.84,0.0
Canada,2019,"Cloves (whole stems), raw",272.12,115.44,0.0
Canada,2020,"Cloves (whole stems), raw",292.3,94.39,0.0
Canada,2021,"Cloves (whole stems), raw",334.46,64.09,0.0
Canada,2022,"Cloves (whole stems), raw",407.5,93.73,0.0
Canada,2023,"Cloves (whole stems), raw",366.27,106.89,0.0
Central African Republic,2021,"Cloves (whole stems), raw",12.0,0.0,0.0
Chad,1993,"Cloves (whole stems), raw",0.0,0.0,0.0
Chad,1995,"Cloves (whole stems), raw",0.0,0.0,0.0
Chad,1996,"Cloves (whole stems), raw",0.0,0.0,0.0
Chad,1997,"Cloves (whole stems), raw",0.0,0.0,0.0
Chad,1998,"Cloves (whole stems), raw",0.0,0.0,0.0
Chad,1999,"Cloves (whole stems), raw",0.0,0.0,0.0
Chad,2000,"Cloves (whole stems), raw",0.0,0.0,0.0
Chad,2001,"Cloves (whole stems), raw",0.0,0.0,0.0
Chad,2002,"Cloves (whole stems), raw",0.0,0.0,0.0
Chad,2003,"Cloves (whole stems), raw",0.0,0.0,0.0
Chad,2004,"Cloves (whole stems), raw",0.0,0.0,0.0
Chad,2005,"Cloves (whole stems), raw",0.0,0.0,0.0
Chad,2006,"Cloves (whole stems), raw",0.0,0.0,0.0
Chad,2007,"Cloves (whole stems), raw",0.0,0.0,0.0
Chad,2008,"Cloves (whole stems), raw",0.0,0.0,0.0
Chad,2009,"Cloves (whole stems), raw",0.0,0.0,0.0
Chad,2010,"Cloves (whole stems), raw",0.0,0.0,0.0
Chad,2011,"Cloves (whole stems), raw",0.0,0.0,0.0
Chad,2012,"Cloves (whole stems), raw",0.0,0.0,0.0
Chad,2013,"Cloves (whole stems), raw",0.0,0.0,0.0
Chad,2014,"Cloves (whole stems), raw",0.07,0.0,0.0
Chad,2015,"Cloves (whole stems), raw",0.19,0.0,0.0
Chad,2017,"Cloves (whole stems), raw",30.4,0.0,0.0
Chad,2019,"Cloves (whole stems), raw",5.16,0.0,0.0
Chad,2020,"Cloves (whole stems), raw",10.91,0.0,0.0
Chad,2021,"Cloves (whole stems), raw",10.78,0.0,0.0
Chad,2022,"Cloves (whole stems), raw",14.3,0.0,0.0
Chad,2023,"Cloves (whole stems), raw",19.13,0.0,0.0
Chile,1993,"Cloves (whole stems), raw",16.0,0.0,0.0
Chile,1994,"Cloves (whole stems), raw",22.0,0.0,0.0
Chile,1995,"Cloves (whole stems), raw",21.0,0.0,0.0
Chile,1996,"Cloves (whole stems), raw",25.0,0.0,0.0
Chile,1997,"Cloves (whole stems), raw",24.0,0.0,0.0
Chile,1998,"Cloves (whole stems), raw",34.0,0.0,0.0
Chile,2000,"Cloves (whole stems), raw",19.82,0.42,0.0
Chile,2001,"Cloves (whole stems), raw",52.0,0.0,0.0
Chile,2002,"Cloves (whole stems), raw",18.0,0.0,0.0
Chile,2003,"Cloves (whole stems), raw",35.0,0.0,0.0
Chile,2004,"Cloves (whole stems), raw",12.0,0.0,0.0
Chile,2005,"Cloves (whole stems), raw",33.0,0.0,0.0
Chile,2006,"Cloves (whole stems), raw",7.0,0.0,0.0
Chile,2007,"Cloves (whole stems), raw",25.0,0.0,0.0
Chile,2008,"Cloves (whole stems), raw",34.0,0.0,0.0
Chile,2009,"Cloves (whole stems), raw",21.0,0.0,0.0
Chile,2010,"Cloves (whole stems), raw",22.0,0.0,0.0
Chile,2011,"Cloves (whole stems), raw",24.0,0.0,0.0
Chile,2012,"Cloves (whole stems), raw",20.0,0.0,0.0
Chile,2013,"Cloves (whole stems), raw",16.0,0.0,0.0
Chile,2014,"Cloves (whole stems), raw",42.26,0.0,0.0
Chile,2015,"Cloves (whole stems), raw",21.49,0.0,0.0
Chile,2016,"Cloves (whole stems), raw",32.12,0.0,0.0
Chile,2017,"Cloves (whole stems), raw",51.34,0.0,0.0
Chile,2018,"Cloves (whole stems), raw",68.16,0.0,0.0
Chile,2019,"Cloves (whole stems), raw",40.46,0.0,0.0
Chile,2020,"Cloves (whole stems), raw",110.15,0.02,0.0
Chile,2021,"Cloves (whole stems), raw",64.7,0.0,0.0
Chile,2022,"Cloves (whole stems), raw",70.51,0.0,0.0
China,1993,"Cloves (whole stems), raw",2994.0,1031.0,250.42
China,1994,"Cloves (whole stems), raw",2592.0,996.0,282.17
China,1995,"Cloves (whole stems), raw",2054.0,676.0,300.0
China,1996,"Cloves (whole stems), raw",3988.0,1406.0,346.48
China,1997,"Cloves (whole stems), raw",4231.0,1734.0,360.8
China,1998,"Cloves (whole stems), raw",5647.0,2377.0,350.0
China,1999,"Cloves (whole stems), raw",1031.0,855.0,400.0
China,2000,"Cloves (whole stems), raw",1959.82,635.5,500.0
China,2001,"Cloves (whole stems), raw",2313.0,851.0,526.84
China,2002,"Cloves (whole stems), raw",2172.0,860.0,550.0
China,2003,"Cloves (whole stems), raw",894.0,173.0,600.0
China,2004,"Cloves (whole stems), raw",366.0,154.0,700.0
China,2005,"Cloves (whole stems), raw",513.0,44.0,627.22
China,2006,"Cloves (whole stems), raw",252.0,26.0,696.24
China,2007,"Cloves (whole stems), raw",286.0,67.0,800.0
China,2008,"Cloves (whole stems), raw",201.0,25.0,825.0
China,2009,"Cloves (whole stems), raw",279.0,87.0,900.0
China,2010,"Cloves (whole stems), raw",322.0,34.0,975.88
China,2011,"Cloves (whole stems), raw",503.0,136.0,1050.58
China,2012,"Cloves (whole stems), raw",575.0,91.0,1150.0
China,2013,"Cloves (whole stems), raw",572.0,60.0,1200.0
China,2014,"Cloves (whole stems), raw",352.33,45.28,1263.94
China,2015,"Cloves (whole stems), raw",453.65,106.78,1344.11
China,2016,"Cloves (whole stems), raw",322.93,187.74,1269.35
China,2017,"Cloves (whole stems), raw",296.04,185.89,1348.59
China,2018,"Cloves (whole stems), raw",294.79,363.13,1320.68
China,2019,"Cloves (whole stems), raw",617.71,443.23,1312.87
China,2020,"Cloves (whole stems), raw",3006.75,575.15,1327.38
China,2021,"Cloves (whole stems), raw",2643.18,793.37,1320.31
China,2022,"Cloves (whole stems), raw",3351.58,710.92,1320.19
China,2023,"Cloves (whole stems), raw",2602.53,332.02,1322.63
"China, Hong Kong SAR",1993,"Cloves (whole stems), raw",1263.0,1006.0,0.0
"China, Hong Kong SAR",1994,"Cloves (whole stems), raw",997.0,992.0,0.0
"China, Hong Kong SAR",1995,"Cloves (whole stems), raw",876.0,671.0,0.0
"China, Hong Kong SAR",1996,"Cloves (whole stems), raw",1488.0,1395.0,0.0
"China, Hong Kong SAR",1997,"Cloves (whole stems), raw",1913.0,1730.0,0.0
"China, Hong Kong SAR",1999,"Cloves (whole stems), raw",695.0,576.0,0.0
"China, Hong Kong SAR",2000,"Cloves (whole stems), raw",820.99,627.42,0.0
"China, Hong Kong SAR",2001,"Cloves (whole stems), raw",1399.0,824.0,0.0
"China, Hong Kong SAR",2002,"Cloves (whole stems), raw",977.0,843.0,0.0
"China, Hong Kong SAR",2003,"Cloves (whole stems), raw",92.0,143.0,0.0
"China, Hong Kong SAR",2004,"Cloves (whole stems), raw",76.0,129.0,0.0
"China, Hong Kong SAR",2005,"Cloves (whole stems), raw",55.0,25.0,0.0
"China, Hong Kong SAR",2006,"Cloves (whole stems), raw",26.0,3.0,0.0
"China, Hong Kong SAR",2007,"Cloves (whole stems), raw",72.0,47.0,0.0
"China, Hong Kong SAR",2008,"Cloves (whole stems), raw",23.0,5.0,0.0
"China, Hong Kong SAR",2009,"Cloves (whole stems), raw",38.0,37.0,0.0
"China, Hong Kong SAR",2010,"Cloves (whole stems), raw",24.0,9.0,0.0
"China, Hong Kong SAR",2011,"Cloves (whole stems), raw",30.0,30.0,0.0
"China, Hong Kong SAR",2012,"Cloves (whole stems), raw",35.0,16.0,0.0
"China, Hong Kong SAR",2013,"Cloves (whole stems), raw",38.0,15.0,0.0
"China, Hong Kong SAR",2014,"Cloves (whole stems), raw",26.09,4.51,0.0
"China, Hong Kong SAR",2015,"Cloves (whole stems), raw",75.69,64.2,0.0
"China, Hong Kong SAR",2016,"Cloves (whole stems), raw",102.67,73.56,0.0
"China, Hong Kong SAR",2017,"Cloves (whole stems), raw",44.79,51.93,0.0
"China, Hong Kong SAR",2018,"Cloves (whole stems), raw",84.98,51.09,0.0
"China, Hong Kong SAR",2019,"Cloves (whole stems), raw",53.97,49.82,0.0
"China, Hong Kong SAR",2021,"Cloves (whole stems), raw",55.94,33.99,0.0
"China, Hong Kong SAR",2022,"Cloves (whole stems), raw",39.15,1.78,0.0
"China, Hong Kong SAR",2023,"Cloves (whole stems), raw",30.09,19.11,0.0
"China, Macao SAR",2001,"Cloves (whole stems), raw",0.0,0.0,0.0
"China, Macao SAR",2002,"Cloves (whole stems), raw",0.0,0.0,0.0
"China, Macao SAR",2003,"Cloves (whole stems), raw",0.0,0.0,0.0
"China, Macao SAR",2004,"Cloves (whole stems), raw",0.0,0.0,0.0
"China, Macao SAR",2005,"Cloves (whole stems), raw",0.0,0.0,0.0
"China, Macao SAR",2006,"Cloves (whole stems), raw",0.0,0.0,0.0
"China, Macao SAR",2007,"Cloves (whole stems), raw",0.0,0.0,0.0
"China, Macao SAR",2009,"Cloves (whole stems), raw",0.0,0.0,0.0
"China, Macao SAR",2010,"Cloves (whole stems), raw",0.0,0.0,0.0
"China, Macao SAR",2011,"Cloves (whole stems), raw",0.0,0.0,0.0
"China, Macao SAR",2012,"Cloves (whole stems), raw",0.0,0.0,0.0
"China, Macao SAR",2013,"Cloves (whole stems), raw",0.0,0.0,0.0
"China, Macao SAR",2014,"Cloves (whole stems), raw",0.31,0.0,0.0
"China, Macao SAR",2015,"Cloves (whole stems), raw",0.29,0.0,0.0
"China, Macao SAR",2016,"Cloves (whole stems), raw",0.16,0.0,0.0
"China, Macao SAR",2017,"Cloves (whole stems), raw",0.51,0.0,0.0
"China, Macao SAR",2021,"Cloves (whole stems), raw",0.24,0.0,0.0
"China, Macao SAR",2022,"Cloves (whole stems), raw",0.2,0.0,0.0
"China, Macao SAR",2023,"Cloves (whole stems), raw",0.2,0.0,0.0
"China, mainland",1994,"Cloves (whole stems), raw",1250.0,0.0,282.17
"China, mainland",1995,"Cloves (whole stems), raw",855.0,4.0,300.0
"China, mainland",1996,"Cloves (whole stems), raw",2257.0,2.0,346.48
"China, mainland",1997,"Cloves (whole stems), raw",2103.0,2.0,360.8
"China, mainland",1998,"Cloves (whole stems), raw",2385.0,28.0,350.0
"China, mainland",2000,"Cloves (whole stems), raw",933.7,7.84,500.0
"China, mainland",2001,"Cloves (whole stems), raw",681.0,3.0,526.84
"China, mainland",2002,"Cloves (whole stems), raw",950.0,17.0,550.0
"China, mainland",2003,"Cloves (whole stems), raw",575.0,27.0,600.0
"China, mainland",2004,"Cloves (whole stems), raw",152.0,24.0,700.0
"China, mainland",2005,"Cloves (whole stems), raw",120.0,16.0,627.22
"China, mainland",2006,"Cloves (whole stems), raw",27.0,14.0,696.24
"China, mainland",2007,"Cloves (whole stems), raw",11.0,11.0,800.0
"China, mainland",2008,"Cloves (whole stems), raw",14.0,13.0,825.0
"China, mainland",2009,"Cloves (whole stems), raw",33.0,28.0,900.0
"China, mainland",2010,"Cloves (whole stems), raw",40.0,14.0,975.88
"China, mainland",2011,"Cloves (whole stems), raw",324.0,83.0,1050.58
"China, mainland",2012,"Cloves (whole stems), raw",387.0,59.0,1150.0
"China, mainland",2013,"Cloves (whole stems), raw",344.0,31.0,1200.0
"China, mainland",2014,"Cloves (whole stems), raw",148.82,40.65,1263.94
"China, mainland",2015,"Cloves (whole stems), raw",180.25,42.09,1344.11
"China, mainland",2016,"Cloves (whole stems), raw",0.0,114.16,1269.35
"China, mainland",2017,"Cloves (whole stems), raw",13.36,133.87,1348.59
"China, mainland",2018,"Cloves (whole stems), raw",14.71,312.0,1320.68
"China, mainland",2019,"Cloves (whole stems), raw",356.62,393.42,1312.87
"China, mainland",2020,"Cloves (whole stems), raw",2709.06,387.82,1327.38
"China, mainland",2021,"Cloves (whole stems), raw",2392.59,759.38,1320.31
"China, mainland",2023,"Cloves (whole stems), raw",2420.87,312.9,1322.63
"China, Taiwan Province of",1993,"Cloves (whole stems), raw",275.0,7.0,0.0
"China, Taiwan Province of",1994,"Cloves (whole stems), raw",345.0,4.0,0.0
"China, Taiwan Province of",1995,"Cloves (whole stems), raw",323.0,1.0,0.0
"China, Taiwan Province of",1996,"Cloves (whole stems), raw",243.0,9.0,0.0
"China, Taiwan Province of",1997,"Cloves (whole stems), raw",215.0,2.0,0.0
"China, Taiwan Province of",1998,"Cloves (whole stems), raw",269.0,16.0,0.0
"China, Taiwan Province of",2000,"Cloves (whole stems), raw",205.12,0.24,0.0
"China, Taiwan Province of",2002,"Cloves (whole stems), raw",245.0,0.0,0.0
"China, Taiwan Province of",2003,"Cloves (whole stems), raw",227.0,3.0,0.0
"China, Taiwan Province of",2006,"Cloves (whole stems), raw",199.0,9.0,0.0
"China, Taiwan Province of",2007,"Cloves (whole stems), raw",203.0,9.0,0.0
"China, Taiwan Province of",2008,"Cloves (whole stems), raw",163.0,7.0,0.0
"China, Taiwan Province of",2009,"Cloves (whole stems), raw",208.0,22.0,0.0
"China, Taiwan Province of",2010,"Cloves (whole stems), raw",258.0,11.0,0.0
"China, Taiwan Province of",2011,"Cloves (whole stems), raw",149.0,23.0,0.0
"China, Taiwan Province of",2012,"Cloves (whole stems), raw",153.0,16.0,0.0
"China, Taiwan Province of",2013,"Cloves (whole stems), raw",190.0,14.0,0.0
"China, Taiwan Province of",2014,"Cloves (whole stems), raw",177.11,0.12,0.0
"China, Taiwan Province of",2015,"Cloves (whole stems), raw",197.42,0.5,0.0
"China, Taiwan Province of",2016,"Cloves (whole stems), raw",220.1,0.03,0.0
"China, Taiwan Province of",2017,"Cloves (whole stems), raw",237.38,0.09,0.0
"China, Taiwan Province of",2018,"Cloves (whole stems), raw",194.11,0.04,0.0
"China, Taiwan Province of",2019,"Cloves (whole stems), raw",207.13,0.0,0.0
"China, Taiwan Province of",2020,"Cloves (whole stems), raw",154.49,0.04,0.0
"China, Taiwan Province of",2021,"Cloves (whole stems), raw",194.41,0.01,0.0
"China, Taiwan Province of",2022,"Cloves (whole stems), raw",119.58,0.03,0.0
"China, Taiwan Province of",2023,"Cloves (whole stems), raw",151.38,0.0,0.0
Colombia,1993,"Cloves (whole stems), raw",81.0,0.0,0.0
Colombia,1994,"Cloves (whole stems), raw",38.0,0.0,0.0
Colombia,1996,"Cloves (whole stems), raw",168.0,0.0,0.0
Colombia,1997,"Cloves (whole stems), raw",284.0,0.0,0.0
Colombia,1998,"Cloves (whole stems), raw",167.0,0.0,0.0
Colombia,1999,"Cloves (whole stems), raw",0.0,0.0,0.0
Colombia,2000,"Cloves (whole stems), raw",82.83,0.0,0.0
Colombia,2001,"Cloves (whole stems), raw",77.0,0.0,0.0
Colombia,2003,"Cloves (whole stems), raw",131.0,0.0,0.0
Colombia,2004,"Cloves (whole stems), raw",99.0,0.0,0.0
Colombia,2005,"Cloves (whole stems), raw",73.0,0.0,0.0
Colombia,2006,"Cloves (whole stems), raw",114.0,0.0,0.0
Colombia,2007,"Cloves (whole stems), raw",136.0,0.0,0.0
Colombia,2008,"Cloves (whole stems), raw",68.0,0.0,0.0
Colombia,2009,"Cloves (whole stems), raw",130.0,0.0,0.0
Colombia,2010,"Cloves (whole stems), raw",92.0,0.0,0.0
Colombia,2011,"Cloves (whole stems), raw",82.0,0.0,0.0
Colombia,2012,"Cloves (whole stems), raw",179.0,0.0,0.0
Colombia,2013,"Cloves (whole stems), raw",147.0,0.0,0.0
Colombia,2014,"Cloves (whole stems), raw",81.33,0.0,0.0
Colombia,2015,"Cloves (whole stems), raw",102.17,0.0,0.0
Colombia,2016,"Cloves (whole stems), raw",101.05,0.0,0.0
Colombia,2017,"Cloves (whole stems), raw",92.21,0.0,0.0
Colombia,2018,"Cloves (whole stems), raw",124.41,0.0,0.0
Colombia,2019,"Cloves (whole stems), raw",157.6,0.0,0.0
Colombia,2020,"Cloves (whole stems), raw",216.88,0.0,0.0
Colombia,2021,"Cloves (whole stems), raw",106.67,0.02,0.0
Colombia,2023,"Cloves (whole stems), raw",163.61,0.07,0.0
Comoros,2019,"Cloves (whole stems), raw",0.22,3553.7,6941.0
Comoros,2022,"Cloves (whole stems), raw",28.8,5291.85,7392.82
Comoros,2023,"Cloves (whole stems), raw",51.51,8991.61,7662.74
Congo,2009,"Cloves (whole stems), raw",0.0,0.0,0.0
Congo,2010,"Cloves (whole stems), raw",0.0,0.0,0.0
Congo,2011,"Cloves (whole stems), raw",0.0,0.0,0.0
Congo,2012,"Cloves (whole stems), raw",0.0,0.0,0.0
Congo,2013,"Cloves (whole stems), raw",1.0,0.0,0.0
Congo,2014,"Cloves (whole stems), raw",0.2,0.0,0.0
Congo,2015,"Cloves (whole stems), raw",0.35,0.0,0.0
Congo,2016,"Cloves (whole stems), raw",0.47,0.0,0.0
Congo,2017,"Cloves (whole stems), raw",0.15,0.0,0.0
Congo,2018,"Cloves (whole stems), raw",0.25,0.0,0.0
Congo,2019,"Cloves (whole stems), raw",0.65,0.0,0.0
Congo,2020,"Cloves (whole stems), raw",0.33,0.0,0.0
Congo,2021,"Cloves (whole stems), raw",3.12,0.0,0.0
Congo,2022,"Cloves (whole stems), raw",4.27,0.0,0.0
Cook Islands,2014,"Cloves (whole stems), raw",0.05,0.0,0.0
Cook Islands,2015,"Cloves (whole stems), raw",0.03,0.0,0.0
Cook Islands,2016,"Cloves (whole stems), raw",0.06,0.0,0.0
Cook Islands,2017,"Cloves (whole stems), raw",0.03,0.0,0.0
Cook Islands,2018,"Cloves (whole stems), raw",0.04,0.0,0.0
Cook Islands,2019,"Cloves (whole stems), raw",0.07,0.0,0.0
Cook Islands,2020,"Cloves (whole stems), raw",0.06,0.0,0.0
Cook Islands,2021,"Cloves (whole stems), raw",0.05,0.0,0.0
Cook Islands,2022,"Cloves (whole stems), raw",0.13,0.0,0.0
Cook Islands,2023,"Cloves (whole stems), raw",0.11,0.0,0.0
Costa Rica,1993,"Cloves (whole stems), raw",4.0,4.0,0.0
Costa Rica,1994,"Cloves (whole stems), raw",13.0,0.0,0.0
Costa Rica,1995,"Cloves (whole stems), raw",8.0,4.0,0.0
Costa Rica,1996,"Cloves (whole stems), raw",2.0,0.0,0.0
Costa Rica,1997,"Cloves (whole stems), raw",19.0,0.0,0.0
Costa Rica,1998,"Cloves (whole stems), raw",13.0,0.0,0.0
Costa Rica,1999,"Cloves (whole stems), raw",8.13,0.11,0.0
Costa Rica,2000,"Cloves (whole stems), raw",21.21,0.09,0.0
Costa Rica,2001,"Cloves (whole stems), raw",9.0,0.0,0.0
Costa Rica,2002,"Cloves (whole stems), raw",28.0,1.0,0.0
Costa Rica,2003,"Cloves (whole stems), raw",32.0,1.0,0.0
Costa Rica,2004,"Cloves (whole stems), raw",17.0,1.0,0.0
Costa Rica,2005,"Cloves (whole stems), raw",22.0,0.0,0.0
Costa Rica,2007,"Cloves (whole stems), raw",21.0,2.0,0.0
Costa Rica,2008,"Cloves (whole stems), raw",13.0,0.0,0.0
Costa Rica,2009,"Cloves (whole stems), raw",15.0,0.0,0.0
Costa Rica,2010,"Cloves (whole stems), raw",23.0,1.0,0.0
Costa Rica,2011,"Cloves (whole stems), raw",13.0,1.0,0.0
Costa Rica,2012,"Cloves (whole stems), raw",12.0,0.0,0.0
Costa Rica,2013,"Cloves (whole stems), raw",9.0,0.0,0.0
Costa Rica,2014,"Cloves (whole stems), raw",18.7,0.35,0.0
Costa Rica,2015,"Cloves (whole stems), raw",17.75,0.16,0.0
Costa Rica,2016,"Cloves (whole stems), raw",28.64,0.52,0.0
Costa Rica,2017,"Cloves (whole stems), raw",46.19,1.42,0.0
Costa Rica,2018,"Cloves (whole stems), raw",29.93,2.79,0.0
Costa Rica,2019,"Cloves (whole stems), raw",24.24,1.38,0.0
Costa Rica,2020,"Cloves (whole stems), raw",56.47,2.18,0.0
Costa Rica,2021,"Cloves (whole stems), raw",20.33,0.26,0.0
Costa Rica,2022,"Cloves (whole stems), raw",26.72,0.13,0.0
Costa Rica,2023,"Cloves (whole stems), raw",25.47,0.61,0.0
Côte d'Ivoire,1997,"Cloves (whole stems), raw",13.78,0.0,0.0
Côte d'Ivoire,1998,"Cloves (whole stems), raw",10.81,0.0,0.0
Côte d'Ivoire,2000,"Cloves (whole stems), raw",11.06,0.0,0.0
Côte d'Ivoire,2001,"Cloves (whole stems), raw",4.0,0.0,0.0
Côte d'Ivoire,2002,"Cloves (whole stems), raw",16.0,0.0,0.0
Côte d'Ivoire,2003,"Cloves (whole stems), raw",9.0,0.0,0.0
Côte d'Ivoire,2004,"Cloves (whole stems), raw",9.0,0.0,0.0
Côte d'Ivoire,2005,"Cloves (whole stems), raw",13.0,0.0,0.0
Côte d'Ivoire,2006,"Cloves (whole stems), raw",22.0,0.0,0.0
Côte d'Ivoire,2007,"Cloves (whole stems), raw",10.0,0.0,0.0
Côte d'Ivoire,2008,"Cloves (whole stems), raw",34.0,0.0,0.0
Côte d'Ivoire,2009,"Cloves (whole stems), raw",26.0,0.0,0.0
Côte d'Ivoire,2010,"Cloves (whole stems), raw",15.0,0.0,0.0
Côte d'Ivoire,2012,"Cloves (whole stems), raw",2.0,0.0,0.0
Côte d'Ivoire,2013,"Cloves (whole stems), raw",8.0,1.0,0.0
Côte d'Ivoire,2014,"Cloves (whole stems), raw",5.26,0.0,0.0
Côte d'Ivoire,2015,"Cloves (whole stems), raw",17.35,0.0,0.0
Côte d'Ivoire,2016,"Cloves (whole stems), raw",9.37,0.0,0.0
Côte d'Ivoire,2017,"Cloves (whole stems), raw",12.38,0.0,0.0
Côte d'Ivoire,2019,"Cloves (whole stems), raw",1.82,0.12,0.0
Côte d'Ivoire,2020,"Cloves (whole stems), raw",8.36,0.03,0.0
Côte d'Ivoire,2021,"Cloves (whole stems), raw",4.72,0.02,0.0
Côte d'Ivoire,2022,"Cloves (whole stems), raw",5.96,0.25,0.0
Côte d'Ivoire,2023,"Cloves (whole stems), raw",7.06,0.76,0.0
Croatia,1993,"Cloves (whole stems), raw",1.0,0.0,0.0
Croatia,1994,"Cloves (whole stems), raw",6.0,0.0,0.0
Croatia,1995,"Cloves (whole stems), raw",3.0,0.0,0.0
Croatia,1997,"Cloves (whole stems), raw",3.0,1.0,0.0
Croatia,1998,"Cloves (whole stems), raw",1.0,0.0,0.0
Croatia,1999,"Cloves (whole stems), raw",5.0,0.0,0.0
Croatia,2000,"Cloves (whole stems), raw",4.0,0.0,0.0
Croatia,2001,"Cloves (whole stems), raw",4.0,1.0,0.0
Croatia,2002,"Cloves (whole stems), raw",4.0,2.0,0.0
Croatia,2003,"Cloves (whole stems), raw",6.0,2.0,0.0
Croatia,2004,"Cloves (whole stems), raw",7.0,2.0,0.0
Croatia,2005,"Cloves (whole stems), raw",9.0,1.0,0.0
Croatia,2006,"Cloves (whole stems), raw",7.0,1.0,0.0
Croatia,2007,"Cloves (whole stems), raw",8.0,0.0,0.0
Croatia,2008,"Cloves (whole stems), raw",7.0,0.0,0.0
Croatia,2009,"Cloves (whole stems), raw",5.0,1.0,0.0
Croatia,2010,"Cloves (whole stems), raw",7.0,1.0,0.0
Croatia,2011,"Cloves (whole stems), raw",6.0,1.0,0.0
Croatia,2012,"Cloves (whole stems), raw",6.0,1.0,0.0
Croatia,2013,"Cloves (whole stems), raw",6.0,2.0,0.0
Croatia,2014,"Cloves (whole stems), raw",6.02,1.01,0.0
Croatia,2015,"Cloves (whole stems), raw",7.41,2.28,0.0
Croatia,2016,"Cloves (whole stems), raw",7.9,1.02,0.0
Croatia,2017,"Cloves (whole stems), raw",11.62,5.14,0.0
Croatia,2018,"Cloves (whole stems), raw",10.65,5.17,0.0
Croatia,2019,"Cloves (whole stems), raw",10.36,5.62,0.0
Croatia,2020,"Cloves (whole stems), raw",9.68,4.51,0.0
Croatia,2021,"Cloves (whole stems), raw",14.25,4.42,0.0
Croatia,2022,"Cloves (whole stems), raw",12.07,3.79,0.0
Croatia,2023,"Cloves (whole stems), raw",14.85,4.16,0.0
Cuba,1999,"Cloves (whole stems), raw",1.0,0.0,0.0
Cuba,2000,"Cloves (whole stems), raw",2.0,0.0,0.0
Cuba,2001,"Cloves (whole stems), raw",2.0,0.0,0.0
Cuba,2002,"Cloves (whole stems), raw",6.0,0.0,0.0
Cuba,2004,"Cloves (whole stems), raw",5.0,0.0,0.0
Cuba,2005,"Cloves (whole stems), raw",7.0,0.0,0.0
Cuba,2006,"Cloves (whole stems), raw",3.0,0.0,0.0
Cuba,2007,"Cloves (whole stems), raw",6.0,0.0,0.0
Cuba,2008,"Cloves (whole stems), raw",0.0,0.0,0.0
Cuba,2009,"Cloves (whole stems), raw",0.0,0.0,0.0
Cuba,2010,"Cloves (whole stems), raw",0.0,0.0,0.0
Cuba,2011,"Cloves (whole stems), raw",0.0,0.0,0.0
Cuba,2012,"Cloves (whole stems), raw",0.0,0.0,0.0
Cuba,2013,"Cloves (whole stems), raw",0.0,0.0,0.0
Cuba,2014,"Cloves (whole stems), raw",6.34,0.0,0.0
Cuba,2015,"Cloves (whole stems), raw",5.91,0.0,0.0
Cuba,2016,"Cloves (whole stems), raw",9.91,0.0,0.0
Cuba,2017,"Cloves (whole stems), raw",5.51,0.0,0.0
Cuba,2019,"Cloves (whole stems), raw",0.58,0.0,0.0
Cuba,2020,"Cloves (whole stems), raw",4.34,0.0,0.0
Cuba,2021,"Cloves (whole stems), raw",2.28,0.0,0.0
Cuba,2022,"Cloves (whole stems), raw",0.66,0.0,0.0
Cuba,2023,"Cloves (whole stems), raw",2.48,0.0,0.0
Cyprus,1994,"Cloves (whole stems), raw",4.0,0.0,0.0
Cyprus,1995,"Cloves (whole stems), raw",4.0,0.0,0.0
Cyprus,1996,"Cloves (whole stems), raw",5.0,0.0,0.0
Cyprus,1997,"Cloves (whole stems), raw",5.0,0.0,0.0
Cyprus,1998,"Cloves (whole stems), raw",2.0,0.0,0.0
Cyprus,1999,"Cloves (whole stems), raw",5.0,0.0,0.0
Cyprus,2000,"Cloves (whole stems), raw",1.49,0.0,0.0
Cyprus,2001,"Cloves (whole stems), raw",4.0,0.0,0.0
Cyprus,2002,"Cloves (whole stems), raw",8.0,0.0,0.0
Cyprus,2004,"Cloves (whole stems), raw",6.0,0.0,0.0
Cyprus,2005,"Cloves (whole stems), raw",6.0,0.0,0.0
Cyprus,2006,"Cloves (whole stems), raw",3.0,0.0,0.0
Cyprus,2007,"Cloves (whole stems), raw",6.0,0.0,0.0
Cyprus,2008,"Cloves (whole stems), raw",2.0,0.0,0.0
Cyprus,2009,"Cloves (whole stems), raw",4.0,0.0,0.0
Cyprus,2010,"Cloves (whole stems), raw",1.0,0.0,0.0
Cyprus,2011,"Cloves (whole stems), raw",6.0,0.0,0.0
Cyprus,2012,"Cloves (whole stems), raw",2.0,0.0,0.0
Cyprus,2013,"Cloves (whole stems), raw",7.0,0.0,0.0
Cyprus,2014,"Cloves (whole stems), raw",4.89,0.2,0.0
Cyprus,2015,"Cloves (whole stems), raw",4.76,0.3,0.0
Cyprus,2017,"Cloves (whole stems), raw",5.46,0.2,0.0
Cyprus,2018,"Cloves (whole stems), raw",8.02,0.11,0.0
Cyprus,2019,"Cloves (whole stems), raw",6.28,0.19,0.0
Cyprus,2020,"Cloves (whole stems), raw",9.48,0.21,0.0
Cyprus,2021,"Cloves (whole stems), raw",6.35,0.0,0.0
Cyprus,2022,"Cloves (whole stems), raw",6.99,0.0,0.0
Cyprus,2023,"Cloves (whole stems), raw",11.93,0.06,0.0
Czechia,1993,"Cloves (whole stems), raw",37.0,11.0,0.0
Czechia,1994,"Cloves (whole stems), raw",58.0,15.0,0.0
Czechia,1995,"Cloves (whole stems), raw",58.0,9.0,0.0
Czechia,1996,"Cloves (whole stems), raw",51.0,8.0,0.0
Czechia,1997,"Cloves (whole stems), raw",39.0,5.0,0.0
Czechia,1998,"Cloves (whole stems), raw",32.0,3.0,0.0
Czechia,1999,"Cloves (whole stems), raw",52.0,5.0,0.0
Czechia,2001,"Cloves (whole stems), raw",17.0,4.0,0.0
Czechia,2002,"Cloves (whole stems), raw",63.0,4.0,0.0
Czechia,2003,"Cloves (whole stems), raw",32.0,4.0,0.0
Czechia,2004,"Cloves (whole stems), raw",45.0,4.0,0.0
Czechia,2005,"Cloves (whole stems), raw",44.0,6.0,0.0
Czechia,2006,"Cloves (whole stems), raw",50.0,4.0,0.0
Czechia,2008,"Cloves (whole stems), raw",42.0,6.0,0.0
Czechia,2009,"Cloves (whole stems), raw",40.0,4.0,0.0
Czechia,2010,"Cloves (whole stems), raw",43.0,9.0,0.0
Czechia,2011,"Cloves (whole stems), raw",34.0,10.0,0.0
Czechia,2012,"Cloves (whole stems), raw",39.0,5.0,0.0
Czechia,2013,"Cloves (whole stems), raw",44.0,4.0,0.0
Czechia,2014,"Cloves (whole stems), raw",36.49,5.29,0.0
Czechia,2015,"Cloves (whole stems), raw",43.52,4.03,0.0
Czechia,2016,"Cloves (whole stems), raw",44.53,4.0,0.0
Czechia,2017,"Cloves (whole stems), raw",39.33,3.48,0.0
Czechia,2018,"Cloves (whole stems), raw",57.91,3.49,0.0
Czechia,2019,"Cloves (whole stems), raw",46.93,5.28,0.0
Czechia,2020,"Cloves (whole stems), raw",50.77,5.96,0.0
Czechia,2021,"Cloves (whole stems), raw",58.47,5.75,0.0
Czechia,2023,"Cloves (whole stems), raw",55.56,5.78,0.0
Democratic People's Republic of Korea,2016,"Cloves (whole stems), raw",0.6,0.0,0.0
Democratic People's Republic of Korea,2017,"Cloves (whole stems), raw",0.32,0.0,0.0
Democratic Republic of the Congo,1993,"Cloves (whole stems), raw",0.0,0.0,0.0
Democratic Republic of the Congo,1994,"Cloves (whole stems), raw",0.0,0.0,0.0
Democratic Republic of the Congo,1995,"Cloves (whole stems), raw",3.0,0.0,0.0
Democratic Republic of the Congo,1996,"Cloves (whole stems), raw",0.0,0.0,0.0
Democratic Republic of the Congo,1997,"Cloves (whole stems), raw",0.0,0.0,0.0
Democratic Republic of the Congo,1998,"Cloves (whole stems), raw",2.0,0.0,0.0
Democratic Republic of the Congo,1999,"Cloves (whole stems), raw",0.0,0.0,0.0
Democratic Republic of the Congo,2000,"Cloves (whole stems), raw",0.0,0.0,0.0
Democratic Republic of the Congo,2001,"Cloves (whole stems), raw",0.0,0.0,0.0
Democratic Republic of the Congo,2002,"Cloves (whole stems), raw",0.0,0.0,0.0
Democratic Republic of the Congo,2003,"Cloves (whole stems), raw",1.0,0.0,0.0
Democratic Republic of the Congo,2004,"Cloves (whole stems), raw",0.0,0.0,0.0
Democratic Republic of the Congo,2005,"Cloves (whole stems), raw",0.0,0.0,0.0
Democratic Republic of the Congo,2006,"Cloves (whole stems), raw",4.0,0.0,0.0
Democratic Republic of the Congo,2007,"Cloves (whole stems), raw",3.0,0.0,0.0
Democratic Republic of the Congo,2008,"Cloves (whole stems), raw",3.0,0.0,0.0
Democratic Republic of the Congo,2009,"Cloves (whole stems), raw",3.0,0.0,0.0
Democratic Republic of the Congo,2010,"Cloves (whole stems), raw",0.0,0.0,0.0
Democratic Republic of the Congo,2011,"Cloves (whole stems), raw",1.0,0.0,0.0
Democratic Republic of the Congo,2012,"Cloves (whole stems), raw",1.0,0.0,0.0
Democratic Republic of the Congo,2013,"Cloves (whole stems), raw",1.0,0.0,0.0
Democratic Republic of the Congo,2014,"Cloves (whole stems), raw",0.62,0.0,0.0
Democratic Republic of the Congo,2015,"Cloves (whole stems), raw",1.36,0.0,0.0
Democratic Republic of the Congo,2016,"Cloves (whole stems), raw",3.25,0.0,0.0
Democratic Republic of the Congo,2017,"Cloves (whole stems), raw",0.39,0.0,0.0
Democratic Republic of the Congo,2019,"Cloves (whole stems), raw",3.53,0.0,0.0
Democratic Republic of the Congo,2020,"Cloves (whole stems), raw",1.64,0.0,0.0
Democratic Republic of the Congo,2021,"Cloves (whole stems), raw",1.52,0.0,0.0
Democratic Republic of the Congo,2022,"Cloves (whole stems), raw",6.41,0.0,0.0
Democratic Republic of the Congo,2023,"Cloves (whole stems), raw",10.14,0.0,0.0
Denmark,1994,"Cloves (whole stems), raw",43.0,0.0,0.0
Denmark,1995,"Cloves (whole stems), raw",52.0,0.0,0.0
Denmark,1996,"Cloves (whole stems), raw",44.0,0.0,0.0
Denmark,1998,"Cloves (whole stems), raw",28.0,1.0,0.0
Denmark,1999,"Cloves (whole stems), raw",56.0,0.0,0.0
Denmark,2000,"Cloves (whole stems), raw",32.0,2.0,0.0
Denmark,2001,"Cloves (whole stems), raw",40.0,3.0,0.0
Denmark,2002,"Cloves (whole stems), raw",68.0,6.0,0.0
Denmark,2003,"Cloves (whole stems), raw",44.0,6.0,0.0
Denmark,2004,"Cloves (whole stems), raw",64.0,4.0,0.0
Denmark,2005,"Cloves (whole stems), raw",44.0,3.0,0.0
Denmark,2006,"Cloves (whole stems), raw",42.0,3.0,0.0
Denmark,2008,"Cloves (whole stems), raw",41.0,3.0,0.0
Denmark,2009,"Cloves (whole stems), raw",37.0,5.0,0.0
Denmark,2010,"Cloves (whole stems), raw",39.0,1.0,0.0
Denmark,2011,"Cloves (whole stems), raw",32.0,1.0,0.0
Denmark,2012,"Cloves (whole stems), raw",33.0,4.0,0.0
Denmark,2013,"Cloves (whole stems), raw",40.0,1.0,0.0
Denmark,2014,"Cloves (whole stems), raw",74.97,3.6,0.0
Denmark,2015,"Cloves (whole stems), raw",32.71,5.73,0.0
Denmark,2016,"Cloves (whole stems), raw",67.86,3.09,0.0
Denmark,2017,"Cloves (whole stems), raw",66.39,2.84,0.0
Denmark,2018,"Cloves (whole stems), raw",44.49,7.06,0.0
Denmark,2019,"Cloves (whole stems), raw",46.56,1.87,0.0
Denmark,2020,"Cloves (whole stems), raw",28.28,0.94,0.0
Denmark,2021,"Cloves (whole stems), raw",45.54,3.04,0.0
Denmark,2022,"Cloves (whole stems), raw",36.14,1.81,0.0
Denmark,2023,"Cloves (whole stems), raw",32.69,2.05,0.0
Djibouti,1993,"Cloves (whole stems), raw",136.0,0.0,0.0
Djibouti,1994,"Cloves (whole stems), raw",136.0,0.0,0.0
Djibouti,1995,"Cloves (whole stems), raw",136.0,0.0,0.0
Djibouti,1996,"Cloves (whole stems), raw",136.0,0.0,0.0
Djibouti,1997,"Cloves (whole stems), raw",136.0,0.0,0.0
Djibouti,1999,"Cloves (whole stems), raw",119.0,0.0,0.0
Djibouti,2000,"Cloves (whole stems), raw",0.0,1.0,0.0
Djibouti,2001,"Cloves (whole stems), raw",0.0,0.0,0.0
Djibouti,2002,"Cloves (whole stems), raw",11.0,0.0,0.0
Djibouti,2004,"Cloves (whole stems), raw",11.0,5.0,0.0
Djibouti,2005,"Cloves (whole stems), raw",1.0,1.0,0.0
Djibouti,2006,"Cloves (whole stems), raw",0.0,0.0,0.0
Djibouti,2007,"Cloves (whole stems), raw",0.0,0.0,0.0
Djibouti,2008,"Cloves (whole stems), raw",2.0,0.0,0.0
Djibouti,2009,"Cloves (whole stems), raw",2.0,0.0,0.0
Djibouti,2010,"Cloves (whole stems), raw",2.0,0.0,0.0
Djibouti,2011,"Cloves (whole stems), raw",2.0,0.0,0.0
Djibouti,2012,"Cloves (whole stems), raw",2.0,0.0,0.0
Djibouti,2013,"Cloves (whole stems), raw",2.0,0.0,0.0
Djibouti,2014,"Cloves (whole stems), raw",33.04,0.0,0.0
Djibouti,2015,"Cloves (whole stems), raw",2.05,0.0,0.0
Djibouti,2016,"Cloves (whole stems), raw",26.0,0.0,0.0
Djibouti,2017,"Cloves (whole stems), raw",10.0,0.0,0.0
Djibouti,2018,"Cloves (whole stems), raw",11.6,0.0,0.0
Djibouti,2019,"Cloves (whole stems), raw",5.09,0.0,0.0
Djibouti,2020,"Cloves (whole stems), raw",377.69,0.0,0.0
Djibouti,2021,"Cloves (whole stems), raw",333.9,293.03,0.0
Djibouti,2022,"Cloves (whole stems), raw",246.96,207.71,0.0
Djibouti,2023,"Cloves (whole stems), raw",252.41,156.08,0.0
Dominica,1996,"Cloves (whole stems), raw",1.0,0.0,0.0
Dominica,1997,"Cloves (whole stems), raw",1.0,0.0,0.0
Dominica,1998,"Cloves (whole stems), raw",1.0,0.0,0.0
Dominica,1999,"Cloves (whole stems), raw",1.0,0.0,0.0
Dominica,2000,"Cloves (whole stems), raw",0.0,0.0,0.0
Dominica,2001,"Cloves (whole stems), raw",0.0,0.0,0.0
Dominica,2002,"Cloves (whole stems), raw",0.0,0.0,0.0
Dominica,2003,"Cloves (whole stems), raw",1.0,0.0,0.0
Dominica,2005,"Cloves (whole stems), raw",1.0,0.0,0.0
Dominica,2006,"Cloves (whole stems), raw",1.0,0.0,0.0
Dominica,2007,"Cloves (whole stems), raw",1.0,0.0,0.0
Dominica,2008,"Cloves (whole stems), raw",1.0,0.0,0.0
Dominica,2009,"Cloves (whole stems), raw",1.0,0.0,0.0
Dominica,2010,"Cloves (whole stems), raw",1.0,0.0,0.0
Dominica,2011,"Cloves (whole stems), raw",1.0,0.0,0.0
Dominica,2012,"Cloves (whole stems), raw",3.0,0.0,0.0
Dominica,2017,"Cloves (whole stems), raw",0.01,0.17,0.0
Dominica,2018,"Cloves (whole stems), raw",0.12,0.15,0.0
Dominica,2022,"Cloves (whole stems), raw",0.85,0.15,0.0
Dominica,2023,"Cloves (whole stems), raw",0.61,0.24,0.0
Dominican Republic,1993,"Cloves (whole stems), raw",20.0,0.0,0.0
Dominican Republic,1994,"Cloves (whole stems), raw",130.0,0.0,0.0
Dominican Republic,1995,"Cloves (whole stems), raw",90.0,0.0,0.0
Dominican Republic,1996,"Cloves (whole stems), raw",60.0,0.0,0.0
Dominican Republic,1997,"Cloves (whole stems), raw",0.0,0.0,0.0
Dominican Republic,1998,"Cloves (whole stems), raw",0.0,0.0,0.0
Dominican Republic,1999,"Cloves (whole stems), raw",0.0,0.0,0.0
Dominican Republic,2000,"Cloves (whole stems), raw",0.0,0.0,0.0
Dominican Republic,2001,"Cloves (whole stems), raw",0.0,0.0,0.0
Dominican Republic,2002,"Cloves (whole stems), raw",110.0,0.0,0.0
Dominican Republic,2003,"Cloves (whole stems), raw",60.0,0.0,0.0
Dominican Republic,2004,"Cloves (whole stems), raw",92.0,0.0,0.0
Dominican Republic,2005,"Cloves (whole stems), raw",64.0,0.0,0.0
Dominican Republic,2006,"Cloves (whole stems), raw",105.0,0.0,0.0
Dominican Republic,2007,"Cloves (whole stems), raw",162.0,0.0,0.0
Dominican Republic,2008,"Cloves (whole stems), raw",224.0,0.0,0.0
Dominican Republic,2009,"Cloves (whole stems), raw",268.0,0.0,0.0
Dominican Republic,2010,"Cloves (whole stems), raw",331.0,0.0,0.0
Dominican Republic,2011,"Cloves (whole stems), raw",173.0,0.0,0.0
Dominican Republic,2013,"Cloves (whole stems), raw",57.0,0.0,0.0
Dominican Republic,2014,"Cloves (whole stems), raw",275.49,3.58,0.0
Dominican Republic,2015,"Cloves (whole stems), raw",353.17,7.1,0.0
Dominican Republic,2016,"Cloves (whole stems), raw",285.59,6.06,0.0
Dominican Republic,2017,"Cloves (whole stems), raw",326.71,19.36,0.0
Dominican Republic,2018,"Cloves (whole stems), raw",330.9,62.33,0.0
Dominican Republic,2019,"Cloves (whole stems), raw",481.2,31.07,0.0
Dominican Republic,2020,"Cloves (whole stems), raw",510.3,153.49,0.0
Dominican Republic,2021,"Cloves (whole stems), raw",376.15,127.32,0.0
Dominican Republic,2022,"Cloves (whole stems), raw",522.25,40.93,0.0
Dominican Republic,2023,"Cloves (whole stems), raw",515.21,114.18,0.0
Ecuador,1993,"Cloves (whole stems), raw",72.0,0.0,0.0
Ecuador,1994,"Cloves (whole stems), raw",87.0,0.0,0.0
Ecuador,1995,"Cloves (whole stems), raw",12.0,0.0,0.0
Ecuador,1996,"Cloves (whole stems), raw",24.0,0.0,0.0
Ecuador,1997,"Cloves (whole stems), raw",36.0,0.0,0.0
Ecuador,1998,"Cloves (whole stems), raw",50.0,0.0,0.0
Ecuador,1999,"Cloves (whole stems), raw",9.0,0.0,0.0
Ecuador,2000,"Cloves (whole stems), raw",52.42,0.0,0.0
Ecuador,2001,"Cloves (whole stems), raw",24.0,0.0,0.0
Ecuador,2002,"Cloves (whole stems), raw",71.0,4.0,0.0
Ecuador,2003,"Cloves (whole stems), raw",72.0,16.0,0.0
Ecuador,2004,"Cloves (whole stems), raw",47.0,14.0,0.0
Ecuador,2005,"Cloves (whole stems), raw",78.0,8.0,0.0
Ecuador,2006,"Cloves (whole stems), raw",49.0,6.0,0.0
Ecuador,2007,"Cloves (whole stems), raw",106.0,14.0,0.0
Ecuador,2008,"Cloves (whole stems), raw",58.0,0.0,0.0
Ecuador,2009,"Cloves (whole stems), raw",58.0,16.0,0.0
Ecuador,2010,"Cloves (whole stems), raw",73.0,0.0,0.0
Ecuador,2011,"Cloves (whole stems), raw",44.0,2.0,0.0
Ecuador,2012,"Cloves (whole stems), raw",46.0,3.0,0.0
Ecuador,2013,"Cloves (whole stems), raw",72.0,1.0,0.0
Ecuador,2014,"Cloves (whole stems), raw",47.2,0.01,0.0
Ecuador,2015,"Cloves (whole stems), raw",71.96,0.01,0.0
Ecuador,2016,"Cloves (whole stems), raw",46.19,0.0,0.0
Ecuador,2017,"Cloves (whole stems), raw",55.05,0.0,0.0
Ecuador,2018,"Cloves (whole stems), raw",113.77,0.03,0.0
Ecuador,2019,"Cloves (whole stems), raw",70.13,0.0,0.0
Ecuador,2020,"Cloves (whole stems), raw",128.98,0.01,0.0
Ecuador,2022,"Cloves (whole stems), raw",121.01,0.02,0.0
Ecuador,2023,"Cloves (whole stems), raw",40.8,0.0,0.0
Egypt,1995,"Cloves (whole stems), raw",86.0,0.0,0.0
Egypt,1996,"Cloves (whole stems), raw",163.0,0.0,0.0
Egypt,1997,"Cloves (whole stems), raw",23.0,0.0,0.0
Egypt,1998,"Cloves (whole stems), raw",185.0,0.0,0.0
Egypt,2000,"Cloves (whole stems), raw",20.36,0.0,0.0
Egypt,2001,"Cloves (whole stems), raw",207.0,0.0,0.0
Egypt,2002,"Cloves (whole stems), raw",88.0,0.0,0.0
Egypt,2003,"Cloves (whole stems), raw",318.0,0.0,0.0
Egypt,2004,"Cloves (whole stems), raw",266.0,0.0,0.0
Egypt,2005,"Cloves (whole stems), raw",354.0,0.0,0.0
Egypt,2006,"Cloves (whole stems), raw",689.0,1.0,0.0
Egypt,2007,"Cloves (whole stems), raw",317.0,14.0,0.0
Egypt,2008,"Cloves (whole stems), raw",676.0,17.0,0.0
Egypt,2009,"Cloves (whole stems), raw",425.0,2.0,0.0
Egypt,2010,"Cloves (whole stems), raw",814.0,2.0,0.0
Egypt,2012,"Cloves (whole stems), raw",256.0,8.0,0.0
Egypt,2014,"Cloves (whole stems), raw",824.5,0.5,0.0
Egypt,2015,"Cloves (whole stems), raw",838.87,1.4,0.0
Egypt,2016,"Cloves (whole stems), raw",576.82,5.13,0.0
Egypt,2017,"Cloves (whole stems), raw",1054.98,2.68,0.0
Egypt,2018,"Cloves (whole stems), raw",833.22,12.95,0.0
Egypt,2019,"Cloves (whole stems), raw",629.09,18.0,0.0
Egypt,2021,"Cloves (whole stems), raw",875.8,305.51,0.0
Egypt,2022,"Cloves (whole stems), raw",979.1,48.86,0.0
Egypt,2023,"Cloves (whole stems), raw",590.58,315.76,0.0
El Salvador,1993,"Cloves (whole stems), raw",0.0,1.0,0.0
El Salvador,1995,"Cloves (whole stems), raw",0.0,1.0,0.0
El Salvador,1996,"Cloves (whole stems), raw",0.0,1.0,0.0
El Salvador,1997,"Cloves (whole stems), raw",30.0,1.0,0.0
El Salvador,1998,"Cloves (whole stems), raw",3.0,1.0,0.0
El Salvador,1999,"Cloves (whole stems), raw",19.0,1.0,0.0
El Salvador,2000,"Cloves (whole stems), raw",100.4,39.08,0.0
El Salvador,2002,"Cloves (whole stems), raw",10.0,40.0,0.0
El Salvador,2003,"Cloves (whole stems), raw",1.0,0.0,0.0
El Salvador,2004,"Cloves (whole stems), raw",1.0,0.0,0.0
El Salvador,2005,"Cloves (whole stems), raw",7.0,0.0,0.0
El Salvador,2006,"Cloves (whole stems), raw",3.0,1.0,0.0
El Salvador,2007,"Cloves (whole stems), raw",4.0,1.0,0.0
El Salvador,2008,"Cloves (whole stems), raw",3.0,1.0,0.0
El Salvador,2009,"Cloves (whole stems), raw",4.0,1.0,0.0
El Salvador,2011,"Cloves (whole stems), raw",4.0,1.0,0.0
El Salvador,2013,"Cloves (whole stems), raw",4.0,0.0,0.0
El Salvador,2014,"Cloves (whole stems), raw",3.95,0.37,0.0
El Salvador,2015,"Cloves (whole stems), raw",6.94,0.53,0.0
El Salvador,2016,"Cloves (whole stems), raw",5.41,0.23,0.0
El Salvador,2017,"Cloves (whole stems), raw",8.47,0.1,0.0
El Salvador,2018,"Cloves (whole stems), raw",9.16,0.08,0.0
El Salvador,2019,"Cloves (whole stems), raw",9.42,0.12,0.0
El Salvador,2020,"Cloves (whole stems), raw",7.02,0.22,0.0
El Salvador,2021,"Cloves (whole stems), raw",20.73,0.27,0.0
El Salvador,2022,"Cloves (whole stems), raw",15.24,0.14,0.0
El Salvador,2023,"Cloves (whole stems), raw",22.83,0.11,0.0
Equatorial Guinea,2014,"Cloves (whole stems), raw",0.07,0.0,0.0
Equatorial Guinea,2015,"Cloves (whole stems), raw",0.15,0.0,0.0
Equatorial Guinea,2016,"Cloves (whole stems), raw",0.0,0.0,0.0
Equatorial Guinea,2017,"Cloves (whole stems), raw",0.02,0.0,0.0
Equatorial Guinea,2018,"Cloves (whole stems), raw",0.0,0.0,0.0
Equatorial Guinea,2019,"Cloves (whole stems), raw",0.02,0.0,0.0
Equatorial Guinea,2020,"Cloves (whole stems), raw",0.04,0.0,0.0
Equatorial Guinea,2021,"Cloves (whole stems), raw",0.3,0.0,0.0
Equatorial Guinea,2023,"Cloves (whole stems), raw",0.32,0.03,0.0
Eritrea,2014,"Cloves (whole stems), raw",2.0,0.0,0.0
Eritrea,2015,"Cloves (whole stems), raw",10.05,0.0,0.0
Eritrea,2019,"Cloves (whole stems), raw",0.07,18.08,0.0
Eritrea,2021,"Cloves (whole stems), raw",0.02,0.0,0.0
Eritrea,2022,"Cloves (whole stems), raw",1.67,0.0,0.0
Estonia,1993,"Cloves (whole stems), raw",2.0,4.0,0.0
Estonia,1994,"Cloves (whole stems), raw",2.0,0.0,0.0
Estonia,1995,"Cloves (whole stems), raw",1.0,1.0,0.0
Estonia,1996,"Cloves (whole stems), raw",3.0,3.0,0.0
Estonia,1997,"Cloves (whole stems), raw",10.0,0.0,0.0
Estonia,1998,"Cloves (whole stems), raw",8.0,1.0,0.0
Estonia,1999,"Cloves (whole stems), raw",7.0,2.0,0.0
Estonia,2000,"Cloves (whole stems), raw",16.0,7.0,0.0
Estonia,2001,"Cloves (whole stems), raw",16.0,3.0,0.0
Estonia,2002,"Cloves (whole stems), raw",11.0,2.0,0.0
Estonia,2003,"Cloves (whole stems), raw",17.0,7.0,0.0
Estonia,2004,"Cloves (whole stems), raw",21.0,11.0,0.0
Estonia,2005,"Cloves (whole stems), raw",24.0,13.0,0.0
Estonia,2006,"Cloves (whole stems), raw",26.0,19.0,0.0
Estonia,2007,"Cloves (whole stems), raw",34.0,21.0,0.0
Estonia,2008,"Cloves (whole stems), raw",30.0,22.0,0.0
Estonia,2009,"Cloves (whole stems), raw",20.0,22.0,0.0
Estonia,2010,"Cloves (whole stems), raw",31.0,19.0,0.0
Estonia,2012,"Cloves (whole stems), raw",14.0,24.0,0.0
Estonia,2013,"Cloves (whole stems), raw",27.0,24.0,0.0
Estonia,2014,"Cloves (whole stems), raw",35.44,24.31,0.0
Estonia,2015,"Cloves (whole stems), raw",38.04,23.25,0.0
Estonia,2018,"Cloves (whole stems), raw",28.75,24.64,0.0
Estonia,2019,"Cloves (whole stems), raw",40.7,23.84,0.0
Estonia,2020,"Cloves (whole stems), raw",37.14,24.15,0.0
Estonia,2021,"Cloves (whole stems), raw",40.96,26.23,0.0
Estonia,2022,"Cloves (whole stems), raw",43.19,25.93,0.0
Eswatini,1997,"Cloves (whole stems), raw",1.0,0.0,0.0
Eswatini,1998,"Cloves (whole stems), raw",0.0,0.0,0.0
Eswatini,1999,"Cloves (whole stems), raw",0.0,0.0,0.0
Eswatini,2001,"Cloves (whole stems), raw",0.0,0.0,0.0
Eswatini,2002,"Cloves (whole stems), raw",0.0,0.0,0.0
Eswatini,2003,"Cloves (whole stems), raw",0.0,0.0,0.0
Eswatini,2004,"Cloves (whole stems), raw",0.0,0.0,0.0
Eswatini,2005,"Cloves (whole stems), raw",0.0,0.0,0.0
Eswatini,2006,"Cloves (whole stems), raw",0.0,0.0,0.0
Eswatini,2007,"Cloves (whole stems), raw",0.0,0.0,0.0
Eswatini,2008,"Cloves (whole stems), raw",0.0,0.0,0.0
Eswatini,2009,"Cloves (whole stems), raw",0.0,0.0,0.0
Eswatini,2010,"Cloves (whole stems), raw",0.0,0.0,0.0
Eswatini,2011,"Cloves (whole stems), raw",0.0,0.0,0.0
Eswatini,2012,"Cloves (whole stems), raw",0.0,0.0,0.0
Eswatini,2013,"Cloves (whole stems), raw",0.0,0.0,0.0
Eswatini,2014,"Cloves (whole stems), raw",0.05,0.0,0.0
Eswatini,2015,"Cloves (whole stems), raw",0.01,0.0,0.0
Eswatini,2016,"Cloves (whole stems), raw",0.26,0.0,0.0
Eswatini,2017,"Cloves (whole stems), raw",1.27,0.0,0.0
Eswatini,2018,"Cloves (whole stems), raw",0.45,0.0,0.0
Eswatini,2020,"Cloves (whole stems), raw",0.69,0.0,0.0
Eswatini,2021,"Cloves (whole stems), raw",1.69,0.0,0.0
Eswatini,2022,"Cloves (whole stems), raw",2.86,0.0,0.0
Eswatini,2023,"Cloves (whole stems), raw",3.11,0.0,0.0
Ethiopia,1993,"Cloves (whole stems), raw",1.0,0.0,0.0
Ethiopia,1994,"Cloves (whole stems), raw",37.0,0.0,0.0
Ethiopia,1995,"Cloves (whole stems), raw",245.0,0.0,0.0
Ethiopia,1996,"Cloves (whole stems), raw",245.0,0.0,0.0
Ethiopia,1997,"Cloves (whole stems), raw",170.0,0.0,0.0
Ethiopia,1999,"Cloves (whole stems), raw",172.0,0.0,0.0
Ethiopia,2000,"Cloves (whole stems), raw",50.0,0.0,0.0
Ethiopia,2001,"Cloves (whole stems), raw",0.0,0.0,0.0
Ethiopia,2002,"Cloves (whole stems), raw",11.0,0.0,0.0
Ethiopia,2003,"Cloves (whole stems), raw",107.0,0.0,0.0
Ethiopia,2004,"Cloves (whole stems), raw",153.0,0.0,0.0
Ethiopia,2005,"Cloves (whole stems), raw",129.0,0.0,0.0
Ethiopia,2006,"Cloves (whole stems), raw",168.0,0.0,0.0
Ethiopia,2008,"Cloves (whole stems), raw",383.0,0.0,0.0
Ethiopia,2009,"Cloves (whole stems), raw",316.0,0.0,0.0
Ethiopia,2010,"Cloves (whole stems), raw",330.0,0.0,0.0
Ethiopia,2011,"Cloves (whole stems), raw",269.0,0.0,0.0
Ethiopia,2012,"Cloves (whole stems), raw",344.0,0.0,0.0
Ethiopia,2013,"Cloves (whole stems), raw",138.0,0.0,0.0
Ethiopia,2014,"Cloves (whole stems), raw",223.28,0.3,0.0
Ethiopia,2015,"Cloves (whole stems), raw",237.82,0.35,0.0
Ethiopia,2017,"Cloves (whole stems), raw",345.9,0.01,0.0
Ethiopia,2018,"Cloves (whole stems), raw",416.72,0.12,0.0
Ethiopia,2019,"Cloves (whole stems), raw",380.26,0.42,0.0
Ethiopia,2021,"Cloves (whole stems), raw",318.87,0.99,0.0
Ethiopia,2022,"Cloves (whole stems), raw",428.83,0.61,0.0
Ethiopia,2023,"Cloves (whole stems), raw",452.56,0.0,0.0
Faroe Islands,1993,"Cloves (whole stems), raw",1.0,0.0,0.0
Faroe Islands,1994,"Cloves (whole stems), raw",1.0,0.0,0.0
Faroe Islands,1995,"Cloves (whole stems), raw",0.0,0.0,0.0
Faroe Islands,1996,"Cloves (whole stems), raw",1.0,0.0,0.0
Faroe Islands,1997,"Cloves (whole stems), raw",0.0,0.0,0.0
Faroe Islands,1998,"Cloves (whole stems), raw",0.0,0.0,0.0
Faroe Islands,1999,"Cloves (whole stems), raw",0.0,0.0,0.0
Faroe Islands,2000,"Cloves (whole stems), raw",0.0,0.0,0.0
Faroe Islands,2001,"Cloves (whole stems), raw",0.0,0.0,0.0
Faroe Islands,2002,"Cloves (whole stems), raw",0.0,0.0,0.0
Faroe Islands,2003,"Cloves (whole stems), raw",0.0,0.0,0.0
Faroe Islands,2004,"Cloves (whole stems), raw",0.0,0.0,0.0
Faroe Islands,2005,"Cloves (whole stems), raw",0.0,0.0,0.0
Faroe Islands,2006,"Cloves (whole stems), raw",0.0,0.0,0.0
Faroe Islands,2007,"Cloves (whole stems), raw",1.0,0.0,0.0
Faroe Islands,2008,"Cloves (whole stems), raw",1.0,0.0,0.0
Faroe Islands,2009,"Cloves (whole stems), raw",0.0,0.0,0.0
Faroe Islands,2010,"Cloves (whole stems), raw",0.0,0.0,0.0
Faroe Islands,2011,"Cloves (whole stems), raw",0.0,0.0,0.0
Faroe Islands,2012,"Cloves (whole stems), raw",0.0,0.0,0.0
Faroe Islands,2013,"Cloves (whole stems), raw",0.0,0.0,0.0
Faroe Islands,2014,"Cloves (whole stems), raw",0.05,0.0,0.0
Faroe Islands,2016,"Cloves (whole stems), raw",0.07,0.0,0.0
Faroe Islands,2017,"Cloves (whole stems), raw",0.05,0.0,0.0
Faroe Islands,2018,"Cloves (whole stems), raw",0.11,0.0,0.0
Faroe Islands,2020,"Cloves (whole stems), raw",0.05,0.0,0.0
Faroe Islands,2021,"Cloves (whole stems), raw",0.05,0.0,0.0
Faroe Islands,2022,"Cloves (whole stems), raw",0.05,0.0,0.0
Faroe Islands,2023,"Cloves (whole stems), raw",0.05,0.0,0.0
Fiji,1993,"Cloves (whole stems), raw",15.0,0.0,0.0
Fiji,1994,"Cloves (whole stems), raw",13.0,0.0,0.0
Fiji,1995,"Cloves (whole stems), raw",13.0,0.0,0.0
Fiji,1996,"Cloves (whole stems), raw",20.0,0.0,0.0
Fiji,1997,"Cloves (whole stems), raw",10.0,0.0,0.0
Fiji,1998,"Cloves (whole stems), raw",30.0,0.0,0.0
Fiji,1999,"Cloves (whole stems), raw",20.0,0.0,0.0
Fiji,2000,"Cloves (whole stems), raw",20.0,0.0,0.0
Fiji,2001,"Cloves (whole stems), raw",37.0,0.0,0.0
Fiji,2002,"Cloves (whole stems), raw",13.0,0.0,0.0
Fiji,2003,"Cloves (whole stems), raw",15.0,0.0,0.0
Fiji,2004,"Cloves (whole stems), raw",17.0,0.0,0.0
Fiji,2005,"Cloves (whole stems), raw",9.0,0.0,0.0
Fiji,2006,"Cloves (whole stems), raw",19.0,0.0,0.0
Fiji,2007,"Cloves (whole stems), raw",14.0,0.0,0.0
Fiji,2008,"Cloves (whole stems), raw",16.0,0.0,0.0
Fiji,2009,"Cloves (whole stems), raw",12.0,0.0,0.0
Fiji,2010,"Cloves (whole stems), raw",13.0,0.0,0.0
Fiji,2011,"Cloves (whole stems), raw",11.0,0.0,0.0
Fiji,2012,"Cloves (whole stems), raw",13.0,0.0,0.0
Fiji,2013,"Cloves (whole stems), raw",26.0,0.0,0.0
Fiji,2014,"Cloves (whole stems), raw",13.78,0.04,0.0
Fiji,2015,"Cloves (whole stems), raw",18.63,0.09,0.0
Fiji,2016,"Cloves (whole stems), raw",18.13,0.71,0.0
Fiji,2017,"Cloves (whole stems), raw",27.42,0.32,0.0
Fiji,2018,"Cloves (whole stems), raw",24.95,0.35,0.0
Fiji,2019,"Cloves (whole stems), raw",21.17,0.96,0.0
Fiji,2021,"Cloves (whole stems), raw",30.25,0.6,0.0
Fiji,2022,"Cloves (whole stems), raw",22.5,1.04,0.0
Fiji,2023,"Cloves (whole stems), raw",39.41,0.55,0.0
Finland,1993,"Cloves (whole stems), raw",23.0,1.0,0.0
Finland,1994,"Cloves (whole stems), raw",20.0,1.0,0.0
Finland,1995,"Cloves (whole stems), raw",28.0,0.0,0.0
Finland,1996,"Cloves (whole stems), raw",22.0,6.0,0.0
Finland,1997,"Cloves (whole stems), raw",33.0,5.0,0.0
Finland,1998,"Cloves (whole stems), raw",21.0,3.0,0.0
Finland,1999,"Cloves (whole stems), raw",15.0,3.0,0.0
Finland,2000,"Cloves (whole stems), raw",27.0,0.0,0.0
Finland,2001,"Cloves (whole stems), raw",12.0,0.0,0.0
Finland,2002,"Cloves (whole stems), raw",18.0,0.0,0.0
Finland,2003,"Cloves (whole stems), raw",16.0,0.0,0.0
Finland,2004,"Cloves (whole stems), raw",11.0,0.0,0.0
Finland,2005,"Cloves (whole stems), raw",22.0,0.0,0.0
Finland,2007,"Cloves (whole stems), raw",9.0,0.0,0.0
Finland,2008,"Cloves (whole stems), raw",14.0,0.0,0.0
Finland,2009,"Cloves (whole stems), raw",16.0,0.0,0.0
Finland,2010,"Cloves (whole stems), raw",10.0,0.0,0.0
Finland,2011,"Cloves (whole stems), raw",10.0,0.0,0.0
Finland,2012,"Cloves (whole stems), raw",21.0,0.0,0.0
Finland,2013,"Cloves (whole stems), raw",16.0,0.0,0.0
Finland,2014,"Cloves (whole stems), raw",17.11,1.24,0.0
Finland,2015,"Cloves (whole stems), raw",18.59,0.74,0.0
Finland,2016,"Cloves (whole stems), raw",17.89,0.5,0.0
Finland,2017,"Cloves (whole stems), raw",40.13,0.46,0.0
Finland,2018,"Cloves (whole stems), raw",14.37,0.65,0.0
Finland,2020,"Cloves (whole stems), raw",26.59,0.2,0.0
Finland,2021,"Cloves (whole stems), raw",18.53,0.55,0.0
Finland,2022,"Cloves (whole stems), raw",19.46,0.76,0.0
Finland,2023,"Cloves (whole stems), raw",23.2,0.34,0.0
France,1993,"Cloves (whole stems), raw",991.0,237.0,0.0
France,1994,"Cloves (whole stems), raw",959.0,157.0,0.0
France,1995,"Cloves (whole stems), raw",534.0,154.0,0.0
France,1996,"Cloves (whole stems), raw",629.0,175.0,0.0
France,1998,"Cloves (whole stems), raw",732.0,162.0,0.0
France,1999,"Cloves (whole stems), raw",564.0,157.0,0.0
France,2000,"Cloves (whole stems), raw",526.0,147.0,0.0
France,2001,"Cloves (whole stems), raw",389.0,176.0,0.0
France,2002,"Cloves (whole stems), raw",439.0,69.0,0.0
France,2004,"Cloves (whole stems), raw",349.0,47.0,0.0
France,2005,"Cloves (whole stems), raw",538.0,72.0,0.0
France,2006,"Cloves (whole stems), raw",438.0,32.0,0.0
France,2007,"Cloves (whole stems), raw",365.0,39.0,0.0
France,2008,"Cloves (whole stems), raw",426.0,98.0,0.0
France,2009,"Cloves (whole stems), raw",359.0,190.0,0.0
France,2010,"Cloves (whole stems), raw",299.0,205.0,0.0
France,2011,"Cloves (whole stems), raw",257.0,78.0,0.0
France,2012,"Cloves (whole stems), raw",351.0,104.0,0.0
France,2013,"Cloves (whole stems), raw",299.0,87.0,0.0
France,2014,"Cloves (whole stems), raw",331.98,82.83,0.0
France,2015,"Cloves (whole stems), raw",285.6,88.5,0.0
France,2016,"Cloves (whole stems), raw",319.19,102.76,0.0
France,2017,"Cloves (whole stems), raw",282.7,99.85,0.0
France,2018,"Cloves (whole stems), raw",419.45,131.46,0.0
France,2019,"Cloves (whole stems), raw",312.95,193.29,0.0
France,2020,"Cloves (whole stems), raw",429.78,186.88,0.0
France,2022,"Cloves (whole stems), raw",416.39,201.84,0.0
France,2023,"Cloves (whole stems), raw",399.31,221.22,0.0
French Polynesia,1993,"Cloves (whole stems), raw",0.0,0.0,0.0
French Polynesia,1994,"Cloves (whole stems), raw",0.0,0.0,0.0
French Polynesia,1995,"Cloves (whole stems), raw",0.0,0.0,0.0
French Polynesia,1996,"Cloves (whole stems), raw",0.0,0.0,0.0
French Polynesia,1997,"Cloves (whole stems), raw",0.0,0.0,0.0
French Polynesia,1998,"Cloves (whole stems), raw",0.0,0.0,0.0
French Polynesia,1999,"Cloves (whole stems), raw",0.0,0.0,0.0
French Polynesia,2000,"Cloves (whole stems), raw",0.0,0.0,0.0
French Polynesia,2001,"Cloves (whole stems), raw",0.0,0.0,0.0
French Polynesia,2002,"Cloves (whole stems), raw",0.0,0.0,0.0
French Polynesia,2003,"Cloves (whole stems), raw",0.0,0.0,0.0
French Polynesia,2004,"Cloves (whole stems), raw",0.0,0.0,0.0
French Polynesia,2005,"Cloves (whole stems), raw",0.0,0.0,0.0
French Polynesia,2006,"Cloves (whole stems), raw",0.0,0.0,0.0
French Polynesia,2007,"Cloves (whole stems), raw",0.0,0.0,0.0
French Polynesia,2008,"Cloves (whole stems), raw",0.0,0.0,0.0
French Polynesia,2009,"Cloves (whole stems), raw",0.0,0.0,0.0
French Polynesia,2010,"Cloves (whole stems), raw",0.0,0.0,0.0
French Polynesia,2011,"Cloves (whole stems), raw",0.0,0.0,0.0
French Polynesia,2012,"Cloves (whole stems), raw",0.0,0.0,0.0
French Polynesia,2013,"Cloves (whole stems), raw",0.0,0.0,0.0
French Polynesia,2014,"Cloves (whole stems), raw",0.66,0.0,0.0
French Polynesia,2015,"Cloves (whole stems), raw",0.16,0.0,0.0
French Polynesia,2016,"Cloves (whole stems), raw",0.45,0.0,0.0
French Polynesia,2017,"Cloves (whole stems), raw",0.24,0.0,0.0
French Polynesia,2018,"Cloves (whole stems), raw",0.11,0.0,0.0
French Polynesia,2019,"Cloves (whole stems), raw",0.16,0.0,0.0
French Polynesia,2020,"Cloves (whole stems), raw",0.2,0.0,0.0
French Polynesia,2021,"Cloves (whole stems), raw",0.18,0.0,0.0
French Polynesia,2023,"Cloves (whole stems), raw",0.05,0.0,0.0
Gabon,1996,"Cloves (whole stems), raw",0.0,0.0,0.0
Gabon,1997,"Cloves (whole stems), raw",0.0,0.0,0.0
Gabon,1998,"Cloves (whole stems), raw",0.0,0.0,0.0
Gabon,1999,"Cloves (whole stems), raw",0.0,0.0,0.0
Gabon,2000,"Cloves (whole stems), raw",1.0,0.0,0.0
Gabon,2001,"Cloves (whole stems), raw",0.0,0.0,0.0
Gabon,2002,"Cloves (whole stems), raw",0.0,0.0,0.0
Gabon,2003,"Cloves (whole stems), raw",1.0,0.0,0.0
Gabon,2004,"Cloves (whole stems), raw",0.0,0.0,0.0
Gabon,2005,"Cloves (whole stems), raw",0.0,0.0,0.0
Gabon,2006,"Cloves (whole stems), raw",0.0,0.0,0.0
Gabon,2007,"Cloves (whole stems), raw",0.0,0.0,0.0
Gabon,2008,"Cloves (whole stems), raw",0.0,0.0,0.0
Gabon,2009,"Cloves (whole stems), raw",0.0,0.0,0.0
Gabon,2010,"Cloves (whole stems), raw",0.0,0.0,0.0
Gabon,2011,"Cloves (whole stems), raw",0.0,0.0,0.0
Gabon,2012,"Cloves (whole stems), raw",0.0,0.0,0.0
Gabon,2013,"Cloves (whole stems), raw",0.0,0.0,0.0
Gabon,2014,"Cloves (whole stems), raw",0.0,0.0,0.0
Gabon,2015,"Cloves (whole stems), raw",0.02,0.0,0.0
Gabon,2016,"Cloves (whole stems), raw",0.07,0.0,0.0
Gabon,2017,"Cloves (whole stems), raw",0.08,0.0,0.0
Gabon,2019,"Cloves (whole stems), raw",0.06,0.0,0.0
Gabon,2020,"Cloves (whole stems), raw",0.06,0.0,0.0
Gabon,2021,"Cloves (whole stems), raw",1.39,0.0,0.0
Gabon,2022,"Cloves (whole stems), raw",1.19,0.0,0.0
Gambia,2021,"Cloves (whole stems), raw",0.23,0.0,0.0
Gambia,2022,"Cloves (whole stems), raw",61.52,0.02,0.0
Gambia,2023,"Cloves (whole stems), raw",0.02,0.04,0.0
Georgia,2005,"Cloves (whole stems), raw",1.0,0.0,0.0
Georgia,2006,"Cloves (whole stems), raw",1.0,0.0,0.0
Georgia,2007,"Cloves (whole stems), raw",2.0,0.0,0.0
Georgia,2008,"Cloves (whole stems), raw",2.0,0.0,0.0
Georgia,2009,"Cloves (whole stems), raw",3.0,0.0,0.0
Georgia,2010,"Cloves (whole stems), raw",3.0,0.0,0.0
Georgia,2011,"Cloves (whole stems), raw",2.0,0.0,0.0
Georgia,2012,"Cloves (whole stems), raw",2.0,0.0,0.0
Georgia,2013,"Cloves (whole stems), raw",2.0,0.0,0.0
Georgia,2014,"Cloves (whole stems), raw",1.95,0.01,0.0
Georgia,2015,"Cloves (whole stems), raw",3.74,0.0,0.0
Georgia,2016,"Cloves (whole stems), raw",2.22,0.0,0.0
Georgia,2017,"Cloves (whole stems), raw",6.57,0.03,0.0
Georgia,2018,"Cloves (whole stems), raw",3.78,0.02,0.0
Georgia,2019,"Cloves (whole stems), raw",4.54,0.0,0.0
Georgia,2020,"Cloves (whole stems), raw",5.44,0.01,0.0
Georgia,2022,"Cloves (whole stems), raw",8.09,0.04,0.0
Georgia,2023,"Cloves (whole stems), raw",11.06,0.05,0.0
Germany,1993,"Cloves (whole stems), raw",478.0,69.0,0.0
Germany,1994,"Cloves (whole stems), raw",574.0,66.0,0.0
Germany,1995,"Cloves (whole stems), raw",507.0,67.0,0.0
Germany,1996,"Cloves (whole stems), raw",488.0,93.0,0.0
Germany,1997,"Cloves (whole stems), raw",627.0,122.0,0.0
Germany,1998,"Cloves (whole stems), raw",566.0,107.0,0.0
Germany,2000,"Cloves (whole stems), raw",395.0,124.0,0.0
Germany,2001,"Cloves (whole stems), raw",436.0,114.0,0.0
Germany,2002,"Cloves (whole stems), raw",480.0,109.0,0.0
Germany,2003,"Cloves (whole stems), raw",670.0,126.0,0.0
Germany,2004,"Cloves (whole stems), raw",553.0,135.0,0.0
Germany,2005,"Cloves (whole stems), raw",656.0,162.0,0.0
Germany,2006,"Cloves (whole stems), raw",562.0,203.0,0.0
Germany,2008,"Cloves (whole stems), raw",632.0,255.0,0.0
Germany,2009,"Cloves (whole stems), raw",751.0,228.0,0.0
Germany,2011,"Cloves (whole stems), raw",726.0,280.0,0.0
Germany,2012,"Cloves (whole stems), raw",773.0,237.0,0.0
Germany,2013,"Cloves (whole stems), raw",669.0,222.0,0.0
Germany,2014,"Cloves (whole stems), raw",734.5,284.76,0.0
Germany,2015,"Cloves (whole stems), raw",1008.72,324.97,0.0
Germany,2016,"Cloves (whole stems), raw",782.59,353.44,0.0
Germany,2017,"Cloves (whole stems), raw",898.59,421.88,0.0
Germany,2018,"Cloves (whole stems), raw",903.77,376.91,0.0
Germany,2019,"Cloves (whole stems), raw",941.71,372.35,0.0
Germany,2020,"Cloves (whole stems), raw",1156.51,537.1,0.0
Germany,2021,"Cloves (whole stems), raw",1034.28,520.77,0.0
Germany,2022,"Cloves (whole stems), raw",1072.51,520.11,0.0
Ghana,1996,"Cloves (whole stems), raw",6.0,0.0,0.0
Ghana,1997,"Cloves (whole stems), raw",0.0,0.0,0.0
Ghana,1998,"Cloves (whole stems), raw",10.0,0.0,0.0
Ghana,1999,"Cloves (whole stems), raw",1.0,0.0,0.0
Ghana,2000,"Cloves (whole stems), raw",8.75,0.0,0.0
Ghana,2001,"Cloves (whole stems), raw",6.0,0.0,0.0
Ghana,2002,"Cloves (whole stems), raw",19.0,0.0,0.0
Ghana,2003,"Cloves (whole stems), raw",29.0,0.0,0.0
Ghana,2004,"Cloves (whole stems), raw",0.0,0.0,0.0
Ghana,2005,"Cloves (whole stems), raw",31.0,0.0,0.0
Ghana,2006,"Cloves (whole stems), raw",34.0,0.0,0.0
Ghana,2007,"Cloves (whole stems), raw",17.0,0.0,0.0
Ghana,2008,"Cloves (whole stems), raw",24.0,0.0,0.0
Ghana,2009,"Cloves (whole stems), raw",14.0,0.0,0.0
Ghana,2010,"Cloves (whole stems), raw",24.0,0.0,0.0
Ghana,2012,"Cloves (whole stems), raw",24.0,0.0,0.0
Ghana,2013,"Cloves (whole stems), raw",24.0,0.0,0.0
Ghana,2014,"Cloves (whole stems), raw",134.06,0.03,0.0
Ghana,2016,"Cloves (whole stems), raw",29.75,0.0,0.0
Ghana,2017,"Cloves (whole stems), raw",94.92,0.45,0.0
Ghana,2018,"Cloves (whole stems), raw",119.24,0.0,0.0
Ghana,2019,"Cloves (whole stems), raw",169.5,0.0,0.0
Ghana,2021,"Cloves (whole stems), raw",395.43,2.86,0.0
Ghana,2022,"Cloves (whole stems), raw",626.25,1.4,0.0
Ghana,2023,"Cloves (whole stems), raw",108.8,0.03,0.0
Greece,1993,"Cloves (whole stems), raw",88.0,11.0,0.0
Greece,1994,"Cloves (whole stems), raw",66.0,7.0,0.0
Greece,1995,"Cloves (whole stems), raw",69.0,5.0,0.0
Greece,1996,"Cloves (whole stems), raw",91.0,5.0,0.0
Greece,1997,"Cloves (whole stems), raw",111.0,3.0,0.0
Greece,1998,"Cloves (whole stems), raw",80.0,4.0,0.0
Greece,2000,"Cloves (whole stems), raw",58.0,0.0,0.0
Greece,2001,"Cloves (whole stems), raw",35.0,0.0,0.0
Greece,2002,"Cloves (whole stems), raw",112.0,0.0,0.0
Greece,2004,"Cloves (whole stems), raw",81.0,0.0,0.0
Greece,2005,"Cloves (whole stems), raw",61.0,0.0,0.0
Greece,2006,"Cloves (whole stems), raw",80.0,0.0,0.0
Greece,2008,"Cloves (whole stems), raw",74.0,1.0,0.0
Greece,2009,"Cloves (whole stems), raw",86.0,6.0,0.0
Greece,2010,"Cloves (whole stems), raw",78.0,11.0,0.0
Greece,2011,"Cloves (whole stems), raw",54.0,10.0,0.0
Greece,2012,"Cloves (whole stems), raw",67.0,11.0,0.0
Greece,2013,"Cloves (whole stems), raw",76.0,9.0,0.0
Greece,2014,"Cloves (whole stems), raw",95.26,12.42,0.0
Greece,2015,"Cloves (whole stems), raw",57.15,14.36,0.0
Greece,2016,"Cloves (whole stems), raw",91.65,9.55,0.0
Greece,2017,"Cloves (whole stems), raw",66.68,8.26,0.0
Greece,2018,"Cloves (whole stems), raw",82.94,8.92,0.0
Greece,2019,"Cloves (whole stems), raw",62.91,12.25,0.0
Greece,2020,"Cloves (whole stems), raw",108.41,11.19,0.0
Greece,2021,"Cloves (whole stems), raw",93.82,12.78,0.0
Greece,2022,"Cloves (whole stems), raw",102.43,11.83,0.0
Grenada,2002,"Cloves (whole stems), raw",0.0,1.0,27.68
Grenada,2003,"Cloves (whole stems), raw",0.0,1.0,28.36
Grenada,2004,"Cloves (whole stems), raw",0.0,2.0,29.05
Grenada,2005,"Cloves (whole stems), raw",0.0,1.0,29.73
Grenada,2006,"Cloves (whole stems), raw",0.0,0.0,30.41
Grenada,2007,"Cloves (whole stems), raw",0.0,0.0,31.09
Grenada,2008,"Cloves (whole stems), raw",0.0,0.0,31.77
Grenada,2009,"Cloves (whole stems), raw",32.0,0.0,32.45
Grenada,2010,"Cloves (whole stems), raw",32.0,0.0,33.13
Grenada,2011,"Cloves (whole stems), raw",32.0,0.0,33.81
Grenada,2012,"Cloves (whole stems), raw",32.0,0.0,36.0
Grenada,2013,"Cloves (whole stems), raw",32.0,0.0,35.23
Grenada,2014,"Cloves (whole stems), raw",0.44,0.19,36.24
Grenada,2016,"Cloves (whole stems), raw",0.87,0.15,37.9
Grenada,2017,"Cloves (whole stems), raw",1.02,0.36,38.68
Grenada,2018,"Cloves (whole stems), raw",2.12,0.14,38.93
Grenada,2019,"Cloves (whole stems), raw",1.35,0.31,39.16
Grenada,2020,"Cloves (whole stems), raw",0.95,0.0,39.38
Grenada,2021,"Cloves (whole stems), raw",1.96,1.22,39.22
Grenada,2022,"Cloves (whole stems), raw",1.25,1.02,40.49
Grenada,2023,"Cloves (whole stems), raw",2.48,0.02,41.7
Guatemala,1993,"Cloves (whole stems), raw",66.0,7.0,0.0
Guatemala,1994,"Cloves (whole stems), raw",22.0,5.0,0.0
Guatemala,1995,"Cloves (whole stems), raw",27.0,3.0,0.0
Guatemala,1996,"Cloves (whole stems), raw",70.0,0.0,0.0
Guatemala,1997,"Cloves (whole stems), raw",39.0,1.0,0.0
Guatemala,1998,"Cloves (whole stems), raw",97.0,2.0,0.0
Guatemala,1999,"Cloves (whole stems), raw",38.78,16.5,0.0
Guatemala,2000,"Cloves (whole stems), raw",96.66,6.43,0.0
Guatemala,2002,"Cloves (whole stems), raw",67.0,1.0,0.0
Guatemala,2003,"Cloves (whole stems), raw",38.0,3.0,0.0
Guatemala,2004,"Cloves (whole stems), raw",41.0,2.0,0.0
Guatemala,2005,"Cloves (whole stems), raw",57.0,5.0,0.0
Guatemala,2006,"Cloves (whole stems), raw",27.0,13.0,0.0
Guatemala,2007,"Cloves (whole stems), raw",86.0,26.0,0.0
Guatemala,2008,"Cloves (whole stems), raw",2.0,31.0,0.0
Guatemala,2009,"Cloves (whole stems), raw",91.0,11.0,0.0
Guatemala,2010,"Cloves (whole stems), raw",30.0,8.0,0.0
Guatemala,2011,"Cloves (whole stems), raw",35.0,12.0,0.0
Guatemala,2012,"Cloves (whole stems), raw",5.0,5.0,0.0
Guatemala,2014,"Cloves (whole stems), raw",59.12,11.81,0.0
Guatemala,2015,"Cloves (whole stems), raw",14.98,3.42,0.0
Guatemala,2016,"Cloves (whole stems), raw",15.14,7.24,0.0
Guatemala,2017,"Cloves (whole stems), raw",2.18,22.52,0.0
Guatemala,2018,"Cloves (whole stems), raw",0.84,10.85,0.0
Guatemala,2019,"Cloves (whole stems), raw",3.92,8.07,0.0
Guatemala,2021,"Cloves (whole stems), raw",14.59,22.81,0.0
Guatemala,2022,"Cloves (whole stems), raw",25.3,21.98,0.0
Guatemala,2023,"Cloves (whole stems), raw",12.15,20.4,0.0
Guinea,2014,"Cloves (whole stems), raw",2.0,0.0,0.0
Guinea,2017,"Cloves (whole stems), raw",2.68,0.0,0.0
Guinea,2018,"Cloves (whole stems), raw",10.53,0.02,0.0
Guinea,2019,"Cloves (whole stems), raw",3.07,0.0,0.0
Guinea,2020,"Cloves (whole stems), raw",11.11,0.02,0.0
Guinea,2021,"Cloves (whole stems), raw",5.84,0.09,0.0
Guinea,2022,"Cloves (whole stems), raw",3.52,0.07,0.0
Guinea,2023,"Cloves (whole stems), raw",26.44,0.06,0.0
Guinea-Bissau,2014,"Cloves (whole stems), raw",0.0,0.0,0.0
Guinea-Bissau,2015,"Cloves (whole stems), raw",0.0,0.0,0.0
Guinea-Bissau,2017,"Cloves (whole stems), raw",0.0,0.0,0.0
Guinea-Bissau,2018,"Cloves (whole stems), raw",0.03,0.0,0.0
Guinea-Bissau,2019,"Cloves (whole stems), raw",0.06,0.0,0.0
Guinea-Bissau,2020,"Cloves (whole stems), raw",0.13,0.0,0.0
Guinea-Bissau,2022,"Cloves (whole stems), raw",0.06,0.0,0.0
Guinea-Bissau,2023,"Cloves (whole stems), raw",0.07,0.0,0.0
Guyana,1997,"Cloves (whole stems), raw",2.0,0.0,0.0
Guyana,1998,"Cloves (whole stems), raw",0.0,0.0,0.0
Guyana,1999,"Cloves (whole stems), raw",0.0,0.0,0.0
Guyana,2001,"Cloves (whole stems), raw",1.0,0.0,0.0
Guyana,2002,"Cloves (whole stems), raw",1.0,0.0,0.0
Guyana,2003,"Cloves (whole stems), raw",1.0,0.0,0.0
Guyana,2005,"Cloves (whole stems), raw",1.0,0.0,0.0
Guyana,2008,"Cloves (whole stems), raw",1.0,0.0,0.0
Guyana,2009,"Cloves (whole stems), raw",2.0,0.0,0.0
Guyana,2010,"Cloves (whole stems), raw",5.0,0.0,0.0
Guyana,2011,"Cloves (whole stems), raw",6.0,0.0,0.0
Guyana,2012,"Cloves (whole stems), raw",11.0,0.0,0.0
Guyana,2013,"Cloves (whole stems), raw",21.0,0.0,0.0
Guyana,2014,"Cloves (whole stems), raw",8.78,0.01,0.0
Guyana,2015,"Cloves (whole stems), raw",8.18,0.0,0.0
Guyana,2016,"Cloves (whole stems), raw",17.51,0.0,0.0
Guyana,2017,"Cloves (whole stems), raw",3.51,0.08,0.0
Guyana,2018,"Cloves (whole stems), raw",26.76,0.38,0.0
Guyana,2019,"Cloves (whole stems), raw",15.28,0.3,0.0
Guyana,2020,"Cloves (whole stems), raw",20.7,0.01,0.0
Guyana,2021,"Cloves (whole stems), raw",9.74,0.05,0.0
Guyana,2022,"Cloves (whole stems), raw",8.3,0.0,0.0
Haiti,1996,"Cloves (whole stems), raw",5.0,0.0,0.0
Haiti,2000,"Cloves (whole stems), raw",4.0,0.0,0.0
Haiti,2001,"Cloves (whole stems), raw",0.0,0.0,0.0
Haiti,2002,"Cloves (whole stems), raw",18.0,0.0,0.0
Haiti,2003,"Cloves (whole stems), raw",0.0,0.0,0.0
Haiti,2004,"Cloves (whole stems), raw",13.0,0.0,0.0
Haiti,2005,"Cloves (whole stems), raw",26.0,0.0,0.0
Haiti,2006,"Cloves (whole stems), raw",32.0,0.0,0.0
Haiti,2008,"Cloves (whole stems), raw",0.0,0.0,0.0
Haiti,2009,"Cloves (whole stems), raw",1.0,0.0,0.0
Haiti,2010,"Cloves (whole stems), raw",1.0,0.0,0.0
Haiti,2011,"Cloves (whole stems), raw",1.0,0.0,0.0
Haiti,2012,"Cloves (whole stems), raw",1.0,0.0,0.0
Haiti,2013,"Cloves (whole stems), raw",1.0,0.0,0.0
Haiti,2014,"Cloves (whole stems), raw",9.07,0.0,0.0
Haiti,2016,"Cloves (whole stems), raw",26.3,0.0,0.0
Haiti,2017,"Cloves (whole stems), raw",32.39,0.0,0.0
Haiti,2018,"Cloves (whole stems), raw",96.15,0.0,0.0
Haiti,2019,"Cloves (whole stems), raw",135.15,0.0,0.0
Haiti,2021,"Cloves (whole stems), raw",198.29,0.0,0.0
Haiti,2023,"Cloves (whole stems), raw",224.3,0.05,0.0
Honduras,1994,"Cloves (whole stems), raw",0.0,0.0,0.0
Honduras,1995,"Cloves (whole stems), raw",0.0,0.0,0.0
Honduras,1996,"Cloves (whole stems), raw",1.0,0.0,0.0
Honduras,1997,"Cloves (whole stems), raw",0.0,0.0,0.0
Honduras,1998,"Cloves (whole stems), raw",1.0,0.0,0.0
Honduras,1999,"Cloves (whole stems), raw",1.0,0.0,0.0
Honduras,2000,"Cloves (whole stems), raw",1.0,14.0,0.0
Honduras,2001,"Cloves (whole stems), raw",2.0,0.0,0.0
Honduras,2003,"Cloves (whole stems), raw",7.0,1.0,0.0
Honduras,2004,"Cloves (whole stems), raw",2.0,0.0,0.0
Honduras,2005,"Cloves (whole stems), raw",1.0,0.0,0.0
Honduras,2006,"Cloves (whole stems), raw",3.0,1.0,0.0
Honduras,2008,"Cloves (whole stems), raw",4.0,0.0,0.0
Honduras,2009,"Cloves (whole stems), raw",7.0,0.0,0.0
Honduras,2010,"Cloves (whole stems), raw",7.0,0.0,0.0
Honduras,2011,"Cloves (whole stems), raw",1.0,0.0,0.0
Honduras,2012,"Cloves (whole stems), raw",2.0,0.0,0.0
Honduras,2013,"Cloves (whole stems), raw",2.0,0.0,0.0
Honduras,2014,"Cloves (whole stems), raw",3.04,0.0,0.0
Honduras,2015,"Cloves (whole stems), raw",18.81,7.78,0.0
Honduras,2016,"Cloves (whole stems), raw",4.82,2.26,0.0
Honduras,2017,"Cloves (whole stems), raw",16.28,12.3,0.0
Honduras,2018,"Cloves (whole stems), raw",15.23,4.04,0.0
Honduras,2019,"Cloves (whole stems), raw",4.29,1.5,0.0
Honduras,2020,"Cloves (whole stems), raw",11.43,0.0,0.0
Honduras,2021,"Cloves (whole stems), raw",12.47,0.0,0.0
Honduras,2022,"Cloves (whole stems), raw",15.85,0.0,0.0
Honduras,2023,"Cloves (whole stems), raw",24.95,0.0,0.0
Hungary,1993,"Cloves (whole stems), raw",34.0,1.0,0.0
Hungary,1994,"Cloves (whole stems), raw",19.0,2.0,0.0
Hungary,1995,"Cloves (whole stems), raw",21.0,0.0,0.0
Hungary,1997,"Cloves (whole stems), raw",25.0,1.0,0.0
Hungary,1998,"Cloves (whole stems), raw",33.0,0.0,0.0
Hungary,1999,"Cloves (whole stems), raw",26.0,0.0,0.0
Hungary,2000,"Cloves (whole stems), raw",39.1,0.1,0.0
Hungary,2001,"Cloves (whole stems), raw",26.0,0.0,0.0
Hungary,2002,"Cloves (whole stems), raw",31.0,0.0,0.0
Hungary,2003,"Cloves (whole stems), raw",22.0,0.0,0.0
Hungary,2004,"Cloves (whole stems), raw",23.0,0.0,0.0
Hungary,2006,"Cloves (whole stems), raw",34.0,0.0,0.0
Hungary,2007,"Cloves (whole stems), raw",22.0,0.0,0.0
Hungary,2008,"Cloves (whole stems), raw",34.0,0.0,0.0
Hungary,2009,"Cloves (whole stems), raw",31.0,0.0,0.0
Hungary,2010,"Cloves (whole stems), raw",37.0,0.0,0.0
Hungary,2011,"Cloves (whole stems), raw",32.0,0.0,0.0
Hungary,2012,"Cloves (whole stems), raw",30.0,0.0,0.0
Hungary,2013,"Cloves (whole stems), raw",37.0,0.0,0.0
Hungary,2014,"Cloves (whole stems), raw",35.01,0.16,0.0
Hungary,2015,"Cloves (whole stems), raw",35.52,18.89,0.0
Hungary,2016,"Cloves (whole stems), raw",34.36,11.7,0.0
Hungary,2017,"Cloves (whole stems), raw",34.53,11.17,0.0
Hungary,2018,"Cloves (whole stems), raw",35.57,0.22,0.0
Hungary,2019,"Cloves (whole stems), raw",27.93,0.33,0.0
Hungary,2020,"Cloves (whole stems), raw",40.62,10.38,0.0
Hungary,2021,"Cloves (whole stems), raw",40.19,7.08,0.0
Hungary,2022,"Cloves (whole stems), raw",45.36,4.61,0.0
Hungary,2023,"Cloves (whole stems), raw",48.77,4.98,0.0
Iceland,1993,"Cloves (whole stems), raw",2.0,0.0,0.0
Iceland,1994,"Cloves (whole stems), raw",2.0,0.0,0.0
Iceland,1995,"Cloves (whole stems), raw",2.0,0.0,0.0
Iceland,1997,"Cloves (whole stems), raw",2.0,0.0,0.0
Iceland,1998,"Cloves (whole stems), raw",2.0,0.0,0.0
Iceland,1999,"Cloves (whole stems), raw",2.0,0.0,0.0
Iceland,2001,"Cloves (whole stems), raw",2.0,0.0,0.0
Iceland,2003,"Cloves (whole stems), raw",2.0,0.0,0.0
Iceland,2004,"Cloves (whole stems), raw",2.0,0.0,0.0
Iceland,2005,"Cloves (whole stems), raw",2.0,0.0,0.0
Iceland,2006,"Cloves (whole stems), raw",2.0,0.0,0.0
Iceland,2007,"Cloves (whole stems), raw",2.0,0.0,0.0
Iceland,2008,"Cloves (whole stems), raw",4.0,0.0,0.0
Iceland,2009,"Cloves (whole stems), raw",3.0,0.0,0.0
Iceland,2010,"Cloves (whole stems), raw",3.0,0.0,0.0
Iceland,2012,"Cloves (whole stems), raw",3.0,0.0,0.0
Iceland,2013,"Cloves (whole stems), raw",3.0,0.0,0.0
Iceland,2014,"Cloves (whole stems), raw",2.7,0.0,0.0
Iceland,2015,"Cloves (whole stems), raw",1.98,0.0,0.0
Iceland,2016,"Cloves (whole stems), raw",2.5,0.0,0.0
Iceland,2017,"Cloves (whole stems), raw",1.61,0.0,0.0
Iceland,2018,"Cloves (whole stems), raw",2.53,0.0,0.0
Iceland,2019,"Cloves (whole stems), raw",2.42,0.0,0.0
Iceland,2020,"Cloves (whole stems), raw",3.11,0.0,0.0
Iceland,2021,"Cloves (whole stems), raw",2.97,0.0,0.0
Iceland,2022,"Cloves (whole stems), raw",2.93,0.0,0.0
India,1993,"Cloves (whole stems), raw",4490.0,14.0,0.0
India,1994,"Cloves (whole stems), raw",2523.0,36.0,0.0
India,1995,"Cloves (whole stems), raw",3345.0,0.0,0.0
India,1996,"Cloves (whole stems), raw",5240.0,83.0,0.0
India,1997,"Cloves (whole stems), raw",6995.0,2.0,0.0
India,1999,"Cloves (whole stems), raw",1846.16,382.3,0.0
India,2000,"Cloves (whole stems), raw",2754.0,179.0,0.0
India,2001,"Cloves (whole stems), raw",5437.0,169.0,0.0
India,2002,"Cloves (whole stems), raw",6867.0,53.0,0.0
India,2003,"Cloves (whole stems), raw",15678.0,84.0,0.0
India,2004,"Cloves (whole stems), raw",6945.0,129.0,0.0
India,2005,"Cloves (whole stems), raw",10775.0,111.0,0.0
India,2006,"Cloves (whole stems), raw",11748.0,103.0,0.0
India,2007,"Cloves (whole stems), raw",14999.0,156.0,0.0
India,2008,"Cloves (whole stems), raw",8569.0,166.0,0.0
India,2009,"Cloves (whole stems), raw",14583.0,553.0,0.0
India,2010,"Cloves (whole stems), raw",6060.0,567.0,0.0
India,2012,"Cloves (whole stems), raw",11084.0,709.0,0.0
India,2013,"Cloves (whole stems), raw",10924.0,497.0,0.0
India,2014,"Cloves (whole stems), raw",13421.49,708.47,0.0
India,2015,"Cloves (whole stems), raw",17889.04,713.63,0.0
India,2016,"Cloves (whole stems), raw",19330.47,888.75,0.0
India,2017,"Cloves (whole stems), raw",20580.23,608.11,0.0
India,2018,"Cloves (whole stems), raw",17630.05,815.64,0.0
India,2019,"Cloves (whole stems), raw",19326.86,958.16,0.0
India,2020,"Cloves (whole stems), raw",30620.62,949.01,0.0
India,2021,"Cloves (whole stems), raw",25948.94,1138.02,0.0
India,2022,"Cloves (whole stems), raw",18170.81,1741.49,0.0
India,2023,"Cloves (whole stems), raw",22395.17,1743.56,0.0
Indonesia,1993,"Cloves (whole stems), raw",0.0,317.0,67366.0
Indonesia,1994,"Cloves (whole stems), raw",0.0,297.0,78379.0
Indonesia,1995,"Cloves (whole stems), raw",8.0,319.0,90007.0
Indonesia,1996,"Cloves (whole stems), raw",0.0,230.0,59479.0
Indonesia,1997,"Cloves (whole stems), raw",0.0,356.0,59194.0
Indonesia,1999,"Cloves (whole stems), raw",22610.0,1776.0,52903.0
Indonesia,2000,"Cloves (whole stems), raw",20872.91,4655.41,59879.0
Indonesia,2001,"Cloves (whole stems), raw",16899.0,6324.0,72685.0
Indonesia,2002,"Cloves (whole stems), raw",796.0,13155.0,79010.0
Indonesia,2004,"Cloves (whole stems), raw",9.0,9060.0,73837.0
Indonesia,2005,"Cloves (whole stems), raw",1.0,7683.0,78350.0
Indonesia,2006,"Cloves (whole stems), raw",1.0,11270.0,61408.0
Indonesia,2007,"Cloves (whole stems), raw",1.0,14093.0,80404.0
Indonesia,2008,"Cloves (whole stems), raw",0.0,4251.0,70535.0
Indonesia,2009,"Cloves (whole stems), raw",31.0,5142.0,82033.0
Indonesia,2010,"Cloves (whole stems), raw",277.0,6008.0,98400.0
Indonesia,2012,"Cloves (whole stems), raw",7164.0,5941.0,99900.0
Indonesia,2013,"Cloves (whole stems), raw",308.0,5177.0,109600.0
Indonesia,2015,"Cloves (whole stems), raw",10.93,12888.87,139641.0
Indonesia,2016,"Cloves (whole stems), raw",6952.33,12754.37,139611.0
Indonesia,2018,"Cloves (whole stems), raw",13373.1,20249.12,131014.0
Indonesia,2019,"Cloves (whole stems), raw",4003.29,26001.69,140796.61
Indonesia,2021,"Cloves (whole stems), raw",10017.08,20140.47,135753.0
Indonesia,2022,"Cloves (whole stems), raw",25104.78,9481.29,137124.0
Indonesia,2023,"Cloves (whole stems), raw",23886.35,13934.59,135178.0
Iran (Islamic Republic of),1993,"Cloves (whole stems), raw",0.0,0.0,0.0
Iran (Islamic Republic of),1995,"Cloves (whole stems), raw",0.0,0.0,0.0
Iran (Islamic Republic of),1996,"Cloves (whole stems), raw",0.0,0.0,0.0
Iran (Islamic Republic of),1997,"Cloves (whole stems), raw",0.0,0.0,0.0
Iran (Islamic Republic of),1998,"Cloves (whole stems), raw",0.0,0.0,0.0
Iran (Islamic Republic of),1999,"Cloves (whole stems), raw",3.0,0.0,0.0
Iran (Islamic Republic of),2000,"Cloves (whole stems), raw",9.95,0.0,0.0
Iran (Islamic Republic of),2001,"Cloves (whole stems), raw",6.0,0.0,0.0
Iran (Islamic Republic of),2002,"Cloves (whole stems), raw",40.0,0.0,0.0
Iran (Islamic Republic of),2003,"Cloves (whole stems), raw",69.0,0.0,0.0
Iran (Islamic Republic of),2004,"Cloves (whole stems), raw",61.0,0.0,0.0
Iran (Islamic Republic of),2005,"Cloves (whole stems), raw",74.0,0.0,0.0
Iran (Islamic Republic of),2006,"Cloves (whole stems), raw",95.0,0.0,0.0
Iran (Islamic Republic of),2007,"Cloves (whole stems), raw",122.0,0.0,0.0
Iran (Islamic Republic of),2008,"Cloves (whole stems), raw",108.0,2.0,0.0
Iran (Islamic Republic of),2009,"Cloves (whole stems), raw",108.0,2.0,0.0
Iran (Islamic Republic of),2010,"Cloves (whole stems), raw",137.0,0.0,0.0
Iran (Islamic Republic of),2011,"Cloves (whole stems), raw",77.0,0.0,0.0
Iran (Islamic Republic of),2012,"Cloves (whole stems), raw",55.0,0.0,0.0
Iran (Islamic Republic of),2013,"Cloves (whole stems), raw",48.0,0.0,0.0
Iran (Islamic Republic of),2014,"Cloves (whole stems), raw",78.0,0.85,0.0
Iran (Islamic Republic of),2016,"Cloves (whole stems), raw",127.35,0.1,0.0
Iran (Islamic Republic of),2017,"Cloves (whole stems), raw",93.0,0.97,0.0
Iran (Islamic Republic of),2018,"Cloves (whole stems), raw",104.16,0.0,0.0
Iran (Islamic Republic of),2019,"Cloves (whole stems), raw",182.71,1.66,0.0
Iran (Islamic Republic of),2020,"Cloves (whole stems), raw",251.18,0.36,0.0
Iran (Islamic Republic of),2021,"Cloves (whole stems), raw",45.24,3.34,0.0
Iran (Islamic Republic of),2022,"Cloves (whole stems), raw",345.58,9.9,0.0
Iran (Islamic Republic of),2023,"Cloves (whole stems), raw",616.81,12.48,0.0
Iraq,1993,"Cloves (whole stems), raw",25.0,0.0,0.0
Iraq,1994,"Cloves (whole stems), raw",25.0,0.0,0.0
Iraq,1995,"Cloves (whole stems), raw",25.0,0.0,0.0
Iraq,1996,"Cloves (whole stems), raw",25.0,0.0,0.0
Iraq,1997,"Cloves (whole stems), raw",25.0,0.0,0.0
Iraq,1998,"Cloves (whole stems), raw",9.0,0.0,0.0
Iraq,1999,"Cloves (whole stems), raw",9.0,0.0,0.0
Iraq,2000,"Cloves (whole stems), raw",9.0,0.0,0.0
Iraq,2001,"Cloves (whole stems), raw",9.0,0.0,0.0
Iraq,2002,"Cloves (whole stems), raw",8.0,0.0,0.0
Iraq,2003,"Cloves (whole stems), raw",0.0,0.0,0.0
Iraq,2004,"Cloves (whole stems), raw",0.0,0.0,0.0
Iraq,2006,"Cloves (whole stems), raw",0.0,0.0,0.0
Iraq,2007,"Cloves (whole stems), raw",3.0,0.0,0.0
Iraq,2008,"Cloves (whole stems), raw",3.0,0.0,0.0
Iraq,2009,"Cloves (whole stems), raw",3.0,0.0,0.0
Iraq,2010,"Cloves (whole stems), raw",2.0,0.0,0.0
Iraq,2011,"Cloves (whole stems), raw",2.0,0.0,0.0
Iraq,2012,"Cloves (whole stems), raw",2.0,0.0,0.0
Iraq,2013,"Cloves (whole stems), raw",2.0,0.0,0.0
Iraq,2014,"Cloves (whole stems), raw",500.0,0.0,0.0
Iraq,2015,"Cloves (whole stems), raw",428.11,0.0,0.0
Iraq,2016,"Cloves (whole stems), raw",489.25,0.0,0.0
Iraq,2017,"Cloves (whole stems), raw",638.2,0.0,0.0
Iraq,2018,"Cloves (whole stems), raw",535.02,0.0,0.0
Iraq,2019,"Cloves (whole stems), raw",671.36,0.0,0.0
Iraq,2020,"Cloves (whole stems), raw",1284.36,0.0,0.0
Iraq,2021,"Cloves (whole stems), raw",819.3,0.0,0.0
Iraq,2022,"Cloves (whole stems), raw",932.16,0.1,0.0
Iraq,2023,"Cloves (whole stems), raw",1221.65,0.2,0.0
Ireland,1993,"Cloves (whole stems), raw",24.0,0.0,0.0
Ireland,1994,"Cloves (whole stems), raw",42.0,0.0,0.0
Ireland,1995,"Cloves (whole stems), raw",11.0,0.0,0.0
Ireland,1996,"Cloves (whole stems), raw",5.0,0.0,0.0
Ireland,1997,"Cloves (whole stems), raw",7.0,0.0,0.0
Ireland,1998,"Cloves (whole stems), raw",10.0,0.0,0.0
Ireland,1999,"Cloves (whole stems), raw",15.0,0.0,0.0
Ireland,2000,"Cloves (whole stems), raw",10.0,0.0,0.0
Ireland,2001,"Cloves (whole stems), raw",5.0,0.0,0.0
Ireland,2002,"Cloves (whole stems), raw",8.0,0.0,0.0
Ireland,2003,"Cloves (whole stems), raw",10.0,0.0,0.0
Ireland,2004,"Cloves (whole stems), raw",18.0,0.0,0.0
Ireland,2005,"Cloves (whole stems), raw",17.0,0.0,0.0
Ireland,2006,"Cloves (whole stems), raw",17.0,0.0,0.0
Ireland,2008,"Cloves (whole stems), raw",19.0,0.0,0.0
Ireland,2009,"Cloves (whole stems), raw",16.0,0.0,0.0
Ireland,2010,"Cloves (whole stems), raw",18.0,0.0,0.0
Ireland,2011,"Cloves (whole stems), raw",20.0,0.0,0.0
Ireland,2012,"Cloves (whole stems), raw",12.0,0.0,0.0
Ireland,2013,"Cloves (whole stems), raw",18.0,0.0,0.0
Ireland,2014,"Cloves (whole stems), raw",24.0,0.0,0.0
Ireland,2015,"Cloves (whole stems), raw",25.82,0.0,0.0
Ireland,2016,"Cloves (whole stems), raw",33.38,0.0,0.0
Ireland,2017,"Cloves (whole stems), raw",40.29,0.0,0.0
Ireland,2019,"Cloves (whole stems), raw",67.6,0.35,0.0
Ireland,2020,"Cloves (whole stems), raw",63.0,0.03,0.0
Ireland,2021,"Cloves (whole stems), raw",22.93,0.5,0.0
Ireland,2022,"Cloves (whole stems), raw",27.72,0.85,0.0
Ireland,2023,"Cloves (whole stems), raw",28.11,2.71,0.0
Israel,1993,"Cloves (whole stems), raw",14.0,0.0,0.0
Israel,1994,"Cloves (whole stems), raw",16.0,0.0,0.0
Israel,1995,"Cloves (whole stems), raw",14.0,0.0,0.0
Israel,1996,"Cloves (whole stems), raw",9.0,0.0,0.0
Israel,1997,"Cloves (whole stems), raw",20.0,0.0,0.0
Israel,1998,"Cloves (whole stems), raw",25.0,0.0,0.0
Israel,1999,"Cloves (whole stems), raw",10.0,0.0,0.0
Israel,2000,"Cloves (whole stems), raw",89.44,0.0,0.0
Israel,2001,"Cloves (whole stems), raw",57.0,0.0,0.0
Israel,2002,"Cloves (whole stems), raw",76.0,0.0,0.0
Israel,2003,"Cloves (whole stems), raw",57.0,0.0,0.0
Israel,2004,"Cloves (whole stems), raw",44.0,0.0,0.0
Israel,2005,"Cloves (whole stems), raw",14.0,0.0,0.0
Israel,2006,"Cloves (whole stems), raw",11.0,0.0,0.0
Israel,2007,"Cloves (whole stems), raw",11.0,0.0,0.0
Israel,2008,"Cloves (whole stems), raw",29.0,0.0,0.0
Israel,2009,"Cloves (whole stems), raw",9.0,0.0,0.0
Israel,2010,"Cloves (whole stems), raw",42.0,0.0,0.0
Israel,2011,"Cloves (whole stems), raw",24.0,0.0,0.0
Israel,2012,"Cloves (whole stems), raw",52.0,0.0,0.0
Israel,2013,"Cloves (whole stems), raw",14.0,0.0,0.0
Israel,2014,"Cloves (whole stems), raw",34.19,0.0,0.0
Israel,2015,"Cloves (whole stems), raw",24.14,0.0,0.0
Israel,2016,"Cloves (whole stems), raw",27.01,0.0,0.0
Israel,2017,"Cloves (whole stems), raw",27.85,0.0,0.0
Israel,2018,"Cloves (whole stems), raw",71.51,0.0,0.0
Israel,2019,"Cloves (whole stems), raw",57.28,0.0,0.0
Israel,2020,"Cloves (whole stems), raw",57.26,0.0,0.0
Israel,2021,"Cloves (whole stems), raw",59.64,0.0,0.0
Italy,1993,"Cloves (whole stems), raw",123.0,9.0,0.0
Italy,1994,"Cloves (whole stems), raw",142.0,8.0,0.0
Italy,1995,"Cloves (whole stems), raw",132.0,5.0,0.0
Italy,1997,"Cloves (whole stems), raw",114.0,5.0,0.0
Italy,1998,"Cloves (whole stems), raw",110.0,4.0,0.0
Italy,1999,"Cloves (whole stems), raw",138.0,5.0,0.0
Italy,2000,"Cloves (whole stems), raw",133.0,2.0,0.0
Italy,2001,"Cloves (whole stems), raw",106.0,3.0,0.0
Italy,2002,"Cloves (whole stems), raw",157.0,2.0,0.0
Italy,2003,"Cloves (whole stems), raw",137.0,2.0,0.0
Italy,2004,"Cloves (whole stems), raw",90.0,8.0,0.0
Italy,2005,"Cloves (whole stems), raw",140.0,6.0,0.0
Italy,2006,"Cloves (whole stems), raw",112.0,7.0,0.0
Italy,2007,"Cloves (whole stems), raw",166.0,10.0,0.0
Italy,2008,"Cloves (whole stems), raw",105.0,4.0,0.0
Italy,2009,"Cloves (whole stems), raw",178.0,4.0,0.0
Italy,2010,"Cloves (whole stems), raw",125.0,14.0,0.0
Italy,2011,"Cloves (whole stems), raw",123.0,22.0,0.0
Italy,2012,"Cloves (whole stems), raw",138.0,27.0,0.0
Italy,2013,"Cloves (whole stems), raw",111.0,15.0,0.0
Italy,2014,"Cloves (whole stems), raw",148.08,20.29,0.0
Italy,2015,"Cloves (whole stems), raw",219.84,32.97,0.0
Italy,2016,"Cloves (whole stems), raw",186.49,23.32,0.0
Italy,2017,"Cloves (whole stems), raw",147.73,32.22,0.0
Italy,2018,"Cloves (whole stems), raw",176.15,30.13,0.0
Italy,2019,"Cloves (whole stems), raw",152.87,38.83,0.0
Italy,2020,"Cloves (whole stems), raw",199.96,53.0,0.0
Italy,2021,"Cloves (whole stems), raw",187.59,48.19,0.0
Italy,2022,"Cloves (whole stems), raw",218.41,50.82,0.0
Italy,2023,"Cloves (whole stems), raw",273.42,60.37,0.0
Jamaica,1994,"Cloves (whole stems), raw",3.0,2.0,0.0
Jamaica,1995,"Cloves (whole stems), raw",1.0,0.0,0.0
Jamaica,1996,"Cloves (whole stems), raw",2.0,0.0,0.0
Jamaica,1997,"Cloves (whole stems), raw",3.0,0.0,0.0
Jamaica,1998,"Cloves (whole stems), raw",0.0,0.0,0.0
Jamaica,1999,"Cloves (whole stems), raw",3.0,0.0,0.0
Jamaica,2000,"Cloves (whole stems), raw",0.0,0.0,0.0
Jamaica,2001,"Cloves (whole stems), raw",5.0,0.0,0.0
Jamaica,2002,"Cloves (whole stems), raw",0.0,0.0,0.0
Jamaica,2003,"Cloves (whole stems), raw",0.0,0.0,0.0
Jamaica,2004,"Cloves (whole stems), raw",5.0,0.0,0.0
Jamaica,2005,"Cloves (whole stems), raw",7.0,0.0,0.0
Jamaica,2007,"Cloves (whole stems), raw",3.0,0.0,0.0
Jamaica,2008,"Cloves (whole stems), raw",5.0,0.0,0.0
Jamaica,2009,"Cloves (whole stems), raw",4.0,0.0,0.0
Jamaica,2010,"Cloves (whole stems), raw",3.0,0.0,0.0
Jamaica,2011,"Cloves (whole stems), raw",3.0,0.0,0.0
Jamaica,2012,"Cloves (whole stems), raw",6.0,0.0,0.0
Jamaica,2013,"Cloves (whole stems), raw",8.0,0.0,0.0
Jamaica,2014,"Cloves (whole stems), raw",6.17,0.0,0.0
Jamaica,2015,"Cloves (whole stems), raw",3.15,0.0,0.0
Jamaica,2016,"Cloves (whole stems), raw",10.39,0.0,0.0
Jamaica,2017,"Cloves (whole stems), raw",7.41,0.0,0.0
Jamaica,2019,"Cloves (whole stems), raw",4.21,0.0,0.0
Jamaica,2020,"Cloves (whole stems), raw",7.01,0.0,0.0
Jamaica,2021,"Cloves (whole stems), raw",8.34,0.0,0.0
Jamaica,2022,"Cloves (whole stems), raw",11.24,0.0,0.0
Jamaica,2023,"Cloves (whole stems), raw",15.7,0.0,0.0
Japan,1993,"Cloves (whole stems), raw",292.0,0.0,0.0
Japan,1994,"Cloves (whole stems), raw",254.0,0.0,0.0
Japan,1995,"Cloves (whole stems), raw",317.0,0.0,0.0
Japan,1996,"Cloves (whole stems), raw",238.0,0.0,0.0
Japan,1997,"Cloves (whole stems), raw",339.0,0.0,0.0
Japan,1998,"Cloves (whole stems), raw",339.0,0.0,0.0
Japan,1999,"Cloves (whole stems), raw",301.0,0.0,0.0
Japan,2000,"Cloves (whole stems), raw",315.63,0.0,0.0
Japan,2001,"Cloves (whole stems), raw",319.0,0.0,0.0
Japan,2002,"Cloves (whole stems), raw",341.0,0.0,0.0
Japan,2003,"Cloves (whole stems), raw",332.0,0.0,0.0
Japan,2004,"Cloves (whole stems), raw",430.0,0.0,0.0
Japan,2005,"Cloves (whole stems), raw",335.0,0.0,0.0
Japan,2006,"Cloves (whole stems), raw",393.0,0.0,0.0
Japan,2007,"Cloves (whole stems), raw",395.0,0.0,0.0
Japan,2008,"Cloves (whole stems), raw",350.0,0.0,0.0
Japan,2009,"Cloves (whole stems), raw",337.0,0.0,0.0
Japan,2010,"Cloves (whole stems), raw",359.0,0.0,0.0
Japan,2012,"Cloves (whole stems), raw",332.0,0.0,0.0
Japan,2013,"Cloves (whole stems), raw",354.0,0.0,0.0
Japan,2014,"Cloves (whole stems), raw",333.85,0.0,0.0
Japan,2015,"Cloves (whole stems), raw",345.25,0.0,0.0
Japan,2017,"Cloves (whole stems), raw",379.61,0.0,0.0
Japan,2018,"Cloves (whole stems), raw",323.86,0.0,0.0
Japan,2019,"Cloves (whole stems), raw",359.77,0.0,0.0
Japan,2020,"Cloves (whole stems), raw",348.04,0.0,0.0
Japan,2021,"Cloves (whole stems), raw",335.4,0.0,0.0
Japan,2022,"Cloves (whole stems), raw",398.21,0.0,0.0
Jordan,1993,"Cloves (whole stems), raw",86.0,16.0,0.0
Jordan,1994,"Cloves (whole stems), raw",62.0,0.0,0.0
Jordan,1995,"Cloves (whole stems), raw",39.0,5.0,0.0
Jordan,1996,"Cloves (whole stems), raw",2.0,0.0,0.0
Jordan,1997,"Cloves (whole stems), raw",41.0,0.0,0.0
Jordan,1999,"Cloves (whole stems), raw",8.0,17.0,0.0
Jordan,2000,"Cloves (whole stems), raw",38.4,8.0,0.0
Jordan,2001,"Cloves (whole stems), raw",61.0,11.0,0.0
Jordan,2003,"Cloves (whole stems), raw",132.0,10.0,0.0
Jordan,2004,"Cloves (whole stems), raw",46.0,0.0,0.0
Jordan,2005,"Cloves (whole stems), raw",47.0,0.0,0.0
Jordan,2006,"Cloves (whole stems), raw",43.0,0.0,0.0
Jordan,2008,"Cloves (whole stems), raw",91.0,0.0,0.0
Jordan,2009,"Cloves (whole stems), raw",98.0,0.0,0.0
Jordan,2010,"Cloves (whole stems), raw",129.0,0.0,0.0
Jordan,2012,"Cloves (whole stems), raw",101.0,0.0,0.0
Jordan,2013,"Cloves (whole stems), raw",104.0,31.0,0.0
Jordan,2014,"Cloves (whole stems), raw",84.99,17.0,0.0
Jordan,2015,"Cloves (whole stems), raw",178.72,124.33,0.0
Jordan,2016,"Cloves (whole stems), raw",85.77,97.47,0.0
Jordan,2017,"Cloves (whole stems), raw",156.53,48.63,0.0
Jordan,2018,"Cloves (whole stems), raw",133.63,22.0,0.0
Jordan,2019,"Cloves (whole stems), raw",148.34,76.65,0.0
Jordan,2021,"Cloves (whole stems), raw",120.98,5.19,0.0
Jordan,2022,"Cloves (whole stems), raw",151.59,5.89,0.0
Jordan,2023,"Cloves (whole stems), raw",132.62,38.06,0.0
Kazakhstan,1996,"Cloves (whole stems), raw",0.0,0.0,0.0
Kazakhstan,1997,"Cloves (whole stems), raw",1.0,0.0,0.0
Kazakhstan,1998,"Cloves (whole stems), raw",0.0,0.0,0.0
Kazakhstan,1999,"Cloves (whole stems), raw",1.0,0.0,0.0
Kazakhstan,2001,"Cloves (whole stems), raw",2.0,0.0,0.0
Kazakhstan,2002,"Cloves (whole stems), raw",2.0,0.0,0.0
Kazakhstan,2003,"Cloves (whole stems), raw",4.0,0.0,0.0
Kazakhstan,2004,"Cloves (whole stems), raw",4.0,0.0,0.0
Kazakhstan,2005,"Cloves (whole stems), raw",2.0,0.0,0.0
Kazakhstan,2006,"Cloves (whole stems), raw",3.0,0.0,0.0
Kazakhstan,2007,"Cloves (whole stems), raw",4.0,0.0,0.0
Kazakhstan,2008,"Cloves (whole stems), raw",5.0,0.0,0.0
Kazakhstan,2009,"Cloves (whole stems), raw",9.0,0.0,0.0
Kazakhstan,2010,"Cloves (whole stems), raw",1.0,0.0,0.0
Kazakhstan,2011,"Cloves (whole stems), raw",9.0,0.0,0.0
Kazakhstan,2012,"Cloves (whole stems), raw",7.0,0.0,0.0
Kazakhstan,2013,"Cloves (whole stems), raw",7.0,0.0,0.0
Kazakhstan,2014,"Cloves (whole stems), raw",6.05,0.0,0.0
Kazakhstan,2015,"Cloves (whole stems), raw",6.99,0.0,0.0
Kazakhstan,2016,"Cloves (whole stems), raw",7.22,0.07,0.0
Kazakhstan,2017,"Cloves (whole stems), raw",22.63,0.01,0.0
Kazakhstan,2018,"Cloves (whole stems), raw",12.74,0.0,0.0
Kazakhstan,2019,"Cloves (whole stems), raw",11.7,0.11,0.0
Kazakhstan,2020,"Cloves (whole stems), raw",26.23,0.09,0.0
Kazakhstan,2021,"Cloves (whole stems), raw",36.74,0.07,0.0
Kenya,1993,"Cloves (whole stems), raw",0.0,0.0,215.86
Kenya,1994,"Cloves (whole stems), raw",0.0,0.0,225.14
Kenya,1995,"Cloves (whole stems), raw",0.0,0.0,270.82
Kenya,1996,"Cloves (whole stems), raw",0.0,0.0,348.15
Kenya,1997,"Cloves (whole stems), raw",0.0,0.0,432.86
Kenya,1998,"Cloves (whole stems), raw",0.0,0.0,526.23
Kenya,1999,"Cloves (whole stems), raw",0.0,54.0,475.52
Kenya,2000,"Cloves (whole stems), raw",0.0,502.0,550.0
Kenya,2001,"Cloves (whole stems), raw",0.0,670.0,700.0
Kenya,2002,"Cloves (whole stems), raw",0.0,543.0,1000.0
Kenya,2003,"Cloves (whole stems), raw",0.0,293.0,1000.0
Kenya,2005,"Cloves (whole stems), raw",8.0,696.0,1000.0
Kenya,2006,"Cloves (whole stems), raw",217.0,969.0,1118.36
Kenya,2007,"Cloves (whole stems), raw",91.0,794.0,1320.66
Kenya,2008,"Cloves (whole stems), raw",370.0,1345.0,1700.0
Kenya,2009,"Cloves (whole stems), raw",683.0,2269.0,2000.0
Kenya,2011,"Cloves (whole stems), raw",125.0,400.0,1700.0
Kenya,2012,"Cloves (whole stems), raw",125.0,195.0,1750.0
Kenya,2013,"Cloves (whole stems), raw",291.0,378.0,1800.0
Kenya,2014,"Cloves (whole stems), raw",50.11,341.37,1972.31
Kenya,2015,"Cloves (whole stems), raw",16.78,227.3,2195.7
Kenya,2016,"Cloves (whole stems), raw",10.17,370.67,1989.34
Kenya,2017,"Cloves (whole stems), raw",10.13,367.15,2015.62
Kenya,2018,"Cloves (whole stems), raw",0.17,490.07,2084.67
Kenya,2019,"Cloves (whole stems), raw",5.17,183.73,2123.27
Kenya,2020,"Cloves (whole stems), raw",0.04,135.48,2074.52
Kenya,2021,"Cloves (whole stems), raw",75.83,63.2,2127.11
Kenya,2022,"Cloves (whole stems), raw",71.07,195.6,2108.3
Kenya,2023,"Cloves (whole stems), raw",17.26,337.86,2103.31
Kiribati,2014,"Cloves (whole stems), raw",0.0,0.0,0.0
Kiribati,2015,"Cloves (whole stems), raw",6.0,0.0,0.0
Kiribati,2016,"Cloves (whole stems), raw",1.0,0.0,0.0
Kiribati,2017,"Cloves (whole stems), raw",3.0,0.0,0.0
Kiribati,2018,"Cloves (whole stems), raw",1.04,0.0,0.0
Kiribati,2019,"Cloves (whole stems), raw",0.07,0.0,0.0
Kiribati,2021,"Cloves (whole stems), raw",0.06,0.0,0.0
Kiribati,2022,"Cloves (whole stems), raw",0.02,0.0,0.0
Kiribati,2023,"Cloves (whole stems), raw",0.03,0.0,0.0
Kuwait,2000,"Cloves (whole stems), raw",65.0,0.0,0.0
Kuwait,2001,"Cloves (whole stems), raw",54.0,0.0,0.0
Kuwait,2013,"Cloves (whole stems), raw",134.0,2.0,0.0
Kuwait,2014,"Cloves (whole stems), raw",138.27,0.96,0.0
Kuwait,2015,"Cloves (whole stems), raw",162.89,1.34,0.0
Kuwait,2016,"Cloves (whole stems), raw",122.05,6.34,0.0
Kuwait,2017,"Cloves (whole stems), raw",104.54,4.09,0.0
Kuwait,2018,"Cloves (whole stems), raw",240.31,0.41,0.0
Kuwait,2019,"Cloves (whole stems), raw",206.03,0.0,0.0
Kuwait,2020,"Cloves (whole stems), raw",174.89,5.33,0.0
Kuwait,2021,"Cloves (whole stems), raw",137.77,21.96,0.0
Kuwait,2022,"Cloves (whole stems), raw",263.61,28.85,0.0
Kuwait,2023,"Cloves (whole stems), raw",230.71,26.22,0.0
Kyrgyzstan,2000,"Cloves (whole stems), raw",0.0,0.0,0.0
Kyrgyzstan,2003,"Cloves (whole stems), raw",0.0,0.0,0.0
Kyrgyzstan,2004,"Cloves (whole stems), raw",0.0,0.0,0.0
Kyrgyzstan,2005,"Cloves (whole stems), raw",0.0,0.0,0.0
Kyrgyzstan,2007,"Cloves (whole stems), raw",0.0,0.0,0.0
Kyrgyzstan,2008,"Cloves (whole stems), raw",0.0,0.0,0.0
Kyrgyzstan,2009,"Cloves (whole stems), raw",0.0,0.0,0.0
Kyrgyzstan,2010,"Cloves (whole stems), raw",0.0,0.0,0.0
Kyrgyzstan,2011,"Cloves (whole stems), raw",0.0,0.0,0.0
Kyrgyzstan,2012,"Cloves (whole stems), raw",0.0,0.0,0.0
Kyrgyzstan,2013,"Cloves (whole stems), raw",0.0,0.0,0.0
Kyrgyzstan,2014,"Cloves (whole stems), raw",0.19,0.0,0.0
Kyrgyzstan,2015,"Cloves (whole stems), raw",0.17,0.0,0.0
Kyrgyzstan,2016,"Cloves (whole stems), raw",0.83,0.0,0.0
Kyrgyzstan,2017,"Cloves (whole stems), raw",2.0,0.0,0.0
Kyrgyzstan,2018,"Cloves (whole stems), raw",2.93,0.0,0.0
Kyrgyzstan,2019,"Cloves (whole stems), raw",3.09,0.0,0.0
Kyrgyzstan,2020,"Cloves (whole stems), raw",3.69,0.0,0.0
Kyrgyzstan,2021,"Cloves (whole stems), raw",6.53,0.19,0.0
Kyrgyzstan,2022,"Cloves (whole stems), raw",4.22,0.0,0.0
Latvia,1994,"Cloves (whole stems), raw",5.0,2.0,0.0
Latvia,1995,"Cloves (whole stems), raw",3.0,1.0,0.0
Latvia,1997,"Cloves (whole stems), raw",4.0,2.0,0.0
Latvia,1999,"Cloves (whole stems), raw",5.0,1.0,0.0
Latvia,2000,"Cloves (whole stems), raw",4.0,1.0,0.0
Latvia,2001,"Cloves (whole stems), raw",4.0,1.0,0.0
Latvia,2003,"Cloves (whole stems), raw",5.0,1.0,0.0
Latvia,2004,"Cloves (whole stems), raw",5.0,1.0,0.0
Latvia,2005,"Cloves (whole stems), raw",5.0,0.0,0.0
Latvia,2006,"Cloves (whole stems), raw",4.0,0.0,0.0
Latvia,2008,"Cloves (whole stems), raw",5.0,1.0,0.0
Latvia,2009,"Cloves (whole stems), raw",5.0,2.0,0.0
Latvia,2010,"Cloves (whole stems), raw",9.0,3.0,0.0
Latvia,2011,"Cloves (whole stems), raw",6.0,1.0,0.0
Latvia,2012,"Cloves (whole stems), raw",43.0,32.0,0.0
Latvia,2013,"Cloves (whole stems), raw",7.0,2.0,0.0
Latvia,2014,"Cloves (whole stems), raw",18.06,11.53,0.0
Latvia,2015,"Cloves (whole stems), raw",28.68,23.03,0.0
Latvia,2016,"Cloves (whole stems), raw",21.04,10.18,0.0
Latvia,2017,"Cloves (whole stems), raw",26.76,19.15,0.0
Latvia,2018,"Cloves (whole stems), raw",79.53,65.91,0.0
Latvia,2019,"Cloves (whole stems), raw",56.87,56.08,0.0
Latvia,2020,"Cloves (whole stems), raw",58.47,42.44,0.0
Latvia,2021,"Cloves (whole stems), raw",75.96,59.82,0.0
Latvia,2023,"Cloves (whole stems), raw",63.49,53.89,0.0
Lebanon,1993,"Cloves (whole stems), raw",0.0,0.0,0.0
Lebanon,1994,"Cloves (whole stems), raw",0.0,0.0,0.0
Lebanon,1995,"Cloves (whole stems), raw",0.0,0.0,0.0
Lebanon,1996,"Cloves (whole stems), raw",0.0,0.0,0.0
Lebanon,1997,"Cloves (whole stems), raw",67.0,0.0,0.0
Lebanon,1998,"Cloves (whole stems), raw",29.0,0.0,0.0
Lebanon,1999,"Cloves (whole stems), raw",69.0,1.0,0.0
Lebanon,2000,"Cloves (whole stems), raw",89.0,1.0,0.0
Lebanon,2001,"Cloves (whole stems), raw",33.0,0.0,0.0
Lebanon,2002,"Cloves (whole stems), raw",81.0,0.0,0.0
Lebanon,2003,"Cloves (whole stems), raw",73.0,1.0,0.0
Lebanon,2004,"Cloves (whole stems), raw",28.0,0.0,0.0
Lebanon,2006,"Cloves (whole stems), raw",56.0,0.0,0.0
Lebanon,2007,"Cloves (whole stems), raw",54.0,0.0,0.0
Lebanon,2008,"Cloves (whole stems), raw",65.0,0.0,0.0
Lebanon,2009,"Cloves (whole stems), raw",37.0,0.0,0.0
Lebanon,2010,"Cloves (whole stems), raw",75.0,0.0,0.0
Lebanon,2011,"Cloves (whole stems), raw",42.0,0.0,0.0
Lebanon,2012,"Cloves (whole stems), raw",38.0,0.0,0.0
Lebanon,2013,"Cloves (whole stems), raw",75.0,0.0,0.0
Lebanon,2014,"Cloves (whole stems), raw",75.58,0.02,0.0
Lebanon,2015,"Cloves (whole stems), raw",106.42,0.08,0.0
Lebanon,2016,"Cloves (whole stems), raw",85.41,0.13,0.0
Lebanon,2017,"Cloves (whole stems), raw",47.28,0.07,0.0
Lebanon,2018,"Cloves (whole stems), raw",58.19,0.1,0.0
Lebanon,2019,"Cloves (whole stems), raw",63.28,0.81,0.0
Lebanon,2020,"Cloves (whole stems), raw",79.32,2.5,0.0
Lebanon,2021,"Cloves (whole stems), raw",91.96,3.1,0.0
Lebanon,2023,"Cloves (whole stems), raw",123.77,4.72,0.0
Lesotho,2014,"Cloves (whole stems), raw",0.06,0.0,0.0
Lesotho,2015,"Cloves (whole stems), raw",0.05,0.0,0.0
Lesotho,2016,"Cloves (whole stems), raw",0.03,0.0,0.0
Lesotho,2017,"Cloves (whole stems), raw",0.03,0.0,0.0
Lesotho,2018,"Cloves (whole stems), raw",0.02,0.0,0.0
Lesotho,2019,"Cloves (whole stems), raw",0.13,0.0,0.0
Lesotho,2021,"Cloves (whole stems), raw",0.34,0.0,0.0
Lesotho,2022,"Cloves (whole stems), raw",0.13,0.0,0.0
Lesotho,2023,"Cloves (whole stems), raw",2.51,0.0,0.0
Liberia,2014,"Cloves (whole stems), raw",0.09,0.0,0.0
Liberia,2017,"Cloves (whole stems), raw",0.02,0.0,0.0
Liberia,2018,"Cloves (whole stems), raw",0.12,0.0,0.0
Liberia,2019,"Cloves (whole stems), raw",0.04,0.0,0.0
Liberia,2020,"Cloves (whole stems), raw",2.89,0.0,0.0
Liberia,2021,"Cloves (whole stems), raw",1.59,0.0,0.0
Liberia,2022,"Cloves (whole stems), raw",4.47,0.0,0.0
Liberia,2023,"Cloves (whole stems), raw",8.3,0.0,0.0
Libya,1993,"Cloves (whole stems), raw",160.0,0.0,0.0
Libya,1994,"Cloves (whole stems), raw",180.0,0.0,0.0
Libya,1995,"Cloves (whole stems), raw",8.0,0.0,0.0
Libya,1996,"Cloves (whole stems), raw",20.0,0.0,0.0
Libya,1997,"Cloves (whole stems), raw",40.0,0.0,0.0
Libya,1998,"Cloves (whole stems), raw",8.0,0.0,0.0
Libya,1999,"Cloves (whole stems), raw",70.0,0.0,0.0
Libya,2000,"Cloves (whole stems), raw",0.0,0.0,0.0
Libya,2001,"Cloves (whole stems), raw",0.0,0.0,0.0
Libya,2002,"Cloves (whole stems), raw",6.0,0.0,0.0
Libya,2003,"Cloves (whole stems), raw",33.0,0.0,0.0
Libya,2004,"Cloves (whole stems), raw",17.0,0.0,0.0
Libya,2005,"Cloves (whole stems), raw",77.0,0.0,0.0
Libya,2006,"Cloves (whole stems), raw",77.0,0.0,0.0
Libya,2007,"Cloves (whole stems), raw",77.0,0.0,0.0
Libya,2008,"Cloves (whole stems), raw",26.0,0.0,0.0
Libya,2009,"Cloves (whole stems), raw",23.0,0.0,0.0
Libya,2010,"Cloves (whole stems), raw",15.0,0.0,0.0
Libya,2011,"Cloves (whole stems), raw",15.0,0.0,0.0
Libya,2012,"Cloves (whole stems), raw",9.0,0.0,0.0
Libya,2013,"Cloves (whole stems), raw",9.0,0.0,0.0
Libya,2014,"Cloves (whole stems), raw",33.94,0.0,0.0
Libya,2015,"Cloves (whole stems), raw",8.01,0.0,0.0
Libya,2016,"Cloves (whole stems), raw",44.43,0.0,0.0
Libya,2017,"Cloves (whole stems), raw",17.59,0.0,0.0
Libya,2018,"Cloves (whole stems), raw",28.55,0.0,0.0
Libya,2019,"Cloves (whole stems), raw",72.91,0.0,0.0
Libya,2020,"Cloves (whole stems), raw",49.21,0.0,0.0
Libya,2021,"Cloves (whole stems), raw",66.71,0.0,0.0
Libya,2022,"Cloves (whole stems), raw",99.83,0.0,0.0
Libya,2023,"Cloves (whole stems), raw",163.51,0.0,0.0
Lithuania,1994,"Cloves (whole stems), raw",4.0,0.0,0.0
Lithuania,1995,"Cloves (whole stems), raw",8.0,0.0,0.0
Lithuania,1996,"Cloves (whole stems), raw",4.0,0.0,0.0
Lithuania,1997,"Cloves (whole stems), raw",9.0,2.0,0.0
Lithuania,1998,"Cloves (whole stems), raw",8.0,3.0,0.0
Lithuania,1999,"Cloves (whole stems), raw",6.0,1.0,0.0
Lithuania,2000,"Cloves (whole stems), raw",5.0,0.0,0.0
Lithuania,2001,"Cloves (whole stems), raw",4.0,0.0,0.0
Lithuania,2002,"Cloves (whole stems), raw",4.0,0.0,0.0
Lithuania,2003,"Cloves (whole stems), raw",6.0,1.0,0.0
Lithuania,2004,"Cloves (whole stems), raw",5.0,1.0,0.0
Lithuania,2005,"Cloves (whole stems), raw",6.0,2.0,0.0
Lithuania,2006,"Cloves (whole stems), raw",8.0,4.0,0.0
Lithuania,2009,"Cloves (whole stems), raw",7.0,2.0,0.0
Lithuania,2010,"Cloves (whole stems), raw",8.0,2.0,0.0
Lithuania,2011,"Cloves (whole stems), raw",7.0,1.0,0.0
Lithuania,2012,"Cloves (whole stems), raw",5.0,1.0,0.0
Lithuania,2013,"Cloves (whole stems), raw",9.0,2.0,0.0
Lithuania,2014,"Cloves (whole stems), raw",7.8,1.95,0.0
Lithuania,2015,"Cloves (whole stems), raw",5.59,1.55,0.0
Lithuania,2016,"Cloves (whole stems), raw",6.84,1.45,0.0
Lithuania,2017,"Cloves (whole stems), raw",5.71,1.85,0.0
Lithuania,2019,"Cloves (whole stems), raw",6.02,1.6,0.0
Lithuania,2020,"Cloves (whole stems), raw",8.25,1.66,0.0
Lithuania,2021,"Cloves (whole stems), raw",7.71,1.6,0.0
Lithuania,2023,"Cloves (whole stems), raw",9.08,1.72,0.0
Luxembourg,2000,"Cloves (whole stems), raw",1.0,0.0,0.0
Luxembourg,2001,"Cloves (whole stems), raw",0.0,0.0,0.0
Luxembourg,2002,"Cloves (whole stems), raw",1.0,0.0,0.0
Luxembourg,2003,"Cloves (whole stems), raw",2.0,0.0,0.0
Luxembourg,2004,"Cloves (whole stems), raw",2.0,0.0,0.0
Luxembourg,2005,"Cloves (whole stems), raw",1.0,0.0,0.0
Luxembourg,2006,"Cloves (whole stems), raw",1.0,0.0,0.0
Luxembourg,2007,"Cloves (whole stems), raw",1.0,0.0,0.0
Luxembourg,2008,"Cloves (whole stems), raw",1.0,0.0,0.0
Luxembourg,2009,"Cloves (whole stems), raw",1.0,0.0,0.0
Luxembourg,2010,"Cloves (whole stems), raw",1.0,0.0,0.0
Luxembourg,2011,"Cloves (whole stems), raw",1.0,0.0,0.0
Luxembourg,2012,"Cloves (whole stems), raw",1.0,0.0,0.0
Luxembourg,2013,"Cloves (whole stems), raw",1.0,0.0,0.0
Luxembourg,2015,"Cloves (whole stems), raw",0.89,0.07,0.0
Luxembourg,2017,"Cloves (whole stems), raw",1.05,0.07,0.0
Luxembourg,2018,"Cloves (whole stems), raw",1.23,0.07,0.0
Luxembourg,2019,"Cloves (whole stems), raw",1.15,0.05,0.0
Luxembourg,2020,"Cloves (whole stems), raw",1.0,0.07,0.0
Luxembourg,2021,"Cloves (whole stems), raw",1.32,0.09,0.0
Luxembourg,2022,"Cloves (whole stems), raw",0.87,0.06,0.0
Luxembourg,2023,"Cloves (whole stems), raw",1.34,0.03,0.0
Madagascar,2006,"Cloves (whole stems), raw",6.0,10358.0,9900.0
Madagascar,2007,"Cloves (whole stems), raw",10.0,13583.0,10051.0
Madagascar,2008,"Cloves (whole stems), raw",10.0,8286.0,10142.0
Madagascar,2009,"Cloves (whole stems), raw",0.0,15742.0,10233.0
Madagascar,2010,"Cloves (whole stems), raw",20.0,8306.0,10356.0
Madagascar,2011,"Cloves (whole stems), raw",0.0,22014.0,12459.91
Madagascar,2012,"Cloves (whole stems), raw",656.0,19168.0,14916.37
Madagascar,2013,"Cloves (whole stems), raw",1015.0,11697.0,17275.55
Madagascar,2014,"Cloves (whole stems), raw",26.0,11754.27,20697.0
Madagascar,2018,"Cloves (whole stems), raw",31.03,22603.13,23634.0
Madagascar,2020,"Cloves (whole stems), raw",47.04,14752.45,23931.0
Madagascar,2021,"Cloves (whole stems), raw",1.09,21179.49,24038.24
Madagascar,2022,"Cloves (whole stems), raw",14.21,46715.83,24119.68
Malawi,1993,"Cloves (whole stems), raw",1.0,0.0,0.0
Malawi,1995,"Cloves (whole stems), raw",0.0,0.0,0.0
Malawi,1996,"Cloves (whole stems), raw",0.0,0.0,0.0
Malawi,1997,"Cloves (whole stems), raw",0.0,0.0,0.0
Malawi,1998,"Cloves (whole stems), raw",0.0,0.0,0.0
Malawi,1999,"Cloves (whole stems), raw",0.0,0.0,0.0
Malawi,2000,"Cloves (whole stems), raw",0.0,0.0,0.0
Malawi,2001,"Cloves (whole stems), raw",0.0,0.0,0.0
Malawi,2002,"Cloves (whole stems), raw",0.0,0.0,0.0
Malawi,2003,"Cloves (whole stems), raw",0.0,0.0,0.0
Malawi,2004,"Cloves (whole stems), raw",0.0,0.0,0.0
Malawi,2005,"Cloves (whole stems), raw",0.0,0.0,0.0
Malawi,2006,"Cloves (whole stems), raw",0.0,0.0,0.0
Malawi,2007,"Cloves (whole stems), raw",1.0,0.0,0.0
Malawi,2008,"Cloves (whole stems), raw",0.0,0.0,0.0
Malawi,2010,"Cloves (whole stems), raw",0.0,0.0,0.0
Malawi,2011,"Cloves (whole stems), raw",0.0,0.0,0.0
Malawi,2012,"Cloves (whole stems), raw",0.0,0.0,0.0
Malawi,2013,"Cloves (whole stems), raw",0.0,0.0,0.0
Malawi,2014,"Cloves (whole stems), raw",0.09,0.0,0.0
Malawi,2015,"Cloves (whole stems), raw",0.08,0.0,0.0
Malawi,2016,"Cloves (whole stems), raw",0.18,0.0,0.0
Malawi,2017,"Cloves (whole stems), raw",0.15,0.0,0.0
Malawi,2018,"Cloves (whole stems), raw",0.96,0.0,0.0
Malawi,2019,"Cloves (whole stems), raw",0.57,0.0,0.0
Malawi,2020,"Cloves (whole stems), raw",0.11,0.0,0.0
Malawi,2021,"Cloves (whole stems), raw",0.45,0.0,0.0
Malawi,2022,"Cloves (whole stems), raw",0.06,0.0,0.0
Malawi,2023,"Cloves (whole stems), raw",0.09,0.0,0.0
Malaysia,1993,"Cloves (whole stems), raw",768.0,184.0,255.0
Malaysia,1995,"Cloves (whole stems), raw",1481.0,100.0,224.18
Malaysia,1996,"Cloves (whole stems), raw",1081.0,145.0,217.6
Malaysia,1997,"Cloves (whole stems), raw",1300.0,130.0,200.0
Malaysia,1998,"Cloves (whole stems), raw",1434.0,124.0,209.31
Malaysia,2000,"Cloves (whole stems), raw",913.0,261.0,206.18
Malaysia,2001,"Cloves (whole stems), raw",2000.0,223.0,204.76
Malaysia,2002,"Cloves (whole stems), raw",869.0,193.0,204.23
Malaysia,2003,"Cloves (whole stems), raw",862.0,60.0,215.28
Malaysia,2004,"Cloves (whole stems), raw",2581.0,127.0,216.1
Malaysia,2005,"Cloves (whole stems), raw",1778.0,270.0,216.94
Malaysia,2006,"Cloves (whole stems), raw",794.0,101.0,217.77
Malaysia,2007,"Cloves (whole stems), raw",958.0,146.0,218.55
Malaysia,2008,"Cloves (whole stems), raw",497.0,81.0,219.27
Malaysia,2009,"Cloves (whole stems), raw",1193.0,103.0,219.9
Malaysia,2010,"Cloves (whole stems), raw",635.0,120.0,220.42
Malaysia,2012,"Cloves (whole stems), raw",972.0,236.0,220.0
Malaysia,2013,"Cloves (whole stems), raw",691.0,163.0,218.93
Malaysia,2015,"Cloves (whole stems), raw",1154.92,120.59,223.93
Malaysia,2016,"Cloves (whole stems), raw",999.39,124.81,225.68
Malaysia,2017,"Cloves (whole stems), raw",901.0,43.85,226.17
Malaysia,2019,"Cloves (whole stems), raw",756.19,86.09,225.34
Malaysia,2020,"Cloves (whole stems), raw",2039.71,46.96,223.01
Malaysia,2022,"Cloves (whole stems), raw",1679.42,50.4,221.56
Malaysia,2023,"Cloves (whole stems), raw",545.62,38.0,221.07
Maldives,1993,"Cloves (whole stems), raw",25.0,0.0,0.0
Maldives,1994,"Cloves (whole stems), raw",18.0,0.0,0.0
Maldives,1995,"Cloves (whole stems), raw",18.0,0.0,0.0
Maldives,1996,"Cloves (whole stems), raw",30.0,0.0,0.0
Maldives,1997,"Cloves (whole stems), raw",30.0,0.0,0.0
Maldives,1998,"Cloves (whole stems), raw",30.0,0.0,0.0
Maldives,1999,"Cloves (whole stems), raw",30.0,0.0,0.0
Maldives,2001,"Cloves (whole stems), raw",28.0,0.0,0.0
Maldives,2002,"Cloves (whole stems), raw",34.0,0.0,0.0
Maldives,2003,"Cloves (whole stems), raw",26.0,0.0,0.0
Maldives,2004,"Cloves (whole stems), raw",24.0,0.0,0.0
Maldives,2005,"Cloves (whole stems), raw",31.0,0.0,0.0
Maldives,2006,"Cloves (whole stems), raw",29.0,0.0,0.0
Maldives,2007,"Cloves (whole stems), raw",40.0,0.0,0.0
Maldives,2008,"Cloves (whole stems), raw",32.0,0.0,0.0
Maldives,2009,"Cloves (whole stems), raw",14.0,0.0,0.0
Maldives,2010,"Cloves (whole stems), raw",34.0,0.0,0.0
Maldives,2011,"Cloves (whole stems), raw",30.0,0.0,0.0
Maldives,2012,"Cloves (whole stems), raw",19.0,0.0,0.0
Maldives,2013,"Cloves (whole stems), raw",6.0,0.0,0.0
Maldives,2014,"Cloves (whole stems), raw",21.92,0.0,0.0
Maldives,2015,"Cloves (whole stems), raw",36.06,0.0,0.0
Maldives,2016,"Cloves (whole stems), raw",31.76,0.0,0.0
Maldives,2017,"Cloves (whole stems), raw",41.02,0.0,0.0
Maldives,2018,"Cloves (whole stems), raw",26.72,0.0,0.0
Maldives,2019,"Cloves (whole stems), raw",119.9,0.0,0.0
Maldives,2020,"Cloves (whole stems), raw",113.23,0.0,0.0
Maldives,2021,"Cloves (whole stems), raw",60.26,0.0,0.0
Maldives,2022,"Cloves (whole stems), raw",76.17,0.0,0.0
Maldives,2023,"Cloves (whole stems), raw",82.01,0.0,0.0
Mali,1996,"Cloves (whole stems), raw",0.0,0.0,0.0
Mali,1998,"Cloves (whole stems), raw",12.31,0.0,0.0
Mali,2001,"Cloves (whole stems), raw",1.0,0.0,0.0
Mali,2002,"Cloves (whole stems), raw",1.0,0.0,0.0
Mali,2003,"Cloves (whole stems), raw",0.0,0.0,0.0
Mali,2004,"Cloves (whole stems), raw",0.0,0.0,0.0
Mali,2005,"Cloves (whole stems), raw",0.0,0.0,0.0
Mali,2006,"Cloves (whole stems), raw",0.0,0.0,0.0
Mali,2007,"Cloves (whole stems), raw",0.0,0.0,0.0
Mali,2008,"Cloves (whole stems), raw",0.0,0.0,0.0
Mali,2009,"Cloves (whole stems), raw",0.0,0.0,0.0
Mali,2010,"Cloves (whole stems), raw",0.0,0.0,0.0
Mali,2011,"Cloves (whole stems), raw",0.0,0.0,0.0
Mali,2012,"Cloves (whole stems), raw",23.0,0.0,0.0
Mali,2013,"Cloves (whole stems), raw",23.0,0.0,0.0
Mali,2015,"Cloves (whole stems), raw",2.75,0.0,0.0
Mali,2018,"Cloves (whole stems), raw",2.11,0.0,0.0
Mali,2019,"Cloves (whole stems), raw",6.74,0.0,0.0
Mali,2020,"Cloves (whole stems), raw",1.3,0.02,0.0
Mali,2021,"Cloves (whole stems), raw",4.84,0.01,0.0
Mali,2023,"Cloves (whole stems), raw",4.35,0.89,0.0
Malta,1993,"Cloves (whole stems), raw",0.0,0.0,0.0
Malta,1994,"Cloves (whole stems), raw",1.0,0.0,0.0
Malta,1995,"Cloves (whole stems), raw",4.0,0.0,0.0
Malta,1996,"Cloves (whole stems), raw",2.0,0.0,0.0
Malta,1997,"Cloves (whole stems), raw",2.0,0.0,0.0
Malta,1998,"Cloves (whole stems), raw",3.0,0.0,0.0
Malta,1999,"Cloves (whole stems), raw",2.0,0.0,0.0
Malta,2000,"Cloves (whole stems), raw",2.0,0.0,0.0
Malta,2001,"Cloves (whole stems), raw",4.0,0.0,0.0
Malta,2002,"Cloves (whole stems), raw",3.0,0.0,0.0
Malta,2004,"Cloves (whole stems), raw",1.0,0.0,0.0
Malta,2005,"Cloves (whole stems), raw",1.0,0.0,0.0
Malta,2006,"Cloves (whole stems), raw",1.0,0.0,0.0
Malta,2007,"Cloves (whole stems), raw",4.0,0.0,0.0
Malta,2008,"Cloves (whole stems), raw",1.0,0.0,0.0
Malta,2009,"Cloves (whole stems), raw",4.0,0.0,0.0
Malta,2010,"Cloves (whole stems), raw",1.0,0.0,0.0
Malta,2011,"Cloves (whole stems), raw",1.0,0.0,0.0
Malta,2012,"Cloves (whole stems), raw",2.0,0.0,0.0
Malta,2013,"Cloves (whole stems), raw",1.0,0.0,0.0
Malta,2014,"Cloves (whole stems), raw",0.7,0.0,0.0
Malta,2015,"Cloves (whole stems), raw",1.75,0.0,0.0
Malta,2016,"Cloves (whole stems), raw",1.02,0.0,0.0
Malta,2017,"Cloves (whole stems), raw",2.58,0.0,0.0
Malta,2018,"Cloves (whole stems), raw",1.08,0.0,0.0
Malta,2020,"Cloves (whole stems), raw",4.25,0.0,0.0
Malta,2021,"Cloves (whole stems), raw",0.31,0.0,0.0
Malta,2022,"Cloves (whole stems), raw",1.23,0.0,0.0
Malta,2023,"Cloves (whole stems), raw",2.58,0.0,0.0
Mauritania,1994,"Cloves (whole stems), raw",0.0,0.0,0.0
Mauritania,1995,"Cloves (whole stems), raw",0.0,0.0,0.0
Mauritania,1996,"Cloves (whole stems), raw",0.0,0.0,0.0
Mauritania,1997,"Cloves (whole stems), raw",0.0,0.0,0.0
Mauritania,1998,"Cloves (whole stems), raw",0.0,0.0,0.0
Mauritania,1999,"Cloves (whole stems), raw",20.0,0.0,0.0
Mauritania,2000,"Cloves (whole stems), raw",10.0,0.0,0.0
Mauritania,2001,"Cloves (whole stems), raw",8.0,0.0,0.0
Mauritania,2002,"Cloves (whole stems), raw",8.0,0.0,0.0
Mauritania,2003,"Cloves (whole stems), raw",0.0,0.0,0.0
Mauritania,2004,"Cloves (whole stems), raw",0.0,0.0,0.0
Mauritania,2005,"Cloves (whole stems), raw",0.0,0.0,0.0
Mauritania,2006,"Cloves (whole stems), raw",0.0,0.0,0.0
Mauritania,2007,"Cloves (whole stems), raw",0.0,0.0,0.0
Mauritania,2008,"Cloves (whole stems), raw",0.0,0.0,0.0
Mauritania,2009,"Cloves (whole stems), raw",0.0,0.0,0.0
Mauritania,2010,"Cloves (whole stems), raw",0.0,0.0,0.0
Mauritania,2011,"Cloves (whole stems), raw",0.0,0.0,0.0
Mauritania,2012,"Cloves (whole stems), raw",0.0,0.0,0.0
Mauritania,2013,"Cloves (whole stems), raw",0.0,0.0,0.0
Mauritania,2015,"Cloves (whole stems), raw",3.01,0.0,0.0
Mauritania,2021,"Cloves (whole stems), raw",22.9,0.0,0.0
Mauritania,2022,"Cloves (whole stems), raw",28.38,0.0,0.0
Mauritania,2023,"Cloves (whole stems), raw",26.94,0.0,0.0
Mauritius,1993,"Cloves (whole stems), raw",24.0,0.0,0.0
Mauritius,1994,"Cloves (whole stems), raw",12.0,0.0,0.0
Mauritius,1995,"Cloves (whole stems), raw",8.0,0.0,0.0
Mauritius,1996,"Cloves (whole stems), raw",39.0,0.0,0.0
Mauritius,1997,"Cloves (whole stems), raw",6.0,0.0,0.0
Mauritius,1998,"Cloves (whole stems), raw",29.0,0.0,0.0
Mauritius,1999,"Cloves (whole stems), raw",9.0,0.0,0.0
Mauritius,2000,"Cloves (whole stems), raw",22.89,0.0,0.0
Mauritius,2001,"Cloves (whole stems), raw",16.0,0.0,0.0
Mauritius,2003,"Cloves (whole stems), raw",74.0,59.0,0.0
Mauritius,2004,"Cloves (whole stems), raw",110.0,60.0,0.0
Mauritius,2005,"Cloves (whole stems), raw",18.0,0.0,0.0
Mauritius,2006,"Cloves (whole stems), raw",45.0,10.0,0.0
Mauritius,2007,"Cloves (whole stems), raw",16.0,1.0,0.0
Mauritius,2008,"Cloves (whole stems), raw",72.0,0.0,0.0
Mauritius,2009,"Cloves (whole stems), raw",4.0,0.0,0.0
Mauritius,2010,"Cloves (whole stems), raw",33.0,0.0,0.0
Mauritius,2011,"Cloves (whole stems), raw",28.0,0.0,0.0
Mauritius,2012,"Cloves (whole stems), raw",29.0,0.0,0.0
Mauritius,2014,"Cloves (whole stems), raw",29.27,0.01,0.0
Mauritius,2016,"Cloves (whole stems), raw",27.18,0.0,0.0
Mauritius,2017,"Cloves (whole stems), raw",32.65,0.01,0.0
Mauritius,2018,"Cloves (whole stems), raw",46.16,0.0,0.0
Mauritius,2019,"Cloves (whole stems), raw",38.37,0.34,0.0
Mauritius,2020,"Cloves (whole stems), raw",38.39,0.52,0.0
Mauritius,2021,"Cloves (whole stems), raw",30.23,0.09,0.0
Mauritius,2022,"Cloves (whole stems), raw",45.72,0.06,0.0
Mexico,1993,"Cloves (whole stems), raw",449.0,0.0,0.0
Mexico,1995,"Cloves (whole stems), raw",77.0,2.0,0.0
Mexico,1996,"Cloves (whole stems), raw",209.0,10.0,0.0
Mexico,1997,"Cloves (whole stems), raw",372.0,8.0,0.0
Mexico,2000,"Cloves (whole stems), raw",102.14,12.05,0.0
Mexico,2001,"Cloves (whole stems), raw",257.0,2.0,0.0
Mexico,2002,"Cloves (whole stems), raw",796.0,15.0,0.0
Mexico,2003,"Cloves (whole stems), raw",1154.0,22.0,0.0
Mexico,2004,"Cloves (whole stems), raw",292.0,3.0,0.0
Mexico,2005,"Cloves (whole stems), raw",206.0,7.0,0.0
Mexico,2006,"Cloves (whole stems), raw",500.0,0.0,0.0
Mexico,2008,"Cloves (whole stems), raw",366.0,1.0,0.0
Mexico,2009,"Cloves (whole stems), raw",591.0,2.0,0.0
Mexico,2010,"Cloves (whole stems), raw",442.0,1.0,0.0
Mexico,2011,"Cloves (whole stems), raw",483.0,5.0,0.0
Mexico,2012,"Cloves (whole stems), raw",444.0,3.0,0.0
Mexico,2013,"Cloves (whole stems), raw",490.0,3.0,0.0
Mexico,2015,"Cloves (whole stems), raw",783.68,5.08,0.0
Mexico,2016,"Cloves (whole stems), raw",594.46,1.54,0.0
Mexico,2017,"Cloves (whole stems), raw",673.58,2.14,0.0
Mexico,2018,"Cloves (whole stems), raw",588.2,1.16,0.0
Mexico,2019,"Cloves (whole stems), raw",577.61,0.92,0.0
Mexico,2020,"Cloves (whole stems), raw",666.94,0.0,0.0
Mexico,2021,"Cloves (whole stems), raw",435.22,0.0,0.0
Mexico,2022,"Cloves (whole stems), raw",683.01,0.0,0.0
Mongolia,2014,"Cloves (whole stems), raw",0.1,0.0,0.0
Mongolia,2015,"Cloves (whole stems), raw",0.02,0.0,0.0
Mongolia,2016,"Cloves (whole stems), raw",0.06,0.0,0.0
Mongolia,2017,"Cloves (whole stems), raw",0.22,0.0,0.0
Mongolia,2018,"Cloves (whole stems), raw",0.28,0.0,0.0
Mongolia,2019,"Cloves (whole stems), raw",0.18,0.0,0.0
Mongolia,2020,"Cloves (whole stems), raw",0.32,0.0,0.0
Mongolia,2021,"Cloves (whole stems), raw",1.36,0.0,0.0
Mongolia,2022,"Cloves (whole stems), raw",0.99,0.0,0.0
Montenegro,2007,"Cloves (whole stems), raw",0.0,0.0,0.0
Montenegro,2008,"Cloves (whole stems), raw",0.0,0.0,0.0
Montenegro,2009,"Cloves (whole stems), raw",0.0,0.0,0.0
Montenegro,2010,"Cloves (whole stems), raw",0.0,0.0,0.0
Montenegro,2011,"Cloves (whole stems), raw",0.0,0.0,0.0
Montenegro,2012,"Cloves (whole stems), raw",0.0,0.0,0.0
Montenegro,2013,"Cloves (whole stems), raw",0.0,0.0,0.0
Montenegro,2014,"Cloves (whole stems), raw",0.23,0.0,0.0
Montenegro,2015,"Cloves (whole stems), raw",0.19,0.0,0.0
Montenegro,2016,"Cloves (whole stems), raw",0.31,0.0,0.0
Montenegro,2017,"Cloves (whole stems), raw",0.24,0.0,0.0
Montenegro,2018,"Cloves (whole stems), raw",0.2,0.0,0.0
Montenegro,2019,"Cloves (whole stems), raw",0.37,0.0,0.0
Montenegro,2020,"Cloves (whole stems), raw",0.32,0.0,0.0
Montenegro,2021,"Cloves (whole stems), raw",0.43,0.0,0.0
Montenegro,2022,"Cloves (whole stems), raw",0.66,0.0,0.0
Montenegro,2023,"Cloves (whole stems), raw",0.78,0.0,0.0
Morocco,1994,"Cloves (whole stems), raw",373.0,2.0,0.0
Morocco,1995,"Cloves (whole stems), raw",250.0,0.0,0.0
Morocco,1996,"Cloves (whole stems), raw",83.0,1.0,0.0
Morocco,1997,"Cloves (whole stems), raw",252.0,0.0,0.0
Morocco,1998,"Cloves (whole stems), raw",205.0,0.0,0.0
Morocco,2000,"Cloves (whole stems), raw",0.0,0.0,0.0
Morocco,2001,"Cloves (whole stems), raw",0.0,2.0,0.0
Morocco,2002,"Cloves (whole stems), raw",42.0,0.0,0.0
Morocco,2003,"Cloves (whole stems), raw",206.0,5.0,0.0
Morocco,2004,"Cloves (whole stems), raw",166.0,7.0,0.0
Morocco,2005,"Cloves (whole stems), raw",17.0,0.0,0.0
Morocco,2006,"Cloves (whole stems), raw",110.0,0.0,0.0
Morocco,2007,"Cloves (whole stems), raw",168.0,0.0,0.0
Morocco,2008,"Cloves (whole stems), raw",100.0,0.0,0.0
Morocco,2009,"Cloves (whole stems), raw",222.0,0.0,0.0
Morocco,2010,"Cloves (whole stems), raw",57.0,0.0,0.0
Morocco,2011,"Cloves (whole stems), raw",101.0,0.0,0.0
Morocco,2012,"Cloves (whole stems), raw",22.0,0.0,0.0
Morocco,2014,"Cloves (whole stems), raw",65.21,0.01,0.0
Morocco,2015,"Cloves (whole stems), raw",23.27,0.01,0.0
Morocco,2016,"Cloves (whole stems), raw",31.16,0.0,0.0
Morocco,2017,"Cloves (whole stems), raw",47.99,0.65,0.0
Morocco,2019,"Cloves (whole stems), raw",162.41,0.0,0.0
Morocco,2021,"Cloves (whole stems), raw",210.99,0.07,0.0
Morocco,2022,"Cloves (whole stems), raw",193.38,0.39,0.0
Morocco,2023,"Cloves (whole stems), raw",157.83,0.28,0.0
Mozambique,1993,"Cloves (whole stems), raw",0.0,0.0,0.0
Mozambique,1994,"Cloves (whole stems), raw",0.0,0.0,0.0
Mozambique,1995,"Cloves (whole stems), raw",0.0,0.0,0.0
Mozambique,1996,"Cloves (whole stems), raw",0.0,0.0,0.0
Mozambique,1997,"Cloves (whole stems), raw",0.0,0.0,0.0
Mozambique,1998,"Cloves (whole stems), raw",0.0,0.0,0.0
Mozambique,1999,"Cloves (whole stems), raw",0.0,0.0,0.0
Mozambique,2000,"Cloves (whole stems), raw",0.0,0.0,0.0
Mozambique,2001,"Cloves (whole stems), raw",0.0,0.0,0.0
Mozambique,2002,"Cloves (whole stems), raw",0.0,0.0,0.0
Mozambique,2004,"Cloves (whole stems), raw",0.0,0.0,0.0
Mozambique,2005,"Cloves (whole stems), raw",0.0,0.0,0.0
Mozambique,2006,"Cloves (whole stems), raw",0.0,0.0,0.0
Mozambique,2007,"Cloves (whole stems), raw",0.0,0.0,0.0
Mozambique,2008,"Cloves (whole stems), raw",0.0,0.0,0.0
Mozambique,2009,"Cloves (whole stems), raw",0.0,0.0,0.0
Mozambique,2010,"Cloves (whole stems), raw",0.0,0.0,0.0
Mozambique,2011,"Cloves (whole stems), raw",0.0,0.0,0.0
Mozambique,2012,"Cloves (whole stems), raw",2.0,1.0,0.0
Mozambique,2013,"Cloves (whole stems), raw",1.0,1.0,0.0
Mozambique,2014,"Cloves (whole stems), raw",4.87,0.0,0.0
Mozambique,2016,"Cloves (whole stems), raw",1.1,0.0,0.0
Mozambique,2017,"Cloves (whole stems), raw",0.77,0.0,0.0
Mozambique,2018,"Cloves (whole stems), raw",0.19,0.0,0.0
Mozambique,2019,"Cloves (whole stems), raw",1.67,0.0,0.0
Mozambique,2020,"Cloves (whole stems), raw",1.0,0.0,0.0
Mozambique,2022,"Cloves (whole stems), raw",2.77,0.0,0.0
Myanmar,1993,"Cloves (whole stems), raw",0.0,0.0,0.0
Myanmar,1994,"Cloves (whole stems), raw",0.0,0.0,0.0
Myanmar,1995,"Cloves (whole stems), raw",0.0,0.0,0.0
Myanmar,1996,"Cloves (whole stems), raw",150.0,0.0,0.0
Myanmar,1997,"Cloves (whole stems), raw",380.0,0.0,0.0
Myanmar,1999,"Cloves (whole stems), raw",220.0,0.0,0.0
Myanmar,2000,"Cloves (whole stems), raw",610.0,0.0,0.0
Myanmar,2001,"Cloves (whole stems), raw",200.0,0.0,0.0
Myanmar,2002,"Cloves (whole stems), raw",215.0,0.0,0.0
Myanmar,2003,"Cloves (whole stems), raw",82.0,0.0,0.0
Myanmar,2004,"Cloves (whole stems), raw",11.0,0.0,0.0
Myanmar,2006,"Cloves (whole stems), raw",55.0,0.0,0.0
Myanmar,2007,"Cloves (whole stems), raw",130.0,2.0,0.0
Myanmar,2008,"Cloves (whole stems), raw",59.0,0.0,0.0
Myanmar,2009,"Cloves (whole stems), raw",156.0,0.0,0.0
Myanmar,2010,"Cloves (whole stems), raw",99.0,0.0,0.0
Myanmar,2011,"Cloves (whole stems), raw",67.0,0.0,0.0
Myanmar,2012,"Cloves (whole stems), raw",70.0,0.0,0.0
Myanmar,2013,"Cloves (whole stems), raw",137.0,0.0,0.0
Myanmar,2014,"Cloves (whole stems), raw",15.98,0.0,0.0
Myanmar,2015,"Cloves (whole stems), raw",21.23,0.0,0.0
Myanmar,2016,"Cloves (whole stems), raw",45.39,0.0,0.0
Myanmar,2017,"Cloves (whole stems), raw",74.31,0.0,0.0
Myanmar,2018,"Cloves (whole stems), raw",150.54,0.0,0.0
Myanmar,2019,"Cloves (whole stems), raw",150.98,0.0,0.0
Myanmar,2021,"Cloves (whole stems), raw",110.75,0.0,0.0
Myanmar,2022,"Cloves (whole stems), raw",104.8,0.0,0.0
Myanmar,2023,"Cloves (whole stems), raw",82.14,0.0,0.0
Namibia,1997,"Cloves (whole stems), raw",3.0,0.0,0.0
Namibia,1998,"Cloves (whole stems), raw",0.0,0.0,0.0
Namibia,2001,"Cloves (whole stems), raw",0.0,0.0,0.0
Namibia,2002,"Cloves (whole stems), raw",3.0,0.0,0.0
Namibia,2003,"Cloves (whole stems), raw",1.0,0.0,0.0
Namibia,2004,"Cloves (whole stems), raw",15.0,6.0,0.0
Namibia,2005,"Cloves (whole stems), raw",15.0,3.0,0.0
Namibia,2006,"Cloves (whole stems), raw",60.0,46.0,0.0
Namibia,2007,"Cloves (whole stems), raw",33.0,56.0,0.0
Namibia,2008,"Cloves (whole stems), raw",67.0,0.0,0.0
Namibia,2009,"Cloves (whole stems), raw",0.0,0.0,0.0
Namibia,2010,"Cloves (whole stems), raw",0.0,0.0,0.0
Namibia,2011,"Cloves (whole stems), raw",0.0,0.0,0.0
Namibia,2012,"Cloves (whole stems), raw",1.0,0.0,0.0
Namibia,2013,"Cloves (whole stems), raw",1.0,0.0,0.0
Namibia,2014,"Cloves (whole stems), raw",1.13,0.0,0.0
Namibia,2016,"Cloves (whole stems), raw",0.98,0.0,0.0
Namibia,2017,"Cloves (whole stems), raw",5.43,0.02,0.0
Namibia,2018,"Cloves (whole stems), raw",9.82,0.0,0.0
Namibia,2019,"Cloves (whole stems), raw",3.04,0.0,0.0
Namibia,2022,"Cloves (whole stems), raw",4.1,0.0,0.0
Namibia,2023,"Cloves (whole stems), raw",3.42,0.0,0.0
Nauru,2018,"Cloves (whole stems), raw",0.01,0.0,0.0
Nauru,2019,"Cloves (whole stems), raw",0.06,0.0,0.0
Nauru,2021,"Cloves (whole stems), raw",0.0,0.0,0.0
Nauru,2022,"Cloves (whole stems), raw",0.09,0.0,0.0
Nauru,2023,"Cloves (whole stems), raw",0.03,0.0,0.0
Nepal,1993,"Cloves (whole stems), raw",500.0,0.0,0.0
Nepal,1994,"Cloves (whole stems), raw",3500.0,0.0,0.0
Nepal,1995,"Cloves (whole stems), raw",3000.0,0.0,0.0
Nepal,1996,"Cloves (whole stems), raw",1800.0,0.0,0.0
Nepal,1997,"Cloves (whole stems), raw",2000.0,0.0,0.0
Nepal,1998,"Cloves (whole stems), raw",2000.0,0.0,0.0
Nepal,1999,"Cloves (whole stems), raw",140.0,0.0,0.0
Nepal,2000,"Cloves (whole stems), raw",200.0,0.0,0.0
Nepal,2001,"Cloves (whole stems), raw",250.0,0.0,0.0
Nepal,2002,"Cloves (whole stems), raw",920.0,0.0,0.0
Nepal,2004,"Cloves (whole stems), raw",390.0,0.0,0.0
Nepal,2005,"Cloves (whole stems), raw",320.0,0.0,0.0
Nepal,2006,"Cloves (whole stems), raw",120.0,0.0,0.0
Nepal,2007,"Cloves (whole stems), raw",144.0,0.0,0.0
Nepal,2008,"Cloves (whole stems), raw",50.0,0.0,0.0
Nepal,2009,"Cloves (whole stems), raw",161.0,0.0,0.0
Nepal,2011,"Cloves (whole stems), raw",238.0,0.0,0.0
Nepal,2012,"Cloves (whole stems), raw",198.0,0.0,0.0
Nepal,2013,"Cloves (whole stems), raw",120.0,0.0,0.0
Nepal,2014,"Cloves (whole stems), raw",212.27,0.0,0.0
Nepal,2015,"Cloves (whole stems), raw",187.5,0.0,0.0
Nepal,2016,"Cloves (whole stems), raw",274.81,0.0,0.0
Nepal,2017,"Cloves (whole stems), raw",231.11,0.03,0.0
Nepal,2019,"Cloves (whole stems), raw",265.75,0.0,0.0
Nepal,2021,"Cloves (whole stems), raw",276.1,0.0,0.0
Nepal,2022,"Cloves (whole stems), raw",224.07,0.0,0.0
Nepal,2023,"Cloves (whole stems), raw",247.63,0.0,0.0
Netherlands (Kingdom of the),1994,"Cloves (whole stems), raw",593.0,267.0,0.0
Netherlands (Kingdom of the),1995,"Cloves (whole stems), raw",738.0,291.0,0.0
Netherlands (Kingdom of the),1996,"Cloves (whole stems), raw",707.0,281.0,0.0
Netherlands (Kingdom of the),1997,"Cloves (whole stems), raw",821.0,341.0,0.0
Netherlands (Kingdom of the),1998,"Cloves (whole stems), raw",1214.0,226.0,0.0
Netherlands (Kingdom of the),1999,"Cloves (whole stems), raw",669.0,368.0,0.0
Netherlands (Kingdom of the),2000,"Cloves (whole stems), raw",1111.0,510.0,0.0
Netherlands (Kingdom of the),2001,"Cloves (whole stems), raw",1884.0,597.0,0.0
Netherlands (Kingdom of the),2002,"Cloves (whole stems), raw",1328.0,522.0,0.0
Netherlands (Kingdom of the),2004,"Cloves (whole stems), raw",652.0,436.0,0.0
Netherlands (Kingdom of the),2005,"Cloves (whole stems), raw",783.0,553.0,0.0
Netherlands (Kingdom of the),2006,"Cloves (whole stems), raw",697.0,505.0,0.0
Netherlands (Kingdom of the),2007,"Cloves (whole stems), raw",955.0,494.0,0.0
Netherlands (Kingdom of the),2008,"Cloves (whole stems), raw",976.0,571.0,0.0
Netherlands (Kingdom of the),2009,"Cloves (whole stems), raw",1260.0,657.0,0.0
Netherlands (Kingdom of the),2010,"Cloves (whole stems), raw",1313.0,684.0,0.0
Netherlands (Kingdom of the),2011,"Cloves (whole stems), raw",1477.0,759.0,0.0
Netherlands (Kingdom of the),2012,"Cloves (whole stems), raw",1515.0,728.0,0.0
Netherlands (Kingdom of the),2013,"Cloves (whole stems), raw",1276.0,723.0,0.0
Netherlands (Kingdom of the),2014,"Cloves (whole stems), raw",1418.94,674.4,0.0
Netherlands (Kingdom of the),2015,"Cloves (whole stems), raw",847.83,445.42,0.0
Netherlands (Kingdom of the),2016,"Cloves (whole stems), raw",706.79,459.91,0.0
Netherlands (Kingdom of the),2017,"Cloves (whole stems), raw",766.56,650.83,0.0
Netherlands (Kingdom of the),2018,"Cloves (whole stems), raw",635.7,582.77,0.0
Netherlands (Kingdom of the),2019,"Cloves (whole stems), raw",659.74,516.86,0.0
Netherlands (Kingdom of the),2020,"Cloves (whole stems), raw",683.88,496.22,0.0
Netherlands (Kingdom of the),2021,"Cloves (whole stems), raw",1143.96,749.42,0.0
Netherlands (Kingdom of the),2022,"Cloves (whole stems), raw",1421.69,927.22,0.0
Netherlands (Kingdom of the),2023,"Cloves (whole stems), raw",1140.33,925.4,0.0
New Caledonia,1997,"Cloves (whole stems), raw",1.0,0.0,0.0
New Caledonia,1998,"Cloves (whole stems), raw",1.0,0.0,0.0
New Caledonia,2001,"Cloves (whole stems), raw",1.0,0.0,0.0
New Caledonia,2002,"Cloves (whole stems), raw",1.0,0.0,0.0
New Caledonia,2003,"Cloves (whole stems), raw",1.0,0.0,0.0
New Caledonia,2004,"Cloves (whole stems), raw",0.0,0.0,0.0
New Caledonia,2005,"Cloves (whole stems), raw",0.0,0.0,0.0
New Caledonia,2006,"Cloves (whole stems), raw",0.0,0.0,0.0
New Caledonia,2007,"Cloves (whole stems), raw",1.0,0.0,0.0
New Caledonia,2008,"Cloves (whole stems), raw",1.0,0.0,0.0
New Caledonia,2009,"Cloves (whole stems), raw",0.0,0.0,0.0
New Caledonia,2010,"Cloves (whole stems), raw",0.0,0.0,0.0
New Caledonia,2011,"Cloves (whole stems), raw",0.0,0.0,0.0
New Caledonia,2013,"Cloves (whole stems), raw",0.0,0.0,0.0
New Caledonia,2014,"Cloves (whole stems), raw",0.52,0.01,0.0
New Caledonia,2017,"Cloves (whole stems), raw",0.02,0.0,0.0
New Caledonia,2018,"Cloves (whole stems), raw",0.01,0.0,0.0
New Caledonia,2019,"Cloves (whole stems), raw",0.02,0.0,0.0
New Caledonia,2020,"Cloves (whole stems), raw",0.02,0.0,0.0
New Caledonia,2021,"Cloves (whole stems), raw",0.05,0.0,0.0
New Caledonia,2022,"Cloves (whole stems), raw",0.01,0.0,0.0
New Caledonia,2023,"Cloves (whole stems), raw",0.08,0.0,0.0
New Zealand,1993,"Cloves (whole stems), raw",19.0,0.0,0.0
New Zealand,1995,"Cloves (whole stems), raw",23.0,0.0,0.0
New Zealand,1996,"Cloves (whole stems), raw",22.0,0.0,0.0
New Zealand,1998,"Cloves (whole stems), raw",22.0,0.0,0.0
New Zealand,1999,"Cloves (whole stems), raw",24.0,0.0,0.0
New Zealand,2001,"Cloves (whole stems), raw",23.0,0.0,0.0
New Zealand,2002,"Cloves (whole stems), raw",15.0,0.0,0.0
New Zealand,2003,"Cloves (whole stems), raw",29.0,0.0,0.0
New Zealand,2004,"Cloves (whole stems), raw",12.0,0.0,0.0
New Zealand,2005,"Cloves (whole stems), raw",26.0,0.0,0.0
New Zealand,2006,"Cloves (whole stems), raw",23.0,0.0,0.0
New Zealand,2007,"Cloves (whole stems), raw",19.0,0.0,0.0
New Zealand,2008,"Cloves (whole stems), raw",23.0,0.0,0.0
New Zealand,2009,"Cloves (whole stems), raw",17.0,0.0,0.0
New Zealand,2010,"Cloves (whole stems), raw",37.0,1.0,0.0
New Zealand,2011,"Cloves (whole stems), raw",14.0,0.0,0.0
New Zealand,2012,"Cloves (whole stems), raw",47.0,1.0,0.0
New Zealand,2013,"Cloves (whole stems), raw",22.0,0.0,0.0
New Zealand,2015,"Cloves (whole stems), raw",73.34,0.24,0.0
New Zealand,2016,"Cloves (whole stems), raw",64.39,0.22,0.0
New Zealand,2017,"Cloves (whole stems), raw",26.85,0.12,0.0
New Zealand,2018,"Cloves (whole stems), raw",26.11,0.29,0.0
New Zealand,2019,"Cloves (whole stems), raw",26.26,0.04,0.0
New Zealand,2020,"Cloves (whole stems), raw",28.11,0.02,0.0
New Zealand,2021,"Cloves (whole stems), raw",24.22,0.02,0.0
New Zealand,2022,"Cloves (whole stems), raw",31.15,0.12,0.0
New Zealand,2023,"Cloves (whole stems), raw",25.9,0.27,0.0
Nicaragua,1993,"Cloves (whole stems), raw",13.0,0.0,0.0
Nicaragua,1994,"Cloves (whole stems), raw",10.0,0.0,0.0
Nicaragua,1995,"Cloves (whole stems), raw",11.0,0.0,0.0
Nicaragua,1996,"Cloves (whole stems), raw",9.0,0.0,0.0
Nicaragua,1997,"Cloves (whole stems), raw",8.0,0.0,0.0
Nicaragua,1998,"Cloves (whole stems), raw",7.0,0.0,0.0
Nicaragua,2000,"Cloves (whole stems), raw",8.8,0.0,0.0
Nicaragua,2001,"Cloves (whole stems), raw",5.0,0.0,0.0
Nicaragua,2002,"Cloves (whole stems), raw",12.0,0.0,0.0
Nicaragua,2003,"Cloves (whole stems), raw",4.0,0.0,0.0
Nicaragua,2004,"Cloves (whole stems), raw",10.0,0.0,0.0
Nicaragua,2005,"Cloves (whole stems), raw",8.0,0.0,0.0
Nicaragua,2006,"Cloves (whole stems), raw",5.0,0.0,0.0
Nicaragua,2007,"Cloves (whole stems), raw",13.0,0.0,0.0
Nicaragua,2008,"Cloves (whole stems), raw",3.0,0.0,0.0
Nicaragua,2009,"Cloves (whole stems), raw",13.0,0.0,0.0
Nicaragua,2010,"Cloves (whole stems), raw",9.0,0.0,0.0
Nicaragua,2011,"Cloves (whole stems), raw",6.0,0.0,0.0
Nicaragua,2012,"Cloves (whole stems), raw",11.0,0.0,0.0
Nicaragua,2013,"Cloves (whole stems), raw",12.0,0.0,0.0
Nicaragua,2014,"Cloves (whole stems), raw",12.02,0.0,0.0
Nicaragua,2015,"Cloves (whole stems), raw",18.34,0.0,0.0
Nicaragua,2016,"Cloves (whole stems), raw",11.85,0.0,0.0
Nicaragua,2017,"Cloves (whole stems), raw",25.11,0.01,0.0
Nicaragua,2018,"Cloves (whole stems), raw",31.4,4.54,0.0
Nicaragua,2019,"Cloves (whole stems), raw",16.32,6.01,0.0
Nicaragua,2020,"Cloves (whole stems), raw",26.85,1.96,0.0
Nicaragua,2021,"Cloves (whole stems), raw",27.81,0.0,0.0
Nicaragua,2022,"Cloves (whole stems), raw",38.33,1.4,0.0
Nicaragua,2023,"Cloves (whole stems), raw",20.27,4.15,0.0
Niger,1993,"Cloves (whole stems), raw",0.0,0.0,0.0
Niger,1994,"Cloves (whole stems), raw",0.0,0.0,0.0
Niger,1995,"Cloves (whole stems), raw",0.0,0.0,0.0
Niger,1996,"Cloves (whole stems), raw",0.0,0.0,0.0
Niger,1997,"Cloves (whole stems), raw",0.0,0.0,0.0
Niger,1999,"Cloves (whole stems), raw",0.02,0.0,0.0
Niger,2001,"Cloves (whole stems), raw",0.0,0.0,0.0
Niger,2003,"Cloves (whole stems), raw",1.0,0.0,0.0
Niger,2004,"Cloves (whole stems), raw",1.0,0.0,0.0
Niger,2005,"Cloves (whole stems), raw",0.0,0.0,0.0
Niger,2006,"Cloves (whole stems), raw",0.0,0.0,0.0
Niger,2007,"Cloves (whole stems), raw",0.0,0.0,0.0
Niger,2008,"Cloves (whole stems), raw",0.0,0.0,0.0
Niger,2009,"Cloves (whole stems), raw",0.0,0.0,0.0
Niger,2010,"Cloves (whole stems), raw",0.0,0.0,0.0
Niger,2011,"Cloves (whole stems), raw",0.0,0.0,0.0
Niger,2012,"Cloves (whole stems), raw",0.0,0.0,0.0
Niger,2013,"Cloves (whole stems), raw",0.0,0.0,0.0
Niger,2015,"Cloves (whole stems), raw",0.15,0.0,0.0
Niger,2016,"Cloves (whole stems), raw",0.24,0.0,0.0
Niger,2020,"Cloves (whole stems), raw",2.67,0.0,0.0
Niger,2021,"Cloves (whole stems), raw",0.05,0.0,0.0
Niger,2022,"Cloves (whole stems), raw",1.24,0.0,0.0
Niger,2023,"Cloves (whole stems), raw",1.06,0.0,0.0
Nigeria,1993,"Cloves (whole stems), raw",361.0,0.0,0.0
Nigeria,1995,"Cloves (whole stems), raw",209.0,56.0,0.0
Nigeria,1996,"Cloves (whole stems), raw",209.0,56.0,0.0
Nigeria,1997,"Cloves (whole stems), raw",209.0,56.0,0.0
Nigeria,1998,"Cloves (whole stems), raw",209.0,56.0,0.0
Nigeria,1999,"Cloves (whole stems), raw",209.0,56.0,0.0
Nigeria,2000,"Cloves (whole stems), raw",69.68,0.0,0.0
Nigeria,2001,"Cloves (whole stems), raw",100.0,60.0,0.0
Nigeria,2002,"Cloves (whole stems), raw",110.0,33.0,0.0
Nigeria,2003,"Cloves (whole stems), raw",60.0,20.0,0.0
Nigeria,2004,"Cloves (whole stems), raw",63.0,30.0,0.0
Nigeria,2005,"Cloves (whole stems), raw",171.0,33.0,0.0
Nigeria,2006,"Cloves (whole stems), raw",164.0,3.0,0.0
Nigeria,2007,"Cloves (whole stems), raw",245.0,3.0,0.0
Nigeria,2008,"Cloves (whole stems), raw",43.0,3.0,0.0
Nigeria,2010,"Cloves (whole stems), raw",400.0,1.0,0.0
Nigeria,2011,"Cloves (whole stems), raw",335.0,1.0,0.0
Nigeria,2012,"Cloves (whole stems), raw",264.0,0.0,0.0
Nigeria,2013,"Cloves (whole stems), raw",191.0,0.0,0.0
Nigeria,2014,"Cloves (whole stems), raw",224.54,0.46,0.0
Nigeria,2015,"Cloves (whole stems), raw",294.9,0.0,0.0
Nigeria,2016,"Cloves (whole stems), raw",220.62,10.5,0.0
Nigeria,2017,"Cloves (whole stems), raw",208.33,0.31,0.0
Nigeria,2018,"Cloves (whole stems), raw",127.97,14.24,0.0
Nigeria,2019,"Cloves (whole stems), raw",332.15,0.02,0.0
Nigeria,2021,"Cloves (whole stems), raw",314.41,13.07,0.0
Nigeria,2023,"Cloves (whole stems), raw",495.3,0.24,0.0
Niue,2014,"Cloves (whole stems), raw",0.01,0.0,0.0
Niue,2022,"Cloves (whole stems), raw",0.0,0.0,0.0
North Macedonia,1993,"Cloves (whole stems), raw",0.0,0.0,0.0
North Macedonia,1995,"Cloves (whole stems), raw",0.0,0.0,0.0
North Macedonia,1996,"Cloves (whole stems), raw",0.0,0.0,0.0
North Macedonia,1997,"Cloves (whole stems), raw",0.0,0.0,0.0
North Macedonia,1998,"Cloves (whole stems), raw",0.0,0.0,0.0
North Macedonia,1999,"Cloves (whole stems), raw",0.0,0.0,0.0
North Macedonia,2000,"Cloves (whole stems), raw",0.0,0.0,0.0
North Macedonia,2001,"Cloves (whole stems), raw",0.0,0.0,0.0
North Macedonia,2002,"Cloves (whole stems), raw",0.0,0.0,0.0
North Macedonia,2004,"Cloves (whole stems), raw",0.0,0.0,0.0
North Macedonia,2005,"Cloves (whole stems), raw",0.0,0.0,0.0
North Macedonia,2006,"Cloves (whole stems), raw",0.0,0.0,0.0
North Macedonia,2007,"Cloves (whole stems), raw",0.0,0.0,0.0
North Macedonia,2008,"Cloves (whole stems), raw",2.0,0.0,0.0
North Macedonia,2009,"Cloves (whole stems), raw",1.0,0.0,0.0
North Macedonia,2010,"Cloves (whole stems), raw",2.0,0.0,0.0
North Macedonia,2011,"Cloves (whole stems), raw",2.0,0.0,0.0
North Macedonia,2012,"Cloves (whole stems), raw",2.0,0.0,0.0
North Macedonia,2014,"Cloves (whole stems), raw",1.79,0.04,0.0
North Macedonia,2015,"Cloves (whole stems), raw",1.74,0.04,0.0
North Macedonia,2017,"Cloves (whole stems), raw",1.19,0.0,0.0
North Macedonia,2018,"Cloves (whole stems), raw",1.45,0.06,0.0
North Macedonia,2019,"Cloves (whole stems), raw",4.23,0.04,0.0
North Macedonia,2020,"Cloves (whole stems), raw",2.78,0.0,0.0
North Macedonia,2021,"Cloves (whole stems), raw",1.37,0.01,0.0
North Macedonia,2022,"Cloves (whole stems), raw",1.34,0.0,0.0
North Macedonia,2023,"Cloves (whole stems), raw",1.87,0.0,0.0
Norway,1993,"Cloves (whole stems), raw",25.0,0.0,0.0
Norway,1994,"Cloves (whole stems), raw",21.0,0.0,0.0
Norway,1995,"Cloves (whole stems), raw",20.0,0.0,0.0
Norway,1997,"Cloves (whole stems), raw",18.0,0.0,0.0
Norway,1998,"Cloves (whole stems), raw",18.0,0.0,0.0
Norway,1999,"Cloves (whole stems), raw",24.0,0.0,0.0
Norway,2000,"Cloves (whole stems), raw",19.91,0.0,0.0
Norway,2001,"Cloves (whole stems), raw",23.0,0.0,0.0
Norway,2002,"Cloves (whole stems), raw",28.0,1.0,0.0
Norway,2003,"Cloves (whole stems), raw",31.0,4.0,0.0
Norway,2004,"Cloves (whole stems), raw",24.0,3.0,0.0
Norway,2006,"Cloves (whole stems), raw",24.0,0.0,0.0
Norway,2007,"Cloves (whole stems), raw",17.0,0.0,0.0
Norway,2008,"Cloves (whole stems), raw",19.0,0.0,0.0
Norway,2009,"Cloves (whole stems), raw",13.0,0.0,0.0
Norway,2011,"Cloves (whole stems), raw",13.0,9.0,0.0
Norway,2012,"Cloves (whole stems), raw",15.0,17.0,0.0
Norway,2013,"Cloves (whole stems), raw",14.0,7.0,0.0
Norway,2014,"Cloves (whole stems), raw",15.16,1.1,0.0
Norway,2015,"Cloves (whole stems), raw",15.8,0.0,0.0
Norway,2016,"Cloves (whole stems), raw",18.52,0.0,0.0
Norway,2017,"Cloves (whole stems), raw",17.44,0.0,0.0
Norway,2018,"Cloves (whole stems), raw",15.76,0.0,0.0
Norway,2019,"Cloves (whole stems), raw",19.64,0.0,0.0
Norway,2020,"Cloves (whole stems), raw",23.89,0.0,0.0
Norway,2022,"Cloves (whole stems), raw",19.43,0.0,0.0
Norway,2023,"Cloves (whole stems), raw",21.6,0.0,0.0
Oman,1993,"Cloves (whole stems), raw",64.0,0.0,0.0
Oman,1994,"Cloves (whole stems), raw",214.0,0.0,0.0
Oman,1996,"Cloves (whole stems), raw",152.0,0.0,0.0
Oman,1997,"Cloves (whole stems), raw",127.0,0.0,0.0
Oman,1998,"Cloves (whole stems), raw",95.0,0.0,0.0
Oman,1999,"Cloves (whole stems), raw",46.0,0.0,0.0
Oman,2001,"Cloves (whole stems), raw",16.0,0.0,0.0
Oman,2002,"Cloves (whole stems), raw",4.0,0.0,0.0
Oman,2003,"Cloves (whole stems), raw",4.0,0.0,0.0
Oman,2004,"Cloves (whole stems), raw",9.0,0.0,0.0
Oman,2005,"Cloves (whole stems), raw",60.0,0.0,0.0
Oman,2006,"Cloves (whole stems), raw",41.0,16.0,0.0
Oman,2007,"Cloves (whole stems), raw",42.0,16.0,0.0
Oman,2008,"Cloves (whole stems), raw",27.0,0.0,0.0
Oman,2009,"Cloves (whole stems), raw",47.0,0.0,0.0
Oman,2010,"Cloves (whole stems), raw",20.0,0.0,0.0
Oman,2012,"Cloves (whole stems), raw",59.0,0.0,0.0
Oman,2013,"Cloves (whole stems), raw",44.0,0.0,0.0
Oman,2014,"Cloves (whole stems), raw",128.12,0.0,0.0
Oman,2015,"Cloves (whole stems), raw",102.85,0.0,0.0
Oman,2016,"Cloves (whole stems), raw",68.96,0.06,0.0
Oman,2017,"Cloves (whole stems), raw",135.1,26.67,0.0
Oman,2019,"Cloves (whole stems), raw",189.73,25.73,0.0
Oman,2020,"Cloves (whole stems), raw",201.57,28.66,0.0
Oman,2021,"Cloves (whole stems), raw",168.54,26.77,0.0
Oman,2023,"Cloves (whole stems), raw",194.36,0.0,0.0
Pakistan,1993,"Cloves (whole stems), raw",782.0,0.0,0.0
Pakistan,1994,"Cloves (whole stems), raw",397.0,0.0,0.0
Pakistan,1995,"Cloves (whole stems), raw",1820.0,0.0,0.0
Pakistan,1997,"Cloves (whole stems), raw",591.0,0.0,0.0
Pakistan,1998,"Cloves (whole stems), raw",1567.0,0.0,0.0
Pakistan,1999,"Cloves (whole stems), raw",1499.0,0.0,0.0
Pakistan,2000,"Cloves (whole stems), raw",424.86,0.0,0.0
Pakistan,2001,"Cloves (whole stems), raw",348.0,0.0,0.0
Pakistan,2002,"Cloves (whole stems), raw",192.0,0.0,0.0
Pakistan,2003,"Cloves (whole stems), raw",815.0,0.0,0.0
Pakistan,2004,"Cloves (whole stems), raw",1702.0,0.0,0.0
Pakistan,2005,"Cloves (whole stems), raw",639.0,0.0,0.0
Pakistan,2006,"Cloves (whole stems), raw",699.0,0.0,0.0
Pakistan,2007,"Cloves (whole stems), raw",1142.0,0.0,0.0
Pakistan,2008,"Cloves (whole stems), raw",1601.0,0.0,0.0
Pakistan,2009,"Cloves (whole stems), raw",787.0,1.0,0.0
Pakistan,2010,"Cloves (whole stems), raw",1367.0,1.0,0.0
Pakistan,2012,"Cloves (whole stems), raw",1395.0,0.0,0.0
Pakistan,2013,"Cloves (whole stems), raw",1192.0,2.0,0.0
Pakistan,2014,"Cloves (whole stems), raw",1598.84,0.62,0.0
Pakistan,2015,"Cloves (whole stems), raw",1665.0,0.42,0.0
Pakistan,2017,"Cloves (whole stems), raw",2281.26,2.73,0.0
Pakistan,2018,"Cloves (whole stems), raw",1614.92,1.82,0.0
Pakistan,2019,"Cloves (whole stems), raw",1449.65,0.52,0.0
Pakistan,2020,"Cloves (whole stems), raw",2137.07,0.53,0.0
Pakistan,2021,"Cloves (whole stems), raw",2153.4,0.89,0.0
Pakistan,2022,"Cloves (whole stems), raw",1395.39,1.26,0.0
Pakistan,2023,"Cloves (whole stems), raw",1558.2,2.18,0.0
Palestine,2014,"Cloves (whole stems), raw",23.7,0.74,0.0
Palestine,2016,"Cloves (whole stems), raw",0.0,0.0,0.0
Palestine,2018,"Cloves (whole stems), raw",0.0,0.0,0.0
Palestine,2021,"Cloves (whole stems), raw",0.0,0.0,0.0
Panama,1993,"Cloves (whole stems), raw",6.0,0.0,0.0
Panama,1994,"Cloves (whole stems), raw",10.0,0.0,0.0
Panama,1995,"Cloves (whole stems), raw",4.0,0.0,0.0
Panama,1996,"Cloves (whole stems), raw",5.0,0.0,0.0
Panama,1998,"Cloves (whole stems), raw",7.0,0.0,0.0
Panama,1999,"Cloves (whole stems), raw",10.0,0.0,0.0
Panama,2000,"Cloves (whole stems), raw",8.88,0.0,0.0
Panama,2001,"Cloves (whole stems), raw",10.0,0.0,0.0
Panama,2003,"Cloves (whole stems), raw",9.0,0.0,0.0
Panama,2004,"Cloves (whole stems), raw",11.0,0.0,0.0
Panama,2005,"Cloves (whole stems), raw",9.0,0.0,0.0
Panama,2007,"Cloves (whole stems), raw",17.0,0.0,0.0
Panama,2008,"Cloves (whole stems), raw",7.0,0.0,0.0
Panama,2009,"Cloves (whole stems), raw",15.0,0.0,0.0
Panama,2010,"Cloves (whole stems), raw",14.0,0.0,0.0
Panama,2011,"Cloves (whole stems), raw",10.0,0.0,0.0
Panama,2012,"Cloves (whole stems), raw",21.0,0.0,0.0
Panama,2013,"Cloves (whole stems), raw",24.0,0.0,0.0
Panama,2015,"Cloves (whole stems), raw",12.54,0.02,0.0
Panama,2016,"Cloves (whole stems), raw",16.44,1.16,0.0
Panama,2017,"Cloves (whole stems), raw",17.96,0.25,0.0
Panama,2018,"Cloves (whole stems), raw",21.79,0.3,0.0
Panama,2019,"Cloves (whole stems), raw",17.13,0.58,0.0
Panama,2021,"Cloves (whole stems), raw",34.18,0.0,0.0
Panama,2022,"Cloves (whole stems), raw",36.99,0.0,0.0
Panama,2023,"Cloves (whole stems), raw",25.27,0.24,0.0
Papua New Guinea,1993,"Cloves (whole stems), raw",0.0,0.0,0.0
Papua New Guinea,1994,"Cloves (whole stems), raw",0.0,0.0,0.0
Papua New Guinea,1995,"Cloves (whole stems), raw",0.0,0.0,0.0
Papua New Guinea,1996,"Cloves (whole stems), raw",0.0,0.0,0.0
Papua New Guinea,1997,"Cloves (whole stems), raw",0.0,0.0,0.0
Papua New Guinea,1998,"Cloves (whole stems), raw",0.0,0.0,0.0
Papua New Guinea,1999,"Cloves (whole stems), raw",0.0,0.0,0.0
Papua New Guinea,2001,"Cloves (whole stems), raw",0.0,0.0,0.0
Papua New Guinea,2002,"Cloves (whole stems), raw",0.0,0.0,0.0
Papua New Guinea,2003,"Cloves (whole stems), raw",0.0,0.0,0.0
Papua New Guinea,2004,"Cloves (whole stems), raw",0.0,0.0,0.0
Papua New Guinea,2005,"Cloves (whole stems), raw",0.0,0.0,0.0
Papua New Guinea,2006,"Cloves (whole stems), raw",0.0,0.0,0.0
Papua New Guinea,2007,"Cloves (whole stems), raw",0.0,0.0,0.0
Papua New Guinea,2008,"Cloves (whole stems), raw",0.0,0.0,0.0
Papua New Guinea,2009,"Cloves (whole stems), raw",0.0,0.0,0.0
Papua New Guinea,2010,"Cloves (whole stems), raw",0.0,0.0,0.0
Papua New Guinea,2011,"Cloves (whole stems), raw",0.0,0.0,0.0
Papua New Guinea,2012,"Cloves (whole stems), raw",0.0,0.0,0.0
Papua New Guinea,2013,"Cloves (whole stems), raw",0.0,0.0,0.0
Papua New Guinea,2014,"Cloves (whole stems), raw",0.01,0.0,0.0
Papua New Guinea,2015,"Cloves (whole stems), raw",0.02,0.0,0.0
Papua New Guinea,2016,"Cloves (whole stems), raw",0.01,0.0,0.0
Papua New Guinea,2017,"Cloves (whole stems), raw",0.0,0.0,0.0
Papua New Guinea,2019,"Cloves (whole stems), raw",0.02,0.0,0.0
Papua New Guinea,2022,"Cloves (whole stems), raw",0.34,0.0,0.0
Papua New Guinea,2023,"Cloves (whole stems), raw",0.23,0.0,0.0
Paraguay,1993,"Cloves (whole stems), raw",0.0,0.0,0.0
Paraguay,1994,"Cloves (whole stems), raw",0.0,0.0,0.0
Paraguay,1995,"Cloves (whole stems), raw",2.0,0.0,0.0
Paraguay,1996,"Cloves (whole stems), raw",0.0,0.0,0.0
Paraguay,1997,"Cloves (whole stems), raw",2.0,0.0,0.0
Paraguay,1998,"Cloves (whole stems), raw",0.0,0.0,0.0
Paraguay,1999,"Cloves (whole stems), raw",0.0,0.0,0.0
Paraguay,2000,"Cloves (whole stems), raw",0.0,0.0,0.0
Paraguay,2002,"Cloves (whole stems), raw",0.0,0.0,0.0
Paraguay,2003,"Cloves (whole stems), raw",0.0,0.0,0.0
Paraguay,2004,"Cloves (whole stems), raw",0.0,0.0,0.0
Paraguay,2005,"Cloves (whole stems), raw",0.0,0.0,0.0
Paraguay,2006,"Cloves (whole stems), raw",0.0,0.0,0.0
Paraguay,2007,"Cloves (whole stems), raw",0.0,0.0,0.0
Paraguay,2008,"Cloves (whole stems), raw",0.0,0.0,0.0
Paraguay,2009,"Cloves (whole stems), raw",0.0,0.0,0.0
Paraguay,2011,"Cloves (whole stems), raw",0.0,0.0,0.0
Paraguay,2012,"Cloves (whole stems), raw",0.0,0.0,0.0
Paraguay,2013,"Cloves (whole stems), raw",0.0,0.0,0.0
Paraguay,2014,"Cloves (whole stems), raw",0.06,0.0,0.0
Paraguay,2015,"Cloves (whole stems), raw",1.85,0.0,0.0
Paraguay,2016,"Cloves (whole stems), raw",1.62,0.0,0.0
Paraguay,2017,"Cloves (whole stems), raw",0.75,0.0,0.0
Paraguay,2018,"Cloves (whole stems), raw",1.22,0.0,0.0
Paraguay,2019,"Cloves (whole stems), raw",0.79,0.0,0.0
Paraguay,2021,"Cloves (whole stems), raw",0.16,0.0,0.0
Paraguay,2022,"Cloves (whole stems), raw",0.25,0.0,0.0
Paraguay,2023,"Cloves (whole stems), raw",0.3,0.0,0.0
Peru,1993,"Cloves (whole stems), raw",149.0,0.0,0.0
Peru,1995,"Cloves (whole stems), raw",210.0,0.0,0.0
Peru,1996,"Cloves (whole stems), raw",270.0,0.0,0.0
Peru,1997,"Cloves (whole stems), raw",236.0,0.0,0.0
Peru,2000,"Cloves (whole stems), raw",157.65,0.0,0.0
Peru,2001,"Cloves (whole stems), raw",98.0,0.0,0.0
Peru,2002,"Cloves (whole stems), raw",180.0,0.0,0.0
Peru,2003,"Cloves (whole stems), raw",180.0,1.0,0.0
Peru,2005,"Cloves (whole stems), raw",162.0,0.0,0.0
Peru,2006,"Cloves (whole stems), raw",205.0,0.0,0.0
Peru,2007,"Cloves (whole stems), raw",397.0,0.0,0.0
Peru,2009,"Cloves (whole stems), raw",473.0,0.0,0.0
Peru,2010,"Cloves (whole stems), raw",365.0,0.0,0.0
Peru,2011,"Cloves (whole stems), raw",89.0,1.0,0.0
Peru,2012,"Cloves (whole stems), raw",301.0,4.0,0.0
Peru,2013,"Cloves (whole stems), raw",347.0,0.0,0.0
Peru,2014,"Cloves (whole stems), raw",327.84,2.16,0.0
Peru,2015,"Cloves (whole stems), raw",571.66,2.83,0.0
Peru,2016,"Cloves (whole stems), raw",359.85,12.26,0.0
Peru,2017,"Cloves (whole stems), raw",437.62,2.4,0.0
Peru,2018,"Cloves (whole stems), raw",583.82,2.32,0.0
Peru,2019,"Cloves (whole stems), raw",488.47,29.1,0.0
Peru,2021,"Cloves (whole stems), raw",482.41,51.4,0.0
Peru,2022,"Cloves (whole stems), raw",248.38,3.03,0.0
Peru,2023,"Cloves (whole stems), raw",689.12,6.26,0.0
Philippines,1993,"Cloves (whole stems), raw",7.0,0.0,0.0
Philippines,1994,"Cloves (whole stems), raw",11.0,0.0,0.0
Philippines,1995,"Cloves (whole stems), raw",4.0,0.0,0.0
Philippines,1996,"Cloves (whole stems), raw",9.0,0.0,0.0
Philippines,1997,"Cloves (whole stems), raw",7.0,0.0,0.0
Philippines,1998,"Cloves (whole stems), raw",5.0,0.0,0.0
Philippines,1999,"Cloves (whole stems), raw",6.0,0.0,0.0
Philippines,2001,"Cloves (whole stems), raw",6.0,0.0,0.0
Philippines,2002,"Cloves (whole stems), raw",9.0,0.0,0.0
Philippines,2003,"Cloves (whole stems), raw",4.0,0.0,0.0
Philippines,2004,"Cloves (whole stems), raw",3.0,0.0,0.0
Philippines,2005,"Cloves (whole stems), raw",7.0,0.0,0.0
Philippines,2006,"Cloves (whole stems), raw",6.0,0.0,0.0
Philippines,2008,"Cloves (whole stems), raw",5.0,0.0,0.0
Philippines,2009,"Cloves (whole stems), raw",3.0,0.0,0.0
Philippines,2010,"Cloves (whole stems), raw",7.0,0.0,0.0
Philippines,2011,"Cloves (whole stems), raw",4.0,0.0,0.0
Philippines,2012,"Cloves (whole stems), raw",4.0,0.0,0.0
Philippines,2013,"Cloves (whole stems), raw",3.0,0.0,0.0
Philippines,2014,"Cloves (whole stems), raw",10.92,0.0,0.0
Philippines,2015,"Cloves (whole stems), raw",4.9,0.0,0.0
Philippines,2016,"Cloves (whole stems), raw",8.54,0.0,0.0
Philippines,2017,"Cloves (whole stems), raw",9.57,0.0,0.0
Philippines,2018,"Cloves (whole stems), raw",4.83,0.0,0.0
Philippines,2019,"Cloves (whole stems), raw",6.21,0.0,0.0
Philippines,2020,"Cloves (whole stems), raw",3.96,0.0,0.0
Philippines,2022,"Cloves (whole stems), raw",5.56,0.0,0.0
Philippines,2023,"Cloves (whole stems), raw",2.59,0.0,0.0
Poland,1994,"Cloves (whole stems), raw",68.0,0.0,0.0
Poland,1995,"Cloves (whole stems), raw",72.0,4.0,0.0
Poland,1996,"Cloves (whole stems), raw",69.0,6.0,0.0
Poland,1997,"Cloves (whole stems), raw",76.0,11.0,0.0
Poland,1999,"Cloves (whole stems), raw",69.0,6.0,0.0
Poland,2000,"Cloves (whole stems), raw",71.37,0.0,0.0
Poland,2001,"Cloves (whole stems), raw",78.0,4.0,0.0
Poland,2002,"Cloves (whole stems), raw",92.0,0.0,0.0
Poland,2003,"Cloves (whole stems), raw",38.0,0.0,0.0
Poland,2004,"Cloves (whole stems), raw",116.0,10.0,0.0
Poland,2006,"Cloves (whole stems), raw",140.0,25.0,0.0
Poland,2007,"Cloves (whole stems), raw",149.0,27.0,0.0
Poland,2008,"Cloves (whole stems), raw",144.0,44.0,0.0
Poland,2009,"Cloves (whole stems), raw",148.0,43.0,0.0
Poland,2010,"Cloves (whole stems), raw",151.0,46.0,0.0
Poland,2011,"Cloves (whole stems), raw",151.0,35.0,0.0
Poland,2012,"Cloves (whole stems), raw",153.0,35.0,0.0
Poland,2013,"Cloves (whole stems), raw",119.0,26.0,0.0
Poland,2014,"Cloves (whole stems), raw",105.37,27.77,0.0
Poland,2015,"Cloves (whole stems), raw",160.26,24.08,0.0
Poland,2016,"Cloves (whole stems), raw",106.29,28.21,0.0
Poland,2017,"Cloves (whole stems), raw",104.59,33.19,0.0
Poland,2018,"Cloves (whole stems), raw",226.43,45.58,0.0
Poland,2019,"Cloves (whole stems), raw",187.72,37.09,0.0
Poland,2020,"Cloves (whole stems), raw",195.78,50.53,0.0
Poland,2021,"Cloves (whole stems), raw",260.4,64.06,0.0
Poland,2022,"Cloves (whole stems), raw",238.91,47.28,0.0
Poland,2023,"Cloves (whole stems), raw",333.34,72.75,0.0
Portugal,1993,"Cloves (whole stems), raw",15.0,0.0,0.0
Portugal,1994,"Cloves (whole stems), raw",12.0,0.0,0.0
Portugal,1996,"Cloves (whole stems), raw",10.0,0.0,0.0
Portugal,1997,"Cloves (whole stems), raw",12.0,0.0,0.0
Portugal,1998,"Cloves (whole stems), raw",14.0,1.0,0.0
Portugal,1999,"Cloves (whole stems), raw",16.0,0.0,0.0
Portugal,2000,"Cloves (whole stems), raw",10.0,1.0,0.0
Portugal,2001,"Cloves (whole stems), raw",14.0,1.0,0.0
Portugal,2002,"Cloves (whole stems), raw",30.0,0.0,0.0
Portugal,2003,"Cloves (whole stems), raw",11.0,4.0,0.0
Portugal,2004,"Cloves (whole stems), raw",21.0,1.0,0.0
Portugal,2005,"Cloves (whole stems), raw",7.0,0.0,0.0
Portugal,2006,"Cloves (whole stems), raw",8.0,6.0,0.0
Portugal,2007,"Cloves (whole stems), raw",9.0,3.0,0.0
Portugal,2008,"Cloves (whole stems), raw",11.0,2.0,0.0
Portugal,2009,"Cloves (whole stems), raw",8.0,1.0,0.0
Portugal,2010,"Cloves (whole stems), raw",8.0,2.0,0.0
Portugal,2011,"Cloves (whole stems), raw",12.0,0.0,0.0
Portugal,2012,"Cloves (whole stems), raw",12.0,1.0,0.0
Portugal,2013,"Cloves (whole stems), raw",12.0,1.0,0.0
Portugal,2014,"Cloves (whole stems), raw",12.29,1.6,0.0
Portugal,2016,"Cloves (whole stems), raw",12.65,1.37,0.0
Portugal,2017,"Cloves (whole stems), raw",22.16,3.2,0.0
Portugal,2018,"Cloves (whole stems), raw",13.21,2.51,0.0
Portugal,2019,"Cloves (whole stems), raw",14.01,4.88,0.0
Portugal,2020,"Cloves (whole stems), raw",21.29,9.12,0.0
Portugal,2021,"Cloves (whole stems), raw",16.83,9.01,0.0
Portugal,2022,"Cloves (whole stems), raw",18.89,9.42,0.0
Portugal,2023,"Cloves (whole stems), raw",26.65,9.79,0.0
Qatar,2000,"Cloves (whole stems), raw",29.0,0.0,0.0
Qatar,2001,"Cloves (whole stems), raw",36.0,0.0,0.0
Qatar,2002,"Cloves (whole stems), raw",32.0,0.0,0.0
Qatar,2003,"Cloves (whole stems), raw",33.0,0.0,0.0
Qatar,2004,"Cloves (whole stems), raw",34.0,0.0,0.0
Qatar,2005,"Cloves (whole stems), raw",53.0,1.0,0.0
Qatar,2006,"Cloves (whole stems), raw",53.0,0.0,0.0
Qatar,2007,"Cloves (whole stems), raw",109.0,1.0,0.0
Qatar,2008,"Cloves (whole stems), raw",71.0,0.0,0.0
Qatar,2010,"Cloves (whole stems), raw",92.0,0.0,0.0
Qatar,2011,"Cloves (whole stems), raw",82.0,0.0,0.0
Qatar,2012,"Cloves (whole stems), raw",72.0,0.0,0.0
Qatar,2013,"Cloves (whole stems), raw",62.0,0.0,0.0
Qatar,2015,"Cloves (whole stems), raw",163.35,0.0,0.0
Qatar,2016,"Cloves (whole stems), raw",158.49,0.0,0.0
Qatar,2017,"Cloves (whole stems), raw",137.45,0.0,0.0
Qatar,2018,"Cloves (whole stems), raw",97.31,0.0,0.0
Qatar,2019,"Cloves (whole stems), raw",120.97,0.0,0.0
Qatar,2020,"Cloves (whole stems), raw",106.6,0.0,0.0
Qatar,2022,"Cloves (whole stems), raw",151.92,0.0,0.0
Qatar,2023,"Cloves (whole stems), raw",192.52,0.0,0.0
Republic of Korea,1993,"Cloves (whole stems), raw",45.0,0.0,0.0
Republic of Korea,1995,"Cloves (whole stems), raw",47.0,0.0,0.0
Republic of Korea,1996,"Cloves (whole stems), raw",46.0,0.0,0.0
Republic of Korea,1997,"Cloves (whole stems), raw",46.0,0.0,0.0
Republic of Korea,1998,"Cloves (whole stems), raw",50.0,0.0,0.0
Republic of Korea,2000,"Cloves (whole stems), raw",51.39,0.0,0.0
Republic of Korea,2002,"Cloves (whole stems), raw",90.0,0.0,0.0
Republic of Korea,2003,"Cloves (whole stems), raw",84.0,0.0,0.0
Republic of Korea,2004,"Cloves (whole stems), raw",29.0,0.0,0.0
Republic of Korea,2005,"Cloves (whole stems), raw",46.0,0.0,0.0
Republic of Korea,2007,"Cloves (whole stems), raw",75.0,0.0,0.0
Republic of Korea,2008,"Cloves (whole stems), raw",94.0,0.0,0.0
Republic of Korea,2009,"Cloves (whole stems), raw",79.0,0.0,0.0
Republic of Korea,2010,"Cloves (whole stems), raw",64.0,0.0,0.0
Republic of Korea,2011,"Cloves (whole stems), raw",58.0,0.0,0.0
Republic of Korea,2012,"Cloves (whole stems), raw",78.0,0.0,0.0
Republic of Korea,2013,"Cloves (whole stems), raw",81.0,0.0,0.0
Republic of Korea,2014,"Cloves (whole stems), raw",68.94,0.0,0.0
Republic of Korea,2016,"Cloves (whole stems), raw",67.5,0.44,0.0
Republic of Korea,2017,"Cloves (whole stems), raw",70.6,0.0,0.0
Republic of Korea,2018,"Cloves (whole stems), raw",84.85,0.0,0.0
Republic of Korea,2019,"Cloves (whole stems), raw",137.1,0.0,0.0
Republic of Korea,2021,"Cloves (whole stems), raw",136.0,0.01,0.0
Republic of Korea,2022,"Cloves (whole stems), raw",90.91,0.01,0.0
Republic of Korea,2023,"Cloves (whole stems), raw",80.61,0.0,0.0
Republic of Moldova,1994,"Cloves (whole stems), raw",0.0,0.0,0.0
Republic of Moldova,1995,"Cloves (whole stems), raw",1.0,0.0,0.0
Republic of Moldova,1997,"Cloves (whole stems), raw",0.0,0.0,0.0
Republic of Moldova,2000,"Cloves (whole stems), raw",0.0,0.0,0.0
Republic of Moldova,2001,"Cloves (whole stems), raw",0.0,0.0,0.0
Republic of Moldova,2002,"Cloves (whole stems), raw",0.0,0.0,0.0
Republic of Moldova,2003,"Cloves (whole stems), raw",0.0,0.0,0.0
Republic of Moldova,2004,"Cloves (whole stems), raw",0.0,0.0,0.0
Republic of Moldova,2005,"Cloves (whole stems), raw",0.0,0.0,0.0
Republic of Moldova,2006,"Cloves (whole stems), raw",0.0,0.0,0.0
Republic of Moldova,2007,"Cloves (whole stems), raw",1.0,0.0,0.0
Republic of Moldova,2008,"Cloves (whole stems), raw",1.0,0.0,0.0
Republic of Moldova,2009,"Cloves (whole stems), raw",1.0,0.0,0.0
Republic of Moldova,2010,"Cloves (whole stems), raw",1.0,0.0,0.0
Republic of Moldova,2011,"Cloves (whole stems), raw",1.0,0.0,0.0
Republic of Moldova,2012,"Cloves (whole stems), raw",1.0,0.0,0.0
Republic of Moldova,2014,"Cloves (whole stems), raw",0.79,0.0,0.0
Republic of Moldova,2015,"Cloves (whole stems), raw",2.65,0.0,0.0
Republic of Moldova,2016,"Cloves (whole stems), raw",0.51,0.0,0.0
Republic of Moldova,2017,"Cloves (whole stems), raw",1.24,0.0,0.0
Republic of Moldova,2018,"Cloves (whole stems), raw",3.82,0.0,0.0
Republic of Moldova,2019,"Cloves (whole stems), raw",1.24,0.0,0.0
Republic of Moldova,2020,"Cloves (whole stems), raw",3.91,0.0,0.0
Republic of Moldova,2021,"Cloves (whole stems), raw",3.76,0.0,0.0
Republic of Moldova,2023,"Cloves (whole stems), raw",2.18,0.0,0.0
Romania,1993,"Cloves (whole stems), raw",25.0,0.0,0.0
Romania,1994,"Cloves (whole stems), raw",18.0,0.0,0.0
Romania,1995,"Cloves (whole stems), raw",8.0,3.0,0.0
Romania,1996,"Cloves (whole stems), raw",4.0,0.0,0.0
Romania,1997,"Cloves (whole stems), raw",5.0,4.0,0.0
Romania,1998,"Cloves (whole stems), raw",8.0,0.0,0.0
Romania,1999,"Cloves (whole stems), raw",14.0,2.0,0.0
Romania,2000,"Cloves (whole stems), raw",14.0,0.0,0.0
Romania,2001,"Cloves (whole stems), raw",3.0,0.0,0.0
Romania,2002,"Cloves (whole stems), raw",5.0,0.0,0.0
Romania,2003,"Cloves (whole stems), raw",14.0,0.0,0.0
Romania,2005,"Cloves (whole stems), raw",10.0,0.0,0.0
Romania,2006,"Cloves (whole stems), raw",12.0,1.0,0.0
Romania,2007,"Cloves (whole stems), raw",9.0,0.0,0.0
Romania,2008,"Cloves (whole stems), raw",9.0,1.0,0.0
Romania,2009,"Cloves (whole stems), raw",15.0,0.0,0.0
Romania,2010,"Cloves (whole stems), raw",29.0,0.0,0.0
Romania,2011,"Cloves (whole stems), raw",30.0,10.0,0.0
Romania,2012,"Cloves (whole stems), raw",107.0,7.0,0.0
Romania,2014,"Cloves (whole stems), raw",16.99,2.56,0.0
Romania,2015,"Cloves (whole stems), raw",24.84,1.3,0.0
Romania,2016,"Cloves (whole stems), raw",17.58,5.37,0.0
Romania,2017,"Cloves (whole stems), raw",21.65,3.05,0.0
Romania,2018,"Cloves (whole stems), raw",37.01,14.41,0.0
Romania,2019,"Cloves (whole stems), raw",41.02,13.77,0.0
Romania,2020,"Cloves (whole stems), raw",43.25,29.31,0.0
Romania,2021,"Cloves (whole stems), raw",38.18,25.17,0.0
Romania,2022,"Cloves (whole stems), raw",48.02,24.53,0.0
Romania,2023,"Cloves (whole stems), raw",56.78,19.85,0.0
Russian Federation,1993,"Cloves (whole stems), raw",15.0,0.0,0.0
Russian Federation,1994,"Cloves (whole stems), raw",40.0,0.0,0.0
Russian Federation,1995,"Cloves (whole stems), raw",90.0,0.0,0.0
Russian Federation,1998,"Cloves (whole stems), raw",164.0,1.0,0.0
Russian Federation,1999,"Cloves (whole stems), raw",156.0,0.0,0.0
Russian Federation,2000,"Cloves (whole stems), raw",180.17,2.75,0.0
Russian Federation,2002,"Cloves (whole stems), raw",126.0,3.0,0.0
Russian Federation,2003,"Cloves (whole stems), raw",246.0,3.0,0.0
Russian Federation,2004,"Cloves (whole stems), raw",261.0,4.0,0.0
Russian Federation,2005,"Cloves (whole stems), raw",272.0,2.0,0.0
Russian Federation,2006,"Cloves (whole stems), raw",300.0,3.0,0.0
Russian Federation,2007,"Cloves (whole stems), raw",403.0,4.0,0.0
Russian Federation,2008,"Cloves (whole stems), raw",352.0,6.0,0.0
Russian Federation,2009,"Cloves (whole stems), raw",354.0,5.0,0.0
Russian Federation,2010,"Cloves (whole stems), raw",290.0,2.0,0.0
Russian Federation,2011,"Cloves (whole stems), raw",315.0,1.0,0.0
Russian Federation,2012,"Cloves (whole stems), raw",312.0,7.0,0.0
Russian Federation,2013,"Cloves (whole stems), raw",301.0,10.0,0.0
Russian Federation,2014,"Cloves (whole stems), raw",266.38,11.67,0.0
Russian Federation,2016,"Cloves (whole stems), raw",332.06,13.87,0.0
Russian Federation,2017,"Cloves (whole stems), raw",319.43,18.09,0.0
Russian Federation,2018,"Cloves (whole stems), raw",310.64,17.09,0.0
Russian Federation,2019,"Cloves (whole stems), raw",363.06,23.9,0.0
Russian Federation,2020,"Cloves (whole stems), raw",377.84,49.08,0.0
Russian Federation,2021,"Cloves (whole stems), raw",307.73,61.0,0.0
Russian Federation,2022,"Cloves (whole stems), raw",431.27,8.57,0.0
Russian Federation,2023,"Cloves (whole stems), raw",232.51,22.71,0.0
Rwanda,2014,"Cloves (whole stems), raw",0.31,0.0,0.0
Rwanda,2016,"Cloves (whole stems), raw",0.12,0.0,0.0
Rwanda,2019,"Cloves (whole stems), raw",0.18,0.0,0.0
Rwanda,2020,"Cloves (whole stems), raw",0.15,0.0,0.0
Rwanda,2021,"Cloves (whole stems), raw",1.19,2.0,0.0
Rwanda,2023,"Cloves (whole stems), raw",0.39,0.0,0.0
Saint Kitts and Nevis,2014,"Cloves (whole stems), raw",0.03,0.0,0.0
Saint Kitts and Nevis,2018,"Cloves (whole stems), raw",1.99,0.0,0.0
Saint Kitts and Nevis,2020,"Cloves (whole stems), raw",2.57,0.0,0.0
Saint Kitts and Nevis,2021,"Cloves (whole stems), raw",2.01,0.0,0.0
Saint Kitts and Nevis,2022,"Cloves (whole stems), raw",3.01,0.0,0.0
Saint Kitts and Nevis,2023,"Cloves (whole stems), raw",0.01,0.0,0.0
Saint Lucia,1997,"Cloves (whole stems), raw",1.0,0.0,0.0
Saint Lucia,1999,"Cloves (whole stems), raw",1.0,0.0,0.0
Saint Lucia,2000,"Cloves (whole stems), raw",1.0,0.0,0.0
Saint Lucia,2001,"Cloves (whole stems), raw",1.0,0.0,0.0
Saint Lucia,2003,"Cloves (whole stems), raw",2.0,0.0,0.0
Saint Lucia,2004,"Cloves (whole stems), raw",3.0,0.0,0.0
Saint Lucia,2005,"Cloves (whole stems), raw",1.0,0.0,0.0
Saint Lucia,2006,"Cloves (whole stems), raw",1.0,0.0,0.0
Saint Lucia,2007,"Cloves (whole stems), raw",2.0,0.0,0.0
Saint Lucia,2008,"Cloves (whole stems), raw",2.0,0.0,0.0
Saint Lucia,2009,"Cloves (whole stems), raw",2.0,0.0,0.0
Saint Lucia,2010,"Cloves (whole stems), raw",2.0,0.0,0.0
Saint Lucia,2011,"Cloves (whole stems), raw",2.0,0.0,0.0
Saint Lucia,2012,"Cloves (whole stems), raw",2.0,0.0,0.0
Saint Lucia,2013,"Cloves (whole stems), raw",2.0,0.0,0.0
Saint Lucia,2015,"Cloves (whole stems), raw",0.4,0.01,0.0
Saint Lucia,2016,"Cloves (whole stems), raw",2.94,0.09,0.0
Saint Lucia,2017,"Cloves (whole stems), raw",3.34,0.12,0.0
Saint Lucia,2018,"Cloves (whole stems), raw",4.0,0.1,0.0
Saint Lucia,2019,"Cloves (whole stems), raw",3.82,0.1,0.0
Saint Lucia,2020,"Cloves (whole stems), raw",6.99,0.01,0.0
Saint Lucia,2021,"Cloves (whole stems), raw",2.04,0.0,0.0
Saint Lucia,2022,"Cloves (whole stems), raw",0.4,0.0,0.0
Saint Lucia,2023,"Cloves (whole stems), raw",1.62,0.04,0.0
Saint Vincent and the Grenadines,2003,"Cloves (whole stems), raw",0.0,1.0,0.0
Saint Vincent and the Grenadines,2004,"Cloves (whole stems), raw",0.0,0.0,0.0
Saint Vincent and the Grenadines,2005,"Cloves (whole stems), raw",0.0,0.0,0.0
Saint Vincent and the Grenadines,2006,"Cloves (whole stems), raw",1.0,0.0,0.0
Saint Vincent and the Grenadines,2007,"Cloves (whole stems), raw",1.0,0.0,0.0
Saint Vincent and the Grenadines,2008,"Cloves (whole stems), raw",2.0,0.0,0.0
Saint Vincent and the Grenadines,2009,"Cloves (whole stems), raw",2.0,0.0,0.0
Saint Vincent and the Grenadines,2010,"Cloves (whole stems), raw",1.0,0.0,0.0
Saint Vincent and the Grenadines,2011,"Cloves (whole stems), raw",1.0,0.0,0.0
Saint Vincent and the Grenadines,2012,"Cloves (whole stems), raw",1.0,0.0,0.0
Saint Vincent and the Grenadines,2013,"Cloves (whole stems), raw",1.0,0.0,0.0
Saint Vincent and the Grenadines,2015,"Cloves (whole stems), raw",2.15,0.0,0.0
Saint Vincent and the Grenadines,2016,"Cloves (whole stems), raw",2.98,0.05,0.0
Saint Vincent and the Grenadines,2017,"Cloves (whole stems), raw",0.8,0.02,0.0
Saint Vincent and the Grenadines,2018,"Cloves (whole stems), raw",5.19,0.0,0.0
Saint Vincent and the Grenadines,2019,"Cloves (whole stems), raw",6.41,0.0,0.0
Saint Vincent and the Grenadines,2021,"Cloves (whole stems), raw",1.55,0.05,0.0
Saint Vincent and the Grenadines,2022,"Cloves (whole stems), raw",0.05,0.0,0.0
Saint Vincent and the Grenadines,2023,"Cloves (whole stems), raw",0.21,0.0,0.0
Samoa,2014,"Cloves (whole stems), raw",0.82,0.0,0.0
Samoa,2015,"Cloves (whole stems), raw",1.82,0.0,0.0
Samoa,2017,"Cloves (whole stems), raw",1.12,0.0,0.0
Samoa,2018,"Cloves (whole stems), raw",0.71,0.0,0.0
Samoa,2020,"Cloves (whole stems), raw",0.13,0.0,0.0
Samoa,2022,"Cloves (whole stems), raw",0.03,0.0,0.0
Samoa,2023,"Cloves (whole stems), raw",0.22,0.0,0.0
Sao Tome and Principe,2015,"Cloves (whole stems), raw",0.01,0.0,0.0
Sao Tome and Principe,2017,"Cloves (whole stems), raw",0.01,0.0,0.0
Sao Tome and Principe,2018,"Cloves (whole stems), raw",0.01,0.0,0.0
Sao Tome and Principe,2019,"Cloves (whole stems), raw",0.01,0.0,0.0
Sao Tome and Principe,2020,"Cloves (whole stems), raw",0.03,0.0,0.0
Sao Tome and Principe,2021,"Cloves (whole stems), raw",0.07,0.0,0.0
Sao Tome and Principe,2022,"Cloves (whole stems), raw",0.07,0.0,0.0
Saudi Arabia,1993,"Cloves (whole stems), raw",1039.0,49.0,0.0
Saudi Arabia,1995,"Cloves (whole stems), raw",1128.0,5.0,0.0
Saudi Arabia,1996,"Cloves (whole stems), raw",1212.0,23.0,0.0
Saudi Arabia,1997,"Cloves (whole stems), raw",1689.0,5.0,0.0
Saudi Arabia,1998,"Cloves (whole stems), raw",1517.0,12.0,0.0
Saudi Arabia,2000,"Cloves (whole stems), raw",1236.82,10.29,0.0
Saudi Arabia,2001,"Cloves (whole stems), raw",923.0,6.0,0.0
Saudi Arabia,2002,"Cloves (whole stems), raw",1441.0,9.0,0.0
Saudi Arabia,2003,"Cloves (whole stems), raw",2123.0,8.0,0.0
Saudi Arabia,2004,"Cloves (whole stems), raw",1252.0,10.0,0.0
Saudi Arabia,2005,"Cloves (whole stems), raw",1979.0,23.0,0.0
Saudi Arabia,2006,"Cloves (whole stems), raw",1727.0,61.0,0.0
Saudi Arabia,2007,"Cloves (whole stems), raw",2109.0,102.0,0.0
Saudi Arabia,2008,"Cloves (whole stems), raw",1402.0,44.0,0.0
Saudi Arabia,2009,"Cloves (whole stems), raw",1272.0,44.0,0.0
Saudi Arabia,2010,"Cloves (whole stems), raw",2004.0,108.0,0.0
Saudi Arabia,2011,"Cloves (whole stems), raw",1243.0,101.0,0.0
Saudi Arabia,2012,"Cloves (whole stems), raw",1615.0,48.0,0.0
Saudi Arabia,2013,"Cloves (whole stems), raw",1375.0,45.0,0.0
Saudi Arabia,2014,"Cloves (whole stems), raw",2321.0,39.0,0.0
Saudi Arabia,2015,"Cloves (whole stems), raw",1963.0,31.0,0.0
Saudi Arabia,2016,"Cloves (whole stems), raw",2163.0,0.0,0.0
Saudi Arabia,2017,"Cloves (whole stems), raw",1819.26,0.0,0.0
Saudi Arabia,2018,"Cloves (whole stems), raw",2555.76,36.72,0.0
Saudi Arabia,2019,"Cloves (whole stems), raw",2359.91,0.7,0.0
Saudi Arabia,2020,"Cloves (whole stems), raw",2286.51,19.0,0.0
Saudi Arabia,2021,"Cloves (whole stems), raw",1807.37,63.67,0.0
Saudi Arabia,2022,"Cloves (whole stems), raw",2660.67,11.77,0.0
Saudi Arabia,2023,"Cloves (whole stems), raw",2097.07,106.13,0.0
Senegal,1993,"Cloves (whole stems), raw",0.0,0.0,0.0
Senegal,1995,"Cloves (whole stems), raw",0.0,0.0,0.0
Senegal,1996,"Cloves (whole stems), raw",0.0,0.0,0.0
Senegal,1997,"Cloves (whole stems), raw",0.0,0.0,0.0
Senegal,1998,"Cloves (whole stems), raw",10.0,0.0,0.0
Senegal,1999,"Cloves (whole stems), raw",0.0,0.0,0.0
Senegal,2000,"Cloves (whole stems), raw",2.35,0.0,0.0
Senegal,2001,"Cloves (whole stems), raw",7.0,0.0,0.0
Senegal,2002,"Cloves (whole stems), raw",15.0,0.0,0.0
Senegal,2003,"Cloves (whole stems), raw",7.0,0.0,0.0
Senegal,2004,"Cloves (whole stems), raw",24.0,0.0,0.0
Senegal,2005,"Cloves (whole stems), raw",11.0,0.0,0.0
Senegal,2006,"Cloves (whole stems), raw",30.0,0.0,0.0
Senegal,2007,"Cloves (whole stems), raw",17.0,0.0,0.0
Senegal,2008,"Cloves (whole stems), raw",26.0,0.0,0.0
Senegal,2009,"Cloves (whole stems), raw",35.0,0.0,0.0
Senegal,2010,"Cloves (whole stems), raw",21.0,0.0,0.0
Senegal,2011,"Cloves (whole stems), raw",23.0,0.0,0.0
Senegal,2012,"Cloves (whole stems), raw",28.0,0.0,0.0
Senegal,2014,"Cloves (whole stems), raw",20.78,0.0,0.0
Senegal,2015,"Cloves (whole stems), raw",28.09,0.01,0.0
Senegal,2016,"Cloves (whole stems), raw",39.33,0.0,0.0
Senegal,2017,"Cloves (whole stems), raw",47.16,0.49,0.0
Senegal,2018,"Cloves (whole stems), raw",73.33,0.0,0.0
Senegal,2020,"Cloves (whole stems), raw",625.08,0.0,0.0
Senegal,2021,"Cloves (whole stems), raw",820.5,0.0,0.0
Senegal,2022,"Cloves (whole stems), raw",471.12,1.63,0.0
Senegal,2023,"Cloves (whole stems), raw",383.22,0.39,0.0
Serbia,2006,"Cloves (whole stems), raw",7.0,0.0,0.0
Serbia,2008,"Cloves (whole stems), raw",3.0,0.0,0.0
Serbia,2009,"Cloves (whole stems), raw",5.0,0.0,0.0
Serbia,2010,"Cloves (whole stems), raw",4.0,0.0,0.0
Serbia,2011,"Cloves (whole stems), raw",2.0,0.0,0.0
Serbia,2012,"Cloves (whole stems), raw",3.0,0.0,0.0
Serbia,2013,"Cloves (whole stems), raw",7.0,0.0,0.0
Serbia,2014,"Cloves (whole stems), raw",5.69,0.67,0.0
Serbia,2015,"Cloves (whole stems), raw",6.65,0.62,0.0
Serbia,2016,"Cloves (whole stems), raw",3.52,1.05,0.0
Serbia,2017,"Cloves (whole stems), raw",4.93,0.55,0.0
Serbia,2018,"Cloves (whole stems), raw",5.79,1.46,0.0
Serbia,2019,"Cloves (whole stems), raw",4.9,2.26,0.0
Serbia,2021,"Cloves (whole stems), raw",3.48,1.53,0.0
Serbia,2022,"Cloves (whole stems), raw",6.34,1.67,0.0
Serbia,2023,"Cloves (whole stems), raw",7.47,0.74,0.0
Serbia and Montenegro,1996,"Cloves (whole stems), raw",4.0,0.0,0.0
Serbia and Montenegro,1998,"Cloves (whole stems), raw",4.0,0.0,0.0
Serbia and Montenegro,1999,"Cloves (whole stems), raw",4.0,0.0,0.0
Serbia and Montenegro,2000,"Cloves (whole stems), raw",5.0,0.0,0.0
Serbia and Montenegro,2001,"Cloves (whole stems), raw",3.0,0.0,0.0
Serbia and Montenegro,2003,"Cloves (whole stems), raw",4.0,0.0,0.0
Serbia and Montenegro,2004,"Cloves (whole stems), raw",3.0,0.0,0.0
Serbia and Montenegro,2005,"Cloves (whole stems), raw",1.0,0.0,0.0
Seychelles,1993,"Cloves (whole stems), raw",0.0,0.0,0.0
Seychelles,1994,"Cloves (whole stems), raw",1.0,0.0,0.0
Seychelles,1995,"Cloves (whole stems), raw",1.0,0.0,0.0
Seychelles,1996,"Cloves (whole stems), raw",0.0,0.0,0.0
Seychelles,1997,"Cloves (whole stems), raw",1.0,0.0,0.0
Seychelles,1998,"Cloves (whole stems), raw",0.0,0.0,0.0
Seychelles,1999,"Cloves (whole stems), raw",0.0,0.0,0.0
Seychelles,2000,"Cloves (whole stems), raw",0.49,0.0,0.0
Seychelles,2001,"Cloves (whole stems), raw",0.49,0.0,0.0
Seychelles,2002,"Cloves (whole stems), raw",0.0,0.0,0.0
Seychelles,2003,"Cloves (whole stems), raw",0.0,0.0,0.0
Seychelles,2004,"Cloves (whole stems), raw",0.0,0.0,0.0
Seychelles,2005,"Cloves (whole stems), raw",0.0,0.0,0.0
Seychelles,2006,"Cloves (whole stems), raw",1.0,0.0,0.0
Seychelles,2007,"Cloves (whole stems), raw",1.0,0.0,0.0
Seychelles,2008,"Cloves (whole stems), raw",1.0,0.0,0.0
Seychelles,2009,"Cloves (whole stems), raw",1.0,0.0,0.0
Seychelles,2010,"Cloves (whole stems), raw",0.0,0.0,0.0
Seychelles,2011,"Cloves (whole stems), raw",0.0,0.0,0.0
Seychelles,2012,"Cloves (whole stems), raw",0.0,0.0,0.0
Seychelles,2013,"Cloves (whole stems), raw",0.0,0.0,0.0
Seychelles,2014,"Cloves (whole stems), raw",4.44,0.0,0.0
Seychelles,2015,"Cloves (whole stems), raw",2.3,0.0,0.0
Seychelles,2016,"Cloves (whole stems), raw",6.26,0.0,0.0
Seychelles,2017,"Cloves (whole stems), raw",5.61,0.0,0.0
Seychelles,2018,"Cloves (whole stems), raw",5.61,0.0,0.0
Seychelles,2019,"Cloves (whole stems), raw",5.99,0.0,0.0
Seychelles,2020,"Cloves (whole stems), raw",5.21,0.0,0.0
Seychelles,2021,"Cloves (whole stems), raw",7.45,0.0,0.0
Seychelles,2022,"Cloves (whole stems), raw",12.28,0.0,0.0
Seychelles,2023,"Cloves (whole stems), raw",9.78,0.0,0.0
Sierra Leone,2019,"Cloves (whole stems), raw",0.01,0.0,0.0
Sierra Leone,2020,"Cloves (whole stems), raw",0.26,0.02,0.0
Sierra Leone,2022,"Cloves (whole stems), raw",0.08,0.0,0.0
Sierra Leone,2023,"Cloves (whole stems), raw",0.19,0.0,0.0
Singapore,1993,"Cloves (whole stems), raw",13886.0,14291.0,0.0
Singapore,1994,"Cloves (whole stems), raw",13270.0,15221.0,0.0
Singapore,1995,"Cloves (whole stems), raw",14731.0,12970.0,0.0
Singapore,1997,"Cloves (whole stems), raw",13433.0,11992.0,0.0
Singapore,1999,"Cloves (whole stems), raw",11800.0,4432.0,0.0
Singapore,2000,"Cloves (whole stems), raw",14933.02,6585.8,0.0
Singapore,2001,"Cloves (whole stems), raw",19101.0,6775.0,0.0
Singapore,2002,"Cloves (whole stems), raw",6880.0,8485.0,0.0
Singapore,2003,"Cloves (whole stems), raw",17177.0,13332.0,0.0
Singapore,2004,"Cloves (whole stems), raw",21416.0,15007.0,0.0
Singapore,2005,"Cloves (whole stems), raw",11085.0,11762.0,0.0
Singapore,2006,"Cloves (whole stems), raw",10522.0,8347.0,0.0
Singapore,2007,"Cloves (whole stems), raw",10890.0,10138.0,0.0
Singapore,2008,"Cloves (whole stems), raw",9595.0,6283.0,0.0
Singapore,2009,"Cloves (whole stems), raw",14309.0,11565.0,0.0
Singapore,2010,"Cloves (whole stems), raw",5501.0,5926.0,0.0
Singapore,2011,"Cloves (whole stems), raw",17634.0,7023.0,0.0
Singapore,2012,"Cloves (whole stems), raw",10477.0,9372.0,0.0
Singapore,2013,"Cloves (whole stems), raw",6007.0,4019.0,0.0
Singapore,2014,"Cloves (whole stems), raw",5209.89,11027.9,0.0
Singapore,2015,"Cloves (whole stems), raw",5032.8,4419.07,0.0
Singapore,2016,"Cloves (whole stems), raw",11111.08,9427.22,0.0
Singapore,2017,"Cloves (whole stems), raw",13598.42,11800.65,0.0
Singapore,2018,"Cloves (whole stems), raw",10405.6,10429.08,0.0
Singapore,2019,"Cloves (whole stems), raw",3041.5,4236.36,0.0
Singapore,2020,"Cloves (whole stems), raw",3472.0,4692.98,0.0
Singapore,2021,"Cloves (whole stems), raw",6527.3,3947.38,0.0
Singapore,2022,"Cloves (whole stems), raw",11603.97,10997.43,0.0
Singapore,2023,"Cloves (whole stems), raw",7014.99,7691.48,0.0
Slovakia,1993,"Cloves (whole stems), raw",36.0,0.0,0.0
Slovakia,1994,"Cloves (whole stems), raw",19.0,2.0,0.0
Slovakia,1995,"Cloves (whole stems), raw",11.0,2.0,0.0
Slovakia,1996,"Cloves (whole stems), raw",13.0,0.0,0.0
Slovakia,1997,"Cloves (whole stems), raw",13.0,0.0,0.0
Slovakia,1998,"Cloves (whole stems), raw",11.0,0.0,0.0
Slovakia,1999,"Cloves (whole stems), raw",13.0,0.0,0.0
Slovakia,2000,"Cloves (whole stems), raw",31.0,0.0,0.0
Slovakia,2001,"Cloves (whole stems), raw",26.0,0.0,0.0
Slovakia,2002,"Cloves (whole stems), raw",33.0,0.0,0.0
Slovakia,2003,"Cloves (whole stems), raw",16.0,0.0,0.0
Slovakia,2004,"Cloves (whole stems), raw",16.0,0.0,0.0
Slovakia,2005,"Cloves (whole stems), raw",14.0,0.0,0.0
Slovakia,2006,"Cloves (whole stems), raw",12.0,0.0,0.0
Slovakia,2008,"Cloves (whole stems), raw",13.0,0.0,0.0
Slovakia,2009,"Cloves (whole stems), raw",16.0,0.0,0.0
Slovakia,2010,"Cloves (whole stems), raw",13.0,2.0,0.0
Slovakia,2011,"Cloves (whole stems), raw",17.0,1.0,0.0
Slovakia,2012,"Cloves (whole stems), raw",15.0,2.0,0.0
Slovakia,2013,"Cloves (whole stems), raw",23.0,9.0,0.0
Slovakia,2014,"Cloves (whole stems), raw",16.37,8.85,0.0
Slovakia,2015,"Cloves (whole stems), raw",19.23,4.62,0.0
Slovakia,2016,"Cloves (whole stems), raw",12.22,3.67,0.0
Slovakia,2017,"Cloves (whole stems), raw",14.72,4.55,0.0
Slovakia,2018,"Cloves (whole stems), raw",30.3,5.13,0.0
Slovakia,2019,"Cloves (whole stems), raw",35.67,4.89,0.0
Slovakia,2020,"Cloves (whole stems), raw",38.24,8.18,0.0
Slovakia,2021,"Cloves (whole stems), raw",30.83,7.58,0.0
Slovakia,2022,"Cloves (whole stems), raw",30.06,6.14,0.0
Slovakia,2023,"Cloves (whole stems), raw",27.23,5.24,0.0
Slovenia,1993,"Cloves (whole stems), raw",4.0,2.0,0.0
Slovenia,1994,"Cloves (whole stems), raw",9.0,2.0,0.0
Slovenia,1995,"Cloves (whole stems), raw",7.0,1.0,0.0
Slovenia,1996,"Cloves (whole stems), raw",6.0,2.0,0.0
Slovenia,1997,"Cloves (whole stems), raw",9.0,2.0,0.0
Slovenia,1998,"Cloves (whole stems), raw",7.0,1.0,0.0
Slovenia,1999,"Cloves (whole stems), raw",10.0,0.0,0.0
Slovenia,2000,"Cloves (whole stems), raw",15.74,0.01,0.0
Slovenia,2001,"Cloves (whole stems), raw",4.0,2.0,0.0
Slovenia,2002,"Cloves (whole stems), raw",12.0,2.0,0.0
Slovenia,2003,"Cloves (whole stems), raw",11.0,3.0,0.0
Slovenia,2004,"Cloves (whole stems), raw",9.0,1.0,0.0
Slovenia,2005,"Cloves (whole stems), raw",6.0,1.0,0.0
Slovenia,2006,"Cloves (whole stems), raw",11.0,1.0,0.0
Slovenia,2008,"Cloves (whole stems), raw",5.0,1.0,0.0
Slovenia,2009,"Cloves (whole stems), raw",8.0,0.0,0.0
Slovenia,2010,"Cloves (whole stems), raw",9.0,1.0,0.0
Slovenia,2011,"Cloves (whole stems), raw",7.0,0.0,0.0
Slovenia,2012,"Cloves (whole stems), raw",7.0,1.0,0.0
Slovenia,2013,"Cloves (whole stems), raw",8.0,3.0,0.0
Slovenia,2014,"Cloves (whole stems), raw",6.13,1.28,0.0
Slovenia,2015,"Cloves (whole stems), raw",7.83,2.56,0.0
Slovenia,2017,"Cloves (whole stems), raw",12.35,4.01,0.0
Slovenia,2018,"Cloves (whole stems), raw",7.68,1.78,0.0
Slovenia,2019,"Cloves (whole stems), raw",9.09,2.79,0.0
Slovenia,2020,"Cloves (whole stems), raw",9.22,4.03,0.0
Slovenia,2021,"Cloves (whole stems), raw",5.54,0.15,0.0
Slovenia,2022,"Cloves (whole stems), raw",6.98,0.55,0.0
Slovenia,2023,"Cloves (whole stems), raw",11.28,5.59,0.0
Solomon Islands,2011,"Cloves (whole stems), raw",0.0,0.0,0.0
Solomon Islands,2012,"Cloves (whole stems), raw",0.0,0.0,0.0
Solomon Islands,2013,"Cloves (whole stems), raw",0.0,0.0,0.0
Solomon Islands,2014,"Cloves (whole stems), raw",0.0,0.0,0.0
Solomon Islands,2016,"Cloves (whole stems), raw",0.02,0.0,0.0
Solomon Islands,2019,"Cloves (whole stems), raw",0.01,0.0,0.0
Solomon Islands,2020,"Cloves (whole stems), raw",0.01,0.0,0.0
Solomon Islands,2023,"Cloves (whole stems), raw",0.01,0.0,0.0
Somalia,2014,"Cloves (whole stems), raw",11.05,0.0,0.0
Somalia,2015,"Cloves (whole stems), raw",5.05,0.0,0.0
Somalia,2016,"Cloves (whole stems), raw",1.08,0.0,0.0
Somalia,2017,"Cloves (whole stems), raw",10.42,0.0,0.0
Somalia,2018,"Cloves (whole stems), raw",67.09,0.0,0.0
Somalia,2019,"Cloves (whole stems), raw",69.59,0.0,0.0
Somalia,2020,"Cloves (whole stems), raw",145.37,0.0,0.0
Somalia,2021,"Cloves (whole stems), raw",308.12,0.0,0.0
Somalia,2022,"Cloves (whole stems), raw",210.17,0.0,0.0
Somalia,2023,"Cloves (whole stems), raw",176.09,0.0,0.0
South Africa,1993,"Cloves (whole stems), raw",208.0,1.0,0.0
South Africa,1996,"Cloves (whole stems), raw",235.0,5.0,0.0
South Africa,1997,"Cloves (whole stems), raw",216.0,5.0,0.0
South Africa,1998,"Cloves (whole stems), raw",254.0,4.0,0.0
South Africa,1999,"Cloves (whole stems), raw",272.0,1.0,0.0
South Africa,2000,"Cloves (whole stems), raw",241.96,6.68,0.0
South Africa,2001,"Cloves (whole stems), raw",221.0,1.0,0.0
South Africa,2002,"Cloves (whole stems), raw",281.0,1.0,0.0
South Africa,2004,"Cloves (whole stems), raw",270.0,1.0,0.0
South Africa,2005,"Cloves (whole stems), raw",314.0,1.0,0.0
South Africa,2006,"Cloves (whole stems), raw",304.0,3.0,0.0
South Africa,2008,"Cloves (whole stems), raw",290.0,3.0,0.0
South Africa,2009,"Cloves (whole stems), raw",304.0,3.0,0.0
South Africa,2010,"Cloves (whole stems), raw",310.0,3.0,0.0
South Africa,2011,"Cloves (whole stems), raw",381.0,4.0,0.0
South Africa,2012,"Cloves (whole stems), raw",332.0,2.0,0.0
South Africa,2013,"Cloves (whole stems), raw",311.0,7.0,0.0
South Africa,2014,"Cloves (whole stems), raw",441.35,19.73,0.0
South Africa,2015,"Cloves (whole stems), raw",358.06,16.18,0.0
South Africa,2016,"Cloves (whole stems), raw",429.1,7.91,0.0
South Africa,2017,"Cloves (whole stems), raw",347.0,9.68,0.0
South Africa,2018,"Cloves (whole stems), raw",439.78,12.09,0.0
South Africa,2019,"Cloves (whole stems), raw",380.41,6.85,0.0
South Africa,2020,"Cloves (whole stems), raw",492.87,21.98,0.0
South Africa,2021,"Cloves (whole stems), raw",420.72,13.98,0.0
South Africa,2022,"Cloves (whole stems), raw",385.84,36.28,0.0
South Africa,2023,"Cloves (whole stems), raw",396.29,29.87,0.0
South Sudan,2012,"Cloves (whole stems), raw",0.0,0.0,0.0
South Sudan,2013,"Cloves (whole stems), raw",0.0,0.0,0.0
South Sudan,2014,"Cloves (whole stems), raw",15.53,0.0,0.0
South Sudan,2015,"Cloves (whole stems), raw",11.95,0.0,0.0
South Sudan,2016,"Cloves (whole stems), raw",0.45,0.0,0.0
South Sudan,2017,"Cloves (whole stems), raw",1.25,0.0,0.0
South Sudan,2018,"Cloves (whole stems), raw",9.15,0.0,0.0
South Sudan,2019,"Cloves (whole stems), raw",1.93,0.0,0.0
South Sudan,2020,"Cloves (whole stems), raw",5.24,0.0,0.0
South Sudan,2021,"Cloves (whole stems), raw",75.2,0.0,0.0
South Sudan,2022,"Cloves (whole stems), raw",175.57,0.0,0.0
South Sudan,2023,"Cloves (whole stems), raw",90.83,0.0,0.0
Spain,1993,"Cloves (whole stems), raw",96.0,2.0,0.0
Spain,1994,"Cloves (whole stems), raw",100.0,4.0,0.0
Spain,1995,"Cloves (whole stems), raw",116.0,2.0,0.0
Spain,1996,"Cloves (whole stems), raw",113.0,5.0,0.0
Spain,1997,"Cloves (whole stems), raw",77.0,6.0,0.0
Spain,1998,"Cloves (whole stems), raw",101.0,4.0,0.0
Spain,1999,"Cloves (whole stems), raw",70.0,1.0,0.0
Spain,2000,"Cloves (whole stems), raw",35.0,1.0,0.0
Spain,2001,"Cloves (whole stems), raw",43.0,11.0,0.0
Spain,2002,"Cloves (whole stems), raw",79.0,7.0,0.0
Spain,2003,"Cloves (whole stems), raw",176.0,47.0,0.0
Spain,2004,"Cloves (whole stems), raw",84.0,40.0,0.0
Spain,2005,"Cloves (whole stems), raw",80.0,21.0,0.0
Spain,2006,"Cloves (whole stems), raw",158.0,35.0,0.0
Spain,2007,"Cloves (whole stems), raw",124.0,14.0,0.0
Spain,2008,"Cloves (whole stems), raw",126.0,7.0,0.0
Spain,2009,"Cloves (whole stems), raw",149.0,13.0,0.0
Spain,2010,"Cloves (whole stems), raw",117.0,15.0,0.0
Spain,2011,"Cloves (whole stems), raw",123.0,27.0,0.0
Spain,2012,"Cloves (whole stems), raw",150.0,38.0,0.0
Spain,2013,"Cloves (whole stems), raw",153.0,79.0,0.0
Spain,2014,"Cloves (whole stems), raw",237.85,118.27,0.0
Spain,2015,"Cloves (whole stems), raw",237.02,111.19,0.0
Spain,2016,"Cloves (whole stems), raw",304.11,174.12,0.0
Spain,2017,"Cloves (whole stems), raw",288.82,184.11,0.0
Spain,2018,"Cloves (whole stems), raw",306.13,173.75,0.0
Spain,2019,"Cloves (whole stems), raw",329.24,185.73,0.0
Spain,2020,"Cloves (whole stems), raw",429.73,208.52,0.0
Spain,2021,"Cloves (whole stems), raw",487.55,274.04,0.0
Spain,2022,"Cloves (whole stems), raw",397.43,342.08,0.0
Spain,2023,"Cloves (whole stems), raw",433.64,384.23,0.0
Sri Lanka,1993,"Cloves (whole stems), raw",0.0,1194.0,1500.0
Sri Lanka,1994,"Cloves (whole stems), raw",0.0,419.0,1400.0
Sri Lanka,1995,"Cloves (whole stems), raw",0.0,687.0,1500.0
Sri Lanka,1996,"Cloves (whole stems), raw",0.0,1371.0,1930.84
Sri Lanka,1997,"Cloves (whole stems), raw",0.0,2461.0,2500.0
Sri Lanka,1998,"Cloves (whole stems), raw",9.0,1907.0,2568.69
Sri Lanka,1999,"Cloves (whole stems), raw",6.0,3409.0,3500.0
Sri Lanka,2000,"Cloves (whole stems), raw",32.6,956.53,1500.0
Sri Lanka,2001,"Cloves (whole stems), raw",10.0,1964.0,2000.0
Sri Lanka,2002,"Cloves (whole stems), raw",37.0,4044.0,4100.0
Sri Lanka,2003,"Cloves (whole stems), raw",1.0,2489.0,3350.0
Sri Lanka,2004,"Cloves (whole stems), raw",75.0,3428.0,3270.0
Sri Lanka,2005,"Cloves (whole stems), raw",0.0,5517.0,3260.0
Sri Lanka,2006,"Cloves (whole stems), raw",40.0,2346.0,3140.0
Sri Lanka,2007,"Cloves (whole stems), raw",0.0,4756.0,3070.0
Sri Lanka,2008,"Cloves (whole stems), raw",7.0,7404.0,3990.0
Sri Lanka,2009,"Cloves (whole stems), raw",3.0,2915.0,3790.0
Sri Lanka,2010,"Cloves (whole stems), raw",10.0,8329.0,3770.0
Sri Lanka,2012,"Cloves (whole stems), raw",2.0,2914.0,4250.0
Sri Lanka,2013,"Cloves (whole stems), raw",5.0,5478.0,3920.0
Sri Lanka,2014,"Cloves (whole stems), raw",13.48,1231.03,5594.0
Sri Lanka,2015,"Cloves (whole stems), raw",0.0,5518.76,6000.0
Sri Lanka,2016,"Cloves (whole stems), raw",0.0,1842.67,8298.0
Sri Lanka,2017,"Cloves (whole stems), raw",23.52,7805.59,7292.0
Sri Lanka,2019,"Cloves (whole stems), raw",13.56,5115.25,4377.0
Sri Lanka,2020,"Cloves (whole stems), raw",0.0,2845.39,6710.6
Sri Lanka,2021,"Cloves (whole stems), raw",10.01,6478.97,5706.1
Sri Lanka,2022,"Cloves (whole stems), raw",0.0,2325.13,5722.0
Sri Lanka,2023,"Cloves (whole stems), raw",10.0,5841.75,5899.0
Sudan,2012,"Cloves (whole stems), raw",135.0,0.0,0.0
Sudan,2013,"Cloves (whole stems), raw",116.0,0.0,0.0
Sudan,2014,"Cloves (whole stems), raw",160.74,0.0,0.0
Sudan,2016,"Cloves (whole stems), raw",237.46,0.0,0.0
Sudan,2017,"Cloves (whole stems), raw",299.61,0.0,0.0
Sudan,2018,"Cloves (whole stems), raw",299.5,0.0,0.0
Sudan,2019,"Cloves (whole stems), raw",599.53,0.0,0.0
Sudan,2020,"Cloves (whole stems), raw",427.56,0.0,0.0
Sudan,2021,"Cloves (whole stems), raw",262.19,0.01,0.0
Sudan,2022,"Cloves (whole stems), raw",608.78,0.0,0.0
Sudan (former),1993,"Cloves (whole stems), raw",0.0,0.0,0.0
Sudan (former),1994,"Cloves (whole stems), raw",0.0,0.0,0.0
Sudan (former),1995,"Cloves (whole stems), raw",0.0,0.0,0.0
Sudan (former),1996,"Cloves (whole stems), raw",0.0,0.0,0.0
Sudan (former),1997,"Cloves (whole stems), raw",181.0,0.0,0.0
Sudan (former),1998,"Cloves (whole stems), raw",168.0,0.0,0.0
Sudan (former),1999,"Cloves (whole stems), raw",67.0,0.0,0.0
Sudan (former),2000,"Cloves (whole stems), raw",94.0,0.0,0.0
Sudan (former),2001,"Cloves (whole stems), raw",68.0,0.0,0.0
Sudan (former),2002,"Cloves (whole stems), raw",101.0,0.0,0.0
Sudan (former),2003,"Cloves (whole stems), raw",81.0,0.0,0.0
Sudan (former),2004,"Cloves (whole stems), raw",81.0,0.0,0.0
Sudan (former),2005,"Cloves (whole stems), raw",165.0,0.0,0.0
Sudan (former),2006,"Cloves (whole stems), raw",208.0,0.0,0.0
Sudan (former),2007,"Cloves (whole stems), raw",128.0,0.0,0.0
Sudan (former),2008,"Cloves (whole stems), raw",174.0,0.0,0.0
Sudan (former),2009,"Cloves (whole stems), raw",146.0,0.0,0.0
Sudan (former),2010,"Cloves (whole stems), raw",188.0,0.0,0.0
Sudan (former),2011,"Cloves (whole stems), raw",30.0,0.0,0.0
Suriname,2007,"Cloves (whole stems), raw",6.0,0.0,0.0
Suriname,2008,"Cloves (whole stems), raw",1.0,0.0,0.0
Suriname,2009,"Cloves (whole stems), raw",3.0,0.0,0.0
Suriname,2010,"Cloves (whole stems), raw",2.0,0.0,0.0
Suriname,2012,"Cloves (whole stems), raw",6.0,0.0,0.0
Suriname,2013,"Cloves (whole stems), raw",13.0,0.0,0.0
Suriname,2014,"Cloves (whole stems), raw",10.28,5.9,0.0
Suriname,2015,"Cloves (whole stems), raw",11.3,0.54,0.0
Suriname,2016,"Cloves (whole stems), raw",11.96,2.8,0.0
Suriname,2017,"Cloves (whole stems), raw",3.43,1.13,0.0
Suriname,2018,"Cloves (whole stems), raw",0.57,0.0,0.0
Suriname,2019,"Cloves (whole stems), raw",1.68,0.0,0.0
Suriname,2020,"Cloves (whole stems), raw",0.75,0.0,0.0
Suriname,2021,"Cloves (whole stems), raw",0.08,0.0,0.0
Suriname,2022,"Cloves (whole stems), raw",0.14,0.0,0.0
Suriname,2023,"Cloves (whole stems), raw",0.7,0.0,0.0
Sweden,1993,"Cloves (whole stems), raw",84.0,7.0,0.0
Sweden,1994,"Cloves (whole stems), raw",91.0,8.0,0.0
Sweden,1996,"Cloves (whole stems), raw",82.0,9.0,0.0
Sweden,1997,"Cloves (whole stems), raw",92.0,9.0,0.0
Sweden,1999,"Cloves (whole stems), raw",71.0,9.0,0.0
Sweden,2000,"Cloves (whole stems), raw",103.0,9.0,0.0
Sweden,2001,"Cloves (whole stems), raw",87.0,8.0,0.0
Sweden,2002,"Cloves (whole stems), raw",91.0,3.0,0.0
Sweden,2003,"Cloves (whole stems), raw",78.0,13.0,0.0
Sweden,2004,"Cloves (whole stems), raw",89.0,19.0,0.0
Sweden,2005,"Cloves (whole stems), raw",88.0,29.0,0.0
Sweden,2006,"Cloves (whole stems), raw",102.0,17.0,0.0
Sweden,2007,"Cloves (whole stems), raw",156.0,23.0,0.0
Sweden,2008,"Cloves (whole stems), raw",148.0,41.0,0.0
Sweden,2009,"Cloves (whole stems), raw",140.0,48.0,0.0
Sweden,2010,"Cloves (whole stems), raw",137.0,46.0,0.0
Sweden,2011,"Cloves (whole stems), raw",166.0,36.0,0.0
Sweden,2012,"Cloves (whole stems), raw",154.0,44.0,0.0
Sweden,2013,"Cloves (whole stems), raw",127.0,32.0,0.0
Sweden,2014,"Cloves (whole stems), raw",126.91,40.65,0.0
Sweden,2015,"Cloves (whole stems), raw",116.08,36.04,0.0
Sweden,2016,"Cloves (whole stems), raw",126.64,35.97,0.0
Sweden,2017,"Cloves (whole stems), raw",137.27,30.63,0.0
Sweden,2018,"Cloves (whole stems), raw",166.1,18.99,0.0
Sweden,2019,"Cloves (whole stems), raw",137.83,27.1,0.0
Sweden,2020,"Cloves (whole stems), raw",112.11,30.57,0.0
Sweden,2021,"Cloves (whole stems), raw",94.46,24.62,0.0
Sweden,2022,"Cloves (whole stems), raw",144.2,27.94,0.0
Sweden,2023,"Cloves (whole stems), raw",116.1,16.26,0.0
Switzerland,1993,"Cloves (whole stems), raw",35.0,1.0,0.0
Switzerland,1995,"Cloves (whole stems), raw",24.0,0.0,0.0
Switzerland,1996,"Cloves (whole stems), raw",36.0,0.0,0.0
Switzerland,1997,"Cloves (whole stems), raw",31.0,2.0,0.0
Switzerland,1999,"Cloves (whole stems), raw",34.0,0.0,0.0
Switzerland,2000,"Cloves (whole stems), raw",34.78,2.27,0.0
Switzerland,2001,"Cloves (whole stems), raw",32.0,0.0,0.0
Switzerland,2002,"Cloves (whole stems), raw",36.0,1.0,0.0
Switzerland,2003,"Cloves (whole stems), raw",40.0,1.0,0.0
Switzerland,2004,"Cloves (whole stems), raw",23.0,2.0,0.0
Switzerland,2005,"Cloves (whole stems), raw",28.0,2.0,0.0
Switzerland,2006,"Cloves (whole stems), raw",29.0,0.0,0.0
Switzerland,2007,"Cloves (whole stems), raw",32.0,0.0,0.0
Switzerland,2008,"Cloves (whole stems), raw",31.0,2.0,0.0
Switzerland,2009,"Cloves (whole stems), raw",27.0,0.0,0.0
Switzerland,2011,"Cloves (whole stems), raw",29.0,3.0,0.0
Switzerland,2012,"Cloves (whole stems), raw",33.0,0.0,0.0
Switzerland,2013,"Cloves (whole stems), raw",31.0,0.0,0.0
Switzerland,2014,"Cloves (whole stems), raw",33.91,0.78,0.0
Switzerland,2015,"Cloves (whole stems), raw",34.47,0.12,0.0
Switzerland,2016,"Cloves (whole stems), raw",32.09,0.15,0.0
Switzerland,2017,"Cloves (whole stems), raw",30.18,0.68,0.0
Switzerland,2018,"Cloves (whole stems), raw",33.79,0.42,0.0
Switzerland,2019,"Cloves (whole stems), raw",26.14,0.94,0.0
Switzerland,2020,"Cloves (whole stems), raw",35.88,2.17,0.0
Switzerland,2021,"Cloves (whole stems), raw",34.58,0.09,0.0
Switzerland,2023,"Cloves (whole stems), raw",36.88,2.55,0.0
Syrian Arab Republic,1994,"Cloves (whole stems), raw",127.0,0.0,0.0
Syrian Arab Republic,1995,"Cloves (whole stems), raw",59.0,0.0,0.0
Syrian Arab Republic,1996,"Cloves (whole stems), raw",75.0,0.0,0.0
Syrian Arab Republic,1997,"Cloves (whole stems), raw",292.0,0.0,0.0
Syrian Arab Republic,1998,"Cloves (whole stems), raw",211.0,0.0,0.0
Syrian Arab Republic,1999,"Cloves (whole stems), raw",150.0,0.0,0.0
Syrian Arab Republic,2000,"Cloves (whole stems), raw",190.0,0.0,0.0
Syrian Arab Republic,2001,"Cloves (whole stems), raw",190.0,0.0,0.0
Syrian Arab Republic,2002,"Cloves (whole stems), raw",0.0,0.0,0.0
Syrian Arab Republic,2003,"Cloves (whole stems), raw",171.0,0.0,0.0
Syrian Arab Republic,2004,"Cloves (whole stems), raw",0.0,0.0,0.0
Syrian Arab Republic,2006,"Cloves (whole stems), raw",184.0,0.0,0.0
Syrian Arab Republic,2007,"Cloves (whole stems), raw",255.0,0.0,0.0
Syrian Arab Republic,2008,"Cloves (whole stems), raw",434.0,0.0,0.0
Syrian Arab Republic,2009,"Cloves (whole stems), raw",147.0,0.0,0.0
Syrian Arab Republic,2011,"Cloves (whole stems), raw",43.0,0.0,0.0
Syrian Arab Republic,2012,"Cloves (whole stems), raw",24.0,0.0,0.0
Syrian Arab Republic,2013,"Cloves (whole stems), raw",132.0,0.0,0.0
Syrian Arab Republic,2014,"Cloves (whole stems), raw",221.47,0.19,0.0
Syrian Arab Republic,2015,"Cloves (whole stems), raw",244.22,10.0,0.0
Syrian Arab Republic,2016,"Cloves (whole stems), raw",313.6,2.96,0.0
Syrian Arab Republic,2017,"Cloves (whole stems), raw",142.57,89.01,0.0
Syrian Arab Republic,2018,"Cloves (whole stems), raw",314.11,12.33,0.0
Syrian Arab Republic,2019,"Cloves (whole stems), raw",139.38,37.45,0.0
Syrian Arab Republic,2020,"Cloves (whole stems), raw",377.92,50.45,0.0
Syrian Arab Republic,2021,"Cloves (whole stems), raw",257.46,2.29,0.0
Syrian Arab Republic,2022,"Cloves (whole stems), raw",109.55,2.47,0.0
Syrian Arab Republic,2023,"Cloves (whole stems), raw",482.36,2.31,0.0
Tajikistan,2014,"Cloves (whole stems), raw",0.01,0.0,0.0
Tajikistan,2015,"Cloves (whole stems), raw",0.04,0.0,0.0
Tajikistan,2017,"Cloves (whole stems), raw",0.02,0.0,0.0
Tajikistan,2018,"Cloves (whole stems), raw",0.02,0.0,0.0
Tajikistan,2019,"Cloves (whole stems), raw",0.03,0.0,0.0
Tajikistan,2021,"Cloves (whole stems), raw",0.04,0.0,0.0
Tajikistan,2022,"Cloves (whole stems), raw",0.09,0.0,0.0
Thailand,1994,"Cloves (whole stems), raw",32.0,1.0,0.0
Thailand,1995,"Cloves (whole stems), raw",31.0,0.0,0.0
Thailand,1996,"Cloves (whole stems), raw",24.0,7.0,0.0
Thailand,1997,"Cloves (whole stems), raw",45.0,7.0,0.0
Thailand,1998,"Cloves (whole stems), raw",52.0,10.0,0.0
Thailand,1999,"Cloves (whole stems), raw",12.0,10.0,0.0
Thailand,2000,"Cloves (whole stems), raw",200.0,15.0,0.0
Thailand,2001,"Cloves (whole stems), raw",266.0,1.0,0.0
Thailand,2003,"Cloves (whole stems), raw",52.0,0.0,0.0
Thailand,2004,"Cloves (whole stems), raw",48.0,0.0,0.0
Thailand,2005,"Cloves (whole stems), raw",57.0,0.0,0.0
Thailand,2006,"Cloves (whole stems), raw",36.0,0.0,0.0
Thailand,2007,"Cloves (whole stems), raw",93.0,8.0,0.0
Thailand,2008,"Cloves (whole stems), raw",74.0,0.0,0.0
Thailand,2010,"Cloves (whole stems), raw",80.0,0.0,0.0
Thailand,2011,"Cloves (whole stems), raw",65.0,2.0,0.0
Thailand,2012,"Cloves (whole stems), raw",86.0,2.0,0.0
Thailand,2013,"Cloves (whole stems), raw",108.0,0.0,0.0
Thailand,2014,"Cloves (whole stems), raw",87.6,2.21,0.0
Thailand,2015,"Cloves (whole stems), raw",105.98,0.06,0.0
Thailand,2016,"Cloves (whole stems), raw",94.63,1.99,0.0
Thailand,2017,"Cloves (whole stems), raw",74.68,0.17,0.0
Thailand,2018,"Cloves (whole stems), raw",107.79,0.12,0.0
Thailand,2020,"Cloves (whole stems), raw",88.12,2.34,0.0
Thailand,2021,"Cloves (whole stems), raw",98.36,0.0,0.0
Thailand,2022,"Cloves (whole stems), raw",88.09,1.02,0.0
Thailand,2023,"Cloves (whole stems), raw",119.38,1.94,0.0
Timor-Leste,2014,"Cloves (whole stems), raw",0.08,0.0,0.0
Timor-Leste,2015,"Cloves (whole stems), raw",0.02,0.34,0.0
Timor-Leste,2016,"Cloves (whole stems), raw",0.05,10.11,0.0
Timor-Leste,2019,"Cloves (whole stems), raw",0.05,0.0,0.0
Timor-Leste,2020,"Cloves (whole stems), raw",0.62,0.0,0.0
Timor-Leste,2021,"Cloves (whole stems), raw",0.1,10.0,0.0
Timor-Leste,2022,"Cloves (whole stems), raw",0.11,20.0,0.0
Timor-Leste,2023,"Cloves (whole stems), raw",0.15,47.34,0.0
Togo,1994,"Cloves (whole stems), raw",0.0,0.0,0.0
Togo,1995,"Cloves (whole stems), raw",0.0,0.0,0.0
Togo,1996,"Cloves (whole stems), raw",12.0,0.0,0.0
Togo,1997,"Cloves (whole stems), raw",7.0,0.0,0.0
Togo,1998,"Cloves (whole stems), raw",14.0,0.0,0.0
Togo,1999,"Cloves (whole stems), raw",20.4,3.42,0.0
Togo,2000,"Cloves (whole stems), raw",8.86,0.0,0.0
Togo,2001,"Cloves (whole stems), raw",42.0,3.0,0.0
Togo,2002,"Cloves (whole stems), raw",95.0,0.0,0.0
Togo,2003,"Cloves (whole stems), raw",50.0,1.0,0.0
Togo,2004,"Cloves (whole stems), raw",0.0,0.0,0.0
Togo,2005,"Cloves (whole stems), raw",0.0,0.0,0.0
Togo,2006,"Cloves (whole stems), raw",0.0,0.0,0.0
Togo,2007,"Cloves (whole stems), raw",3.0,0.0,0.0
Togo,2008,"Cloves (whole stems), raw",0.0,0.0,0.0
Togo,2010,"Cloves (whole stems), raw",40.0,0.0,0.0
Togo,2011,"Cloves (whole stems), raw",0.0,0.0,0.0
Togo,2012,"Cloves (whole stems), raw",2.0,0.0,0.0
Togo,2013,"Cloves (whole stems), raw",1.0,0.0,0.0
Togo,2016,"Cloves (whole stems), raw",18.62,0.0,0.0
Togo,2019,"Cloves (whole stems), raw",64.14,0.0,0.0
Tonga,2000,"Cloves (whole stems), raw",0.0,0.0,0.0
Tonga,2002,"Cloves (whole stems), raw",0.0,0.0,0.0
Tonga,2003,"Cloves (whole stems), raw",0.0,0.0,0.0
Tonga,2006,"Cloves (whole stems), raw",0.0,0.0,0.0
Tonga,2007,"Cloves (whole stems), raw",0.0,0.0,0.0
Tonga,2008,"Cloves (whole stems), raw",0.0,0.0,0.0
Tonga,2009,"Cloves (whole stems), raw",0.0,0.0,0.0
Tonga,2010,"Cloves (whole stems), raw",0.0,0.0,0.0
Tonga,2011,"Cloves (whole stems), raw",0.0,0.0,0.0
Tonga,2012,"Cloves (whole stems), raw",0.0,0.0,0.0
Tonga,2013,"Cloves (whole stems), raw",0.0,0.0,0.0
Tonga,2015,"Cloves (whole stems), raw",0.0,0.0,0.0
Tonga,2016,"Cloves (whole stems), raw",0.01,0.0,0.0
Tonga,2018,"Cloves (whole stems), raw",0.05,0.0,0.0
Tonga,2019,"Cloves (whole stems), raw",0.19,0.0,0.0
Tonga,2020,"Cloves (whole stems), raw",0.12,0.0,0.0
Tonga,2021,"Cloves (whole stems), raw",0.19,0.0,0.0
Tonga,2022,"Cloves (whole stems), raw",0.15,0.0,0.0
Tonga,2023,"Cloves (whole stems), raw",0.14,0.0,0.0
Trinidad and Tobago,1994,"Cloves (whole stems), raw",1.0,0.0,0.0
Trinidad and Tobago,1995,"Cloves (whole stems), raw",1.0,0.0,0.0
Trinidad and Tobago,1996,"Cloves (whole stems), raw",1.0,0.0,0.0
Trinidad and Tobago,1998,"Cloves (whole stems), raw",1.0,0.0,0.0
Trinidad and Tobago,1999,"Cloves (whole stems), raw",2.0,0.0,0.0
Trinidad and Tobago,2000,"Cloves (whole stems), raw",5.9,0.1,0.0
Trinidad and Tobago,2001,"Cloves (whole stems), raw",4.0,0.0,0.0
Trinidad and Tobago,2002,"Cloves (whole stems), raw",2.0,1.0,0.0
Trinidad and Tobago,2003,"Cloves (whole stems), raw",9.0,1.0,0.0
Trinidad and Tobago,2004,"Cloves (whole stems), raw",4.0,0.0,0.0
Trinidad and Tobago,2005,"Cloves (whole stems), raw",12.0,0.0,0.0
Trinidad and Tobago,2006,"Cloves (whole stems), raw",18.0,0.0,0.0
Trinidad and Tobago,2007,"Cloves (whole stems), raw",13.0,0.0,0.0
Trinidad and Tobago,2008,"Cloves (whole stems), raw",8.0,0.0,0.0
Trinidad and Tobago,2009,"Cloves (whole stems), raw",12.0,1.0,0.0
Trinidad and Tobago,2010,"Cloves (whole stems), raw",16.0,1.0,0.0
Trinidad and Tobago,2011,"Cloves (whole stems), raw",2.0,0.0,0.0
Trinidad and Tobago,2012,"Cloves (whole stems), raw",16.0,0.0,0.0
Trinidad and Tobago,2013,"Cloves (whole stems), raw",9.0,0.0,0.0
Trinidad and Tobago,2014,"Cloves (whole stems), raw",11.19,0.3,0.0
Trinidad and Tobago,2015,"Cloves (whole stems), raw",32.7,5.59,0.0
Trinidad and Tobago,2016,"Cloves (whole stems), raw",15.88,2.5,0.0
Trinidad and Tobago,2017,"Cloves (whole stems), raw",15.81,5.41,0.0
Trinidad and Tobago,2018,"Cloves (whole stems), raw",42.17,4.42,0.0
Trinidad and Tobago,2019,"Cloves (whole stems), raw",18.85,4.42,0.0
Trinidad and Tobago,2020,"Cloves (whole stems), raw",52.22,6.24,0.0
Trinidad and Tobago,2021,"Cloves (whole stems), raw",25.62,3.74,0.0
Trinidad and Tobago,2022,"Cloves (whole stems), raw",24.15,4.15,0.0
Trinidad and Tobago,2023,"Cloves (whole stems), raw",44.31,2.96,0.0
Tunisia,1993,"Cloves (whole stems), raw",118.0,150.0,0.0
Tunisia,1996,"Cloves (whole stems), raw",119.0,20.0,0.0
Tunisia,1997,"Cloves (whole stems), raw",115.0,31.0,0.0
Tunisia,1998,"Cloves (whole stems), raw",115.0,1.0,0.0
Tunisia,1999,"Cloves (whole stems), raw",0.0,19.0,0.0
Tunisia,2000,"Cloves (whole stems), raw",30.0,0.0,0.0
Tunisia,2001,"Cloves (whole stems), raw",42.0,0.0,0.0
Tunisia,2002,"Cloves (whole stems), raw",93.0,0.0,0.0
Tunisia,2003,"Cloves (whole stems), raw",73.0,0.0,0.0
Tunisia,2004,"Cloves (whole stems), raw",15.0,0.0,0.0
Tunisia,2005,"Cloves (whole stems), raw",55.0,0.0,0.0
Tunisia,2006,"Cloves (whole stems), raw",17.0,0.0,0.0
Tunisia,2007,"Cloves (whole stems), raw",99.0,0.0,0.0
Tunisia,2008,"Cloves (whole stems), raw",11.0,0.0,0.0
Tunisia,2009,"Cloves (whole stems), raw",16.0,0.0,0.0
Tunisia,2010,"Cloves (whole stems), raw",81.0,0.0,0.0
Tunisia,2011,"Cloves (whole stems), raw",25.0,0.0,0.0
Tunisia,2012,"Cloves (whole stems), raw",45.0,0.0,0.0
Tunisia,2013,"Cloves (whole stems), raw",63.0,0.0,0.0
Tunisia,2014,"Cloves (whole stems), raw",55.07,0.0,0.0
Tunisia,2015,"Cloves (whole stems), raw",33.98,0.0,0.0
Tunisia,2016,"Cloves (whole stems), raw",69.66,0.0,0.0
Tunisia,2017,"Cloves (whole stems), raw",34.25,0.0,0.0
Tunisia,2018,"Cloves (whole stems), raw",83.05,0.02,0.0
Tunisia,2019,"Cloves (whole stems), raw",104.67,0.03,0.0
Tunisia,2020,"Cloves (whole stems), raw",195.27,0.0,0.0
Tunisia,2021,"Cloves (whole stems), raw",120.78,2.18,0.0
Tunisia,2022,"Cloves (whole stems), raw",34.15,2.42,0.0
Tunisia,2023,"Cloves (whole stems), raw",63.83,0.0,0.0
Türkiye,1993,"Cloves (whole stems), raw",83.0,9.0,0.0
Türkiye,1995,"Cloves (whole stems), raw",84.0,4.0,0.0
Türkiye,1996,"Cloves (whole stems), raw",104.0,3.0,0.0
Türkiye,1997,"Cloves (whole stems), raw",119.0,4.0,0.0
Türkiye,1998,"Cloves (whole stems), raw",132.0,3.0,0.0
Türkiye,1999,"Cloves (whole stems), raw",2.0,2.0,0.0
Türkiye,2001,"Cloves (whole stems), raw",15.0,0.0,0.0
Türkiye,2003,"Cloves (whole stems), raw",102.0,3.0,0.0
Türkiye,2004,"Cloves (whole stems), raw",63.0,4.0,0.0
Türkiye,2005,"Cloves (whole stems), raw",94.0,2.0,0.0
Türkiye,2006,"Cloves (whole stems), raw",120.0,2.0,0.0
Türkiye,2007,"Cloves (whole stems), raw",136.0,4.0,0.0
Türkiye,2008,"Cloves (whole stems), raw",83.0,1.0,0.0
Türkiye,2009,"Cloves (whole stems), raw",228.0,3.0,0.0
Türkiye,2010,"Cloves (whole stems), raw",284.0,4.0,0.0
Türkiye,2011,"Cloves (whole stems), raw",180.0,2.0,0.0
Türkiye,2012,"Cloves (whole stems), raw",202.0,3.0,0.0
Türkiye,2013,"Cloves (whole stems), raw",117.0,4.0,0.0
Türkiye,2014,"Cloves (whole stems), raw",371.78,3.48,0.0
Türkiye,2015,"Cloves (whole stems), raw",305.52,3.8,0.0
Türkiye,2016,"Cloves (whole stems), raw",175.91,9.98,0.0
Türkiye,2017,"Cloves (whole stems), raw",269.26,26.14,0.0
Türkiye,2018,"Cloves (whole stems), raw",279.11,5.36,0.0
Türkiye,2019,"Cloves (whole stems), raw",481.97,139.14,0.0
Türkiye,2020,"Cloves (whole stems), raw",723.3,152.02,0.0
Türkiye,2021,"Cloves (whole stems), raw",424.89,146.89,0.0
Türkiye,2023,"Cloves (whole stems), raw",610.94,188.34,0.0
Turkmenistan,2014,"Cloves (whole stems), raw",0.12,0.0,0.0
Turkmenistan,2015,"Cloves (whole stems), raw",0.14,0.0,0.0
Turkmenistan,2017,"Cloves (whole stems), raw",0.17,0.0,0.0
Turkmenistan,2018,"Cloves (whole stems), raw",0.06,0.0,0.0
Turkmenistan,2019,"Cloves (whole stems), raw",0.14,0.0,0.0
Turkmenistan,2020,"Cloves (whole stems), raw",1.32,0.0,0.0
Turkmenistan,2022,"Cloves (whole stems), raw",0.5,0.0,0.0
Turkmenistan,2023,"Cloves (whole stems), raw",0.0,0.0,0.0
Tuvalu,2017,"Cloves (whole stems), raw",0.0,0.0,0.0
Uganda,1993,"Cloves (whole stems), raw",0.0,0.0,0.0
Uganda,1994,"Cloves (whole stems), raw",0.1,0.0,0.0
Uganda,1995,"Cloves (whole stems), raw",0.04,0.0,0.0
Uganda,1996,"Cloves (whole stems), raw",0.0,0.0,0.0
Uganda,1998,"Cloves (whole stems), raw",0.0,0.0,0.0
Uganda,1999,"Cloves (whole stems), raw",0.0,0.0,0.0
Uganda,2000,"Cloves (whole stems), raw",0.0,0.0,0.0
Uganda,2001,"Cloves (whole stems), raw",0.0,0.0,0.0
Uganda,2002,"Cloves (whole stems), raw",0.0,0.0,0.0
Uganda,2003,"Cloves (whole stems), raw",0.0,0.0,0.0
Uganda,2004,"Cloves (whole stems), raw",0.0,0.0,0.0
Uganda,2005,"Cloves (whole stems), raw",0.0,0.0,0.0
Uganda,2006,"Cloves (whole stems), raw",0.0,0.0,0.0
Uganda,2007,"Cloves (whole stems), raw",0.0,0.0,0.0
Uganda,2009,"Cloves (whole stems), raw",0.0,0.0,0.0
Uganda,2010,"Cloves (whole stems), raw",1.0,0.0,0.0
Uganda,2011,"Cloves (whole stems), raw",2.0,0.0,0.0
Uganda,2012,"Cloves (whole stems), raw",0.0,3.0,0.0
Uganda,2013,"Cloves (whole stems), raw",0.0,0.0,0.0
Uganda,2014,"Cloves (whole stems), raw",0.65,15.66,0.0
Uganda,2015,"Cloves (whole stems), raw",1.25,11.95,0.0
Uganda,2016,"Cloves (whole stems), raw",1.3,0.0,0.0
Uganda,2017,"Cloves (whole stems), raw",0.38,0.0,0.0
Uganda,2018,"Cloves (whole stems), raw",1.3,0.0,0.0
Uganda,2019,"Cloves (whole stems), raw",5.4,0.0,0.0
Uganda,2020,"Cloves (whole stems), raw",5.23,0.03,0.0
Uganda,2021,"Cloves (whole stems), raw",2.06,0.0,0.0
Uganda,2023,"Cloves (whole stems), raw",3.93,0.04,0.0
Ukraine,1994,"Cloves (whole stems), raw",69.0,2.0,0.0
Ukraine,1995,"Cloves (whole stems), raw",113.0,6.0,0.0
Ukraine,1996,"Cloves (whole stems), raw",63.0,24.0,0.0
Ukraine,1997,"Cloves (whole stems), raw",86.0,25.0,0.0
Ukraine,1999,"Cloves (whole stems), raw",7.0,8.0,0.0
Ukraine,2000,"Cloves (whole stems), raw",1.0,0.0,0.0
Ukraine,2001,"Cloves (whole stems), raw",5.0,4.0,0.0
Ukraine,2002,"Cloves (whole stems), raw",8.0,0.0,0.0
Ukraine,2003,"Cloves (whole stems), raw",25.0,0.0,0.0
Ukraine,2004,"Cloves (whole stems), raw",32.0,0.0,0.0
Ukraine,2005,"Cloves (whole stems), raw",67.0,1.0,0.0
Ukraine,2006,"Cloves (whole stems), raw",16.0,1.0,0.0
Ukraine,2007,"Cloves (whole stems), raw",53.0,2.0,0.0
Ukraine,2008,"Cloves (whole stems), raw",52.0,2.0,0.0
Ukraine,2009,"Cloves (whole stems), raw",49.0,2.0,0.0
Ukraine,2010,"Cloves (whole stems), raw",58.0,2.0,0.0
Ukraine,2011,"Cloves (whole stems), raw",47.0,2.0,0.0
Ukraine,2012,"Cloves (whole stems), raw",76.0,2.0,0.0
Ukraine,2013,"Cloves (whole stems), raw",55.0,2.0,0.0
Ukraine,2014,"Cloves (whole stems), raw",38.16,1.24,0.0
Ukraine,2015,"Cloves (whole stems), raw",60.73,1.35,0.0
Ukraine,2016,"Cloves (whole stems), raw",35.52,1.14,0.0
Ukraine,2017,"Cloves (whole stems), raw",52.91,1.08,0.0
Ukraine,2018,"Cloves (whole stems), raw",89.43,2.04,0.0
Ukraine,2019,"Cloves (whole stems), raw",68.72,1.61,0.0
Ukraine,2020,"Cloves (whole stems), raw",80.25,1.85,0.0
Ukraine,2021,"Cloves (whole stems), raw",48.88,1.77,0.0
Ukraine,2022,"Cloves (whole stems), raw",71.02,1.59,0.0
Ukraine,2023,"Cloves (whole stems), raw",55.11,1.99,0.0
United Arab Emirates,1994,"Cloves (whole stems), raw",2087.0,2018.0,0.0
United Arab Emirates,1995,"Cloves (whole stems), raw",4567.0,2185.0,0.0
United Arab Emirates,1996,"Cloves (whole stems), raw",3622.0,2723.0,0.0
United Arab Emirates,1997,"Cloves (whole stems), raw",1700.0,1000.0,0.0
United Arab Emirates,1998,"Cloves (whole stems), raw",2300.0,600.0,0.0
United Arab Emirates,1999,"Cloves (whole stems), raw",1100.0,250.0,0.0
United Arab Emirates,2000,"Cloves (whole stems), raw",1300.0,280.0,0.0
United Arab Emirates,2001,"Cloves (whole stems), raw",800.0,280.0,0.0
United Arab Emirates,2002,"Cloves (whole stems), raw",2878.0,1118.0,0.0
United Arab Emirates,2003,"Cloves (whole stems), raw",3910.0,2483.0,0.0
United Arab Emirates,2004,"Cloves (whole stems), raw",3773.0,573.0,0.0
United Arab Emirates,2005,"Cloves (whole stems), raw",2176.0,2915.0,0.0
United Arab Emirates,2006,"Cloves (whole stems), raw",4018.0,199.0,0.0
United Arab Emirates,2007,"Cloves (whole stems), raw",3255.0,2300.0,0.0
United Arab Emirates,2008,"Cloves (whole stems), raw",3135.0,1484.0,0.0
United Arab Emirates,2009,"Cloves (whole stems), raw",3620.0,1484.0,0.0
United Arab Emirates,2011,"Cloves (whole stems), raw",2449.0,213.0,0.0
United Arab Emirates,2012,"Cloves (whole stems), raw",3232.0,206.0,0.0
United Arab Emirates,2013,"Cloves (whole stems), raw",3683.0,349.0,0.0
United Arab Emirates,2014,"Cloves (whole stems), raw",5055.42,2893.74,0.0
United Arab Emirates,2015,"Cloves (whole stems), raw",3578.52,2903.95,0.0
United Arab Emirates,2017,"Cloves (whole stems), raw",4152.05,3370.67,0.0
United Arab Emirates,2018,"Cloves (whole stems), raw",3462.66,2919.96,0.0
United Arab Emirates,2019,"Cloves (whole stems), raw",3584.1,3341.39,0.0
United Arab Emirates,2020,"Cloves (whole stems), raw",4999.68,4846.32,0.0
United Arab Emirates,2021,"Cloves (whole stems), raw",4957.48,5416.41,0.0
United Arab Emirates,2023,"Cloves (whole stems), raw",5342.84,5490.66,0.0
United Kingdom of Great Britain and Northern Ireland,1993,"Cloves (whole stems), raw",373.0,9.0,0.0
United Kingdom of Great Britain and Northern Ireland,1995,"Cloves (whole stems), raw",282.0,5.0,0.0
United Kingdom of Great Britain and Northern Ireland,1996,"Cloves (whole stems), raw",298.0,11.0,0.0
United Kingdom of Great Britain and Northern Ireland,1997,"Cloves (whole stems), raw",366.0,9.0,0.0
United Kingdom of Great Britain and Northern Ireland,1998,"Cloves (whole stems), raw",292.0,30.0,0.0
United Kingdom of Great Britain and Northern Ireland,1999,"Cloves (whole stems), raw",346.0,81.0,0.0
United Kingdom of Great Britain and Northern Ireland,2000,"Cloves (whole stems), raw",745.0,63.0,0.0
United Kingdom of Great Britain and Northern Ireland,2001,"Cloves (whole stems), raw",642.0,98.0,0.0
United Kingdom of Great Britain and Northern Ireland,2002,"Cloves (whole stems), raw",353.0,32.0,0.0
United Kingdom of Great Britain and Northern Ireland,2003,"Cloves (whole stems), raw",273.0,32.0,0.0
United Kingdom of Great Britain and Northern Ireland,2004,"Cloves (whole stems), raw",293.0,31.0,0.0
United Kingdom of Great Britain and Northern Ireland,2005,"Cloves (whole stems), raw",242.0,24.0,0.0
United Kingdom of Great Britain and Northern Ireland,2006,"Cloves (whole stems), raw",287.0,31.0,0.0
United Kingdom of Great Britain and Northern Ireland,2007,"Cloves (whole stems), raw",279.0,20.0,0.0
United Kingdom of Great Britain and Northern Ireland,2008,"Cloves (whole stems), raw",260.0,23.0,0.0
United Kingdom of Great Britain and Northern Ireland,2009,"Cloves (whole stems), raw",326.0,23.0,0.0
United Kingdom of Great Britain and Northern Ireland,2010,"Cloves (whole stems), raw",326.0,24.0,0.0
United Kingdom of Great Britain and Northern Ireland,2011,"Cloves (whole stems), raw",332.0,36.0,0.0
United Kingdom of Great Britain and Northern Ireland,2012,"Cloves (whole stems), raw",324.0,51.0,0.0
United Kingdom of Great Britain and Northern Ireland,2013,"Cloves (whole stems), raw",432.0,56.0,0.0
United Kingdom of Great Britain and Northern Ireland,2014,"Cloves (whole stems), raw",331.15,89.22,0.0
United Kingdom of Great Britain and Northern Ireland,2015,"Cloves (whole stems), raw",437.87,105.46,0.0
United Kingdom of Great Britain and Northern Ireland,2016,"Cloves (whole stems), raw",450.81,131.87,0.0
United Kingdom of Great Britain and Northern Ireland,2017,"Cloves (whole stems), raw",416.63,145.85,0.0
United Kingdom of Great Britain and Northern Ireland,2018,"Cloves (whole stems), raw",511.12,132.47,0.0
United Kingdom of Great Britain and Northern Ireland,2019,"Cloves (whole stems), raw",428.06,139.08,0.0
United Kingdom of Great Britain and Northern Ireland,2020,"Cloves (whole stems), raw",460.16,168.92,0.0
United Kingdom of Great Britain and Northern Ireland,2021,"Cloves (whole stems), raw",478.37,87.34,0.0
United Kingdom of Great Britain and Northern Ireland,2022,"Cloves (whole stems), raw",833.04,102.88,0.0
United Kingdom of Great Britain and Northern Ireland,2023,"Cloves (whole stems), raw",630.94,164.42,0.0
United Republic of Tanzania,1993,"Cloves (whole stems), raw",0.0,3300.0,1900.0
United Republic of Tanzania,1994,"Cloves (whole stems), raw",0.0,2600.0,4927.0
United Republic of Tanzania,1995,"Cloves (whole stems), raw",1.0,4200.0,1576.0
United Republic of Tanzania,1996,"Cloves (whole stems), raw",0.0,3100.0,10339.0
United Republic of Tanzania,1997,"Cloves (whole stems), raw",0.0,7613.0,2506.0
United Republic of Tanzania,1999,"Cloves (whole stems), raw",0.0,350.0,8027.0
United Republic of Tanzania,2000,"Cloves (whole stems), raw",0.0,2262.0,9000.0
United Republic of Tanzania,2001,"Cloves (whole stems), raw",0.0,2456.0,9200.0
United Republic of Tanzania,2002,"Cloves (whole stems), raw",0.0,1224.0,7854.98
United Republic of Tanzania,2003,"Cloves (whole stems), raw",0.0,5547.0,9500.0
United Republic of Tanzania,2004,"Cloves (whole stems), raw",1.0,4363.0,9900.0
United Republic of Tanzania,2006,"Cloves (whole stems), raw",3.0,3033.0,9800.0
United Republic of Tanzania,2007,"Cloves (whole stems), raw",1.0,3110.0,9900.0
United Republic of Tanzania,2008,"Cloves (whole stems), raw",3.0,3805.0,9184.94
United Republic of Tanzania,2009,"Cloves (whole stems), raw",2.0,4823.0,8937.24
United Republic of Tanzania,2010,"Cloves (whole stems), raw",1.0,2566.0,8747.36
United Republic of Tanzania,2011,"Cloves (whole stems), raw",1.0,2306.0,8821.22
United Republic of Tanzania,2012,"Cloves (whole stems), raw",5.0,5957.0,6850.0
United Republic of Tanzania,2013,"Cloves (whole stems), raw",9.0,4089.0,6850.0
United Republic of Tanzania,2014,"Cloves (whole stems), raw",7.24,2826.64,8734.75
United Republic of Tanzania,2015,"Cloves (whole stems), raw",4.51,336.23,9044.23
United Republic of Tanzania,2016,"Cloves (whole stems), raw",12.56,1300.9,8209.66
United Republic of Tanzania,2017,"Cloves (whole stems), raw",22.93,1043.71,8662.88
United Republic of Tanzania,2018,"Cloves (whole stems), raw",7.77,1478.35,8638.93
United Republic of Tanzania,2020,"Cloves (whole stems), raw",21.41,3580.54,8601.88
United Republic of Tanzania,2021,"Cloves (whole stems), raw",44.9,7047.69,8581.54
United Republic of Tanzania,2022,"Cloves (whole stems), raw",45.73,5929.04,8562.41
United Republic of Tanzania,2023,"Cloves (whole stems), raw",64.5,4690.96,8581.94
United States of America,1993,"Cloves (whole stems), raw",1245.0,102.0,0.0
United States of America,1994,"Cloves (whole stems), raw",1318.0,57.0,0.0
United States of America,1995,"Cloves (whole stems), raw",1494.0,80.0,0.0
United States of America,1996,"Cloves (whole stems), raw",958.0,81.0,0.0
United States of America,1997,"Cloves (whole stems), raw",1431.0,49.0,0.0
United States of America,1998,"Cloves (whole stems), raw",1159.0,59.0,0.0
United States of America,1999,"Cloves (whole stems), raw",1357.0,94.0,0.0
United States of America,2000,"Cloves (whole stems), raw",1094.8,103.23,0.0
United States of America,2001,"Cloves (whole stems), raw",1194.0,157.0,0.0
United States of America,2002,"Cloves (whole stems), raw",1486.0,155.0,0.0
United States of America,2004,"Cloves (whole stems), raw",1067.0,145.0,0.0
United States of America,2005,"Cloves (whole stems), raw",1312.0,126.0,0.0
United States of America,2006,"Cloves (whole stems), raw",1166.0,86.0,0.0
United States of America,2007,"Cloves (whole stems), raw",1555.0,136.0,0.0
United States of America,2008,"Cloves (whole stems), raw",1319.0,186.0,0.0
United States of America,2009,"Cloves (whole stems), raw",1487.0,186.0,0.0
United States of America,2010,"Cloves (whole stems), raw",1263.0,160.0,0.0
United States of America,2011,"Cloves (whole stems), raw",1259.0,246.0,0.0
United States of America,2012,"Cloves (whole stems), raw",1744.0,436.0,0.0
United States of America,2013,"Cloves (whole stems), raw",1970.0,353.0,0.0
United States of America,2014,"Cloves (whole stems), raw",1635.0,538.7,0.0
United States of America,2015,"Cloves (whole stems), raw",1672.54,339.07,0.0
United States of America,2016,"Cloves (whole stems), raw",1525.57,260.82,0.0
United States of America,2017,"Cloves (whole stems), raw",1827.05,198.78,0.0
United States of America,2018,"Cloves (whole stems), raw",1696.61,252.59,0.0
United States of America,2019,"Cloves (whole stems), raw",1916.19,195.57,0.0
United States of America,2020,"Cloves (whole stems), raw",2368.28,190.78,0.0
United States of America,2021,"Cloves (whole stems), raw",1961.95,239.04,0.0
United States of America,2023,"Cloves (whole stems), raw",2032.93,194.71,0.0
Uruguay,1993,"Cloves (whole stems), raw",2.0,0.0,0.0
Uruguay,1994,"Cloves (whole stems), raw",10.0,0.0,0.0
Uruguay,1995,"Cloves (whole stems), raw",2.0,0.0,0.0
Uruguay,1996,"Cloves (whole stems), raw",6.0,0.0,0.0
Uruguay,1997,"Cloves (whole stems), raw",6.0,0.0,0.0
Uruguay,1998,"Cloves (whole stems), raw",6.0,0.0,0.0
Uruguay,1999,"Cloves (whole stems), raw",4.0,0.0,0.0
Uruguay,2001,"Cloves (whole stems), raw",5.0,0.0,0.0
Uruguay,2002,"Cloves (whole stems), raw",7.0,0.0,0.0
Uruguay,2003,"Cloves (whole stems), raw",5.0,0.0,0.0
Uruguay,2004,"Cloves (whole stems), raw",5.0,0.0,0.0
Uruguay,2005,"Cloves (whole stems), raw",8.0,0.0,0.0
Uruguay,2006,"Cloves (whole stems), raw",3.0,0.0,0.0
Uruguay,2007,"Cloves (whole stems), raw",8.0,0.0,0.0
Uruguay,2008,"Cloves (whole stems), raw",5.0,0.0,0.0
Uruguay,2009,"Cloves (whole stems), raw",4.0,0.0,0.0
Uruguay,2010,"Cloves (whole stems), raw",10.0,0.0,0.0
Uruguay,2011,"Cloves (whole stems), raw",10.0,0.0,0.0
Uruguay,2012,"Cloves (whole stems), raw",18.0,0.0,0.0
Uruguay,2013,"Cloves (whole stems), raw",16.0,0.0,0.0
Uruguay,2014,"Cloves (whole stems), raw",2.31,0.01,0.0
Uruguay,2015,"Cloves (whole stems), raw",4.36,0.0,0.0
Uruguay,2016,"Cloves (whole stems), raw",7.5,0.0,0.0
Uruguay,2017,"Cloves (whole stems), raw",4.54,0.02,0.0
Uruguay,2018,"Cloves (whole stems), raw",3.66,0.01,0.0
Uruguay,2019,"Cloves (whole stems), raw",6.66,0.0,0.0
Uruguay,2020,"Cloves (whole stems), raw",4.94,0.01,0.0
Uruguay,2021,"Cloves (whole stems), raw",6.11,0.02,0.0
Uruguay,2022,"Cloves (whole stems), raw",6.59,0.0,0.0
Uruguay,2023,"Cloves (whole stems), raw",3.02,0.0,0.0
Uzbekistan,2014,"Cloves (whole stems), raw",9.86,0.0,0.0
Uzbekistan,2015,"Cloves (whole stems), raw",9.7,0.0,0.0
Uzbekistan,2016,"Cloves (whole stems), raw",6.51,0.0,0.0
Uzbekistan,2018,"Cloves (whole stems), raw",9.06,0.0,0.0
Uzbekistan,2019,"Cloves (whole stems), raw",9.42,0.0,0.0
Uzbekistan,2020,"Cloves (whole stems), raw",9.35,0.23,0.0
Uzbekistan,2021,"Cloves (whole stems), raw",13.43,0.39,0.0
Uzbekistan,2022,"Cloves (whole stems), raw",15.21,0.23,0.0
Vanuatu,2014,"Cloves (whole stems), raw",0.06,0.0,0.0
Vanuatu,2015,"Cloves (whole stems), raw",0.03,0.0,0.0
Vanuatu,2017,"Cloves (whole stems), raw",0.08,0.0,0.0
Vanuatu,2018,"Cloves (whole stems), raw",0.03,0.0,0.0
Vanuatu,2019,"Cloves (whole stems), raw",0.06,0.0,0.0
Vanuatu,2020,"Cloves (whole stems), raw",0.06,0.0,0.0
Vanuatu,2021,"Cloves (whole stems), raw",0.06,0.0,0.0
Vanuatu,2022,"Cloves (whole stems), raw",0.06,0.0,0.0
Venezuela (Bolivarian Republic of),1993,"Cloves (whole stems), raw",88.0,0.0,0.0
Venezuela (Bolivarian Republic of),1994,"Cloves (whole stems), raw",79.0,0.0,0.0
Venezuela (Bolivarian Republic of),1995,"Cloves (whole stems), raw",67.0,0.0,0.0
Venezuela (Bolivarian Republic of),1997,"Cloves (whole stems), raw",67.0,1.0,0.0
Venezuela (Bolivarian Republic of),1998,"Cloves (whole stems), raw",90.0,0.0,0.0
Venezuela (Bolivarian Republic of),1999,"Cloves (whole stems), raw",65.0,0.0,0.0
Venezuela (Bolivarian Republic of),2001,"Cloves (whole stems), raw",65.0,0.0,0.0
Venezuela (Bolivarian Republic of),2002,"Cloves (whole stems), raw",69.0,0.0,0.0
Venezuela (Bolivarian Republic of),2003,"Cloves (whole stems), raw",52.0,0.0,0.0
Venezuela (Bolivarian Republic of),2004,"Cloves (whole stems), raw",110.0,0.0,0.0
Venezuela (Bolivarian Republic of),2006,"Cloves (whole stems), raw",138.0,0.0,0.0
Venezuela (Bolivarian Republic of),2007,"Cloves (whole stems), raw",55.0,0.0,0.0
Venezuela (Bolivarian Republic of),2008,"Cloves (whole stems), raw",137.0,0.0,0.0
Venezuela (Bolivarian Republic of),2009,"Cloves (whole stems), raw",119.0,0.0,0.0
Venezuela (Bolivarian Republic of),2010,"Cloves (whole stems), raw",100.0,0.0,0.0
Venezuela (Bolivarian Republic of),2011,"Cloves (whole stems), raw",106.0,0.0,0.0
Venezuela (Bolivarian Republic of),2013,"Cloves (whole stems), raw",37.0,0.0,0.0
Venezuela (Bolivarian Republic of),2014,"Cloves (whole stems), raw",83.87,0.0,0.0
Venezuela (Bolivarian Republic of),2016,"Cloves (whole stems), raw",22.0,0.0,0.0
Venezuela (Bolivarian Republic of),2017,"Cloves (whole stems), raw",22.29,0.0,0.0
Venezuela (Bolivarian Republic of),2019,"Cloves (whole stems), raw",43.87,0.0,0.0
Venezuela (Bolivarian Republic of),2020,"Cloves (whole stems), raw",33.78,0.0,0.0
Venezuela (Bolivarian Republic of),2021,"Cloves (whole stems), raw",29.57,0.0,0.0
Venezuela (Bolivarian Republic of),2023,"Cloves (whole stems), raw",34.25,0.0,0.0
Viet Nam,1993,"Cloves (whole stems), raw",0.0,0.0,0.0
Viet Nam,1994,"Cloves (whole stems), raw",0.0,0.0,0.0
Viet Nam,1995,"Cloves (whole stems), raw",0.0,0.0,0.0
Viet Nam,1996,"Cloves (whole stems), raw",0.0,0.0,0.0
Viet Nam,1997,"Cloves (whole stems), raw",0.0,0.0,0.0
Viet Nam,1998,"Cloves (whole stems), raw",9.0,0.0,0.0
Viet Nam,1999,"Cloves (whole stems), raw",0.0,0.0,0.0
Viet Nam,2000,"Cloves (whole stems), raw",31.0,0.0,0.0
Viet Nam,2001,"Cloves (whole stems), raw",53.0,0.0,0.0
Viet Nam,2002,"Cloves (whole stems), raw",874.0,0.0,0.0
Viet Nam,2003,"Cloves (whole stems), raw",2696.0,0.0,0.0
Viet Nam,2004,"Cloves (whole stems), raw",992.0,0.0,0.0
Viet Nam,2005,"Cloves (whole stems), raw",2504.0,0.0,0.0
Viet Nam,2006,"Cloves (whole stems), raw",1752.0,0.0,0.0
Viet Nam,2007,"Cloves (whole stems), raw",3314.0,0.0,0.0
Viet Nam,2008,"Cloves (whole stems), raw",1161.0,0.0,0.0
Viet Nam,2009,"Cloves (whole stems), raw",4244.0,0.0,0.0
Viet Nam,2010,"Cloves (whole stems), raw",2689.0,0.0,0.0
Viet Nam,2011,"Cloves (whole stems), raw",2595.0,0.0,0.0
Viet Nam,2012,"Cloves (whole stems), raw",3787.0,0.0,0.0
Viet Nam,2013,"Cloves (whole stems), raw",2600.0,0.0,0.0
Viet Nam,2014,"Cloves (whole stems), raw",181.4,132.11,0.0
Viet Nam,2015,"Cloves (whole stems), raw",133.56,114.67,0.0
Viet Nam,2016,"Cloves (whole stems), raw",280.95,159.37,0.0
Viet Nam,2017,"Cloves (whole stems), raw",325.23,107.01,0.0
Viet Nam,2018,"Cloves (whole stems), raw",198.36,160.86,0.0
Viet Nam,2019,"Cloves (whole stems), raw",278.32,185.83,0.0
Viet Nam,2020,"Cloves (whole stems), raw",384.69,215.13,0.0
Viet Nam,2021,"Cloves (whole stems), raw",316.05,189.6,0.0
Viet Nam,2022,"Cloves (whole stems), raw",1458.67,320.27,0.0
Viet Nam,2023,"Cloves (whole stems), raw",850.59,247.22,0.0
Yemen,1993,"Cloves (whole stems), raw",0.0,0.0,0.0
Yemen,1994,"Cloves (whole stems), raw",0.0,0.0,0.0
Yemen,1995,"Cloves (whole stems), raw",0.0,0.0,0.0
Yemen,1996,"Cloves (whole stems), raw",0.0,0.0,0.0
Yemen,1997,"Cloves (whole stems), raw",0.0,0.0,0.0
Yemen,1999,"Cloves (whole stems), raw",32.0,0.0,0.0
Yemen,2000,"Cloves (whole stems), raw",167.0,0.0,0.0
Yemen,2001,"Cloves (whole stems), raw",40.0,0.0,0.0
Yemen,2002,"Cloves (whole stems), raw",44.0,0.0,0.0
Yemen,2003,"Cloves (whole stems), raw",126.0,0.0,0.0
Yemen,2004,"Cloves (whole stems), raw",68.0,0.0,0.0
Yemen,2005,"Cloves (whole stems), raw",225.0,0.0,0.0
Yemen,2006,"Cloves (whole stems), raw",218.0,0.0,0.0
Yemen,2007,"Cloves (whole stems), raw",310.0,0.0,0.0
Yemen,2008,"Cloves (whole stems), raw",191.0,0.0,0.0
Yemen,2009,"Cloves (whole stems), raw",421.0,0.0,0.0
Yemen,2010,"Cloves (whole stems), raw",125.0,0.0,0.0
Yemen,2011,"Cloves (whole stems), raw",92.0,0.0,0.0
Yemen,2012,"Cloves (whole stems), raw",205.0,0.0,0.0
Yemen,2013,"Cloves (whole stems), raw",71.0,0.0,0.0
Yemen,2014,"Cloves (whole stems), raw",76.15,0.0,0.0
Yemen,2015,"Cloves (whole stems), raw",17.82,0.0,0.0
Yemen,2016,"Cloves (whole stems), raw",144.94,0.0,0.0
Yemen,2018,"Cloves (whole stems), raw",53.82,0.0,0.0
Yemen,2019,"Cloves (whole stems), raw",243.86,0.0,0.0
Yemen,2020,"Cloves (whole stems), raw",1087.91,0.01,0.0
Yemen,2021,"Cloves (whole stems), raw",810.43,0.0,0.0
Yemen,2022,"Cloves (whole stems), raw",844.87,0.0,0.0
Yemen,2023,"Cloves (whole stems), raw",503.85,0.0,0.0
Zambia,1995,"Cloves (whole stems), raw",1.0,0.0,0.0
Zambia,1997,"Cloves (whole stems), raw",0.0,0.0,0.0
Zambia,1999,"Cloves (whole stems), raw",0.0,0.0,0.0
Zambia,2001,"Cloves (whole stems), raw",0.0,0.0,0.0
Zambia,2002,"Cloves (whole stems), raw",0.0,0.0,0.0
Zambia,2003,"Cloves (whole stems), raw",0.0,0.0,0.0
Zambia,2004,"Cloves (whole stems), raw",0.0,0.0,0.0
Zambia,2005,"Cloves (whole stems), raw",0.0,0.0,0.0
Zambia,2006,"Cloves (whole stems), raw",1.0,0.0,0.0
Zambia,2007,"Cloves (whole stems), raw",2.0,0.0,0.0
Zambia,2009,"Cloves (whole stems), raw",1.0,0.0,0.0
Zambia,2010,"Cloves (whole stems), raw",2.0,0.0,0.0
Zambia,2011,"Cloves (whole stems), raw",2.0,0.0,0.0
Zambia,2012,"Cloves (whole stems), raw",4.0,0.0,0.0
Zambia,2013,"Cloves (whole stems), raw",4.0,0.0,0.0
Zambia,2014,"Cloves (whole stems), raw",5.74,0.0,0.0
Zambia,2015,"Cloves (whole stems), raw",1.37,0.0,0.0
Zambia,2017,"Cloves (whole stems), raw",1.85,0.0,0.0
Zambia,2018,"Cloves (whole stems), raw",3.14,0.0,0.0
Zambia,2019,"Cloves (whole stems), raw",1.25,0.0,0.0
Zambia,2020,"Cloves (whole stems), raw",0.94,0.0,0.0
Zambia,2021,"Cloves (whole stems), raw",1.13,0.0,0.0
Zimbabwe,1993,"Cloves (whole stems), raw",1.0,0.0,0.0
Zimbabwe,1994,"Cloves (whole stems), raw",3.0,0.0,0.0
Zimbabwe,1995,"Cloves (whole stems), raw",5.0,0.0,0.0
Zimbabwe,1996,"Cloves (whole stems), raw",2.0,0.0,0.0
Zimbabwe,1997,"Cloves (whole stems), raw",6.0,0.0,0.0
Zimbabwe,1998,"Cloves (whole stems), raw",0.0,0.0,0.0
Zimbabwe,2000,"Cloves (whole stems), raw",8.89,0.05,0.0
Zimbabwe,2001,"Cloves (whole stems), raw",2.0,0.0,0.0
Zimbabwe,2002,"Cloves (whole stems), raw",12.0,0.0,0.0
Zimbabwe,2004,"Cloves (whole stems), raw",1.0,0.0,0.0
Zimbabwe,2005,"Cloves (whole stems), raw",0.0,0.0,0.0
Zimbabwe,2006,"Cloves (whole stems), raw",2.0,0.0,0.0
Zimbabwe,2007,"Cloves (whole stems), raw",0.0,0.0,0.0
Zimbabwe,2008,"Cloves (whole stems), raw",1.0,0.0,0.0
Zimbabwe,2009,"Cloves (whole stems), raw",4.0,0.0,0.0
Zimbabwe,2010,"Cloves (whole stems), raw",1.0,0.0,0.0
Zimbabwe,2011,"Cloves (whole stems), raw",3.0,0.0,0.0
Zimbabwe,2012,"Cloves (whole stems), raw",4.0,0.0,0.0
Zimbabwe,2013,"Cloves (whole stems), raw",3.0,0.0,0.0
Zimbabwe,2015,"Cloves (whole stems), raw",4.4,0.0,0.0
Zimbabwe,2016,"Cloves (whole stems), raw",0.68,0.0,0.0
Zimbabwe,2017,"Cloves (whole stems), raw",3.56,0.0,0.0
Zimbabwe,2018,"Cloves (whole stems), raw",2.79,0.0,0.0
Zimbabwe,2019,"Cloves (whole stems), raw",1.25,0.0,0.0
Zimbabwe,2020,"Cloves (whole stems), raw",2.74,0.0,0.0
Zimbabwe,2021,"Cloves (whole stems), raw",3.62,0.0,0.0
Zimbabwe,2022,"Cloves (whole stems), raw",6.62,0.0,0.0
Zimbabwe,2023,"Cloves (whole stems), raw",6.49,0.0,0.0
